timestamp,open,high,low,close,volume,datetime
1773291600000,69328.2,69507.5,69156.0,69432.7,2430.2976,2026-03-12 05:00:00
1773295200000,69432.7,69525.0,69325.0,69468.0,1557.7858,2026-03-12 06:00:00
1773298800000,69468.0,69812.8,69387.8,69783.8,3301.1253,2026-03-12 07:00:00
1773302400000,69783.7,70112.1,69663.0,69873.7,4964.7608,2026-03-12 08:00:00
1773306000000,69873.8,70368.5,69531.0,69919.3,5628.7292,2026-03-12 09:00:00
1773309600000,69919.3,70499.8,69822.0,70373.3,4759.7999,2026-03-12 10:00:00
1773313200000,70373.4,70779.2,70328.8,70381.6,4607.1323,2026-03-12 11:00:00
1773316800000,70381.6,70587.8,70222.0,70349.9,3629.4197,2026-03-12 12:00:00
1773320400000,70349.9,70498.4,69643.8,69940.2,8026.8889,2026-03-12 13:00:00
1773324000000,69940.3,70647.6,69304.7,69556.0,12955.9801,2026-03-12 14:00:00
1773327600000,69556.1,70529.3,69428.6,70291.0,9283.9078,2026-03-12 15:00:00
1773331200000,70291.1,70542.7,69864.3,70340.9,6844.9775,2026-03-12 16:00:00
1773334800000,70340.9,70511.4,70027.3,70179.2,3338.5099,2026-03-12 17:00:00
1773338400000,70179.1,70273.6,69763.3,69781.7,2852.6435,2026-03-12 18:00:00
1773342000000,69781.7,70519.4,69722.6,70393.8,3478.3743,2026-03-12 19:00:00
1773345600000,70393.8,70519.0,70067.7,70129.3,1411.7476,2026-03-12 20:00:00
1773349200000,70129.3,70440.0,70129.3,70246.8,1019.7308,2026-03-12 21:00:00
1773352800000,70246.7,70278.8,69975.1,70134.0,1355.0526,2026-03-12 22:00:00
1773356400000,70133.9,70711.7,70118.0,70479.6,3339.7811,2026-03-12 23:00:00
1773360000000,70479.5,71988.0,70345.2,71444.0,13415.259,2026-03-13 00:00:00
1773363600000,71443.9,71720.0,71232.7,71626.6,3786.613,2026-03-13 01:00:00
1773367200000,71626.7,71659.0,71017.9,71120.1,3653.758,2026-03-13 02:00:00
1773370800000,71120.1,71485.0,70926.7,71372.0,3334.8432,2026-03-13 03:00:00
1773374400000,71372.0,71465.0,71204.2,71353.2,1631.4206,2026-03-13 04:00:00
1773378000000,71353.2,71599.0,71212.6,71516.9,2569.2757,2026-03-13 05:00:00
1773381600000,71516.9,71558.1,71125.2,71311.9,2357.3959,2026-03-13 06:00:00
1773385200000,71312.0,71647.6,71200.0,71586.9,3439.4927,2026-03-13 07:00:00
1773388800000,71586.8,72183.0,71360.0,71795.4,8276.8761,2026-03-13 08:00:00
1773392400000,71795.3,72072.6,71528.2,71974.0,5193.7494,2026-03-13 09:00:00
1773396000000,71974.0,72555.9,71960.8,72420.9,8308.0984,2026-03-13 10:00:00
1773399600000,72421.0,72498.0,72169.0,72200.1,3336.9446,2026-03-13 11:00:00
1773403200000,72200.0,72870.0,72154.9,72741.9,6312.4271,2026-03-13 12:00:00
1773406800000,72741.9,73554.4,72633.7,73342.1,14000.291,2026-03-13 13:00:00
1773410400000,73342.0,73866.7,72327.6,72360.0,17607.1765,2026-03-13 14:00:00
1773414000000,72360.0,72798.0,71701.0,71800.0,13483.0225,2026-03-13 15:00:00
1773417600000,71800.1,72063.5,71124.8,71841.8,13941.6014,2026-03-13 16:00:00
1773421200000,71841.7,72216.8,70862.0,70996.7,9712.1488,2026-03-13 17:00:00
1773424800000,70996.6,71314.8,70777.2,71017.1,5229.1748,2026-03-13 18:00:00
1773428400000,71017.1,71273.0,70966.6,71140.9,2655.8225,2026-03-13 19:00:00
1773432000000,71141.0,71445.2,71100.0,71309.1,2100.8038,2026-03-13 20:00:00
1773435600000,71309.0,71460.5,71029.8,71060.6,1438.6303,2026-03-13 21:00:00
1773439200000,71060.6,71156.1,70517.2,70785.2,3884.9282,2026-03-13 22:00:00
1773442800000,70785.1,70970.0,70668.6,70897.0,1882.9586,2026-03-13 23:00:00
1773446400000,70897.0,70920.0,70517.2,70605.1,2471.0323,2026-03-14 00:00:00
1773450000000,70605.2,70874.2,70400.0,70795.6,2631.182,2026-03-14 01:00:00
1773453600000,70795.6,70868.5,70700.0,70754.8,1329.0569,2026-03-14 02:00:00
1773457200000,70754.7,71132.0,70754.7,71039.1,2540.9391,2026-03-14 03:00:00
1773460800000,71039.1,71275.2,70980.6,71003.5,2183.2325,2026-03-14 04:00:00
1773464400000,71003.5,71117.0,70881.8,70981.7,1532.9519,2026-03-14 05:00:00
1773468000000,70981.6,70981.7,70250.2,70591.6,5360.3088,2026-03-14 06:00:00
1773471600000,70591.7,70698.7,70427.6,70560.3,2161.2426,2026-03-14 07:00:00
1773475200000,70560.2,70694.1,70499.9,70548.5,1162.3224,2026-03-14 08:00:00
1773478800000,70548.4,70688.0,70354.5,70472.6,2259.8924,2026-03-14 09:00:00
1773482400000,70472.6,70542.3,70330.4,70525.1,1459.3078,2026-03-14 10:00:00
1773486000000,70525.0,70782.9,70519.1,70703.0,1770.7078,2026-03-14 11:00:00
1773489600000,70702.9,70812.1,70565.5,70728.5,1415.6438,2026-03-14 12:00:00
1773493200000,70728.5,70888.0,70672.0,70815.8,1762.7859,2026-03-14 13:00:00
1773496800000,70815.8,70915.6,70525.7,70565.4,2279.4912,2026-03-14 14:00:00
1773500400000,70565.4,70692.0,70450.1,70555.7,1566.8579,2026-03-14 15:00:00
1773504000000,70555.6,70673.0,70455.0,70633.4,1070.2545,2026-03-14 16:00:00
1773507600000,70633.4,70696.1,70550.0,70587.4,574.4177,2026-03-14 17:00:00
1773511200000,70587.5,70670.0,70516.7,70622.7,538.3393,2026-03-14 18:00:00
1773514800000,70622.6,70709.6,70555.6,70665.7,486.9836,2026-03-14 19:00:00
1773518400000,70665.8,70829.0,70605.1,70769.8,639.0731,2026-03-14 20:00:00
1773522000000,70769.7,70786.0,70623.4,70765.8,628.1165,2026-03-14 21:00:00
1773525600000,70765.8,70775.0,70656.1,70675.7,429.9218,2026-03-14 22:00:00
1773529200000,70675.7,71212.1,70675.7,71172.8,2627.3242,2026-03-14 23:00:00
1773532800000,71172.8,71176.9,70925.0,70944.9,1457.1183,2026-03-15 00:00:00
1773536400000,70944.9,71003.7,70810.5,70955.7,1014.2662,2026-03-15 01:00:00
1773540000000,70955.7,71598.7,70955.7,71410.1,4685.7431,2026-03-15 02:00:00
1773543600000,71410.1,71488.0,71189.4,71318.9,1993.2802,2026-03-15 03:00:00
1773547200000,71318.9,71644.5,71286.7,71543.9,2411.1656,2026-03-15 04:00:00
1773550800000,71544.0,71786.2,71435.1,71460.2,2364.379,2026-03-15 05:00:00
1773554400000,71460.3,71563.9,71350.2,71423.3,1484.8411,2026-03-15 06:00:00
1773558000000,71423.2,71633.6,71370.0,71416.0,1663.5408,2026-03-15 07:00:00
1773561600000,71416.1,71680.0,71416.1,71680.0,1490.3283,2026-03-15 08:00:00
1773565200000,71679.9,71900.0,71663.4,71750.0,3065.0486,2026-03-15 09:00:00
1773568800000,71750.1,71882.2,71672.2,71738.4,1035.3181,2026-03-15 10:00:00
1773572400000,71738.4,71878.9,71610.2,71802.8,1730.9853,2026-03-15 11:00:00
1773576000000,71802.8,71805.5,71518.0,71574.7,1519.6259,2026-03-15 12:00:00
1773579600000,71574.8,71646.1,71223.0,71568.4,4850.115,2026-03-15 13:00:00
1773583200000,71568.3,71599.7,71310.0,71596.2,2040.3932,2026-03-15 14:00:00
1773586800000,71596.2,71600.0,71380.0,71450.1,1156.8798,2026-03-15 15:00:00
1773590400000,71450.0,71556.1,71237.0,71400.0,1989.6564,2026-03-15 16:00:00
1773594000000,71400.0,71969.5,71372.1,71781.7,3311.0215,2026-03-15 17:00:00
1773597600000,71781.8,71855.3,71288.0,71350.1,1978.5709,2026-03-15 18:00:00
1773601200000,71350.1,71538.8,71296.0,71511.1,1460.9647,2026-03-15 19:00:00
1773604800000,71511.1,71914.2,71390.1,71690.3,1552.5265,2026-03-15 20:00:00
1773608400000,71690.4,72188.0,71595.1,72075.4,2697.5225,2026-03-15 21:00:00
1773612000000,72075.5,73099.9,71682.3,72709.9,7845.371,2026-03-15 22:00:00
1773615600000,72709.9,73179.6,72373.4,72774.1,6362.6331,2026-03-15 23:00:00
1773619200000,72774.1,72977.0,72415.0,72496.1,2604.4015,2026-03-16 00:00:00
1773622800000,72496.1,72825.0,72213.7,72723.0,2962.908,2026-03-16 01:00:00
1773626400000,72723.0,72829.5,72327.5,72480.1,2021.4627,2026-03-16 02:00:00
1773630000000,72480.1,74316.5,72392.4,73548.0,14811.7709,2026-03-16 03:00:00
1773633600000,73548.0,74449.7,73547.9,73807.9,8537.316,2026-03-16 04:00:00
1773637200000,73807.9,74229.9,73688.0,74166.1,4846.8859,2026-03-16 05:00:00
1773640800000,74166.1,74180.3,73543.4,73677.9,3436.8106,2026-03-16 06:00:00
1773644400000,73678.0,73896.2,73352.0,73428.8,3830.1154,2026-03-16 07:00:00
1773648000000,73428.8,73750.0,72828.8,73109.2,5809.6844,2026-03-16 08:00:00
1773651600000,73109.2,73316.9,73030.0,73232.6,2134.1102,2026-03-16 09:00:00
1773655200000,73232.7,73778.4,73164.6,73750.8,3911.3186,2026-03-16 10:00:00
1773658800000,73750.8,73805.9,73479.9,73518.3,2516.5711,2026-03-16 11:00:00
1773662400000,73518.2,74024.8,73420.0,73832.1,4729.7859,2026-03-16 12:00:00
1773666000000,73832.1,74499.9,73750.0,74077.8,8511.8655,2026-03-16 13:00:00
1773669600000,74077.9,74430.0,72950.2,73523.9,11522.9876,2026-03-16 14:00:00
1773673200000,73524.0,73996.0,73146.5,73240.9,6416.906,2026-03-16 15:00:00
1773676800000,73240.8,73900.0,73102.3,73726.8,4106.3812,2026-03-16 16:00:00
1773680400000,73726.8,74042.9,73610.3,73910.5,3414.3315,2026-03-16 17:00:00
1773684000000,73910.5,74332.0,73790.1,73879.9,5351.0426,2026-03-16 18:00:00
1773687600000,73880.0,74388.0,73726.2,73930.0,3455.9521,2026-03-16 19:00:00
1773691200000,73930.0,74222.1,73829.6,74196.8,1170.6365,2026-03-16 20:00:00
1773694800000,74196.9,74794.9,74100.1,74362.7,5562.8766,2026-03-16 21:00:00
1773698400000,74362.7,74880.0,74328.0,74720.3,3888.4134,2026-03-16 22:00:00
1773702000000,74720.4,74877.8,74206.6,74842.3,3666.4711,2026-03-16 23:00:00
1773705600000,74842.2,75500.0,74572.6,75287.5,9646.1679,2026-03-17 00:00:00
1773709200000,75287.5,75983.8,75027.3,75584.1,9395.6233,2026-03-17 01:00:00
1773712800000,75584.1,75649.9,75081.6,75170.0,3700.0335,2026-03-17 02:00:00
1773716400000,75169.9,75298.1,74227.5,74438.8,7909.3391,2026-03-17 03:00:00
1773720000000,74438.8,74650.0,73957.0,74214.9,5821.6258,2026-03-17 04:00:00
1773723600000,74214.8,74426.1,73750.0,74006.1,4183.2005,2026-03-17 05:00:00
1773727200000,74006.1,74252.7,73845.7,74045.3,3363.1404,2026-03-17 06:00:00
1773730800000,74045.3,74444.2,74030.1,74215.8,2291.6895,2026-03-17 07:00:00
1773734400000,74215.9,74420.6,74070.0,74154.5,2303.3759,2026-03-17 08:00:00
1773738000000,74154.6,74379.0,73800.3,73906.0,3269.1615,2026-03-17 09:00:00
1773741600000,73905.9,73933.0,73518.0,73707.8,4741.4937,2026-03-17 10:00:00
1773745200000,73707.8,74188.0,73652.9,73989.6,3249.1255,2026-03-17 11:00:00
1773748800000,73989.5,74142.0,73626.0,73708.8,2971.6738,2026-03-17 12:00:00
1773752400000,73708.8,74141.1,73249.4,73581.9,7757.1274,2026-03-17 13:00:00
1773756000000,73581.9,74383.3,73380.6,74344.4,6345.2365,2026-03-17 14:00:00
1773759600000,74344.5,74850.0,73627.6,73878.0,9487.4179,2026-03-17 15:00:00
1773763200000,73878.0,74319.6,73817.5,74119.9,3288.0992,2026-03-17 16:00:00
1773766800000,74120.0,74567.7,73968.3,74492.3,2785.9228,2026-03-17 17:00:00
1773770400000,74492.3,74739.0,74340.1,74645.6,2895.0582,2026-03-17 18:00:00
1773774000000,74645.6,74773.3,74388.1,74472.1,2058.4104,2026-03-17 19:00:00
1773777600000,74472.0,74660.3,74321.9,74480.0,1124.8946,2026-03-17 20:00:00
1773781200000,74480.0,74771.7,74424.4,74651.2,1217.6747,2026-03-17 21:00:00
1773784800000,74651.3,74733.1,73880.0,74272.0,2249.2933,2026-03-17 22:00:00
1773788400000,74272.0,74368.1,73831.3,73870.6,1909.4645,2026-03-17 23:00:00
1773792000000,73870.6,74029.7,73485.7,73820.0,3245.3564,2026-03-18 00:00:00
1773795600000,73820.0,74172.0,73764.4,74036.8,2536.2981,2026-03-18 01:00:00
1773799200000,74036.8,74443.8,74004.2,74299.9,1982.3074,2026-03-18 02:00:00
1773802800000,74299.9,74644.4,74205.6,74415.0,2436.1698,2026-03-18 03:00:00
1773806400000,74414.9,74459.0,74102.4,74144.3,1744.4058,2026-03-18 04:00:00
1773810000000,74144.2,74273.8,73800.1,73920.3,2333.3652,2026-03-18 05:00:00
1773813600000,73920.2,74192.6,73900.1,73915.3,2037.4138,2026-03-18 06:00:00
1773817200000,73915.3,73960.0,73650.0,73851.9,3200.7455,2026-03-18 07:00:00
1773820800000,73852.0,74090.0,73834.0,74008.9,2054.7176,2026-03-18 08:00:00
1773824400000,74008.9,74248.8,74000.0,74140.0,1676.2228,2026-03-18 09:00:00
1773828000000,74139.9,74223.6,73750.5,73900.1,2366.276,2026-03-18 10:00:00
1773831600000,73900.1,74047.3,72750.0,72913.4,12125.0772,2026-03-18 11:00:00
1773835200000,72913.5,72948.9,72222.0,72324.0,9780.5158,2026-03-18 12:00:00
1773838800000,72324.0,72525.5,71930.0,72097.2,8383.6107,2026-03-18 13:00:00
1773842400000,72097.2,72184.2,71032.4,71154.2,12069.3655,2026-03-18 14:00:00
1773846000000,71154.2,71500.3,70812.1,71436.4,10750.7236,2026-03-18 15:00:00
1773849600000,71436.4,71539.2,70984.5,71280.6,4877.5741,2026-03-18 16:00:00
1773853200000,71280.7,71712.6,71157.3,71553.0,4471.1276,2026-03-18 17:00:00
1773856800000,71553.1,71964.9,70895.8,71056.7,7856.8338,2026-03-18 18:00:00
1773860400000,71056.7,71453.7,70880.0,71022.4,3566.5448,2026-03-18 19:00:00
1773864000000,71022.4,71293.4,70452.8,71171.7,5790.2781,2026-03-18 20:00:00
1773867600000,71171.7,71390.0,71125.0,71226.7,1532.3816,2026-03-18 21:00:00
1773871200000,71226.7,71232.1,70910.0,71114.9,1771.5573,2026-03-18 22:00:00
1773874800000,71114.9,71330.0,71026.9,71211.6,1351.9754,2026-03-18 23:00:00
1773878400000,71211.6,71287.9,70943.6,70970.6,1658.3724,2026-03-19 00:00:00
1773882000000,70970.5,71151.9,70920.1,71081.4,1646.3102,2026-03-19 01:00:00
1773885600000,71081.4,71220.0,70862.5,71016.5,1664.2636,2026-03-19 02:00:00
1773889200000,71016.5,71582.9,71010.0,71180.0,3566.0718,2026-03-19 03:00:00
1773892800000,71180.0,71180.1,70628.0,70792.6,4270.144,2026-03-19 04:00:00
1773896400000,70792.6,70880.0,70630.0,70795.1,1526.8461,2026-03-19 05:00:00
1773900000000,70795.0,70933.0,70448.2,70548.2,2957.0604,2026-03-19 06:00:00
1773903600000,70548.2,70574.0,69438.0,70149.0,14075.5989,2026-03-19 07:00:00
1773907200000,70149.0,70260.0,69856.5,69952.2,3403.3253,2026-03-19 08:00:00
1773910800000,69952.2,70533.8,69936.4,70461.2,4530.5463,2026-03-19 09:00:00
1773914400000,70461.2,70508.3,70071.2,70091.5,2277.4058,2026-03-19 10:00:00
1773918000000,70091.5,70238.3,69868.9,69920.2,2890.2521,2026-03-19 11:00:00
1773921600000,69920.2,69920.3,69056.8,69266.9,8511.0178,2026-03-19 12:00:00
1773925200000,69266.9,70055.3,69036.1,69875.3,9160.1281,2026-03-19 13:00:00
1773928800000,69875.4,70130.9,69068.6,69453.4,8172.4386,2026-03-19 14:00:00
1773932400000,69453.4,69898.7,68755.0,69375.0,11813.576,2026-03-19 15:00:00
1773936000000,69375.0,69614.2,69131.7,69427.0,4785.2002,2026-03-19 16:00:00
1773939600000,69427.0,69927.7,69090.7,69817.9,4766.626,2026-03-19 17:00:00
1773943200000,69817.9,69897.6,69542.3,69783.0,2451.0271,2026-03-19 18:00:00
1773946800000,69782.9,70564.4,69760.1,70230.0,7459.3263,2026-03-19 19:00:00
1773950400000,70230.0,70638.0,70150.9,70444.0,1758.8633,2026-03-19 20:00:00
1773954000000,70444.0,70655.2,70324.8,70369.9,1971.0175,2026-03-19 21:00:00
1773957600000,70369.9,70466.0,69913.7,70149.7,1974.729,2026-03-19 22:00:00
1773961200000,70149.6,70254.6,69676.4,69884.8,2591.034,2026-03-19 23:00:00
1773964800000,69884.8,70277.0,69800.0,70164.9,2034.6691,2026-03-20 00:00:00
1773968400000,70164.9,70554.9,70142.0,70370.0,2264.0765,2026-03-20 01:00:00
1773972000000,70370.0,70483.2,70042.1,70379.0,2424.6256,2026-03-20 02:00:00
1773975600000,70379.1,70778.8,70347.8,70693.2,3918.7157,2026-03-20 03:00:00
1773979200000,70693.1,70930.0,70511.0,70738.1,3604.912,2026-03-20 04:00:00
1773982800000,70738.1,70833.3,70460.0,70560.0,1895.5823,2026-03-20 05:00:00
1773986400000,70560.1,70616.7,70314.8,70463.7,2452.7961,2026-03-20 06:00:00
1773990000000,70463.6,70906.8,70174.1,70821.9,5003.9562,2026-03-20 07:00:00
1773993600000,70821.9,71343.7,70757.7,71010.7,6653.5984,2026-03-20 08:00:00
1773997200000,71010.7,71022.0,70380.0,70554.0,6191.7989,2026-03-20 09:00:00
1774000800000,70553.9,70648.0,70181.6,70585.6,3885.595,2026-03-20 10:00:00
1774004400000,70585.5,70776.8,70270.1,70445.1,3428.7535,2026-03-20 11:00:00
1774008000000,70445.0,70652.0,70207.0,70310.1,3022.4377,2026-03-20 12:00:00
1774011600000,70310.0,70587.8,69759.7,69837.5,8759.2267,2026-03-20 13:00:00
1774015200000,69837.5,70240.0,69555.1,69708.0,11203.312,2026-03-20 14:00:00
1774018800000,69708.1,69976.9,69453.8,69840.1,5856.3639,2026-03-20 15:00:00
1774022400000,69840.0,70072.3,69580.0,69804.0,3728.0602,2026-03-20 16:00:00
1774026000000,69804.0,69998.0,69354.6,69965.2,4288.8804,2026-03-20 17:00:00
1774029600000,69965.2,70049.7,69478.2,69730.0,4263.3939,2026-03-20 18:00:00
1774033200000,69730.1,70154.5,69631.6,70146.9,3719.9739,2026-03-20 19:00:00
1774036800000,70146.9,70222.0,69720.0,70014.8,2361.5584,2026-03-20 20:00:00
1774040400000,70014.8,70733.0,69909.6,70506.8,3647.8823,2026-03-20 21:00:00
1774044000000,70506.9,70911.2,70479.6,70733.1,2623.4442,2026-03-20 22:00:00
1774047600000,70733.2,70741.0,70400.0,70476.2,1716.2405,2026-03-20 23:00:00
1774051200000,70476.2,70797.0,70434.8,70653.7,1588.6073,2026-03-21 00:00:00
1774054800000,70653.8,70735.0,70433.8,70439.4,1159.7631,2026-03-21 01:00:00
1774058400000,70439.5,70750.0,70407.1,70699.9,1526.9326,2026-03-21 02:00:00
1774062000000,70699.8,70750.0,70590.1,70637.2,931.315,2026-03-21 03:00:00
1774065600000,70637.1,70784.9,70580.0,70604.1,1226.0047,2026-03-21 04:00:00
1774069200000,70604.1,70794.8,70588.0,70666.4,1168.7225,2026-03-21 05:00:00
1774072800000,70666.3,70784.4,70657.7,70732.4,870.1321,2026-03-21 06:00:00
1774076400000,70732.4,70835.0,70636.8,70682.9,1499.7505,2026-03-21 07:00:00
1774080000000,70682.9,70723.7,70416.5,70557.9,2543.3338,2026-03-21 08:00:00
1774083600000,70557.9,70710.3,70514.9,70627.7,1092.5175,2026-03-21 09:00:00
1774087200000,70627.8,70692.4,70525.5,70575.6,660.9686,2026-03-21 10:00:00
1774090800000,70575.7,70620.0,70528.1,70618.1,579.4735,2026-03-21 11:00:00
1774094400000,70618.1,70764.5,70618.1,70671.2,1181.9387,2026-03-21 12:00:00
1774098000000,70671.2,70772.0,70650.9,70693.9,943.7377,2026-03-21 13:00:00
1774101600000,70694.0,71087.7,70550.1,70588.6,4352.6306,2026-03-21 14:00:00
1774105200000,70588.5,70732.1,70426.0,70588.2,1969.351,2026-03-21 15:00:00
1774108800000,70588.3,70623.0,70200.0,70275.8,3024.4913,2026-03-21 16:00:00
1774112400000,70275.7,70393.9,70164.5,70276.5,1369.8802,2026-03-21 17:00:00
1774116000000,70276.5,70498.5,70259.0,70364.8,901.292,2026-03-21 18:00:00
1774119600000,70364.8,70415.5,70288.5,70360.9,547.8569,2026-03-21 19:00:00
1774123200000,70360.8,70467.4,70325.7,70423.5,869.4265,2026-03-21 20:00:00
1774126800000,70423.5,70472.7,70231.0,70320.8,1129.4269,2026-03-21 21:00:00
1774130400000,70320.9,70378.0,70234.1,70252.7,866.8582,2026-03-21 22:00:00
1774134000000,70252.7,70276.7,68518.8,68889.3,11110.0254,2026-03-21 23:00:00
1774137600000,68889.3,69122.5,68188.0,68905.6,10661.0987,2026-03-22 00:00:00
1774141200000,68905.6,69055.0,68722.0,68925.4,3380.8746,2026-03-22 01:00:00
1774144800000,68925.3,69376.4,68903.8,69235.2,3282.6931,2026-03-22 02:00:00
1774148400000,69235.1,69576.8,69080.7,69304.6,3130.0224,2026-03-22 03:00:00
1774152000000,69304.5,69485.0,69171.6,69306.9,2282.5289,2026-03-22 04:00:00
1774155600000,69306.9,69321.2,69095.7,69115.6,1583.5168,2026-03-22 05:00:00
1774159200000,69115.5,69209.4,69030.1,69126.1,1608.3642,2026-03-22 06:00:00
1774162800000,69126.1,69217.1,68850.0,68883.5,1985.0922,2026-03-22 07:00:00
1774166400000,68883.4,68951.0,68466.7,68770.0,5876.2821,2026-03-22 08:00:00
1774170000000,68770.0,68870.0,68536.7,68780.0,2233.2576,2026-03-22 09:00:00
1774173600000,68780.0,68801.0,68548.0,68600.6,2474.1485,2026-03-22 10:00:00
1774177200000,68600.6,68651.9,68001.0,68182.0,4600.741,2026-03-22 11:00:00
1774180800000,68182.1,68741.0,68160.2,68615.7,3526.8263,2026-03-22 12:00:00
1774184400000,68615.8,68924.5,68501.0,68657.1,3875.9414,2026-03-22 13:00:00
1774188000000,68657.2,68874.2,68472.7,68675.6,2294.0146,2026-03-22 14:00:00
1774191600000,68675.6,68981.4,68666.0,68810.1,3101.8968,2026-03-22 15:00:00
1774195200000,68810.0,68850.0,68618.4,68762.3,1227.7213,2026-03-22 16:00:00
1774198800000,68762.2,68817.2,68632.7,68632.7,929.0393,2026-03-22 17:00:00
1774202400000,68632.7,68709.8,68289.5,68578.8,2066.4103,2026-03-22 18:00:00
1774206000000,68578.8,68589.6,68101.3,68166.7,2669.7088,2026-03-22 19:00:00
1774209600000,68166.7,68465.0,68019.1,68131.0,1592.1194,2026-03-22 20:00:00
1774213200000,68131.0,68186.0,67307.6,67862.2,8754.347,2026-03-22 21:00:00
1774216800000,67862.0,68362.6,67531.8,68299.3,4428.9198,2026-03-22 22:00:00
1774220400000,68299.4,68437.4,67803.0,67830.9,3001.9647,2026-03-22 23:00:00
1774224000000,67830.9,68139.3,67417.0,67640.6,5351.5478,2026-03-23 00:00:00
1774227600000,67640.5,68120.0,67500.1,67881.3,4052.2285,2026-03-23 01:00:00
1774231200000,67881.3,68360.0,67767.6,68275.9,3574.1369,2026-03-23 02:00:00
1774234800000,68275.9,68562.0,68022.9,68049.0,2785.7863,2026-03-23 03:00:00
1774238400000,68049.1,68513.1,68025.9,68504.9,2163.2915,2026-03-23 04:00:00
1774242000000,68505.0,68874.0,68504.9,68865.4,5482.0424,2026-03-23 05:00:00
1774245600000,68865.3,68867.5,67666.0,67850.0,6749.2346,2026-03-23 06:00:00
1774249200000,67850.0,68424.0,67469.7,68303.6,8398.2818,2026-03-23 07:00:00
1774252800000,68303.7,68679.0,68287.9,68400.0,4204.3102,2026-03-23 08:00:00
1774256400000,68400.1,68443.7,67876.3,68312.8,3705.9733,2026-03-23 09:00:00
1774260000000,68312.8,68696.8,68262.3,68510.2,3750.8939,2026-03-23 10:00:00
1774263600000,68510.3,71487.0,68502.9,70099.9,43145.3346,2026-03-23 11:00:00
1774267200000,70099.9,70850.6,69656.2,70711.3,11764.0082,2026-03-23 12:00:00
1774270800000,70711.4,71571.2,70556.8,71449.9,9616.9707,2026-03-23 13:00:00
1774274400000,71449.9,71777.0,71081.1,71410.7,8965.1567,2026-03-23 14:00:00
1774278000000,71410.8,71638.0,70069.9,70099.0,11244.546,2026-03-23 15:00:00
1774281600000,70098.9,70735.4,70095.0,70543.5,6651.6572,2026-03-23 16:00:00
1774285200000,70543.5,71090.8,70325.3,71053.0,3932.387,2026-03-23 17:00:00
1774288800000,71053.0,71169.7,70839.3,71041.1,3043.0385,2026-03-23 18:00:00
1774292400000,71041.1,71213.0,70603.5,70643.7,4263.1856,2026-03-23 19:00:00
1774296000000,70643.7,70953.5,70513.4,70878.4,1517.7291,2026-03-23 20:00:00
1774299600000,70878.5,70950.0,70778.5,70816.7,912.3981,2026-03-23 21:00:00
1774303200000,70816.8,70865.6,70475.0,70742.0,1344.8257,2026-03-23 22:00:00
1774306800000,70742.0,70974.5,70366.0,70862.0,2173.4064,2026-03-23 23:00:00
1774310400000,70862.0,71058.4,70383.1,70645.8,3180.6001,2026-03-24 00:00:00
1774314000000,70645.9,70847.6,70235.1,70483.9,3034.7712,2026-03-24 01:00:00
1774317600000,70483.9,70668.6,70325.0,70421.5,2450.9403,2026-03-24 02:00:00
1774321200000,70421.5,70559.9,70370.6,70519.8,1242.7029,2026-03-24 03:00:00
1774324800000,70519.8,70726.7,70226.4,70353.0,2430.4078,2026-03-24 04:00:00
1774328400000,70353.0,70356.9,70093.0,70254.6,2800.6179,2026-03-24 05:00:00
1774332000000,70254.6,70550.0,70224.0,70511.2,2188.5817,2026-03-24 06:00:00
1774335600000,70511.2,71375.0,70454.9,71260.7,7581.8615,2026-03-24 07:00:00
1774339200000,71260.7,71312.5,70827.6,70935.7,4377.965,2026-03-24 08:00:00
1774342800000,70935.7,71339.7,70814.0,71290.7,3218.6206,2026-03-24 09:00:00
1774346400000,71290.6,71300.0,71056.7,71243.2,2231.2817,2026-03-24 10:00:00
1774350000000,71243.2,71287.9,70920.0,71128.1,3356.6068,2026-03-24 11:00:00
1774353600000,71128.9,71157.3,70833.0,70930.7,2278.322,2026-03-24 12:00:00
1774357200000,70930.8,71035.0,69942.0,70075.0,10031.2175,2026-03-24 13:00:00
1774360800000,70074.9,70435.6,69460.0,69847.4,13173.9426,2026-03-24 14:00:00
1774364400000,69847.4,70222.0,69721.1,69832.1,7607.3294,2026-03-24 15:00:00
1774368000000,69832.0,69980.7,69230.9,69446.9,6103.585,2026-03-24 16:00:00
1774371600000,69446.9,69490.0,68868.1,69206.2,9267.5925,2026-03-24 17:00:00
1774375200000,69206.2,69720.1,69119.3,69388.4,4758.0953,2026-03-24 18:00:00
1774378800000,69388.4,69666.0,69232.3,69336.5,2271.2064,2026-03-24 19:00:00
1774382400000,69336.5,70263.0,69251.8,70063.9,5878.5921,2026-03-24 20:00:00
1774386000000,70063.9,70373.7,69864.1,70291.1,3388.7593,2026-03-24 21:00:00
1774389600000,70291.1,70553.0,70081.0,70272.0,3359.622,2026-03-24 22:00:00
1774393200000,70272.1,70804.9,70230.0,70523.8,3840.0731,2026-03-24 23:00:00
1774396800000,70523.9,71022.6,70417.6,70805.0,3755.2929,2026-03-25 00:00:00
1774400400000,70805.0,70950.0,70596.2,70648.9,2565.2152,2026-03-25 01:00:00
1774404000000,70649.2,70735.0,70450.0,70499.9,2225.4526,2026-03-25 02:00:00
1774407600000,70499.9,70791.9,70362.3,70688.7,2715.7786,2026-03-25 03:00:00
1774411200000,70688.8,70968.6,70673.2,70940.8,1864.1942,2026-03-25 04:00:00
1774414800000,70940.9,71315.0,70903.5,71083.0,4511.1591,2026-03-25 05:00:00
1774418400000,71083.0,71220.0,70941.5,70949.1,2473.6742,2026-03-25 06:00:00
1774422000000,70949.2,71234.0,70841.5,70891.2,3329.1306,2026-03-25 07:00:00
1774425600000,70891.2,71494.0,70752.2,71200.0,6017.3957,2026-03-25 08:00:00
1774429200000,71200.1,71369.2,71040.0,71293.8,3053.8654,2026-03-25 09:00:00
1774432800000,71293.7,71651.2,71233.9,71457.3,3858.6747,2026-03-25 10:00:00
1774436400000,71457.3,71989.0,71428.7,71643.6,7651.3579,2026-03-25 11:00:00
1774440000000,71643.6,71932.9,71056.3,71680.0,8052.7381,2026-03-25 12:00:00
1774443600000,71680.1,71968.0,71462.1,71539.3,4933.1798,2026-03-25 13:00:00
1774447200000,71539.3,71666.7,71191.9,71209.8,4529.3082,2026-03-25 14:00:00
1774450800000,71209.7,71283.7,70550.0,70799.0,9701.0098,2026-03-25 15:00:00
1774454400000,70799.0,71720.8,70681.9,71289.9,8505.6027,2026-03-25 16:00:00
1774458000000,71290.0,71358.0,70688.0,70749.4,3644.0744,2026-03-25 17:00:00
1774461600000,70749.4,71125.1,70650.0,70787.4,2954.5851,2026-03-25 18:00:00
1774465200000,70787.4,71068.1,70736.7,70855.7,1895.8665,2026-03-25 19:00:00
1774468800000,70855.8,71030.0,70606.0,70972.9,1868.5214,2026-03-25 20:00:00
1774472400000,70973.0,71158.5,70913.1,70999.9,1093.3769,2026-03-25 21:00:00
1774476000000,70999.9,71647.1,70913.6,71342.6,3882.6893,2026-03-25 22:00:00
1774479600000,71342.7,71427.3,71156.0,71307.0,1748.1106,2026-03-25 23:00:00
1774483200000,71307.0,71416.7,71102.0,71270.9,1947.8979,2026-03-26 00:00:00
1774486800000,71270.9,71359.8,71128.0,71220.0,1609.5501,2026-03-26 01:00:00
1774490400000,71220.0,71265.4,70650.0,70865.5,4024.1909,2026-03-26 02:00:00
1774494000000,70865.4,70951.8,70655.0,70879.6,2639.3007,2026-03-26 03:00:00
1774497600000,70880.0,70884.6,70686.0,70743.0,1148.5778,2026-03-26 04:00:00
1774501200000,70743.0,70773.8,69917.3,69994.7,6603.9624,2026-03-26 05:00:00
1774504800000,69994.7,70133.0,69833.7,70063.5,4223.5152,2026-03-26 06:00:00
1774508400000,70063.6,70153.5,69751.0,70061.6,3200.5136,2026-03-26 07:00:00
1774512000000,70061.5,70100.0,69764.4,69992.1,3031.9437,2026-03-26 08:00:00
1774515600000,69992.1,70120.1,69366.1,69550.1,6901.5394,2026-03-26 09:00:00
1774519200000,69550.1,69694.3,69408.5,69485.7,2998.5381,2026-03-26 10:00:00
1774522800000,69485.7,69627.0,69156.0,69238.1,4045.5394,2026-03-26 11:00:00
1774526400000,69238.1,69432.9,69181.4,69400.1,2341.2529,2026-03-26 12:00:00
1774530000000,69400.1,69843.3,69172.9,69614.1,6928.3584,2026-03-26 13:00:00
1774533600000,69614.1,69800.0,69219.9,69451.8,4478.8599,2026-03-26 14:00:00
1774537200000,69451.9,69473.2,68495.1,69052.1,10958.4453,2026-03-26 15:00:00
1774540800000,69052.0,69052.0,68791.2,68906.2,3052.4528,2026-03-26 16:00:00
1774544400000,68906.1,69142.0,68300.0,68460.7,5633.7933,2026-03-26 17:00:00
1774548000000,68460.8,68575.0,68115.8,68466.3,5742.9491,2026-03-26 18:00:00
1774551600000,68466.4,68650.4,68323.1,68507.0,1910.2025,2026-03-26 19:00:00
1774555200000,68507.0,69456.0,68400.0,68972.6,7140.6215,2026-03-26 20:00:00
1774558800000,68972.6,69170.4,68840.7,68888.3,1342.58,2026-03-26 21:00:00
1774562400000,68888.3,68999.9,68574.6,68863.8,1830.4346,2026-03-26 22:00:00
1774566000000,68863.7,68981.3,68610.5,68799.5,1963.9504,2026-03-26 23:00:00
1774569600000,68799.5,68944.0,68501.3,68754.8,2167.3526,2026-03-27 00:00:00
1774573200000,68754.7,69041.6,68674.0,69029.5,1510.609,2026-03-27 01:00:00
1774576800000,69029.5,69164.0,68832.1,68872.3,1727.0891,2026-03-27 02:00:00
1774580400000,68872.4,68886.2,68641.5,68732.8,1750.0999,2026-03-27 03:00:00
1774584000000,68732.8,68774.2,68258.0,68543.0,4250.7842,2026-03-27 04:00:00
1774587600000,68543.0,68842.4,68474.4,68592.3,2428.4171,2026-03-27 05:00:00
1774591200000,68592.3,68836.5,68536.0,68630.6,1374.9108,2026-03-27 06:00:00
1774594800000,68630.7,68930.0,68415.0,68506.6,4934.2615,2026-03-27 07:00:00
1774598400000,68506.7,68605.2,67576.3,67874.0,10580.1284,2026-03-27 08:00:00
1774602000000,67874.1,67912.1,67513.0,67653.6,5091.0559,2026-03-27 09:00:00
1774605600000,67653.6,67743.2,66214.0,66452.1,17487.0106,2026-03-27 10:00:00
1774609200000,66452.2,66814.9,66170.5,66659.9,6105.3302,2026-03-27 11:00:00
1774612800000,66659.9,66742.6,66382.9,66573.3,3257.6566,2026-03-27 12:00:00
1774616400000,66573.2,66688.2,65943.8,66144.9,9495.8441,2026-03-27 13:00:00
1774620000000,66144.8,66370.0,65682.4,66157.7,10451.4041,2026-03-27 14:00:00
1774623600000,66157.7,66614.4,65931.9,66091.4,7816.8863,2026-03-27 15:00:00
1774627200000,66091.5,66160.0,65777.0,65946.9,5542.1682,2026-03-27 16:00:00
1774630800000,65946.9,66267.8,65531.1,65605.3,5339.6877,2026-03-27 17:00:00
1774634400000,65605.3,65921.2,65511.6,65806.1,3179.4408,2026-03-27 18:00:00
1774638000000,65806.0,66125.0,65659.1,66000.8,2900.718,2026-03-27 19:00:00
1774641600000,66000.9,66122.6,65775.1,65987.5,1731.1151,2026-03-27 20:00:00
1774645200000,65987.5,66162.1,65976.6,66049.9,1202.1314,2026-03-27 21:00:00
1774648800000,66050.0,66060.0,65880.0,65990.0,1013.9874,2026-03-27 22:00:00
1774652400000,65990.1,66404.1,65934.9,66363.1,1847.1113,2026-03-27 23:00:00
1774656000000,66363.0,66487.8,66255.9,66395.3,1831.4679,2026-03-28 00:00:00
1774659600000,66395.2,66398.0,66023.2,66145.1,1965.3256,2026-03-28 01:00:00
1774663200000,66145.1,66220.4,65901.0,66022.3,1668.1861,2026-03-28 02:00:00
1774666800000,66022.4,66212.1,66022.3,66198.2,1205.4682,2026-03-28 03:00:00
1774670400000,66198.2,66272.0,66066.6,66249.9,1297.098,2026-03-28 04:00:00
1774674000000,66249.9,66377.9,66170.0,66314.5,1481.0517,2026-03-28 05:00:00
1774677600000,66314.6,66467.9,66273.5,66353.0,2064.352,2026-03-28 06:00:00
1774681200000,66353.0,66542.0,66346.4,66534.8,1716.0788,2026-03-28 07:00:00
1774684800000,66534.8,66541.9,66355.1,66376.9,1632.0612,2026-03-28 08:00:00
1774688400000,66377.0,66377.0,66209.8,66274.7,1357.3767,2026-03-28 09:00:00
1774692000000,66274.7,66384.7,66090.0,66190.0,1578.9105,2026-03-28 10:00:00
1774695600000,66189.9,66322.6,66164.1,66290.1,1047.9466,2026-03-28 11:00:00
1774699200000,66290.0,66496.0,66195.1,66414.9,2120.6159,2026-03-28 12:00:00
1774702800000,66415.0,67147.3,66361.5,66808.5,7136.2918,2026-03-28 13:00:00
1774706400000,66808.4,66938.8,66633.1,66711.6,2662.8772,2026-03-28 14:00:00
1774710000000,66711.6,67294.4,66681.0,66984.0,5299.8804,2026-03-28 15:00:00
1774713600000,66984.0,67079.5,66818.7,66890.8,1764.6853,2026-03-28 16:00:00
1774717200000,66890.8,66960.0,66666.7,66811.8,2159.3709,2026-03-28 17:00:00
1774720800000,66811.8,66920.0,66794.6,66880.0,753.8557,2026-03-28 18:00:00
1774724400000,66880.0,66920.0,66766.7,66879.9,525.1405,2026-03-28 19:00:00
1774728000000,66879.9,66977.5,66877.9,66884.8,886.1696,2026-03-28 20:00:00
1774731600000,66884.9,66893.3,66558.1,66643.7,1087.4607,2026-03-28 21:00:00
1774735200000,66643.8,66758.1,66562.0,66720.0,1431.2192,2026-03-28 22:00:00
1774738800000,66719.9,66719.9,66223.0,66340.0,3236.4014,2026-03-28 23:00:00
1774742400000,66340.1,66471.9,66249.0,66452.4,1353.0579,2026-03-29 00:00:00
1774746000000,66452.3,66593.0,66341.0,66539.0,1978.5056,2026-03-29 01:00:00
1774749600000,66539.0,66825.7,66501.9,66781.0,1770.7836,2026-03-29 02:00:00
1774753200000,66781.0,67114.2,66722.2,66872.0,2374.5265,2026-03-29 03:00:00
1774756800000,66872.0,66907.5,66673.0,66699.4,1293.7908,2026-03-29 04:00:00
1774760400000,66699.4,66796.4,66560.1,66733.0,1835.3532,2026-03-29 05:00:00
1774764000000,66733.1,66844.9,66588.0,66692.0,1537.0793,2026-03-29 06:00:00
1774767600000,66691.9,66719.4,66504.8,66631.1,1546.0209,2026-03-29 07:00:00
1774771200000,66631.1,66761.7,66552.7,66681.8,1508.7242,2026-03-29 08:00:00
1774774800000,66681.7,66736.4,66510.1,66595.1,1521.9343,2026-03-29 09:00:00
1774778400000,66595.1,66595.1,66370.3,66473.1,1775.4012,2026-03-29 10:00:00
1774782000000,66473.2,66956.0,66473.1,66777.0,3386.6386,2026-03-29 11:00:00
1774785600000,66777.1,66845.1,66666.0,66810.0,1609.3651,2026-03-29 12:00:00
1774789200000,66810.1,66848.6,66485.1,66544.0,2665.0143,2026-03-29 13:00:00
1774792800000,66544.0,66766.0,66420.0,66564.2,2479.1447,2026-03-29 14:00:00
1774796400000,66564.3,66697.9,66277.2,66500.2,3492.6237,2026-03-29 15:00:00
1774800000000,66500.2,66633.9,66400.1,66471.7,1566.2522,2026-03-29 16:00:00
1774803600000,66471.6,66519.2,66123.0,66353.3,2410.1261,2026-03-29 17:00:00
1774807200000,66353.3,66515.8,66290.0,66397.1,832.1701,2026-03-29 18:00:00
1774810800000,66397.0,66451.5,66285.0,66319.6,727.573,2026-03-29 19:00:00
1774814400000,66319.6,66768.7,66319.6,66580.1,1826.7231,2026-03-29 20:00:00
1774818000000,66580.0,66723.3,66473.7,66667.7,1039.6781,2026-03-29 21:00:00
1774821600000,66668.3,66679.0,64930.8,65817.9,12059.2357,2026-03-29 22:00:00
1774825200000,65818.0,66348.4,65817.9,65980.4,4703.4982,2026-03-29 23:00:00
1774828800000,65980.5,67036.9,65762.0,66248.1,8302.5224,2026-03-30 00:00:00
1774832400000,66248.1,66800.0,66248.0,66614.8,3992.3742,2026-03-30 01:00:00
1774836000000,66614.8,67496.2,66529.7,67086.0,6961.5844,2026-03-30 02:00:00
1774839600000,67086.1,67299.9,66936.8,67146.5,2882.7363,2026-03-30 03:00:00
1774843200000,67146.4,67643.3,67131.6,67593.9,4541.5266,2026-03-30 04:00:00
1774846800000,67593.9,67788.0,67393.1,67459.9,5199.0441,2026-03-30 05:00:00
1774850400000,67460.0,67550.0,67222.1,67271.0,3195.2136,2026-03-30 06:00:00
1774854000000,67271.0,67599.4,67188.0,67598.6,2558.2013,2026-03-30 07:00:00
1774857600000,67598.6,67928.9,67574.1,67635.9,5486.214,2026-03-30 08:00:00
1774861200000,67636.0,67666.6,67404.9,67465.0,3413.6041,2026-03-30 09:00:00
1774864800000,67465.1,67495.7,67331.0,67464.1,1654.9384,2026-03-30 10:00:00
1774868400000,67464.2,67985.0,67455.5,67642.0,5119.7747,2026-03-30 11:00:00
1774872000000,67642.0,67962.5,67625.9,67860.2,5141.1124,2026-03-30 12:00:00
1774875600000,67860.2,68198.9,67405.0,67495.0,9363.7611,2026-03-30 13:00:00
1774879200000,67495.1,67848.8,67054.2,67770.1,8313.88,2026-03-30 14:00:00
1774882800000,67770.2,67888.8,67375.3,67601.2,6270.9705,2026-03-30 15:00:00
1774886400000,67601.2,67621.8,67180.6,67338.0,3575.1405,2026-03-30 16:00:00
1774890000000,67338.0,67439.8,66600.1,66811.6,6814.2537,2026-03-30 17:00:00
1774893600000,66811.5,66900.8,66462.1,66629.6,5316.5885,2026-03-30 18:00:00
1774897200000,66629.5,66653.5,66210.8,66521.5,3885.254,2026-03-30 19:00:00
1774900800000,66521.5,66666.8,66498.0,66617.8,1602.6007,2026-03-30 20:00:00
1774904400000,66617.7,66963.3,66559.5,66771.4,2982.5089,2026-03-30 21:00:00
1774908000000,66771.3,66966.9,66635.3,66744.0,1312.2091,2026-03-30 22:00:00
1774911600000,66744.0,66765.4,66377.4,66765.2,3498.0317,2026-03-30 23:00:00
1774915200000,66765.1,67276.0,66510.0,67178.1,4154.2102,2026-03-31 00:00:00
1774918800000,67178.1,68388.9,67020.0,67915.3,11018.9574,2026-03-31 01:00:00
1774922400000,67915.3,68084.0,67751.4,67928.7,3209.8943,2026-03-31 02:00:00
1774926000000,67928.6,67996.1,67612.0,67683.8,2408.5405,2026-03-31 03:00:00
1774929600000,67683.8,67870.2,67454.5,67520.9,3287.0546,2026-03-31 04:00:00
1774933200000,67520.8,67768.9,67370.4,67658.7,2744.9975,2026-03-31 05:00:00
1774936800000,67658.7,67690.9,67311.0,67475.3,2179.5681,2026-03-31 06:00:00
1774940400000,67475.3,67508.7,67064.1,67346.9,3648.1287,2026-03-31 07:00:00
1774944000000,67346.8,67489.3,66650.0,66739.3,7337.9005,2026-03-31 08:00:00
1774947600000,66739.4,66890.0,65946.0,66090.0,9003.854,2026-03-31 09:00:00
1774951200000,66090.0,66438.0,66062.2,66319.8,4764.142,2026-03-31 10:00:00
1774954800000,66319.8,66887.0,66181.1,66653.5,7015.6015,2026-03-31 11:00:00
1774958400000,66653.5,66927.9,66488.1,66624.3,4224.0161,2026-03-31 12:00:00
1774962000000,66624.2,67398.6,66620.0,67267.6,7497.8761,2026-03-31 13:00:00
1774965600000,67267.6,67770.3,66389.0,66552.7,13585.637,2026-03-31 14:00:00
1774969200000,66552.8,67263.1,66552.8,66705.0,7842.4816,2026-03-31 15:00:00
1774972800000,66705.0,67993.3,66696.2,67643.1,8149.3837,2026-03-31 16:00:00
1774976400000,67643.0,68575.1,67373.3,67500.6,13050.5984,2026-03-31 17:00:00
1774980000000,67500.6,67928.2,67500.0,67812.7,3257.1613,2026-03-31 18:00:00
1774983600000,67812.8,67998.0,67662.7,67809.4,2087.3435,2026-03-31 19:00:00
1774987200000,67808.4,68236.0,67794.4,68228.9,2489.3599,2026-03-31 20:00:00
1774990800000,68229.0,68382.7,67841.4,68241.5,2141.2464,2026-03-31 21:00:00
1774994400000,68241.5,68316.2,67930.0,68148.9,1626.0523,2026-03-31 22:00:00
1774998000000,68149.0,68342.4,68057.9,68241.2,1782.8311,2026-03-31 23:00:00
1775001600000,68241.1,68318.5,67815.0,68299.9,2982.215,2026-04-01 00:00:00
1775005200000,68300.0,68333.3,67714.0,67755.4,2797.0326,2026-04-01 01:00:00
1775008800000,67755.4,67876.5,67550.1,67636.3,2563.9502,2026-04-01 02:00:00
1775012400000,67636.3,68220.0,67636.3,68130.4,2875.8976,2026-04-01 03:00:00
1775016000000,68130.3,68456.3,67967.6,68272.2,3370.3389,2026-04-01 04:00:00
1775019600000,68272.2,68739.5,68108.2,68424.8,4939.3797,2026-04-01 05:00:00
1775023200000,68424.7,69222.0,68424.7,69069.3,7987.6746,2026-04-01 06:00:00
1775026800000,69069.4,69315.8,68633.0,68655.2,6923.5633,2026-04-01 07:00:00
1775030400000,68655.2,68834.8,68419.0,68631.0,4804.9416,2026-04-01 08:00:00
1775034000000,68630.9,68700.0,68350.1,68619.8,3487.2557,2026-04-01 09:00:00
1775037600000,68619.9,68636.5,68377.9,68555.4,2151.5647,2026-04-01 10:00:00
1775041200000,68555.4,68721.0,68479.9,68687.9,2207.5258,2026-04-01 11:00:00
1775044800000,68688.0,68766.0,68222.2,68367.0,5890.2798,2026-04-01 12:00:00
1775048400000,68366.9,68654.2,67892.5,68091.6,7406.0942,2026-04-01 13:00:00
1775052000000,68091.6,68650.0,68019.6,68562.7,4262.3878,2026-04-01 14:00:00
1775055600000,68562.7,68932.9,68383.0,68887.6,4308.6497,2026-04-01 15:00:00
1775059200000,68887.6,68969.9,68574.2,68784.2,3790.9728,2026-04-01 16:00:00
1775062800000,68784.2,69170.3,68210.1,68234.3,5757.467,2026-04-01 17:00:00
1775066400000,68234.3,68290.6,67907.3,68054.2,4451.9351,2026-04-01 18:00:00
1775070000000,68054.1,68260.0,67993.8,68142.7,2467.8949,2026-04-01 19:00:00
1775073600000,68142.7,68217.3,67926.2,68159.9,1449.2827,2026-04-01 20:00:00
1775077200000,68159.9,68521.8,68139.8,68330.4,1912.4226,2026-04-01 21:00:00
1775080800000,68330.3,68330.3,68030.0,68085.9,1443.5729,2026-04-01 22:00:00
1775084400000,68085.9,68220.0,67955.0,68079.1,1542.1557,2026-04-01 23:00:00
1775088000000,68079.0,68626.6,68013.2,68563.3,2673.7587,2026-04-02 00:00:00
1775091600000,68563.2,68563.3,67012.0,67326.7,15204.6283,2026-04-02 01:00:00
1775095200000,67326.7,67331.2,66588.0,66828.3,6188.3679,2026-04-02 02:00:00
1775098800000,66828.2,66943.8,66450.8,66541.5,4599.4643,2026-04-02 03:00:00
1775102400000,66541.5,66613.6,66175.8,66295.8,5265.0977,2026-04-02 04:00:00
1775106000000,66295.7,66613.0,66266.0,66558.0,4078.7641,2026-04-02 05:00:00
1775109600000,66558.0,66791.1,66508.0,66650.0,3065.9846,2026-04-02 06:00:00
1775113200000,66650.0,66898.9,66519.8,66885.0,3043.0524,2026-04-02 07:00:00
1775116800000,66885.0,66885.0,66360.0,66414.8,3123.7816,2026-04-02 08:00:00
1775120400000,66414.8,66500.0,66250.1,66431.6,2371.0428,2026-04-02 09:00:00
1775124000000,66431.6,66480.1,66177.5,66428.9,2206.7156,2026-04-02 10:00:00
1775127600000,66429.0,66455.0,66107.3,66179.5,3390.712,2026-04-02 11:00:00
1775131200000,66179.5,66216.7,65914.2,66016.6,4971.3979,2026-04-02 12:00:00
1775134800000,66016.5,66236.5,65653.0,66228.3,7575.842,2026-04-02 13:00:00
1775138400000,66228.3,67077.0,66121.0,66827.0,12397.7379,2026-04-02 14:00:00
1775142000000,66827.0,66960.0,66595.1,66818.1,4734.8479,2026-04-02 15:00:00
1775145600000,66818.0,67273.7,66723.4,67058.2,5058.1527,2026-04-02 16:00:00
1775149200000,67058.1,67400.0,66627.0,66653.4,6317.4758,2026-04-02 17:00:00
1775152800000,66653.5,67040.5,66555.2,66949.9,3069.4444,2026-04-02 18:00:00
1775156400000,66950.0,67077.9,66843.1,66949.9,1750.033,2026-04-02 19:00:00
1775160000000,66950.0,67070.7,66766.0,66913.8,1221.2587,2026-04-02 20:00:00
1775163600000,66913.8,66990.7,66682.7,66907.9,949.8597,2026-04-02 21:00:00
1775167200000,66907.9,67013.8,66790.1,66951.8,925.5901,2026-04-02 22:00:00
1775170800000,66951.7,67070.0,66814.5,66864.5,1259.3085,2026-04-02 23:00:00
1775174400000,66864.6,66974.0,66675.0,66755.0,1244.7822,2026-04-03 00:00:00
1775178000000,66755.0,66872.0,66458.0,66591.5,2460.3039,2026-04-03 01:00:00
1775181600000,66591.4,66719.9,66250.0,66501.2,3401.3692,2026-04-03 02:00:00
1775185200000,66501.2,66688.0,66457.9,66553.3,1819.7627,2026-04-03 03:00:00
1775188800000,66553.1,66661.8,66470.8,66578.6,1258.6002,2026-04-03 04:00:00
1775192400000,66578.7,66783.3,66380.0,66583.1,2095.0442,2026-04-03 05:00:00
1775196000000,66583.1,66775.0,66529.4,66769.0,1315.0417,2026-04-03 06:00:00
1775199600000,66769.0,67239.2,66726.2,67015.2,3768.0292,2026-04-03 07:00:00
1775203200000,67015.2,67279.3,66875.0,66941.4,3082.2573,2026-04-03 08:00:00
1775206800000,66941.3,66986.0,66720.0,66841.0,2010.5966,2026-04-03 09:00:00
1775210400000,66841.0,66869.0,66650.2,66848.2,1478.4279,2026-04-03 10:00:00
1775214000000,66848.2,67038.4,66789.4,66987.2,1772.5537,2026-04-03 11:00:00
1775217600000,66987.2,67350.0,66607.0,66697.4,5735.1624,2026-04-03 12:00:00
1775221200000,66697.4,66711.0,66478.5,66646.5,3241.5996,2026-04-03 13:00:00
1775224800000,66646.5,66960.0,66595.3,66901.0,2625.4352,2026-04-03 14:00:00
1775228400000,66900.9,66999.0,66783.8,66808.0,1784.1484,2026-04-03 15:00:00
1775232000000,66808.1,67036.0,66792.9,66974.0,1291.5591,2026-04-03 16:00:00
1775235600000,66974.0,67035.0,66721.5,66808.6,1553.5309,2026-04-03 17:00:00
1775239200000,66808.5,66895.8,66745.0,66777.4,795.1668,2026-04-03 18:00:00
1775242800000,66777.4,66879.3,66737.0,66854.0,634.335,2026-04-03 19:00:00
1775246400000,66854.1,66888.9,66791.1,66791.1,390.0497,2026-04-03 20:00:00
1775250000000,66791.1,66954.7,66784.3,66928.6,564.8631,2026-04-03 21:00:00
1775253600000,66928.5,66948.4,66808.9,66855.1,516.9388,2026-04-03 22:00:00
1775257200000,66855.1,66929.0,66799.1,66929.0,576.3266,2026-04-03 23:00:00
1775260800000,66928.9,66937.4,66839.0,66868.1,518.7902,2026-04-04 00:00:00
1775264400000,66868.2,66894.4,66800.0,66824.6,751.1136,2026-04-04 01:00:00
1775268000000,66824.6,66889.5,66780.0,66816.0,483.9814,2026-04-04 02:00:00
1775271600000,66816.1,66870.0,66800.0,66800.3,447.8529,2026-04-04 03:00:00
1775275200000,66800.3,66838.0,66734.5,66828.2,591.6663,2026-04-04 04:00:00
1775278800000,66828.3,66900.0,66808.2,66875.3,765.5072,2026-04-04 05:00:00
1775282400000,66875.3,67013.4,66870.2,66973.6,1039.3111,2026-04-04 06:00:00
1775286000000,66973.6,67011.6,66896.6,66980.0,1105.1134,2026-04-04 07:00:00
1775289600000,66980.0,67048.9,66873.9,66908.5,1358.6329,2026-04-04 08:00:00
1775293200000,66908.6,66959.1,66882.6,66949.9,860.4469,2026-04-04 09:00:00
1775296800000,66950.0,67142.9,66875.9,67132.6,1625.7477,2026-04-04 10:00:00
1775300400000,67132.6,67199.8,67052.1,67129.9,1767.1469,2026-04-04 11:00:00
1775304000000,67129.9,67163.3,67025.7,67064.5,981.6345,2026-04-04 12:00:00
1775307600000,67064.5,67250.0,67050.0,67160.4,1564.1518,2026-04-04 13:00:00
1775311200000,67160.3,67191.7,66980.0,67172.6,1920.2552,2026-04-04 14:00:00
1775314800000,67172.6,67550.0,67140.3,67346.0,4817.3783,2026-04-04 15:00:00
1775318400000,67346.0,67484.2,67285.2,67331.7,2145.6668,2026-04-04 16:00:00
1775322000000,67331.7,67386.9,67258.0,67305.5,1586.9709,2026-04-04 17:00:00
1775325600000,67305.5,67350.0,67215.0,67260.4,970.5771,2026-04-04 18:00:00
1775329200000,67260.3,67517.4,67241.5,67262.3,1592.4992,2026-04-04 19:00:00
1775332800000,67262.2,67279.2,67150.5,67240.0,865.1554,2026-04-04 20:00:00
1775336400000,67239.9,67449.5,67180.0,67316.3,644.6738,2026-04-04 21:00:00
1775340000000,67316.4,67429.4,67303.0,67362.1,713.6285,2026-04-04 22:00:00
1775343600000,67362.0,67364.4,67222.6,67267.4,924.2732,2026-04-04 23:00:00
1775347200000,67267.3,67288.1,67122.7,67178.2,1026.1389,2026-04-05 00:00:00
1775350800000,67178.2,67198.1,67042.3,67056.3,1077.3479,2026-04-05 01:00:00
1775354400000,67056.2,67143.8,66880.2,67136.3,2002.8323,2026-04-05 02:00:00
1775358000000,67136.3,67157.9,67051.0,67115.1,711.4593,2026-04-05 03:00:00
1775361600000,67115.2,67157.6,67044.5,67070.1,846.0539,2026-04-05 04:00:00
1775365200000,67070.1,67125.9,66850.3,66904.3,1413.6602,2026-04-05 05:00:00
1775368800000,66904.3,66920.9,66572.3,66767.1,4274.4341,2026-04-05 06:00:00
1775372400000,66767.1,66888.8,66679.5,66785.2,1540.0235,2026-04-05 07:00:00
1775376000000,66785.1,66900.0,66779.0,66894.6,1246.6547,2026-04-05 08:00:00
1775379600000,66894.7,67049.9,66861.2,66996.8,1469.5061,2026-04-05 09:00:00
1775383200000,66996.8,67116.7,66923.6,67007.2,1408.7152,2026-04-05 10:00:00
1775386800000,67007.3,67050.9,66938.2,66971.8,742.9573,2026-04-05 11:00:00
1775390400000,66971.8,66971.9,66650.1,66756.2,2685.835,2026-04-05 12:00:00
1775394000000,66756.2,66891.0,66666.7,66861.5,1760.2599,2026-04-05 13:00:00
1775397600000,66861.4,66937.1,66766.6,66893.1,1444.6687,2026-04-05 14:00:00
1775401200000,66893.2,67846.1,66800.1,67281.0,9718.7273,2026-04-05 15:00:00
1775404800000,67281.0,67386.0,67146.9,67187.3,2176.3012,2026-04-05 16:00:00
1775408400000,67187.3,67382.5,67160.0,67349.7,1256.6809,2026-04-05 17:00:00
1775412000000,67349.8,67433.8,67246.4,67387.5,1057.5245,2026-04-05 18:00:00
1775415600000,67387.6,67537.5,67254.7,67335.0,1098.5477,2026-04-05 19:00:00
1775419200000,67334.9,67685.9,67309.8,67630.3,1338.3629,2026-04-05 20:00:00
1775422800000,67630.3,67650.3,67381.0,67519.7,1381.1972,2026-04-05 21:00:00
1775426400000,67519.7,68347.0,67300.0,68320.8,8196.136,2026-04-05 22:00:00
1775430000000,68320.7,69118.0,68234.4,69008.0,9740.4961,2026-04-05 23:00:00
1775433600000,69008.0,69587.9,69005.5,69061.7,9751.8086,2026-04-06 00:00:00
1775437200000,69061.7,69118.1,68767.7,68791.6,4261.6251,2026-04-06 01:00:00
1775440800000,68791.6,69380.0,68748.0,69180.1,5002.2523,2026-04-06 02:00:00
1775444400000,69180.1,69233.5,69031.2,69099.9,1905.1347,2026-04-06 03:00:00
1775448000000,69100.0,69191.5,68948.3,69109.4,1833.5721,2026-04-06 04:00:00
1775451600000,69109.4,69213.0,69058.0,69169.3,1168.3634,2026-04-06 05:00:00
1775455200000,69169.3,69327.7,68736.9,68948.0,5669.3545,2026-04-06 06:00:00
1775458800000,68948.1,69179.5,68782.8,69074.8,2236.886,2026-04-06 07:00:00
1775462400000,69074.8,69318.0,69040.6,69180.0,2067.2575,2026-04-06 08:00:00
1775466000000,69180.0,70276.8,69169.8,69700.1,12748.592,2026-04-06 09:00:00
1775469600000,69700.1,69952.0,69678.0,69749.9,2936.8973,2026-04-06 10:00:00
1775473200000,69749.9,69749.9,69536.9,69592.5,2128.9661,2026-04-06 11:00:00
1775476800000,69592.4,69615.0,69302.0,69349.5,3521.6308,2026-04-06 12:00:00
1775480400000,69349.6,69532.8,69201.0,69405.1,4438.241,2026-04-06 13:00:00
1775484000000,69405.0,69798.8,69130.0,69618.7,7485.1868,2026-04-06 14:00:00
1775487600000,69618.7,69935.0,69486.3,69923.0,4724.1253,2026-04-06 15:00:00
1775491200000,69923.0,70322.8,69734.9,69750.1,6230.6877,2026-04-06 16:00:00
1775494800000,69750.2,69777.9,69225.0,69530.9,5536.1303,2026-04-06 17:00:00
1775498400000,69531.0,69933.3,69434.6,69849.9,3263.8024,2026-04-06 18:00:00
1775502000000,69850.0,69864.7,69536.9,69699.8,1703.3682,2026-04-06 19:00:00
1775505600000,69699.8,69947.5,69584.2,69782.2,1252.4637,2026-04-06 20:00:00
1775509200000,69782.1,69786.9,69380.2,69473.0,1480.2603,2026-04-06 21:00:00
1775512800000,69472.9,69545.5,68765.0,68768.0,4267.7965,2026-04-06 22:00:00
1775516400000,68768.1,68887.7,68269.0,68812.9,7040.6414,2026-04-06 23:00:00
1775520000000,68812.9,69100.6,68690.0,68743.8,3410.5962,2026-04-07 00:00:00
1775523600000,68743.7,68868.7,68300.1,68368.1,4200.8272,2026-04-07 01:00:00
1775527200000,68368.0,68685.1,68233.5,68636.9,3018.6186,2026-04-07 02:00:00
1775530800000,68636.9,68773.3,68589.2,68745.2,1600.5422,2026-04-07 03:00:00
1775534400000,68745.1,68958.8,68510.7,68814.9,2366.1757,2026-04-07 04:00:00
1775538000000,68814.9,68843.2,68588.0,68632.1,1557.0766,2026-04-07 05:00:00
1775541600000,68632.0,68632.1,68408.4,68546.2,1924.8423,2026-04-07 06:00:00
1775545200000,68546.2,68690.4,68470.7,68585.4,1252.9579,2026-04-07 07:00:00
1775548800000,68585.3,68955.0,68566.1,68907.8,3010.284,2026-04-07 08:00:00
1775552400000,68907.8,69217.7,68888.8,69106.4,3992.8225,2026-04-07 09:00:00
1775556000000,69106.4,69165.1,68155.0,68199.3,8531.1026,2026-04-07 10:00:00
1775559600000,68199.3,68421.0,68006.4,68308.1,5519.8544,2026-04-07 11:00:00
1775563200000,68308.1,68583.2,68044.2,68368.6,4485.0621,2026-04-07 12:00:00
1775566800000,68368.6,68613.8,68167.9,68205.1,4156.4513,2026-04-07 13:00:00
1775570400000,68205.0,68230.0,67721.1,67828.9,7795.4992,2026-04-07 14:00:00
1775574000000,67829.0,68248.0,67680.2,68138.7,5025.7725,2026-04-07 15:00:00
1775577600000,68138.6,68426.6,68050.0,68208.2,3481.0378,2026-04-07 16:00:00
1775581200000,68208.3,68979.5,68153.2,68669.9,5633.0199,2026-04-07 17:00:00
1775584800000,68670.0,68745.3,68313.7,68413.3,3183.4162,2026-04-07 18:00:00
1775588400000,68413.4,69058.8,68325.0,68975.6,4868.1194,2026-04-07 19:00:00
1775592000000,68975.6,69520.0,68975.6,69280.5,5516.3468,2026-04-07 20:00:00
1775595600000,69280.4,70186.1,69268.5,69898.0,8238.6354,2026-04-07 21:00:00
1775599200000,69898.1,71500.0,69898.1,71479.0,16900.1217,2026-04-07 22:00:00
1775602800000,71479.0,72773.9,71154.1,71904.6,23127.5362,2026-04-07 23:00:00
1775606400000,71904.7,72101.7,71518.4,71696.0,6333.9412,2026-04-08 00:00:00
1775610000000,71696.0,71749.8,71430.0,71467.6,2883.0736,2026-04-08 01:00:00
1775613600000,71467.6,71711.9,71219.3,71350.0,3712.2533,2026-04-08 02:00:00
1775617200000,71350.0,71500.0,71258.6,71280.1,1871.8686,2026-04-08 03:00:00
1775620800000,71280.0,71677.6,71279.0,71551.5,3391.0496,2026-04-08 04:00:00
1775624400000,71551.5,71830.4,71535.2,71715.0,2325.0753,2026-04-08 05:00:00
1775628000000,71715.0,71935.0,71566.1,71719.9,3423.263,2026-04-08 06:00:00
1775631600000,71720.0,71894.2,71567.7,71624.2,2617.4297,2026-04-08 07:00:00
1775635200000,71624.2,71819.7,71624.2,71790.0,2211.1234,2026-04-08 08:00:00
1775638800000,71790.0,71965.1,71575.0,71672.0,2363.0684,2026-04-08 09:00:00
1775642400000,71672.1,71780.0,71443.2,71462.4,1628.4032,2026-04-08 10:00:00
1775646000000,71462.3,71713.0,71388.0,71661.3,2596.4531,2026-04-08 11:00:00
1775649600000,71661.4,72156.0,71555.0,72036.2,4992.5986,2026-04-08 12:00:00
1775653200000,72036.3,72876.5,71477.0,71567.4,19340.2783,2026-04-08 13:00:00
1775656800000,71567.4,71724.5,70670.0,70886.9,10131.5979,2026-04-08 14:00:00
1775660400000,70887.0,71315.1,70797.9,71265.3,5487.4544,2026-04-08 15:00:00
1775664000000,71265.3,71700.0,71210.9,71561.3,4560.9581,2026-04-08 16:00:00
1775667600000,71561.4,71929.9,71440.9,71854.5,4541.6068,2026-04-08 17:00:00
1775671200000,71854.6,71857.4,71054.2,71073.6,4916.7745,2026-04-08 18:00:00
1775674800000,71073.6,71346.6,70983.5,71294.0,2155.9679,2026-04-08 19:00:00
1775678400000,71294.0,71457.6,71252.3,71350.5,1382.9619,2026-04-08 20:00:00
1775682000000,71350.6,71718.8,71300.0,71519.9,1389.0955,2026-04-08 21:00:00
1775685600000,71520.0,71546.7,71024.4,71027.8,1844.2178,2026-04-08 22:00:00
1775689200000,71027.7,71179.0,70863.5,71041.7,2235.3816,2026-04-08 23:00:00
1775692800000,71041.8,71109.4,70606.0,70780.0,3038.8152,2026-04-09 00:00:00
1775696400000,70780.0,70929.9,70422.0,70892.7,4575.2762,2026-04-09 01:00:00
1775700000000,70892.6,71170.0,70774.4,71026.9,2784.099,2026-04-09 02:00:00
1775703600000,71026.9,71087.9,70810.1,70965.7,1720.1918,2026-04-09 03:00:00
1775707200000,70965.7,70985.0,70680.0,70757.0,1673.7472,2026-04-09 04:00:00
1775710800000,70757.0,71071.3,70660.7,70959.7,1858.3332,2026-04-09 05:00:00
1775714400000,70959.7,71067.1,70778.6,70994.1,1815.4433,2026-04-09 06:00:00
1775718000000,70994.1,71086.2,70921.2,70953.8,1520.0262,2026-04-09 07:00:00
1775721600000,70953.8,71358.3,70831.5,71225.8,3782.0447,2026-04-09 08:00:00
1775725200000,71225.8,71548.0,71079.2,71502.5,4446.1799,2026-04-09 09:00:00
1775728800000,71502.6,71505.9,71246.4,71246.5,1657.4953,2026-04-09 10:00:00
1775732400000,71246.5,71325.0,71020.1,71124.5,2537.1265,2026-04-09 11:00:00
1775736000000,71124.5,71316.6,71013.0,71263.6,2339.983,2026-04-09 12:00:00
1775739600000,71263.7,71337.6,70609.5,70779.8,5992.7337,2026-04-09 13:00:00
1775743200000,70779.8,71228.0,70505.0,71090.7,6950.939,2026-04-09 14:00:00
1775746800000,71090.8,72333.7,70900.0,72105.7,14473.9489,2026-04-09 15:00:00
1775750400000,72105.6,72379.3,71666.7,72047.5,8396.9796,2026-04-09 16:00:00
1775754000000,72047.6,72518.3,72037.2,72308.6,7082.9204,2026-04-09 17:00:00
1775757600000,72308.6,72341.7,71708.5,71858.3,4032.4197,2026-04-09 18:00:00
1775761200000,71858.2,72270.0,71718.0,72060.7,3318.7079,2026-04-09 19:00:00
1775764800000,72060.7,72418.5,71929.1,72374.8,1935.406,2026-04-09 20:00:00
1775768400000,72374.8,72676.0,72107.1,72226.5,2794.9694,2026-04-09 21:00:00
1775772000000,72226.5,73146.1,71911.1,71911.2,7767.1458,2026-04-09 22:00:00
1775775600000,71911.1,71995.1,71541.9,71759.0,5074.1511,2026-04-09 23:00:00
1775779200000,71759.1,72020.3,71543.0,71945.6,3341.7179,2026-04-10 00:00:00
1775782800000,71945.7,72355.4,71632.7,72133.4,4372.8552,2026-04-10 01:00:00
1775786400000,72133.3,72264.5,71868.8,71924.9,2228.3548,2026-04-10 02:00:00
1775790000000,71924.9,71999.9,71780.0,71838.2,1649.8084,2026-04-10 03:00:00
1775793600000,71838.3,72194.6,71784.1,72086.8,2060.2615,2026-04-10 04:00:00
1775797200000,72086.9,72258.0,71960.4,72097.0,1693.1758,2026-04-10 05:00:00
1775800800000,72096.9,72150.0,71754.6,71777.0,1681.1879,2026-04-10 06:00:00
1775804400000,71777.0,71819.5,71404.1,71463.5,4189.4343,2026-04-10 07:00:00
1775808000000,71463.5,71730.0,71388.9,71581.2,3772.8192,2026-04-10 08:00:00
1775811600000,71581.1,71846.9,71560.5,71748.1,1955.6874,2026-04-10 09:00:00
1775815200000,71748.1,71896.3,71667.6,71863.2,1614.4335,2026-04-10 10:00:00
1775818800000,71863.1,72222.0,71858.4,72084.8,3658.2326,2026-04-10 11:00:00
1775822400000,72084.7,72420.0,71960.0,72220.0,6213.0645,2026-04-10 12:00:00
1775826000000,72220.0,72381.0,71868.8,72289.0,5894.8813,2026-04-10 13:00:00
1775829600000,72289.0,73125.5,72215.2,72878.5,13082.7965,2026-04-10 14:00:00
1775833200000,72878.6,73288.0,72285.8,72418.3,7703.5182,2026-04-10 15:00:00
1775836800000,72418.2,73056.7,72348.4,72965.8,5387.7061,2026-04-10 16:00:00
1775840400000,72965.8,73123.0,72768.1,73092.0,2508.9977,2026-04-10 17:00:00
1775844000000,73091.9,73149.5,72840.0,73071.1,1937.8977,2026-04-10 18:00:00
1775847600000,73071.2,73248.8,72863.8,73194.0,2205.5658,2026-04-10 19:00:00
1775851200000,73194.5,73452.3,73012.8,73321.2,3198.3031,2026-04-10 20:00:00
1775854800000,73321.3,73321.3,72900.0,73163.0,1472.9539,2026-04-10 21:00:00
1775858400000,73162.9,73220.0,72678.5,72840.8,2397.7772,2026-04-10 22:00:00
1775862000000,72840.8,72933.3,72746.0,72925.8,993.0094,2026-04-10 23:00:00
1775865600000,72925.7,72925.8,72750.0,72799.2,1024.0381,2026-04-11 00:00:00
1775869200000,72799.3,72975.0,72616.7,72927.5,1398.7105,2026-04-11 01:00:00
1775872800000,72927.5,73073.8,72868.1,72928.8,1434.0549,2026-04-11 02:00:00
1775876400000,72928.8,73047.2,72785.8,72836.9,1086.5364,2026-04-11 03:00:00
1775880000000,72837.0,72925.2,72650.6,72781.1,1498.0048,2026-04-11 04:00:00
1775883600000,72781.2,72812.0,72642.8,72696.4,990.6934,2026-04-11 05:00:00
1775887200000,72696.3,72755.1,72570.3,72738.9,1194.4157,2026-04-11 06:00:00
1775890800000,72739.0,72809.7,72633.6,72719.7,1124.1122,2026-04-11 07:00:00
1775894400000,72719.8,72779.9,72601.0,72636.3,944.2128,2026-04-11 08:00:00
1775898000000,72636.3,72884.0,72600.0,72875.2,1838.7684,2026-04-11 09:00:00
1775901600000,72875.1,72898.4,72728.0,72811.2,1205.2789,2026-04-11 10:00:00
1775905200000,72811.2,72896.0,72787.0,72883.8,771.6134,2026-04-11 11:00:00
1775908800000,72883.7,72956.5,72787.0,72900.0,1284.4729,2026-04-11 12:00:00
1775912400000,72900.0,72900.0,72480.4,72628.1,3348.8939,2026-04-11 13:00:00
1775916000000,72628.2,72749.4,72578.0,72669.3,1060.6324,2026-04-11 14:00:00
1775919600000,72669.3,72874.1,72648.6,72826.6,1623.2412,2026-04-11 15:00:00
1775923200000,72826.5,73200.0,72790.0,73000.4,3010.6186,2026-04-11 16:00:00
1775926800000,73000.4,73142.0,72903.0,73060.3,1404.9103,2026-04-11 17:00:00
1775930400000,73060.4,73748.5,73002.8,73527.3,5462.6616,2026-04-11 18:00:00
1775934000000,73527.4,73799.1,73433.8,73659.6,3191.8124,2026-04-11 19:00:00
1775937600000,73659.6,73670.7,73201.6,73274.8,2088.0991,2026-04-11 20:00:00
1775941200000,73274.8,73530.4,73166.0,73406.3,1344.4791,2026-04-11 21:00:00
1775944800000,73406.2,73546.3,73210.8,73341.1,1281.1676,2026-04-11 22:00:00
1775948400000,73341.1,73341.2,72864.0,73014.7,2399.7975,2026-04-11 23:00:00
1775952000000,73014.7,73088.0,72823.4,73049.8,1578.5711,2026-04-12 00:00:00
1775955600000,73049.9,73107.1,71270.2,71610.0,12468.5637,2026-04-12 01:00:00
1775959200000,71609.9,71934.7,71310.5,71725.8,5238.8587,2026-04-12 02:00:00
1775962800000,71725.8,71829.5,71557.0,71557.7,2625.2452,2026-04-12 03:00:00
1775966400000,71557.6,71650.0,71411.0,71437.9,2052.4884,2026-04-12 04:00:00
1775970000000,71437.9,71750.0,71380.0,71664.1,2202.2219,2026-04-12 05:00:00
1775973600000,71664.2,71726.5,71600.0,71617.1,1033.6143,2026-04-12 06:00:00
1775977200000,71617.0,71720.0,71541.1,71635.9,1262.796,2026-04-12 07:00:00
1775980800000,71635.9,71772.0,71553.4,71591.5,1627.6643,2026-04-12 08:00:00
1775984400000,71591.4,71607.4,71480.9,71507.4,1182.9285,2026-04-12 09:00:00
1775988000000,71507.3,71655.0,71323.0,71425.0,1849.5054,2026-04-12 10:00:00
1775991600000,71425.0,71519.7,71387.8,71441.4,1136.4842,2026-04-12 11:00:00
1775995200000,71441.3,71477.7,71027.0,71053.9,4423.022,2026-04-12 12:00:00
1775998800000,71053.9,71121.4,70830.4,70861.6,5067.7224,2026-04-12 13:00:00
1776002400000,70861.6,71076.2,70660.7,70721.9,3829.6788,2026-04-12 14:00:00
1776006000000,70722.0,70917.0,70570.0,70869.5,3064.5525,2026-04-12 15:00:00
1776009600000,70869.5,70934.6,70778.0,70900.1,1402.4065,2026-04-12 16:00:00
1776013200000,70900.1,71175.9,70866.0,71120.2,2389.2309,2026-04-12 17:00:00
1776016800000,71120.3,71187.5,71026.0,71094.8,1153.1321,2026-04-12 18:00:00
1776020400000,71094.9,71189.2,71040.2,71060.7,615.6862,2026-04-12 19:00:00
1776024000000,71060.7,71410.9,70921.0,71302.0,1679.1028,2026-04-12 20:00:00
1776027600000,71301.9,71425.2,71132.2,71325.6,1069.7916,2026-04-12 21:00:00
1776031200000,71325.6,71333.0,70456.0,70875.9,5975.4404,2026-04-12 22:00:00
1776034800000,70875.8,70882.5,70530.1,70707.9,2222.1296,2026-04-12 23:00:00
1776038400000,70707.9,71273.1,70580.0,71140.0,3408.6555,2026-04-13 00:00:00
1776042000000,71140.0,71200.0,71008.0,71166.1,2376.9895,2026-04-13 01:00:00
1776045600000,71166.1,71255.0,70955.6,71059.9,2142.346,2026-04-13 02:00:00
1776049200000,71059.9,71134.8,70883.4,70950.1,1642.5536,2026-04-13 03:00:00
1776052800000,70950.2,71120.0,70821.7,70868.4,1551.9898,2026-04-13 04:00:00
1776056400000,70868.5,70893.5,70637.2,70858.2,1893.8853,2026-04-13 05:00:00
1776060000000,70858.1,71073.7,70853.4,70999.3,1560.5076,2026-04-13 06:00:00
1776063600000,70999.6,71046.1,70660.0,70796.5,2169.4748,2026-04-13 07:00:00
1776067200000,70796.5,70842.5,70542.1,70657.2,2072.6303,2026-04-13 08:00:00
1776070800000,70657.1,70889.9,70643.9,70766.4,1890.972,2026-04-13 09:00:00
1776074400000,70766.4,70823.6,70654.0,70728.5,1073.3447,2026-04-13 10:00:00
1776078000000,70728.6,70966.0,70710.1,70892.6,1781.846,2026-04-13 11:00:00
1776081600000,70892.6,71185.0,70730.3,71040.5,3622.2212,2026-04-13 12:00:00
1776085200000,71040.5,71665.4,70766.7,71610.0,9528.6675,2026-04-13 13:00:00
1776088800000,71610.0,72374.8,71326.3,72347.0,11695.9291,2026-04-13 14:00:00
1776092400000,72347.0,72424.0,71618.2,71831.1,7466.0763,2026-04-13 15:00:00
1776096000000,71831.0,72400.0,71637.8,72162.1,6729.3996,2026-04-13 16:00:00
1776099600000,72162.0,72583.0,72023.7,72111.8,5063.9913,2026-04-13 17:00:00
1776103200000,72111.8,72424.7,72012.0,72386.5,2757.3227,2026-04-13 18:00:00
1776106800000,72386.5,73468.0,72260.0,73287.6,10469.9177,2026-04-13 19:00:00
1776110400000,73287.6,73367.5,72977.8,73122.3,4575.2791,2026-04-13 20:00:00
1776114000000,73122.3,73369.6,73045.8,73152.4,2032.3166,2026-04-13 21:00:00
1776117600000,73152.3,74746.7,73138.0,74597.7,14636.6794,2026-04-13 22:00:00
1776121200000,74597.6,74876.5,74342.1,74385.5,6996.6526,2026-04-13 23:00:00
1776124800000,74385.4,74494.4,74074.8,74138.1,3858.9025,2026-04-14 00:00:00
1776128400000,74138.1,74418.1,73935.5,74356.8,2779.2128,2026-04-14 01:00:00
1776132000000,74356.8,74567.6,74250.0,74307.9,1995.8658,2026-04-14 02:00:00
1776135600000,74307.9,74472.8,74211.7,74418.4,1612.1209,2026-04-14 03:00:00
1776139200000,74418.5,74478.2,74324.6,74362.4,1198.6015,2026-04-14 04:00:00
1776142800000,74362.3,74407.0,74127.2,74188.6,1390.8374,2026-04-14 05:00:00
1776146400000,74188.6,74526.9,74188.6,74490.9,1567.3376,2026-04-14 06:00:00
1776150000000,74490.9,74920.4,74402.8,74518.0,4097.6626,2026-04-14 07:00:00
1776153600000,74518.1,74870.0,74420.4,74718.3,3042.8437,2026-04-14 08:00:00
1776157200000,74718.3,74800.0,74386.5,74468.3,2191.1156,2026-04-14 09:00:00
1776160800000,74468.4,74574.0,74300.0,74318.2,1486.6986,2026-04-14 10:00:00
1776164400000,74318.2,74422.0,74276.7,74350.1,1866.1623,2026-04-14 11:00:00
1776168000000,74350.0,74475.7,74250.0,74423.8,2398.4484,2026-04-14 12:00:00
1776171600000,74423.8,75488.0,74366.9,75468.5,10728.6249,2026-04-14 13:00:00
1776175200000,75468.5,76000.0,74970.0,74970.0,15478.4807,2026-04-14 14:00:00
1776178800000,74970.0,75415.4,74505.6,75280.4,10169.1909,2026-04-14 15:00:00
1776182400000,75280.4,75668.3,74465.2,74600.3,7207.2018,2026-04-14 16:00:00
1776186000000,74600.4,74919.7,74200.0,74694.8,5876.5437,2026-04-14 17:00:00
1776189600000,74694.9,74765.7,73777.0,74056.3,5706.3347,2026-04-14 18:00:00
1776193200000,74056.3,74350.0,73829.3,74175.0,3778.3844,2026-04-14 19:00:00
1776196800000,74175.0,74391.2,73966.0,74055.3,1899.208,2026-04-14 20:00:00
1776200400000,74055.3,74285.2,73901.0,74230.4,1331.8278,2026-04-14 21:00:00
1776204000000,74230.3,74333.0,73743.9,73982.7,2892.7494,2026-04-14 22:00:00
1776207600000,73982.6,74212.2,73966.0,74100.1,1938.886,2026-04-14 23:00:00
1776211200000,74100.0,74648.2,74079.6,74515.9,3910.5627,2026-04-15 00:00:00
1776214800000,74515.9,74749.0,74444.6,74560.0,2328.9137,2026-04-15 01:00:00
1776218400000,74560.0,74650.0,74135.9,74281.1,2210.9339,2026-04-15 02:00:00
1776222000000,74281.1,74330.0,74130.0,74296.3,1258.2796,2026-04-15 03:00:00
1776225600000,74296.3,74400.0,74220.0,74292.8,1242.7793,2026-04-15 04:00:00
1776229200000,74292.8,74397.1,73830.1,73985.2,3824.8354,2026-04-15 05:00:00
1776232800000,73985.1,74022.5,73834.0,73860.8,1902.6535,2026-04-15 06:00:00
1776236400000,73860.9,73986.0,73443.0,73706.9,5650.9638,2026-04-15 07:00:00
1776240000000,73706.9,74152.3,73644.0,74077.1,3326.8775,2026-04-15 08:00:00
1776243600000,74077.0,74150.0,73852.4,73975.1,1910.6582,2026-04-15 09:00:00
1776247200000,73975.0,74243.2,73741.4,73826.1,3547.9237,2026-04-15 10:00:00
1776250800000,73826.1,74232.0,73826.1,74163.1,1938.4341,2026-04-15 11:00:00
1776254400000,74163.1,74444.0,74006.6,74226.4,3018.8827,2026-04-15 12:00:00
1776258000000,74226.4,74391.5,73772.9,74016.7,4844.3445,2026-04-15 13:00:00
1776261600000,74016.7,74479.8,73780.0,74111.0,5973.7578,2026-04-15 14:00:00
1776265200000,74111.0,74271.9,73542.0,73802.4,4994.9901,2026-04-15 15:00:00
1776268800000,73802.3,74144.0,73721.8,73907.6,3123.5805,2026-04-15 16:00:00
1776272400000,73907.7,74211.0,73877.5,74099.6,2297.4219,2026-04-15 17:00:00
1776276000000,74099.5,74372.7,74034.8,74354.8,2107.9069,2026-04-15 18:00:00
1776279600000,74354.8,75250.0,74317.3,74963.0,6071.0212,2026-04-15 19:00:00
1776283200000,74962.2,75013.4,74469.1,74794.4,3165.4594,2026-04-15 20:00:00
1776286800000,74794.4,74820.0,74502.0,74706.0,2060.8602,2026-04-15 21:00:00
1776290400000,74706.1,75391.9,74692.8,74929.5,3940.9016,2026-04-15 22:00:00
1776294000000,74929.6,74929.6,74572.6,74773.4,2964.7708,2026-04-15 23:00:00
1776297600000,74773.4,74847.4,74400.5,74766.0,2307.5324,2026-04-16 00:00:00
1776301200000,74765.9,74765.9,74410.3,74609.6,1165.9123,2026-04-16 01:00:00
1776304800000,74609.6,75220.4,74556.8,74843.1,3515.2576,2026-04-16 02:00:00
1776308400000,74843.0,75126.7,74822.2,74844.6,1647.0061,2026-04-16 03:00:00
1776312000000,74844.6,75129.6,74680.0,74900.1,2213.3431,2026-04-16 04:00:00
1776315600000,74900.0,75104.1,74850.1,75002.9,1475.7949,2026-04-16 05:00:00
1776319200000,75002.9,75083.1,74813.7,74987.8,1453.5072,2026-04-16 06:00:00
1776322800000,74987.8,75043.1,74600.0,74673.4,2017.2225,2026-04-16 07:00:00
1776326400000,74673.5,74718.6,74474.0,74635.9,3029.8279,2026-04-16 08:00:00
1776330000000,74635.8,74860.0,74555.0,74559.6,2047.401,2026-04-16 09:00:00
1776333600000,74559.7,74611.2,74240.0,74276.2,3624.1027,2026-04-16 10:00:00
1776337200000,74276.3,74544.2,74250.1,74532.3,2714.6575,2026-04-16 11:00:00
1776340800000,74532.4,74827.2,74532.3,74581.2,2837.4714,2026-04-16 12:00:00
1776344400000,74581.3,74990.0,73220.2,73750.0,11703.6858,2026-04-16 13:00:00
1776348000000,73750.0,74150.0,73377.8,73937.1,8933.6725,2026-04-16 14:00:00
1776351600000,73937.0,74855.0,73896.5,74660.0,7778.7475,2026-04-16 15:00:00
1776355200000,74660.1,74899.8,74025.0,74136.9,4881.4167,2026-04-16 16:00:00
1776358800000,74137.0,74414.4,73866.5,74302.8,3919.509,2026-04-16 17:00:00
1776362400000,74302.7,75088.0,74196.0,75003.9,3883.7326,2026-04-16 18:00:00
1776366000000,75003.9,75388.0,74700.0,75317.0,4165.2636,2026-04-16 19:00:00
1776369600000,75317.0,75522.3,74959.2,75185.6,3004.3056,2026-04-16 20:00:00
1776373200000,75185.7,75244.0,74747.0,74903.2,1971.8663,2026-04-16 21:00:00
1776376800000,74903.2,75083.4,74784.4,74833.5,1569.1345,2026-04-16 22:00:00
1776380400000,74833.6,75148.9,74797.3,75106.7,1384.7761,2026-04-16 23:00:00
1776384000000,75106.7,75114.3,74840.9,74900.1,1265.8441,2026-04-17 00:00:00
1776387600000,74900.1,75000.0,74525.0,74699.0,2392.3304,2026-04-17 01:00:00
1776391200000,74699.0,74772.4,74495.2,74660.5,1455.8617,2026-04-17 02:00:00
1776394800000,74660.5,74798.9,74558.6,74577.3,1766.9273,2026-04-17 03:00:00
1776398400000,74577.2,74820.5,74550.1,74749.0,1308.8932,2026-04-17 04:00:00
1776402000000,74749.0,74766.6,74510.3,74606.0,1559.324,2026-04-17 05:00:00
1776405600000,74606.1,74909.3,74555.0,74896.7,1892.3352,2026-04-17 06:00:00
1776409200000,74896.8,75064.7,74892.6,75043.8,3382.4489,2026-04-17 07:00:00
1776412800000,75043.7,75849.2,74961.4,75739.3,7817.5843,2026-04-17 08:00:00
1776416400000,75739.3,76348.0,75471.9,75736.0,12630.4383,2026-04-17 09:00:00
1776420000000,75736.0,75850.0,75037.0,75233.8,5986.4578,2026-04-17 10:00:00
1776423600000,75233.7,75564.6,75200.7,75544.1,2525.39,2026-04-17 11:00:00
1776427200000,75544.1,76229.2,75483.0,76190.0,6997.5109,2026-04-17 12:00:00
1776430800000,76190.0,77397.2,76005.6,77299.9,28460.8591,2026-04-17 13:00:00
1776434400000,77299.9,78036.1,76980.0,77844.1,16430.5317,2026-04-17 14:00:00
1776438000000,77844.2,77939.3,77389.5,77740.1,7365.5015,2026-04-17 15:00:00
1776441600000,77740.1,78323.0,77656.9,77826.0,8110.0338,2026-04-17 16:00:00
1776445200000,77825.9,77886.3,77075.1,77487.9,7729.0442,2026-04-17 17:00:00
1776448800000,77487.8,77536.7,77058.0,77129.5,3578.6468,2026-04-17 18:00:00
1776452400000,77129.6,77440.9,76920.6,77354.6,3370.3726,2026-04-17 19:00:00
1776456000000,77354.6,77598.4,77125.0,77292.8,2013.4243,2026-04-17 20:00:00
1776459600000,77292.8,77460.0,77244.1,77404.2,1024.7805,2026-04-17 21:00:00
1776463200000,77404.1,77473.6,77230.0,77260.0,1336.4008,2026-04-17 22:00:00
1776466800000,77259.9,77270.3,76856.1,77033.1,2491.1424,2026-04-17 23:00:00
1776470400000,77033.0,77220.0,76930.7,77134.2,1802.7626,2026-04-18 00:00:00
1776474000000,77134.2,77293.5,77076.5,77178.5,1242.5755,2026-04-18 01:00:00
1776477600000,77178.5,77392.4,77080.0,77243.5,1302.7622,2026-04-18 02:00:00
1776481200000,77243.6,77255.2,76922.0,76975.2,1804.6759,2026-04-18 03:00:00
1776484800000,76975.1,77141.4,76824.4,77072.2,1940.1631,2026-04-18 04:00:00
1776488400000,77072.2,77250.0,77072.1,77086.8,1138.0424,2026-04-18 05:00:00
1776492000000,77086.8,77187.9,77014.5,77094.4,1014.6755,2026-04-18 06:00:00
1776495600000,77094.4,77094.4,76863.8,76969.3,1308.6746,2026-04-18 07:00:00
1776499200000,76969.3,77016.0,76459.0,76700.0,6256.0903,2026-04-18 08:00:00
1776502800000,76700.0,76700.0,76370.2,76560.9,2605.914,2026-04-18 09:00:00
1776506400000,76560.9,76561.0,76100.0,76164.6,5397.1998,2026-04-18 10:00:00
1776510000000,76164.6,76164.7,75733.3,76008.5,5426.6113,2026-04-18 11:00:00
1776513600000,76008.5,76267.3,76004.1,76167.6,2334.2056,2026-04-18 12:00:00
1776517200000,76167.6,76176.8,75760.0,76083.7,2480.5685,2026-04-18 13:00:00
1776520800000,76083.6,76266.1,75939.8,76214.7,2686.5662,2026-04-18 14:00:00
1776524400000,76214.7,76345.2,75928.8,76121.9,1856.7835,2026-04-18 15:00:00
1776528000000,76121.8,76172.0,75623.2,75903.8,4274.202,2026-04-18 16:00:00
1776531600000,75903.7,75939.3,75738.3,75788.0,2599.2371,2026-04-18 17:00:00
1776535200000,75788.0,75800.0,75370.0,75603.6,3478.6205,2026-04-18 18:00:00
1776538800000,75603.6,75761.5,75526.5,75609.8,1166.9617,2026-04-18 19:00:00
1776542400000,75609.8,75798.3,75564.3,75707.6,1068.9239,2026-04-18 20:00:00
1776546000000,75707.7,75796.3,75547.7,75776.5,711.2168,2026-04-18 21:00:00
1776549600000,75776.6,75835.9,75570.0,75768.6,828.1349,2026-04-18 22:00:00
1776553200000,75768.6,75861.1,75649.5,75649.6,806.6611,2026-04-18 23:00:00
1776556800000,75649.5,75811.1,75503.0,75629.0,1605.5097,2026-04-19 00:00:00
1776560400000,75629.1,75745.5,75403.0,75576.1,1770.5274,2026-04-19 01:00:00
1776564000000,75576.2,75679.8,75343.1,75444.5,1858.7707,2026-04-19 02:00:00
1776567600000,75444.4,75607.7,75310.4,75473.4,1796.4223,2026-04-19 03:00:00
1776571200000,75473.3,75755.0,75379.7,75633.0,2622.6419,2026-04-19 04:00:00
1776574800000,75633.0,75656.0,75480.0,75508.2,872.4734,2026-04-19 05:00:00
1776578400000,75508.1,75513.9,75250.5,75364.7,1921.4583,2026-04-19 06:00:00
1776582000000,75364.7,75365.0,74837.4,75210.3,5833.4011,2026-04-19 07:00:00
1776585600000,75210.2,75268.7,75015.2,75223.0,1460.5602,2026-04-19 08:00:00
1776589200000,75223.0,75234.2,74888.0,74989.1,1979.9347,2026-04-19 09:00:00
1776592800000,74989.2,75223.1,74900.1,75197.2,1843.2962,2026-04-19 10:00:00
1776596400000,75197.3,75595.8,75186.0,75560.7,3867.0564,2026-04-19 11:00:00
1776600000000,75560.7,75658.0,75380.0,75535.7,2692.0469,2026-04-19 12:00:00
1776603600000,75535.8,76219.3,75508.4,75884.8,6137.1245,2026-04-19 13:00:00
1776607200000,75884.9,76108.9,75623.8,75980.0,3295.5172,2026-04-19 14:00:00
1776610800000,75980.0,76120.0,75337.2,75806.8,3719.7901,2026-04-19 15:00:00
1776614400000,75806.7,75816.1,75255.2,75347.0,2630.3677,2026-04-19 16:00:00
1776618000000,75347.1,75359.5,74571.6,74750.9,5791.2686,2026-04-19 17:00:00
1776621600000,74751.0,74875.7,74550.0,74744.1,3219.9798,2026-04-19 18:00:00
1776625200000,74744.1,75049.0,74744.1,74935.0,1634.5304,2026-04-19 19:00:00
1776628800000,74935.0,74935.0,74367.3,74603.1,2845.6047,2026-04-19 20:00:00
1776632400000,74603.0,74791.2,74300.0,74387.0,2051.4049,2026-04-19 21:00:00
1776636000000,74387.0,74387.0,73716.3,74010.1,7673.7291,2026-04-19 22:00:00
1776639600000,74010.1,74032.9,73750.0,73767.8,3300.3464,2026-04-19 23:00:00
1776643200000,73768.4,74326.7,73666.0,74241.3,5671.8915,2026-04-20 00:00:00
1776646800000,74241.4,74727.1,74180.0,74563.9,4162.021,2026-04-20 01:00:00
1776650400000,74564.0,74600.0,74265.6,74382.2,2358.0143,2026-04-20 02:00:00
1776654000000,74382.2,74604.1,74314.6,74600.1,1451.7213,2026-04-20 03:00:00
1776657600000,74600.1,74608.7,74400.5,74532.0,1059.5095,2026-04-20 04:00:00
1776661200000,74531.9,74531.9,74073.6,74240.1,2579.2107,2026-04-20 05:00:00
1776664800000,74240.1,74872.0,74218.3,74755.7,3712.1335,2026-04-20 06:00:00
1776668400000,74755.7,75562.2,74618.0,74799.9,11365.3931,2026-04-20 07:00:00
1776672000000,74799.9,74966.5,74579.0,74692.6,2878.959,2026-04-20 08:00:00
1776675600000,74692.5,75199.0,74662.4,75027.3,5131.9026,2026-04-20 09:00:00
1776679200000,75027.4,75363.6,74955.0,74987.9,2662.3826,2026-04-20 10:00:00
1776682800000,74988.0,75246.0,74912.6,75154.0,1655.3603,2026-04-20 11:00:00
1776686400000,75154.0,75624.7,75000.0,75251.5,4628.1727,2026-04-20 12:00:00
1776690000000,75251.5,75379.4,74811.0,75231.3,5765.0001,2026-04-20 13:00:00
1776693600000,75231.3,75742.3,74868.4,74995.0,7266.4124,2026-04-20 14:00:00
1776697200000,74995.0,75741.9,74654.2,75669.8,7333.3772,2026-04-20 15:00:00
1776700800000,75669.9,75679.0,75243.5,75300.6,2803.7535,2026-04-20 16:00:00
1776704400000,75299.9,75937.7,75237.9,75849.6,3891.7272,2026-04-20 17:00:00
1776708000000,75849.6,76430.9,75849.6,76389.9,7526.9844,2026-04-20 18:00:00
1776711600000,76390.0,76448.0,76085.0,76248.0,2638.4284,2026-04-20 19:00:00
1776715200000,76247.9,76548.5,76069.8,76233.5,2182.692,2026-04-20 20:00:00
1776718800000,76233.4,76334.2,75733.6,75911.9,2024.802,2026-04-20 21:00:00
1776722400000,75911.9,76108.3,75856.8,75928.7,1402.6233,2026-04-20 22:00:00
1776726000000,75928.7,75928.7,75564.8,75803.4,2835.3186,2026-04-20 23:00:00
1776729600000,75803.4,76078.8,75665.5,76073.0,2986.1074,2026-04-21 00:00:00
1776733200000,76073.0,76249.9,75823.1,75897.5,2799.7243,2026-04-21 01:00:00
1776736800000,75897.5,75897.9,75543.9,75553.2,2507.8242,2026-04-21 02:00:00
1776740400000,75553.1,75699.9,75441.0,75684.3,2191.7238,2026-04-21 03:00:00
1776744000000,75684.4,75797.8,75565.9,75779.9,1511.7997,2026-04-21 04:00:00
1776747600000,75779.8,75957.7,75741.0,75771.7,1592.0647,2026-04-21 05:00:00
1776751200000,75771.6,76100.0,75659.0,75930.1,2151.4762,2026-04-21 06:00:00
1776754800000,75930.0,76275.0,75774.0,76051.4,3268.4702,2026-04-21 07:00:00
1776758400000,76051.5,76924.5,76025.0,76472.1,6542.1166,2026-04-21 08:00:00
1776762000000,76472.0,76561.7,76118.0,76330.9,3541.0787,2026-04-21 09:00:00
1776765600000,76331.0,76849.9,76312.6,76705.0,3079.1673,2026-04-21 10:00:00
1776769200000,76705.0,76725.9,76287.0,76406.7,3717.0852,2026-04-21 11:00:00
1776772800000,76406.6,76500.0,75680.0,75985.2,6755.5569,2026-04-21 12:00:00
1776776400000,75985.2,76158.0,75696.2,75862.2,4485.4069,2026-04-21 13:00:00
1776780000000,75862.2,76567.2,75567.2,75631.3,7427.4187,2026-04-21 14:00:00
1776783600000,75631.3,75940.0,75300.0,75795.6,6475.6255,2026-04-21 15:00:00
1776787200000,75795.6,76166.0,75722.6,75746.0,3063.2717,2026-04-21 16:00:00
1776790800000,75746.0,75868.7,75009.0,75507.9,8344.9151,2026-04-21 17:00:00
1776794400000,75508.0,75628.4,75267.4,75565.4,2520.7907,2026-04-21 18:00:00
1776798000000,75565.4,75869.8,74766.1,74985.7,5876.0119,2026-04-21 19:00:00
1776801600000,74985.7,75815.0,74943.6,75650.1,4359.0327,2026-04-21 20:00:00
1776805200000,75650.0,75724.8,75404.5,75502.1,894.65,2026-04-21 21:00:00
1776808800000,75502.0,75611.4,75250.0,75598.0,1627.8388,2026-04-21 22:00:00
1776812400000,75597.9,76400.0,75572.7,76302.1,4994.8971,2026-04-21 23:00:00
1776816000000,76302.2,76480.0,76190.5,76339.9,2922.5631,2026-04-22 00:00:00
1776819600000,76339.9,76399.9,76111.0,76273.8,2196.0103,2026-04-22 01:00:00
1776823200000,76273.8,77633.5,76190.6,77580.3,13457.5933,2026-04-22 02:00:00
1776826800000,77580.2,77717.8,77368.7,77493.7,4939.4182,2026-04-22 03:00:00
1776830400000,77493.8,77685.0,77323.4,77487.4,3196.322,2026-04-22 04:00:00
1776834000000,77487.4,78420.2,77413.6,77950.0,12924.3453,2026-04-22 05:00:00
1776837600000,77950.0,77997.7,77850.1,77970.1,2413.849,2026-04-22 06:00:00
1776841200000,77970.1,78075.0,77765.9,77977.8,3028.8522,2026-04-22 07:00:00
1776844800000,77977.9,78168.0,77899.2,77970.5,2396.9457,2026-04-22 08:00:00
1776848400000,77970.6,78150.0,77907.8,77964.8,1615.8553,2026-04-22 09:00:00
1776852000000,77964.8,78148.0,77904.5,78122.0,1604.5634,2026-04-22 10:00:00
1776855600000,78122.0,78361.2,78050.3,78262.6,3299.0738,2026-04-22 11:00:00
1776859200000,78262.6,78499.8,78062.5,78191.0,5618.8664,2026-04-22 12:00:00
1776862800000,78191.1,78794.0,78118.0,78786.2,7412.5262,2026-04-22 13:00:00
1776866400000,78786.3,79167.5,78540.6,79000.8,12144.8566,2026-04-22 14:00:00
1776870000000,79000.9,79375.3,78785.5,79233.1,6951.291,2026-04-22 15:00:00
1776873600000,79233.1,79443.4,78592.0,78703.4,6791.6608,2026-04-22 16:00:00
1776877200000,78703.4,79000.0,78658.0,78858.3,3085.7294,2026-04-22 17:00:00
1776880800000,78858.4,79132.9,78777.0,78984.0,2024.2453,2026-04-22 18:00:00
1776884400000,78984.1,79028.0,78661.0,78798.4,3254.7085,2026-04-22 19:00:00
1776888000000,78798.5,78887.8,78373.4,78404.0,2728.7193,2026-04-22 20:00:00
1776891600000,78404.1,78791.8,78384.3,78715.3,1669.6298,2026-04-22 21:00:00
1776895200000,78715.3,78783.8,78414.2,78555.1,1381.2609,2026-04-22 22:00:00
1776898800000,78555.1,78566.0,78112.0,78147.0,2296.3332,2026-04-22 23:00:00
1776902400000,78147.1,78545.9,77544.0,78399.9,6928.7492,2026-04-23 00:00:00
1776906000000,78399.9,78437.0,78015.0,78314.3,2857.1819,2026-04-23 01:00:00
1776909600000,78314.4,78320.0,77702.1,77894.2,4364.1428,2026-04-23 02:00:00
1776913200000,77894.2,77978.0,77425.9,77704.3,4879.2467,2026-04-23 03:00:00
1776916800000,77704.2,77917.0,77636.4,77873.8,2201.3317,2026-04-23 04:00:00
1776920400000,77873.8,78080.0,77727.7,77990.9,2535.2625,2026-04-23 05:00:00
1776924000000,77990.8,78299.3,77990.8,78158.0,3302.7897,2026-04-23 06:00:00
1776927600000,78158.0,78200.2,77936.1,78004.0,1782.8025,2026-04-23 07:00:00
1776931200000,78004.0,78142.0,77684.0,77816.3,3082.404,2026-04-23 08:00:00
1776934800000,77816.2,77822.9,77366.5,77619.0,4425.5712,2026-04-23 09:00:00
1776938400000,77619.0,77684.0,77130.6,77370.3,5515.248,2026-04-23 10:00:00
1776942000000,77370.4,77717.9,77328.6,77659.3,2624.8741,2026-04-23 11:00:00
1776945600000,77659.3,77842.4,77476.7,77819.4,4194.9287,2026-04-23 12:00:00
1776949200000,77819.5,77871.8,77350.0,77494.2,3586.4848,2026-04-23 13:00:00
1776952800000,77494.2,78167.4,77380.0,78135.2,5712.5549,2026-04-23 14:00:00
1776956400000,78135.1,78620.0,77932.1,78331.3,9797.9301,2026-04-23 15:00:00
1776960000000,78331.2,78470.0,77974.9,78051.7,3676.1491,2026-04-23 16:00:00
1776963600000,78051.7,78138.4,76911.1,77717.9,12609.8031,2026-04-23 17:00:00
1776967200000,77717.9,78100.0,77628.6,77636.3,5651.3191,2026-04-23 18:00:00
1776970800000,77636.3,77855.3,77557.2,77674.2,2457.1378,2026-04-23 19:00:00
1776974400000,77674.1,78023.8,77601.9,77844.9,1907.278,2026-04-23 20:00:00
1776978000000,77844.9,78038.0,77760.0,77828.5,943.1102,2026-04-23 21:00:00
1776981600000,77828.4,78299.7,77825.6,78191.0,1988.4254,2026-04-23 22:00:00
1776985200000,78191.0,78263.2,77976.5,78209.7,1411.7888,2026-04-23 23:00:00
1776988800000,78209.8,78449.6,78120.0,78379.4,1919.3558,2026-04-24 00:00:00
1776992400000,78379.3,78465.3,77905.7,78390.1,4677.9977,2026-04-24 01:00:00
1776996000000,78390.0,78546.9,78038.5,78092.3,3580.5566,2026-04-24 02:00:00
1776999600000,78092.3,78152.8,77521.0,77702.2,5021.048,2026-04-24 03:00:00
1777003200000,77702.3,77843.1,77435.4,77628.3,3333.6031,2026-04-24 04:00:00
1777006800000,77628.3,77997.8,77400.7,77909.9,2831.7049,2026-04-24 05:00:00
1777010400000,77909.9,77949.5,77714.6,77741.1,1635.4941,2026-04-24 06:00:00
1777014000000,77741.1,77811.0,77504.9,77623.0,2513.9044,2026-04-24 07:00:00
1777017600000,77623.1,77975.0,77534.8,77746.3,2466.9486,2026-04-24 08:00:00
1777021200000,77746.3,77784.8,77328.5,77499.5,3583.825,2026-04-24 09:00:00
1777024800000,77499.5,77745.9,77409.8,77709.8,1876.0949,2026-04-24 10:00:00
1777028400000,77709.8,78347.1,77709.8,78191.3,7449.1584,2026-04-24 11:00:00
1777032000000,78191.3,78299.6,77956.3,78233.3,2879.7303,2026-04-24 12:00:00
1777035600000,78233.2,78440.0,77864.8,78051.9,5682.2599,2026-04-24 13:00:00
1777039200000,78051.8,78051.8,77638.0,77990.5,4348.4793,2026-04-24 14:00:00
1777042800000,77990.4,78200.0,77524.4,78006.8,6124.4982,2026-04-24 15:00:00
1777046400000,78006.8,78033.9,77550.0,77733.5,3478.7816,2026-04-24 16:00:00
1777050000000,77733.5,77794.4,77450.0,77648.3,3769.9522,2026-04-24 17:00:00
1777053600000,77648.4,77695.8,77309.6,77582.6,2263.2602,2026-04-24 18:00:00
1777057200000,77582.7,77715.6,77485.1,77600.0,1694.3492,2026-04-24 19:00:00
1777060800000,77599.9,77726.3,77412.3,77691.8,1364.8651,2026-04-24 20:00:00
1777064400000,77691.7,77716.0,77500.0,77500.0,1242.0881,2026-04-24 21:00:00
1777068000000,77500.1,77570.6,77202.2,77283.0,3372.3602,2026-04-24 22:00:00
1777071600000,77283.0,77408.0,77283.0,77386.8,1281.2001,2026-04-24 23:00:00
1777075200000,77386.7,77444.1,77258.9,77410.1,1075.0873,2026-04-25 00:00:00
1777078800000,77410.1,77568.8,77390.7,77487.1,1076.6454,2026-04-25 01:00:00
1777082400000,77487.0,77598.9,77450.0,77555.4,1022.9561,2026-04-25 02:00:00
1777086000000,77555.4,77674.7,77492.8,77625.7,1180.0275,2026-04-25 03:00:00
1777089600000,77625.7,77655.1,77551.4,77582.6,637.9262,2026-04-25 04:00:00
1777093200000,77582.5,77582.5,77425.0,77480.8,811.463,2026-04-25 05:00:00
1777096800000,77480.9,77557.3,77448.6,77468.5,595.07,2026-04-25 06:00:00
1777100400000,77468.5,77530.6,77409.7,77454.2,865.6962,2026-04-25 07:00:00
1777104000000,77454.3,77620.8,77439.1,77600.0,1329.4144,2026-04-25 08:00:00
1777107600000,77600.0,77734.9,77542.8,77666.8,1231.6266,2026-04-25 09:00:00
1777111200000,77666.9,77839.6,77666.8,77743.8,1684.9776,2026-04-25 10:00:00
1777114800000,77743.8,77743.8,77569.1,77655.8,1492.2051,2026-04-25 11:00:00
1777118400000,77655.8,77687.3,77501.0,77520.1,1496.5008,2026-04-25 12:00:00
1777122000000,77520.2,77677.5,77516.0,77645.0,829.1387,2026-04-25 13:00:00
1777125600000,77645.0,77715.4,77590.0,77616.9,951.4981,2026-04-25 14:00:00
1777129200000,77617.0,77682.1,77256.1,77290.0,2677.6246,2026-04-25 15:00:00
1777132800000,77289.9,77413.3,77034.5,77361.5,4574.3675,2026-04-25 16:00:00
1777136400000,77361.5,77371.2,77171.9,77216.0,920.541,2026-04-25 17:00:00
1777140000000,77216.1,77352.6,77177.2,77257.1,1008.6277,2026-04-25 18:00:00
1777143600000,77257.1,77312.5,77151.1,77292.0,779.2256,2026-04-25 19:00:00
1777147200000,77292.0,77440.3,77263.0,77432.5,806.2259,2026-04-25 20:00:00
1777150800000,77432.6,77513.2,77375.0,77496.8,806.3961,2026-04-25 21:00:00
1777154400000,77496.9,77607.6,77459.6,77524.8,1077.4228,2026-04-25 22:00:00
1777158000000,77524.8,77616.0,77480.5,77587.9,782.239,2026-04-25 23:00:00
1777161600000,77588.0,77600.0,77403.1,77467.7,1079.0135,2026-04-26 00:00:00
1777165200000,77467.7,77535.0,77411.9,77416.8,821.0183,2026-04-26 01:00:00
1777168800000,77416.8,77560.0,77408.3,77481.0,703.8627,2026-04-26 02:00:00
1777172400000,77481.0,77510.0,77289.8,77359.6,1110.3504,2026-04-26 03:00:00
1777176000000,77359.5,77788.0,77336.9,77740.1,2158.67,2026-04-26 04:00:00
1777179600000,77740.0,78174.7,77680.0,77944.1,5227.4654,2026-04-26 05:00:00
1777183200000,77944.0,78022.7,77854.4,77979.9,1516.4277,2026-04-26 06:00:00
1777186800000,77980.0,78093.4,77926.3,78072.8,1048.034,2026-04-26 07:00:00
1777190400000,78072.8,78185.1,77968.8,77993.7,1814.4365,2026-04-26 08:00:00
1777194000000,77993.6,78025.0,77888.0,77964.7,1119.3059,2026-04-26 09:00:00
1777197600000,77964.8,78025.3,77912.3,77964.9,1089.1811,2026-04-26 10:00:00
1777201200000,77964.9,78117.3,77964.9,78052.7,975.2123,2026-04-26 11:00:00
1777204800000,78052.7,78063.0,77705.2,77792.8,2238.9191,2026-04-26 12:00:00
1777208400000,77792.7,77969.7,77751.7,77928.5,1411.6894,2026-04-26 13:00:00
1777212000000,77928.5,78138.9,77842.3,78050.0,2217.6406,2026-04-26 14:00:00
1777215600000,78050.1,78084.9,77950.0,78005.2,1132.849,2026-04-26 15:00:00
1777219200000,78005.3,78050.0,77888.0,77891.5,941.8107,2026-04-26 16:00:00
1777222800000,77891.5,78020.0,77803.0,77980.0,1649.1678,2026-04-26 17:00:00
1777226400000,77980.0,78319.8,77950.0,78230.6,3771.7301,2026-04-26 18:00:00
1777230000000,78230.6,78470.5,77950.2,78179.9,5685.3328,2026-04-26 19:00:00
1777233600000,78180.0,78351.2,78108.0,78140.8,1208.6857,2026-04-26 20:00:00
1777237200000,78140.9,78958.9,77767.0,78382.8,8116.0415,2026-04-26 21:00:00
1777240800000,78382.9,78854.2,77911.2,78281.7,7811.1663,2026-04-26 22:00:00
1777244400000,78281.7,78898.9,77973.3,78621.5,8794.3035,2026-04-26 23:00:00
1777248000000,78621.6,79355.0,78340.0,79262.7,4701.1859,2026-04-27 00:00:00
1777251600000,79262.8,79489.9,78666.0,79236.9,8595.6226,2026-04-27 01:00:00
1777255200000,79236.9,79259.2,78979.9,79077.5,2161.919,2026-04-27 02:00:00
1777258800000,79077.5,79290.4,79023.3,79055.9,1548.6514,2026-04-27 03:00:00
1777262400000,79055.9,79122.7,78832.0,78879.6,1620.7378,2026-04-27 04:00:00
1777266000000,78879.7,78906.4,77512.4,77740.1,13939.2821,2026-04-27 05:00:00
1777269600000,77740.1,77829.6,77410.0,77663.9,4209.0042,2026-04-27 06:00:00
1777273200000,77663.9,77700.0,77526.0,77558.2,2239.0287,2026-04-27 07:00:00
1777276800000,77558.2,77777.0,77502.2,77763.8,2567.9407,2026-04-27 08:00:00
1777280400000,77763.8,77936.3,77650.0,77853.1,2829.8248,2026-04-27 09:00:00
1777284000000,77853.1,77899.0,77740.0,77804.7,1196.0047,2026-04-27 10:00:00
1777287600000,77804.6,77839.7,77684.5,77795.5,1314.4322,2026-04-27 11:00:00
1777291200000,77795.5,77826.6,77583.4,77630.0,2279.6457,2026-04-27 12:00:00
1777294800000,77629.9,77922.6,77533.4,77713.1,4098.887,2026-04-27 13:00:00
1777298400000,77713.2,78233.0,77640.0,77775.9,6419.7746,2026-04-27 14:00:00
1777302000000,77775.9,77788.7,76518.0,76758.1,17817.9572,2026-04-27 15:00:00
1777305600000,76758.1,76833.0,76501.0,76590.0,3813.7293,2026-04-27 16:00:00
1777309200000,76590.0,76904.6,76581.1,76698.2,3437.6515,2026-04-27 17:00:00
1777312800000,76698.3,76864.3,76615.4,76791.0,1779.2463,2026-04-27 18:00:00
1777316400000,76791.0,76858.0,76400.0,76835.4,5607.6101,2026-04-27 19:00:00
1777320000000,76835.3,77032.9,76789.8,76908.5,1576.3302,2026-04-27 20:00:00
1777323600000,76908.6,76939.8,76733.0,76733.0,1037.9638,2026-04-27 21:00:00
1777327200000,76733.1,77045.2,76720.0,77019.1,1524.4932,2026-04-27 22:00:00
1777330800000,77019.1,77410.0,76962.5,77327.6,3593.8785,2026-04-27 23:00:00
1777334400000,77327.6,77444.0,77168.5,77341.5,2539.2865,2026-04-28 00:00:00
1777338000000,77341.4,77359.4,76987.5,77040.1,1976.9908,2026-04-28 01:00:00
1777341600000,77040.1,77198.8,76611.0,76848.0,4074.4263,2026-04-28 02:00:00
1777345200000,76848.1,76856.5,76636.0,76770.3,1464.9868,2026-04-28 03:00:00
1777348800000,76770.4,76919.0,76650.0,76844.9,1650.5074,2026-04-28 04:00:00
1777352400000,76845.0,77120.9,76761.0,76840.7,2191.314,2026-04-28 05:00:00
1777356000000,76840.7,76976.5,76518.1,76658.8,2644.811,2026-04-28 06:00:00
1777359600000,76658.7,76881.6,76355.1,76828.0,3637.1162,2026-04-28 07:00:00
1777363200000,76828.0,76947.1,76689.3,76813.9,1989.0508,2026-04-28 08:00:00
1777366800000,76813.9,76822.0,76452.9,76554.2,1753.7575,2026-04-28 09:00:00
1777370400000,76554.1,76652.9,76440.0,76579.4,1399.0536,2026-04-28 10:00:00
1777374000000,76579.4,76602.2,76088.0,76199.9,4808.1615,2026-04-28 11:00:00
1777377600000,76200.0,76389.0,76121.2,76347.4,3057.8724,2026-04-28 12:00:00
1777381200000,76347.4,76386.0,75929.4,76159.6,5842.8936,2026-04-28 13:00:00
1777384800000,76159.6,76168.4,75624.7,75917.7,7187.3357,2026-04-28 14:00:00
1777388400000,75917.6,76050.0,75805.0,76026.3,3166.8985,2026-04-28 15:00:00
1777392000000,76026.4,76209.6,75854.3,76096.7,2366.5464,2026-04-28 16:00:00
1777395600000,76096.6,76241.5,75920.2,76155.0,2313.2944,2026-04-28 17:00:00
1777399200000,76154.9,76250.0,76097.1,76205.3,2272.4329,2026-04-28 18:00:00
1777402800000,76205.4,76359.0,76036.4,76295.9,1731.9568,2026-04-28 19:00:00
1777406400000,76295.8,76445.0,76290.9,76432.6,1404.7569,2026-04-28 20:00:00
1777410000000,76432.5,76449.9,76231.6,76325.2,1083.5147,2026-04-28 21:00:00
1777413600000,76325.2,76418.6,76178.6,76207.7,888.1407,2026-04-28 22:00:00
1777417200000,76207.6,76347.0,76143.8,76301.9,870.3895,2026-04-28 23:00:00
1777420800000,76301.9,76525.0,76237.0,76477.1,1643.2951,2026-04-29 00:00:00
1777424400000,76477.2,76630.0,76132.7,76534.3,2936.7921,2026-04-29 01:00:00
1777428000000,76534.4,76624.6,76364.0,76491.2,1432.8141,2026-04-29 02:00:00
1777431600000,76491.1,77086.7,76475.6,76946.4,4830.8044,2026-04-29 03:00:00
1777435200000,76946.5,77416.7,76837.6,77216.9,5998.8763,2026-04-29 04:00:00
1777438800000,77216.8,77278.9,77148.3,77244.9,3173.6675,2026-04-29 05:00:00
1777442400000,77244.9,77288.0,76888.0,76984.7,3759.5398,2026-04-29 06:00:00
1777446000000,76984.8,77147.8,76973.0,77017.9,2028.0857,2026-04-29 07:00:00
1777449600000,77017.9,77113.8,76922.2,77001.2,1615.2183,2026-04-29 08:00:00
1777453200000,77001.1,77773.5,76922.0,77610.2,5915.4422,2026-04-29 09:00:00
1777456800000,77610.2,77882.3,77513.6,77580.0,4257.5897,2026-04-29 10:00:00
1777460400000,77580.0,77642.2,77435.6,77543.6,2768.5874,2026-04-29 11:00:00
1777464000000,77543.6,77553.0,76938.0,77108.0,5577.2364,2026-04-29 12:00:00
1777467600000,77108.0,77211.1,76382.2,76735.1,7853.3035,2026-04-29 13:00:00
1777471200000,76735.2,76833.2,76444.0,76540.0,3683.5157,2026-04-29 14:00:00
1777474800000,76540.0,76602.5,75669.0,75892.4,8000.088,2026-04-29 15:00:00
1777478400000,75892.4,76095.3,75645.0,75770.9,5706.6496,2026-04-29 16:00:00
1777482000000,75771.0,76163.0,75764.4,76154.4,3138.8587,2026-04-29 17:00:00
1777485600000,76154.4,76225.6,74893.3,75470.9,14900.0679,2026-04-29 18:00:00
1777489200000,75470.9,75552.6,75260.0,75510.6,3320.6361,2026-04-29 19:00:00
1777492800000,75510.5,75834.2,75452.4,75634.4,5037.803,2026-04-29 20:00:00
1777496400000,75634.3,76063.9,75568.6,75900.0,1713.7611,2026-04-29 21:00:00
1777500000000,75900.0,75969.9,75782.1,75885.2,1427.4763,2026-04-29 22:00:00
1777503600000,75885.1,75963.2,75651.2,75755.0,1849.403,2026-04-29 23:00:00
1777507200000,75755.0,76300.0,75612.9,76210.1,3732.9619,2026-04-30 00:00:00
1777510800000,76210.0,76432.3,76134.0,76193.3,2366.9983,2026-04-30 01:00:00
1777514400000,76193.3,76313.9,75454.2,75669.5,4062.9735,2026-04-30 02:00:00
1777518000000,75669.4,75950.0,75620.7,75886.0,2095.8101,2026-04-30 03:00:00
1777521600000,75886.1,75928.0,75364.0,75461.1,2892.3861,2026-04-30 04:00:00
1777525200000,75461.1,75722.6,75276.9,75562.4,2026.641,2026-04-30 05:00:00
1777528800000,75562.5,75835.8,75538.0,75715.0,1926.4578,2026-04-30 06:00:00
1777532400000,75715.1,76142.9,75675.8,76123.1,2690.2624,2026-04-30 07:00:00
1777536000000,76123.2,76173.1,75969.0,76019.7,2456.1355,2026-04-30 08:00:00
1777539600000,76019.7,76315.8,75962.8,76066.1,2249.5592,2026-04-30 09:00:00
1777543200000,76066.0,76133.7,75940.0,75999.5,1395.6633,2026-04-30 10:00:00
1777546800000,75999.5,76209.4,75850.0,76026.4,3961.0695,2026-04-30 11:00:00
1777550400000,76026.4,76377.3,76001.0,76256.7,3883.1064,2026-04-30 12:00:00
1777554000000,76256.6,76621.0,76063.0,76369.5,6337.3655,2026-04-30 13:00:00
1777557600000,76369.5,76540.0,76050.9,76249.5,7244.3201,2026-04-30 14:00:00
1777561200000,76249.6,76611.0,76113.3,76416.3,2933.003,2026-04-30 15:00:00
1777564800000,76416.3,76438.6,76183.6,76220.0,1782.1242,2026-04-30 16:00:00
1777568400000,76220.0,76290.1,76063.0,76202.8,2178.1441,2026-04-30 17:00:00
1777572000000,76202.8,76445.0,76143.2,76300.0,3145.1398,2026-04-30 18:00:00
1777575600000,76300.0,76465.0,76258.6,76357.4,1838.9988,2026-04-30 19:00:00
1777579200000,76357.3,76544.0,76243.7,76453.1,3293.7133,2026-04-30 20:00:00
1777582800000,76453.1,76497.6,76191.1,76198.0,877.3561,2026-04-30 21:00:00
1777586400000,76197.9,76419.5,76169.0,76204.8,840.5082,2026-04-30 22:00:00
1777590000000,76204.8,76359.5,76181.0,76312.8,1087.0309,2026-04-30 23:00:00
1777593600000,76312.9,76550.0,76275.4,76417.9,1576.2695,2026-05-01 00:00:00
1777597200000,76417.9,76742.1,76405.3,76642.2,2051.1157,2026-05-01 01:00:00
1777600800000,76642.3,76700.0,76490.0,76560.8,1339.4559,2026-05-01 02:00:00
1777604400000,76560.8,77426.9,76501.3,77087.3,9519.7629,2026-05-01 03:00:00
1777608000000,77087.4,77166.0,76922.4,77009.2,2975.281,2026-05-01 04:00:00
1777611600000,77009.2,77157.4,77007.0,77132.7,1445.7288,2026-05-01 05:00:00
1777615200000,77132.7,77145.0,76827.6,76958.1,2331.4187,2026-05-01 06:00:00
1777618800000,76958.0,77111.0,76924.1,77104.0,2032.0938,2026-05-01 07:00:00
1777622400000,77103.9,77470.0,77014.1,77325.6,3699.9315,2026-05-01 08:00:00
1777626000000,77325.5,77355.1,77157.3,77235.9,1902.4982,2026-05-01 09:00:00
1777629600000,77235.9,77400.0,77108.9,77262.1,2404.6052,2026-05-01 10:00:00
1777633200000,77262.1,77562.4,77222.2,77419.6,3262.6092,2026-05-01 11:00:00
1777636800000,77419.7,78170.0,77353.5,77857.7,10595.7638,2026-05-01 12:00:00
1777640400000,77857.8,78888.0,77857.7,78697.2,12755.5904,2026-05-01 13:00:00
1777644000000,78697.1,78856.2,78014.0,78310.3,7460.874,2026-05-01 14:00:00
1777647600000,78310.3,78700.0,78129.7,78400.0,5237.5259,2026-05-01 15:00:00
1777651200000,78400.0,78643.9,78116.7,78169.8,4116.2019,2026-05-01 16:00:00
1777654800000,78169.7,78547.0,78090.1,78507.2,2497.1371,2026-05-01 17:00:00
1777658400000,78507.2,78588.8,78330.0,78390.0,1713.2148,2026-05-01 18:00:00
1777662000000,78389.9,78499.9,78269.3,78322.2,1356.6618,2026-05-01 19:00:00
1777665600000,78322.2,78398.4,77715.0,77845.6,3002.4671,2026-05-01 20:00:00
1777669200000,77845.6,78169.0,77826.0,78164.1,1479.8722,2026-05-01 21:00:00
1777672800000,78164.1,78367.7,78088.4,78108.2,1271.0056,2026-05-01 22:00:00
1777676400000,78108.1,78204.3,77991.5,78195.4,1019.1903,2026-05-01 23:00:00
1777680000000,78195.4,78350.0,78116.2,78299.9,974.091,2026-05-02 00:00:00
1777683600000,78300.0,78399.6,78250.4,78296.0,838.2841,2026-05-02 01:00:00
1777687200000,78296.0,78493.3,78205.7,78313.8,1184.684,2026-05-02 02:00:00
1777690800000,78313.9,78495.3,78188.7,78374.0,1231.6989,2026-05-02 03:00:00
1777694400000,78374.1,78412.8,78075.2,78147.4,1529.3157,2026-05-02 04:00:00
1777698000000,78147.3,78228.3,78006.3,78151.0,1791.7214,2026-05-02 05:00:00
1777701600000,78151.0,78348.3,78100.9,78292.2,993.1186,2026-05-02 06:00:00
1777705200000,78292.2,78322.7,78164.3,78186.5,755.6274,2026-05-02 07:00:00
1777708800000,78186.5,78324.0,78116.9,78283.3,929.7371,2026-05-02 08:00:00
1777712400000,78283.4,78370.9,78163.7,78262.1,879.4531,2026-05-02 09:00:00
1777716000000,78262.1,78281.0,78188.0,78211.6,577.873,2026-05-02 10:00:00
1777719600000,78211.6,78211.6,78062.3,78115.4,1266.1801,2026-05-02 11:00:00
1777723200000,78115.4,78245.9,78074.1,78174.3,911.668,2026-05-02 12:00:00
1777726800000,78174.3,78411.5,78174.3,78331.3,1178.6016,2026-05-02 13:00:00
1777730400000,78331.3,78460.7,78272.8,78376.1,1355.6297,2026-05-02 14:00:00
1777734000000,78376.0,78450.0,78317.5,78448.0,809.0958,2026-05-02 15:00:00
1777737600000,78448.1,78569.9,78373.8,78415.6,1473.3926,2026-05-02 16:00:00
1777741200000,78415.6,78458.8,78316.4,78359.2,542.0582,2026-05-02 17:00:00
1777744800000,78359.3,78472.1,78266.9,78428.4,840.9048,2026-05-02 18:00:00
1777748400000,78428.5,78488.0,78400.7,78448.9,323.0033,2026-05-02 19:00:00
1777752000000,78448.9,78456.5,78370.6,78413.6,230.0604,2026-05-02 20:00:00
1777755600000,78413.6,79172.9,78400.0,78697.8,4174.0568,2026-05-02 21:00:00
1777759200000,78697.8,78843.9,78576.0,78800.0,1467.6641,2026-05-02 22:00:00
1777762800000,78800.0,78800.0,78584.2,78656.0,862.8539,2026-05-02 23:00:00
1777766400000,78655.9,78728.0,78450.0,78510.2,1516.417,2026-05-03 00:00:00
1777770000000,78510.2,78510.3,78100.0,78200.0,2835.821,2026-05-03 01:00:00
1777773600000,78200.0,78273.4,78050.2,78132.0,1820.5488,2026-05-03 02:00:00
1777777200000,78132.0,78168.6,78060.0,78163.8,1100.6212,2026-05-03 03:00:00
1777780800000,78163.7,78196.0,78067.9,78125.7,872.0519,2026-05-03 04:00:00
1777784400000,78125.7,78218.8,78118.0,78202.5,665.3,2026-05-03 05:00:00
1777788000000,78202.6,78315.2,78011.7,78244.7,1617.5519,2026-05-03 06:00:00
1777791600000,78244.6,78406.8,78244.6,78317.6,1701.1888,2026-05-03 07:00:00
1777795200000,78317.6,78466.0,78317.5,78350.0,979.0298,2026-05-03 08:00:00
1777798800000,78350.0,78575.0,78300.1,78500.7,1697.1958,2026-05-03 09:00:00
1777802400000,78500.8,78505.9,78369.9,78375.9,733.3484,2026-05-03 10:00:00
1777806000000,78375.9,78833.0,78342.5,78620.5,2853.3764,2026-05-03 11:00:00
1777809600000,78620.5,78863.8,78620.5,78717.6,2107.1555,2026-05-03 12:00:00
1777813200000,78717.6,78739.8,78540.9,78638.2,1654.2753,2026-05-03 13:00:00
1777816800000,78638.2,78760.9,78582.0,78708.0,991.9112,2026-05-03 14:00:00
1777820400000,78708.1,78780.0,78583.1,78632.2,1097.1669,2026-05-03 15:00:00
1777824000000,78632.2,78752.0,78562.0,78630.1,953.5339,2026-05-03 16:00:00
1777827600000,78630.0,78793.0,78524.0,78697.9,1062.1833,2026-05-03 17:00:00
1777831200000,78697.8,78722.8,78595.3,78696.4,614.5265,2026-05-03 18:00:00
1777834800000,78696.3,78821.0,78638.0,78733.9,643.5167,2026-05-03 19:00:00
1777838400000,78733.8,79266.8,78691.0,78877.2,3367.0222,2026-05-03 20:00:00
1777842000000,78877.2,79032.3,78614.1,78797.0,1587.7391,2026-05-03 21:00:00
1777845600000,78797.1,79428.4,78797.1,79141.3,4497.6114,2026-05-03 22:00:00
1777849200000,79141.4,79266.7,78444.4,78531.0,3764.5037,2026-05-03 23:00:00
1777852800000,78531.1,78533.3,78225.0,78507.1,3392.2832,2026-05-04 00:00:00
1777856400000,78507.2,79855.0,78369.4,79754.9,10324.3733,2026-05-04 01:00:00
1777860000000,79754.9,80430.0,79500.0,80138.1,14585.985,2026-05-04 02:00:00
1777863600000,80138.1,80465.4,79888.0,80284.6,5544.3343,2026-05-04 03:00:00
1777867200000,80284.7,80597.4,80200.0,80309.3,5719.6104,2026-05-04 04:00:00
1777870800000,80309.3,80377.0,79912.6,79993.9,3584.2781,2026-05-04 05:00:00
1777874400000,79994.0,80027.3,79450.1,79833.5,4620.9064,2026-05-04 06:00:00
1777878000000,79833.5,79914.7,79635.2,79665.3,1939.5364,2026-05-04 07:00:00
1777881600000,79665.2,79774.5,79560.0,79677.5,1993.7814,2026-05-04 08:00:00
1777885200000,79677.4,79894.9,79606.0,79801.3,1695.0695,2026-05-04 09:00:00
1777888800000,79801.3,79862.7,78146.8,78897.2,21897.5192,2026-05-04 10:00:00
1777892400000,78897.2,79080.0,78652.9,78756.9,2795.7799,2026-05-04 11:00:00
1777896000000,78756.8,78983.6,78667.4,78801.8,2186.8401,2026-05-04 12:00:00
1777899600000,78801.8,79100.0,78522.5,78743.1,4983.2958,2026-05-04 13:00:00
1777903200000,78743.1,80513.0,78423.5,80184.6,16135.1354,2026-05-04 14:00:00
1777906800000,80184.6,80345.5,79276.8,79990.6,14279.2647,2026-05-04 15:00:00
1777910400000,79990.6,80366.0,79571.6,79981.7,7188.9592,2026-05-04 16:00:00
1777914000000,79981.7,80746.5,79981.6,80347.8,5592.2568,2026-05-04 17:00:00
1777917600000,80347.9,80409.5,80000.0,80076.6,3077.9145,2026-05-04 18:00:00
1777921200000,80076.5,80103.3,79841.6,80006.1,2212.9181,2026-05-04 19:00:00
1777924800000,80006.0,80113.4,79826.3,79888.1,1294.2562,2026-05-04 20:00:00
1777928400000,79888.2,80341.3,79888.2,80216.9,1102.6856,2026-05-04 21:00:00
1777932000000,80216.9,80360.0,80000.0,80025.1,1423.0615,2026-05-04 22:00:00
1777935600000,80025.2,80025.2,79706.5,79821.4,2086.3638,2026-05-04 23:00:00
1777939200000,79821.3,80144.0,79756.8,80129.9,1710.5961,2026-05-05 00:00:00
1777942800000,80129.8,80343.3,80035.4,80306.5,1891.2504,2026-05-05 01:00:00
1777946400000,80306.4,80888.0,80253.8,80526.7,5492.2804,2026-05-05 02:00:00
1777950000000,80526.8,81076.5,80407.5,80848.7,5123.3042,2026-05-05 03:00:00
1777953600000,80848.6,80966.0,80686.9,80861.1,2621.7115,2026-05-05 04:00:00
1777957200000,80861.1,81309.9,80800.0,80940.6,5586.2118,2026-05-05 05:00:00
1777960800000,80940.7,80985.5,80751.4,80938.1,2406.3511,2026-05-05 06:00:00
1777964400000,80938.0,81127.1,80793.4,80821.9,2794.043,2026-05-05 07:00:00
1777968000000,80821.8,80860.0,80659.2,80779.1,1971.2844,2026-05-05 08:00:00
1777971600000,80779.2,80779.2,80483.4,80552.3,2595.1201,2026-05-05 09:00:00
1777975200000,80552.3,80820.6,80490.0,80799.5,2231.7015,2026-05-05 10:00:00
1777978800000,80799.5,81080.5,80741.0,80979.9,3240.6812,2026-05-05 11:00:00
1777982400000,80980.0,81275.6,80889.4,81234.0,3413.7112,2026-05-05 12:00:00
1777986000000,81234.1,81688.0,81147.2,81290.4,11033.9403,2026-05-05 13:00:00
1777989600000,81290.3,81472.6,80900.4,81284.6,6470.6105,2026-05-05 14:00:00
1777993200000,81284.6,81665.3,81181.5,81484.3,3992.7048,2026-05-05 15:00:00
1777996800000,81484.4,81573.6,81000.0,81249.6,4833.9048,2026-05-05 16:00:00
1778000400000,81249.6,81435.4,81144.1,81237.0,2004.4362,2026-05-05 17:00:00
1778004000000,81237.1,81588.0,81237.1,81470.6,1637.4253,2026-05-05 18:00:00
1778007600000,81470.6,81645.8,81361.9,81557.2,1615.0085,2026-05-05 19:00:00
1778011200000,81557.2,81792.4,81468.0,81609.9,3652.2365,2026-05-05 20:00:00
1778014800000,81609.8,81750.0,81268.6,81371.9,2009.2601,2026-05-05 21:00:00
1778018400000,81371.9,81569.8,80762.1,81073.5,5129.2536,2026-05-05 22:00:00
1778022000000,81073.6,81180.4,80738.6,80875.3,2720.745,2026-05-05 23:00:00
1778025600000,80875.3,81224.0,80653.9,80993.8,3243.7788,2026-05-06 00:00:00
1778029200000,80993.8,81500.0,80945.5,81388.8,2833.6659,2026-05-06 01:00:00
1778032800000,81388.8,81405.7,80995.2,81327.9,1928.3879,2026-05-06 02:00:00
1778036400000,81327.9,81721.8,81313.2,81535.9,3951.3311,2026-05-06 03:00:00
1778040000000,81536.0,81614.4,81207.2,81280.2,2208.4918,2026-05-06 04:00:00
1778043600000,81280.2,81300.0,81010.4,81287.0,2319.45,2026-05-06 05:00:00
1778047200000,81287.0,81475.5,81166.7,81431.1,2225.6714,2026-05-06 06:00:00
1778050800000,81431.0,81570.1,81270.0,81333.8,2398.519,2026-05-06 07:00:00
1778054400000,81333.7,81972.0,81281.0,81911.0,5974.2652,2026-05-06 08:00:00
1778058000000,81911.0,82080.8,81630.0,81960.1,6210.4288,2026-05-06 09:00:00
1778061600000,81960.1,82380.0,81921.5,82240.1,6510.3798,2026-05-06 10:00:00
1778065200000,82240.1,82800.0,82211.1,82489.9,9245.1,2026-05-06 11:00:00
1778068800000,82490.0,82518.8,82071.5,82189.2,6568.9159,2026-05-06 12:00:00
1778072400000,82189.2,82189.5,81551.1,81631.8,9813.5062,2026-05-06 13:00:00
1778076000000,81631.7,81955.0,81090.5,81479.3,11044.5777,2026-05-06 14:00:00
1778079600000,81479.2,81786.4,81271.0,81658.3,3570.2881,2026-05-06 15:00:00
1778083200000,81658.3,81853.8,81380.0,81574.0,2834.653,2026-05-06 16:00:00
1778086800000,81573.9,81659.4,81340.0,81408.3,1997.7753,2026-05-06 17:00:00
1778090400000,81408.3,81525.7,81210.0,81305.2,1663.321,2026-05-06 18:00:00
1778094000000,81305.1,81480.0,81157.6,81422.2,1223.0908,2026-05-06 19:00:00
1778097600000,81422.1,81668.0,81248.7,81383.8,1788.2429,2026-05-06 20:00:00
1778101200000,81383.8,81566.4,81244.9,81499.9,719.2295,2026-05-06 21:00:00
1778104800000,81499.9,81502.8,81196.9,81294.1,1245.4902,2026-05-06 22:00:00
1778108400000,81294.1,81406.9,80944.6,81395.7,3158.3372,2026-05-06 23:00:00
1778112000000,81395.7,81448.3,80910.0,80976.2,2457.6999,2026-05-07 00:00:00
1778115600000,80976.2,81266.4,80786.1,81132.0,4132.0594,2026-05-07 01:00:00
1778119200000,81132.1,81144.0,80848.5,81084.5,2725.5938,2026-05-07 02:00:00
1778122800000,81084.6,81084.6,80796.8,80808.0,2193.015,2026-05-07 03:00:00
1778126400000,80808.0,80950.0,80666.1,80949.9,2724.5662,2026-05-07 04:00:00
1778130000000,80949.9,81133.8,80932.8,81049.9,1882.6919,2026-05-07 05:00:00
1778133600000,81050.0,81411.0,80846.5,81405.7,3630.5761,2026-05-07 06:00:00
1778137200000,81405.7,81683.9,81352.0,81482.1,3905.244,2026-05-07 07:00:00
1778140800000,81482.2,81556.0,81157.4,81188.3,2165.2049,2026-05-07 08:00:00
1778144400000,81188.4,81190.0,80810.0,80892.0,4185.6397,2026-05-07 09:00:00
1778148000000,80892.0,80978.5,80525.5,80817.7,4012.1677,2026-05-07 10:00:00
1778151600000,80817.7,81025.6,80749.9,80836.6,2555.808,2026-05-07 11:00:00
1778155200000,80836.5,81155.0,80802.9,81118.2,2064.9322,2026-05-07 12:00:00
1778158800000,81118.3,81121.0,80221.0,80470.6,6888.5031,2026-05-07 13:00:00
1778162400000,80470.6,80654.7,80010.4,80143.5,8236.3526,2026-05-07 14:00:00
1778166000000,80143.5,80255.0,79640.7,79862.2,9872.9019,2026-05-07 15:00:00
1778169600000,79862.1,79983.0,79658.3,79763.5,4526.9647,2026-05-07 16:00:00
1778173200000,79763.5,80112.5,79421.0,80056.3,4825.7634,2026-05-07 17:00:00
1778176800000,80056.3,80235.0,79952.5,80160.1,2872.4595,2026-05-07 18:00:00
1778180400000,80160.1,80187.1,79894.3,80109.9,1587.0561,2026-05-07 19:00:00
1778184000000,80110.0,80352.1,79822.5,79847.0,1900.3068,2026-05-07 20:00:00
1778187600000,79847.0,79908.0,79612.1,79695.8,1781.039,2026-05-07 21:00:00
1778191200000,79695.7,79973.0,79540.6,79878.5,2016.899,2026-05-07 22:00:00
1778194800000,79878.5,80036.3,79829.0,79979.2,1141.0209,2026-05-07 23:00:00
1778198400000,79979.2,80111.9,79688.0,79800.0,1753.2971,2026-05-08 00:00:00
1778202000000,79800.0,79869.5,79570.9,79707.9,1437.0466,2026-05-08 01:00:00
1778205600000,79708.0,79729.6,79305.6,79440.1,3993.8567,2026-05-08 02:00:00
1778209200000,79440.1,79631.9,79118.7,79535.0,3680.9541,2026-05-08 03:00:00
1778212800000,79535.0,79720.0,79501.1,79614.9,1570.7985,2026-05-08 04:00:00
1778216400000,79614.9,79750.0,79555.0,79555.0,1092.9083,2026-05-08 05:00:00
1778220000000,79555.0,79613.6,79366.6,79481.0,1994.9369,2026-05-08 06:00:00
1778223600000,79481.1,79695.4,79205.9,79636.3,3009.8627,2026-05-08 07:00:00
1778227200000,79636.3,79951.0,79621.2,79850.0,2802.6476,2026-05-08 08:00:00
1778230800000,79849.9,80024.4,79735.2,79828.4,2811.9595,2026-05-08 09:00:00
1778234400000,79828.3,80249.0,79731.6,80177.6,3416.1335,2026-05-08 10:00:00
1778238000000,80177.7,80305.5,80090.3,80193.2,3366.6587,2026-05-08 11:00:00
1778241600000,80193.2,80520.0,79922.0,79991.8,4908.363,2026-05-08 12:00:00
1778245200000,79991.7,80058.8,79500.0,79607.9,6660.1055,2026-05-08 13:00:00
1778248800000,79608.0,80428.1,79608.0,80112.1,7801.249,2026-05-08 14:00:00
1778252400000,80112.1,80175.4,79578.9,80118.5,4023.1596,2026-05-08 15:00:00
1778256000000,80118.6,80164.2,79706.5,79770.1,3293.1899,2026-05-08 16:00:00
1778259600000,79770.0,80237.7,79715.0,80038.6,3718.3601,2026-05-08 17:00:00
1778263200000,80038.6,80272.7,80030.9,80048.4,2125.0594,2026-05-08 18:00:00
1778266800000,80048.4,80149.8,79888.7,80141.6,1461.5777,2026-05-08 19:00:00
1778270400000,80141.7,80259.7,80038.9,80100.0,889.444,2026-05-08 20:00:00
1778274000000,80100.0,80223.8,80074.8,80215.9,542.1562,2026-05-08 21:00:00
1778277600000,80215.8,80367.2,80187.9,80235.0,1320.696,2026-05-08 22:00:00
1778281200000,80235.0,80250.0,80051.4,80152.4,913.3423,2026-05-08 23:00:00
1778284800000,80152.5,80212.6,80089.7,80203.3,724.7314,2026-05-09 00:00:00
1778288400000,80203.3,80410.0,80180.0,80285.0,1146.8881,2026-05-09 01:00:00
1778292000000,80285.1,80440.0,80285.0,80384.0,1075.1066,2026-05-09 02:00:00
1778295600000,80384.0,80541.8,80263.6,80346.1,1316.9391,2026-05-09 03:00:00
1778299200000,80346.2,80649.9,80331.0,80351.4,2727.6386,2026-05-09 04:00:00
1778302800000,80351.5,80455.0,80315.0,80340.1,917.5291,2026-05-09 05:00:00
1778306400000,80340.1,80404.5,80161.0,80221.8,1920.4247,2026-05-09 06:00:00
1778310000000,80221.9,80270.7,80090.0,80190.0,1309.9408,2026-05-09 07:00:00
1778313600000,80190.1,80415.8,80175.2,80369.1,1522.5803,2026-05-09 08:00:00
1778317200000,80369.1,80373.9,80170.0,80200.0,920.215,2026-05-09 09:00:00
1778320800000,80200.0,80312.3,80120.1,80223.8,1124.154,2026-05-09 10:00:00
1778324400000,80223.9,80333.0,80207.1,80303.4,639.2772,2026-05-09 11:00:00
1778328000000,80303.5,80373.0,80220.0,80363.2,804.9703,2026-05-09 12:00:00
1778331600000,80363.2,80368.0,80268.0,80355.1,591.0605,2026-05-09 13:00:00
1778335200000,80355.1,80388.7,80200.2,80286.4,1556.6557,2026-05-09 14:00:00
1778338800000,80286.3,80569.1,80182.5,80484.7,2712.5315,2026-05-09 15:00:00
1778342400000,80484.8,80770.7,80439.4,80580.0,3582.964,2026-05-09 16:00:00
1778346000000,80580.0,80895.0,80580.0,80771.5,3099.3229,2026-05-09 17:00:00
1778349600000,80771.5,81047.8,80746.8,80880.0,2816.8687,2026-05-09 18:00:00
1778353200000,80880.1,80932.7,80742.0,80900.0,1161.6383,2026-05-09 19:00:00
1778356800000,80900.0,80908.9,80700.2,80768.4,647.7524,2026-05-09 20:00:00
1778360400000,80768.3,80873.1,80705.1,80740.0,707.3912,2026-05-09 21:00:00
1778364000000,80740.1,80785.8,80631.4,80731.0,672.3086,2026-05-09 22:00:00
1778367600000,80731.0,80814.3,80583.8,80631.6,702.0592,2026-05-09 23:00:00
1778371200000,80631.6,80742.0,80588.0,80638.3,897.0427,2026-05-10 00:00:00
1778374800000,80638.2,80655.0,80534.5,80645.7,934.5451,2026-05-10 01:00:00
1778378400000,80645.8,80755.0,80571.9,80746.3,863.6649,2026-05-10 02:00:00
1778382000000,80746.3,80847.0,80666.0,80731.5,1047.527,2026-05-10 03:00:00
1778385600000,80731.4,80808.0,80688.2,80721.4,576.7007,2026-05-10 04:00:00
1778389200000,80721.4,80777.1,80631.5,80660.1,575.1664,2026-05-10 05:00:00
1778392800000,80660.0,80726.3,80620.0,80709.2,736.4364,2026-05-10 06:00:00
1778396400000,80709.2,80760.6,80680.1,80700.1,566.5375,2026-05-10 07:00:00
1778400000000,80700.1,80900.0,80672.2,80803.6,1293.7224,2026-05-10 08:00:00
1778403600000,80803.7,80895.2,80715.0,80774.9,947.8845,2026-05-10 09:00:00
1778407200000,80774.9,80850.0,80650.1,80840.1,1338.8766,2026-05-10 10:00:00
1778410800000,80840.1,80936.3,80707.0,80781.6,1270.0659,2026-05-10 11:00:00
1778414400000,80781.7,80915.0,80732.2,80882.0,868.2706,2026-05-10 12:00:00
1778418000000,80882.0,80975.0,80820.8,80929.9,1057.0934,2026-05-10 13:00:00
1778421600000,80930.0,80960.0,80759.5,80938.8,1231.8336,2026-05-10 14:00:00
1778425200000,80938.7,81435.4,80888.0,81374.5,4992.4911,2026-05-10 15:00:00
1778428800000,81374.6,81464.3,81150.1,81332.2,3458.9969,2026-05-10 16:00:00
1778432400000,81332.3,81550.0,81172.5,81439.7,2342.8346,2026-05-10 17:00:00
1778436000000,81439.7,81459.6,81188.2,81225.4,1155.8359,2026-05-10 18:00:00
1778439600000,81225.4,81442.1,81104.0,81393.1,1145.6145,2026-05-10 19:00:00
1778443200000,81393.2,81415.9,80228.0,80696.2,6221.3074,2026-05-10 20:00:00
1778446800000,80696.2,80907.7,80514.0,80671.2,3740.287,2026-05-10 21:00:00
1778450400000,80671.1,82166.7,80621.0,82016.0,11686.6111,2026-05-10 22:00:00
1778454000000,82015.9,82464.1,82015.9,82182.8,6666.505,2026-05-10 23:00:00
1778457600000,82182.9,82364.3,81250.0,81442.9,7407.9,2026-05-11 00:00:00
1778461200000,81442.9,81736.3,81256.1,81471.5,2916.8143,2026-05-11 01:00:00
1778464800000,81471.6,81546.6,81080.1,81155.5,2650.6605,2026-05-11 02:00:00
1778468400000,81155.6,81169.6,80500.0,80700.7,7275.0205,2026-05-11 03:00:00
1778472000000,80700.8,80864.5,80612.7,80780.1,1732.4278,2026-05-11 04:00:00
1778475600000,80780.0,80950.0,80729.0,80808.0,1598.4445,2026-05-11 05:00:00
1778479200000,80807.9,81021.7,80725.7,80797.0,1508.584,2026-05-11 06:00:00
1778482800000,80797.1,80805.1,80634.9,80706.3,1443.2979,2026-05-11 07:00:00
1778486400000,80706.3,80838.5,80577.5,80725.0,1758.9639,2026-05-11 08:00:00
1778490000000,80724.9,80968.9,80716.9,80918.8,1415.335,2026-05-11 09:00:00
1778493600000,80918.8,81157.1,80859.5,80894.1,2469.7327,2026-05-11 10:00:00
1778497200000,80894.1,81153.0,80848.1,81152.9,1263.4221,2026-05-11 11:00:00
1778500800000,81153.0,81326.0,80978.5,81013.9,3612.037,2026-05-11 12:00:00
1778504400000,81013.9,81296.4,80722.1,81030.8,5077.8741,2026-05-11 13:00:00
1778508000000,81030.9,81221.4,80404.5,80910.1,5688.6582,2026-05-11 14:00:00
1778511600000,80910.1,81434.8,80788.1,81405.4,4256.81,2026-05-11 15:00:00
1778515200000,81405.5,81879.7,81303.1,81534.2,7446.0156,2026-05-11 16:00:00
1778518800000,81534.2,82033.2,81321.8,81893.0,4108.735,2026-05-11 17:00:00
1778522400000,81893.1,82100.0,81769.5,81820.8,3232.9879,2026-05-11 18:00:00
1778526000000,81820.8,82055.0,81670.3,81916.1,2433.2527,2026-05-11 19:00:00
1778529600000,81916.1,82032.2,81688.0,81774.9,1631.3871,2026-05-11 20:00:00
1778533200000,81775.0,81861.6,81537.5,81779.2,1182.7716,2026-05-11 21:00:00
1778536800000,81779.2,81929.4,81688.8,81791.0,1164.4314,2026-05-11 22:00:00
1778540400000,81791.0,81791.1,81562.4,81696.6,969.5134,2026-05-11 23:00:00
1778544000000,81696.6,81751.1,81432.9,81505.8,1830.8189,2026-05-12 00:00:00
1778547600000,81505.7,81580.0,80666.0,81151.0,7727.7612,2026-05-12 01:00:00
1778551200000,81151.0,81302.5,81032.0,81226.4,2052.3382,2026-05-12 02:00:00
1778554800000,81226.3,81266.9,80987.0,81020.4,1310.4088,2026-05-12 03:00:00
1778558400000,81020.5,81275.0,80962.7,81178.9,1598.9115,2026-05-12 04:00:00
1778562000000,81178.9,81287.3,81150.9,81181.1,998.6854,2026-05-12 05:00:00
1778565600000,81181.0,81279.5,80970.7,80985.1,2010.1538,2026-05-12 06:00:00
1778569200000,80985.0,81096.6,80770.7,80809.9,4662.0323,2026-05-12 07:00:00
1778572800000,80810.0,80924.9,80710.0,80800.2,2458.4054,2026-05-12 08:00:00
1778576400000,80800.1,80916.1,80667.8,80795.1,2417.7014,2026-05-12 09:00:00
1778580000000,80795.1,80803.2,80568.0,80630.9,2478.7496,2026-05-12 10:00:00
1778583600000,80630.9,80738.0,80457.8,80733.3,2776.1096,2026-05-12 11:00:00
1778587200000,80733.3,80962.0,80569.0,80835.6,4996.6261,2026-05-12 12:00:00
1778590800000,80835.7,80888.0,80338.3,80418.1,6583.1731,2026-05-12 13:00:00
1778594400000,80418.0,80846.9,80338.3,80502.0,7219.4695,2026-05-12 14:00:00
1778598000000,80501.9,80623.0,80135.0,80286.8,6030.3382,2026-05-12 15:00:00
1778601600000,80286.9,80392.2,79779.0,79949.9,7103.739,2026-05-12 16:00:00
1778605200000,79950.0,80545.0,79900.0,80473.2,4453.7494,2026-05-12 17:00:00
1778608800000,80473.2,80724.1,80375.0,80628.9,2160.9606,2026-05-12 18:00:00
1778612400000,80629.0,80829.8,80622.8,80788.5,2235.15,2026-05-12 19:00:00
1778616000000,80788.5,80843.1,80593.0,80651.1,1038.6897,2026-05-12 20:00:00
1778619600000,80651.1,80700.0,80444.0,80542.2,1051.6224,2026-05-12 21:00:00
1778623200000,80542.3,80755.3,80542.3,80604.9,1096.2836,2026-05-12 22:00:00
1778626800000,80605.0,80671.4,80387.8,80460.2,1161.0293,2026-05-12 23:00:00
1778630400000,80460.2,80736.1,80363.5,80670.0,1575.7906,2026-05-13 00:00:00
1778634000000,80670.1,81167.9,80633.6,80959.5,3956.7295,2026-05-13 01:00:00
1778637600000,80959.5,81234.9,80888.0,81019.0,2115.1707,2026-05-13 02:00:00
1778641200000,81019.0,81274.3,80938.6,81211.9,2185.3811,2026-05-13 03:00:00
1778644800000,81212.0,81250.0,81068.4,81200.0,1955.6089,2026-05-13 04:00:00
1778648400000,81199.9,81210.7,80952.7,80993.4,1807.6008,2026-05-13 05:00:00
1778652000000,80993.3,81130.9,80935.9,80943.7,1501.9997,2026-05-13 06:00:00
1778655600000,80943.7,81013.0,80851.0,80983.3,1605.8354,2026-05-13 07:00:00
1778659200000,80983.3,81166.0,80902.6,81159.4,2776.8339,2026-05-13 08:00:00
1778662800000,81159.3,81320.1,81100.0,81256.9,3017.8297,2026-05-13 09:00:00
1778666400000,81256.9,81271.5,80768.6,80778.8,3455.3226,2026-05-13 10:00:00
1778670000000,80778.8,80825.0,80462.0,80468.3,4158.6604,2026-05-13 11:00:00
1778673600000,80468.3,80565.7,79814.3,80159.1,9245.4777,2026-05-13 12:00:00
1778677200000,80159.2,80317.0,79543.0,79620.1,8665.6669,2026-05-13 13:00:00
1778680800000,79620.1,79863.2,79420.0,79727.4,5729.8025,2026-05-13 14:00:00
1778684400000,79727.4,79823.0,78764.1,78800.1,12481.4331,2026-05-13 15:00:00
1778688000000,78800.1,79200.1,78721.5,79081.7,7160.4094,2026-05-13 16:00:00
1778691600000,79081.8,79539.8,79074.3,79477.1,3813.6907,2026-05-13 17:00:00
1778695200000,79477.1,79768.0,79477.1,79557.4,2831.1535,2026-05-13 18:00:00
1778698800000,79557.4,79619.0,79360.0,79607.7,2107.3851,2026-05-13 19:00:00
1778702400000,79607.7,79728.4,79590.7,79676.7,1323.7406,2026-05-13 20:00:00
1778706000000,79676.6,79676.7,79301.3,79362.3,1409.9348,2026-05-13 21:00:00
1778709600000,79362.3,79440.0,79170.8,79394.1,1476.8342,2026-05-13 22:00:00
1778713200000,79394.2,79470.0,79199.3,79288.2,1159.6035,2026-05-13 23:00:00
1778716800000,79288.2,79658.2,79280.7,79535.7,2273.0223,2026-05-14 00:00:00
1778720400000,79535.6,79650.8,79341.3,79560.4,1795.2164,2026-05-14 01:00:00
1778724000000,79560.3,79638.3,79174.3,79324.7,2628.4138,2026-05-14 02:00:00
1778727600000,79324.7,79416.6,78863.0,79008.1,5200.0426,2026-05-14 03:00:00
1778731200000,79008.2,79444.7,78940.0,79411.2,2366.9526,2026-05-14 04:00:00
1778734800000,79411.2,79970.0,79337.2,79775.9,4682.9868,2026-05-14 05:00:00
1778738400000,79776.0,79912.5,79716.8,79772.3,2325.7433,2026-05-14 06:00:00
1778742000000,79772.3,79900.0,79663.0,79708.2,1916.7176,2026-05-14 07:00:00
1778745600000,79708.2,79908.0,79587.2,79782.5,2463.4347,2026-05-14 08:00:00
1778749200000,79782.5,79882.6,79535.0,79600.0,2410.2364,2026-05-14 09:00:00
1778752800000,79599.9,79740.6,79370.5,79542.3,2739.8503,2026-05-14 10:00:00
1778756400000,79542.3,79580.0,79190.1,79225.0,2308.4025,2026-05-14 11:00:00
1778760000000,79225.0,79746.9,79199.2,79730.1,3950.0775,2026-05-14 12:00:00
1778763600000,79730.2,80043.7,79619.5,79655.7,6699.6253,2026-05-14 13:00:00
1778767200000,79655.7,80975.9,79516.9,80917.7,14387.486,2026-05-14 14:00:00
1778770800000,80917.7,81286.8,80759.1,81241.8,10729.423,2026-05-14 15:00:00
1778774400000,81241.9,81874.2,81015.6,81840.1,12803.0921,2026-05-14 16:00:00
1778778000000,81840.1,82001.0,81228.8,81633.0,10615.0966,2026-05-14 17:00:00
1778781600000,81633.0,81925.7,81388.7,81539.9,4335.8002,2026-05-14 18:00:00
1778785200000,81539.9,81675.0,81280.0,81380.8,2448.0258,2026-05-14 19:00:00
1778788800000,81380.9,81550.0,81125.4,81388.0,2039.2052,2026-05-14 20:00:00
1778792400000,81387.9,81497.9,81228.3,81360.7,1154.8911,2026-05-14 21:00:00
1778796000000,81360.7,81523.6,81300.0,81421.9,1064.7402,2026-05-14 22:00:00
1778799600000,81421.9,81421.9,81012.0,81060.0,2273.7701,2026-05-14 23:00:00
1778803200000,81059.9,81630.5,81030.0,81471.8,2933.2133,2026-05-15 00:00:00
1778806800000,81471.8,81583.3,81056.1,81088.0,2642.9535,2026-05-15 01:00:00
1778810400000,81088.0,81315.9,80691.6,81261.3,7409.7909,2026-05-15 02:00:00
1778814000000,81261.3,81309.6,80868.3,81021.1,3470.5787,2026-05-15 03:00:00
1778817600000,81021.2,81067.7,80660.0,80693.1,2519.588,2026-05-15 04:00:00
1778821200000,80693.1,80849.9,80251.5,80322.3,6852.4121,2026-05-15 05:00:00
1778824800000,80322.3,80600.0,80275.0,80553.0,3352.2882,2026-05-15 06:00:00
1778828400000,80553.0,80984.8,80523.2,80787.2,4919.7408,2026-05-15 07:00:00
1778832000000,80787.2,80799.9,80370.1,80614.0,2995.0406,2026-05-15 08:00:00
1778835600000,80614.0,80648.8,80333.0,80458.6,2402.5744,2026-05-15 09:00:00
1778839200000,80458.5,80744.5,80370.6,80684.4,2743.3885,2026-05-15 10:00:00
1778842800000,80684.5,80728.3,80555.0,80592.0,1317.5593,2026-05-15 11:00:00
1778846400000,80591.9,80609.6,80279.3,80353.7,3754.0486,2026-05-15 12:00:00
1778850000000,80353.7,80354.5,78628.8,78709.5,23469.7707,2026-05-15 13:00:00
1778853600000,78709.5,79312.2,78588.2,79110.1,11236.3853,2026-05-15 14:00:00
1778857200000,79110.0,79333.0,78970.0,79117.2,3500.8305,2026-05-15 15:00:00
1778860800000,79117.1,79348.5,79067.0,79254.3,2788.303,2026-05-15 16:00:00
1778864400000,79254.4,79473.7,79183.5,79424.5,3062.4853,2026-05-15 17:00:00
1778868000000,79424.4,79530.0,79123.8,79244.2,2218.2753,2026-05-15 18:00:00
1778871600000,79244.2,79259.3,79017.5,79101.3,1461.2894,2026-05-15 19:00:00
1778875200000,79101.4,79184.1,78951.5,79089.4,1073.625,2026-05-15 20:00:00
1778878800000,79089.4,79165.9,78856.5,78940.4,1032.6384,2026-05-15 21:00:00
1778882400000,78940.3,79120.0,78934.2,79076.1,637.7775,2026-05-15 22:00:00
1778886000000,79076.1,79133.6,79045.6,79082.4,589.1731,2026-05-15 23:00:00
1778889600000,79082.4,79197.4,79042.1,79080.2,892.0927,2026-05-16 00:00:00
1778893200000,79080.1,79155.8,78978.2,79131.9,1102.9389,2026-05-16 01:00:00
1778896800000,79131.9,79189.4,79045.0,79120.2,988.6267,2026-05-16 02:00:00
1778900400000,79120.3,79160.0,79025.6,79053.5,691.1359,2026-05-16 03:00:00
1778904000000,79053.6,79100.0,78821.1,79006.5,1690.4288,2026-05-16 04:00:00
1778907600000,79006.6,79012.9,78900.0,78992.5,786.8916,2026-05-16 05:00:00
1778911200000,78992.5,79023.7,78388.6,78616.8,4638.0769,2026-05-16 06:00:00
1778914800000,78616.8,78618.2,78002.0,78333.4,7350.4604,2026-05-16 07:00:00
1778918400000,78333.4,78499.9,78300.0,78376.9,2252.6151,2026-05-16 08:00:00
1778922000000,78376.9,78398.7,77839.4,78050.2,6401.6485,2026-05-16 09:00:00
1778925600000,78050.3,78075.3,77600.0,77943.9,5949.8213,2026-05-16 10:00:00
1778929200000,77943.9,78166.2,77943.9,78055.2,2066.8519,2026-05-16 11:00:00
1778932800000,78055.3,78105.0,77900.0,77978.7,1808.8622,2026-05-16 12:00:00
1778936400000,77978.6,77998.9,77807.2,77998.9,1515.2301,2026-05-16 13:00:00
1778940000000,77998.9,78324.3,77867.8,78090.4,2899.2942,2026-05-16 14:00:00
1778943600000,78090.5,78256.0,78039.6,78200.0,1592.2476,2026-05-16 15:00:00
1778947200000,78200.1,78337.4,78078.1,78166.5,2060.5987,2026-05-16 16:00:00
1778950800000,78166.5,78287.9,78160.7,78168.9,609.7407,2026-05-16 17:00:00
1778954400000,78168.8,78295.6,78110.0,78204.7,968.9317,2026-05-16 18:00:00
1778958000000,78204.6,78270.0,78171.4,78226.7,405.9642,2026-05-16 19:00:00
1778961600000,78226.8,78288.7,78165.6,78218.2,772.2448,2026-05-16 20:00:00
1778965200000,78218.1,78280.0,78169.2,78230.5,611.4931,2026-05-16 21:00:00
1778968800000,78230.4,78252.5,78138.7,78146.7,667.6069,2026-05-16 22:00:00
1778972400000,78146.7,78239.6,78089.3,78106.9,750.2789,2026-05-16 23:00:00
1778976000000,78106.9,78208.0,77741.9,77911.1,2065.5856,2026-05-17 00:00:00
1778979600000,77911.2,78078.8,77672.4,77675.7,2958.3006,2026-05-17 01:00:00
1778983200000,77675.7,77904.5,77675.7,77860.8,1624.9708,2026-05-17 02:00:00
1778986800000,77860.7,78053.4,77844.1,77991.6,1288.4964,2026-05-17 03:00:00
1778990400000,77991.6,78175.0,77964.0,78116.4,1208.2407,2026-05-17 04:00:00
1778994000000,78116.4,78285.4,78066.0,78092.7,1294.3878,2026-05-17 05:00:00
1778997600000,78092.8,78181.1,77983.5,78080.2,887.2164,2026-05-17 06:00:00
1779001200000,78080.1,78178.7,78013.2,78149.0,1151.1166,2026-05-17 07:00:00
1779004800000,78148.9,78164.0,77996.8,78061.4,890.8591,2026-05-17 08:00:00
1779008400000,78061.4,78272.7,78050.0,78217.3,1124.0088,2026-05-17 09:00:00
1779012000000,78217.3,78571.4,78208.0,78434.5,3769.9636,2026-05-17 10:00:00
1779015600000,78434.6,78443.4,78250.0,78369.0,1791.827,2026-05-17 11:00:00
1779019200000,78369.0,78520.3,78289.7,78321.3,1248.7894,2026-05-17 12:00:00
1779022800000,78321.3,78330.8,78121.0,78164.0,1883.7797,2026-05-17 13:00:00
1779026400000,78164.1,78176.3,77777.0,78004.9,3283.2728,2026-05-17 14:00:00
1779030000000,78004.9,78087.9,77869.6,78003.6,1269.2675,2026-05-17 15:00:00
1779033600000,78003.6,78160.7,77983.1,77990.8,1425.2602,2026-05-17 16:00:00
1779037200000,77990.8,78056.6,77811.5,78050.1,1667.3934,2026-05-17 17:00:00
1779040800000,78050.1,78241.5,77961.0,78224.6,1281.1642,2026-05-17 18:00:00
1779044400000,78224.6,78432.8,78177.3,78369.1,972.9853,2026-05-17 19:00:00
1779048000000,78369.0,78397.5,78208.4,78231.6,1014.7926,2026-05-17 20:00:00
1779051600000,78231.6,78449.0,78198.8,78362.9,976.1652,2026-05-17 21:00:00
1779055200000,78362.9,78373.0,77779.4,77964.9,3505.6552,2026-05-17 22:00:00
1779058800000,77964.9,77970.2,76633.3,77415.0,13732.4501,2026-05-17 23:00:00
1779062400000,77415.0,77444.8,76871.1,77174.9,5679.1894,2026-05-18 00:00:00
1779066000000,77174.8,77250.0,76710.0,77088.4,5093.0844,2026-05-18 01:00:00
1779069600000,77088.3,77200.0,76666.0,76803.7,3393.9468,2026-05-18 02:00:00
1779073200000,76803.7,76997.6,76781.0,76896.9,2323.9596,2026-05-18 03:00:00
1779076800000,76896.9,77050.0,76741.3,77011.5,2319.124,2026-05-18 04:00:00
1779080400000,77011.5,77055.7,76849.9,76885.5,1710.6274,2026-05-18 05:00:00
1779084000000,76885.4,76946.9,76535.8,76882.0,5167.6407,2026-05-18 06:00:00
1779087600000,76882.0,77051.1,76726.3,77036.9,2748.984,2026-05-18 07:00:00
1779091200000,77036.9,77169.9,76850.0,77000.1,1985.1263,2026-05-18 08:00:00
1779094800000,77000.0,77023.3,76843.5,76899.9,704.2499,2026-05-18 09:00:00
1779098400000,76900.0,76923.7,76680.0,76737.3,2279.6313,2026-05-18 10:00:00
1779102000000,76737.3,77373.7,76634.8,77253.6,4799.0074,2026-05-18 11:00:00
1779105600000,77253.7,77772.6,77246.5,77602.5,8115.5717,2026-05-18 12:00:00
1779109200000,77602.5,77605.0,76666.0,76909.2,10514.4861,2026-05-18 13:00:00
1779112800000,76909.2,76929.5,76181.1,76369.6,12047.5807,2026-05-18 14:00:00
1779116400000,76369.5,76463.2,76018.0,76384.0,8367.9368,2026-05-18 15:00:00
1779120000000,76384.0,76631.0,76180.2,76389.0,5306.5139,2026-05-18 16:00:00
1779123600000,76389.0,76732.0,76333.0,76677.9,2393.7223,2026-05-18 17:00:00
1779127200000,76677.9,76678.0,76111.0,76222.6,3008.0864,2026-05-18 18:00:00
1779130800000,76222.6,76980.0,76200.3,76907.5,6136.3717,2026-05-18 19:00:00
1779134400000,76907.6,77165.5,76851.0,76880.6,3022.1308,2026-05-18 20:00:00
1779138000000,76880.6,77156.0,76766.3,77065.4,1649.2743,2026-05-18 21:00:00
1779141600000,77065.5,77194.9,76876.9,77039.9,2407.2182,2026-05-18 22:00:00
1779145200000,77039.9,77125.9,76901.4,76962.2,1074.3549,2026-05-18 23:00:00
1779148800000,76962.2,77379.9,76911.8,77101.8,2900.238,2026-05-19 00:00:00
1779152400000,77101.7,77118.8,76612.4,76628.8,3560.0616,2026-05-19 01:00:00
1779156000000,76628.8,76958.8,76432.0,76587.8,2999.0892,2026-05-19 02:00:00
1779159600000,76587.8,76840.0,76556.7,76753.8,1188.1607,2026-05-19 03:00:00
1779163200000,76753.8,76912.4,76666.6,76889.9,1712.1945,2026-05-19 04:00:00
1779166800000,76890.0,76977.0,76604.4,76870.1,1913.6403,2026-05-19 05:00:00
1779170400000,76870.0,77075.8,76846.5,76988.1,1913.8639,2026-05-19 06:00:00
1779174000000,76988.1,77242.3,76930.4,77194.1,2376.1359,2026-05-19 07:00:00
1779177600000,77194.1,77288.0,76918.5,77010.0,2585.5271,2026-05-19 08:00:00
1779181200000,77010.0,77034.5,76666.6,76783.7,3913.3341,2026-05-19 09:00:00
1779184800000,76783.7,77068.7,76675.0,77006.5,2869.6786,2026-05-19 10:00:00
1779188400000,77006.5,77046.0,76601.0,76678.6,2289.2713,2026-05-19 11:00:00
1779192000000,76678.7,76961.8,76608.7,76912.3,2006.3948,2026-05-19 12:00:00
1779195600000,76912.4,77026.2,76557.5,76846.3,5846.4338,2026-05-19 13:00:00
1779199200000,76846.4,76980.0,76116.0,76370.3,8806.0347,2026-05-19 14:00:00
1779202800000,76370.3,76665.9,76310.0,76498.2,3202.6902,2026-05-19 15:00:00
1779206400000,76498.3,76897.9,76381.4,76864.6,3135.308,2026-05-19 16:00:00
1779210000000,76864.6,76999.5,76722.0,76819.9,3640.9933,2026-05-19 17:00:00
1779213600000,76820.0,76914.4,76706.0,76769.8,1207.6597,2026-05-19 18:00:00
1779217200000,76769.9,77043.5,76728.8,76785.0,1263.5179,2026-05-19 19:00:00
1779220800000,76785.4,77002.0,76785.4,76984.6,844.9273,2026-05-19 20:00:00
1779224400000,76984.6,77011.5,76914.8,76949.9,776.08,2026-05-19 21:00:00
1779228000000,76949.9,76949.9,76612.8,76678.6,1950.0077,2026-05-19 22:00:00
1779231600000,76678.7,76948.0,76630.6,76800.0,1013.9776,2026-05-19 23:00:00
1779235200000,76799.9,76866.7,76469.0,76759.9,2093.5086,2026-05-20 00:00:00
1779238800000,76759.9,76891.7,76480.3,76786.9,2926.593,2026-05-20 01:00:00
1779242400000,76787.0,76873.9,76563.3,76650.4,1649.7755,2026-05-20 02:00:00
1779246000000,76650.5,76799.9,76567.5,76688.1,1056.2224,2026-05-20 03:00:00
1779249600000,76688.1,76800.0,76650.0,76748.0,1116.0993,2026-05-20 04:00:00
1779253200000,76748.0,77288.0,76748.0,77160.4,5593.2288,2026-05-20 05:00:00
1779256800000,77160.3,77377.0,77147.8,77369.0,2103.7323,2026-05-20 06:00:00
1779260400000,77369.0,77450.0,77192.9,77246.0,2570.4036,2026-05-20 07:00:00
1779264000000,77246.0,77622.0,77161.8,77415.2,3902.4734,2026-05-20 08:00:00
1779267600000,77415.3,77500.0,77317.2,77440.9,1731.9101,2026-05-20 09:00:00
1779271200000,77440.9,77627.5,77440.9,77466.3,2065.0156,2026-05-20 10:00:00
1779274800000,77466.3,77524.8,77270.8,77346.1,2022.5661,2026-05-20 11:00:00
1779278400000,77346.0,77716.0,77320.3,77587.4,2182.023,2026-05-20 12:00:00
1779282000000,77587.4,77618.1,76916.0,77181.7,7507.1495,2026-05-20 13:00:00
1779285600000,77181.7,77546.6,76858.2,77414.8,8581.1341,2026-05-20 14:00:00
1779289200000,77414.7,77830.7,77270.9,77424.6,6362.586,2026-05-20 15:00:00
1779292800000,77424.6,77521.2,76981.5,77305.1,4498.47,2026-05-20 16:00:00
1779296400000,77305.0,77690.0,77197.1,77533.2,3178.8156,2026-05-20 17:00:00
1779300000000,77533.1,77600.9,77350.0,77374.6,1648.2363,2026-05-20 18:00:00
1779303600000,77374.6,77683.9,77307.0,77635.2,1654.923,2026-05-20 19:00:00
1779307200000,77635.1,77730.0,77441.0,77670.4,1958.5911,2026-05-20 20:00:00
1779310800000,77670.5,77729.9,77460.8,77460.9,907.4233,2026-05-20 21:00:00
1779314400000,77460.8,77464.9,77180.1,77464.4,2322.1984,2026-05-20 22:00:00
1779318000000,77464.4,77520.0,77341.0,77512.3,1065.4544,2026-05-20 23:00:00
1779321600000,77512.4,78066.5,77476.1,77922.7,5043.0626,2026-05-21 00:00:00
1779325200000,77922.8,78161.5,77760.0,77820.7,3567.0217,2026-05-21 01:00:00
1779328800000,77820.7,78059.0,77782.0,77917.0,1941.2476,2026-05-21 02:00:00
1779332400000,77917.0,78061.0,77866.0,78033.1,1094.5881,2026-05-21 03:00:00
1779336000000,78033.2,78130.6,77914.2,78001.2,1420.5813,2026-05-21 04:00:00
1779339600000,78001.1,78100.0,77650.0,77791.2,2891.1142,2026-05-21 05:00:00
1779343200000,77791.1,77842.6,77457.4,77581.9,2877.5302,2026-05-21 06:00:00
1779346800000,77581.9,77875.0,77482.0,77848.5,2743.5314,2026-05-21 07:00:00
1779350400000,77848.5,78155.0,77848.5,77881.1,4009.2014,2026-05-21 08:00:00
1779354000000,77881.1,77940.0,77582.6,77592.0,2507.5252,2026-05-21 09:00:00
1779357600000,77592.0,77650.8,77136.5,77176.1,5983.3781,2026-05-21 10:00:00
1779361200000,77176.2,77354.4,77116.7,77168.6,2887.8342,2026-05-21 11:00:00
1779364800000,77168.7,77354.7,77045.7,77250.5,3706.4702,2026-05-21 12:00:00
1779368400000,77250.4,77330.0,76688.2,77097.5,7645.9703,2026-05-21 13:00:00
1779372000000,77097.6,77220.0,76760.0,76943.3,4316.4345,2026-05-21 14:00:00
1779375600000,76943.2,77379.8,76863.1,77223.7,3966.0937,2026-05-21 15:00:00
1779379200000,77223.7,77318.0,76970.6,77162.2,2453.8095,2026-05-21 16:00:00
1779382800000,77162.3,78056.0,77134.7,77832.9,10052.957,2026-05-21 17:00:00
1779386400000,77832.9,77883.5,77206.0,77344.8,4963.0774,2026-05-21 18:00:00
1779390000000,77344.9,77762.9,77312.4,77653.4,2214.9495,2026-05-21 19:00:00
1779393600000,77653.4,77765.5,77601.5,77670.1,785.2279,2026-05-21 20:00:00
1779397200000,77670.0,77776.0,77600.0,77635.2,1061.5176,2026-05-21 21:00:00
1779400800000,77635.3,77717.0,77510.0,77586.4,978.5775,2026-05-21 22:00:00
1779404400000,77586.4,77712.0,77487.2,77583.0,1052.4073,2026-05-21 23:00:00
1779408000000,77583.1,77599.5,77325.0,77344.2,1776.0436,2026-05-22 00:00:00
1779411600000,77344.2,77639.7,77288.0,77582.4,1543.8009,2026-05-22 01:00:00
1779415200000,77582.4,77700.0,77543.9,77638.7,1445.7854,2026-05-22 02:00:00
1779418800000,77638.7,77776.0,77633.2,77739.9,1157.7373,2026-05-22 03:00:00
1779422400000,77739.9,77866.6,77602.0,77615.2,1839.0504,2026-05-22 04:00:00
1779426000000,77615.1,77686.4,77420.8,77453.1,1541.6503,2026-05-22 05:00:00
1779429600000,77453.1,77492.9,77333.0,77392.8,2029.7555,2026-05-22 06:00:00
1779433200000,77392.7,77515.7,77220.0,77369.8,2363.6832,2026-05-22 07:00:00
1779436800000,77369.8,77511.1,77171.7,77242.6,2304.4376,2026-05-22 08:00:00
1779440400000,77242.6,77340.7,77171.4,77277.7,1980.0568,2026-05-22 09:00:00
1779444000000,77277.8,77339.4,77228.1,77290.0,640.807,2026-05-22 10:00:00
1779447600000,77289.9,77400.0,77140.0,77399.9,1483.3634,2026-05-22 11:00:00
1779451200000,77399.9,77549.9,77355.5,77499.0,2246.9874,2026-05-22 12:00:00
1779454800000,77499.0,77518.0,77074.5,77250.0,3713.7971,2026-05-22 13:00:00
1779458400000,77249.9,77249.9,76715.1,76742.8,6826.8761,2026-05-22 14:00:00
1779462000000,76742.8,77022.1,76531.3,76765.0,6823.275,2026-05-22 15:00:00
1779465600000,76765.1,76969.3,76738.0,76920.6,1739.8177,2026-05-22 16:00:00
1779469200000,76920.7,77091.3,76710.6,76712.5,2951.9636,2026-05-22 17:00:00
1779472800000,76712.4,76871.4,76031.5,76500.0,6791.8365,2026-05-22 18:00:00
1779476400000,76500.0,76554.7,75620.0,75830.4,9421.2098,2026-05-22 19:00:00
1779480000000,75830.4,76055.0,75775.1,75948.6,2919.2993,2026-05-22 20:00:00
1779483600000,75948.5,76050.1,75891.5,75935.9,1260.395,2026-05-22 21:00:00
1779487200000,75935.8,75950.8,75428.6,75693.4,3834.273,2026-05-22 22:00:00
1779490800000,75693.5,75848.0,75300.0,75508.7,3156.3837,2026-05-22 23:00:00
1779494400000,75508.7,75600.0,75180.0,75327.7,5165.5519,2026-05-23 00:00:00
1779498000000,75327.7,75476.8,75301.6,75461.1,2082.4567,2026-05-23 01:00:00
1779501600000,75461.0,75552.7,75377.0,75538.6,1742.1253,2026-05-23 02:00:00
1779505200000,75538.6,75644.2,75519.9,75605.0,999.9147,2026-05-23 03:00:00
1779508800000,75605.1,75612.6,75460.3,75504.6,1453.8274,2026-05-23 04:00:00
1779512400000,75504.5,75527.4,75429.5,75449.8,1273.8429,2026-05-23 05:00:00
1779516000000,75449.9,75466.8,75343.0,75366.9,925.0228,2026-05-23 06:00:00
1779519600000,75366.8,75405.6,74200.0,74576.3,15449.5958,2026-05-23 07:00:00
1779523200000,74576.3,74726.9,74301.1,74646.3,7374.5591,2026-05-23 08:00:00
1779526800000,74646.3,74732.0,74574.1,74621.8,1875.2766,2026-05-23 09:00:00
1779530400000,74621.9,74760.1,74621.9,74678.3,1532.6175,2026-05-23 10:00:00
1779534000000,74678.3,74850.0,74672.1,74753.9,1481.7175,2026-05-23 11:00:00
1779537600000,74753.9,74757.2,74621.7,74724.9,1144.9907,2026-05-23 12:00:00
1779541200000,74724.8,75235.9,74714.0,75179.9,6182.3999,2026-05-23 13:00:00
1779544800000,75180.0,75652.4,75064.6,75491.0,5872.9431,2026-05-23 14:00:00
1779548400000,75491.0,75640.0,75341.1,75482.7,4448.0099,2026-05-23 15:00:00
1779552000000,75482.7,75607.2,75358.3,75401.1,2331.6044,2026-05-23 16:00:00
1779555600000,75401.2,75488.6,75326.3,75452.7,1478.2783,2026-05-23 17:00:00
1779559200000,75452.8,75999.4,75425.3,75816.0,4259.5019,2026-05-23 18:00:00
1779562800000,75815.9,75980.6,75745.4,75949.8,1546.1793,2026-05-23 19:00:00
1779566400000,75949.8,77288.0,75909.1,77257.2,12905.3599,2026-05-23 20:00:00
1779570000000,77257.1,77378.8,76513.1,76780.0,7924.4845,2026-05-23 21:00:00
1779573600000,76780.0,76870.4,76360.7,76552.4,2716.2714,2026-05-23 22:00:00
1779577200000,76552.5,76788.2,76500.0,76709.2,1608.6674,2026-05-23 23:00:00
1779580800000,76709.2,76889.7,76588.7,76799.9,1791.1043,2026-05-24 00:00:00
1779584400000,76799.9,76887.9,76706.7,76849.8,1344.0982,2026-05-24 01:00:00
1779588000000,76849.7,76935.9,76666.7,76785.5,1437.2781,2026-05-24 02:00:00
1779591600000,76785.4,76976.7,76683.4,76704.2,1698.9657,2026-05-24 03:00:00
1779595200000,76704.2,76815.7,76683.5,76745.5,892.4807,2026-05-24 04:00:00
1779598800000,76745.4,76831.5,76608.0,76780.0,1428.3965,2026-05-24 05:00:00
1779602400000,76780.0,77040.0,76680.0,76953.9,1839.4822,2026-05-24 06:00:00
1779606000000,76953.9,76989.9,76739.0,76770.1,1206.0175,2026-05-24 07:00:00
1779609600000,76770.1,76840.1,76700.0,76807.2,1122.8794,2026-05-24 08:00:00
1779613200000,76807.2,77018.2,76783.4,76992.0,1428.5072,2026-05-24 09:00:00
1779616800000,76992.0,77528.5,76879.2,77149.9,5427.7843,2026-05-24 10:00:00
1779620400000,77149.9,77325.0,77140.2,77279.9,1762.7909,2026-05-24 11:00:00
1779624000000,77280.0,77298.6,76992.4,77078.3,2191.5465,2026-05-24 12:00:00
1779627600000,77078.3,77088.9,76644.5,76764.5,3354.4519,2026-05-24 13:00:00
1779631200000,76764.5,76810.8,76150.0,76424.7,8068.2259,2026-05-24 14:00:00
1779634800000,76424.7,76507.4,76325.0,76340.3,1445.6109,2026-05-24 15:00:00
1779638400000,76340.4,76722.3,76340.3,76644.6,3177.6154,2026-05-24 16:00:00
1779642000000,76644.7,76784.4,76513.6,76657.1,1401.7985,2026-05-24 17:00:00
1779645600000,76657.0,76756.0,76555.8,76629.6,744.0598,2026-05-24 18:00:00
1779649200000,76629.7,76756.3,76575.4,76738.0,721.5685,2026-05-24 19:00:00
1779652800000,76737.9,76764.1,76566.6,76629.2,760.4775,2026-05-24 20:00:00
1779656400000,76629.2,76716.3,76050.2,76111.5,3876.8775,2026-05-24 21:00:00
1779660000000,76111.5,76986.2,76090.0,76759.6,4550.0312,2026-05-24 22:00:00
1779663600000,76759.6,77198.0,76750.0,77029.9,2996.3203,2026-05-24 23:00:00
1779667200000,77030.0,77280.2,77029.9,77124.9,2127.857,2026-05-25 00:00:00
1779670800000,77124.9,77223.9,76845.7,76898.6,2980.4467,2026-05-25 01:00:00
1779674400000,76898.6,77450.0,76898.5,77070.5,3706.6672,2026-05-25 02:00:00
1779678000000,77070.4,77129.0,76946.2,76986.3,1141.5337,2026-05-25 03:00:00
1779681600000,76986.3,77419.9,76945.4,77354.6,2171.6461,2026-05-25 04:00:00
1779685200000,77354.6,77470.1,77280.7,77374.2,2382.2793,2026-05-25 05:00:00
1779688800000,77374.2,77654.9,77175.0,77385.1,4039.7079,2026-05-25 06:00:00
1779692400000,77385.2,77485.8,77138.3,77374.9,2103.7995,2026-05-25 07:00:00
1779696000000,77375.0,77436.0,77224.8,77427.4,1397.0436,2026-05-25 08:00:00
1779699600000,77427.4,77733.0,77382.8,77560.1,2980.5815,2026-05-25 09:00:00
1779703200000,77560.1,77650.0,77450.0,77506.3,1389.581,2026-05-25 10:00:00
1779706800000,77506.3,77506.4,77286.5,77319.1,2371.6385,2026-05-25 11:00:00
1779710400000,77319.2,77407.9,77238.3,77320.1,1903.6417,2026-05-25 12:00:00
1779714000000,77320.1,77421.0,77242.5,77301.9,1341.0184,2026-05-25 13:00:00
1779717600000,77302.0,77750.4,77275.0,77679.8,3883.0576,2026-05-25 14:00:00
1779721200000,77679.8,77876.5,77518.1,77591.7,4031.4818,2026-05-25 15:00:00
1779724800000,77591.6,77784.5,77457.4,77699.8,2000.0779,2026-05-25 16:00:00
1779728400000,77699.9,77777.0,77513.0,77523.6,1629.3485,2026-05-25 17:00:00
1779732000000,77523.5,77627.2,77503.0,77509.9,582.7773,2026-05-25 18:00:00
1779735600000,77509.9,77516.7,77309.2,77404.2,1535.6008,2026-05-25 19:00:00
1779739200000,77404.0,77475.0,77163.6,77248.0,1425.736,2026-05-25 20:00:00
1779742800000,77248.0,77365.3,77241.4,77341.7,741.3057,2026-05-25 21:00:00
1779746400000,77342.8,77419.1,77006.0,77081.0,2545.7014,2026-05-25 22:00:00
1779750000000,77080.9,77336.6,77030.6,77283.3,965.5333,2026-05-25 23:00:00
1779753600000,77283.4,77315.0,76529.1,76750.1,5013.4909,2026-05-26 00:00:00
1779757200000,76750.0,76854.2,76554.5,76717.9,3124.6547,2026-05-26 01:00:00
1779760800000,76717.9,76788.0,76455.1,76627.6,3083.1397,2026-05-26 02:00:00
1779764400000,76627.6,76680.0,76430.0,76626.1,1705.101,2026-05-26 03:00:00
1779768000000,76626.1,76787.3,76566.0,76708.1,1605.6143,2026-05-26 04:00:00
1779771600000,76708.1,76946.9,76664.8,76881.5,2220.9677,2026-05-26 05:00:00
1779775200000,76881.4,77035.0,76730.6,76864.9,2070.2878,2026-05-26 06:00:00
1779778800000,76865.0,76884.3,76560.0,76684.0,2521.5183,2026-05-26 07:00:00
1779782400000,76684.0,76820.0,76650.5,76693.5,1113.8284,2026-05-26 08:00:00
1779786000000,76693.5,76775.4,76605.5,76636.6,1438.6354,2026-05-26 09:00:00
1779789600000,76636.6,77594.1,76533.6,77397.8,7067.1665,2026-05-26 10:00:00
1779793200000,77397.7,77479.9,77140.0,77155.3,3227.1893,2026-05-26 11:00:00
1779796800000,77155.3,77200.0,76850.2,77105.8,4265.4542,2026-05-26 12:00:00
1779800400000,77105.9,77436.2,76655.0,77192.5,6370.7008,2026-05-26 13:00:00
1779804000000,77192.5,78066.7,76688.0,76873.4,19328.6927,2026-05-26 14:00:00
1779807600000,76873.5,76990.0,76230.0,76474.5,10146.4205,2026-05-26 15:00:00
1779811200000,76474.5,76689.6,76155.5,76531.7,6290.2211,2026-05-26 16:00:00
1779814800000,76531.7,76617.1,75806.2,75900.0,7623.1316,2026-05-26 17:00:00
1779818400000,75900.1,76246.4,75730.8,75813.8,3884.8822,2026-05-26 18:00:00
1779822000000,75813.8,76071.5,75770.0,76022.4,1698.502,2026-05-26 19:00:00
1779825600000,76022.4,76144.9,75939.7,76075.4,1455.9153,2026-05-26 20:00:00
1779829200000,76075.3,76088.1,75810.0,75858.9,1163.2388,2026-05-26 21:00:00
1779832800000,75858.9,75964.8,75626.0,75717.9,2507.5076,2026-05-26 22:00:00
1779836400000,75717.9,75962.4,75717.9,75898.2,1423.2075,2026-05-26 23:00:00
1779840000000,75898.2,76066.7,75850.0,76044.9,1533.4448,2026-05-27 00:00:00
1779843600000,76044.9,76080.0,75779.1,75839.6,1878.413,2026-05-27 01:00:00
1779847200000,75839.6,75860.7,75649.9,75843.9,1774.1504,2026-05-27 02:00:00
1779850800000,75844.0,75939.2,75561.3,75630.4,2575.7595,2026-05-27 03:00:00
1779854400000,75630.4,75670.8,75267.6,75540.0,5084.6135,2026-05-27 04:00:00
1779858000000,75540.0,75699.0,75540.0,75660.9,2237.6434,2026-05-27 05:00:00
1779861600000,75660.9,75870.5,75645.6,75793.6,2026.5635,2026-05-27 06:00:00
1779865200000,75793.5,75932.5,75714.9,75921.3,2194.7349,2026-05-27 07:00:00
1779868800000,75921.3,76024.0,75794.2,75835.4,2781.9251,2026-05-27 08:00:00
1779872400000,75835.3,75941.7,75673.7,75876.8,2353.3443,2026-05-27 09:00:00
1779876000000,75876.7,76009.6,75840.0,75862.7,1577.3216,2026-05-27 10:00:00
1779879600000,75862.6,75997.2,75718.6,75741.3,1985.2296,2026-05-27 11:00:00
1779883200000,75741.3,76157.1,75537.1,75656.0,4642.764,2026-05-27 12:00:00
1779886800000,75656.0,75740.2,74835.0,75053.1,12234.3862,2026-05-27 13:00:00
1779890400000,75053.0,75247.6,74710.0,75010.2,7045.7579,2026-05-27 14:00:00
1779894000000,75010.2,75474.0,74944.0,75297.0,4677.7476,2026-05-27 15:00:00
1779897600000,75297.0,75375.0,74956.7,75270.0,2755.8888,2026-05-27 16:00:00
1779901200000,75270.0,75319.2,74633.2,74837.5,3893.5823,2026-05-27 17:00:00
1779904800000,74837.4,75010.2,74621.1,74998.9,2651.1157,2026-05-27 18:00:00
1779908400000,74998.8,75073.6,74920.7,75040.7,1704.0798,2026-05-27 19:00:00
1779912000000,75040.7,75385.2,75029.1,75237.3,2456.4238,2026-05-27 20:00:00
1779915600000,75237.3,75237.4,74310.0,74439.7,5222.0436,2026-05-27 21:00:00
1779919200000,74439.7,74740.7,74222.0,74389.4,4004.8442,2026-05-27 22:00:00
1779922800000,74389.4,74539.6,74210.0,74414.1,2870.9957,2026-05-27 23:00:00
1779926400000,74414.0,74555.0,74329.1,74536.1,2155.0396,2026-05-28 00:00:00
1779930000000,74536.1,74559.9,74116.6,74306.6,3666.6058,2026-05-28 01:00:00
1779933600000,74306.6,74367.6,74061.1,74248.6,2428.6694,2026-05-28 02:00:00
1779937200000,74248.5,74350.0,73031.3,73228.1,19163.7155,2026-05-28 03:00:00
1779940800000,73228.0,73232.4,72678.1,73155.0,10532.5534,2026-05-28 04:00:00
1779944400000,73154.9,73162.5,72872.5,72960.2,3508.1564,2026-05-28 05:00:00
1779948000000,72960.2,73187.8,72713.6,73174.4,4039.1446,2026-05-28 06:00:00
1779951600000,73174.4,73468.0,73119.7,73457.4,3526.1838,2026-05-28 07:00:00
1779955200000,73457.4,73467.9,73172.6,73283.8,2027.3494,2026-05-28 08:00:00
1779958800000,73283.7,73539.1,73225.9,73500.5,1910.9511,2026-05-28 09:00:00
1779962400000,73500.6,73592.7,73306.6,73354.6,2346.6576,2026-05-28 10:00:00
1779966000000,73354.6,73504.7,73274.6,73474.1,1719.556,2026-05-28 11:00:00
1779969600000,73474.0,73550.0,73220.0,73494.5,2247.9761,2026-05-28 12:00:00
1779973200000,73494.4,73545.0,72742.1,72994.0,7392.8948,2026-05-28 13:00:00
1779976800000,72994.0,73545.0,72554.0,73000.8,13523.9544,2026-05-28 14:00:00
1779980400000,73000.9,73166.7,72672.9,72898.2,4690.2749,2026-05-28 15:00:00
1779984000000,72898.3,73420.0,72714.7,73418.7,4637.7771,2026-05-28 16:00:00
1779987600000,73418.7,73726.2,73278.4,73513.5,4749.6088,2026-05-28 17:00:00
1779991200000,73513.5,73719.9,73480.1,73627.4,2120.112,2026-05-28 18:00:00
1779994800000,73627.5,73627.5,73321.0,73388.7,2141.1433,2026-05-28 19:00:00
1779998400000,73388.7,73686.0,73207.7,73547.3,3311.369,2026-05-28 20:00:00
1780002000000,73547.3,73923.9,73522.7,73790.4,2196.9536,2026-05-28 21:00:00
1780005600000,73790.4,73920.0,73420.0,73434.0,1521.5042,2026-05-28 22:00:00
1780009200000,73434.0,73698.8,73433.9,73586.0,1188.856,2026-05-28 23:00:00
1780012800000,73586.1,73832.5,73586.0,73694.9,1875.6031,2026-05-29 00:00:00
1780016400000,73694.9,73837.0,73435.0,73560.2,2110.4721,2026-05-29 01:00:00
1780020000000,73560.1,73628.7,73160.2,73202.6,2665.4129,2026-05-29 02:00:00
1780023600000,73202.6,73431.9,73202.5,73275.1,1259.9829,2026-05-29 03:00:00
1780027200000,73275.1,73497.0,73181.0,73471.9,1489.8717,2026-05-29 04:00:00
1780030800000,73471.8,73690.0,73463.8,73664.1,1980.4969,2026-05-29 05:00:00
1780034400000,73664.0,73899.0,73600.0,73744.6,2673.4917,2026-05-29 06:00:00
1780038000000,73744.5,73786.5,73335.0,73480.1,4097.3071,2026-05-29 07:00:00
1780041600000,73480.1,73793.2,73480.1,73611.2,3012.325,2026-05-29 08:00:00
1780045200000,73611.2,73877.5,73603.7,73698.2,2641.4917,2026-05-29 09:00:00
1780048800000,73698.2,73698.5,73542.5,73597.0,1626.8276,2026-05-29 10:00:00
1780052400000,73597.0,73665.7,73303.7,73440.0,1602.351,2026-05-29 11:00:00
1780056000000,73440.0,73440.3,73170.0,73264.8,2562.9227,2026-05-29 12:00:00
1780059600000,73264.8,73319.0,72870.2,73114.2,5886.4801,2026-05-29 13:00:00
1780063200000,73114.2,73177.6,72436.9,73059.2,12155.7186,2026-05-29 14:00:00
1780066800000,73059.2,74159.0,72966.4,73764.6,15819.9755,2026-05-29 15:00:00
1780070400000,73764.7,74077.0,73520.1,74006.5,6608.863,2026-05-29 16:00:00
1780074000000,74006.6,74299.0,73874.0,73939.1,6135.4891,2026-05-29 17:00:00
1780077600000,73939.2,74025.0,73132.8,73339.8,6007.5943,2026-05-29 18:00:00
1780081200000,73339.7,73697.2,73200.0,73487.2,3534.5278,2026-05-29 19:00:00
1780084800000,73487.1,73724.8,73480.0,73636.0,1503.2145,2026-05-29 20:00:00
1780088400000,73635.9,73822.8,73375.4,73385.2,1554.9489,2026-05-29 21:00:00
1780092000000,73385.3,73539.1,73341.7,73450.0,1138.8933,2026-05-29 22:00:00
1780095600000,73450.0,73478.6,73280.6,73431.4,1214.5522,2026-05-29 23:00:00
1780099200000,73431.4,73550.0,73377.2,73468.6,1160.037,2026-05-30 00:00:00
1780102800000,73468.5,73632.2,73432.1,73620.0,1090.7925,2026-05-30 01:00:00
1780106400000,73620.0,73749.9,73570.4,73749.8,920.8496,2026-05-30 02:00:00
1780110000000,73749.9,73758.5,73479.1,73492.0,1338.4808,2026-05-30 03:00:00
1780113600000,73492.0,73544.0,73155.1,73361.2,2960.9405,2026-05-30 04:00:00
1780117200000,73361.2,73599.9,73306.5,73561.9,1940.8473,2026-05-30 05:00:00
1780120800000,73561.9,73680.0,73481.4,73536.0,1345.4549,2026-05-30 06:00:00
1780124400000,73536.0,73546.5,73441.3,73519.7,911.3834,2026-05-30 07:00:00
1780128000000,73519.7,73524.4,73463.6,73483.7,643.758,2026-05-30 08:00:00
1780131600000,73483.7,73575.0,73465.0,73568.8,562.7866,2026-05-30 09:00:00
1780135200000,73568.8,73649.9,73553.2,73610.0,812.8596,2026-05-30 10:00:00
1780138800000,73609.9,73615.0,73518.5,73564.0,635.1599,2026-05-30 11:00:00
1780142400000,73564.1,73688.0,73551.9,73657.6,888.5009,2026-05-30 12:00:00
1780146000000,73657.5,73797.8,73629.7,73788.3,1855.5545,2026-05-30 13:00:00
1780149600000,73788.3,74069.3,73773.8,73887.9,3387.3434,2026-05-30 14:00:00
1780153200000,73887.9,74008.0,73789.3,73889.6,2017.9517,2026-05-30 15:00:00
1780156800000,73889.7,73950.0,73846.5,73901.4,717.9463,2026-05-30 16:00:00
1780160400000,73901.5,73991.6,73768.3,73984.3,1145.5158,2026-05-30 17:00:00
1780164000000,73984.3,74119.8,73909.7,74000.1,1382.7042,2026-05-30 18:00:00
1780167600000,74000.1,74031.7,73931.4,73976.1,798.861,2026-05-30 19:00:00
1780171200000,73976.2,73979.7,73884.0,73941.3,511.5129,2026-05-30 20:00:00
1780174800000,73941.3,74019.1,73888.6,73944.1,493.3173,2026-05-30 21:00:00
1780178400000,73944.1,73944.2,73750.0,73836.8,768.2102,2026-05-30 22:00:00
1780182000000,73836.9,73959.9,73742.7,73850.0,907.3499,2026-05-30 23:00:00
1780185600000,73850.1,73997.9,73814.1,73992.2,941.6751,2026-05-31 00:00:00
1780189200000,73992.2,74244.7,73980.7,74011.4,2310.7213,2026-05-31 01:00:00
1780192800000,74011.4,74200.0,73850.0,74052.3,1665.5935,2026-05-31 02:00:00
1780196400000,74052.4,74192.2,74029.8,74110.1,971.1348,2026-05-31 03:00:00
1780200000000,74110.1,74180.0,74062.7,74140.0,631.1776,2026-05-31 04:00:00
1780203600000,74140.0,74167.4,74011.0,74021.0,639.3053,2026-05-31 05:00:00
1780207200000,74021.0,74074.3,73948.0,74021.6,726.5407,2026-05-31 06:00:00
1780210800000,74021.5,74021.5,73796.0,73830.0,1505.1483,2026-05-31 07:00:00
1780214400000,73829.9,73943.1,73808.1,73900.3,1070.8114,2026-05-31 08:00:00
1780218000000,73900.3,73986.8,73766.0,73806.3,1106.494,2026-05-31 09:00:00
1780221600000,73806.4,73864.7,73668.0,73859.5,1390.714,2026-05-31 10:00:00
1780225200000,73859.4,73943.0,73851.5,73910.6,754.9953,2026-05-31 11:00:00
1780228800000,73910.7,73975.2,73834.8,73886.1,985.7538,2026-05-31 12:00:00
1780232400000,73886.2,73999.0,73773.5,73835.4,727.8794,2026-05-31 13:00:00
1780236000000,73835.3,73835.4,73467.1,73571.7,4989.1783,2026-05-31 14:00:00
1780239600000,73571.7,73752.8,73549.3,73622.6,1646.1251,2026-05-31 15:00:00
1780243200000,73622.6,73694.0,73353.0,73494.4,2529.2775,2026-05-31 16:00:00
1780246800000,73494.4,73704.1,73420.5,73680.0,1186.5873,2026-05-31 17:00:00
1780250400000,73680.0,73700.0,73544.9,73577.5,926.4977,2026-05-31 18:00:00
1780254000000,73577.5,73626.3,73418.9,73527.5,804.3167,2026-05-31 19:00:00
1780257600000,73527.6,73740.5,73527.6,73712.9,1026.4569,2026-05-31 20:00:00
1780261200000,73712.9,73919.1,73591.4,73855.0,1558.5959,2026-05-31 21:00:00
1780264800000,73855.0,73971.5,73644.3,73909.7,1462.9562,2026-05-31 22:00:00
1780268400000,73909.8,74168.0,73456.1,73649.1,2905.6744,2026-05-31 23:00:00
1780272000000,73649.2,74061.0,73616.5,73850.9,2095.0573,2026-06-01 00:00:00
1780275600000,73851.0,73879.5,73235.0,73255.3,3200.0017,2026-06-01 01:00:00
1780279200000,73255.2,73848.0,73166.9,73751.7,3644.5738,2026-06-01 02:00:00
1780282800000,73751.8,73986.1,73678.0,73722.2,2981.2215,2026-06-01 03:00:00
1780286400000,73722.3,73800.0,73304.5,73485.6,3029.6905,2026-06-01 04:00:00
1780290000000,73485.6,73496.8,73285.0,73318.9,1417.9776,2026-06-01 05:00:00
1780293600000,73318.9,73340.1,72924.7,73108.9,4313.3926,2026-06-01 06:00:00
1780297200000,73109.0,73168.0,72665.0,72777.0,3955.3309,2026-06-01 07:00:00
1780300800000,72777.0,72896.0,72588.0,72881.8,3506.8219,2026-06-01 08:00:00
1780304400000,72881.8,73078.6,72779.1,72862.7,3028.129,2026-06-01 09:00:00
1780308000000,72862.7,72880.0,72555.0,72730.3,3436.2111,2026-06-01 10:00:00
1780311600000,72730.3,72748.9,72235.7,72453.9,5907.3663,2026-06-01 11:00:00
1780315200000,72453.9,72576.6,71878.1,72186.7,12052.6407,2026-06-01 12:00:00
1780318800000,72186.7,72210.9,71343.2,71685.1,17432.8072,2026-06-01 13:00:00
1780322400000,71685.1,71862.9,71397.6,71551.1,8510.307,2026-06-01 14:00:00
1780326000000,71551.1,71655.0,71023.1,71108.0,10107.9191,2026-06-01 15:00:00
1780329600000,71107.9,71578.9,70668.0,71535.5,13401.317,2026-06-01 16:00:00
1780333200000,71535.5,71779.7,71433.8,71609.5,5828.8817,2026-06-01 17:00:00
1780336800000,71609.5,71666.0,71344.5,71464.7,2598.4273,2026-06-01 18:00:00
1780340400000,71464.8,71649.9,71351.1,71574.5,1969.9807,2026-06-01 19:00:00
1780344000000,71574.5,71679.2,71394.0,71424.8,1289.9456,2026-06-01 20:00:00
1780347600000,71424.8,71424.9,70906.0,71012.2,3090.3637,2026-06-01 21:00:00
1780351200000,71012.3,71443.5,70812.1,71383.0,3292.7812,2026-06-01 22:00:00
1780354800000,71383.0,71572.7,71200.0,71389.7,2623.2083,2026-06-01 23:00:00
1780358400000,71389.7,71391.8,71067.4,71265.4,1803.7926,2026-06-02 00:00:00
1780362000000,71265.5,71353.0,70568.0,70630.2,4289.5687,2026-06-02 01:00:00
1780365600000,70630.2,70858.0,70039.9,70829.0,11611.6908,2026-06-02 02:00:00
1780369200000,70828.9,71020.0,70779.3,70930.1,3184.6885,2026-06-02 03:00:00
1780372800000,70930.1,71031.0,70681.6,70789.1,3638.7476,2026-06-02 04:00:00
1780376400000,70789.0,70821.7,70241.0,70247.3,6347.4279,2026-06-02 05:00:00
1780380000000,70247.2,70433.8,69891.5,70091.1,7792.4204,2026-06-02 06:00:00
1780383600000,70091.1,70253.6,69690.2,70087.0,8852.3962,2026-06-02 07:00:00
1780387200000,70086.9,70153.5,69671.1,69800.8,4238.8546,2026-06-02 08:00:00
1780390800000,69800.9,69836.8,69288.0,69402.0,8574.1298,2026-06-02 09:00:00
1780394400000,69402.0,69740.5,69330.4,69625.0,5582.655,2026-06-02 10:00:00
1780398000000,69625.0,69640.0,69370.0,69435.1,2301.4979,2026-06-02 11:00:00
1780401600000,69435.2,69532.9,68950.0,68990.7,9058.0876,2026-06-02 12:00:00
1780405200000,68990.6,69160.0,68748.9,68795.3,10390.3456,2026-06-02 13:00:00
1780408800000,68795.3,68820.6,67586.0,68007.3,27871.8972,2026-06-02 14:00:00
1780412400000,68007.3,68083.6,67055.0,67281.0,20642.7187,2026-06-02 15:00:00
1780416000000,67281.1,68132.3,67204.0,67392.3,14119.8419,2026-06-02 16:00:00
1780419600000,67392.3,67821.9,67352.5,67461.6,5479.1222,2026-06-02 17:00:00
1780423200000,67461.6,67633.0,67088.0,67310.1,4860.5036,2026-06-02 18:00:00
1780426800000,67310.1,67474.9,66351.2,67284.4,15296.6664,2026-06-02 19:00:00
1780430400000,67284.5,67650.0,66878.0,67548.0,6458.6917,2026-06-02 20:00:00
1780434000000,67548.0,67907.0,67372.6,67533.5,3948.6404,2026-06-02 21:00:00
1780437600000,67533.5,67533.6,66175.2,66365.1,9700.7611,2026-06-02 22:00:00
1780441200000,66365.2,66840.0,66155.1,66722.6,8791.7713,2026-06-02 23:00:00
1780444800000,66722.7,67182.9,66613.8,66904.6,5913.2897,2026-06-03 00:00:00
1780448400000,66904.6,67027.8,66432.1,66881.9,5005.2778,2026-06-03 01:00:00
1780452000000,66881.9,66919.2,66550.8,66589.9,2531.8857,2026-06-03 02:00:00
1780455600000,66589.9,66639.3,65398.3,65823.7,13592.1977,2026-06-03 03:00:00
1780459200000,65823.6,66598.3,65790.5,66436.8,7430.1572,2026-06-03 04:00:00
1780462800000,66436.8,67367.9,66436.8,67286.9,10904.6497,2026-06-03 05:00:00
1780466400000,67286.9,67477.5,66916.4,66945.0,6361.0008,2026-06-03 06:00:00
1780470000000,66945.0,67300.0,66828.5,67187.5,3936.0559,2026-06-03 07:00:00
1780473600000,67185.6,67222.0,66940.4,66993.5,2939.3365,2026-06-03 08:00:00
1780477200000,66993.6,67302.3,66620.8,67043.4,6692.8195,2026-06-03 09:00:00
1780480800000,67043.4,67450.0,67033.9,67260.0,4256.8944,2026-06-03 10:00:00
1780484400000,67260.0,67342.9,67022.0,67039.8,2161.9185,2026-06-03 11:00:00
1780488000000,67039.9,67140.1,66754.9,67053.0,4691.2343,2026-06-03 12:00:00
1780491600000,67052.9,67224.5,66610.4,66886.2,7321.2622,2026-06-03 13:00:00
1780495200000,66886.1,66978.2,66633.0,66840.1,4606.8395,2026-06-03 14:00:00
1780498800000,66840.2,66880.2,66050.0,66057.6,11019.19,2026-06-03 15:00:00
1780502400000,66057.6,66353.7,65528.5,66040.1,14232.2185,2026-06-03 16:00:00
1780506000000,66040.2,66174.8,65688.0,65943.3,4834.5388,2026-06-03 17:00:00
1780509600000,65943.3,66143.5,65685.6,66011.4,4059.0145,2026-06-03 18:00:00
1780513200000,66011.4,66032.5,65215.3,65436.6,6509.8598,2026-06-03 19:00:00
1780516800000,65436.6,65587.6,64684.3,64970.4,10358.5346,2026-06-03 20:00:00
1780520400000,64970.4,65826.8,64923.0,65743.0,5814.4986,2026-06-03 21:00:00
1780524000000,65743.0,65815.9,64745.1,64887.9,6835.7904,2026-06-03 22:00:00
1780527600000,64887.8,64953.2,64056.0,64117.3,10483.8916,2026-06-03 23:00:00
1780531200000,64117.2,64400.0,62934.5,63316.0,21356.0436,2026-06-04 00:00:00
1780534800000,63316.1,63472.4,62071.5,62152.0,21102.1902,2026-06-04 01:00:00
1780538400000,62152.0,63598.0,61339.5,63191.8,31756.8071,2026-06-04 02:00:00
1780542000000,63191.7,64500.0,63184.4,64330.4,15635.8863,2026-06-04 03:00:00
1780545600000,64330.4,64737.3,64229.0,64359.0,7584.4594,2026-06-04 04:00:00
1780549200000,64359.1,64359.1,63607.0,63927.6,10969.7761,2026-06-04 05:00:00
1780552800000,63927.6,64458.9,63860.0,64009.9,4830.6537,2026-06-04 06:00:00
1780556400000,64010.0,64041.8,63438.5,63564.9,9890.1758,2026-06-04 07:00:00
1780560000000,63564.8,63879.2,63212.7,63600.2,9079.8968,2026-06-04 08:00:00
1780563600000,63600.2,63621.7,62688.0,63249.6,11384.7176,2026-06-04 09:00:00
1780567200000,63249.6,63269.0,62255.0,62389.0,14582.2967,2026-06-04 10:00:00
1780570800000,62389.0,62816.5,62157.0,62516.7,10184.3427,2026-06-04 11:00:00
1780574400000,62516.7,63936.0,62352.0,63729.3,14602.2063,2026-06-04 12:00:00
1780578000000,63729.3,64219.2,63024.8,64198.8,17485.9078,2026-06-04 13:00:00
1780581600000,64198.7,64455.0,63747.2,63924.0,9542.561,2026-06-04 14:00:00
1780585200000,63924.1,64378.0,63630.0,63863.9,8231.6045,2026-06-04 15:00:00
1780588800000,63863.9,63899.5,63422.8,63539.4,5670.5362,2026-06-04 16:00:00
1780592400000,63539.4,63691.8,62910.0,63506.5,8321.2158,2026-06-04 17:00:00
1780596000000,63506.4,64089.5,63113.2,63785.4,7860.7193,2026-06-04 18:00:00
1780599600000,63785.4,64137.8,63492.3,63600.7,5339.248,2026-06-04 19:00:00
1780603200000,63600.7,63630.2,63150.0,63602.9,3592.1417,2026-06-04 20:00:00
1780606800000,63602.9,63859.3,63070.7,63253.1,3711.4836,2026-06-04 21:00:00
1780610400000,63253.1,63744.0,63160.1,63702.1,3605.3457,2026-06-04 22:00:00
1780614000000,63702.2,63887.0,63342.1,63847.8,3154.9758,2026-06-04 23:00:00
1780617600000,63847.7,63958.1,63358.5,63389.7,3511.8481,2026-06-05 00:00:00
1780621200000,63389.7,63540.6,63014.7,63339.9,4734.5113,2026-06-05 01:00:00
1780624800000,63339.9,63415.6,62559.6,62589.4,7559.1755,2026-06-05 02:00:00
1780628400000,62589.3,62869.1,62300.0,62706.4,7458.0665,2026-06-05 03:00:00
1780632000000,62706.4,63636.6,62461.3,63590.0,8911.7622,2026-06-05 04:00:00
1780635600000,63589.9,63664.8,62237.0,62298.0,10044.8794,2026-06-05 05:00:00
1780639200000,62298.0,62610.0,61075.1,61915.4,27849.4464,2026-06-05 06:00:00
1780642800000,61915.3,63078.7,61336.0,63067.4,14136.7465,2026-06-05 07:00:00
1780646400000,63067.3,63092.0,62246.9,62431.8,7361.3178,2026-06-05 08:00:00
1780650000000,62431.8,63262.2,62410.0,62827.3,7369.9471,2026-06-05 09:00:00
1780653600000,62827.3,62905.4,62347.0,62506.4,4057.8449,2026-06-05 10:00:00
1780657200000,62506.1,62619.4,61922.6,61935.0,5973.4144,2026-06-05 11:00:00
1780660800000,61935.0,62427.9,61584.7,61934.5,10303.3475,2026-06-05 12:00:00
1780664400000,61934.4,62299.0,60688.0,60688.1,17156.9231,2026-06-05 13:00:00
1780668000000,60688.0,61179.7,60264.4,60825.2,27144.1473,2026-06-05 14:00:00
1780671600000,60825.3,61086.8,60011.0,60394.3,17050.5626,2026-06-05 15:00:00
1780675200000,60394.4,61542.3,59727.1,61354.9,30090.626,2026-06-05 16:00:00
1780678800000,61354.9,61482.2,60608.0,60782.7,6229.4069,2026-06-05 17:00:00
1780682400000,60782.8,60925.0,59100.0,59362.4,17582.1555,2026-06-05 18:00:00
1780686000000,59362.5,60434.0,59078.4,60267.2,12055.725,2026-06-05 19:00:00
1780689600000,60267.2,61756.3,59906.4,61584.1,13273.9866,2026-06-05 20:00:00
1780693200000,61584.0,61999.2,61411.0,61635.0,6390.3463,2026-06-05 21:00:00
1780696800000,61635.0,61938.8,61177.5,61560.0,8811.1524,2026-06-05 22:00:00
1780700400000,61560.0,61767.3,60466.8,61025.2,7344.9483,2026-06-05 23:00:00
1780704000000,61025.1,61493.0,61012.1,61243.7,3808.6839,2026-06-06 00:00:00
1780707600000,61243.8,61347.0,60918.0,61025.0,2838.8548,2026-06-06 01:00:00
1780711200000,61025.1,61156.8,60627.2,60921.1,3570.168,2026-06-06 02:00:00
1780714800000,60921.1,60937.5,60480.6,60654.1,3928.3984,2026-06-06 03:00:00
1780718400000,60654.2,60832.0,59447.5,60070.8,13006.2926,2026-06-06 04:00:00
1780722000000,60070.9,61066.7,59575.8,60918.8,12691.456,2026-06-06 05:00:00
1780725600000,60918.7,61265.5,60644.5,60757.8,6137.4996,2026-06-06 06:00:00
1780729200000,60757.7,61206.2,60700.1,60971.6,3898.6086,2026-06-06 07:00:00
1780732800000,60971.5,61476.8,60841.7,61230.0,4866.5609,2026-06-06 08:00:00
1780736400000,61229.9,61296.5,60833.3,60944.5,3124.8587,2026-06-06 09:00:00
1780740000000,60944.6,60953.1,60152.6,60558.0,7878.7571,2026-06-06 10:00:00
1780743600000,60558.0,60947.6,60506.9,60774.9,3769.3854,2026-06-06 11:00:00
1780747200000,60774.9,61178.7,60601.0,61005.1,4970.6058,2026-06-06 12:00:00
1780750800000,61005.4,61075.0,60675.0,60779.1,2253.6815,2026-06-06 13:00:00
1780754400000,60779.1,60988.6,60738.0,60765.1,1639.787,2026-06-06 14:00:00
1780758000000,60765.1,60911.4,60356.5,60750.0,4716.8337,2026-06-06 15:00:00
1780761600000,60750.1,60944.1,60430.5,60750.0,3361.9224,2026-06-06 16:00:00
1780765200000,60750.0,60817.5,60466.7,60547.0,2078.1322,2026-06-06 17:00:00
1780768800000,60547.0,60720.0,60373.6,60603.7,1816.9309,2026-06-06 18:00:00
1780772400000,60603.7,60756.7,60500.9,60565.2,1224.3114,2026-06-06 19:00:00
1780776000000,60565.2,60725.0,60485.1,60681.6,1283.8167,2026-06-06 20:00:00
1780779600000,60681.5,60974.5,60673.0,60720.3,1655.506,2026-06-06 21:00:00
1780783200000,60720.3,60790.3,60393.6,60513.8,2252.9179,2026-06-06 22:00:00
1780786800000,60513.8,60913.3,60512.4,60849.2,1578.4725,2026-06-06 23:00:00
1780790400000,60849.3,60966.0,60707.6,60746.0,1385.8073,2026-06-07 00:00:00
1780794000000,60745.9,61632.8,60723.3,61437.4,7932.2544,2026-06-07 01:00:00
1780797600000,61437.4,61533.0,61135.6,61461.9,3422.2048,2026-06-07 02:00:00
1780801200000,61462.0,61741.7,61373.2,61661.2,3838.4733,2026-06-07 03:00:00
1780804800000,61661.2,61865.9,61440.0,61847.8,3264.1078,2026-06-07 04:00:00
1780808400000,61847.9,62189.3,61607.3,61711.7,6165.2975,2026-06-07 05:00:00
1780812000000,61711.8,62245.5,61573.9,62072.3,5789.6301,2026-06-07 06:00:00
1780815600000,62072.2,62387.9,61950.0,62372.1,5034.1579,2026-06-07 07:00:00
1780819200000,62372.0,62937.0,62219.8,62817.0,12362.8818,2026-06-07 08:00:00
1780822800000,62817.0,62873.1,62350.0,62503.0,5035.0435,2026-06-07 09:00:00
1780826400000,62502.9,62550.0,62250.2,62342.2,3371.5666,2026-06-07 10:00:00
1780830000000,62342.2,62724.6,62331.3,62598.6,3713.3081,2026-06-07 11:00:00
1780833600000,62598.5,62618.7,61520.1,61867.1,12511.0638,2026-06-07 12:00:00
1780837200000,61867.0,61884.2,61633.0,61678.0,3914.3302,2026-06-07 13:00:00
1780840800000,61678.0,62322.3,61672.4,61876.1,6642.8845,2026-06-07 14:00:00
1780844400000,61876.0,62181.5,61640.1,62065.0,4334.4196,2026-06-07 15:00:00
1780848000000,62065.0,62299.0,61938.3,62049.9,3326.0579,2026-06-07 16:00:00
1780851600000,62049.9,62291.0,62011.1,62121.0,2386.4677,2026-06-07 17:00:00
1780855200000,62121.0,62269.9,61984.0,61999.1,1503.7816,2026-06-07 18:00:00
1780858800000,61999.1,62006.5,61147.0,61300.0,9495.3663,2026-06-07 19:00:00
1780862400000,61299.9,61942.0,61192.0,61844.0,4820.4153,2026-06-07 20:00:00
1780866000000,61844.1,61984.0,61626.0,61750.0,2238.6073,2026-06-07 21:00:00
1780869600000,61750.0,64407.5,61696.0,62832.7,27037.1492,2026-06-07 22:00:00
1780873200000,62832.6,63445.1,62768.1,63308.0,5130.7802,2026-06-07 23:00:00
1780876800000,63308.0,63838.0,63120.7,63604.1,6126.3792,2026-06-08 00:00:00
1780880400000,63604.1,63622.0,62681.6,63187.6,7417.0401,2026-06-08 01:00:00
1780884000000,63187.6,63235.0,62862.5,63092.9,3148.9158,2026-06-08 02:00:00
1780887600000,63092.9,63435.4,62947.0,63099.9,3333.4937,2026-06-08 03:00:00
1780891200000,63099.9,63145.0,62623.0,62654.2,3711.3617,2026-06-08 04:00:00
1780894800000,62654.2,62799.3,62376.1,62741.6,5858.2209,2026-06-08 05:00:00
1780898400000,62741.7,63125.0,62705.4,62964.3,4268.1577,2026-06-08 06:00:00
1780902000000,62964.3,63324.9,62778.7,63254.5,4038.1638,2026-06-08 07:00:00
1780905600000,63254.5,63254.5,62950.1,63105.0,2545.7345,2026-06-08 08:00:00
1780909200000,63104.9,63569.3,63091.6,63460.7,5230.7156,2026-06-08 09:00:00
1780912800000,63460.6,63527.5,63058.7,63119.8,4454.5548,2026-06-08 10:00:00
1780916400000,63119.7,63852.4,63009.8,63444.9,8987.053,2026-06-08 11:00:00
1780920000000,63444.9,63920.4,62653.1,63830.0,14944.8163,2026-06-08 12:00:00
1780923600000,63830.0,63920.4,63313.2,63720.3,7489.9092,2026-06-08 13:00:00
1780927200000,63720.2,64074.7,63526.3,63931.9,6464.2638,2026-06-08 14:00:00
1780930800000,63932.0,64202.4,63664.4,63744.0,6830.4303,2026-06-08 15:00:00
1780934400000,63744.1,64026.3,63431.1,63493.2,4134.9871,2026-06-08 16:00:00
1780938000000,63493.3,63625.9,63246.7,63518.8,3888.018,2026-06-08 17:00:00
1780941600000,63518.7,63665.0,63303.0,63437.9,1776.9925,2026-06-08 18:00:00
1780945200000,63437.9,63569.6,63317.5,63341.7,1502.6598,2026-06-08 19:00:00
1780948800000,63341.7,63453.0,63123.9,63452.9,2109.0976,2026-06-08 20:00:00
1780952400000,63453.0,63840.5,63450.0,63685.0,1928.4253,2026-06-08 21:00:00
1780956000000,63685.0,63685.0,63175.8,63408.0,2147.3118,2026-06-08 22:00:00
1780959600000,63407.9,63564.1,62939.0,63061.9,3899.0999,2026-06-08 23:00:00
1780963200000,63061.8,63154.9,62380.0,62532.9,9157.4615,2026-06-09 00:00:00
1780966800000,62532.9,62854.0,62518.0,62736.0,3080.6537,2026-06-09 01:00:00
1780970400000,62736.1,62841.2,62507.4,62841.2,2380.5515,2026-06-09 02:00:00
1780974000000,62841.2,62945.0,62668.0,62839.4,2162.4215,2026-06-09 03:00:00
1780977600000,62839.4,63396.0,62718.4,63211.9,5112.8465,2026-06-09 04:00:00
1780981200000,63211.9,63493.5,63087.0,63311.6,2940.8271,2026-06-09 05:00:00
1780984800000,63311.6,63472.1,63203.4,63267.1,2537.0284,2026-06-09 06:00:00
1780988400000,63267.2,63410.0,62950.6,63169.3,3103.5357,2026-06-09 07:00:00
1780992000000,63169.4,63187.2,62740.0,62819.5,5458.4417,2026-06-09 08:00:00
1780995600000,62819.5,62925.6,62556.1,62687.9,3325.6233,2026-06-09 09:00:00
1780999200000,62687.8,62803.9,62566.1,62755.8,2062.343,2026-06-09 10:00:00
1781002800000,62755.7,62784.0,62461.8,62678.8,3131.9921,2026-06-09 11:00:00
1781006400000,62678.8,62880.3,62400.8,62612.7,5065.9765,2026-06-09 12:00:00
1781010000000,62612.7,62709.9,62117.4,62242.1,8207.7051,2026-06-09 13:00:00
1781013600000,62242.1,62366.5,61122.0,61513.6,20284.1926,2026-06-09 14:00:00
1781017200000,61513.6,61680.0,61002.0,61102.7,10262.9005,2026-06-09 15:00:00
1781020800000,61102.8,61475.0,60728.4,61365.2,13172.626,2026-06-09 16:00:00
1781024400000,61365.2,61880.0,61360.1,61665.0,6719.0906,2026-06-09 17:00:00
1781028000000,61665.0,61947.3,61563.6,61759.9,3528.1886,2026-06-09 18:00:00
1781031600000,61759.9,62077.0,61684.2,62066.0,3552.4123,2026-06-09 19:00:00
1781035200000,62066.0,62242.0,61920.0,62137.6,2407.4361,2026-06-09 20:00:00
1781038800000,62137.5,62194.8,61668.0,61742.8,3044.5502,2026-06-09 21:00:00
1781042400000,61742.8,61956.4,61634.1,61695.7,2154.4744,2026-06-09 22:00:00
1781046000000,61695.8,61858.0,61521.7,61698.2,2250.2134,2026-06-09 23:00:00
1781049600000,61698.2,61904.6,61410.5,61888.0,3025.4279,2026-06-10 00:00:00
1781053200000,61888.0,61953.0,61551.7,61688.5,2452.9721,2026-06-10 01:00:00
1781056800000,61688.6,61809.0,61200.2,61276.5,3663.3949,2026-06-10 02:00:00
1781060400000,61276.4,61568.0,61251.0,61516.2,2226.4296,2026-06-10 03:00:00
1781064000000,61516.3,61536.6,61155.1,61266.0,2321.8023,2026-06-10 04:00:00
1781067600000,61266.0,61370.0,61045.7,61326.2,2280.2916,2026-06-10 05:00:00
1781071200000,61326.2,61498.2,61110.0,61433.2,2694.1624,2026-06-10 06:00:00
1781074800000,61433.2,61764.2,61397.2,61654.8,3159.3031,2026-06-10 07:00:00
1781078400000,61654.9,61708.7,61130.0,61234.0,4436.2652,2026-06-10 08:00:00
1781082000000,61234.0,61392.9,60638.3,61308.1,8666.2313,2026-06-10 09:00:00
1781085600000,61308.2,61428.6,61123.0,61353.3,2448.4847,2026-06-10 10:00:00
1781089200000,61353.4,61407.1,60823.1,61003.1,6269.6867,2026-06-10 11:00:00
1781092800000,61003.2,61948.0,60921.5,61531.1,10072.353,2026-06-10 12:00:00
1781096400000,61531.0,62464.6,61408.0,62112.3,11885.4975,2026-06-10 13:00:00
1781100000000,62112.2,62225.1,61781.0,62166.1,6649.9745,2026-06-10 14:00:00
1781103600000,62166.2,62840.4,61816.0,62598.8,11802.2425,2026-06-10 15:00:00
1781107200000,62598.8,62615.3,61888.0,62187.4,6548.9038,2026-06-10 16:00:00
1781110800000,62187.5,62329.5,61610.2,61942.6,5945.1944,2026-06-10 17:00:00
1781114400000,61942.6,62131.5,61573.7,61863.9,2679.8557,2026-06-10 18:00:00
1781118000000,61863.8,62038.2,61650.0,61915.0,2199.0486,2026-06-10 19:00:00
1781121600000,61914.9,61924.9,61655.0,61773.1,1494.554,2026-06-10 20:00:00
1781125200000,61773.1,61773.1,61122.1,61321.4,4970.5297,2026-06-10 21:00:00
1781128800000,61321.4,61538.6,61060.3,61344.2,3661.7439,2026-06-10 22:00:00
1781132400000,61344.1,61578.1,61125.1,61475.3,2405.5361,2026-06-10 23:00:00
1781136000000,61475.3,61950.0,61475.3,61791.7,3262.1754,2026-06-11 00:00:00
1781139600000,61791.6,62396.2,61786.8,62176.4,3878.63,2026-06-11 01:00:00
1781143200000,62176.5,62276.1,61905.5,62108.2,2561.6192,2026-06-11 02:00:00
1781146800000,62108.1,62823.4,61968.4,62650.0,6159.4322,2026-06-11 03:00:00
1781150400000,62650.1,62820.0,62502.5,62684.5,3295.6224,2026-06-11 04:00:00
1781154000000,62684.4,62692.3,62510.6,62579.3,1966.035,2026-06-11 05:00:00
1781157600000,62579.3,62998.9,62510.0,62728.2,5304.4414,2026-06-11 06:00:00
1781161200000,62728.1,62817.9,62571.4,62683.7,2867.0108,2026-06-11 07:00:00
1781164800000,62683.6,63041.4,62678.0,62920.0,3014.1956,2026-06-11 08:00:00
1781168400000,62920.0,62960.0,62750.0,62892.0,1873.7872,2026-06-11 09:00:00
1781172000000,62891.9,63187.7,62760.5,63105.0,3969.3677,2026-06-11 10:00:00
1781175600000,63105.0,63239.1,63012.0,63075.0,3729.3206,2026-06-11 11:00:00
1781179200000,63075.1,63180.7,62456.0,62966.5,9984.3889,2026-06-11 12:00:00
1781182800000,62966.5,63212.1,62642.6,63048.2,6012.7409,2026-06-11 13:00:00
1781186400000,63048.3,63070.4,62692.5,62700.1,3973.4656,2026-06-11 14:00:00
1781190000000,62700.2,62852.9,62483.8,62724.0,4595.4207,2026-06-11 15:00:00
1781193600000,62724.0,62817.7,62522.9,62550.0,3344.2408,2026-06-11 16:00:00
1781197200000,62550.0,63670.0,62310.0,63616.1,14180.2955,2026-06-11 17:00:00
1781200800000,63616.2,63773.3,63300.0,63427.2,5585.0645,2026-06-11 18:00:00
1781204400000,63427.6,63900.0,63354.6,63570.0,4383.7117,2026-06-11 19:00:00
1781208000000,63570.0,63629.9,63232.5,63362.2,2878.8438,2026-06-11 20:00:00
1781211600000,63362.2,63581.4,63355.4,63486.0,1128.3499,2026-06-11 21:00:00
1781215200000,63486.0,63643.3,63428.5,63465.1,1111.8339,2026-06-11 22:00:00
1781218800000,63465.1,63684.4,63331.0,63596.9,1688.9909,2026-06-11 23:00:00
1781222400000,63597.0,63764.3,63481.3,63608.2,1881.9779,2026-06-12 00:00:00
1781226000000,63608.3,63614.1,63262.4,63398.6,2487.5489,2026-06-12 01:00:00
1781229600000,63398.7,63750.0,63398.6,63586.3,1855.313,2026-06-12 02:00:00
1781233200000,63586.4,63616.0,63319.8,63491.4,1531.1275,2026-06-12 03:00:00
1781236800000,63491.5,63834.9,63388.1,63668.1,2770.7811,2026-06-12 04:00:00
1781240400000,63668.1,63694.3,63276.0,63325.5,3496.9616,2026-06-12 05:00:00
1781244000000,63325.5,63383.9,62814.4,62960.2,5466.1783,2026-06-12 06:00:00
1781247600000,62960.2,63183.7,62921.2,63063.0,3211.3392,2026-06-12 07:00:00
1781251200000,63063.0,63590.3,63063.0,63439.7,4178.1682,2026-06-12 08:00:00
1781254800000,63439.6,63950.0,63405.0,63720.0,5293.1215,2026-06-12 09:00:00
1781258400000,63719.9,63818.0,63550.0,63661.4,2394.0609,2026-06-12 10:00:00
1781262000000,63661.5,63856.0,63644.3,63721.5,2542.5237,2026-06-12 11:00:00
1781265600000,63721.5,63740.6,63329.6,63429.9,3468.602,2026-06-12 12:00:00
1781269200000,63429.9,63504.4,63000.0,63194.5,5670.6796,2026-06-12 13:00:00
1781272800000,63194.6,63991.7,63150.1,63970.5,7708.5623,2026-06-12 14:00:00
1781276400000,63970.4,64378.8,63520.7,63564.2,13271.6633,2026-06-12 15:00:00
1781280000000,63564.2,63976.0,63477.0,63950.2,5194.0186,2026-06-12 16:00:00
1781283600000,63950.2,64089.0,63710.0,63836.2,2473.5211,2026-06-12 17:00:00
1781287200000,63836.3,63907.2,63647.4,63655.6,2219.3253,2026-06-12 18:00:00
1781290800000,63655.6,63787.7,63547.1,63552.8,1884.8345,2026-06-12 19:00:00
1781294400000,63553.1,63668.4,63345.6,63413.7,1777.8242,2026-06-12 20:00:00
1781298000000,63413.7,63597.9,63404.8,63447.8,1237.667,2026-06-12 21:00:00
1781301600000,63447.8,63631.0,63435.0,63477.0,1029.4398,2026-06-12 22:00:00
1781305200000,63476.9,63550.0,63387.4,63541.9,987.4901,2026-06-12 23:00:00
1781308800000,63541.9,63617.0,63473.8,63578.0,1476.6494,2026-06-13 00:00:00
1781312400000,63578.3,63817.2,63578.3,63799.6,1633.579,2026-06-13 01:00:00
1781316000000,63799.6,63804.5,63520.1,63610.6,1359.6341,2026-06-13 02:00:00
1781319600000,63610.6,63696.7,63390.0,63497.6,1535.3926,2026-06-13 03:00:00
1781323200000,63497.6,63616.6,63459.0,63475.3,938.1828,2026-06-13 04:00:00
1781326800000,63475.2,63570.7,63452.5,63557.5,998.1229,2026-06-13 05:00:00
1781330400000,63557.5,63715.3,63519.1,63702.9,839.5399,2026-06-13 06:00:00
1781334000000,63702.9,63859.0,63637.8,63812.5,2028.2319,2026-06-13 07:00:00
1781337600000,63812.6,63878.3,63721.8,63765.1,1789.8768,2026-06-13 08:00:00
1781341200000,63765.2,63828.0,63700.0,63702.3,854.361,2026-06-13 09:00:00
1781344800000,63702.2,63888.0,63680.0,63805.8,1232.994,2026-06-13 10:00:00
1781348400000,63805.9,63937.1,63802.1,63934.8,1250.1576,2026-06-13 11:00:00
1781352000000,63934.8,64188.0,63881.1,64098.4,3110.4003,2026-06-13 12:00:00
1781355600000,64098.5,64217.3,64019.1,64069.6,2546.6537,2026-06-13 13:00:00
1781359200000,64069.6,64200.0,64050.4,64189.6,1061.3969,2026-06-13 14:00:00
1781362800000,64189.7,64312.4,64139.1,64262.5,2631.5276,2026-06-13 15:00:00
1781366400000,64262.5,64279.7,63850.2,63997.7,4299.9121,2026-06-13 16:00:00
1781370000000,63997.7,64095.2,63907.2,63942.1,1418.2534,2026-06-13 17:00:00
1781373600000,63942.1,64259.6,63942.1,64123.5,1726.3931,2026-06-13 18:00:00
1781377200000,64123.5,64315.8,64111.9,64262.5,1620.684,2026-06-13 19:00:00
1781380800000,64262.6,64262.6,64197.6,64249.9,693.5843,2026-06-13 20:00:00
1781384400000,64250.0,64745.0,64185.3,64438.7,5011.8664,2026-06-13 21:00:00
1781388000000,64438.6,64528.0,64353.8,64416.7,1588.8196,2026-06-13 22:00:00
1781391600000,64416.7,64566.7,64351.7,64417.1,1237.0039,2026-06-13 23:00:00
1781395200000,64417.2,64546.8,64338.8,64524.5,1265.6716,2026-06-14 00:00:00
1781398800000,64524.5,64685.6,64470.0,64538.4,1783.7086,2026-06-14 01:00:00
1781402400000,64538.4,64599.0,64430.0,64450.7,1139.2795,2026-06-14 02:00:00
1781406000000,64450.6,64508.8,64420.3,64507.8,1044.0475,2026-06-14 03:00:00
1781409600000,64507.8,64518.5,64277.6,64308.9,1957.5825,2026-06-14 04:00:00
1781413200000,64309.0,64381.8,64255.5,64317.4,1145.7354,2026-06-14 05:00:00
1781416800000,64317.5,64454.4,64215.0,64254.0,1486.9621,2026-06-14 06:00:00
1781420400000,64254.0,64418.7,64179.6,64402.5,1277.7736,2026-06-14 07:00:00
1781424000000,64402.6,64492.4,64360.0,64424.1,949.2241,2026-06-14 08:00:00
1781427600000,64424.0,64588.9,64282.2,64581.9,1606.6186,2026-06-14 09:00:00
1781431200000,64581.9,64635.9,64460.2,64484.3,1453.5182,2026-06-14 10:00:00
1781434800000,64484.3,64600.0,64413.3,64509.9,1162.7229,2026-06-14 11:00:00
1781438400000,64509.9,64525.6,64261.0,64296.6,1744.7077,2026-06-14 12:00:00
1781442000000,64296.6,64371.9,64201.6,64287.5,1566.9718,2026-06-14 13:00:00
1781445600000,64287.5,64312.0,63822.0,63946.2,5867.7106,2026-06-14 14:00:00
1781449200000,63946.2,64111.1,63933.9,63984.9,2356.9271,2026-06-14 15:00:00
1781452800000,63984.9,64179.8,63885.9,63907.3,2216.8848,2026-06-14 16:00:00
1781456400000,63907.3,63992.5,63658.0,63703.4,2971.1426,2026-06-14 17:00:00
1781460000000,63703.3,63790.1,63644.8,63781.7,1465.1319,2026-06-14 18:00:00
1781463600000,63781.7,63843.5,63705.1,63768.6,883.0367,2026-06-14 19:00:00
1781467200000,63768.6,64069.3,63760.0,63974.8,1500.6349,2026-06-14 20:00:00
1781470800000,63974.8,65678.0,63971.5,65276.8,14210.5334,2026-06-14 21:00:00
1781474400000,65276.9,65538.4,64898.4,65384.2,7208.567,2026-06-14 22:00:00
1781478000000,65384.2,65764.4,65220.0,65697.7,4681.4026,2026-06-14 23:00:00
1781481600000,65697.8,65935.1,65436.9,65586.0,5758.4304,2026-06-15 00:00:00
1781485200000,65586.0,65688.0,65310.6,65471.6,2898.0505,2026-06-15 01:00:00
1781488800000,65471.6,65745.7,65364.9,65430.1,2272.5314,2026-06-15 02:00:00
1781492400000,65430.1,65996.9,65391.8,65883.7,4092.3464,2026-06-15 03:00:00
1781496000000,65883.7,65883.7,65582.7,65600.1,2097.4808,2026-06-15 04:00:00
1781499600000,65600.1,65835.2,65566.5,65816.6,2359.9123,2026-06-15 05:00:00
1781503200000,65816.6,65927.4,65722.0,65770.1,2869.1481,2026-06-15 06:00:00
1781506800000,65770.1,65980.0,65594.1,65648.5,3842.9714,2026-06-15 07:00:00
1781510400000,65648.5,65774.0,65583.0,65630.1,2074.3646,2026-06-15 08:00:00
1781514000000,65630.2,65749.9,65471.0,65563.6,2269.5453,2026-06-15 09:00:00
1781517600000,65563.6,65934.9,65547.1,65887.9,2988.8455,2026-06-15 10:00:00
1781521200000,65887.9,66370.0,65808.8,66197.9,10329.0707,2026-06-15 11:00:00
1781524800000,66198.0,66590.1,66070.0,66533.0,7417.3109,2026-06-15 12:00:00
1781528400000,66533.0,66925.3,66372.6,66411.4,12770.0048,2026-06-15 13:00:00
1781532000000,66411.4,66632.2,66262.9,66542.9,4974.5152,2026-06-15 14:00:00
1781535600000,66542.8,67283.9,66536.2,67252.8,9211.1778,2026-06-15 15:00:00
1781539200000,67252.7,67253.3,67050.0,67120.0,4121.2661,2026-06-15 16:00:00
1781542800000,67120.1,67120.1,66633.8,66822.9,5568.4995,2026-06-15 17:00:00
1781546400000,66822.9,66899.3,66685.7,66733.2,2533.2192,2026-06-15 18:00:00
1781550000000,66733.2,66860.0,66313.2,66580.0,4514.0834,2026-06-15 19:00:00
1781553600000,66579.9,66654.4,66456.0,66489.9,1313.626,2026-06-15 20:00:00
1781557200000,66489.9,66535.7,66305.0,66341.1,1268.617,2026-06-15 21:00:00
1781560800000,66341.0,66446.4,66065.0,66169.5,3190.1096,2026-06-15 22:00:00
1781564400000,66169.5,66332.3,66067.8,66292.8,1840.3864,2026-06-15 23:00:00
1781568000000,66292.7,66433.5,66198.0,66212.7,2246.8939,2026-06-16 00:00:00
1781571600000,66212.6,66417.3,66205.7,66315.2,2275.3867,2026-06-16 01:00:00
1781575200000,66315.2,66337.5,65650.1,65713.0,6018.6297,2026-06-16 02:00:00
1781578800000,65713.0,66135.0,65612.9,66120.1,4029.3398,2026-06-16 03:00:00
1781582400000,66120.1,66247.2,65764.9,65805.4,4043.0062,2026-06-16 04:00:00
1781586000000,65805.4,66113.3,65805.4,66020.1,2035.2263,2026-06-16 05:00:00
1781589600000,66020.1,66567.0,66020.1,66400.2,4186.4803,2026-06-16 06:00:00
1781593200000,66400.2,66487.9,66267.3,66333.6,2317.9885,2026-06-16 07:00:00
1781596800000,66333.6,66976.4,66305.3,66872.1,6009.9145,2026-06-16 08:00:00
1781600400000,66872.0,66890.6,66438.2,66479.8,3774.6014,2026-06-16 09:00:00
1781604000000,66479.7,66749.0,66457.0,66482.9,2180.4021,2026-06-16 10:00:00
1781607600000,66482.9,66624.0,66328.7,66458.1,2846.9927,2026-06-16 11:00:00
1781611200000,66458.1,66790.0,66330.0,66387.9,4465.4069,2026-06-16 12:00:00
1781614800000,66388.0,66430.0,65888.9,66014.0,7356.8089,2026-06-16 13:00:00
1781618400000,66014.4,66226.0,65324.3,65628.4,9759.6313,2026-06-16 14:00:00
1781622000000,65628.3,65968.0,65580.1,65834.7,4187.4969,2026-06-16 15:00:00
1781625600000,65834.8,65929.7,65668.3,65727.0,2178.2786,2026-06-16 16:00:00
1781629200000,65727.0,65984.3,65675.8,65946.5,1977.6885,2026-06-16 17:00:00
1781632800000,65946.5,66246.8,65762.1,65815.3,3219.5072,2026-06-16 18:00:00
1781636400000,65815.2,65815.2,65520.8,65650.1,2460.6766,2026-06-16 19:00:00
1781640000000,65650.0,65844.0,65554.5,65829.7,1407.5043,2026-06-16 20:00:00
1781643600000,65829.8,65921.2,65620.0,65748.0,1204.9624,2026-06-16 21:00:00
1781647200000,65748.0,65860.1,65650.0,65746.3,1304.2891,2026-06-16 22:00:00
1781650800000,65746.4,65806.7,65588.3,65648.7,868.1288,2026-06-16 23:00:00
1781654400000,65648.7,65824.6,65648.7,65682.0,1187.0895,2026-06-17 00:00:00
1781658000000,65682.1,65934.4,65408.9,65902.9,3065.9453,2026-06-17 01:00:00
1781661600000,65903.0,66100.0,65739.3,65868.9,2529.7522,2026-06-17 02:00:00
1781665200000,65868.9,65874.4,65666.6,65820.0,1035.0288,2026-06-17 03:00:00
1781668800000,65820.0,66021.2,65754.5,65855.6,1411.8567,2026-06-17 04:00:00
1781672400000,65855.6,65950.0,65710.0,65803.7,1373.3139,2026-06-17 05:00:00
1781676000000,65803.7,65864.3,65543.1,65593.0,2129.1396,2026-06-17 06:00:00
1781679600000,65593.0,65687.8,65213.6,65505.0,5807.198,2026-06-17 07:00:00
1781683200000,65505.0,65543.6,64777.3,64886.7,8678.7955,2026-06-17 08:00:00
1781686800000,64886.7,65047.9,64810.0,64885.2,3552.885,2026-06-17 09:00:00
1781690400000,64885.2,64969.6,64724.4,64765.9,2345.203,2026-06-17 10:00:00
1781694000000,64765.9,64840.1,64514.6,64777.0,5511.7534,2026-06-17 11:00:00
1781697600000,64777.0,65074.8,64555.0,65007.2,4818.0768,2026-06-17 12:00:00
1781701200000,65007.2,65330.0,64810.0,65231.2,5649.1203,2026-06-17 13:00:00
1781704800000,65231.2,65420.0,64723.5,65068.0,6711.5725,2026-06-17 14:00:00
1781708400000,65067.9,65833.1,64950.0,65720.0,6698.8096,2026-06-17 15:00:00
1781712000000,65719.9,66426.6,65684.8,65835.1,8807.315,2026-06-17 16:00:00
1781715600000,65835.1,66182.7,65768.0,66077.6,2691.6559,2026-06-17 17:00:00
1781719200000,66077.5,66077.5,64760.4,65479.8,18178.5183,2026-06-17 18:00:00
1781722800000,65479.8,65631.6,64007.0,64278.2,16197.5822,2026-06-17 19:00:00
1781726400000,64278.2,64455.0,64140.4,64398.0,3674.5865,2026-06-17 20:00:00
1781730000000,64398.0,64420.0,64106.5,64222.7,1880.4561,2026-06-17 21:00:00
1781733600000,64222.7,64400.0,63880.0,64261.6,3542.4883,2026-06-17 22:00:00
1781737200000,64261.6,64498.0,64218.0,64471.4,1487.4507,2026-06-17 23:00:00
1781740800000,64471.3,64672.3,64412.5,64428.5,1941.2904,2026-06-18 00:00:00
1781744400000,64428.6,64775.4,64422.5,64519.9,1805.5611,2026-06-18 01:00:00
1781748000000,64520.0,64750.0,64444.3,64650.4,2360.2259,2026-06-18 02:00:00
1781751600000,64650.4,64655.0,64234.4,64250.1,2465.3741,2026-06-18 03:00:00
1781755200000,64250.2,64310.1,63773.1,63849.5,6791.0604,2026-06-18 04:00:00
1781758800000,63849.4,64000.0,63666.0,63968.4,3431.6252,2026-06-18 05:00:00
1781762400000,63968.4,64104.3,63820.4,64057.3,2403.1471,2026-06-18 06:00:00
1781766000000,64057.5,64480.0,63982.1,64474.1,3683.9051,2026-06-18 07:00:00
1781769600000,64474.1,64650.0,64314.8,64369.9,4300.5038,2026-06-18 08:00:00
1781773200000,64370.0,64450.0,64150.0,64168.2,2337.3082,2026-06-18 09:00:00
1781776800000,64168.2,64195.4,63886.0,64050.0,3718.1883,2026-06-18 10:00:00
1781780400000,64050.0,64169.9,63846.3,63941.0,2952.4543,2026-06-18 11:00:00
1781784000000,63941.0,64375.0,63890.6,64342.5,3437.9815,2026-06-18 12:00:00
1781787600000,64342.6,64416.4,63756.5,63956.0,6409.9353,2026-06-18 13:00:00
1781791200000,63956.0,64178.0,63525.0,63785.7,7766.4381,2026-06-18 14:00:00
1781794800000,63785.6,63800.0,62253.6,62332.2,19534.1162,2026-06-18 15:00:00
1781798400000,62332.2,62789.9,62308.3,62659.0,7872.609,2026-06-18 16:00:00
1781802000000,62659.0,62716.8,62222.2,62569.1,6312.1415,2026-06-18 17:00:00
1781805600000,62569.1,62920.8,62541.2,62676.1,4275.723,2026-06-18 18:00:00
1781809200000,62676.2,62979.0,62600.0,62922.2,2284.1537,2026-06-18 19:00:00
1781812800000,62922.3,63249.9,62922.3,63059.3,3242.1148,2026-06-18 20:00:00
1781816400000,63059.4,63097.4,62838.5,62933.1,1496.3421,2026-06-18 21:00:00
1781820000000,62933.0,62966.5,62695.5,62846.4,1350.9497,2026-06-18 22:00:00
1781823600000,62846.4,62958.1,62719.3,62920.8,1187.4976,2026-06-18 23:00:00
1781827200000,62920.8,63059.0,62807.9,62987.7,1351.3133,2026-06-19 00:00:00
1781830800000,62987.7,63072.8,62816.1,62995.5,1495.9162,2026-06-19 01:00:00
1781834400000,62995.6,63084.7,62855.1,62975.1,1216.6572,2026-06-19 02:00:00
1781838000000,62975.1,63000.0,62350.5,62746.4,5731.956,2026-06-19 03:00:00
1781841600000,62746.5,62893.3,62380.3,62428.1,3085.2939,2026-06-19 04:00:00
1781845200000,62428.2,62718.9,62423.2,62713.5,1666.0635,2026-06-19 05:00:00
1781848800000,62713.6,62884.9,62696.4,62859.9,1699.6144,2026-06-19 06:00:00
1781852400000,62860.0,62888.0,62470.9,62598.2,3241.8597,2026-06-19 07:00:00
1781856000000,62598.3,62751.4,62501.2,62571.7,1648.7157,2026-06-19 08:00:00
1781859600000,62571.6,62626.3,62281.6,62351.0,3985.7567,2026-06-19 09:00:00
1781863200000,62350.9,62560.0,62350.0,62500.0,2393.5037,2026-06-19 10:00:00
1781866800000,62500.1,62660.0,62421.4,62599.5,2071.4339,2026-06-19 11:00:00
1781870400000,62599.5,62855.5,62320.0,62800.0,4530.6533,2026-06-19 12:00:00
1781874000000,62800.0,63387.5,62636.4,63175.9,7206.0333,2026-06-19 13:00:00
1781877600000,63175.9,63384.4,62980.0,63174.8,4221.9121,2026-06-19 14:00:00
1781881200000,63174.8,63256.2,62986.6,63187.6,2724.2245,2026-06-19 15:00:00
1781884800000,63187.7,63361.3,62879.6,62941.4,4154.0322,2026-06-19 16:00:00
1781888400000,62941.4,63197.2,62827.7,63163.1,3100.4357,2026-06-19 17:00:00
1781892000000,63163.1,63174.4,62950.0,63073.5,1219.8651,2026-06-19 18:00:00
1781895600000,63073.4,63122.7,62904.2,62999.9,1164.4486,2026-06-19 19:00:00
1781899200000,63000.0,63254.3,62931.0,63215.8,1129.1895,2026-06-19 20:00:00
1781902800000,63215.8,63246.3,63025.4,63052.4,690.3144,2026-06-19 21:00:00
1781906400000,63052.3,63350.0,63018.0,63284.7,1080.8321,2026-06-19 22:00:00
1781910000000,63284.8,63645.7,63240.3,63510.5,2927.1277,2026-06-19 23:00:00
1781913600000,63510.4,63752.0,63436.7,63493.5,2616.2229,2026-06-20 00:00:00
1781917200000,63493.4,63588.0,63370.0,63547.9,1506.3598,2026-06-20 01:00:00
1781920800000,63547.8,63547.8,63289.1,63310.1,1423.1321,2026-06-20 02:00:00
1781924400000,63310.1,63484.4,63290.0,63448.6,932.1936,2026-06-20 03:00:00
1781928000000,63448.7,63585.3,63361.6,63551.0,1154.459,2026-06-20 04:00:00
1781931600000,63551.1,63886.0,63502.9,63640.7,3755.4859,2026-06-20 05:00:00
1781935200000,63640.7,63724.8,63604.3,63706.9,1232.8491,2026-06-20 06:00:00
1781938800000,63706.9,63766.6,63560.0,63622.6,1530.1455,2026-06-20 07:00:00
1781942400000,63622.7,63628.2,63341.4,63381.6,3110.5597,2026-06-20 08:00:00
1781946000000,63381.6,63763.0,63381.6,63703.1,2710.7507,2026-06-20 09:00:00
1781949600000,63703.2,63749.9,63564.1,63646.1,1475.4011,2026-06-20 10:00:00
1781953200000,63646.1,63769.4,63585.6,63646.6,1117.2398,2026-06-20 11:00:00
1781956800000,63646.7,63756.1,63510.0,63621.9,2135.8506,2026-06-20 12:00:00
1781960400000,63621.9,63621.9,63240.0,63357.9,4395.9831,2026-06-20 13:00:00
1781964000000,63357.9,64149.5,63150.0,63929.9,8654.8369,2026-06-20 14:00:00
1781967600000,63930.0,64355.5,63806.7,64129.7,6568.1729,2026-06-20 15:00:00
1781971200000,64129.8,64140.4,63869.6,63995.9,2019.66,2026-06-20 16:00:00
1781974800000,63995.8,64009.0,63701.7,63807.7,2333.797,2026-06-20 17:00:00
1781978400000,63807.7,63906.6,63741.4,63777.0,958.4593,2026-06-20 18:00:00
1781982000000,63776.9,63945.2,63761.2,63909.5,914.9771,2026-06-20 19:00:00
1781985600000,63909.5,63951.6,63822.7,63903.9,605.5398,2026-06-20 20:00:00
1781989200000,63903.9,64066.7,63887.2,63985.9,896.8562,2026-06-20 21:00:00
1781992800000,63985.9,64328.6,63951.9,64240.2,1986.2672,2026-06-20 22:00:00
1781996400000,64240.3,64309.8,64215.0,64261.7,863.7117,2026-06-20 23:00:00
1782000000000,64261.6,64287.2,64194.0,64257.9,1070.7901,2026-06-21 00:00:00
1782003600000,64257.9,64287.9,64179.5,64213.4,1334.3435,2026-06-21 01:00:00
1782007200000,64213.4,64246.1,64184.0,64213.8,569.5752,2026-06-21 02:00:00
1782010800000,64213.9,64447.0,64197.7,64391.5,2538.0148,2026-06-21 03:00:00
1782014400000,64391.5,64560.0,64218.5,64245.3,2879.2378,2026-06-21 04:00:00
1782018000000,64245.3,64337.8,64186.0,64223.4,1384.0567,2026-06-21 05:00:00
1782021600000,64223.5,64294.9,64151.3,64269.7,855.2655,2026-06-21 06:00:00
1782025200000,64269.6,64270.0,64127.3,64165.1,1219.4164,2026-06-21 07:00:00
1782028800000,64165.1,64198.9,63864.0,63983.4,2643.5758,2026-06-21 08:00:00
1782032400000,63983.4,64218.5,63920.0,64177.7,2727.0341,2026-06-21 09:00:00
1782036000000,64177.6,64380.0,64160.2,64334.8,2546.346,2026-06-21 10:00:00
1782039600000,64334.8,64448.4,64079.1,64144.6,3949.4548,2026-06-21 11:00:00
1782043200000,64144.5,64208.1,63908.9,64165.0,3988.4509,2026-06-21 12:00:00
1782046800000,64165.0,64165.0,63980.0,64111.9,1423.6268,2026-06-21 13:00:00
1782050400000,64111.9,64125.4,63964.4,64122.0,1254.5955,2026-06-21 14:00:00
1782054000000,64122.0,64332.5,64087.6,64191.6,1719.6549,2026-06-21 15:00:00
1782057600000,64191.7,64223.1,64002.3,64111.2,1656.4503,2026-06-21 16:00:00
1782061200000,64111.2,64188.0,64039.1,64114.2,792.6716,2026-06-21 17:00:00
1782064800000,64114.2,64212.6,63911.0,64179.3,1430.3033,2026-06-21 18:00:00
1782068400000,64179.3,64270.0,64130.1,64169.1,692.8306,2026-06-21 19:00:00
1782072000000,64169.2,64237.7,63643.0,63817.6,3166.4306,2026-06-21 20:00:00
1782075600000,63817.6,63939.0,63461.4,63768.5,3749.9569,2026-06-21 21:00:00
1782079200000,63768.4,63829.8,63537.9,63765.9,2441.5338,2026-06-21 22:00:00
1782082800000,63765.9,63765.9,63228.0,63278.9,3880.314,2026-06-21 23:00:00
1782086400000,63278.9,64075.0,63278.8,63860.0,5713.712,2026-06-22 00:00:00
1782090000000,63860.0,64813.0,63820.0,64570.1,10672.2402,2026-06-22 01:00:00
1782093600000,64570.1,64646.2,64220.3,64230.5,3225.6016,2026-06-22 02:00:00
1782097200000,64230.5,64436.0,63866.7,63940.1,4836.9502,2026-06-22 03:00:00
1782100800000,63940.1,64087.9,63833.3,64068.1,2469.5229,2026-06-22 04:00:00
1782104400000,64068.1,64310.2,64059.9,64219.3,2352.109,2026-06-22 05:00:00
1782108000000,64219.3,64293.2,63919.2,63963.9,2082.7479,2026-06-22 06:00:00
1782111600000,63963.9,64382.8,63941.0,64179.3,2584.1627,2026-06-22 07:00:00
1782115200000,64179.3,64320.0,64005.6,64132.4,2241.7161,2026-06-22 08:00:00
1782118800000,64132.4,64230.1,64022.0,64115.4,1250.3156,2026-06-22 09:00:00
1782122400000,64115.5,64252.4,64046.0,64113.6,1139.7314,2026-06-22 10:00:00
1782126000000,64113.6,64745.8,64070.0,64625.0,6481.9355,2026-06-22 11:00:00
1782129600000,64625.0,65189.5,64551.7,65116.4,10087.0901,2026-06-22 12:00:00
1782133200000,65116.4,65566.0,64906.5,65549.1,8817.2697,2026-06-22 13:00:00
1782136800000,65549.1,65616.4,64800.0,64940.5,8823.0367,2026-06-22 14:00:00
1782140400000,64940.6,65115.8,64711.0,64803.5,3977.5862,2026-06-22 15:00:00
1782144000000,64803.5,64831.8,64478.7,64693.0,4707.8948,2026-06-22 16:00:00
1782147600000,64693.0,64747.6,64355.0,64578.7,3608.8361,2026-06-22 17:00:00
1782151200000,64578.7,64716.7,64263.0,64314.9,2876.8025,2026-06-22 18:00:00
1782154800000,64315.0,64480.0,64244.0,64451.4,3032.2068,2026-06-22 19:00:00
1782158400000,64451.4,64640.3,64331.5,64411.4,2197.9433,2026-06-22 20:00:00
1782162000000,64411.4,64456.7,64108.5,64291.1,1876.045,2026-06-22 21:00:00
1782165600000,64291.0,64367.9,63766.0,63943.0,5112.4086,2026-06-22 22:00:00
1782169200000,63943.0,64023.4,63849.4,63994.0,1973.0255,2026-06-22 23:00:00
1782172800000,63993.9,64136.0,63803.1,64123.5,2172.328,2026-06-23 00:00:00
1782176400000,64123.5,64248.5,63866.0,64123.5,3111.9769,2026-06-23 01:00:00
1782180000000,64123.5,64250.0,64009.1,64168.3,1362.2702,2026-06-23 02:00:00
1782183600000,64168.3,64173.9,63936.2,64040.0,1704.5401,2026-06-23 03:00:00
1782187200000,64039.9,64067.8,63577.1,63597.9,3857.2085,2026-06-23 04:00:00
1782190800000,63597.8,63708.7,63325.0,63366.0,5865.7895,2026-06-23 05:00:00
1782194400000,63366.0,63372.0,62523.1,62899.9,14368.1758,2026-06-23 06:00:00
1782198000000,62900.0,63057.2,62818.2,62846.3,3566.2512,2026-06-23 07:00:00
1782201600000,62846.2,62910.4,61883.8,62349.1,15762.3772,2026-06-23 08:00:00
1782205200000,62349.1,62476.9,62296.7,62353.0,2812.4743,2026-06-23 09:00:00
1782208800000,62353.0,62548.9,62204.9,62289.1,3609.3415,2026-06-23 10:00:00
1782212400000,62289.1,62634.2,62286.8,62476.0,3376.8894,2026-06-23 11:00:00
1782216000000,62476.1,62532.2,62155.0,62229.9,2955.5221,2026-06-23 12:00:00
1782219600000,62230.0,62513.2,61928.6,62450.0,8246.7107,2026-06-23 13:00:00
1782223200000,62450.0,62828.1,62375.0,62466.6,7506.3842,2026-06-23 14:00:00
1782226800000,62466.7,62486.2,62171.5,62459.9,3956.8895,2026-06-23 15:00:00
1782230400000,62459.9,62794.3,62401.1,62518.3,4770.2386,2026-06-23 16:00:00
1782234000000,62518.3,62661.7,62300.0,62322.1,2994.0009,2026-06-23 17:00:00
1782237600000,62322.2,62420.0,62075.0,62208.9,2409.3707,2026-06-23 18:00:00
1782241200000,62209.0,62457.1,62195.6,62367.4,1757.5779,2026-06-23 19:00:00
1782244800000,62367.5,62514.8,62350.0,62438.3,1146.7729,2026-06-23 20:00:00
1782248400000,62438.4,62625.0,62438.4,62569.8,1053.8039,2026-06-23 21:00:00
1782252000000,62569.8,62750.0,62490.0,62560.5,1464.0058,2026-06-23 22:00:00
1782255600000,62560.4,62774.8,62462.9,62701.4,1581.5824,2026-06-23 23:00:00
1782259200000,62701.5,63000.0,62700.0,62990.0,3694.5536,2026-06-24 00:00:00
1782262800000,62990.1,63097.9,62735.6,62908.0,3379.0695,2026-06-24 01:00:00
1782266400000,62907.9,62990.0,62573.8,62607.3,3650.2579,2026-06-24 02:00:00
1782270000000,62607.3,62822.0,62433.0,62706.5,3184.0508,2026-06-24 03:00:00
1782273600000,62706.6,62774.2,62499.9,62722.2,1713.2019,2026-06-24 04:00:00
1782277200000,62722.1,63050.0,62681.6,62864.9,3162.2615,2026-06-24 05:00:00
1782280800000,62864.9,62890.1,62702.6,62757.9,1579.3453,2026-06-24 06:00:00
1782284400000,62757.9,62823.3,62580.0,62627.0,2370.589,2026-06-24 07:00:00
1782288000000,62627.0,62787.6,62576.2,62771.2,1606.5123,2026-06-24 08:00:00
1782291600000,62771.2,62771.3,62607.2,62655.1,1126.2474,2026-06-24 09:00:00
1782295200000,62655.1,62655.1,62385.7,62418.9,3096.1043,2026-06-24 10:00:00
1782298800000,62418.9,63221.0,62260.0,62887.5,8777.6988,2026-06-24 11:00:00
1782302400000,62887.4,62944.2,62551.6,62587.5,4731.9038,2026-06-24 12:00:00
1782306000000,62587.4,62600.0,61205.7,61300.0,25625.114,2026-06-24 13:00:00
1782309600000,61300.0,61436.5,60829.5,61089.8,17129.2342,2026-06-24 14:00:00
1782313200000,61089.8,61123.0,60230.9,60252.7,14389.0787,2026-06-24 15:00:00
1782316800000,60252.7,60675.5,59574.0,59813.9,22676.9636,2026-06-24 16:00:00
1782320400000,59814.0,60038.3,59050.3,59359.4,21204.5399,2026-06-24 17:00:00
1782324000000,59359.4,59895.0,59269.0,59573.1,9301.5199,2026-06-24 18:00:00
1782327600000,59573.2,59957.0,59483.9,59921.2,5394.3082,2026-06-24 19:00:00
1782331200000,59920.8,61176.4,59815.2,60926.4,17166.3171,2026-06-24 20:00:00
1782334800000,60926.3,61107.2,60632.4,61070.5,3918.5976,2026-06-24 21:00:00
1782338400000,61070.4,61243.9,60766.8,60846.5,3433.022,2026-06-24 22:00:00
1782342000000,60846.4,61085.2,60800.0,61050.0,1957.5476,2026-06-24 23:00:00
1782345600000,61050.1,61137.0,60692.4,60783.6,3293.9955,2026-06-25 00:00:00
1782349200000,60783.6,60955.7,60683.4,60884.4,2086.4227,2026-06-25 01:00:00
1782352800000,60884.4,60935.7,60660.6,60759.9,2217.4877,2026-06-25 02:00:00
1782356400000,60759.9,60873.0,60650.0,60851.9,1609.8165,2026-06-25 03:00:00
1782360000000,60852.0,61380.6,60752.9,61315.1,4083.2973,2026-06-25 04:00:00
1782363600000,61315.1,61776.9,61240.0,61560.3,9745.0508,2026-06-25 05:00:00
1782367200000,61560.3,61830.9,61560.3,61685.6,3113.8062,2026-06-25 06:00:00
1782370800000,61685.6,61929.5,61631.4,61877.6,4039.5477,2026-06-25 07:00:00
1782374400000,61877.6,61888.0,61643.5,61676.2,2438.2971,2026-06-25 08:00:00
1782378000000,61676.2,61753.0,61571.9,61699.9,1966.9277,2026-06-25 09:00:00
1782381600000,61700.0,61718.4,61231.2,61242.2,4672.159,2026-06-25 10:00:00
1782385200000,61242.1,61392.7,61029.3,61258.9,6826.6431,2026-06-25 11:00:00
1782388800000,61259.0,61757.4,61044.0,61207.3,9338.4343,2026-06-25 12:00:00
1782392400000,61207.3,61337.8,58031.5,58258.6,40466.8293,2026-06-25 13:00:00
1782396000000,58258.5,60453.3,58258.5,59438.0,40330.2167,2026-06-25 14:00:00
1782399600000,59437.9,59637.6,58833.8,59528.4,13520.691,2026-06-25 15:00:00
1782403200000,59528.3,60031.0,59107.1,59281.2,8882.5811,2026-06-25 16:00:00
1782406800000,59281.3,59714.9,59083.6,59644.6,4728.3419,2026-06-25 17:00:00
1782410400000,59644.5,59756.0,59320.8,59483.9,3826.749,2026-06-25 18:00:00
1782414000000,59483.8,59489.3,59120.8,59295.5,3319.9313,2026-06-25 19:00:00
1782417600000,59295.5,59720.0,59292.3,59429.0,3040.9526,2026-06-25 20:00:00
1782421200000,59429.0,60267.7,59424.0,60179.8,3071.2775,2026-06-25 21:00:00
1782424800000,60179.7,60179.7,59705.0,59810.6,2844.746,2026-06-25 22:00:00
1782428400000,59810.5,60168.6,59706.2,59767.2,2744.3575,2026-06-25 23:00:00
1782432000000,59767.3,59877.2,59600.1,59625.2,2100.3914,2026-06-26 00:00:00
1782435600000,59625.2,59754.0,59180.9,59406.1,4082.9648,2026-06-26 01:00:00
1782439200000,59406.0,59424.3,58325.0,58540.0,14045.8356,2026-06-26 02:00:00
1782442800000,58540.0,60114.0,58300.0,60010.1,13798.6415,2026-06-26 03:00:00
1782446400000,60010.1,60209.9,59804.7,59894.8,6397.3978,2026-06-26 04:00:00
1782450000000,59894.7,60018.4,59700.2,59910.3,4359.1861,2026-06-26 05:00:00
1782453600000,59910.3,60435.6,59668.4,60299.8,7328.0325,2026-06-26 06:00:00
1782457200000,60299.8,60759.9,60250.0,60486.1,8856.5888,2026-06-26 07:00:00
1782460800000,60486.2,60540.0,60108.8,60210.7,5555.7269,2026-06-26 08:00:00
1782464400000,60210.7,60220.0,59549.0,59705.8,6342.4115,2026-06-26 09:00:00
1782468000000,59705.9,59826.3,59200.6,59289.2,5983.2801,2026-06-26 10:00:00
1782471600000,59289.2,59570.7,59232.3,59390.4,4283.2456,2026-06-26 11:00:00
1782475200000,59390.3,59984.0,58940.0,59165.5,13127.1463,2026-06-26 12:00:00
1782478800000,59165.5,60186.5,58468.0,60149.9,19172.0868,2026-06-26 13:00:00
1782482400000,60150.0,60274.0,59354.3,59571.2,13110.5774,2026-06-26 14:00:00
1782486000000,59571.2,60478.9,59555.0,60297.4,10612.7541,2026-06-26 15:00:00
1782489600000,60297.4,60573.2,59926.9,60015.3,8042.9489,2026-06-26 16:00:00
1782493200000,60015.2,60262.7,59912.9,59997.5,3455.1177,2026-06-26 17:00:00
1782496800000,59997.4,60132.1,59527.0,59642.5,3220.1905,2026-06-26 18:00:00
1782500400000,59642.5,60080.8,59588.0,59730.0,4602.0315,2026-06-26 19:00:00
1782504000000,59730.1,59968.7,59529.4,59689.4,3046.2542,2026-06-26 20:00:00
1782507600000,59689.4,60027.9,59650.0,59887.2,1335.2758,2026-06-26 21:00:00
1782511200000,59887.3,60055.2,59720.6,60013.3,1347.1541,2026-06-26 22:00:00
1782514800000,60013.3,60090.5,59893.2,60072.1,1380.3639,2026-06-26 23:00:00
1782518400000,60072.1,60170.8,59853.5,60030.1,1627.2826,2026-06-27 00:00:00
1782522000000,60030.2,60039.7,59902.1,59919.1,637.8159,2026-06-27 01:00:00
1782525600000,59919.1,60358.3,59890.1,60257.6,3284.0276,2026-06-27 02:00:00
1782529200000,60257.7,60399.8,60135.9,60277.4,2094.0759,2026-06-27 03:00:00
1782532800000,60277.5,60454.7,60188.0,60219.7,2128.3179,2026-06-27 04:00:00
1782536400000,60219.7,60287.9,60092.1,60211.2,1851.2499,2026-06-27 05:00:00
1782540000000,60211.2,60472.0,60089.0,60342.9,2147.1171,2026-06-27 06:00:00
1782543600000,60342.9,60543.0,60267.0,60516.1,1836.5817,2026-06-27 07:00:00
1782547200000,60516.1,60516.2,60339.3,60426.0,1626.647,2026-06-27 08:00:00
1782550800000,60426.1,60479.9,60246.8,60391.5,1525.9572,2026-06-27 09:00:00
1782554400000,60391.6,60461.0,60345.8,60386.9,758.836,2026-06-27 10:00:00
1782558000000,60386.8,60424.7,60161.6,60333.5,1859.318,2026-06-27 11:00:00
1782561600000,60333.5,60405.0,60226.8,60396.8,935.2359,2026-06-27 12:00:00
1782565200000,60396.7,60635.0,60360.8,60550.1,2459.7391,2026-06-27 13:00:00
1782568800000,60550.0,60699.9,60476.3,60585.7,2192.203,2026-06-27 14:00:00
1782572400000,60585.8,60925.7,60537.2,60816.0,5335.2505,2026-06-27 15:00:00
1782576000000,60816.1,60832.5,60636.6,60789.5,1996.5377,2026-06-27 16:00:00
1782579600000,60789.5,60793.3,60369.1,60500.1,3957.3455,2026-06-27 17:00:00
1782583200000,60500.0,60549.1,60422.7,60538.1,1066.3542,2026-06-27 18:00:00
1782586800000,60538.2,60580.0,60025.0,60153.3,4026.776,2026-06-27 19:00:00
1782590400000,60153.2,60279.0,60141.6,60276.9,1164.5076,2026-06-27 20:00:00
1782594000000,60277.0,60456.7,60111.0,60169.3,1759.2866,2026-06-27 21:00:00
1782597600000,60169.2,60230.7,59821.4,60196.6,3275.0293,2026-06-27 22:00:00
1782601200000,60196.7,60293.0,59915.9,59996.6,2080.7688,2026-06-27 23:00:00
1782604800000,59996.7,60158.7,59980.4,60118.7,1215.2166,2026-06-28 00:00:00
1782608400000,60118.7,60243.0,59950.0,60187.8,1630.6138,2026-06-28 01:00:00
1782612000000,60187.8,60315.3,60023.6,60116.4,1471.4583,2026-06-28 02:00:00
1782615600000,60116.3,60247.8,60116.3,60170.3,958.8117,2026-06-28 03:00:00
1782619200000,60170.3,60208.3,60054.2,60107.6,839.8603,2026-06-28 04:00:00
1782622800000,60107.7,60113.8,59719.3,59956.6,3729.3382,2026-06-28 05:00:00
1782626400000,59956.7,60000.0,59774.8,59973.7,1426.37,2026-06-28 06:00:00
1782630000000,59973.8,60235.3,59968.0,60192.0,2345.0499,2026-06-28 07:00:00
1782633600000,60192.0,60520.0,60111.0,60334.3,2728.4336,2026-06-28 08:00:00
1782637200000,60334.3,60441.1,60220.4,60228.4,1495.8839,2026-06-28 09:00:00
1782640800000,60228.5,60272.4,60034.1,60140.4,2016.3223,2026-06-28 10:00:00
1782644400000,60140.3,60349.8,60081.3,60316.1,1707.1968,2026-06-28 11:00:00
1782648000000,60316.1,60426.3,60155.1,60263.2,1503.2281,2026-06-28 12:00:00
1782651600000,60263.2,60263.2,59928.3,60043.7,2604.7654,2026-06-28 13:00:00
1782655200000,60043.7,60222.0,59988.0,60000.1,1858.4896,2026-06-28 14:00:00
1782658800000,60000.0,60108.8,59768.1,59865.4,2687.1042,2026-06-28 15:00:00
1782662400000,59865.4,59920.0,59554.7,59659.7,4326.5501,2026-06-28 16:00:00
1782666000000,59659.6,59823.3,59357.8,59554.0,4838.4638,2026-06-28 17:00:00
1782669600000,59553.9,59678.3,59470.6,59580.0,1455.6005,2026-06-28 18:00:00
1782673200000,59580.1,59653.1,59219.5,59450.1,2757.0108,2026-06-28 19:00:00
1782676800000,59450.0,59745.5,59436.4,59625.2,1781.6177,2026-06-28 20:00:00
1782680400000,59625.3,59769.0,59297.2,59414.2,1997.7556,2026-06-28 21:00:00
1782684000000,59414.3,59888.0,58852.5,59038.4,7331.9495,2026-06-28 22:00:00
1782687600000,59038.3,59823.1,58979.3,59548.9,5051.4362,2026-06-28 23:00:00
1782691200000,59548.9,59677.0,58978.2,59635.8,6951.9141,2026-06-29 00:00:00
1782694800000,59635.7,59671.6,59174.3,59410.1,2882.9971,2026-06-29 01:00:00
1782698400000,59410.1,59800.0,58858.6,59725.7,6984.4184,2026-06-29 02:00:00
1782702000000,59725.8,60209.9,59725.8,60023.8,7047.1333,2026-06-29 03:00:00
1782705600000,60023.7,60035.2,59708.9,59802.8,2181.7223,2026-06-29 04:00:00
1782709200000,59802.8,60083.2,59366.0,60083.1,4967.6465,2026-06-29 05:00:00
1782712800000,60083.2,60329.4,60012.9,60043.1,4631.6658,2026-06-29 06:00:00
1782716400000,60043.1,60160.0,59891.0,59990.1,1851.4734,2026-06-29 07:00:00
1782720000000,59990.1,60060.0,59711.1,59805.1,3126.369,2026-06-29 08:00:00
1782723600000,59805.2,60087.9,59746.7,60029.9,2889.392,2026-06-29 09:00:00
1782727200000,60030.0,60290.0,60030.0,60060.4,3166.0034,2026-06-29 10:00:00
1782730800000,60060.3,60193.2,59769.6,59929.7,3878.8945,2026-06-29 11:00:00
1782734400000,59929.6,60770.0,59552.5,59925.3,19716.9814,2026-06-29 12:00:00
1782738000000,59925.3,60318.3,59282.0,59550.7,12200.5366,2026-06-29 13:00:00
1782741600000,59550.7,59675.0,58950.0,59437.9,12219.3339,2026-06-29 14:00:00
1782745200000,59437.9,59930.0,59065.9,59788.6,9369.3966,2026-06-29 15:00:00
1782748800000,59788.7,60015.4,59555.0,59863.0,4232.5575,2026-06-29 16:00:00
1782752400000,59863.0,60660.0,59862.4,60388.7,9886.2101,2026-06-29 17:00:00
1782756000000,60388.7,60496.1,60165.2,60277.3,2952.0413,2026-06-29 18:00:00
1782759600000,60277.4,60534.1,60133.1,60401.0,2669.9266,2026-06-29 19:00:00
1782763200000,60401.0,60520.0,60269.1,60272.0,1545.3022,2026-06-29 20:00:00
1782766800000,60272.0,60563.7,60233.6,60461.3,1104.1078,2026-06-29 21:00:00
1782770400000,60461.3,60500.0,60321.7,60330.1,1022.9159,2026-06-29 22:00:00
1782774000000,60330.1,60355.4,60170.0,60231.4,1606.1469,2026-06-29 23:00:00
1782777600000,60231.3,60254.0,59661.7,59805.1,5592.2202,2026-06-30 00:00:00
1782781200000,59805.0,60024.1,59746.1,59908.6,2843.8575,2026-06-30 01:00:00
1782784800000,59908.6,60017.8,59721.2,59916.4,2017.381,2026-06-30 02:00:00
1782788400000,59916.5,59999.0,59568.0,59592.7,3119.2078,2026-06-30 03:00:00
1782792000000,59592.7,59677.1,59400.8,59463.0,4761.9167,2026-06-30 04:00:00
1782795600000,59462.9,59627.8,59324.3,59623.0,3223.4701,2026-06-30 05:00:00
1782799200000,59623.0,59692.5,59480.2,59564.1,2225.2204,2026-06-30 06:00:00
1782802800000,59564.1,59600.0,59413.0,59492.7,2446.7471,2026-06-30 07:00:00
1782806400000,59492.8,59525.0,59157.7,59280.0,5182.8978,2026-06-30 08:00:00
1782810000000,59280.1,59393.6,59218.2,59346.1,2361.5043,2026-06-30 09:00:00
1782813600000,59346.1,59396.9,59262.9,59301.0,1463.0619,2026-06-30 10:00:00
1782817200000,59301.0,59388.0,59088.0,59162.9,3375.3741,2026-06-30 11:00:00
1782820800000,59162.9,59163.0,58333.3,58374.4,13769.7591,2026-06-30 12:00:00
1782824400000,58374.4,58779.4,58185.5,58709.6,14711.216,2026-06-30 13:00:00
1782828000000,58709.5,59250.0,58384.8,58454.8,15628.4102,2026-06-30 14:00:00
1782831600000,58454.8,58782.0,58158.1,58359.8,11367.7462,2026-06-30 15:00:00
1782835200000,58359.9,58611.9,58216.5,58478.4,5119.6553,2026-06-30 16:00:00
1782838800000,58478.4,58600.0,58289.9,58401.4,2342.5001,2026-06-30 17:00:00
1782842400000,58401.4,58677.9,58337.3,58663.9,3145.1512,2026-06-30 18:00:00
1782846000000,58663.8,58817.8,58553.6,58789.7,2567.8479,2026-06-30 19:00:00
1782849600000,58789.7,58849.9,58612.2,58700.2,1823.1852,2026-06-30 20:00:00
1782853200000,58700.2,58747.4,58471.5,58614.8,1359.9592,2026-06-30 21:00:00
1782856800000,58614.9,58795.6,58480.0,58573.8,1146.2083,2026-06-30 22:00:00
1782860400000,58573.7,58637.7,58518.6,58604.0,1100.8672,2026-06-30 23:00:00
1782864000000,58604.1,58720.2,58280.0,58551.6,3197.5963,2026-07-01 00:00:00
1782867600000,58551.6,58996.6,57750.0,58734.0,17907.2718,2026-07-01 01:00:00
1782871200000,58734.0,59142.6,58633.6,59054.8,6339.9212,2026-07-01 02:00:00
1782874800000,59054.9,59317.5,58823.0,59168.3,5994.5169,2026-07-01 03:00:00
1782878400000,59168.4,59436.8,59036.7,59305.5,3853.9924,2026-07-01 04:00:00
1782882000000,59305.6,59346.9,59093.0,59124.9,2325.8043,2026-07-01 05:00:00
1782885600000,59124.8,59129.9,58503.4,58732.5,6598.175,2026-07-01 06:00:00
1782889200000,58732.5,58807.2,58570.0,58743.5,2865.6735,2026-07-01 07:00:00
1782892800000,58743.5,58965.9,58463.5,58953.4,4385.7366,2026-07-01 08:00:00
1782896400000,58953.3,59079.2,58804.4,58920.1,3239.5112,2026-07-01 09:00:00
1782900000000,58920.1,58922.4,58591.3,58628.1,2838.3788,2026-07-01 10:00:00
1782903600000,58628.1,58728.0,58520.1,58587.8,2125.2206,2026-07-01 11:00:00
1782907200000,58587.9,58650.0,58287.1,58488.3,5447.0049,2026-07-01 12:00:00
1782910800000,58488.2,59486.6,58488.2,59466.0,12483.8063,2026-07-01 13:00:00
1782914400000,59466.0,60064.2,59245.1,59517.6,18166.1231,2026-07-01 14:00:00
1782918000000,59517.5,60538.9,59498.0,60123.2,14519.2854,2026-07-01 15:00:00
1782921600000,60123.3,60240.0,59841.4,59904.1,4461.8342,2026-07-01 16:00:00
1782925200000,59904.0,60223.4,59765.1,60165.0,3165.403,2026-07-01 17:00:00
1782928800000,60165.0,60273.0,59999.6,60151.4,2352.1699,2026-07-01 18:00:00
1782932400000,60151.4,60337.7,59968.0,60005.4,2712.3123,2026-07-01 19:00:00
1782936000000,60005.5,60175.1,59850.0,60107.4,2399.7559,2026-07-01 20:00:00
1782939600000,60107.4,60846.4,60099.8,60788.7,6123.2975,2026-07-01 21:00:00
1782943200000,60788.7,61342.8,60322.9,60454.3,11212.2335,2026-07-01 22:00:00
1782946800000,60454.3,60454.4,59955.9,60003.2,4796.1575,2026-07-01 23:00:00
1782950400000,60003.1,60012.0,59560.0,59732.0,5561.9198,2026-07-02 00:00:00
1782954000000,59732.1,60307.1,59690.7,60153.3,5099.7717,2026-07-02 01:00:00
1782957600000,60153.3,60479.9,59984.6,60397.0,3668.4523,2026-07-02 02:00:00
1782961200000,60397.0,61110.0,60280.0,61036.3,7794.4139,2026-07-02 03:00:00
1782964800000,61036.4,61038.8,60705.1,60760.0,3941.3269,2026-07-02 04:00:00
1782968400000,60759.9,60864.7,60455.7,60483.0,4289.7444,2026-07-02 05:00:00
1782972000000,60483.0,60635.4,60230.1,60244.4,4666.7042,2026-07-02 06:00:00
1782975600000,60244.2,60311.9,60070.0,60119.2,4791.519,2026-07-02 07:00:00
1782979200000,60119.2,60530.8,60110.0,60488.6,4514.0137,2026-07-02 08:00:00
1782982800000,60488.6,61432.6,60342.5,61147.5,13719.384,2026-07-02 09:00:00
1782986400000,61147.6,61325.9,61015.0,61234.9,4988.1428,2026-07-02 10:00:00
1782990000000,61234.9,61355.0,61084.6,61324.7,3831.4305,2026-07-02 11:00:00
1782993600000,61324.8,61587.9,61131.4,61504.7,9026.5275,2026-07-02 12:00:00
1782997200000,61504.7,62070.3,61474.6,61916.1,16839.6466,2026-07-02 13:00:00
1783000800000,61916.1,62186.6,61366.1,61666.7,11937.5294,2026-07-02 14:00:00
1783004400000,61666.6,61835.3,61395.4,61583.4,4367.7084,2026-07-02 15:00:00
1783008000000,61583.4,61761.5,61100.0,61646.3,9157.5956,2026-07-02 16:00:00
1783011600000,61646.3,61950.0,61590.7,61641.6,3493.9801,2026-07-02 17:00:00
1783015200000,61641.6,61851.9,61632.4,61738.4,1323.0193,2026-07-02 18:00:00
1783018800000,61738.5,61740.0,61401.0,61451.0,3055.4438,2026-07-02 19:00:00
1783022400000,61450.9,61579.9,61319.5,61551.7,2199.5131,2026-07-02 20:00:00
1783026000000,61551.6,61631.6,61481.0,61569.9,1059.7232,2026-07-02 21:00:00
1783029600000,61569.9,61575.0,61376.9,61441.7,880.426,2026-07-02 22:00:00
1783033200000,61441.8,61586.1,61330.0,61537.1,1241.3299,2026-07-02 23:00:00
1783036800000,61537.0,61556.1,61215.0,61273.8,2573.375,2026-07-03 00:00:00
1783040400000,61273.8,61709.8,61255.0,61564.4,2682.2609,2026-07-03 01:00:00
1783044000000,61564.4,61647.9,61264.8,61410.8,2247.4655,2026-07-03 02:00:00
1783047600000,61410.7,61555.9,61302.0,61412.6,2450.5786,2026-07-03 03:00:00
1783051200000,61412.5,61499.5,61314.8,61421.9,2149.9232,2026-07-03 04:00:00
1783054800000,61421.9,61787.8,61405.8,61671.2,2625.1418,2026-07-03 05:00:00
1783058400000,61671.3,61843.5,61585.0,61679.3,2632.6437,2026-07-03 06:00:00
1783062000000,61679.3,61849.9,61633.5,61733.3,1452.3794,2026-07-03 07:00:00
1783065600000,61733.4,61883.0,61528.8,61560.9,2468.6528,2026-07-03 08:00:00
1783069200000,61560.9,61756.9,61488.0,61687.6,2041.6969,2026-07-03 09:00:00
1783072800000,61687.6,62050.0,61641.9,61890.1,3452.1676,2026-07-03 10:00:00
1783076400000,61890.1,62087.7,61812.7,61993.8,2842.9335,2026-07-03 11:00:00
1783080000000,61993.9,62149.5,61834.6,61950.1,3494.7027,2026-07-03 12:00:00
1783083600000,61950.2,62279.7,61911.0,62085.2,2962.4411,2026-07-03 13:00:00
1783087200000,62085.1,62266.0,61668.0,62141.6,5140.3989,2026-07-03 14:00:00
1783090800000,62141.7,62377.0,61791.0,61899.9,6591.6788,2026-07-03 15:00:00
1783094400000,61899.9,62118.0,61877.2,62077.4,2305.8255,2026-07-03 16:00:00
1783098000000,62077.5,62263.6,62039.6,62175.7,2055.5357,2026-07-03 17:00:00
1783101600000,62175.8,62221.9,62090.0,62181.2,1093.2,2026-07-03 18:00:00
1783105200000,62181.2,62288.8,62115.3,62175.1,1387.4683,2026-07-03 19:00:00
1783108800000,62175.0,62880.0,62151.9,62748.0,9814.9137,2026-07-03 20:00:00
1783112400000,62747.9,62933.6,62474.4,62702.3,3978.385,2026-07-03 21:00:00
1783116000000,62702.4,62721.3,62501.3,62543.7,1450.0831,2026-07-03 22:00:00
1783119600000,62543.6,62680.0,62502.3,62552.9,1132.6364,2026-07-03 23:00:00
1783123200000,62553.0,62918.0,62551.2,62726.6,2767.2308,2026-07-04 00:00:00
1783126800000,62726.5,62726.5,62372.2,62441.8,2831.5925,2026-07-04 01:00:00
1783130400000,62441.7,62554.4,62400.0,62506.5,1040.1869,2026-07-04 02:00:00
1783134000000,62506.5,62730.0,62460.0,62597.0,1752.2692,2026-07-04 03:00:00
1783137600000,62596.9,62724.9,62564.7,62658.9,1359.9198,2026-07-04 04:00:00
1783141200000,62658.9,62658.9,62414.4,62447.4,1428.7494,2026-07-04 05:00:00
1783144800000,62447.4,62543.8,62300.0,62473.0,2022.5984,2026-07-04 06:00:00
1783148400000,62472.9,62612.7,62435.2,62539.4,1678.4962,2026-07-04 07:00:00
1783152000000,62539.5,62657.1,62479.0,62530.5,1306.3204,2026-07-04 08:00:00
1783155600000,62530.5,62561.9,62390.0,62469.7,1599.6526,2026-07-04 09:00:00
1783159200000,62469.8,62522.0,62418.4,62487.9,764.5096,2026-07-04 10:00:00
1783162800000,62487.8,62533.7,62444.0,62464.2,668.37,2026-07-04 11:00:00
1783166400000,62464.2,62675.0,62464.2,62635.4,1352.146,2026-07-04 12:00:00
1783170000000,62635.3,62760.2,62519.8,62566.8,1787.7501,2026-07-04 13:00:00
1783173600000,62566.9,62716.7,62560.5,62670.5,1334.6979,2026-07-04 14:00:00
1783177200000,62670.6,63067.0,62665.1,62906.6,7526.194,2026-07-04 15:00:00
1783180800000,62906.7,62942.1,62751.0,62888.9,2444.8001,2026-07-04 16:00:00
1783184400000,62888.8,63450.0,62773.7,63251.8,6779.6198,2026-07-04 17:00:00
1783188000000,63251.8,63327.6,63071.0,63141.8,2259.0882,2026-07-04 18:00:00
1783191600000,63141.9,63445.9,63100.0,63266.9,1639.1559,2026-07-04 19:00:00
1783195200000,63266.8,63364.8,63133.3,63207.7,1026.3141,2026-07-04 20:00:00
1783198800000,63207.7,63430.0,63182.8,63276.0,1257.2027,2026-07-04 21:00:00
1783202400000,63276.0,63286.2,63138.0,63167.8,1016.3522,2026-07-04 22:00:00
1783206000000,63167.7,63219.3,62909.8,63119.3,2382.3022,2026-07-04 23:00:00
1783209600000,63119.3,63119.4,62866.0,62962.8,2055.3431,2026-07-05 00:00:00
1783213200000,62962.8,63018.0,62750.0,62863.1,2678.755,2026-07-05 01:00:00
1783216800000,62863.0,62900.0,62570.2,62670.1,2643.9693,2026-07-05 02:00:00
1783220400000,62670.1,62777.2,62630.0,62742.6,1105.1583,2026-07-05 03:00:00
1783224000000,62742.7,62941.9,62680.2,62788.9,2130.109,2026-07-05 04:00:00
1783227600000,62788.8,62788.8,62620.0,62715.5,1360.6499,2026-07-05 05:00:00
1783231200000,62715.6,62803.4,62642.8,62752.5,741.1556,2026-07-05 06:00:00
1783234800000,62752.6,63037.1,62693.4,62990.0,1999.8618,2026-07-05 07:00:00
1783238400000,62990.1,63085.0,62862.4,62887.4,1782.514,2026-07-05 08:00:00
1783242000000,62887.4,62907.1,62410.3,62595.4,4613.3527,2026-07-05 09:00:00
1783245600000,62595.4,62728.9,62513.8,62725.9,1541.286,2026-07-05 10:00:00
1783249200000,62725.9,62784.9,62578.5,62625.0,1060.4204,2026-07-05 11:00:00
1783252800000,62625.0,62740.3,62533.0,62713.2,1331.24,2026-07-05 12:00:00
1783256400000,62713.1,62799.8,62605.8,62762.1,1553.435,2026-07-05 13:00:00
1783260000000,62762.1,62790.0,62621.0,62785.0,1098.9153,2026-07-05 14:00:00
1783263600000,62785.0,62921.2,62646.0,62710.0,2619.1212,2026-07-05 15:00:00
1783267200000,62710.1,62760.2,62573.3,62613.2,1671.5027,2026-07-05 16:00:00
1783270800000,62613.0,62795.0,62576.2,62609.9,1150.5478,2026-07-05 17:00:00
1783274400000,62609.9,62859.1,62591.9,62787.2,822.4638,2026-07-05 18:00:00
1783278000000,62787.2,62855.8,62700.4,62750.0,598.6473,2026-07-05 19:00:00
1783281600000,62750.0,62817.6,62678.7,62710.2,433.9723,2026-07-05 20:00:00
1783285200000,62710.3,63207.9,62581.3,63063.2,3327.2859,2026-07-05 21:00:00
1783288800000,63063.2,63940.0,62978.3,63705.0,9598.8517,2026-07-05 22:00:00
1783292400000,63705.1,63981.7,63538.8,63613.5,4424.3748,2026-07-05 23:00:00
1783296000000,63613.4,63745.5,63317.3,63729.7,3777.9879,2026-07-06 00:00:00
1783299600000,63729.6,63895.0,63520.0,63550.6,2814.7776,2026-07-06 01:00:00
1783303200000,63550.6,63645.0,63346.8,63433.9,2613.1263,2026-07-06 02:00:00
1783306800000,63433.9,63475.0,63109.8,63280.8,3732.083,2026-07-06 03:00:00
1783310400000,63280.8,63375.0,63164.2,63248.7,1729.6296,2026-07-06 04:00:00
1783314000000,63248.7,63248.8,62915.7,63085.3,3673.4655,2026-07-06 05:00:00
1783317600000,63085.2,63129.5,62949.7,62961.6,1710.5402,2026-07-06 06:00:00
1783321200000,62961.6,63106.1,62860.0,63065.1,2483.5461,2026-07-06 07:00:00
1783324800000,63065.1,63220.0,62802.2,62871.9,3257.3508,2026-07-06 08:00:00
1783328400000,62872.0,62893.0,62600.5,62643.0,3651.7815,2026-07-06 09:00:00
1783332000000,62643.0,63009.7,62641.1,62785.9,4629.9878,2026-07-06 10:00:00
1783335600000,62785.9,62974.7,62440.2,62448.9,4184.361,2026-07-06 11:00:00
1783339200000,62449.0,62456.4,61643.8,61724.0,19626.5888,2026-07-06 12:00:00
1783342800000,61724.1,62008.4,61283.6,61737.4,12804.1166,2026-07-06 13:00:00
1783346400000,61737.4,62397.4,61683.2,62019.4,9140.8881,2026-07-06 14:00:00
1783350000000,62019.4,63529.0,62019.4,63519.9,16321.4552,2026-07-06 15:00:00
1783353600000,63519.9,63838.2,63352.8,63711.5,10774.3551,2026-07-06 16:00:00
1783357200000,63711.4,63950.0,63545.4,63564.1,4839.236,2026-07-06 17:00:00
1783360800000,63564.2,63872.0,63529.9,63676.9,2080.3997,2026-07-06 18:00:00
1783364400000,63677.0,63867.2,63633.0,63711.8,1505.0189,2026-07-06 19:00:00
1783368000000,63711.8,63880.0,63570.3,63800.8,1525.5837,2026-07-06 20:00:00
1783371600000,63800.8,64729.0,63788.2,64469.0,9406.1318,2026-07-06 21:00:00
1783375200000,64469.0,64482.0,64136.0,64230.0,1795.1801,2026-07-06 22:00:00
1783378800000,64229.9,64323.7,64001.1,64025.5,1771.2242,2026-07-06 23:00:00
1783382400000,64025.5,64294.1,63983.9,64175.0,3017.9762,2026-07-07 00:00:00
1783386000000,64175.0,64175.1,63752.4,63817.9,3410.0848,2026-07-07 01:00:00
1783389600000,63817.9,63887.6,63264.4,63304.2,5370.8495,2026-07-07 02:00:00
1783393200000,63304.2,63398.5,63125.0,63166.5,3352.6701,2026-07-07 03:00:00
1783396800000,63166.4,63265.8,63033.5,63072.1,2898.8918,2026-07-07 04:00:00
1783400400000,63072.0,63239.9,62763.3,63092.0,5674.7076,2026-07-07 05:00:00
1783404000000,63091.9,63389.7,62961.1,63310.0,3159.4073,2026-07-07 06:00:00
1783407600000,63310.1,63423.6,63033.2,63061.2,2967.2167,2026-07-07 07:00:00
1783411200000,63061.3,63160.0,62943.9,63073.3,2106.3529,2026-07-07 08:00:00
1783414800000,63073.4,63324.6,63026.5,63227.2,2279.2343,2026-07-07 09:00:00
1783418400000,63227.3,63480.0,63201.0,63264.2,2599.7687,2026-07-07 10:00:00
1783422000000,63264.1,63420.7,63064.8,63371.6,3086.3473,2026-07-07 11:00:00
1783425600000,63371.6,63852.2,63360.6,63456.5,6079.0534,2026-07-07 12:00:00
1783429200000,63456.4,63457.8,62944.3,63029.6,7989.8037,2026-07-07 13:00:00
1783432800000,63029.5,63616.8,62638.6,63536.7,10893.0657,2026-07-07 14:00:00
1783436400000,63536.7,64089.9,63350.0,63913.4,8462.6833,2026-07-07 15:00:00
1783440000000,63913.4,64227.0,63782.4,63963.3,4393.5305,2026-07-07 16:00:00
1783443600000,63963.3,64221.1,63866.8,64168.9,2532.9435,2026-07-07 17:00:00
1783447200000,64168.9,64169.0,63644.0,63654.9,3056.4414,2026-07-07 18:00:00
1783450800000,63654.8,63875.2,63356.2,63794.1,4080.4372,2026-07-07 19:00:00
1783454400000,63794.1,63881.7,63593.5,63676.8,1653.8597,2026-07-07 20:00:00
1783458000000,63676.8,63844.2,63280.0,63401.8,2309.8567,2026-07-07 21:00:00
1783461600000,63401.7,63635.0,63188.0,63515.8,2087.7813,2026-07-07 22:00:00
1783465200000,63515.8,63690.0,63290.0,63338.7,1351.8834,2026-07-07 23:00:00
1783468800000,63338.9,63744.7,63267.2,63584.6,2256.5379,2026-07-08 00:00:00
1783472400000,63584.6,63622.5,62877.8,63005.7,4672.4509,2026-07-08 01:00:00
1783476000000,63005.7,63045.0,62500.0,62958.0,6594.5716,2026-07-08 02:00:00
1783479600000,62958.0,63075.0,62666.2,62741.0,2146.0391,2026-07-08 03:00:00
1783483200000,62740.9,62880.4,62641.3,62770.7,2092.7051,2026-07-08 04:00:00
1783486800000,62770.6,62851.0,62525.9,62615.0,1986.8947,2026-07-08 05:00:00
1783490400000,62615.1,62723.2,62432.6,62637.2,3354.1166,2026-07-08 06:00:00
1783494000000,62637.3,62866.0,62525.4,62855.1,2906.4142,2026-07-08 07:00:00
1783497600000,62855.0,62912.0,61810.9,61984.6,14094.3628,2026-07-08 08:00:00
1783501200000,61984.6,62136.7,61705.8,62023.9,7759.0668,2026-07-08 09:00:00
1783504800000,62024.0,62170.0,61868.4,62158.5,2755.4771,2026-07-08 10:00:00
1783508400000,62158.5,62378.7,62027.2,62278.0,3626.7361,2026-07-08 11:00:00
1783512000000,62278.0,62412.7,61930.0,61930.1,3692.4385,2026-07-08 12:00:00
1783515600000,61930.1,62069.6,61600.1,61924.2,7106.1733,2026-07-08 13:00:00
1783519200000,61924.1,62151.2,61675.3,61867.6,6175.2393,2026-07-08 14:00:00
1783522800000,61867.6,61899.9,61514.7,61671.7,4686.1328,2026-07-08 15:00:00
1783526400000,61671.7,62134.3,61660.4,62086.6,4175.3476,2026-07-08 16:00:00
1783530000000,62086.6,62377.0,62009.2,62085.0,3804.1017,2026-07-08 17:00:00
1783533600000,62085.0,62325.0,62011.0,62157.7,2501.0441,2026-07-08 18:00:00
1783537200000,62157.8,62265.4,62040.1,62254.4,1413.5751,2026-07-08 19:00:00
1783540800000,62254.4,62280.0,62055.0,62083.3,1185.5101,2026-07-08 20:00:00
1783544400000,62083.2,62231.0,61927.5,62161.9,1985.0499,2026-07-08 21:00:00
1783548000000,62162.0,62329.9,62142.9,62303.0,973.2411,2026-07-08 22:00:00
1783551600000,62303.0,62325.0,62142.7,62253.7,1026.9353,2026-07-08 23:00:00
1783555200000,62253.6,62287.7,62027.0,62100.0,1469.881,2026-07-09 00:00:00
1783558800000,62100.0,62624.0,61800.2,61880.0,5921.415,2026-07-09 01:00:00
1783562400000,61880.1,62100.0,61658.6,61755.0,3604.6387,2026-07-09 02:00:00
1783566000000,61755.1,62031.5,61699.6,61936.8,2323.9043,2026-07-09 03:00:00
1783569600000,61936.8,62435.4,61925.6,62420.7,3039.4557,2026-07-09 04:00:00
1783573200000,62420.8,62615.4,62203.1,62565.6,4038.0776,2026-07-09 05:00:00
1783576800000,62565.6,62955.4,62452.0,62926.2,7029.1333,2026-07-09 06:00:00
1783580400000,62926.2,63278.9,62759.8,62973.7,8027.9769,2026-07-09 07:00:00
1783584000000,62973.7,63068.0,62822.2,62867.6,2609.0797,2026-07-09 08:00:00
1783587600000,62867.6,62975.0,62761.3,62923.4,2264.5672,2026-07-09 09:00:00
1783591200000,62923.4,63045.1,62656.0,62757.9,2692.0014,2026-07-09 10:00:00
1783594800000,62758.0,62804.2,62587.0,62755.1,2937.8982,2026-07-09 11:00:00
1783598400000,62755.1,62934.3,62426.4,62583.1,12934.2973,2026-07-09 12:00:00
1783602000000,62583.1,63218.8,62488.8,62999.9,5752.7863,2026-07-09 13:00:00
1783605600000,63000.0,63120.0,62632.2,62987.2,4695.4714,2026-07-09 14:00:00
1783609200000,62987.2,63230.4,62782.5,62835.1,5182.8064,2026-07-09 15:00:00
1783612800000,62835.0,62976.0,62531.2,62670.9,3352.818,2026-07-09 16:00:00
1783616400000,62670.9,63134.8,62640.5,63110.9,3225.7855,2026-07-09 17:00:00
1783620000000,63110.9,63475.5,63037.0,63193.3,6199.4859,2026-07-09 18:00:00
1783623600000,63193.4,63352.6,63115.0,63222.1,1808.5382,2026-07-09 19:00:00
1783627200000,63222.1,63300.0,63146.8,63287.8,975.5856,2026-07-09 20:00:00
1783630800000,63287.9,63376.9,63170.9,63248.8,999.5196,2026-07-09 21:00:00
1783634400000,63248.8,63399.9,63180.0,63185.0,1909.7036,2026-07-09 22:00:00
1783638000000,63185.0,63300.0,63018.0,63196.8,2023.4416,2026-07-09 23:00:00
1783641600000,63196.9,63226.0,62867.6,63081.3,2960.1866,2026-07-10 00:00:00
1783645200000,63081.3,63930.0,62930.0,63731.1,8126.3926,2026-07-10 01:00:00
1783648800000,63731.2,64035.0,63659.0,63936.1,5456.1982,2026-07-10 02:00:00
1783652400000,63936.1,64025.1,63795.4,63925.0,2470.0981,2026-07-10 03:00:00
1783656000000,63924.9,64156.7,63820.7,64019.9,3753.0372,2026-07-10 04:00:00
1783659600000,64019.8,64176.8,63913.6,64097.3,2319.4457,2026-07-10 05:00:00
1783663200000,64097.2,64139.2,63811.1,63831.9,2248.6646,2026-07-10 06:00:00
1783666800000,63831.8,63988.0,63772.6,63955.5,2318.8141,2026-07-10 07:00:00
1783670400000,63955.6,64387.9,63951.0,64210.1,5925.4278,2026-07-10 08:00:00
1783674000000,64210.1,64467.3,64072.4,64359.7,4130.3167,2026-07-10 09:00:00
1783677600000,64359.7,64482.3,64239.9,64374.1,2530.7908,2026-07-10 10:00:00
1783681200000,64374.1,64450.0,64304.7,64397.7,1691.6611,2026-07-10 11:00:00
1783684800000,64397.7,64587.0,64243.7,64262.5,4453.3013,2026-07-10 12:00:00
1783688400000,64262.6,64675.0,64121.8,64451.6,5865.2885,2026-07-10 13:00:00
1783692000000,64451.7,64492.6,63755.2,63896.4,8432.7541,2026-07-10 14:00:00
1783695600000,63896.5,64196.6,63870.0,64018.2,3023.3053,2026-07-10 15:00:00
1783699200000,64018.1,64214.2,63802.0,64122.2,3045.8613,2026-07-10 16:00:00
1783702800000,64122.3,64137.3,63804.1,63805.5,1668.485,2026-07-10 17:00:00
1783706400000,63805.5,63992.0,63714.6,63789.9,1619.6121,2026-07-10 18:00:00
1783710000000,63789.9,64029.1,63760.0,63901.9,2075.065,2026-07-10 19:00:00
1783713600000,63901.9,63912.6,63637.0,63813.8,2345.8345,2026-07-10 20:00:00
1783717200000,63813.8,64074.3,63810.7,63985.2,1016.3519,2026-07-10 21:00:00
1783720800000,63985.3,64144.9,63950.0,64085.1,1126.9666,2026-07-10 22:00:00
1783724400000,64085.1,64185.0,63988.6,64137.8,1038.0238,2026-07-10 23:00:00
1783728000000,64137.7,64140.0,63990.0,64092.9,988.7947,2026-07-11 00:00:00
1783731600000,64092.9,64283.0,63968.0,63978.1,1648.1459,2026-07-11 01:00:00
1783735200000,63978.1,64143.0,63950.0,64131.3,1076.5106,2026-07-11 02:00:00
1783738800000,64131.2,64170.0,64040.0,64120.0,1008.1355,2026-07-11 03:00:00
1783742400000,64120.0,64187.0,64050.0,64124.9,637.573,2026-07-11 04:00:00
1783746000000,64125.0,64195.0,64090.1,64139.1,642.744,2026-07-11 05:00:00
1783749600000,64139.1,64245.4,64090.9,64183.9,1046.8679,2026-07-11 06:00:00
1783753200000,64183.9,64225.0,64120.9,64132.4,875.8893,2026-07-11 07:00:00
1783756800000,64132.4,64277.0,64122.1,64239.9,840.7175,2026-07-11 08:00:00
1783760400000,64239.9,64270.0,64128.1,64138.0,918.3035,2026-07-11 09:00:00
1783764000000,64138.1,64183.0,64111.0,64174.1,747.676,2026-07-11 10:00:00
1783767600000,64174.3,64194.7,64144.5,64176.2,730.5224,2026-07-11 11:00:00
1783771200000,64176.2,64213.5,64110.5,64170.0,762.5453,2026-07-11 12:00:00
1783774800000,64170.1,64252.1,64145.5,64215.1,703.8194,2026-07-11 13:00:00
1783778400000,64215.1,64484.8,64215.1,64322.3,2562.8146,2026-07-11 14:00:00
1783782000000,64322.3,64466.7,63863.7,64145.4,5078.8168,2026-07-11 15:00:00
1783785600000,64145.5,64252.1,64060.2,64153.6,1934.5571,2026-07-11 16:00:00
1783789200000,64153.6,64385.9,64136.5,64295.9,1175.75,2026-07-11 17:00:00
1783792800000,64295.9,64370.0,64258.7,64302.9,582.9013,2026-07-11 18:00:00
1783796400000,64302.9,64319.6,64204.6,64267.1,478.8017,2026-07-11 19:00:00
1783800000000,64267.0,64439.1,64265.0,64352.5,573.3324,2026-07-11 20:00:00
1783803600000,64352.4,64404.7,64307.1,64329.7,369.6109,2026-07-11 21:00:00
1783807200000,64329.7,64405.2,64112.1,64174.6,1100.5251,2026-07-11 22:00:00
1783810800000,64174.6,64230.8,63780.1,63780.1,4040.8385,2026-07-11 23:00:00
1783814400000,63780.2,63880.9,63666.0,63801.8,2820.2017,2026-07-12 00:00:00
1783818000000,63801.7,64143.0,63779.9,64101.7,2372.5594,2026-07-12 01:00:00
1783821600000,64101.7,64110.0,64000.0,64050.1,1056.0576,2026-07-12 02:00:00
1783825200000,64050.0,64200.0,64001.5,64197.2,1113.4259,2026-07-12 03:00:00
1783828800000,64197.2,64220.0,63914.0,63977.0,1608.4549,2026-07-12 04:00:00
1783832400000,63976.9,63999.6,63876.0,63943.8,877.8197,2026-07-12 05:00:00
1783836000000,63943.7,63943.7,63605.5,63740.0,3556.9994,2026-07-12 06:00:00
1783839600000,63740.1,63877.2,63713.5,63857.6,1043.0552,2026-07-12 07:00:00
1783843200000,63857.6,64077.5,63855.8,63956.0,2062.4076,2026-07-12 08:00:00
1783846800000,63956.1,64023.1,63738.0,63929.6,1850.7081,2026-07-12 09:00:00
1783850400000,63929.6,63929.7,63811.1,63842.8,955.1628,2026-07-12 10:00:00
1783854000000,63842.9,64016.0,63796.5,63987.5,1437.7787,2026-07-12 11:00:00
1783857600000,63987.5,64119.8,63942.5,63991.8,1359.0238,2026-07-12 12:00:00
1783861200000,63991.7,64070.2,63960.0,63990.2,657.717,2026-07-12 13:00:00
1783864800000,63990.2,64287.7,63920.0,64177.0,2049.7024,2026-07-12 14:00:00
1783868400000,64177.0,64238.0,64091.1,64153.1,1616.9299,2026-07-12 15:00:00
1783872000000,64153.1,64190.0,64016.8,64147.5,1770.3238,2026-07-12 16:00:00
1783875600000,64147.6,64155.2,64003.0,64053.3,752.2891,2026-07-12 17:00:00
1783879200000,64053.3,64131.9,63980.1,64128.9,675.8435,2026-07-12 18:00:00
1783882800000,64128.9,64256.2,64125.0,64211.4,683.6293,2026-07-12 19:00:00
1783886400000,64211.5,64238.0,64150.0,64173.0,437.7314,2026-07-12 20:00:00
1783890000000,64173.0,64214.0,63855.7,63896.2,1332.3237,2026-07-12 21:00:00
1783893600000,63896.2,63901.1,63639.0,63852.7,3263.7242,2026-07-12 22:00:00
1783897200000,63852.6,63884.5,63700.0,63750.1,1804.3253,2026-07-12 23:00:00
1783900800000,63750.0,64398.0,63528.1,64034.8,9900.7805,2026-07-13 00:00:00
1783904400000,64034.8,64039.5,63357.4,63380.1,7115.1445,2026-07-13 01:00:00
1783908000000,63380.0,63516.7,63202.9,63343.8,6797.8073,2026-07-13 02:00:00
1783911600000,63343.8,63358.2,62700.6,62782.1,12227.6828,2026-07-13 03:00:00
1783915200000,62782.1,62879.1,62565.4,62647.2,5679.566,2026-07-13 04:00:00
1783918800000,62647.2,62888.0,62447.0,62765.2,6253.7188,2026-07-13 05:00:00
1783922400000,62765.2,62844.0,62673.8,62767.6,1815.4361,2026-07-13 06:00:00
1783926000000,62767.7,63027.6,62714.0,62951.5,3788.7555,2026-07-13 07:00:00
1783929600000,62951.6,63250.0,62902.0,63174.1,3844.996,2026-07-13 08:00:00
1783933200000,63174.2,63177.9,63055.8,63070.3,1663.6718,2026-07-13 09:00:00
1783936800000,63070.3,63127.1,62830.0,62837.8,2975.2964,2026-07-13 10:00:00
1783940400000,62837.9,63110.0,62837.9,62875.4,2387.5168,2026-07-13 11:00:00
1783944000000,62875.5,62953.9,62550.0,62604.8,4335.7377,2026-07-13 12:00:00
1783947600000,62604.8,62742.0,62140.0,62301.1,9137.8412,2026-07-13 13:00:00
1783951200000,62301.0,62775.3,62065.9,62765.1,8829.0935,2026-07-13 14:00:00
1783954800000,62765.1,62950.0,62532.0,62587.0,4217.8014,2026-07-13 15:00:00
1783958400000,62587.0,62607.7,62180.3,62255.1,5074.7927,2026-07-13 16:00:00
1783962000000,62255.1,62349.9,61866.1,61878.7,6915.6358,2026-07-13 17:00:00
1783965600000,61878.7,62083.3,61800.5,61999.1,3757.3333,2026-07-13 18:00:00
1783969200000,61999.1,62281.5,61959.1,62264.1,2125.339,2026-07-13 19:00:00
1783972800000,62264.0,62304.4,62015.4,62178.1,1868.2103,2026-07-13 20:00:00
1783976400000,62178.1,62187.7,61861.2,62033.9,1715.533,2026-07-13 21:00:00
1783980000000,62033.9,62199.9,61880.0,61897.0,1622.1135,2026-07-13 22:00:00
1783983600000,61897.1,62321.6,61850.0,62313.1,2037.0839,2026-07-13 23:00:00
1783987200000,62313.2,62651.0,62240.0,62523.0,4192.847,2026-07-14 00:00:00
1783990800000,62523.0,62617.2,62430.4,62507.1,2381.9948,2026-07-14 01:00:00
1783994400000,62507.1,62617.8,62290.0,62515.0,2372.4724,2026-07-14 02:00:00
1783998000000,62515.1,62579.8,62286.0,62543.2,1805.68,2026-07-14 03:00:00
1784001600000,62543.2,62747.0,62509.0,62716.9,2427.9741,2026-07-14 04:00:00
1784005200000,62716.9,62845.0,62658.2,62694.3,3149.7033,2026-07-14 05:00:00
1784008800000,62694.4,62752.6,62528.5,62594.4,2501.3644,2026-07-14 06:00:00
1784012400000,62594.4,62629.0,62474.1,62521.3,2522.8173,2026-07-14 07:00:00
1784016000000,62521.4,62775.0,62460.3,62678.9,1896.6455,2026-07-14 08:00:00
1784019600000,62679.0,62719.6,62507.2,62607.8,1271.7063,2026-07-14 09:00:00
1784023200000,62607.9,62888.0,62576.0,62770.6,2249.4027,2026-07-14 10:00:00
1784026800000,62770.5,62898.2,62684.9,62808.8,2095.5835,2026-07-14 11:00:00
1784030400000,62808.9,63980.1,62751.2,63940.2,23000.0757,2026-07-14 12:00:00
1784034000000,63940.2,64187.0,63680.0,63817.6,10613.6611,2026-07-14 13:00:00
1784037600000,63817.6,64375.2,63550.0,64277.6,9562.3436,2026-07-14 14:00:00
1784041200000,64277.6,65100.0,64169.4,64731.6,19139.8738,2026-07-14 15:00:00
1784044800000,64731.6,64886.9,64600.2,64706.4,5163.4237,2026-07-14 16:00:00
1784048400000,64706.4,64706.5,64250.0,64607.6,6396.3872,2026-07-14 17:00:00
1784052000000,64607.7,64629.6,64451.5,64553.6,1909.4287,2026-07-14 18:00:00
1784055600000,64553.5,64682.6,64465.1,64546.5,1562.4987,2026-07-14 19:00:00
1784059200000,64547.3,64584.1,64384.4,64543.3,1137.8728,2026-07-14 20:00:00
1784062800000,64543.3,64868.7,64491.7,64652.8,2373.1687,2026-07-14 21:00:00
1784066400000,64652.8,65097.1,64479.7,64840.0,5242.6972,2026-07-14 22:00:00
1784070000000,64840.0,65024.6,64743.5,65010.0,2029.8413,2026-07-14 23:00:00
1784073600000,65010.0,65039.1,64742.6,64791.1,2224.9828,2026-07-15 00:00:00
1784077200000,64791.1,64825.5,64620.0,64645.4,1947.441,2026-07-15 01:00:00
1784080800000,64645.5,64733.3,64446.6,64470.0,2368.4693,2026-07-15 02:00:00
1784084400000,64470.0,64822.5,64470.0,64766.7,2595.4022,2026-07-15 03:00:00
1784088000000,64766.7,64865.5,64690.0,64726.2,1595.2606,2026-07-15 04:00:00
1784091600000,64726.2,64942.9,64583.0,64924.8,1736.1335,2026-07-15 05:00:00
1784095200000,64924.8,65265.0,64759.9,64780.3,7419.2981,2026-07-15 06:00:00
1784098800000,64780.3,64860.8,64452.0,64524.8,5789.0112,2026-07-15 07:00:00
1784102400000,64524.9,64763.5,64524.9,64745.8,2427.2062,2026-07-15 08:00:00
1784106000000,64745.9,64893.7,64612.2,64637.1,2395.8447,2026-07-15 09:00:00
1784109600000,64637.0,64818.0,64576.0,64626.6,1541.9034,2026-07-15 10:00:00
1784113200000,64626.6,64722.3,64576.9,64707.8,979.5368,2026-07-15 11:00:00
1784116800000,64707.8,65255.5,64567.0,65130.1,7728.3635,2026-07-15 12:00:00
1784120400000,65130.1,65553.2,64858.0,65095.0,14604.3491,2026-07-15 13:00:00
1784124000000,65094.9,65490.9,65030.5,65362.9,7357.6411,2026-07-15 14:00:00
1784127600000,65362.9,65588.0,65220.6,65389.0,4837.506,2026-07-15 15:00:00
1784131200000,65389.0,65436.0,64750.0,65088.9,8171.6472,2026-07-15 16:00:00
1784134800000,65088.9,65170.7,64944.0,65030.5,3271.1664,2026-07-15 17:00:00
1784138400000,65030.4,65125.5,64824.5,64846.2,2003.32,2026-07-15 18:00:00
1784142000000,64846.2,64976.9,64710.4,64953.2,2184.8954,2026-07-15 19:00:00
1784145600000,64953.1,65030.7,64872.1,64940.9,765.8438,2026-07-15 20:00:00
1784149200000,64940.8,64993.9,64766.6,64808.3,866.2718,2026-07-15 21:00:00
1784152800000,64808.4,64954.0,64747.7,64836.2,1252.3633,2026-07-15 22:00:00
1784156400000,64836.2,64922.1,64656.0,64725.0,1123.0373,2026-07-15 23:00:00
1784160000000,64725.0,64819.8,64464.5,64561.9,3022.3175,2026-07-16 00:00:00
1784163600000,64562.0,64813.0,64366.4,64700.3,2727.4867,2026-07-16 01:00:00
1784167200000,64700.2,64707.8,64546.9,64612.4,1335.4001,2026-07-16 02:00:00
1784170800000,64612.4,64730.0,64520.4,64588.8,1053.8397,2026-07-16 03:00:00
1784174400000,64588.9,64666.0,64512.3,64613.2,941.8191,2026-07-16 04:00:00
1784178000000,64613.1,64974.7,64577.4,64886.3,3277.7566,2026-07-16 05:00:00
1784181600000,64886.3,64939.4,64597.3,64748.0,1775.5821,2026-07-16 06:00:00
1784185200000,64748.0,64748.0,64050.0,64210.1,6434.8934,2026-07-16 07:00:00
1784188800000,64210.1,64336.3,63853.0,64096.7,9206.904,2026-07-16 08:00:00
1784192400000,64096.6,64159.7,63986.0,64071.6,2200.8194,2026-07-16 09:00:00
1784196000000,64071.6,64236.6,64047.6,64188.6,1510.6268,2026-07-16 10:00:00
1784199600000,64188.6,64243.1,64066.7,64219.8,1673.4659,2026-07-16 11:00:00
1784203200000,64219.8,64224.0,63826.7,63940.0,3692.5527,2026-07-16 12:00:00
1784206800000,63940.0,64450.0,63928.8,64346.7,5675.2193,2026-07-16 13:00:00
1784210400000,64346.8,64846.4,64300.0,64509.9,8834.5185,2026-07-16 14:00:00
1784214000000,64509.9,64874.4,64288.0,64679.0,5516.1609,2026-07-16 15:00:00
1784217600000,64679.1,64694.4,64290.7,64453.8,3646.3199,2026-07-16 16:00:00
1784221200000,64453.9,64458.9,63962.0,64054.5,4159.9356,2026-07-16 17:00:00
1784224800000,64054.6,64312.1,64024.7,64213.3,1788.0039,2026-07-16 18:00:00
1784228400000,64213.4,64285.5,64120.0,64242.7,972.923,2026-07-16 19:00:00
1784232000000,64242.6,64252.7,64075.8,64089.8,734.4105,2026-07-16 20:00:00
1784235600000,64089.8,64216.7,64071.2,64137.9,547.0628,2026-07-16 21:00:00
1784239200000,64137.9,64217.3,63918.0,63935.9,2270.5409,2026-07-16 22:00:00
1784242800000,63935.9,63977.3,63716.2,63795.9,3489.9915,2026-07-16 23:00:00
1784246400000,63796.0,63885.0,63577.0,63862.5,4428.1463,2026-07-17 00:00:00
1784250000000,63862.5,64039.4,63443.8,63512.5,5879.2509,2026-07-17 01:00:00
1784253600000,63512.5,63642.7,63358.1,63460.6,3470.8798,2026-07-17 02:00:00
1784257200000,63460.7,63697.5,63456.0,63543.5,2344.4178,2026-07-17 03:00:00
1784260800000,63543.4,63547.4,63270.0,63451.9,3441.7421,2026-07-17 04:00:00
1784264400000,63451.8,63451.8,62777.0,62812.6,9648.1617,2026-07-17 05:00:00
1784268000000,62812.7,62969.2,62650.5,62920.0,6429.3284,2026-07-17 06:00:00
1784271600000,62920.0,62951.2,62763.8,62789.6,2581.7991,2026-07-17 07:00:00
1784275200000,62789.7,62911.6,62600.0,62857.3,4036.5964,2026-07-17 08:00:00
1784278800000,62857.2,63040.0,62824.0,62962.2,2219.3398,2026-07-17 09:00:00
1784282400000,62962.2,63167.1,62957.5,63145.6,2543.1423,2026-07-17 10:00:00
1784286000000,63145.7,63330.9,63027.4,63264.3,3115.3218,2026-07-17 11:00:00
1784289600000,63264.4,63315.4,63024.4,63067.3,3359.234,2026-07-17 12:00:00
1784293200000,63067.4,63167.9,62510.0,63136.4,10869.9692,2026-07-17 13:00:00
1784296800000,63136.4,63498.0,63052.5,63150.2,7866.2048,2026-07-17 14:00:00
1784300400000,63150.1,63436.8,62813.6,63436.7,6030.9934,2026-07-17 15:00:00
1784304000000,63436.8,63682.9,63284.7,63560.6,5048.4503,2026-07-17 16:00:00
1784307600000,63560.7,64208.4,63560.7,64018.1,8130.7985,2026-07-17 17:00:00
1784311200000,64018.2,64358.8,63856.0,64224.0,4240.9023,2026-07-17 18:00:00
1784314800000,64224.0,64230.6,63950.0,64130.0,2302.1541,2026-07-17 19:00:00
1784318400000,64129.9,64173.9,63936.0,64090.0,1831.4141,2026-07-17 20:00:00
1784322000000,64090.0,64200.0,64031.8,64078.5,945.138,2026-07-17 21:00:00
1784325600000,64078.6,64125.0,63888.0,63956.2,1084.1058,2026-07-17 22:00:00
1784329200000,63956.3,63989.8,63852.6,63908.2,830.864,2026-07-17 23:00:00
1784332800000,63908.2,63998.7,63862.2,63882.7,755.2076,2026-07-18 00:00:00
1784336400000,63882.7,63982.2,63855.7,63935.1,630.9958,2026-07-18 01:00:00
1784340000000,63935.0,64012.7,63901.2,63928.8,1010.8422,2026-07-18 02:00:00
1784343600000,63928.9,64003.1,63898.0,63989.5,682.7071,2026-07-18 03:00:00
1784347200000,63989.5,63991.3,63916.2,63942.7,540.7025,2026-07-18 04:00:00
1784350800000,63942.6,63979.4,63900.4,63933.0,512.8024,2026-07-18 05:00:00
1784354400000,63933.0,63973.4,63915.4,63955.7,495.0544,2026-07-18 06:00:00
1784358000000,63955.6,63999.0,63950.0,63980.8,757.6374,2026-07-18 07:00:00
1784361600000,63980.9,63998.0,63931.3,63975.4,732.0413,2026-07-18 08:00:00
1784365200000,63975.5,63987.9,63913.1,63963.8,567.7046,2026-07-18 09:00:00
1784368800000,63963.8,63990.0,63960.8,63983.8,382.1509,2026-07-18 10:00:00
1784372400000,63983.9,64068.0,63983.8,64038.4,760.6658,2026-07-18 11:00:00
1784376000000,64038.5,64257.7,64025.6,64182.4,3170.708,2026-07-18 12:00:00
1784379600000,64182.4,64184.9,63933.5,64085.7,2075.2442,2026-07-18 13:00:00
1784383200000,64085.8,64170.0,64073.6,64099.0,922.2582,2026-07-18 14:00:00
1784386800000,64098.9,64136.5,64001.9,64093.0,719.5339,2026-07-18 15:00:00
1784390400000,64093.0,64294.9,64056.6,64278.7,1652.3386,2026-07-18 16:00:00
1784394000000,64278.8,64462.8,64244.1,64447.8,3137.3986,2026-07-18 17:00:00
1784397600000,64447.8,64645.3,64422.4,64476.6,2873.8267,2026-07-18 18:00:00
1784401200000,64476.6,64561.7,64441.5,64521.4,946.1617,2026-07-18 19:00:00
1784404800000,64521.4,64719.9,64475.3,64666.7,3021.2577,2026-07-18 20:00:00
1784408400000,64666.8,64832.0,64584.3,64705.0,2520.9141,2026-07-18 21:00:00
1784412000000,64705.0,64849.1,64685.0,64778.7,1544.3792,2026-07-18 22:00:00
1784415600000,64778.7,64818.6,64688.7,64802.4,1303.398,2026-07-18 23:00:00
1784419200000,64802.5,64888.0,64725.9,64749.9,1507.5394,2026-07-19 00:00:00
1784422800000,64749.9,64759.0,64730.0,64734.1,807.3285,2026-07-19 01:00:00
1784426400000,64734.2,64942.0,64664.1,64789.2,2205.1664,2026-07-19 02:00:00
1784430000000,64789.3,64809.9,64588.1,64689.9,1597.6981,2026-07-19 03:00:00
1784433600000,64689.9,64771.5,64591.6,64696.9,966.6575,2026-07-19 04:00:00
1784437200000,64696.9,64790.0,64645.1,64695.4,842.4665,2026-07-19 05:00:00
1784440800000,64695.4,64736.3,64655.0,64685.8,974.4954,2026-07-19 06:00:00
1784444400000,64685.8,64760.0,64650.4,64694.2,1167.2225,2026-07-19 07:00:00
1784448000000,64694.2,64725.0,64605.0,64685.2,1505.3357,2026-07-19 08:00:00
1784451600000,64685.3,64702.5,64476.0,64494.8,2093.1433,2026-07-19 09:00:00
1784455200000,64494.8,64680.0,64450.0,64561.2,1495.7255,2026-07-19 10:00:00
1784458800000,64561.2,64627.6,64414.6,64443.4,1965.9599,2026-07-19 11:00:00
1784462400000,64443.4,64443.4,64237.1,64417.0,4742.5347,2026-07-19 12:00:00
1784466000000,64417.1,64490.0,64272.4,64450.5,1844.9368,2026-07-19 13:00:00
1784469600000,64450.5,64633.0,64386.8,64561.9,1915.2751,2026-07-19 14:00:00
1784473200000,64561.8,64598.0,64467.2,64549.5,1156.1683,2026-07-19 15:00:00
1784476800000,64549.5,64616.5,64475.0,64505.0,1239.0641,2026-07-19 16:00:00
1784480400000,64505.1,64730.0,64368.0,64522.1,2315.4972,2026-07-19 17:00:00
1784484000000,64522.1,64529.2,64242.0,64395.5,2229.1236,2026-07-19 18:00:00
1784487600000,64395.5,64439.1,64311.2,64429.5,574.4652,2026-07-19 19:00:00
1784491200000,64429.5,64532.4,64429.5,64509.5,640.1197,2026-07-19 20:00:00
1784494800000,64509.5,64530.0,64312.8,64385.8,716.2607,2026-07-19 21:00:00
1784498400000,64385.8,64869.0,64314.5,64645.3,3565.6841,2026-07-19 22:00:00
1784502000000,64645.3,64750.0,64538.5,64700.0,1265.1472,2026-07-19 23:00:00
1784505600000,64700.1,65088.0,64384.9,64530.2,5927.0194,2026-07-20 00:00:00
1784509200000,64530.3,65016.1,64471.6,64600.0,3983.9518,2026-07-20 01:00:00
1784512800000,64600.0,64934.4,64550.0,64798.0,4014.295,2026-07-20 02:00:00
1784516400000,64797.9,64885.0,64605.4,64836.4,1676.8149,2026-07-20 03:00:00
1784520000000,64836.3,64836.4,64505.3,64509.9,2437.7198,2026-07-20 04:00:00
1784523600000,64509.9,64535.1,64031.5,64098.8,8874.4198,2026-07-20 05:00:00
1784527200000,64098.7,64205.4,63722.6,63885.1,8910.299,2026-07-20 06:00:00
1784530800000,63885.1,64280.0,63855.0,64242.5,3971.6692,2026-07-20 07:00:00
1784534400000,64242.4,64336.2,63844.3,64029.3,5342.0564,2026-07-20 08:00:00
1784538000000,64029.3,64260.5,63977.8,64168.0,1779.8839,2026-07-20 09:00:00
1784541600000,64168.0,64389.9,64128.1,64273.6,2100.7708,2026-07-20 10:00:00
1784545200000,64273.6,65050.0,64239.9,64970.8,7907.8744,2026-07-20 11:00:00
1784548800000,64970.9,64978.8,64570.2,64622.1,5129.2511,2026-07-20 12:00:00
1784552400000,64622.1,64746.8,64158.5,64313.1,7163.0253,2026-07-20 13:00:00
1784556000000,64313.2,64554.5,64040.9,64393.6,5677.1648,2026-07-20 14:00:00
1784559600000,64393.6,65710.0,64390.0,65569.7,17184.7492,2026-07-20 15:00:00
1784563200000,65569.7,65606.7,65311.9,65479.9,5263.7792,2026-07-20 16:00:00
1784566800000,65479.9,65624.7,65315.4,65556.5,2691.1311,2026-07-20 17:00:00
1784570400000,65556.6,65770.4,65164.6,65207.0,5246.1566,2026-07-20 18:00:00
1784574000000,65206.9,65248.7,65006.8,65110.9,3828.7081,2026-07-20 19:00:00
1784577600000,65111.0,65418.0,65027.1,65338.1,1706.634,2026-07-20 20:00:00
1784581200000,65338.0,65415.3,65233.8,65254.6,1200.6097,2026-07-20 21:00:00
1784584800000,65254.6,65259.8,65055.5,65118.2,1487.7413,2026-07-20 22:00:00
1784588400000,65118.3,65247.6,65100.0,65224.1,1023.4093,2026-07-20 23:00:00
1784592000000,65224.0,65565.8,65119.0,65534.7,2477.1419,2026-07-21 00:00:00
1784595600000,65534.7,65640.9,65200.1,65205.4,2908.5593,2026-07-21 01:00:00
1784599200000,65205.5,65473.3,65150.0,65382.9,1750.008,2026-07-21 02:00:00
1784602800000,65382.9,65566.7,65376.4,65534.7,1637.824,2026-07-21 03:00:00
1784606400000,65534.7,65714.0,65442.4,65489.1,2602.0516,2026-07-21 04:00:00
1784610000000,65489.0,65930.5,65455.9,65720.9,4169.3823,2026-07-21 05:00:00
1784613600000,65720.9,65970.0,65605.0,65889.5,3973.3716,2026-07-21 06:00:00
1784617200000,65889.5,66229.3,65830.0,66160.1,5808.7434,2026-07-21 07:00:00
1784620800000,66160.0,66324.2,66095.7,66192.0,4871.0691,2026-07-21 08:00:00
1784624400000,66192.0,66315.8,66100.0,66249.9,2782.411,2026-07-21 09:00:00
1784628000000,66249.9,66387.0,66143.8,66155.0,3530.9743,2026-07-21 10:00:00
1784631600000,66155.1,66324.9,66115.2,66314.9,2273.8088,2026-07-21 11:00:00
1784635200000,66314.9,66621.8,66238.2,66522.5,5369.5863,2026-07-21 12:00:00
1784638800000,66522.6,66775.0,66283.7,66741.5,7719.6311,2026-07-21 13:00:00
1784642400000,66741.4,66928.0,66611.7,66803.3,8132.4797,2026-07-21 14:00:00
1784646000000,66803.4,66803.4,66481.9,66650.0,3853.0106,2026-07-21 15:00:00
1784649600000,66650.0,66732.0,66440.0,66510.4,2711.2745,2026-07-21 16:00:00
1784653200000,66510.4,66541.9,66015.3,66186.5,5529.9816,2026-07-21 17:00:00
1784656800000,66186.6,66365.0,66066.3,66296.7,3339.7816,2026-07-21 18:00:00
1784660400000,66296.6,66480.0,66240.0,66416.4,1820.8836,2026-07-21 19:00:00
1784664000000,66416.3,66472.7,66334.3,66378.1,1035.4454,2026-07-21 20:00:00
1784667600000,66378.1,66399.0,66261.6,66357.8,1215.2922,2026-07-21 21:00:00
1784671200000,66357.8,66357.8,66156.2,66278.3,1376.9642,2026-07-21 22:00:00
1784674800000,66278.3,66546.7,66200.0,66519.8,1616.3213,2026-07-21 23:00:00
1784678400000,66519.8,66710.0,66506.0,66592.7,2632.648,2026-07-22 00:00:00
1784682000000,66592.7,66632.4,66250.0,66405.7,2893.4742,2026-07-22 01:00:00
1784685600000,66405.7,66514.6,66265.0,66285.4,1916.581,2026-07-22 02:00:00
1784689200000,66285.5,66340.8,66147.1,66180.1,2086.9963,2026-07-22 03:00:00
1784692800000,66180.0,66398.0,66166.3,66349.6,1464.988,2026-07-22 04:00:00
1784696400000,66349.6,66349.7,65905.0,65948.8,5230.5697,2026-07-22 05:00:00
1784700000000,65948.9,65993.7,65788.0,65899.5,3706.3468,2026-07-22 06:00:00
1784703600000,65899.6,65935.7,65654.2,65806.4,3098.1071,2026-07-22 07:00:00
1784707200000,65806.4,66138.0,65806.4,65946.6,4775.6304,2026-07-22 08:00:00
1784710800000,65946.7,66055.0,65814.0,65893.9,1862.2104,2026-07-22 09:00:00
1784714400000,65894.0,66088.0,65860.0,66023.4,2965.9582,2026-07-22 10:00:00
1784718000000,66023.3,66068.0,65873.9,65992.1,2439.5108,2026-07-22 11:00:00
1784721600000,65992.1,65992.1,65505.4,65606.7,6519.1797,2026-07-22 12:00:00
1784725200000,65606.6,65957.6,65538.6,65920.8,5326.3277,2026-07-22 13:00:00
1784728800000,65920.8,66184.5,65555.0,65766.7,7246.1014,2026-07-22 14:00:00
1784732400000,65766.7,66100.0,65765.2,66011.2,5375.4478,2026-07-22 15:00:00
1784736000000,66011.3,66396.6,65878.2,66192.9,5489.5192,2026-07-22 16:00:00
1784739600000,66192.9,66247.2,65908.0,65993.7,2596.283,2026-07-22 17:00:00
1784743200000,65993.6,66050.0,65692.6,65862.0,2686.5189,2026-07-22 18:00:00
1784746800000,65862.1,65946.8,65664.4,65895.6,1504.9055,2026-07-22 19:00:00
1784750400000,65895.5,65958.5,65760.1,65893.4,1537.8303,2026-07-22 20:00:00
1784754000000,65893.4,66099.9,65862.0,66045.1,1072.9525,2026-07-22 21:00:00
1784757600000,66045.1,66050.0,65902.2,66017.7,933.1149,2026-07-22 22:00:00
1784761200000,66017.8,66111.0,65809.4,66080.8,1148.5114,2026-07-22 23:00:00
1784764800000,66080.9,66288.0,66021.8,66031.0,2609.6338,2026-07-23 00:00:00
1784768400000,66031.0,66186.9,65723.0,65795.4,3003.2093,2026-07-23 01:00:00
1784772000000,65795.4,65811.6,65615.6,65777.3,2403.2303,2026-07-23 02:00:00
1784775600000,65777.3,65792.0,65538.1,65625.4,2995.2467,2026-07-23 03:00:00
1784779200000,65625.3,65709.0,65557.0,65584.7,1715.2111,2026-07-23 04:00:00
1784782800000,65584.8,65764.7,65538.3,65655.7,1472.196,2026-07-23 05:00:00
1784786400000,65655.7,65784.9,65588.0,65757.1,1190.2449,2026-07-23 06:00:00
1784790000000,65757.0,65757.1,65302.3,65408.5,4949.4472,2026-07-23 07:00:00
1784793600000,65408.4,65626.8,65379.2,65597.4,2677.6056,2026-07-23 08:00:00
1784797200000,65597.4,65722.9,65566.1,65607.2,2012.3877,2026-07-23 09:00:00
1784800800000,65607.1,65753.8,65553.0,65700.0,1917.5245,2026-07-23 10:00:00
1784804400000,65700.0,65709.6,65508.0,65530.0,1552.1782,2026-07-23 11:00:00
1784808000000,65530.0,65556.7,64934.4,65131.5,8784.079,2026-07-23 12:00:00
1784811600000,65131.5,65192.8,64823.0,64855.9,7837.2039,2026-07-23 13:00:00
1784815200000,64855.9,65191.7,64782.4,64879.8,5791.9461,2026-07-23 14:00:00
1784818800000,64879.8,64995.3,64681.4,64927.6,6127.4039,2026-07-23 15:00:00
1784822400000,64927.5,64931.1,64652.4,64727.4,3492.4643,2026-07-23 16:00:00
1784826000000,64727.5,64877.8,64606.0,64646.1,3585.75,2026-07-23 17:00:00
1784829600000,64646.0,64920.0,64646.0,64837.8,1750.551,2026-07-23 18:00:00
1784833200000,64837.8,64903.9,64666.9,64817.9,2067.7709,2026-07-23 19:00:00
1784836800000,64817.9,65155.0,64807.3,65108.7,2241.6904,2026-07-23 20:00:00
1784840400000,65108.8,65173.2,64968.0,65137.4,1809.4318,2026-07-23 21:00:00
1784844000000,65137.5,65190.0,64978.4,65160.4,2040.6698,2026-07-23 22:00:00
1784847600000,65160.3,65184.8,65010.5,65066.0,1646.6456,2026-07-23 23:00:00
1784851200000,65066.0,65076.0,64720.0,64940.6,3735.0753,2026-07-24 00:00:00
1784854800000,64940.7,65138.0,64906.0,65039.2,2035.7194,2026-07-24 01:00:00
1784858400000,65039.1,65153.7,64882.5,65085.5,1873.784,2026-07-24 02:00:00
1784862000000,65085.6,65430.0,65036.8,65418.5,4586.5962,2026-07-24 03:00:00
1784865600000,65418.5,65432.0,65235.6,65284.4,2562.1776,2026-07-24 04:00:00
1784869200000,65284.3,65365.0,65214.6,65283.9,1095.6198,2026-07-24 05:00:00
1784872800000,65283.8,65488.4,65245.6,65444.1,2138.206,2026-07-24 06:00:00
1784876400000,65444.2,65780.6,65337.9,65470.5,7275.4498,2026-07-24 07:00:00
1784880000000,65470.6,65481.3,65275.4,65277.8,1965.1797,2026-07-24 08:00:00
1784883600000,65277.7,65293.3,64923.4,65084.6,5104.86,2026-07-24 09:00:00
1784887200000,65084.6,65136.2,64860.9,64919.9,2289.8091,2026-07-24 10:00:00
1784890800000,64919.9,65071.7,64820.0,65049.9,2735.995,2026-07-24 11:00:00
1784894400000,65049.8,65098.6,64735.0,64750.1,3270.691,2026-07-24 12:00:00
1784898000000,64750.0,64774.9,63885.4,64121.0,17690.5077,2026-07-24 13:00:00
1784901600000,64121.0,64172.7,63700.0,64032.8,12402.0216,2026-07-24 14:00:00
1784905200000,64032.9,64310.4,63825.0,64060.9,9558.358,2026-07-24 15:00:00
1784908800000,64060.8,64174.3,63850.5,63928.0,2932.6854,2026-07-24 16:00:00
1784912400000,63928.1,64182.4,63878.0,64154.1,2343.526,2026-07-24 17:00:00
1784916000000,64154.2,64272.3,64086.4,64239.0,2252.4036,2026-07-24 18:00:00
1784919600000,64239.0,64255.5,64105.5,64196.2,1543.4984,2026-07-24 19:00:00
1784923200000,64196.2,64250.0,64094.7,64138.4,957.3969,2026-07-24 20:00:00
1784926800000,64138.3,64190.0,64089.5,64115.7,1076.7008,2026-07-24 21:00:00
1784930400000,64115.7,64189.9,64092.6,64132.5,543.2327,2026-07-24 22:00:00
1784934000000,64132.6,64150.0,64105.0,64119.7,371.1779,2026-07-24 23:00:00
1784937600000,64119.6,64148.8,63984.8,64040.4,1126.3276,2026-07-25 00:00:00
1784941200000,64040.4,64127.3,63970.6,64031.4,1380.0374,2026-07-25 01:00:00
1784944800000,64031.4,64064.8,63981.3,64010.5,723.868,2026-07-25 02:00:00
1784948400000,64010.5,64073.7,63981.7,64045.0,636.3249,2026-07-25 03:00:00
1784952000000,64044.9,64169.1,64044.9,64150.1,1051.0345,2026-07-25 04:00:00
1784955600000,64150.1,64166.4,63952.5,63987.5,1255.4873,2026-07-25 05:00:00
1784959200000,63987.6,64033.1,63933.0,63985.2,1174.9807,2026-07-25 06:00:00
1784962800000,63985.2,64011.6,63964.8,63973.1,656.1474,2026-07-25 07:00:00
1784966400000,63973.1,63974.7,63769.1,63843.7,2490.7287,2026-07-25 08:00:00
1784970000000,63843.7,63994.6,63793.9,63969.9,1230.7325,2026-07-25 09:00:00
1784973600000,63970.0,64036.7,63958.6,64036.7,1176.9547,2026-07-25 10:00:00
1784977200000,64036.6,64076.9,64011.4,64028.1,786.3011,2026-07-25 11:00:00
1784980800000,64028.2,64087.0,63996.7,64082.0,811.5971,2026-07-25 12:00:00
1784984400000,64081.9,64256.0,64067.3,64136.9,2975.344,2026-07-25 13:00:00
1784988000000,64136.9,64189.2,64084.9,64180.1,1275.3033,2026-07-25 14:00:00
1784991600000,64180.0,64248.0,64140.0,64152.5,1243.4394,2026-07-25 15:00:00
1784995200000,64152.5,64220.0,64092.2,64186.1,799.8789,2026-07-25 16:00:00
1784998800000,64186.0,64326.9,64166.4,64237.9,1748.725,2026-07-25 17:00:00
1785002400000,64237.9,64428.5,64237.9,64392.3,2376.9099,2026-07-25 18:00:00
1785006000000,64392.4,64414.5,64356.5,64362.7,647.619,2026-07-25 19:00:00
1785009600000,64362.8,64368.5,64285.2,64303.2,783.2618,2026-07-25 20:00:00
1785013200000,64303.3,64399.6,64225.2,64317.1,942.9215,2026-07-25 21:00:00
1785016800000,64317.2,64394.1,64317.1,64374.2,585.4087,2026-07-25 22:00:00
1785020400000,64374.2,64395.7,64333.7,64344.3,595.7968,2026-07-25 23:00:00
1785024000000,64344.3,64477.5,64318.7,64477.4,1233.4929,2026-07-26 00:00:00
1785027600000,64477.5,64512.2,64415.7,64435.0,1456.5347,2026-07-26 01:00:00
1785031200000,64435.0,64493.4,64389.0,64486.8,878.7129,2026-07-26 02:00:00
1785034800000,64486.9,64547.0,64449.6,64514.2,1158.8663,2026-07-26 03:00:00
1785038400000,64514.2,64565.0,64454.6,64493.5,812.8073,2026-07-26 04:00:00
1785042000000,64493.5,64493.6,64377.0,64385.8,1158.9725,2026-07-26 05:00:00
1785045600000,64385.8,64424.0,64255.3,64413.1,1934.0826,2026-07-26 06:00:00
1785049200000,64413.1,64437.7,64321.2,64348.6,1281.6607,2026-07-26 07:00:00
1785052800000,64348.5,64465.0,64324.1,64449.9,674.5877,2026-07-26 08:00:00
1785056400000,64450.0,64520.0,64449.0,64500.4,980.8519,2026-07-26 09:00:00
1785060000000,64500.4,64544.3,64456.3,64479.5,1140.5937,2026-07-26 10:00:00
1785063600000,64479.6,64500.0,64451.2,64477.7,574.9626,2026-07-26 11:00:00
1785067200000,64477.6,64637.9,64395.5,64432.6,2274.6054,2026-07-26 12:00:00
1785070800000,64432.6,64542.8,64380.6,64494.1,1490.7846,2026-07-26 13:00:00
1785074400000,64494.1,64744.8,64494.1,64683.9,4083.6471,2026-07-26 14:00:00
1785078000000,64684.0,64798.4,64642.7,64737.2,2737.896,2026-07-26 15:00:00
1785081600000,64737.2,64918.4,64670.7,64703.7,2995.9341,2026-07-26 16:00:00
1785085200000,64703.6,64771.0,64638.8,64664.8,1110.0475,2026-07-26 17:00:00
1785088800000,64664.7,64748.2,64638.1,64709.2,468.2837,2026-07-26 18:00:00
1785092400000,64709.3,64735.6,64641.4,64672.7,455.5478,2026-07-26 19:00:00
1785096000000,64672.6,64678.7,64600.6,64621.9,468.8768,2026-07-26 20:00:00
1785099600000,64622.0,64888.0,64621.8,64823.7,1048.0883,2026-07-26 21:00:00
1785103200000,64823.8,65480.0,64823.8,65381.1,8857.5683,2026-07-26 22:00:00
1785106800000,65381.2,65576.7,65228.5,65379.3,4300.6853,2026-07-26 23:00:00
1785110400000,65379.3,65402.9,65021.1,65098.9,3375.0743,2026-07-27 00:00:00
1785114000000,65098.9,65189.0,64866.5,65175.5,3248.2466,2026-07-27 01:00:00
1785117600000,65175.4,65256.7,65083.8,65149.0,1483.6673,2026-07-27 02:00:00
1785121200000,65149.1,65338.6,65141.9,65257.5,1928.6731,2026-07-27 03:00:00
1785124800000,65257.5,65473.5,65216.8,65255.5,1908.9651,2026-07-27 04:00:00
1785128400000,65255.6,65469.9,65252.1,65434.8,1335.0656,2026-07-27 05:00:00
1785132000000,65434.7,65740.0,65380.0,65387.2,5499.1119,2026-07-27 06:00:00
1785135600000,65387.2,65423.6,65173.2,65198.9,2790.0136,2026-07-27 07:00:00
1785139200000,65199.0,65239.3,65100.0,65140.1,2364.5102,2026-07-27 08:00:00
1785142800000,65140.0,65322.6,65076.0,65238.9,2290.4731,2026-07-27 09:00:00
1785146400000,65238.8,65412.2,65210.5,65314.8,1305.7657,2026-07-27 10:00:00
1785150000000,65314.7,65314.8,65061.3,65081.9,2052.3406,2026-07-27 11:00:00
1785153600000,65081.9,65230.1,64808.7,65065.0,6070.9918,2026-07-27 12:00:00
1785157200000,65064.9,65682.5,64881.0,65185.7,9924.7704,2026-07-27 13:00:00
1785160800000,65185.7,65399.9,64415.0,64660.1,12078.3963,2026-07-27 14:00:00
1785164400000,64660.0,64748.9,64382.3,64520.0,4355.3071,2026-07-27 15:00:00
1785168000000,64520.0,64946.7,64483.7,64874.0,4938.9157,2026-07-27 16:00:00
1785171600000,64874.0,65060.1,64750.0,64992.8,3379.243,2026-07-27 17:00:00
1785175200000,64992.8,65030.0,64720.2,64850.3,2276.5772,2026-07-27 18:00:00
1785178800000,64850.4,65056.0,64774.4,64957.1,1600.9949,2026-07-27 19:00:00
1785182400000,64957.2,65028.6,64872.2,64942.3,765.1783,2026-07-27 20:00:00
1785186000000,64942.4,64942.4,64769.9,64796.1,783.1564,2026-07-27 21:00:00
1785189600000,64796.0,64796.1,63756.2,63756.4,8853.4541,2026-07-27 22:00:00
1785193200000,63756.5,63931.7,63566.0,63727.4,9078.7416,2026-07-27 23:00:00
1785196800000,63727.4,63798.0,63428.0,63449.1,5518.4524,2026-07-28 00:00:00
1785200400000,63449.0,63501.7,63011.0,63188.7,9017.4445,2026-07-28 01:00:00
1785204000000,63188.8,63268.0,63068.0,63145.3,2461.3361,2026-07-28 02:00:00
1785207600000,63145.4,63341.6,63133.0,63312.6,2634.3275,2026-07-28 03:00:00
1785211200000,63312.5,63330.0,63185.5,63323.5,1827.7147,2026-07-28 04:00:00
1785214800000,63323.6,63599.9,63289.8,63418.3,3822.4003,2026-07-28 05:00:00
1785218400000,63418.4,63635.0,63363.3,63605.4,2289.1283,2026-07-28 06:00:00
1785222000000,63605.4,63627.6,63415.1,63468.5,2066.4571,2026-07-28 07:00:00
1785225600000,63468.4,63507.0,63373.0,63395.0,1708.3726,2026-07-28 08:00:00
1785229200000,63395.0,63546.0,63328.6,63362.8,1449.065,2026-07-28 09:00:00
1785232800000,63362.7,63520.0,63257.0,63435.8,2796.3406,2026-07-28 10:00:00
1785236400000,63435.8,63566.4,63312.0,63423.0,2257.3678,2026-07-28 11:00:00
1785240000000,63423.1,63545.6,63333.0,63513.1,2216.9059,2026-07-28 12:00:00
1785243600000,63513.1,63558.0,62700.1,63079.8,9840.0479,2026-07-28 13:00:00
1785247200000,63079.7,63520.0,62923.5,63385.3,6384.0135,2026-07-28 14:00:00
1785250800000,63385.3,63997.7,63236.0,63895.2,8888.4656,2026-07-28 15:00:00
1785254400000,63895.3,64077.9,63743.0,64013.4,3468.7713,2026-07-28 16:00:00
1785258000000,64013.5,64013.5,63458.9,63662.9,3851.5832,2026-07-28 17:00:00
1785261600000,63662.9,63823.2,63637.2,63707.4,1691.1871,2026-07-28 18:00:00
1785265200000,63707.4,63880.0,63653.5,63873.0,1522.544,2026-07-28 19:00:00
1785268800000,63873.0,63999.0,63850.0,63888.9,1510.3497,2026-07-28 20:00:00
1785272400000,63888.9,64047.8,63865.7,63947.5,846.2938,2026-07-28 21:00:00
1785276000000,63947.5,63996.3,63732.5,63750.4,1144.8273,2026-07-28 22:00:00
1785279600000,63750.4,63924.2,63522.0,63900.2,3102.1372,2026-07-28 23:00:00
1785283200000,63900.1,64179.8,63833.5,63920.0,3866.8748,2026-07-29 00:00:00
1785286800000,63919.9,63970.0,63651.3,63671.1,2649.2271,2026-07-29 01:00:00
1785290400000,63671.0,64100.0,63616.0,63949.8,3407.2319,2026-07-29 02:00:00
1785294000000,63949.9,63975.8,63677.0,63721.6,2630.9612,2026-07-29 03:00:00
1785297600000,63721.7,63945.3,63562.4,63938.6,2490.974,2026-07-29 04:00:00
1785301200000,63938.5,64066.7,63853.3,64035.3,3415.7796,2026-07-29 05:00:00
1785304800000,64035.2,64435.0,63983.9,64400.3,5576.3776,2026-07-29 06:00:00
1785308400000,64400.4,64555.0,64373.4,64534.7,3054.6877,2026-07-29 07:00:00
1785312000000,64534.7,64553.5,64250.5,64389.7,3207.3529,2026-07-29 08:00:00
1785315600000,64389.7,64743.8,64350.1,64669.5,3855.0434,2026-07-29 09:00:00
1785319200000,64669.5,64691.2,64381.0,64444.4,3293.1473,2026-07-29 10:00:00
1785322800000,64444.4,64576.9,64395.0,64487.9,1722.6524,2026-07-29 11:00:00
1785326400000,64487.9,64488.0,64162.7,64253.9,2976.9886,2026-07-29 12:00:00
1785330000000,64253.8,64646.0,64078.4,64639.4,7559.4617,2026-07-29 13:00:00
1785333600000,64639.4,64697.3,64023.0,64083.0,6208.6724,2026-07-29 14:00:00
1785337200000,64083.0,64175.0,63846.2,63942.9,4565.8,2026-07-29 15:00:00
1785340800000,63942.9,64127.9,63587.8,63787.9,5986.7307,2026-07-29 16:00:00
1785344400000,63787.9,64280.0,63691.1,64252.8,3508.8325,2026-07-29 17:00:00
1785348000000,64252.7,64664.0,63739.3,64481.8,13380.6185,2026-07-29 18:00:00
1785351600000,64481.7,64576.0,63476.8,63554.3,7901.5429,2026-07-29 19:00:00
1785355200000,63554.2,63711.6,63336.0,63483.2,4256.9572,2026-07-29 20:00:00
1785358800000,63483.2,63827.6,63226.5,63827.6,3941.1699,2026-07-29 21:00:00
1785362400000,63827.6,64098.0,63825.8,63906.9,3702.7869,2026-07-29 22:00:00
1785366000000,63907.0,64045.7,63862.8,63955.1,1676.8063,2026-07-29 23:00:00
1785369600000,63955.0,64088.0,63580.0,63672.2,3010.4051,2026-07-30 00:00:00
1785373200000,63672.2,64385.0,63655.1,64241.1,5001.1861,2026-07-30 01:00:00
1785376800000,64241.2,64391.8,64121.8,64161.1,2348.4088,2026-07-30 02:00:00
1785380400000,64161.1,64282.9,64100.0,64137.7,1915.2963,2026-07-30 03:00:00
1785384000000,64137.8,64159.7,63978.7,63999.9,1561.9575,2026-07-30 04:00:00
1785387600000,63999.8,64162.9,63882.6,64016.0,2194.9607,2026-07-30 05:00:00
1785391200000,64016.1,64065.1,63922.2,63973.9,1236.0474,2026-07-30 06:00:00
1785394800000,63973.9,64121.7,63912.5,63980.4,1547.1064,2026-07-30 07:00:00
1785398400000,63980.5,64328.2,63950.0,64277.6,2103.4573,2026-07-30 08:00:00
1785402000000,64277.6,64619.7,64255.0,64543.5,4914.3896,2026-07-30 09:00:00
1785405600000,64543.5,64605.0,64529.8,64546.5,1862.4549,2026-07-30 10:00:00
1785409200000,64546.6,64870.8,64504.9,64757.5,4541.1541,2026-07-30 11:00:00
1785412800000,64757.4,65000.0,64755.9,64886.2,5023.0248,2026-07-30 12:00:00
1785416400000,64886.3,65158.0,64654.7,64996.5,7601.0697,2026-07-30 13:00:00
1785420000000,64996.6,65016.9,64590.7,64650.0,5098.5137,2026-07-30 14:00:00
1785423600000,64650.0,64861.1,64573.2,64706.0,2279.0113,2026-07-30 15:00:00
1785427200000,64705.9,64938.1,64700.6,64790.7,1772.9503,2026-07-30 16:00:00
1785430800000,64790.7,64967.2,64744.1,64843.0,1712.026,2026-07-30 17:00:00
1785434400000,64843.0,64869.0,64662.3,64674.5,803.966,2026-07-30 18:00:00
1785438000000,64674.6,64874.2,64674.5,64776.9,1267.17,2026-07-30 19:00:00
1785441600000,64777.5,64911.6,64725.2,64745.7,1468.7111,2026-07-30 20:00:00
1785445200000,64745.7,64775.0,64678.1,64706.7,973.5744,2026-07-30 21:00:00
1785448800000,64706.7,64995.6,64637.5,64825.7,1941.2058,2026-07-30 22:00:00
1785452400000,64825.6,65060.4,64714.7,64757.6,2363.8338,2026-07-30 23:00:00
1785456000000,64757.6,64878.3,64667.1,64704.2,1706.7357,2026-07-31 00:00:00
1785459600000,64704.3,65390.8,64426.1,64535.8,12049.2808,2026-07-31 01:00:00
1785463200000,64535.7,64586.8,64167.0,64275.8,6031.0178,2026-07-31 02:00:00
1785466800000,64275.8,64416.0,64146.1,64340.2,2650.5787,2026-07-31 03:00:00
1785470400000,64340.2,64415.8,64200.7,64279.3,1505.0677,2026-07-31 04:00:00
1785474000000,64279.3,64393.0,64240.0,64320.9,1436.7043,2026-07-31 05:00:00
1785477600000,64320.8,64466.7,64160.7,64203.1,2288.4328,2026-07-31 06:00:00
1785481200000,64203.0,64212.3,63819.2,63903.7,7576.9867,2026-07-31 07:00:00
1785484800000,63903.8,63949.5,63777.0,63798.0,3145.3041,2026-07-31 08:00:00
1785488400000,63797.9,63814.2,63601.3,63689.2,3748.9085,2026-07-31 09:00:00
1785492000000,63689.2,63927.6,63565.0,63891.2,3693.3162,2026-07-31 10:00:00
1785495600000,63891.2,63987.1,63751.5,63778.5,2128.0729,2026-07-31 11:00:00
1785499200000,63778.6,63807.1,63600.0,63733.4,2320.8989,2026-07-31 12:00:00
1785502800000,63733.4,63812.0,63209.0,63242.7,9099.5261,2026-07-31 13:00:00
1785506400000,63242.6,63284.6,62410.5,62664.7,22187.7302,2026-07-31 14:00:00
1785510000000,62664.6,62744.5,62463.0,62691.4,4584.3892,2026-07-31 15:00:00
1785513600000,62691.3,62909.9,62680.0,62845.2,2920.0619,2026-07-31 16:00:00
1785517200000,62845.2,63260.0,62768.8,63211.9,3888.4295,2026-07-31 17:00:00
1785520800000,63212.0,63269.3,62931.1,63065.2,2513.1725,2026-07-31 18:00:00
1785524400000,63065.1,63134.7,62902.1,62947.3,1509.9086,2026-07-31 19:00:00
1785528000000,62947.3,63010.0,62888.0,62933.1,1326.7086,2026-07-31 20:00:00
1785531600000,62933.1,63032.9,62815.2,62924.9,1178.9292,2026-07-31 21:00:00
1785535200000,62924.8,62995.3,62836.5,62916.9,921.9855,2026-07-31 22:00:00
1785538800000,62916.9,62986.0,62830.8,62858.0,870.6187,2026-07-31 23:00:00
1785542400000,62858.0,63011.1,62858.0,62910.6,1258.8068,2026-08-01 00:00:00
1785546000000,62910.5,62970.0,62895.9,62946.4,868.709,2026-08-01 01:00:00
1785549600000,62946.4,63074.0,62946.4,63043.1,1167.9062,2026-08-01 02:00:00
1785553200000,63043.1,63047.1,62938.3,62976.1,719.4064,2026-08-01 03:00:00
1785556800000,62976.0,63073.3,62967.3,63072.0,438.6824,2026-08-01 04:00:00
1785560400000,63072.0,63108.6,62963.4,63001.0,1099.4617,2026-08-01 05:00:00
1785564000000,63001.0,63050.0,62961.2,63046.9,519.5945,2026-08-01 06:00:00
1785567600000,63046.9,63081.0,63000.0,63021.0,606.8056,2026-08-01 07:00:00
1785571200000,63021.0,63125.4,63020.9,63096.5,527.1566,2026-08-01 08:00:00
1785574800000,63096.4,63118.1,63004.4,63019.6,554.0572,2026-08-01 09:00:00
1785578400000,63019.6,63092.7,62953.0,63029.9,929.8109,2026-08-01 10:00:00
1785582000000,63029.9,63061.8,63007.5,63042.9,401.9704,2026-08-01 11:00:00
1785585600000,63042.9,63090.0,63042.9,63062.3,680.9316,2026-08-01 12:00:00
1785589200000,63062.4,63067.9,63013.2,63031.9,538.5059,2026-08-01 13:00:00
1785592800000,63031.9,63099.9,63031.8,63099.8,689.3265,2026-08-01 14:00:00
1785596400000,63099.9,63099.9,62974.6,62974.6,637.3406,2026-08-01 15:00:00
1785600000000,62974.6,63009.4,62842.5,62906.2,1891.3119,2026-08-01 16:00:00
1785603600000,62906.2,62973.9,62620.9,62687.9,2686.1339,2026-08-01 17:00:00
1785607200000,62687.8,62715.0,62227.0,62543.2,6802.3933,2026-08-01 18:00:00
1785610800000,62543.2,62597.2,62414.0,62496.5,1914.1038,2026-08-01 19:00:00
1785614400000,62496.5,62640.8,62450.0,62629.9,1424.1186,2026-08-01 20:00:00
1785618000000,62630.0,62830.5,62629.9,62785.7,1449.9068,2026-08-01 21:00:00
1785621600000,62785.6,62836.0,62760.0,62800.1,749.6613,2026-08-01 22:00:00
1785625200000,62800.1,62827.7,62734.4,62788.9,968.0536,2026-08-01 23:00:00
1785628800000,62788.9,62961.8,62783.4,62809.8,1889.4074,2026-08-02 00:00:00
1785632400000,62809.7,63075.5,62809.7,62960.0,1516.4625,2026-08-02 01:00:00
1785636000000,62960.0,63556.1,62928.1,63419.5,7970.7512,2026-08-02 02:00:00
1785639600000,63419.4,63532.7,63350.8,63435.0,1774.5954,2026-08-02 03:00:00
1785643200000,63435.1,63587.0,63435.0,63549.3,1529.4546,2026-08-02 04:00:00
1785646800000,63549.3,63618.3,63388.0,63427.9,2088.7419,2026-08-02 05:00:00
1785650400000,63427.9,63475.6,63400.0,63458.0,765.816,2026-08-02 06:00:00
1785654000000,63458.0,63512.4,63444.0,63461.6,794.5291,2026-08-02 07:00:00
1785657600000,63461.6,63500.0,63127.9,63164.1,4068.7171,2026-08-02 08:00:00
1785661200000,63164.1,63283.8,63040.0,63238.4,2434.1913,2026-08-02 09:00:00
1785664800000,63238.3,63238.4,63077.2,63164.1,2015.9906,2026-08-02 10:00:00
1785668400000,63164.2,63168.0,62936.5,62998.3,1914.987,2026-08-02 11:00:00
1785672000000,62998.4,63200.0,62998.3,63088.1,2131.9512,2026-08-02 12:00:00
1785675600000,63088.1,63110.8,62971.5,63097.5,1282.9876,2026-08-02 13:00:00
1785679200000,63097.6,63154.8,63031.0,63040.9,1112.8922,2026-08-02 14:00:00
1785682800000,63040.9,63153.6,63020.0,63080.6,801.1412,2026-08-02 15:00:00
1785686400000,63080.7,63237.4,63036.0,63157.9,1188.481,2026-08-02 16:00:00
1785690000000,63157.9,63318.4,63121.7,63277.3,1373.5915,2026-08-02 17:00:00
1785693600000,63277.2,63585.0,63261.0,63353.6,2234.8456,2026-08-02 18:00:00
1785697200000,63353.6,63455.6,63303.4,63426.8,816.0942,2026-08-02 19:00:00
1785700800000,63426.9,63470.0,63371.7,63462.8,625.8527,2026-08-02 20:00:00
1785704400000,63462.8,63763.0,63446.5,63546.5,2736.8098,2026-08-02 21:00:00
1785708000000,63546.6,63779.8,63345.0,63390.1,2846.6088,2026-08-02 22:00:00
1785711600000,63390.0,63569.2,63316.8,63545.7,1461.0269,2026-08-02 23:00:00
1785715200000,63545.7,63566.0,63170.9,63290.0,2520.1069,2026-08-03 00:00:00
1785718800000,63289.9,63320.9,63080.0,63186.9,2505.0614,2026-08-03 01:00:00
1785722400000,63186.9,63276.3,63063.2,63110.8,1759.9589,2026-08-03 02:00:00
1785726000000,63110.7,63143.0,62742.5,62838.6,3861.7261,2026-08-03 03:00:00
1785729600000,62838.5,62975.4,62727.0,62763.9,2436.6024,2026-08-03 04:00:00
1785733200000,62763.8,62849.8,62717.4,62800.0,2006.6173,2026-08-03 05:00:00
1785736800000,62800.0,62841.9,62581.1,62599.9,2734.0143,2026-08-03 06:00:00
1785740400000,62599.9,62673.0,62520.3,62591.2,2495.0796,2026-08-03 07:00:00
1785744000000,62591.2,62620.0,62268.0,62509.5,5386.2994,2026-08-03 08:00:00
1785747600000,62509.5,62835.0,62490.7,62803.8,3142.4216,2026-08-03 09:00:00
1785751200000,62803.8,62834.6,62573.8,62714.2,2873.0076,2026-08-03 10:00:00
1785754800000,62714.2,62748.3,62503.2,62524.9,1883.4553,2026-08-03 11:00:00
1785758400000,62524.9,62772.0,62410.3,62672.6,3257.3981,2026-08-03 12:00:00
1785762000000,62672.5,63367.0,62525.8,63321.8,10032.6318,2026-08-03 13:00:00
1785765600000,63321.8,63989.9,63100.0,63938.1,17145.2211,2026-08-03 14:00:00
1785769200000,63938.1,63971.8,63612.7,63659.7,5886.8624,2026-08-03 15:00:00
1785772800000,63659.8,63915.0,63630.0,63741.8,3060.3089,2026-08-03 16:00:00
1785776400000,63741.8,64050.0,63680.0,63879.9,3419.8073,2026-08-03 17:00:00
1785780000000,63879.9,63987.5,63722.4,63830.7,2543.9829,2026-08-03 18:00:00
1785783600000,63830.8,64048.1,63805.7,63828.8,1792.6007,2026-08-03 19:00:00
1785787200000,63828.9,63995.1,63736.0,63758.1,1269.7089,2026-08-03 20:00:00
1785790800000,63758.1,63760.1,63520.0,63559.2,2832.7289,2026-08-03 21:00:00
1785794400000,63559.1,63656.5,63365.0,63589.7,2632.7587,2026-08-03 22:00:00
1785798000000,63589.8,63597.4,63439.8,63503.5,1083.2046,2026-08-03 23:00:00
1785801600000,63503.5,63570.4,63296.0,63335.8,2179.6754,2026-08-04 00:00:00
1785805200000,63335.9,63905.9,63335.8,63815.7,3842.2726,2026-08-04 01:00:00
1785808800000,63815.8,63958.5,63651.0,63792.2,2382.9291,2026-08-04 02:00:00
1785812400000,63792.3,63831.7,63616.2,63764.3,1314.2737,2026-08-04 03:00:00
1785816000000,63764.2,64249.1,63720.8,64013.2,5789.5178,2026-08-04 04:00:00
1785819600000,64013.2,64033.0,63767.3,63785.0,2571.2432,2026-08-04 05:00:00
1785823200000,63785.0,63845.8,63628.8,63653.5,1960.2476,2026-08-04 06:00:00
1785826800000,63653.5,63747.4,63481.4,63666.2,2326.4417,2026-08-04 07:00:00
1785830400000,63666.2,63733.0,63535.1,63558.2,1312.3917,2026-08-04 08:00:00
1785834000000,63558.3,63591.1,63490.0,63583.2,936.974,2026-08-04 09:00:00
1785837600000,63583.1,63825.6,63430.5,63741.2,2843.8424,2026-08-04 10:00:00
1785841200000,63741.2,63929.3,63689.0,63893.5,2217.9882,2026-08-04 11:00:00
1785844800000,63893.4,64100.0,63760.6,63882.8,3880.8177,2026-08-04 12:00:00
1785848400000,63882.8,64080.0,63628.1,63662.5,6205.1174,2026-08-04 13:00:00
1785852000000,63662.6,64178.7,63581.2,64095.6,6367.5655,2026-08-04 14:00:00
1785855600000,64095.7,64211.0,63777.6,64088.0,5328.3303,2026-08-04 15:00:00
1785859200000,64088.1,64105.5,63860.1,63929.3,2231.9231,2026-08-04 16:00:00
1785862800000,63929.4,64155.0,63864.3,63943.4,2103.5165,2026-08-04 17:00:00
1785866400000,63943.4,64388.0,63937.9,64272.1,4015.3095,2026-08-04 18:00:00
1785870000000,64272.1,64387.5,64176.8,64198.0,1541.3522,2026-08-04 19:00:00
1785873600000,64197.9,64398.8,63975.0,64314.0,2966.2025,2026-08-04 20:00:00
1785877200000,64314.0,64314.1,64140.0,64164.0,933.1138,2026-08-04 21:00:00
1785880800000,64163.9,64260.0,64103.5,64238.7,950.0622,2026-08-04 22:00:00
1785884400000,64238.8,64534.5,64059.1,64078.0,5493.7984,2026-08-04 23:00:00
1785888000000,64078.1,64169.3,63956.6,63967.9,2227.3034,2026-08-05 00:00:00
1785891600000,63967.9,64318.8,63925.0,64312.0,2148.718,2026-08-05 01:00:00
1785895200000,64312.0,64496.2,64293.0,64337.0,3035.155,2026-08-05 02:00:00
1785898800000,64337.1,64415.0,64021.2,64157.5,2981.7332,2026-08-05 03:00:00
1785902400000,64157.4,64196.6,64059.8,64146.2,1372.4482,2026-08-05 04:00:00
1785906000000,64146.2,64500.0,64132.5,64305.0,2391.2673,2026-08-05 05:00:00
1785909600000,64305.0,64342.9,64205.0,64232.0,945.3248,2026-08-05 06:00:00
1785913200000,64232.1,64254.1,63963.3,64143.1,3298.073,2026-08-05 07:00:00
1785916800000,64143.2,64256.6,64060.8,64101.5,2268.127,2026-08-05 08:00:00
1785920400000,64101.5,64189.0,64077.7,64133.1,845.0158,2026-08-05 09:00:00
1785924000000,64133.1,64212.9,63988.0,64038.0,1570.3792,2026-08-05 10:00:00
1785927600000,64038.0,64117.4,64004.4,64048.0,1475.6492,2026-08-05 11:00:00
1785931200000,64048.0,64580.3,64015.9,64300.1,6574.6537,2026-08-05 12:00:00
1785934800000,64300.1,64397.1,63840.0,64378.9,9771.0359,2026-08-05 13:00:00
1785938400000,64378.8,64543.2,64260.0,64440.0,5835.4296,2026-08-05 14:00:00
1785942000000,64440.0,64720.0,64350.0,64351.0,6630.3988,2026-08-05 15:00:00
1785945600000,64351.1,64746.5,64350.2,64634.6,4080.5687,2026-08-05 16:00:00
1785949200000,64634.7,64784.8,64508.0,64736.5,3794.1917,2026-08-05 17:00:00
1785952800000,64736.6,64827.3,64638.6,64763.6,2543.5586,2026-08-05 18:00:00
1785956400000,64763.7,64927.6,64746.4,64810.0,3915.934,2026-08-05 19:00:00
1785960000000,64810.0,65026.0,64775.0,64806.7,4689.3117,2026-08-05 20:00:00
1785963600000,64806.7,64806.8,64627.0,64704.7,2134.825,2026-08-05 21:00:00
1785967200000,64704.7,64760.0,64600.3,64608.8,1434.9476,2026-08-05 22:00:00
1785970800000,64608.8,64729.4,64551.9,64626.8,1666.3175,2026-08-05 23:00:00
1785974400000,64626.8,64720.0,64534.0,64617.0,2068.417,2026-08-06 00:00:00
1785978000000,64617.0,64638.0,64463.5,64561.5,1349.4392,2026-08-06 01:00:00
1785981600000,64561.6,64627.5,64408.0,64560.2,2370.6845,2026-08-06 02:00:00
1785985200000,64560.2,64560.3,64467.4,64502.1,778.1951,2026-08-06 03:00:00
1785988800000,64502.2,64704.7,64470.0,64703.9,1634.676,2026-08-06 04:00:00
1785992400000,64704.0,64980.0,64703.9,64884.6,3518.6294,2026-08-06 05:00:00
1785996000000,64884.7,64884.7,64713.3,64835.9,1372.4738,2026-08-06 06:00:00
1785999600000,64835.9,64939.9,64747.1,64788.2,1595.9253,2026-08-06 07:00:00
1786003200000,64788.2,64975.0,64726.2,64912.4,1576.5795,2026-08-06 08:00:00
1786006800000,64912.5,64918.0,64609.3,64658.8,2302.8496,2026-08-06 09:00:00
1786010400000,64658.8,64672.5,64562.2,64595.6,1442.2258,2026-08-06 10:00:00
1786014000000,64595.6,64640.0,64478.0,64589.2,2058.4781,2026-08-06 11:00:00
1786017600000,64589.1,64612.4,64354.3,64388.7,2747.3796,2026-08-06 12:00:00
1786021200000,64388.7,64513.4,64144.0,64402.7,6592.4419,2026-08-06 13:00:00
1786024800000,64402.7,64818.0,64324.3,64748.8,6194.4178,2026-08-06 14:00:00
1786028400000,64748.7,64957.4,64588.5,64599.0,4698.8976,2026-08-06 15:00:00
1786032000000,64599.0,64744.6,64556.1,64727.4,2138.9951,2026-08-06 16:00:00
1786035600000,64727.3,64806.2,64514.4,64588.8,1200.8529,2026-08-06 17:00:00
1786039200000,64588.7,64592.3,64343.9,64388.7,1651.5515,2026-08-06 18:00:00
1786042800000,64388.6,64450.0,64330.0,64420.5,911.4202,2026-08-06 19:00:00
1786046400000,64420.5,64512.8,64405.7,64407.6,765.4526,2026-08-06 20:00:00
1786050000000,64407.5,64493.4,64371.3,64414.6,827.8153,2026-08-06 21:00:00
1786053600000,64414.7,64424.3,64290.1,64320.0,878.0307,2026-08-06 22:00:00
1786057200000,64320.0,64336.7,64162.3,64297.6,1667.4846,2026-08-06 23:00:00
1786060800000,64297.5,64390.5,64201.1,64299.4,1678.9083,2026-08-07 00:00:00
1786064400000,64299.4,64459.1,64269.3,64396.6,1396.7247,2026-08-07 01:00:00
1786068000000,64396.6,64524.7,64225.0,64369.1,2429.4919,2026-08-07 02:00:00
1786071600000,64369.1,64383.8,64233.0,64264.5,900.4312,2026-08-07 03:00:00
1786075200000,64264.5,64343.8,64111.1,64229.8,1625.2012,2026-08-07 04:00:00
1786078800000,64229.8,64373.5,64148.5,64305.1,1551.7689,2026-08-07 05:00:00
1786082400000,64305.1,64442.0,64240.4,64276.2,2034.1738,2026-08-07 06:00:00
1786086000000,64276.2,64400.0,64229.4,64289.7,1665.5699,2026-08-07 07:00:00
1786089600000,64289.7,64644.9,64274.5,64569.9,3263.9083,2026-08-07 08:00:00
1786093200000,64569.9,64934.9,64569.9,64803.1,5036.8471,2026-08-07 09:00:00
1786096800000,64803.1,64889.9,64767.4,64864.2,1655.807,2026-08-07 10:00:00
1786100400000,64864.2,65188.0,64863.5,64997.8,5580.7998,2026-08-07 11:00:00
1786104000000,64997.9,65357.8,64935.2,65256.8,9673.6165,2026-08-07 12:00:00
1786107600000,65256.7,65306.1,64950.0,64982.1,4383.3737,2026-08-07 13:00:00
1786111200000,64982.1,65244.7,64750.0,64924.9,7804.147,2026-08-07 14:00:00
1786114800000,64924.9,65100.0,64853.0,64884.8,2087.3311,2026-08-07 15:00:00
1786118400000,64884.7,65048.0,64780.0,64780.0,2092.5181,2026-08-07 16:00:00
1786122000000,64780.1,64803.3,64485.0,64741.6,4990.8734,2026-08-07 17:00:00
1786125600000,64741.7,64855.2,64647.7,64705.4,1654.2663,2026-08-07 18:00:00
1786129200000,64705.4,64993.2,64705.3,64930.0,2613.6959,2026-08-07 19:00:00
1786132800000,64930.0,65015.0,64921.2,64947.0,679.1348,2026-08-07 20:00:00
1786136400000,64947.1,65087.0,64892.4,64895.7,785.3712,2026-08-07 21:00:00
1786140000000,64895.7,64925.0,64797.5,64850.0,1146.0311,2026-08-07 22:00:00
1786143600000,64850.0,64886.0,64845.1,64886.0,302.0137,2026-08-07 23:00:00
1786147200000,64885.9,64917.8,64791.3,64885.8,773.3499,2026-08-08 00:00:00
1786150800000,64885.8,64923.0,64872.7,64876.0,517.613,2026-08-08 01:00:00
1786154400000,64876.0,64926.3,64859.0,64885.0,358.6699,2026-08-08 02:00:00
1786158000000,64885.1,65044.7,64881.8,64999.9,1206.4678,2026-08-08 03:00:00
1786161600000,65000.0,65045.4,64933.8,64975.2,935.9508,2026-08-08 04:00:00
1786165200000,64975.2,64992.7,64943.4,64965.6,362.2755,2026-08-08 05:00:00
1786168800000,64965.7,64989.5,64933.7,64978.3,412.1458,2026-08-08 06:00:00
1786172400000,64978.3,64981.6,64915.1,64934.0,334.4281,2026-08-08 07:00:00
1786176000000,64933.9,64991.3,64906.8,64957.6,536.7122,2026-08-08 08:00:00
1786179600000,64957.7,65024.9,64953.7,64956.1,443.4537,2026-08-08 09:00:00
1786183200000,64956.1,64998.0,64956.0,64984.6,531.5988,2026-08-08 10:00:00
1786186800000,64984.6,64988.0,64928.0,64933.9,562.0241,2026-08-08 11:00:00
1786190400000,64933.9,65037.0,64882.2,64971.2,1375.3247,2026-08-08 12:00:00
1786194000000,64971.3,64996.6,64964.8,64988.8,352.0593,2026-08-08 13:00:00
1786197600000,64988.8,65172.5,64988.7,65096.0,2060.5408,2026-08-08 14:00:00
1786201200000,65096.0,65123.0,65025.0,65046.3,722.8884,2026-08-08 15:00:00
1786204800000,65046.2,65086.5,65002.2,65055.7,390.5415,2026-08-08 16:00:00
1786208400000,65055.8,65128.1,65043.5,65087.1,386.5433,2026-08-08 17:00:00
1786212000000,65087.2,65097.1,64985.5,65014.3,330.621,2026-08-08 18:00:00
1786215600000,65014.3,65059.1,64985.6,65041.1,352.1946,2026-08-08 19:00:00
1786219200000,65041.1,65059.9,65026.3,65046.0,176.243,2026-08-08 20:00:00
1786222800000,65046.0,65046.0,64969.2,64990.4,277.2888,2026-08-08 21:00:00
1786226400000,64990.5,65014.2,64909.8,64909.9,629.5814,2026-08-08 22:00:00
1786230000000,64909.9,64944.6,64901.1,64928.4,425.2627,2026-08-08 23:00:00
1786233600000,64928.4,64964.1,64927.0,64947.1,324.6136,2026-08-09 00:00:00
1786237200000,64947.0,64980.1,64810.0,64842.7,1538.182,2026-08-09 01:00:00
1786240800000,64842.6,64842.7,64743.1,64790.0,1518.7477,2026-08-09 02:00:00
1786244400000,64790.0,64790.1,64680.0,64753.8,1442.8642,2026-08-09 03:00:00
1786248000000,64753.8,64803.5,64752.4,64752.7,516.5428,2026-08-09 04:00:00
1786251600000,64752.7,64775.0,64740.0,64775.0,337.0883,2026-08-09 05:00:00
1786255200000,64774.9,64835.0,64769.0,64819.2,663.9155,2026-08-09 06:00:00
1786258800000,64819.1,64819.2,64788.6,64790.4,447.9025,2026-08-09 07:00:00
1786262400000,64790.3,64900.1,64752.3,64787.2,1174.6812,2026-08-09 08:00:00
1786266000000,64787.3,64852.5,64774.2,64852.4,384.2358,2026-08-09 09:00:00
1786269600000,64852.4,64956.8,64852.4,64923.9,1238.7386,2026-08-09 10:00:00
1786273200000,64923.8,64968.3,64912.5,64912.8,566.4669,2026-08-09 11:00:00
1786276800000,64912.8,64924.7,64884.8,64924.7,378.8544,2026-08-09 12:00:00
1786280400000,64924.6,65239.4,64924.6,65188.7,3141.4066,2026-08-09 13:00:00
1786284000000,65188.8,65279.9,65117.2,65239.5,1474.5841,2026-08-09 14:00:00
1786287600000,65239.6,65244.2,65171.2,65200.0,1043.6419,2026-08-09 15:00:00
1786291200000,65200.0,65235.0,65150.0,65208.2,873.4351,2026-08-09 16:00:00
1786294800000,65208.2,65214.9,65170.0,65174.3,453.7364,2026-08-09 17:00:00
1786298400000,65174.4,65197.9,65161.5,65170.1,202.2269,2026-08-09 18:00:00
1786302000000,65170.1,65189.0,65155.0,65159.5,241.0821,2026-08-09 19:00:00
1786305600000,65159.5,65164.1,65043.2,65114.2,758.6033,2026-08-09 20:00:00
1786309200000,65114.1,65234.6,65095.9,65173.5,796.5401,2026-08-09 21:00:00
1786312800000,65173.5,65500.0,64937.3,65043.3,5348.6225,2026-08-09 22:00:00
1786316400000,65043.3,65096.1,64805.6,64870.1,2721.7246,2026-08-09 23:00:00
1786320000000,64870.1,65306.6,64794.4,64948.7,4081.7064,2026-08-10 00:00:00
1786323600000,64948.8,65368.9,64865.0,65172.1,2399.659,2026-08-10 01:00:00
1786327200000,65172.2,65199.0,64878.7,65077.6,2005.7663,2026-08-10 02:00:00
1786330800000,65077.5,65146.0,64880.2,64950.5,1318.8762,2026-08-10 03:00:00
1786334400000,64950.5,65087.4,64904.4,64980.0,1171.9793,2026-08-10 04:00:00
1786338000000,64979.9,65135.9,64951.8,65109.9,857.5207,2026-08-10 05:00:00
1786341600000,65109.8,65303.4,65100.0,65269.6,1748.4749,2026-08-10 06:00:00
1786345200000,65269.6,65337.9,65171.3,65179.1,1448.7554,2026-08-10 07:00:00
1786348800000,65179.1,65300.0,65157.3,65212.2,831.5074,2026-08-10 08:00:00
1786352400000,65212.2,65212.3,64930.0,64943.2,1980.4134,2026-08-10 09:00:00
1786356000000,64943.1,65057.0,64943.1,64991.3,1137.0619,2026-08-10 10:00:00
1786359600000,64991.2,65112.4,64950.1,65100.3,902.517,2026-08-10 11:00:00
1786363200000,65100.4,65217.0,64816.5,64839.7,3023.9229,2026-08-10 12:00:00
1786366800000,64839.8,64948.6,64500.0,64539.5,6841.398,2026-08-10 13:00:00
1786370400000,64539.4,64866.6,64508.1,64595.0,3749.5556,2026-08-10 14:00:00
1786374000000,64595.1,64687.8,64162.9,64277.1,9260.1136,2026-08-10 15:00:00
1786377600000,64277.1,64325.0,63803.0,63890.9,11960.1187,2026-08-10 16:00:00
1786381200000,63890.9,64023.5,63806.0,63933.3,3893.5221,2026-08-10 17:00:00
1786384800000,63933.3,64006.1,63775.9,63870.1,2743.531,2026-08-10 18:00:00
1786388400000,63870.0,64092.3,63860.8,64016.7,1901.9828,2026-08-10 19:00:00
1786392000000,64016.7,64174.8,63990.4,64133.2,1379.4725,2026-08-10 20:00:00
1786395600000,64133.3,64133.3,63957.1,63960.3,1288.6595,2026-08-10 21:00:00
1786399200000,63960.2,64033.7,63914.4,63997.5,986.9309,2026-08-10 22:00:00
1786402800000,63997.4,63998.5,63881.1,63947.7,887.4094,2026-08-10 23:00:00
1786406400000,63947.6,64050.0,63844.7,64021.2,2067.7645,2026-08-11 00:00:00
1786410000000,64021.1,64058.0,63938.0,64035.6,1128.9803,2026-08-11 01:00:00
1786413600000,64035.6,64064.0,64007.8,64017.3,700.5615,2026-08-11 02:00:00
1786417200000,64017.3,64158.8,64017.3,64120.0,1173.1785,2026-08-11 03:00:00
1786420800000,64119.9,64134.1,64000.2,64000.3,782.9856,2026-08-11 04:00:00
1786424400000,64000.2,64032.6,63935.4,63967.8,953.0136,2026-08-11 05:00:00
1786428000000,63967.7,64028.4,63825.0,63944.4,1405.5371,2026-08-11 06:00:00
1786431600000,63944.4,64079.0,63880.5,64035.0,1238.2953,2026-08-11 07:00:00
1786435200000,64035.0,64123.0,64016.8,64111.5,828.2326,2026-08-11 08:00:00
1786438800000,64111.5,64277.0,64100.7,64276.9,2312.5295,2026-08-11 09:00:00
1786442400000,64276.9,64284.2,64169.9,64201.1,1468.4106,2026-08-11 10:00:00
1786446000000,64201.1,64379.8,64201.1,64356.3,2466.1365,2026-08-11 11:00:00
1786449600000,64356.2,64474.0,64261.0,64300.0,3872.618,2026-08-11 12:00:00
1786453200000,64300.0,64350.0,64023.7,64182.2,4375.7617,2026-08-11 13:00:00
1786456800000,64182.2,64244.9,63674.5,63750.1,6417.9611,2026-08-11 14:00:00
1786460400000,63750.1,63850.3,63405.3,63584.7,9251.4035,2026-08-11 15:00:00
1786464000000,63584.6,63638.5,63432.7,63488.6,2999.5332,2026-08-11 16:00:00
1786467600000,63488.5,63618.0,63435.0,63585.1,2683.2131,2026-08-11 17:00:00
1786471200000,63585.1,63608.2,63162.7,63349.9,6820.6881,2026-08-11 18:00:00
1786474800000,63349.8,63516.7,63197.9,63509.6,2008.6605,2026-08-11 19:00:00
1786478400000,63509.7,63723.4,63509.7,63712.2,2218.49,2026-08-11 20:00:00
1786482000000,63712.1,63736.5,63580.0,63638.4,1073.7835,2026-08-11 21:00:00
1786485600000,63638.3,63742.8,63580.7,63635.5,846.0907,2026-08-11 22:00:00
1786489200000,63635.5,63635.5,63512.3,63566.1,749.1354,2026-08-11 23:00:00
1786492800000,63566.0,63716.2,63496.0,63714.2,1392.2317,2026-08-12 00:00:00
1786496400000,63714.1,63827.8,63658.7,63795.0,1543.5933,2026-08-12 01:00:00
1786500000000,63794.9,63886.8,63702.0,63722.9,1798.7692,2026-08-12 02:00:00
1786503600000,63723.0,63821.9,63677.8,63800.1,957.4632,2026-08-12 03:00:00
1786507200000,63800.1,63864.2,63706.5,63747.7,1156.545,2026-08-12 04:00:00
1786510800000,63747.7,63845.3,63700.0,63814.7,965.8395,2026-08-12 05:00:00
1786514400000,63814.6,63814.6,63578.3,63690.1,2274.8886,2026-08-12 06:00:00
1786518000000,63690.1,63809.8,63611.2,63803.4,1183.961,2026-08-12 07:00:00
1786521600000,63803.4,63835.8,63744.2,63766.1,1725.1316,2026-08-12 08:00:00
1786525200000,63766.1,64083.9,63735.0,64077.0,4586.3598,2026-08-12 09:00:00
1786528800000,64077.0,64193.1,64033.3,64104.9,3634.957,2026-08-12 10:00:00
1786532400000,64105.0,64215.6,64075.1,64202.5,1913.9311,2026-08-12 11:00:00
1786536000000,64202.5,64466.0,63942.3,64094.2,11140.5427,2026-08-12 12:00:00
1786539600000,64094.2,64132.2,63802.7,63811.6,3955.3182,2026-08-12 13:00:00
1786543200000,63811.6,63904.1,63335.4,63347.7,8445.4796,2026-08-12 14:00:00
1786546800000,63347.8,63550.0,63280.0,63417.7,4609.0201,2026-08-12 15:00:00
1786550400000,63417.7,63558.5,63340.1,63463.1,2147.6726,2026-08-12 16:00:00
1786554000000,63463.0,63525.0,63381.7,63445.8,1370.8851,2026-08-12 17:00:00
1786557600000,63445.8,63508.3,63350.0,63361.3,1634.6166,2026-08-12 18:00:00
1786561200000,63361.2,63440.0,63288.0,63400.8,2057.0982,2026-08-12 19:00:00
1786564800000,63400.7,63587.8,63399.2,63587.8,2199.5696,2026-08-12 20:00:00
1786568400000,63587.7,63643.3,63403.5,63448.0,1399.0492,2026-08-12 21:00:00
1786572000000,63448.1,63517.2,63346.6,63409.2,960.0694,2026-08-12 22:00:00
1786575600000,63409.3,63467.8,63352.0,63461.5,1305.7138,2026-08-12 23:00:00
1786579200000,63461.5,63698.0,63445.1,63537.6,2332.2182,2026-08-13 00:00:00
1786582800000,63537.6,63616.8,63350.1,63435.3,2102.4687,2026-08-13 01:00:00
1786586400000,63435.3,63562.5,63351.0,63530.0,1077.9259,2026-08-13 02:00:00
1786590000000,63529.9,63683.6,63487.3,63627.0,2186.2691,2026-08-13 03:00:00
1786593600000,63626.9,63760.0,63567.2,63665.5,1995.2858,2026-08-13 04:00:00
1786597200000,63665.5,63997.8,63639.5,63842.0,4360.764,2026-08-13 05:00:00
1786600800000,63842.0,63914.4,63723.0,63914.4,2638.4768,2026-08-13 06:00:00
1786604400000,63914.4,63920.0,63816.2,63835.2,1120.6525,2026-08-13 07:00:00
1786608000000,63835.2,63880.0,63712.5,63743.4,1247.4164,2026-08-13 08:00:00
1786611600000,63743.4,63760.0,63545.5,63753.5,2390.2052,2026-08-13 09:00:00
1786615200000,63753.5,63804.9,63561.8,63631.0,1984.7722,2026-08-13 10:00:00
1786618800000,63631.0,63641.1,63313.0,63459.0,4279.7649,2026-08-13 11:00:00
1786622400000,63459.0,63680.5,63414.8,63665.8,3202.8807,2026-08-13 12:00:00
1786626000000,63665.8,63831.5,63530.1,63695.2,4538.4249,2026-08-13 13:00:00
1786629600000,63695.3,63974.4,63652.4,63831.8,4183.589,2026-08-13 14:00:00
1786633200000,63831.8,63911.0,63380.1,63383.9,4033.033,2026-08-13 15:00:00
1786636800000,63384.0,63557.0,62818.0,63138.1,12235.7451,2026-08-13 16:00:00
1786640400000,63138.0,63276.7,63050.0,63118.8,3330.6758,2026-08-13 17:00:00
1786644000000,63118.7,63356.0,63082.4,63282.7,2270.6499,2026-08-13 18:00:00
1786647600000,63282.6,63498.4,63282.6,63388.8,2214.2322,2026-08-13 19:00:00
1786651200000,63388.8,63449.7,63342.4,63388.8,1127.1587,2026-08-13 20:00:00
1786654800000,63388.9,63476.2,63362.4,63456.0,799.3124,2026-08-13 21:00:00
1786658400000,63456.0,63620.0,63456.0,63501.7,1693.7267,2026-08-13 22:00:00
1786662000000,63501.7,63515.9,63365.4,63456.8,1570.233,2026-08-13 23:00:00
1786665600000,63456.8,63534.5,63375.1,63515.0,2513.7399,2026-08-14 00:00:00
1786669200000,63515.0,63566.8,63430.4,63545.8,2504.553,2026-08-14 01:00:00
1786672800000,63545.9,63600.1,63430.4,63430.4,2094.7412,2026-08-14 02:00:00
1786676400000,63430.4,63555.0,63271.1,63288.3,2036.7513,2026-08-14 03:00:00
1786680000000,63288.2,63455.6,63230.8,63350.0,1278.561,2026-08-14 04:00:00
1786683600000,63349.9,63380.6,63260.0,63360.5,900.7791,2026-08-14 05:00:00
1786687200000,63360.5,63360.5,62910.0,62950.1,3679.4111,2026-08-14 06:00:00
1786690800000,62950.1,63086.4,62887.5,62887.5,3029.577,2026-08-14 07:00:00
1786694400000,62887.5,62968.4,62666.0,62913.9,5523.052,2026-08-14 08:00:00
1786698000000,62913.9,62913.9,62716.3,62772.8,2738.9691,2026-08-14 09:00:00
1786701600000,62772.7,62926.0,62720.0,62795.0,2782.217,2026-08-14 10:00:00
1786705200000,62794.9,62913.0,62789.0,62843.1,1454.8993,2026-08-14 11:00:00
1786708800000,62843.0,62891.0,62700.0,62711.4,2228.2234,2026-08-14 12:00:00
1786712400000,62711.4,62800.1,62570.7,62641.7,4954.726,2026-08-14 13:00:00
1786716000000,62641.8,62777.0,62508.3,62590.1,4797.7865,2026-08-14 14:00:00
1786719600000,62590.1,63069.7,62590.0,62966.1,5824.851,2026-08-14 15:00:00
1786723200000,62966.2,63197.0,62946.0,63108.3,3200.5181,2026-08-14 16:00:00
1786726800000,63108.3,63215.1,62965.1,62986.6,2538.8516,2026-08-14 17:00:00
1786730400000,62986.7,63054.2,62855.6,62898.9,2222.5552,2026-08-14 18:00:00
1786734000000,62899.0,62972.4,62785.8,62938.4,2135.3731,2026-08-14 19:00:00
1786737600000,62938.5,63000.0,62866.7,62877.8,866.4954,2026-08-14 20:00:00
1786741200000,62877.8,62914.4,62846.2,62902.7,541.3937,2026-08-14 21:00:00
1786744800000,62902.6,62934.0,62761.0,62858.8,1389.5926,2026-08-14 22:00:00
1786748400000,62858.8,63049.0,62830.2,63019.5,2105.6782,2026-08-14 23:00:00
1786752000000,63019.6,63039.3,62967.4,62993.4,598.9332,2026-08-15 00:00:00
1786755600000,62993.4,63018.1,62966.2,63015.7,530.3301,2026-08-15 01:00:00
1786759200000,63015.8,63120.1,63009.1,63115.6,773.0617,2026-08-15 02:00:00
1786762800000,63115.7,63164.5,63014.2,63026.7,918.7754,2026-08-15 03:00:00
1786766400000,63026.7,63125.1,63026.7,63090.1,555.9125,2026-08-15 04:00:00
1786770000000,63090.2,63129.0,63000.3,63055.7,741.4645,2026-08-15 05:00:00
1786773600000,63055.6,63106.6,63000.0,63084.0,515.5078,2026-08-15 06:00:00
1786777200000,63084.1,63098.9,63005.9,63049.1,801.3238,2026-08-15 07:00:00
1786780800000,63049.0,63058.3,62888.0,62911.6,1633.4717,2026-08-15 08:00:00
1786784400000,62911.6,63022.2,62872.5,62995.1,1148.1886,2026-08-15 09:00:00
1786788000000,62995.0,63027.5,62973.1,63012.7,373.1983,2026-08-15 10:00:00
1786791600000,63012.7,63034.7,62963.8,62991.6,551.7482,2026-08-15 11:00:00
1786795200000,62991.5,63028.0,62913.1,63025.0,638.4731,2026-08-15 12:00:00
1786798800000,63025.1,63060.0,62992.8,63027.4,609.4146,2026-08-15 13:00:00
1786802400000,63027.3,63027.4,62963.4,63009.9,339.6901,2026-08-15 14:00:00
1786806000000,63009.9,63095.8,62999.5,63065.0,847.6967,2026-08-15 15:00:00
1786809600000,63065.0,63094.2,63033.9,63066.3,389.6114,2026-08-15 16:00:00
1786813200000,63066.2,63073.6,63028.7,63045.4,260.6207,2026-08-15 17:00:00
1786816800000,63045.5,63081.5,63013.7,63028.0,321.0118,2026-08-15 18:00:00
1786820400000,63028.0,63091.7,63028.0,63091.6,307.6468,2026-08-15 19:00:00
1786824000000,63091.6,63091.7,63039.7,63078.8,206.8531,2026-08-15 20:00:00
1786827600000,63078.7,63135.0,63072.1,63126.1,313.4891,2026-08-15 21:00:00
1786831200000,63126.1,63143.0,63097.5,63102.0,371.1976,2026-08-15 22:00:00
1786834800000,63102.0,63112.2,63056.0,63057.5,289.8134,2026-08-15 23:00:00
1786838400000,63057.4,63063.1,63040.5,63058.1,336.8075,2026-08-16 00:00:00
1786842000000,63058.1,63058.1,62980.0,63050.7,424.4256,2026-08-16 01:00:00
1786845600000,63050.6,63120.0,62990.7,63091.2,823.0061,2026-08-16 02:00:00
1786849200000,63091.3,63099.0,63082.2,63098.9,301.2786,2026-08-16 03:00:00
1786852800000,63098.9,63122.2,63052.0,63052.1,264.0005,2026-08-16 04:00:00
1786856400000,63052.1,63065.8,63009.0,63029.8,407.9713,2026-08-16 05:00:00
1786860000000,63029.8,63059.6,63016.9,63033.8,359.9522,2026-08-16 06:00:00
1786863600000,63033.7,63035.2,63020.2,63031.0,283.6069,2026-08-16 07:00:00
1786867200000,63031.0,63046.4,63030.4,63036.6,361.9948,2026-08-16 08:00:00
1786870800000,63036.7,63036.7,62937.7,62965.1,508.0697,2026-08-16 09:00:00
1786874400000,62965.0,62994.5,62942.7,62987.9,480.0365,2026-08-16 10:00:00
1786878000000,62987.9,62988.8,62953.5,62986.5,371.6005,2026-08-16 11:00:00
1786881600000,62986.5,63001.7,62964.0,62990.8,305.6296,2026-08-16 12:00:00
1786885200000,62990.8,63042.2,62990.7,63030.8,294.0394,2026-08-16 13:00:00
1786888800000,63030.9,63073.4,63025.6,63073.3,657.0143,2026-08-16 14:00:00
1786892400000,63073.3,63106.9,63073.3,63106.9,584.2638,2026-08-16 15:00:00
1786896000000,63106.9,63363.5,63102.3,63228.3,3770.6476,2026-08-16 16:00:00
1786899600000,63228.3,63245.0,63079.9,63129.2,1355.7423,2026-08-16 17:00:00
1786903200000,63129.2,63151.3,63086.0,63121.1,555.621,2026-08-16 18:00:00
1786906800000,63121.1,63203.3,63058.9,63080.9,596.2639,2026-08-16 19:00:00
1786910400000,63081.0,63117.5,63000.0,63045.0,643.9249,2026-08-16 20:00:00
1786914000000,63044.9,63059.7,62700.0,62900.0,2116.8846,2026-08-16 21:00:00
1786917600000,62900.1,62935.2,62685.0,62886.9,2014.5301,2026-08-16 22:00:00
1786921200000,62887.0,62970.2,62801.3,62878.8,1108.1501,2026-08-16 23:00:00
1786924800000,62878.7,62935.0,62726.2,62888.3,1444.3734,2026-08-17 00:00:00
1786928400000,62888.2,63226.9,62866.8,63075.9,3154.4787,2026-08-17 01:00:00
1786932000000,63075.9,63476.8,63002.5,63377.9,4531.9819,2026-08-17 02:00:00
1786935600000,63377.9,63499.5,63307.2,63405.0,2340.768,2026-08-17 03:00:00
1786939200000,63405.0,63554.8,63404.9,63511.5,3374.1272,2026-08-17 04:00:00
1786942800000,63511.5,63563.0,63410.0,63487.2,2476.012,2026-08-17 05:00:00
1786946400000,63487.2,63695.2,63446.9,63631.8,2899.3084,2026-08-17 06:00:00
1786950000000,63631.9,63637.0,63499.8,63499.9,1619.7448,2026-08-17 07:00:00
1786953600000,63499.9,63525.4,63318.2,63354.8,2066.8948,2026-08-17 08:00:00
1786957200000,63354.9,63407.0,63260.9,63287.8,1778.2099,2026-08-17 09:00:00
1786960800000,63287.7,63666.0,63265.0,63656.0,3182.7067,2026-08-17 10:00:00
1786964400000,63655.9,63761.2,63550.0,63593.0,3446.4672,2026-08-17 11:00:00
1786968000000,63593.0,63649.0,63498.0,63518.7,2196.1733,2026-08-17 12:00:00
1786971600000,63518.6,63775.7,63408.1,63640.7,3686.6666,2026-08-17 13:00:00
1786975200000,63640.7,63876.5,63550.5,63868.9,3783.1779,2026-08-17 14:00:00
1786978800000,63869.0,64200.0,63773.4,64170.0,9242.6169,2026-08-17 15:00:00
1786982400000,64170.0,64189.8,64018.2,64084.7,3653.9445,2026-08-17 16:00:00
1786986000000,64084.7,64400.0,63946.0,64296.2,6733.745,2026-08-17 17:00:00
1786989600000,64296.2,64591.0,64250.2,64399.7,4852.3671,2026-08-17 18:00:00
1786993200000,64399.7,64399.8,64253.0,64279.9,1546.8976,2026-08-17 19:00:00
1786996800000,64279.9,64413.0,64233.7,64358.8,1239.5071,2026-08-17 20:00:00
1787000400000,64358.7,64403.8,64262.6,64345.0,964.2319,2026-08-17 21:00:00
1787004000000,64345.1,64386.7,64243.9,64256.3,786.5022,2026-08-17 22:00:00
1787007600000,64256.4,64550.0,64251.9,64500.0,1944.7276,2026-08-17 23:00:00
1787011200000,64500.1,64531.4,64327.4,64348.3,1737.4111,2026-08-18 00:00:00
1787014800000,64348.3,64348.3,64121.4,64180.0,1809.6229,2026-08-18 01:00:00
1787018400000,64179.9,64251.3,64022.0,64073.4,2763.4732,2026-08-18 02:00:00
1787022000000,64073.4,64174.4,64009.5,64147.6,2194.3803,2026-08-18 03:00:00
1787025600000,64147.6,64218.3,64057.1,64185.0,1872.7731,2026-08-18 04:00:00
1787029200000,64185.0,64248.4,64107.8,64200.7,1758.9144,2026-08-18 05:00:00
1787032800000,64200.7,64423.2,64120.9,64294.0,3013.1997,2026-08-18 06:00:00
1787036400000,64294.0,64329.0,64136.0,64174.4,1844.6508,2026-08-18 07:00:00
1787040000000,64174.4,64310.0,64058.0,64261.0,1995.3408,2026-08-18 08:00:00
1787043600000,64260.9,64260.9,64108.8,64144.6,1082.9694,2026-08-18 09:00:00
1787047200000,64144.6,64196.0,64105.0,64179.7,1105.0548,2026-08-18 10:00:00
1787050800000,64179.8,64378.5,64168.6,64322.2,1735.4662,2026-08-18 11:00:00
1787054400000,64322.2,64324.1,64188.2,64192.3,1135.3788,2026-08-18 12:00:00
1787058000000,64192.3,64258.0,64016.3,64194.1,4162.0253,2026-08-18 13:00:00
1787061600000,64194.0,65036.9,64188.9,64688.3,15570.6707,2026-08-18 14:00:00
1787065200000,64688.3,64863.3,64618.6,64828.0,2740.6354,2026-08-18 15:00:00
1787068800000,64828.0,64865.0,64640.7,64807.0,2412.1411,2026-08-18 16:00:00
1787072400000,64807.1,64812.9,64641.0,64641.1,1144.5869,2026-08-18 17:00:00
1787076000000,64641.0,64796.9,64631.4,64746.5,1011.9754,2026-08-18 18:00:00
1787079600000,64746.4,64768.0,64612.9,64620.6,1120.4432,2026-08-18 19:00:00
1787083200000,64620.6,64635.0,64539.7,64552.8,937.1651,2026-08-18 20:00:00
1787086800000,64552.9,64630.2,64540.0,64583.5,629.6416,2026-08-18 21:00:00
1787090400000,64583.4,64632.6,64530.0,64615.0,810.8488,2026-08-18 22:00:00
1787094000000,64614.9,64789.1,64603.5,64700.6,1577.7691,2026-08-18 23:00:00
1787097600000,64700.6,64712.8,64456.2,64462.9,2482.1014,2026-08-19 00:00:00
1787101200000,64462.9,64529.9,64367.9,64379.6,2890.6912,2026-08-19 01:00:00
1787104800000,64379.5,64399.8,64322.2,64330.0,1812.4191,2026-08-19 02:00:00
1787108400000,64330.1,64398.5,64251.2,64304.4,2007.0021,2026-08-19 03:00:00
1787112000000,64304.3,64370.0,64269.9,64293.0,1002.53,2026-08-19 04:00:00
1787115600000,64292.9,64391.4,64200.0,64213.5,1578.0026,2026-08-19 05:00:00
1787119200000,64213.5,64321.5,64141.9,64319.6,2295.4424,2026-08-19 06:00:00
1787122800000,64319.5,64375.0,64245.4,64266.1,2031.5381,2026-08-19 07:00:00
1787126400000,64266.1,64486.4,64220.0,64382.4,2563.2801,2026-08-19 08:00:00
1787130000000,64382.4,64444.0,64326.0,64392.3,1045.2036,2026-08-19 09:00:00
1787133600000,64392.3,64435.2,64336.7,64425.0,935.6767,2026-08-19 10:00:00
1787137200000,64425.1,64518.9,64420.0,64477.6,1603.0597,2026-08-19 11:00:00
1787140800000,64477.6,64957.0,64435.8,64852.9,9050.3546,2026-08-19 12:00:00
1787144400000,64853.0,65188.0,64764.9,64982.9,11717.0899,2026-08-19 13:00:00
1787148000000,64983.0,65980.0,64983.0,65894.6,20329.2764,2026-08-19 14:00:00
1787151600000,65894.6,70099.2,65856.4,68530.1,63899.299,2026-08-19 15:00:00
1787155200000,68530.0,68994.0,68388.4,68444.1,8954.4396,2026-08-19 16:00:00
1787158800000,68444.0,68520.0,67802.0,68176.3,9425.9548,2026-08-19 17:00:00
1787162400000,68176.4,68440.5,68010.2,68362.3,3249.9367,2026-08-19 18:00:00
1787166000000,68362.2,68456.0,68068.7,68405.0,3263.2733,2026-08-19 19:00:00
1787169600000,68405.0,69576.6,68355.9,69025.2,9701.6394,2026-08-19 20:00:00
1787173200000,69025.2,70054.0,68958.6,69698.9,10973.8799,2026-08-19 21:00:00
1787176800000,69698.9,69824.0,68942.6,69236.2,5464.5194,2026-08-19 22:00:00
1787180400000,69236.2,69438.0,69130.8,69307.8,2561.0562,2026-08-19 23:00:00
1787184000000,69307.9,69769.1,69285.4,69395.7,4887.3503,2026-08-20 00:00:00
1787187600000,69395.7,69859.0,69250.0,69694.8,4361.5181,2026-08-20 01:00:00
1787191200000,69694.8,69796.4,69238.9,69292.3,3636.6908,2026-08-20 02:00:00
1787194800000,69292.2,69339.6,68878.4,69180.1,4642.0519,2026-08-20 03:00:00
1787198400000,69180.1,69600.0,69149.2,69480.0,2361.4302,2026-08-20 04:00:00
1787202000000,69480.1,69650.0,69343.1,69402.1,2393.9945,2026-08-20 05:00:00
1787205600000,69402.2,69915.0,69334.0,69828.4,4397.4349,2026-08-20 06:00:00
1787209200000,69828.5,70030.3,69483.0,69819.9,5356.1475,2026-08-20 07:00:00
1787212800000,69820.0,71794.9,69776.9,71549.9,25749.1262,2026-08-20 08:00:00
1787216400000,71550.0,72059.3,71456.0,71778.9,10363.0554,2026-08-20 09:00:00
1787220000000,71778.9,72492.9,71680.1,71969.8,10080.227,2026-08-20 10:00:00
1787223600000,71969.9,72299.4,71777.0,71891.3,5526.0479,2026-08-20 11:00:00
1787227200000,71891.3,72003.0,71452.7,71917.9,7934.9531,2026-08-20 12:00:00
1787230800000,71917.9,72082.3,71068.5,71659.9,11111.5904,2026-08-20 13:00:00
1787234400000,71659.9,71958.9,71317.7,71790.4,5039.6156,2026-08-20 14:00:00
1787238000000,71790.3,72845.0,71754.4,72438.2,14538.7541,2026-08-20 15:00:00
1787241600000,72438.3,72888.0,72180.0,72817.3,5348.9087,2026-08-20 16:00:00
1787245200000,72817.3,72939.0,72486.0,72700.4,4887.2456,2026-08-20 17:00:00
1787248800000,72700.4,72775.0,72345.3,72393.0,3498.4205,2026-08-20 18:00:00
1787252400000,72392.9,72737.2,72284.8,72649.9,1804.0431,2026-08-20 19:00:00
1787256000000,72649.9,73070.0,72551.0,72634.3,3101.8066,2026-08-20 20:00:00
1787259600000,72634.3,72816.2,72520.1,72700.8,1134.9564,2026-08-20 21:00:00
1787263200000,72700.9,72846.5,72456.0,72641.8,1588.3722,2026-08-20 22:00:00
1787266800000,72641.8,73414.8,72624.1,72996.6,5973.3883,2026-08-20 23:00:00
1787270400000,72996.6,73970.0,72984.5,73672.4,9570.7599,2026-08-21 00:00:00
1787274000000,73672.4,75770.0,73630.0,75101.5,25943.2278,2026-08-21 01:00:00
1787277600000,75101.5,75164.6,74350.0,74411.1,9148.8235,2026-08-21 02:00:00
1787281200000,74411.2,74866.1,74209.5,74487.8,5291.7004,2026-08-21 03:00:00
1787284800000,74487.7,75029.7,74487.7,74999.9,3414.819,2026-08-21 04:00:00
1787288400000,75000.0,75494.9,74881.4,75442.7,7908.7953,2026-08-21 05:00:00
1787292000000,75442.7,75707.9,75068.1,75609.8,6662.979,2026-08-21 06:00:00
1787295600000,75609.9,76880.6,75580.0,76303.3,20115.8078,2026-08-21 07:00:00
1787299200000,76303.3,79603.1,76251.1,79275.8,37870.7132,2026-08-21 08:00:00
1787302800000,79275.9,79386.9,77250.0,77907.6,28378.0818,2026-08-21 09:00:00
1787306400000,77907.6,78252.3,77605.0,77814.7,6083.4587,2026-08-21 10:00:00
1787310000000,77814.6,77866.8,76392.8,76759.7,13811.3491,2026-08-21 11:00:00
1787313600000,76759.7,77513.0,76545.6,77233.3,7140.123,2026-08-21 12:00:00
1787317200000,77233.3,77720.0,76228.4,77250.1,12249.3239,2026-08-21 13:00:00
1787320800000,77250.2,77463.4,76539.5,77388.3,8305.3522,2026-08-21 14:00:00
1787324400000,77388.3,77888.0,77157.0,77222.8,6399.1571,2026-08-21 15:00:00
1787328000000,77222.7,77571.2,76755.0,77463.1,5592.4834,2026-08-21 16:00:00
1787331600000,77463.1,77720.2,77166.7,77378.1,4160.5869,2026-08-21 17:00:00
1787335200000,77378.0,77527.3,76611.0,77117.0,4557.5417,2026-08-21 18:00:00
1787338800000,77117.1,77330.1,76829.2,76999.0,2881.3441,2026-08-21 19:00:00
1787342400000,76999.0,77515.9,76802.7,77489.9,2959.4294,2026-08-21 20:00:00
1787346000000,77489.9,78696.6,77349.7,78499.8,7270.391,2026-08-21 21:00:00
1787349600000,78499.8,78769.9,78054.1,78449.9,4916.3782,2026-08-21 22:00:00
1787353200000,78450.0,78720.0,78101.7,78317.5,3198.543,2026-08-21 23:00:00
1787356800000,78317.4,78491.8,77666.7,77933.3,4083.0544,2026-08-22 00:00:00
1787360400000,77933.3,78234.7,77800.6,77813.0,2123.7027,2026-08-22 01:00:00
1787364000000,77812.9,78550.0,77777.0,78479.6,2863.1457,2026-08-22 02:00:00
1787367600000,78479.7,78819.9,78352.6,78402.1,3344.9882,2026-08-22 03:00:00
1787371200000,78402.0,78812.1,78194.0,78455.5,3322.2432,2026-08-22 04:00:00
1787374800000,78455.4,78580.0,76438.5,77371.9,15857.7391,2026-08-22 05:00:00
1787378400000,77371.9,77550.0,76966.7,77480.1,3779.4695,2026-08-22 06:00:00
1787382000000,77480.0,77661.3,77201.9,77282.0,2733.7818,2026-08-22 07:00:00
1787385600000,77282.0,77425.0,77000.4,77191.2,2436.1627,2026-08-22 08:00:00
1787389200000,77191.3,77374.6,76812.0,77051.8,2990.9734,2026-08-22 09:00:00
1787392800000,77051.7,77200.0,76501.8,76981.7,5614.1374,2026-08-22 10:00:00
1787396400000,76981.8,77229.0,76810.2,77133.5,1903.0755,2026-08-22 11:00:00
1787400000000,77133.6,77400.0,77079.2,77297.0,1749.5868,2026-08-22 12:00:00
1787403600000,77297.0,77400.0,77108.6,77293.9,1516.1721,2026-08-22 13:00:00
1787407200000,77293.9,77333.3,76925.6,77019.9,1962.6568,2026-08-22 14:00:00
1787410800000,77020.0,77122.8,76871.4,76987.9,1230.9416,2026-08-22 15:00:00
1787414400000,76987.9,77584.8,76963.1,77294.0,3333.4527,2026-08-22 16:00:00
1787418000000,77294.1,77385.2,77057.1,77287.0,1905.1997,2026-08-22 17:00:00
1787421600000,77287.1,77365.6,77141.4,77269.4,628.2169,2026-08-22 18:00:00
1787425200000,77269.5,77480.1,77210.9,77419.0,809.9977,2026-08-22 19:00:00
1787428800000,77419.1,77467.1,77260.0,77321.9,693.7142,2026-08-22 20:00:00
1787432400000,77321.8,77329.2,76828.7,76864.9,1602.1998,2026-08-22 21:00:00
1787436000000,76864.9,77166.7,76763.7,77010.6,1834.3843,2026-08-22 22:00:00
1787439600000,77010.7,77150.0,76910.8,77086.7,688.5481,2026-08-22 23:00:00
1787443200000,77086.7,77369.9,77062.1,77310.0,1178.7176,2026-08-23 00:00:00
1787446800000,77310.1,77417.3,77163.7,77195.9,1541.803,2026-08-23 01:00:00
1787450400000,77196.0,77237.5,77019.0,77087.6,1360.4061,2026-08-23 02:00:00
1787454000000,77087.6,77162.4,76850.0,76950.1,1781.8197,2026-08-23 03:00:00
1787457600000,76950.1,77057.0,76470.6,76624.0,4805.537,2026-08-23 04:00:00
1787461200000,76624.0,76763.9,75513.2,76071.4,13100.668,2026-08-23 05:00:00
1787464800000,76071.4,76368.0,75880.0,76108.6,2924.9569,2026-08-23 06:00:00
1787468400000,76108.7,76360.0,75921.5,76030.0,1917.275,2026-08-23 07:00:00
1787472000000,76030.0,76691.7,75979.0,76498.1,4323.0299,2026-08-23 08:00:00
1787475600000,76498.1,76649.9,76468.9,76550.0,1354.5164,2026-08-23 09:00:00
1787479200000,76550.0,76939.8,76537.7,76779.6,2861.1692,2026-08-23 10:00:00
1787482800000,76779.7,77380.0,76732.1,77299.1,4225.4722,2026-08-23 11:00:00
1787486400000,77299.1,77304.0,77003.3,77200.1,1901.448,2026-08-23 12:00:00
1787490000000,77200.1,77777.0,77185.1,77479.4,4911.2852,2026-08-23 13:00:00
1787493600000,77479.4,77633.1,76770.0,77174.9,4798.9893,2026-08-23 14:00:00
1787497200000,77175.0,77320.0,76855.0,77137.8,2260.4791,2026-08-23 15:00:00
1787500800000,77137.8,77471.8,77137.7,77400.1,1374.5737,2026-08-23 16:00:00
1787504400000,77400.1,77432.4,77130.0,77166.3,1495.6188,2026-08-23 17:00:00
1787508000000,77166.2,77388.0,77088.4,77326.6,1115.5818,2026-08-23 18:00:00
1787511600000,77326.7,77480.7,77225.9,77320.8,740.8818,2026-08-23 19:00:00
1787515200000,77320.8,77439.9,77177.3,77381.9,597.7225,2026-08-23 20:00:00
1787518800000,77382.0,78054.2,77382.0,77826.0,4380.0233,2026-08-23 21:00:00
1787522400000,77826.0,77976.4,77550.1,77592.5,2046.1413,2026-08-23 22:00:00
1787526000000,77592.5,77825.1,77275.1,77725.7,2218.8112,2026-08-23 23:00:00
1787529600000,77725.8,77737.2,77136.9,77669.9,2707.2896,2026-08-24 00:00:00
1787533200000,77669.9,77721.7,76855.1,76903.4,3348.9974,2026-08-24 01:00:00
1787536800000,76903.4,77547.9,76855.7,77465.4,2922.928,2026-08-24 02:00:00
1787540400000,77465.5,77518.0,76920.0,76934.3,2313.1243,2026-08-24 03:00:00
1787544000000,76934.4,77257.3,76663.6,76905.5,2944.8749,2026-08-24 04:00:00
1787547600000,76905.5,77236.2,76841.6,77143.2,2425.4727,2026-08-24 05:00:00
1787551200000,77143.2,77520.0,77057.5,77459.1,2544.2318,2026-08-24 06:00:00
1787554800000,77459.2,77777.7,77264.6,77303.7,2866.2324,2026-08-24 07:00:00
1787558400000,77303.7,77409.2,76827.3,77036.5,3506.0153,2026-08-24 08:00:00
1787562000000,77036.5,77584.0,77016.2,77536.7,2803.0961,2026-08-24 09:00:00
1787565600000,77536.8,78006.0,77520.0,77608.1,6192.7813,2026-08-24 10:00:00
1787569200000,77608.1,78589.0,77429.0,78420.7,7646.1111,2026-08-24 11:00:00
1787572800000,78420.7,79327.0,77936.7,79136.6,9471.6903,2026-08-24 12:00:00
1787576400000,79136.6,79436.9,77742.0,78560.7,13012.4298,2026-08-24 13:00:00
1787580000000,78560.6,79810.0,78545.2,79470.0,15375.8738,2026-08-24 14:00:00
1787583600000,79470.0,79998.9,78737.4,79055.5,12407.137,2026-08-24 15:00:00
1787587200000,79055.5,79840.4,78853.0,79023.6,8352.4052,2026-08-24 16:00:00
1787590800000,79023.7,79168.0,78400.1,78730.0,8982.7656,2026-08-24 17:00:00
1787594400000,78730.0,79058.8,78678.3,78898.1,2930.2272,2026-08-24 18:00:00
1787598000000,78898.0,79100.0,78555.6,78720.8,3250.9429,2026-08-24 19:00:00
1787601600000,78720.7,78963.0,78520.5,78906.0,1923.556,2026-08-24 20:00:00
1787605200000,78906.1,79017.5,78823.5,78952.1,829.8315,2026-08-24 21:00:00
1787608800000,78952.1,78958.9,78649.3,78711.4,978.8966,2026-08-24 22:00:00
1787612400000,78711.3,78975.1,78586.0,78954.0,1318.3809,2026-08-24 23:00:00
1787616000000,78954.0,79867.0,78680.0,79712.0,6253.2163,2026-08-25 00:00:00
1787619600000,79712.0,79966.0,79436.1,79808.8,4636.7641,2026-08-25 01:00:00
1787623200000,79808.9,81266.4,79706.0,80618.2,17494.3427,2026-08-25 02:00:00
1787626800000,80618.2,80928.7,80276.0,80447.3,4951.7628,2026-08-25 03:00:00
1787630400000,80447.3,80580.3,80126.9,80357.0,3040.6973,2026-08-25 04:00:00
1787634000000,80357.0,80808.1,80302.5,80706.4,2959.3653,2026-08-25 05:00:00
1787637600000,80706.5,80888.0,80371.7,80546.9,2561.3029,2026-08-25 06:00:00
1787641200000,80547.0,80788.0,79320.0,79665.4,7965.848,2026-08-25 07:00:00
1787644800000,79665.4,80220.4,79572.5,79897.6,4344.584,2026-08-25 08:00:00
1787648400000,79897.7,79931.5,78843.2,79158.4,7020.7966,2026-08-25 09:00:00
1787652000000,79158.4,79455.9,78960.0,79278.0,2940.0632,2026-08-25 10:00:00
1787655600000,79278.0,79436.8,79000.2,79095.8,2860.5132,2026-08-25 11:00:00
1787659200000,79095.7,79151.9,78588.0,78955.2,6306.6107,2026-08-25 12:00:00
1787662800000,78955.1,79210.0,78050.0,78619.9,10378.2368,2026-08-25 13:00:00
1787666400000,78620.0,79333.0,78491.4,79201.0,7544.3381,2026-08-25 14:00:00
1787670000000,79201.0,79486.0,78950.4,79462.2,3942.5521,2026-08-25 15:00:00
1787673600000,79462.1,79542.5,79022.4,79117.0,3302.5909,2026-08-25 16:00:00
1787677200000,79117.0,79218.2,78699.7,79202.7,3132.1237,2026-08-25 17:00:00
1787680800000,79202.7,79336.4,79001.6,79082.8,1592.3642,2026-08-25 18:00:00
1787684400000,79082.8,79189.3,78680.0,78889.7,1912.4391,2026-08-25 19:00:00
1787688000000,78889.7,78940.0,78128.0,78162.8,3894.681,2026-08-25 20:00:00
1787691600000,78162.8,78640.8,77810.0,78538.5,5242.8015,2026-08-25 21:00:00
1787695200000,78538.6,78980.0,78538.5,78858.9,3442.2269,2026-08-25 22:00:00
1787698800000,78858.9,78947.3,78362.1,78506.1,2185.2229,2026-08-25 23:00:00
1787702400000,78506.1,78684.4,78263.4,78603.3,2191.5042,2026-08-26 00:00:00
1787706000000,78603.3,78930.9,78577.3,78787.0,2063.6621,2026-08-26 01:00:00
1787709600000,78787.1,79234.3,78714.6,79072.4,2277.5204,2026-08-26 02:00:00
1787713200000,79072.3,79156.8,78860.0,79056.9,1168.4032,2026-08-26 03:00:00
1787716800000,79057.0,79167.9,78757.0,78798.2,1568.9309,2026-08-26 04:00:00
1787720400000,78798.2,79107.5,78603.8,79049.8,2235.2598,2026-08-26 05:00:00
1787724000000,79049.7,79176.5,78760.3,78904.9,1666.383,2026-08-26 06:00:00
1787727600000,78904.8,79068.4,78830.0,78884.7,1268.7577,2026-08-26 07:00:00
1787731200000,78884.8,79080.3,78556.1,78675.5,2675.3688,2026-08-26 08:00:00
1787734800000,78675.5,78847.0,78209.7,78415.3,4141.2075,2026-08-26 09:00:00
1787738400000,78415.2,78858.0,78258.9,78689.7,2986.9871,2026-08-26 10:00:00
1787742000000,78689.7,78750.0,78276.0,78447.4,2169.1409,2026-08-26 11:00:00
1787745600000,78447.3,78693.0,77822.9,78279.5,6807.2372,2026-08-26 12:00:00
1787749200000,78279.5,78519.6,77867.4,78404.5,6565.6972,2026-08-26 13:00:00
1787752800000,78404.6,78573.1,77725.0,77759.3,6909.7888,2026-08-26 14:00:00
1787756400000,77759.3,78136.0,77554.5,77979.9,6025.8352,2026-08-26 15:00:00
1787760000000,77979.9,78143.3,77820.4,77961.6,2638.5915,2026-08-26 16:00:00
1787763600000,77961.7,78588.0,77961.7,78406.3,3591.4347,2026-08-26 17:00:00
1787767200000,78406.3,78643.8,78245.0,78437.9,2122.8201,2026-08-26 18:00:00
1787770800000,78437.9,78533.0,78250.0,78431.7,1166.8363,2026-08-26 19:00:00
1787774400000,78431.8,78487.3,78150.9,78414.3,843.9798,2026-08-26 20:00:00
1787778000000,78414.3,78820.8,78342.5,78683.7,1763.2992,2026-08-26 21:00:00
1787781600000,78683.8,78954.0,78521.9,78661.9,2497.5821,2026-08-26 22:00:00
1787785200000,78661.8,79150.2,78617.1,78993.2,2998.665,2026-08-26 23:00:00
1787788800000,78993.3,79000.0,78660.0,78660.1,1876.0539,2026-08-27 00:00:00
1787792400000,78660.0,78988.0,78504.4,78869.5,2925.5708,2026-08-27 01:00:00
1787796000000,78869.6,78950.0,78673.3,78694.1,1090.7954,2026-08-27 02:00:00
1787799600000,78694.1,78957.5,78607.1,78797.6,1881.2553,2026-08-27 03:00:00
1787803200000,78797.5,78862.0,78650.0,78739.6,972.8222,2026-08-27 04:00:00
1787806800000,78739.6,78899.0,78561.2,78876.9,1564.0377,2026-08-27 05:00:00
1787810400000,78877.0,78877.0,78575.7,78782.4,1792.1278,2026-08-27 06:00:00
1787814000000,78782.3,79063.1,78706.1,79040.1,1869.3407,2026-08-27 07:00:00
1787817600000,79040.0,79999.0,79001.8,79720.0,10707.801,2026-08-27 08:00:00
1787821200000,79720.0,80499.9,79635.8,79955.6,7920.4326,2026-08-27 09:00:00
1787824800000,79955.5,80129.6,79302.9,79600.0,6502.0669,2026-08-27 10:00:00
1787828400000,79599.9,79744.9,79100.0,79445.9,3532.4659,2026-08-27 11:00:00
1787832000000,79446.0,79571.8,79216.0,79241.2,2103.7132,2026-08-27 12:00:00
1787835600000,79241.2,79541.0,78853.4,79494.0,5150.8492,2026-08-27 13:00:00
1787839200000,79494.1,80351.2,79312.8,80162.4,8922.6749,2026-08-27 14:00:00
1787842800000,80162.3,80776.7,80045.2,80258.8,7105.8885,2026-08-27 15:00:00
1787846400000,80258.9,80592.4,80136.7,80322.2,3749.1276,2026-08-27 16:00:00
1787850000000,80322.3,80799.9,80173.8,80395.6,4317.5171,2026-08-27 17:00:00
1787853600000,80395.7,80395.7,79706.3,80116.7,3892.4178,2026-08-27 18:00:00
1787857200000,80116.7,80259.0,79831.7,79870.0,1742.0383,2026-08-27 19:00:00
1787860800000,79870.0,80093.2,79838.0,80067.5,852.4342,2026-08-27 20:00:00
1787864400000,80067.5,80156.9,79939.3,80140.5,708.8795,2026-08-27 21:00:00
1787868000000,80140.5,80409.9,80111.1,80267.0,1350.9373,2026-08-27 22:00:00
1787871600000,80267.0,80371.0,80100.0,80211.9,1007.938,2026-08-27 23:00:00
1787875200000,80212.0,80676.5,80111.7,80544.2,2971.3583,2026-08-28 00:00:00
1787878800000,80544.2,81520.0,80407.0,80476.8,10913.0724,2026-08-28 01:00:00
1787882400000,80476.8,80476.8,79675.1,79889.3,6153.6397,2026-08-28 02:00:00
1787886000000,79889.4,80017.4,79739.5,79780.0,1971.5986,2026-08-28 03:00:00
1787889600000,79780.0,79942.8,79564.0,79607.6,3380.5659,2026-08-28 04:00:00
1787893200000,79607.6,79845.4,79523.3,79658.5,2274.1442,2026-08-28 05:00:00
1787896800000,79658.6,79970.5,79658.5,79863.4,1738.3539,2026-08-28 06:00:00
1787900400000,79863.5,79863.5,79519.6,79647.4,2614.9911,2026-08-28 07:00:00
1787904000000,79647.3,79843.4,79439.6,79490.0,2830.7627,2026-08-28 08:00:00
1787907600000,79489.9,79493.8,79218.4,79258.2,2960.8798,2026-08-28 09:00:00
1787911200000,79258.2,79544.9,78950.8,79540.3,4183.3856,2026-08-28 10:00:00
1787914800000,79540.3,79749.2,79519.3,79570.1,2742.7774,2026-08-28 11:00:00
1787918400000,79570.0,79691.6,79269.0,79390.8,2115.9627,2026-08-28 12:00:00
1787922000000,79390.7,79538.0,79000.0,79284.3,4517.8674,2026-08-28 13:00:00
1787925600000,79284.1,79701.1,78388.0,79509.9,17783.2728,2026-08-28 14:00:00
1787929200000,79510.0,79860.0,78246.7,78294.1,8900.0673,2026-08-28 15:00:00
1787932800000,78294.1,78372.0,76847.3,77761.2,23036.017,2026-08-28 16:00:00
1787936400000,77761.2,78150.0,77629.9,77877.4,4421.9382,2026-08-28 17:00:00
1787940000000,77877.4,77915.0,77238.2,77533.6,4725.0614,2026-08-28 18:00:00
1787943600000,77533.6,77787.4,77341.6,77549.9,2889.6397,2026-08-28 19:00:00
1787947200000,77549.9,77587.9,77280.0,77385.3,1736.0327,2026-08-28 20:00:00
1787950800000,77385.3,77508.0,77217.0,77346.7,912.1932,2026-08-28 21:00:00
1787954400000,77346.7,77745.0,77311.5,77728.1,1420.4714,2026-08-28 22:00:00
1787958000000,77728.0,77820.7,77612.3,77813.0,941.0693,2026-08-28 23:00:00
1787961600000,77812.9,77918.2,77682.0,77695.0,2208.6953,2026-08-29 00:00:00
1787965200000,77694.9,77807.6,77563.2,77760.5,1233.0628,2026-08-29 01:00:00
1787968800000,77760.6,77791.6,77540.0,77635.1,1077.4071,2026-08-29 02:00:00
1787972400000,77635.1,77696.1,77470.0,77475.0,837.4566,2026-08-29 03:00:00
1787976000000,77475.0,77649.8,77475.0,77615.6,793.4095,2026-08-29 04:00:00
1787979600000,77615.6,77683.7,77566.7,77600.0,726.2704,2026-08-29 05:00:00
1787983200000,77600.0,77606.3,77350.0,77430.1,1672.5589,2026-08-29 06:00:00
1787986800000,77430.0,77633.6,77403.4,77581.3,1025.9126,2026-08-29 07:00:00
1787990400000,77581.4,77597.4,77439.4,77597.3,809.7399,2026-08-29 08:00:00
1787994000000,77597.4,77717.8,77487.7,77612.1,1683.2144,2026-08-29 09:00:00
1787997600000,77612.0,77687.4,77476.0,77600.0,854.169,2026-08-29 10:00:00
1788001200000,77600.1,77690.0,77530.0,77554.7,416.1992,2026-08-29 11:00:00
1788004800000,77554.7,77626.8,77476.8,77555.8,550.1194,2026-08-29 12:00:00
1788008400000,77555.7,77699.8,77533.4,77662.5,751.9225,2026-08-29 13:00:00
1788012000000,77662.4,78125.0,77621.1,77975.2,3364.1035,2026-08-29 14:00:00
1788015600000,77975.2,77982.7,77762.1,77821.7,1559.1254,2026-08-29 15:00:00
1788019200000,77821.7,78080.0,77814.8,77981.0,1495.6118,2026-08-29 16:00:00
1788022800000,77981.0,78063.9,77858.0,78062.7,707.512,2026-08-29 17:00:00
1788026400000,78062.7,78239.8,77975.0,78117.6,1424.4591,2026-08-29 18:00:00
1788030000000,78117.6,78299.0,78099.4,78152.4,1019.2456,2026-08-29 19:00:00
1788033600000,78152.3,78264.9,78071.4,78086.4,573.9822,2026-08-29 20:00:00
1788037200000,78086.3,78163.8,78020.0,78127.8,542.0833,2026-08-29 21:00:00
1788040800000,78127.8,78206.2,78050.0,78192.3,480.775,2026-08-29 22:00:00
1788044400000,78192.4,78245.0,78158.2,78194.6,688.1314,2026-08-29 23:00:00
1788048000000,78194.5,78299.0,78107.5,78138.6,747.4916,2026-08-30 00:00:00
1788051600000,78138.6,78149.9,77937.0,78041.7,1175.8453,2026-08-30 01:00:00
1788055200000,78041.7,78141.4,77971.8,78069.8,798.3834,2026-08-30 02:00:00
1788058800000,78069.7,78198.7,78025.0,78104.4,650.5709,2026-08-30 03:00:00
1788062400000,78104.4,78188.0,77950.0,78083.3,789.957,2026-08-30 04:00:00
1788066000000,78083.3,78191.1,78083.3,78103.2,394.1705,2026-08-30 05:00:00
1788069600000,78103.2,78288.0,78084.2,78249.9,876.179,2026-08-30 06:00:00
1788073200000,78249.9,78263.9,78077.1,78083.5,663.5854,2026-08-30 07:00:00
1788076800000,78083.6,78172.2,78001.6,78047.6,854.7416,2026-08-30 08:00:00
1788080400000,78047.5,78096.8,77952.0,77972.0,930.2814,2026-08-30 09:00:00
1788084000000,77972.0,78120.0,77916.0,78110.4,958.9317,2026-08-30 10:00:00
1788087600000,78110.5,78200.0,78084.0,78137.4,910.4636,2026-08-30 11:00:00
1788091200000,78137.4,78819.8,78137.4,78756.2,7129.5256,2026-08-30 12:00:00
1788094800000,78756.2,78935.3,78550.0,78818.9,2709.7786,2026-08-30 13:00:00
1788098400000,78818.9,78915.0,78680.3,78744.4,1653.4398,2026-08-30 14:00:00
1788102000000,78744.4,78860.0,78585.0,78786.4,1803.9223,2026-08-30 15:00:00
1788105600000,78786.4,79387.8,78700.0,79307.7,6102.4355,2026-08-30 16:00:00
1788109200000,79307.7,79309.4,78726.7,78989.4,3556.9451,2026-08-30 17:00:00
1788112800000,78989.4,79149.4,78730.8,79006.0,1484.8428,2026-08-30 18:00:00
1788116400000,79005.9,79015.9,78678.3,78828.7,1022.4852,2026-08-30 19:00:00
1788120000000,78828.6,78902.3,78368.8,78560.0,1807.7655,2026-08-30 20:00:00
1788123600000,78560.0,78700.0,78178.0,78616.5,2625.8046,2026-08-30 21:00:00
1788127200000,78616.6,78780.0,78236.1,78396.1,2085.9957,2026-08-30 22:00:00
1788130800000,78396.0,78425.0,76916.6,77640.2,9479.4816,2026-08-30 23:00:00
1788134400000,77640.3,78160.0,77398.1,77901.5,4221.3083,2026-08-31 00:00:00
1788138000000,77901.5,77968.8,77525.5,77605.8,2703.037,2026-08-31 01:00:00
1788141600000,77605.7,77977.7,77350.0,77438.1,3066.6719,2026-08-31 02:00:00
1788145200000,77438.1,77831.0,77355.5,77718.0,2059.2942,2026-08-31 03:00:00
1788148800000,77718.1,77734.8,77424.8,77590.1,2389.2122,2026-08-31 04:00:00
1788152400000,77590.0,78133.2,77477.5,77980.1,3592.724,2026-08-31 05:00:00
1788156000000,77980.1,78130.0,77826.1,78050.5,2382.0923,2026-08-31 06:00:00
1788159600000,78050.4,78290.0,78000.0,78164.4,2135.5374,2026-08-31 07:00:00
1788163200000,78164.5,78475.8,77953.0,78436.8,3082.3265,2026-08-31 08:00:00
1788166800000,78436.9,78790.9,78351.9,78483.0,4206.6573,2026-08-31 09:00:00
1788170400000,78483.1,78721.0,78266.2,78681.6,2437.8662,2026-08-31 10:00:00
1788174000000,78681.6,78681.6,78260.8,78281.5,1701.5402,2026-08-31 11:00:00
1788177600000,78281.6,78510.0,77634.5,77904.0,5639.3106,2026-08-31 12:00:00
1788181200000,77904.0,78265.2,77689.9,77830.0,5543.2225,2026-08-31 13:00:00
1788184800000,77830.0,78650.0,77714.9,78570.8,6190.3458,2026-08-31 14:00:00
1788188400000,78571.1,78744.8,78168.0,78542.2,4111.5312,2026-08-31 15:00:00
1788192000000,78542.2,78855.1,78470.3,78596.0,2717.6216,2026-08-31 16:00:00
1788195600000,78595.9,78999.0,78459.5,78863.8,3300.8212,2026-08-31 17:00:00
1788199200000,78863.8,79200.0,78738.6,78976.3,2732.6547,2026-08-31 18:00:00
1788202800000,78976.4,79238.9,78814.4,78863.6,1687.4116,2026-08-31 19:00:00
1788206400000,78863.7,79138.4,78751.6,78823.3,1148.88,2026-08-31 20:00:00
1788210000000,78823.3,79038.8,78692.7,78920.0,1339.992,2026-08-31 21:00:00
1788213600000,78920.0,78975.0,78534.2,78552.2,1195.4449,2026-08-31 22:00:00
1788217200000,78552.1,78555.0,78355.0,78549.9,1200.7533,2026-08-31 23:00:00
1788220800000,78549.9,78869.9,78519.2,78610.3,1771.7507,2026-09-01 00:00:00
1788224400000,78610.4,78764.7,78322.9,78372.0,1972.6506,2026-09-01 01:00:00
1788228000000,78372.1,78434.6,78133.4,78420.0,2224.9648,2026-09-01 02:00:00
1788231600000,78420.0,78847.1,78363.5,78654.6,2210.0322,2026-09-01 03:00:00
1788235200000,78654.7,78917.9,78623.2,78698.7,1310.0661,2026-09-01 04:00:00
1788238800000,78698.8,79185.7,78698.8,79140.1,3563.0799,2026-09-01 05:00:00
1788242400000,79140.1,79140.2,78696.8,78696.8,2339.0748,2026-09-01 06:00:00
1788246000000,78696.8,78773.3,78460.9,78599.4,2075.3602,2026-09-01 07:00:00
1788249600000,78599.4,78628.5,77785.0,77849.0,7364.3012,2026-09-01 08:00:00
1788253200000,77849.0,78022.7,77755.6,77877.4,2652.4783,2026-09-01 09:00:00
1788256800000,77877.3,78159.0,77720.6,77989.5,2865.8682,2026-09-01 10:00:00
1788260400000,77989.6,78180.2,77851.2,78060.0,1945.7626,2026-09-01 11:00:00
1788264000000,78060.0,78117.6,77712.7,77968.3,3534.6672,2026-09-01 12:00:00
1788267600000,77968.4,78178.0,77400.9,78038.0,7853.0174,2026-09-01 13:00:00
1788271200000,78038.1,78388.0,78011.8,78135.5,5070.7084,2026-09-01 14:00:00
1788274800000,78135.5,78135.5,77681.8,77882.1,3618.0676,2026-09-01 15:00:00
1788278400000,77882.1,77940.0,77270.0,77560.4,5487.527,2026-09-01 16:00:00
1788282000000,77560.4,77689.4,77180.0,77233.1,2622.4407,2026-09-01 17:00:00
1788285600000,77233.1,77296.0,76385.0,77124.9,12521.6061,2026-09-01 18:00:00
1788289200000,77124.9,77442.9,77073.0,77284.8,3005.402,2026-09-01 19:00:00
1788292800000,77284.8,77450.0,77200.0,77420.0,1324.2468,2026-09-01 20:00:00
1788296400000,77420.1,77498.5,76871.8,77177.9,2824.1985,2026-09-01 21:00:00
1788300000000,77177.9,77333.0,76993.8,77240.9,1783.1224,2026-09-01 22:00:00
1788303600000,77240.9,77645.0,77184.0,77399.3,2138.5864,2026-09-01 23:00:00
1788307200000,77399.2,77490.2,77100.0,77185.7,1771.4074,2026-09-02 00:00:00
1788310800000,77185.7,77350.2,76667.3,76986.6,4593.4711,2026-09-02 01:00:00
1788314400000,76986.5,77319.3,76919.9,77298.0,2973.7068,2026-09-02 02:00:00
1788318000000,77298.0,77770.8,77272.8,77530.6,3912.0633,2026-09-02 03:00:00
1788321600000,77530.6,77578.6,77242.4,77520.0,1972.6211,2026-09-02 04:00:00
1788325200000,77519.9,77734.5,77399.2,77623.1,2115.4758,2026-09-02 05:00:00
1788328800000,77623.1,77690.0,77421.3,77583.2,1624.864,2026-09-02 06:00:00
1788332400000,77583.2,77730.0,77442.5,77449.2,1123.4466,2026-09-02 07:00:00
1788336000000,77449.3,77520.0,76716.8,76826.5,4805.0116,2026-09-02 08:00:00
1788339600000,76826.5,77026.0,76456.0,76723.6,5338.1281,2026-09-02 09:00:00
1788343200000,76723.6,76730.8,76204.5,76653.5,5311.3687,2026-09-02 10:00:00
1788346800000,76653.4,76812.2,76315.0,76799.7,4502.0667,2026-09-02 11:00:00
1788350400000,76799.8,77029.7,76567.9,76576.3,3949.2378,2026-09-02 12:00:00
1788354000000,76576.3,77419.2,76576.3,77119.2,6948.2033,2026-09-02 13:00:00
1788357600000,77119.3,77459.6,76972.1,77030.8,4902.2197,2026-09-02 14:00:00
1788361200000,77030.8,77366.0,76708.0,77256.3,6097.6062,2026-09-02 15:00:00
1788364800000,77256.3,77550.8,77139.3,77139.4,4079.6091,2026-09-02 16:00:00
1788368400000,77139.3,77372.0,76925.4,77349.9,2701.1799,2026-09-02 17:00:00
1788372000000,77349.8,77500.0,77257.6,77345.1,1483.7532,2026-09-02 18:00:00
1788375600000,77345.1,77384.6,77088.4,77307.7,1284.3582,2026-09-02 19:00:00
1788379200000,77307.8,77488.5,77170.5,77365.1,1366.0851,2026-09-02 20:00:00
1788382800000,77365.1,77400.0,77210.0,77249.9,651.0319,2026-09-02 21:00:00
1788386400000,77250.0,77250.0,76985.0,76995.9,957.8107,2026-09-02 22:00:00
1788390000000,76995.8,77344.7,76972.4,77303.8,1181.9579,2026-09-02 23:00:00
1788393600000,77303.7,77357.9,76932.1,77033.5,1998.4748,2026-09-03 00:00:00
1788397200000,77033.5,77511.3,76926.0,77321.3,2884.6529,2026-09-03 01:00:00
1788400800000,77321.3,77875.9,77209.0,77785.4,4449.4568,2026-09-03 02:00:00
1788404400000,77785.5,77847.4,77600.0,77666.1,1893.0764,2026-09-03 03:00:00
1788408000000,77666.1,77798.6,77512.0,77746.6,1632.2942,2026-09-03 04:00:00
1788411600000,77746.7,77798.9,77050.0,77772.0,5215.5024,2026-09-03 05:00:00
1788415200000,77771.9,77818.5,77658.0,77792.1,1882.6162,2026-09-03 06:00:00
1788418800000,77792.2,78149.9,77563.6,77630.1,5427.4415,2026-09-03 07:00:00
1788422400000,77630.1,78035.7,77630.1,77803.8,2751.1087,2026-09-03 08:00:00
1788426000000,77803.9,77941.2,77580.0,77580.1,2057.4235,2026-09-03 09:00:00
1788429600000,77580.0,77745.5,77436.2,77705.5,2874.0638,2026-09-03 10:00:00
1788433200000,77705.4,77980.7,77672.5,77900.1,2681.2267,2026-09-03 11:00:00
1788436800000,77900.1,78756.9,77845.3,78615.9,9680.2589,2026-09-03 12:00:00
1788440400000,78615.9,78952.0,78400.2,78793.5,7174.398,2026-09-03 13:00:00
1788444000000,78793.4,80544.3,78654.8,80518.3,21653.9533,2026-09-03 14:00:00
1788447600000,80518.4,81338.4,80315.0,81319.9,16274.2647,2026-09-03 15:00:00
1788451200000,81319.9,81333.6,80580.0,80929.8,8047.1136,2026-09-03 16:00:00
1788454800000,80929.9,81158.0,80843.4,81009.9,2831.1611,2026-09-03 17:00:00
1788458400000,81009.9,81319.7,80859.6,81220.0,2722.6577,2026-09-03 18:00:00
1788462000000,81219.9,81770.0,81125.4,81721.7,7056.5285,2026-09-03 19:00:00
1788465600000,81721.7,81750.0,81348.2,81422.6,2988.4993,2026-09-03 20:00:00
1788469200000,81422.6,82279.9,81253.7,81553.7,6689.4275,2026-09-03 21:00:00
1788472800000,81553.7,81580.0,80852.7,81104.7,4094.0399,2026-09-03 22:00:00
1788476400000,81104.7,81314.0,81040.0,81228.7,1781.983,2026-09-03 23:00:00
1788480000000,81228.6,81411.9,80925.0,80934.9,3360.953,2026-09-04 00:00:00
1788483600000,80934.9,81070.0,80727.3,80930.5,2720.7875,2026-09-04 01:00:00
1788487200000,80930.6,80930.6,80620.4,80800.0,1802.6389,2026-09-04 02:00:00
1788490800000,80799.9,80993.9,80764.7,80799.2,1518.8513,2026-09-04 03:00:00
1788494400000,80799.1,81247.0,80774.6,81031.9,2357.1556,2026-09-04 04:00:00
1788498000000,81032.0,81120.0,80812.7,80950.2,1472.4737,2026-09-04 05:00:00
1788501600000,80950.2,81051.4,80520.6,80777.0,2835.638,2026-09-04 06:00:00
1788505200000,80776.9,80936.4,80620.4,80631.8,1782.8772,2026-09-04 07:00:00
1788508800000,80631.7,81200.0,80466.0,81108.8,4334.9197,2026-09-04 08:00:00
1788512400000,81108.8,81268.8,80886.9,81010.5,3160.0301,2026-09-04 09:00:00
1788516000000,81010.4,81174.6,80786.1,81148.3,2276.63,2026-09-04 10:00:00
1788519600000,81148.3,81378.8,81043.1,81183.4,2252.7526,2026-09-04 11:00:00
1788523200000,81183.4,81331.6,79135.0,79420.0,25022.9401,2026-09-04 12:00:00
1788526800000,79420.1,79688.0,78910.3,79344.7,11194.7946,2026-09-04 13:00:00
1788530400000,79344.8,79542.0,78610.6,78872.1,9487.4755,2026-09-04 14:00:00
1788534000000,78872.1,79516.0,78746.3,79378.9,4302.005,2026-09-04 15:00:00
1788537600000,79378.9,79828.1,79335.2,79704.2,4254.2308,2026-09-04 16:00:00
1788541200000,79704.2,79713.4,79324.0,79426.0,2396.7662,2026-09-04 17:00:00
1788544800000,79425.9,79624.3,79425.9,79576.4,1082.733,2026-09-04 18:00:00
1788548400000,79576.5,79777.0,79576.5,79749.7,1388.2914,2026-09-04 19:00:00
1788552000000,79749.6,79824.2,79626.2,79662.6,841.4033,2026-09-04 20:00:00
1788555600000,79662.6,79776.0,79479.1,79588.7,973.7928,2026-09-04 21:00:00
1788559200000,79588.6,79684.6,79586.5,79594.9,549.1942,2026-09-04 22:00:00
1788562800000,79594.8,79721.3,79558.7,79620.3,517.2556,2026-09-04 23:00:00
1788566400000,79620.2,79690.8,79507.7,79534.6,1215.8221,2026-09-05 00:00:00
1788570000000,79534.6,79667.7,79497.0,79497.0,929.059,2026-09-05 01:00:00
1788573600000,79497.1,79580.0,79436.6,79529.9,792.7755,2026-09-05 02:00:00
1788577200000,79529.9,79592.1,79470.6,79545.6,545.4047,2026-09-05 03:00:00
1788580800000,79545.6,79555.9,79448.0,79460.0,626.0722,2026-09-05 04:00:00
1788584400000,79460.1,79569.7,79402.9,79540.2,1649.8211,2026-09-05 05:00:00
1788588000000,79540.2,79693.0,79535.7,79603.8,794.299,2026-09-05 06:00:00
1788591600000,79603.7,79722.6,79600.0,79672.3,838.878,2026-09-05 07:00:00
1788595200000,79672.3,79684.1,79519.9,79612.0,1462.5877,2026-09-05 08:00:00
1788598800000,79612.0,79693.1,79567.9,79587.7,625.0053,2026-09-05 09:00:00
1788602400000,79587.7,79630.0,79550.0,79574.1,636.2214,2026-09-05 10:00:00
1788606000000,79574.0,79638.7,79563.9,79568.0,674.4403,2026-09-05 11:00:00
1788609600000,79568.0,79743.0,79567.9,79662.7,1410.2894,2026-09-05 12:00:00
1788613200000,79662.8,79713.5,79503.6,79571.0,1184.8275,2026-09-05 13:00:00
1788616800000,79571.0,79714.2,79570.9,79674.0,820.4731,2026-09-05 14:00:00
1788620400000,79674.1,79777.0,79643.7,79759.9,891.8488,2026-09-05 15:00:00
1788624000000,79760.0,80178.0,79705.9,80006.3,3599.9723,2026-09-05 16:00:00
1788627600000,80006.3,80117.8,79907.4,80030.7,2013.6671,2026-09-05 17:00:00
1788631200000,80030.7,80047.2,79882.8,79965.3,901.1603,2026-09-05 18:00:00
1788634800000,79965.4,79965.4,79674.2,79708.7,1069.1803,2026-09-05 19:00:00
1788638400000,79708.7,79804.0,79633.8,79703.2,1054.4039,2026-09-05 20:00:00
1788642000000,79703.2,79899.4,79685.5,79864.5,765.1806,2026-09-05 21:00:00
1788645600000,79864.6,79894.5,79713.2,79748.0,833.0192,2026-09-05 22:00:00
1788649200000,79748.0,79860.0,79666.9,79792.3,822.7883,2026-09-05 23:00:00
1788652800000,79792.2,79898.4,79786.2,79829.3,786.7736,2026-09-06 00:00:00
1788656400000,79829.4,80035.9,79829.3,79912.6,1415.4546,2026-09-06 01:00:00
1788660000000,79912.7,79976.4,79833.0,79874.9,783.0115,2026-09-06 02:00:00
1788663600000,79874.9,80075.6,79856.1,80000.0,874.7439,2026-09-06 03:00:00
1788667200000,80000.0,80000.1,79809.9,79826.8,815.9042,2026-09-06 04:00:00
1788670800000,79826.8,80085.0,79765.0,79960.0,1493.5625,2026-09-06 05:00:00
1788674400000,79960.0,79960.0,79653.5,79744.3,1359.0633,2026-09-06 06:00:00
1788678000000,79744.2,79823.6,79520.0,79772.1,2122.3809,2026-09-06 07:00:00
1788681600000,79772.0,79860.0,79717.7,79812.3,704.1414,2026-09-06 08:00:00
1788685200000,79812.3,79958.0,79770.2,79841.7,1111.5626,2026-09-06 09:00:00
1788688800000,79841.7,79984.2,79841.6,79955.5,754.79,2026-09-06 10:00:00
1788692400000,79955.5,79955.5,79850.0,79867.2,641.8661,2026-09-06 11:00:00
1788696000000,79867.2,79972.3,79820.0,79882.7,996.2967,2026-09-06 12:00:00
1788699600000,79882.7,79932.9,79731.4,79800.0,1176.4958,2026-09-06 13:00:00
1788703200000,79800.1,79810.0,79119.6,79505.1,5794.9533,2026-09-06 14:00:00
1788706800000,79505.2,79690.0,79344.0,79674.9,1378.3301,2026-09-06 15:00:00
1788710400000,79674.9,79763.2,79560.1,79652.9,846.4093,2026-09-06 16:00:00
1788714000000,79652.9,79740.0,79542.2,79701.7,739.1533,2026-09-06 17:00:00
1788717600000,79701.7,79932.6,79701.7,79909.9,1117.7587,2026-09-06 18:00:00
1788721200000,79910.0,79910.0,79759.7,79794.4,473.2581,2026-09-06 19:00:00
1788724800000,79794.5,79939.7,79740.1,79876.2,472.3832,2026-09-06 20:00:00
1788728400000,79876.3,79998.9,79833.3,79902.6,910.6061,2026-09-06 21:00:00
1788732000000,79902.6,80059.8,79602.6,80008.7,2329.3739,2026-09-06 22:00:00
1788735600000,80008.7,80549.7,79969.6,80300.1,3958.6551,2026-09-06 23:00:00
1788739200000,80300.1,80405.0,80005.6,80114.7,2504.3568,2026-09-07 00:00:00
1788742800000,80114.6,80200.0,79762.4,79882.5,2198.2916,2026-09-07 01:00:00
1788746400000,79882.5,80400.0,79755.0,79840.0,3078.2305,2026-09-07 02:00:00
1788750000000,79839.9,79955.6,79539.0,79557.4,3242.8475,2026-09-07 03:00:00
1788753600000,79557.5,79696.0,79506.7,79685.7,1309.9917,2026-09-07 04:00:00
1788757200000,79685.6,79884.4,79622.9,79713.0,1406.9962,2026-09-07 05:00:00
1788760800000,79713.1,79785.0,79617.6,79619.6,764.4703,2026-09-07 06:00:00
1788764400000,79619.6,79654.7,78920.0,79357.9,5679.1507,2026-09-07 07:00:00
1788768000000,79357.9,79508.0,79350.6,79396.1,1532.5396,2026-09-07 08:00:00
1788771600000,79396.2,79523.5,79252.8,79274.1,1204.9389,2026-09-07 09:00:00
1788775200000,79274.0,79415.7,79274.0,79327.9,749.2207,2026-09-07 10:00:00
1788778800000,79328.0,79448.7,79232.9,79378.6,888.6187,2026-09-07 11:00:00
1788782400000,79378.6,79593.2,79366.5,79562.7,1238.0515,2026-09-07 12:00:00
1788786000000,79562.6,79611.0,79265.1,79317.1,2047.3183,2026-09-07 13:00:00
1788789600000,79317.1,79360.1,78920.7,79155.9,4735.5215,2026-09-07 14:00:00
1788793200000,79155.9,79156.0,78619.6,78794.7,4871.973,2026-09-07 15:00:00
1788796800000,78794.6,79014.7,78775.0,79000.0,1926.0728,2026-09-07 16:00:00
1788800400000,78999.9,79187.5,78975.8,79148.0,1498.546,2026-09-07 17:00:00
1788804000000,79148.0,79215.0,79054.1,79163.6,654.8044,2026-09-07 18:00:00
1788807600000,79163.6,79383.4,79115.4,79324.2,1029.2958,2026-09-07 19:00:00
1788811200000,79324.2,79357.7,79131.0,79200.1,868.7388,2026-09-07 20:00:00
1788814800000,79200.2,79241.5,79118.3,79120.0,466.1935,2026-09-07 21:00:00
1788818400000,79120.0,79180.0,78704.4,78911.7,2162.3481,2026-09-07 22:00:00
1788822000000,78911.7,79176.5,78891.1,79074.5,1634.8741,2026-09-07 23:00:00
1788825600000,79074.4,79278.5,78925.0,79278.4,1659.8896,2026-09-08 00:00:00
1788829200000,79278.4,79430.8,79225.5,79402.4,1631.5108,2026-09-08 01:00:00
1788832800000,79402.3,79454.0,78893.9,78893.9,2252.6326,2026-09-08 02:00:00
1788836400000,78894.0,78976.7,78681.4,78877.0,3166.5622,2026-09-08 03:00:00
1788840000000,78877.0,78900.0,78700.2,78776.9,1243.6223,2026-09-08 04:00:00
