timestamp,open,high,low,close,volume,datetime
1773333000000,2062.83,2074.83,2061.09,2068.98,73005.568,2026-03-12 16:30:00
1773334800000,2068.97,2074.6,2056.7,2060.91,69019.917,2026-03-12 17:00:00
1773336600000,2060.91,2067.14,2054.03,2057.61,61121.524,2026-03-12 17:30:00
1773338400000,2057.6,2061.5,2045.7,2052.25,85325.065,2026-03-12 18:00:00
1773340200000,2052.24,2058.55,2047.01,2048.01,60817.24,2026-03-12 18:30:00
1773342000000,2048.0,2061.87,2043.76,2061.05,85807.843,2026-03-12 19:00:00
1773343800000,2061.05,2072.81,2060.45,2068.47,88527.826,2026-03-12 19:30:00
1773345600000,2068.47,2072.8,2064.0,2065.6,33246.367,2026-03-12 20:00:00
1773347400000,2065.61,2065.61,2059.26,2061.78,31243.897,2026-03-12 20:30:00
1773349200000,2061.79,2069.37,2059.49,2060.3,16402.135,2026-03-12 21:00:00
1773351000000,2060.3,2064.62,2056.07,2062.15,39057.979,2026-03-12 21:30:00
1773352800000,2062.14,2067.0,2060.04,2063.55,26385.782,2026-03-12 22:00:00
1773354600000,2063.55,2065.52,2053.58,2064.67,49082.841,2026-03-12 22:30:00
1773356400000,2064.67,2092.55,2063.87,2082.2,185394.759,2026-03-12 23:00:00
1773358200000,2082.19,2082.2,2071.36,2072.65,44913.661,2026-03-12 23:30:00
1773360000000,2072.64,2141.25,2068.32,2131.99,483843.979,2026-03-13 00:00:00
1773361800000,2132.0,2148.61,2106.0,2118.11,351924.315,2026-03-13 00:30:00
1773363600000,2118.11,2129.49,2116.17,2121.95,105804.221,2026-03-13 01:00:00
1773365400000,2121.94,2128.49,2110.0,2123.79,85313.79,2026-03-13 01:30:00
1773367200000,2123.78,2126.18,2113.69,2115.04,57261.108,2026-03-13 02:00:00
1773369000000,2115.04,2116.65,2100.59,2104.75,128305.279,2026-03-13 02:30:00
1773370800000,2104.76,2113.11,2103.09,2106.72,64330.0,2026-03-13 03:00:00
1773372600000,2106.72,2123.07,2101.05,2117.79,79820.746,2026-03-13 03:30:00
1773374400000,2117.79,2119.07,2110.2,2111.12,50293.899,2026-03-13 04:00:00
1773376200000,2111.13,2113.9,2108.58,2110.55,33116.997,2026-03-13 04:30:00
1773378000000,2110.54,2111.04,2102.2,2108.61,58589.304,2026-03-13 05:00:00
1773379800000,2108.6,2114.28,2107.7,2109.36,37335.812,2026-03-13 05:30:00
1773381600000,2109.37,2112.34,2091.34,2095.2,99100.825,2026-03-13 06:00:00
1773383400000,2095.21,2097.14,2088.43,2095.21,124872.321,2026-03-13 06:30:00
1773385200000,2095.21,2103.85,2091.7,2100.62,73193.433,2026-03-13 07:00:00
1773387000000,2100.62,2102.6,2093.13,2098.74,52929.93,2026-03-13 07:30:00
1773388800000,2098.73,2099.47,2090.57,2097.62,50681.891,2026-03-13 08:00:00
1773390600000,2097.62,2116.51,2096.49,2099.21,168382.588,2026-03-13 08:30:00
1773392400000,2099.21,2105.57,2095.07,2102.21,52451.182,2026-03-13 09:00:00
1773394200000,2102.2,2116.67,2101.14,2112.42,96586.693,2026-03-13 09:30:00
1773396000000,2112.41,2132.37,2111.49,2123.99,179560.647,2026-03-13 10:00:00
1773397800000,2124.0,2132.71,2123.0,2125.66,87341.645,2026-03-13 10:30:00
1773399600000,2125.66,2128.92,2120.52,2124.26,66325.942,2026-03-13 11:00:00
1773401400000,2124.25,2126.71,2117.0,2119.76,64465.201,2026-03-13 11:30:00
1773403200000,2119.76,2138.85,2119.24,2128.88,128306.139,2026-03-13 12:00:00
1773405000000,2128.89,2154.52,2126.73,2145.4,248500.546,2026-03-13 12:30:00
1773406800000,2145.41,2200.0,2140.54,2181.93,583881.472,2026-03-13 13:00:00
1773408600000,2181.92,2193.85,2173.22,2184.32,240334.009,2026-03-13 13:30:00
1773410400000,2184.31,2209.0,2181.58,2195.1,335330.968,2026-03-13 14:00:00
1773412200000,2195.1,2200.41,2145.0,2150.63,481646.778,2026-03-13 14:30:00
1773414000000,2150.64,2164.9,2140.07,2152.04,230056.015,2026-03-13 15:00:00
1773415800000,2152.03,2156.99,2124.3,2127.26,273858.384,2026-03-13 15:30:00
1773417600000,2127.26,2133.12,2110.47,2118.71,255533.842,2026-03-13 16:00:00
1773419400000,2118.7,2143.64,2118.55,2133.13,174824.701,2026-03-13 16:30:00
1773421200000,2133.14,2140.59,2118.72,2120.7,121306.207,2026-03-13 17:00:00
1773423000000,2120.69,2121.97,2088.84,2101.98,310021.828,2026-03-13 17:30:00
1773424800000,2101.99,2107.85,2090.0,2103.28,121466.914,2026-03-13 18:00:00
1773426600000,2103.28,2108.0,2097.78,2099.88,52911.727,2026-03-13 18:30:00
1773428400000,2099.88,2105.0,2095.0,2098.19,48516.989,2026-03-13 19:00:00
1773430200000,2098.19,2104.75,2098.19,2101.65,42201.446,2026-03-13 19:30:00
1773432000000,2101.65,2112.88,2100.02,2109.52,50117.096,2026-03-13 20:00:00
1773433800000,2109.53,2113.58,2108.01,2110.65,23147.783,2026-03-13 20:30:00
1773435600000,2110.65,2116.21,2103.55,2104.94,38395.648,2026-03-13 21:00:00
1773437400000,2104.95,2108.47,2100.18,2102.16,26960.323,2026-03-13 21:30:00
1773439200000,2102.16,2104.1,2080.01,2081.45,132744.813,2026-03-13 22:00:00
1773441000000,2081.45,2089.72,2076.93,2088.2,79017.178,2026-03-13 22:30:00
1773442800000,2088.21,2093.0,2084.6,2090.73,31832.553,2026-03-13 23:00:00
1773444600000,2090.73,2093.03,2089.24,2091.16,22209.823,2026-03-13 23:30:00
1773446400000,2091.17,2094.25,2086.53,2091.07,29808.845,2026-03-14 00:00:00
1773448200000,2091.07,2093.59,2081.77,2084.35,46767.011,2026-03-14 00:30:00
1773450000000,2084.36,2092.54,2084.26,2091.7,29134.207,2026-03-14 01:00:00
1773451800000,2091.75,2094.8,2080.33,2091.5,46517.759,2026-03-14 01:30:00
1773453600000,2091.5,2094.82,2088.68,2089.81,30969.688,2026-03-14 02:00:00
1773455400000,2089.81,2094.37,2088.55,2091.44,20614.803,2026-03-14 02:30:00
1773457200000,2091.44,2099.6,2091.39,2097.6,42682.691,2026-03-14 03:00:00
1773459000000,2097.6,2103.77,2097.34,2100.3,41929.338,2026-03-14 03:30:00
1773460800000,2100.3,2103.99,2098.7,2102.3,28690.007,2026-03-14 04:00:00
1773462600000,2102.3,2104.98,2086.34,2089.5,83243.401,2026-03-14 04:30:00
1773464400000,2089.49,2093.6,2088.35,2091.46,44325.729,2026-03-14 05:00:00
1773466200000,2091.45,2092.0,2084.48,2091.31,40480.417,2026-03-14 05:30:00
1773468000000,2091.31,2091.31,2080.5,2084.17,65256.418,2026-03-14 06:00:00
1773469800000,2084.17,2084.66,2067.01,2077.3,142875.616,2026-03-14 06:30:00
1773471600000,2077.29,2079.24,2074.48,2078.69,40655.256,2026-03-14 07:00:00
1773473400000,2078.68,2079.61,2075.2,2076.5,22893.062,2026-03-14 07:30:00
1773475200000,2076.5,2080.77,2075.09,2078.5,34393.89,2026-03-14 08:00:00
1773477000000,2078.5,2078.76,2071.53,2073.46,32131.558,2026-03-14 08:30:00
1773478800000,2073.46,2077.33,2072.67,2075.69,22738.936,2026-03-14 09:00:00
1773480600000,2075.69,2076.3,2062.32,2066.42,97355.481,2026-03-14 09:30:00
1773482400000,2066.43,2068.35,2063.03,2064.71,33510.895,2026-03-14 10:00:00
1773484200000,2064.72,2066.39,2060.41,2065.26,46608.8,2026-03-14 10:30:00
1773486000000,2065.25,2073.9,2065.02,2072.69,45953.367,2026-03-14 11:00:00
1773487800000,2072.69,2076.3,2071.05,2072.85,44345.157,2026-03-14 11:30:00
1773489600000,2072.84,2077.17,2072.08,2073.66,39772.46,2026-03-14 12:00:00
1773491400000,2073.67,2075.79,2068.51,2074.59,43839.107,2026-03-14 12:30:00
1773493200000,2074.59,2080.0,2071.55,2077.83,50164.319,2026-03-14 13:00:00
1773495000000,2077.84,2078.6,2075.2,2077.23,24987.601,2026-03-14 13:30:00
1773496800000,2077.23,2079.37,2071.57,2077.29,37886.605,2026-03-14 14:00:00
1773498600000,2077.29,2078.49,2068.3,2070.01,34671.815,2026-03-14 14:30:00
1773500400000,2070.01,2076.95,2068.72,2075.01,28416.206,2026-03-14 15:00:00
1773502200000,2075.0,2075.28,2070.0,2073.51,20358.281,2026-03-14 15:30:00
1773504000000,2073.51,2075.12,2066.86,2074.33,35758.207,2026-03-14 16:00:00
1773505800000,2074.33,2077.9,2073.66,2076.59,17349.873,2026-03-14 16:30:00
1773507600000,2076.59,2077.23,2074.6,2076.97,17571.116,2026-03-14 17:00:00
1773509400000,2076.96,2076.97,2072.33,2074.27,15886.909,2026-03-14 17:30:00
1773511200000,2074.26,2074.27,2071.52,2072.94,10735.385,2026-03-14 18:00:00
1773513000000,2072.94,2077.58,2072.94,2075.92,10700.306,2026-03-14 18:30:00
1773514800000,2075.92,2077.48,2073.88,2076.33,9827.476,2026-03-14 19:00:00
1773516600000,2076.33,2078.65,2075.33,2076.07,12653.264,2026-03-14 19:30:00
1773518400000,2076.08,2079.25,2074.89,2078.16,18773.865,2026-03-14 20:00:00
1773520200000,2078.16,2087.5,2077.49,2084.9,39108.076,2026-03-14 20:30:00
1773522000000,2084.9,2086.0,2080.62,2082.2,15700.517,2026-03-14 21:00:00
1773523800000,2082.2,2087.51,2081.8,2085.9,12004.111,2026-03-14 21:30:00
1773525600000,2085.89,2087.27,2083.7,2085.37,10207.326,2026-03-14 22:00:00
1773527400000,2085.36,2086.72,2081.0,2083.37,12462.69,2026-03-14 22:30:00
1773529200000,2083.38,2098.66,2082.78,2094.49,84145.487,2026-03-14 23:00:00
1773531000000,2094.49,2097.8,2093.13,2095.33,27414.046,2026-03-14 23:30:00
1773532800000,2095.33,2095.95,2087.72,2088.52,31750.114,2026-03-15 00:00:00
1773534600000,2088.52,2090.67,2085.45,2086.72,20605.707,2026-03-15 00:30:00
1773536400000,2086.71,2088.68,2082.57,2085.02,21295.029,2026-03-15 01:00:00
1773538200000,2085.02,2090.74,2082.26,2087.17,26071.976,2026-03-15 01:30:00
1773540000000,2087.17,2099.0,2087.16,2092.22,50936.883,2026-03-15 02:00:00
1773541800000,2092.21,2108.19,2089.13,2101.12,99383.549,2026-03-15 02:30:00
1773543600000,2101.12,2104.3,2093.38,2095.01,56121.346,2026-03-15 03:00:00
1773545400000,2095.02,2098.26,2092.65,2095.42,26159.699,2026-03-15 03:30:00
1773547200000,2095.41,2103.54,2095.36,2099.49,46878.506,2026-03-15 04:00:00
1773549000000,2099.5,2103.41,2097.0,2103.41,28389.848,2026-03-15 04:30:00
1773550800000,2103.42,2115.56,2101.0,2108.25,97660.163,2026-03-15 05:00:00
1773552600000,2108.24,2114.71,2105.01,2106.75,61627.834,2026-03-15 05:30:00
1773554400000,2106.76,2110.69,2104.03,2105.63,28352.073,2026-03-15 06:00:00
1773556200000,2105.64,2107.46,2101.46,2106.97,37697.728,2026-03-15 06:30:00
1773558000000,2106.96,2112.77,2106.61,2107.27,35238.836,2026-03-15 07:00:00
1773559800000,2107.27,2107.28,2102.53,2104.99,34579.062,2026-03-15 07:30:00
1773561600000,2104.99,2111.1,2104.99,2107.99,31411.434,2026-03-15 08:00:00
1773563400000,2108.0,2112.85,2106.65,2111.74,26647.593,2026-03-15 08:30:00
1773565200000,2111.73,2123.13,2111.59,2116.7,115279.669,2026-03-15 09:00:00
1773567000000,2116.69,2118.31,2113.63,2116.16,27670.725,2026-03-15 09:30:00
1773568800000,2116.17,2120.0,2113.08,2118.81,28164.991,2026-03-15 10:00:00
1773570600000,2118.8,2120.59,2117.04,2118.06,32924.319,2026-03-15 10:30:00
1773572400000,2118.05,2119.7,2114.65,2115.15,43526.755,2026-03-15 11:00:00
1773574200000,2115.15,2120.44,2114.0,2118.87,27527.599,2026-03-15 11:30:00
1773576000000,2118.87,2119.0,2113.73,2116.0,25624.307,2026-03-15 12:00:00
1773577800000,2116.01,2116.57,2106.9,2108.55,71291.867,2026-03-15 12:30:00
1773579600000,2108.55,2111.67,2087.28,2095.7,204888.39,2026-03-15 13:00:00
1773581400000,2095.71,2097.65,2085.02,2096.31,113139.057,2026-03-15 13:30:00
1773583200000,2096.31,2098.88,2089.03,2092.01,45935.81,2026-03-15 14:00:00
1773585000000,2092.01,2096.57,2085.58,2096.28,56678.988,2026-03-15 14:30:00
1773586800000,2096.29,2096.49,2090.77,2091.74,27890.451,2026-03-15 15:00:00
1773588600000,2091.75,2094.6,2089.04,2092.96,21336.673,2026-03-15 15:30:00
1773590400000,2092.96,2098.41,2087.94,2091.66,49819.116,2026-03-15 16:00:00
1773592200000,2091.66,2094.94,2087.63,2090.7,29753.67,2026-03-15 16:30:00
1773594000000,2090.69,2095.43,2090.25,2094.07,18445.483,2026-03-15 17:00:00
1773595800000,2094.07,2117.96,2093.29,2110.01,140707.852,2026-03-15 17:30:00
1773597600000,2110.0,2112.55,2105.63,2107.62,42345.008,2026-03-15 18:00:00
1773599400000,2107.62,2112.7,2093.36,2098.16,71607.773,2026-03-15 18:30:00
1773601200000,2098.15,2111.85,2095.17,2110.69,58632.403,2026-03-15 19:00:00
1773603000000,2110.69,2113.79,2107.98,2112.5,24871.557,2026-03-15 19:30:00
1773604800000,2112.5,2113.81,2108.92,2113.7,27162.676,2026-03-15 20:00:00
1773606600000,2113.7,2138.1,2113.51,2128.0,173404.412,2026-03-15 20:30:00
1773608400000,2128.01,2131.76,2122.32,2128.56,44255.759,2026-03-15 21:00:00
1773610200000,2128.55,2144.13,2128.55,2138.33,77932.078,2026-03-15 21:30:00
1773612000000,2138.33,2148.82,2124.43,2133.32,114148.204,2026-03-15 22:00:00
1773613800000,2133.32,2192.11,2133.31,2183.89,368502.74,2026-03-15 22:30:00
1773615600000,2183.9,2203.0,2171.7,2171.94,272814.601,2026-03-15 23:00:00
1773617400000,2171.94,2182.66,2165.0,2177.31,130750.192,2026-03-15 23:30:00
1773619200000,2177.31,2186.66,2166.61,2167.73,110142.283,2026-03-16 00:00:00
1773621000000,2167.73,2174.29,2164.05,2170.38,56197.26,2026-03-16 00:30:00
1773622800000,2170.39,2182.23,2164.09,2179.09,88235.593,2026-03-16 01:00:00
1773624600000,2179.09,2189.67,2173.4,2185.0,86825.73,2026-03-16 01:30:00
1773626400000,2184.99,2188.37,2169.13,2172.67,79535.81,2026-03-16 02:00:00
1773628200000,2172.68,2182.5,2170.0,2179.48,58322.1,2026-03-16 02:30:00
1773630000000,2179.48,2208.68,2176.23,2199.78,186076.86,2026-03-16 03:00:00
1773631800000,2199.77,2252.88,2199.54,2234.89,627971.869,2026-03-16 03:30:00
1773633600000,2234.89,2268.59,2234.88,2247.98,295748.143,2026-03-16 04:00:00
1773635400000,2247.99,2278.0,2247.98,2262.08,334560.914,2026-03-16 04:30:00
1773637200000,2262.08,2269.17,2255.55,2267.52,158438.439,2026-03-16 05:00:00
1773639000000,2267.56,2288.0,2258.6,2279.42,273031.654,2026-03-16 05:30:00
1773640800000,2279.41,2280.2,2259.35,2264.51,150571.08,2026-03-16 06:00:00
1773642600000,2264.51,2269.44,2260.03,2260.54,52685.179,2026-03-16 06:30:00
1773644400000,2260.54,2268.16,2259.0,2265.75,67493.639,2026-03-16 07:00:00
1773646200000,2265.74,2266.25,2244.4,2248.0,145337.561,2026-03-16 07:30:00
1773648000000,2248.0,2257.77,2244.11,2249.84,97275.131,2026-03-16 08:00:00
1773649800000,2249.84,2252.39,2233.36,2242.53,142273.545,2026-03-16 08:30:00
1773651600000,2242.53,2257.09,2239.1,2254.4,95497.102,2026-03-16 09:00:00
1773653400000,2254.4,2265.88,2250.78,2259.35,90810.506,2026-03-16 09:30:00
1773655200000,2259.36,2272.25,2259.36,2264.8,96944.786,2026-03-16 10:00:00
1773657000000,2264.8,2277.9,2254.56,2276.86,154430.28,2026-03-16 10:30:00
1773658800000,2276.86,2279.33,2264.44,2266.16,117667.564,2026-03-16 11:00:00
1773660600000,2266.15,2275.26,2264.61,2268.54,63368.473,2026-03-16 11:30:00
1773662400000,2268.54,2303.0,2268.24,2298.46,389501.209,2026-03-16 12:00:00
1773664200000,2298.46,2301.53,2275.37,2277.97,235177.617,2026-03-16 12:30:00
1773666000000,2277.96,2281.63,2270.32,2279.38,77682.085,2026-03-16 13:00:00
1773667800000,2279.38,2307.76,2275.56,2287.53,441303.555,2026-03-16 13:30:00
1773669600000,2287.52,2302.92,2278.26,2279.18,239917.718,2026-03-16 14:00:00
1773671400000,2279.18,2290.27,2252.48,2287.18,420177.828,2026-03-16 14:30:00
1773673200000,2287.17,2293.08,2276.26,2290.03,191359.933,2026-03-16 15:00:00
1773675000000,2290.02,2298.48,2268.56,2272.38,135171.997,2026-03-16 15:30:00
1773676800000,2272.38,2287.58,2268.25,2281.73,121713.413,2026-03-16 16:00:00
1773678600000,2281.73,2299.73,2276.7,2295.66,148836.009,2026-03-16 16:30:00
1773680400000,2295.66,2307.76,2292.2,2299.16,158253.728,2026-03-16 17:00:00
1773682200000,2299.17,2324.44,2299.16,2313.42,222949.843,2026-03-16 17:30:00
1773684000000,2313.43,2346.5,2312.81,2336.59,335634.433,2026-03-16 18:00:00
1773685800000,2336.58,2344.79,2318.64,2320.77,166483.801,2026-03-16 18:30:00
1773687600000,2320.77,2347.61,2317.45,2331.79,194499.166,2026-03-16 19:00:00
1773689400000,2331.78,2337.37,2322.73,2329.84,89636.915,2026-03-16 19:30:00
1773691200000,2329.85,2332.24,2322.46,2330.17,49092.976,2026-03-16 20:00:00
1773693000000,2330.17,2346.72,2329.55,2344.17,94858.832,2026-03-16 20:30:00
1773694800000,2344.17,2358.34,2342.5,2345.89,159641.975,2026-03-16 21:00:00
1773696600000,2345.89,2377.0,2345.04,2360.0,203113.991,2026-03-16 21:30:00
1773698400000,2360.01,2386.76,2353.82,2358.35,199600.307,2026-03-16 22:00:00
1773700200000,2358.36,2367.87,2355.46,2356.65,63503.017,2026-03-16 22:30:00
1773702000000,2356.65,2356.93,2328.99,2350.44,174965.038,2026-03-16 23:00:00
1773703800000,2350.44,2361.0,2345.41,2351.83,85955.601,2026-03-16 23:30:00
1773705600000,2351.83,2377.92,2338.94,2352.9,300044.636,2026-03-17 00:00:00
1773707400000,2352.9,2367.58,2345.4,2356.5,128315.434,2026-03-17 00:30:00
1773709200000,2356.49,2372.78,2345.65,2363.19,129511.262,2026-03-17 01:00:00
1773711000000,2363.2,2374.96,2349.32,2359.72,116485.945,2026-03-17 01:30:00
1773712800000,2359.71,2360.72,2343.27,2346.76,75377.34,2026-03-17 02:00:00
1773714600000,2346.76,2360.64,2345.0,2350.16,85584.987,2026-03-17 02:30:00
1773716400000,2350.16,2354.92,2332.55,2335.74,111156.267,2026-03-17 03:00:00
1773718200000,2335.75,2335.85,2306.35,2319.37,296075.762,2026-03-17 03:30:00
1773720000000,2319.37,2330.0,2307.03,2312.15,181887.453,2026-03-17 04:00:00
1773721800000,2312.15,2315.82,2295.0,2310.35,198279.69,2026-03-17 04:30:00
1773723600000,2310.35,2317.78,2304.31,2315.01,82161.695,2026-03-17 05:00:00
1773725400000,2315.0,2317.0,2297.01,2306.39,106516.122,2026-03-17 05:30:00
1773727200000,2306.4,2323.52,2297.58,2320.51,146271.0,2026-03-17 06:00:00
1773729000000,2320.5,2323.96,2307.36,2314.5,76483.683,2026-03-17 06:30:00
1773730800000,2314.51,2337.89,2314.5,2334.43,131886.54,2026-03-17 07:00:00
1773732600000,2334.44,2335.49,2324.01,2327.1,65891.853,2026-03-17 07:30:00
1773734400000,2327.1,2334.7,2314.5,2325.77,92362.681,2026-03-17 08:00:00
1773736200000,2325.77,2332.49,2315.36,2319.77,82328.087,2026-03-17 08:30:00
1773738000000,2319.76,2328.6,2305.1,2324.01,160765.451,2026-03-17 09:00:00
1773739800000,2324.01,2325.19,2309.87,2314.88,75533.666,2026-03-17 09:30:00
1773741600000,2314.87,2316.69,2303.0,2312.69,99703.696,2026-03-17 10:00:00
1773743400000,2312.69,2316.41,2306.0,2312.29,52933.662,2026-03-17 10:30:00
1773745200000,2312.28,2331.75,2310.84,2327.44,116864.571,2026-03-17 11:00:00
1773747000000,2327.45,2332.55,2323.65,2325.73,68782.681,2026-03-17 11:30:00
1773748800000,2325.72,2334.34,2315.07,2319.19,101530.009,2026-03-17 12:00:00
1773750600000,2319.2,2323.23,2311.0,2314.73,80612.745,2026-03-17 12:30:00
1773752400000,2314.72,2322.0,2312.5,2319.51,53486.972,2026-03-17 13:00:00
1773754200000,2319.51,2345.6,2315.75,2327.89,341812.292,2026-03-17 13:30:00
1773756000000,2327.9,2336.2,2318.09,2332.9,129316.655,2026-03-17 14:00:00
1773757800000,2332.9,2347.93,2332.9,2342.45,178685.561,2026-03-17 14:30:00
1773759600000,2342.44,2357.67,2318.31,2322.39,307721.89,2026-03-17 15:00:00
1773761400000,2322.38,2326.37,2303.25,2315.12,230214.62,2026-03-17 15:30:00
1773763200000,2315.12,2335.94,2311.41,2330.09,147905.935,2026-03-17 16:00:00
1773765000000,2330.09,2331.99,2320.0,2326.07,89480.533,2026-03-17 16:30:00
1773766800000,2326.06,2334.71,2319.14,2328.29,76794.455,2026-03-17 17:00:00
1773768600000,2328.3,2341.76,2324.28,2338.83,84368.32,2026-03-17 17:30:00
1773770400000,2338.83,2341.54,2330.27,2331.68,58050.654,2026-03-17 18:00:00
1773772200000,2331.69,2340.26,2326.35,2331.81,44602.506,2026-03-17 18:30:00
1773774000000,2331.81,2338.63,2330.12,2333.5,30887.096,2026-03-17 19:00:00
1773775800000,2333.51,2334.24,2315.34,2318.96,89428.985,2026-03-17 19:30:00
1773777600000,2318.97,2329.27,2316.44,2328.03,38813.118,2026-03-17 20:00:00
1773779400000,2328.04,2328.05,2322.81,2326.61,13005.381,2026-03-17 20:30:00
1773781200000,2326.61,2345.0,2326.49,2335.5,50511.334,2026-03-17 21:00:00
1773783000000,2335.49,2340.76,2331.67,2337.0,41894.623,2026-03-17 21:30:00
1773784800000,2337.01,2341.0,2327.41,2327.41,35436.633,2026-03-17 22:00:00
1773786600000,2327.41,2329.17,2317.0,2328.42,46148.814,2026-03-17 22:30:00
1773788400000,2328.43,2331.9,2323.24,2326.49,32579.042,2026-03-17 23:00:00
1773790200000,2326.49,2326.49,2315.07,2316.18,49876.182,2026-03-17 23:30:00
1773792000000,2316.18,2322.54,2308.01,2313.0,70550.875,2026-03-18 00:00:00
1773793800000,2313.0,2324.55,2306.0,2323.14,73194.181,2026-03-18 00:30:00
1773795600000,2323.14,2329.84,2322.0,2328.66,67296.728,2026-03-18 01:00:00
1773797400000,2328.66,2335.0,2322.0,2323.93,55558.84,2026-03-18 01:30:00
1773799200000,2323.94,2334.05,2323.34,2329.78,37684.684,2026-03-18 02:00:00
1773801000000,2329.78,2340.0,2328.79,2330.13,60441.877,2026-03-18 02:30:00
1773802800000,2330.12,2341.3,2327.27,2338.29,62356.066,2026-03-18 03:00:00
1773804600000,2338.29,2349.0,2337.95,2339.33,100227.298,2026-03-18 03:30:00
1773806400000,2339.34,2340.75,2331.05,2331.46,36158.312,2026-03-18 04:00:00
1773808200000,2331.46,2331.47,2325.03,2326.25,51131.426,2026-03-18 04:30:00
1773810000000,2326.25,2329.99,2323.55,2325.21,40743.654,2026-03-18 05:00:00
1773811800000,2325.21,2327.53,2312.84,2317.71,100811.744,2026-03-18 05:30:00
1773813600000,2317.71,2331.05,2317.35,2328.15,72575.938,2026-03-18 06:00:00
1773815400000,2328.15,2329.07,2320.98,2321.67,41930.947,2026-03-18 06:30:00
1773817200000,2321.67,2322.21,2314.69,2316.48,58033.937,2026-03-18 07:00:00
1773819000000,2316.47,2318.4,2310.61,2316.7,79492.498,2026-03-18 07:30:00
1773820800000,2316.69,2322.93,2316.2,2320.39,53211.454,2026-03-18 08:00:00
1773822600000,2320.39,2324.6,2317.55,2321.59,43253.162,2026-03-18 08:30:00
1773824400000,2321.59,2330.99,2320.53,2327.29,57827.312,2026-03-18 09:00:00
1773826200000,2327.3,2332.52,2325.53,2327.85,41961.786,2026-03-18 09:30:00
1773828000000,2327.85,2330.02,2322.59,2329.26,38108.814,2026-03-18 10:00:00
1773829800000,2329.26,2330.48,2306.0,2311.69,168287.301,2026-03-18 10:30:00
1773831600000,2311.69,2318.83,2290.0,2294.4,240269.004,2026-03-18 11:00:00
1773833400000,2294.4,2297.3,2261.79,2268.2,528046.965,2026-03-18 11:30:00
1773835200000,2268.21,2269.93,2252.73,2262.81,240665.606,2026-03-18 12:00:00
1773837000000,2262.81,2262.81,2233.44,2236.91,365555.857,2026-03-18 12:30:00
1773838800000,2236.91,2241.32,2222.0,2238.22,280389.7,2026-03-18 13:00:00
1773840600000,2238.21,2243.98,2228.28,2234.89,170820.204,2026-03-18 13:30:00
1773842400000,2234.89,2236.33,2211.11,2214.72,247678.027,2026-03-18 14:00:00
1773844200000,2214.73,2223.76,2186.0,2189.44,399756.859,2026-03-18 14:30:00
1773846000000,2189.44,2196.0,2168.25,2181.93,436289.791,2026-03-18 15:00:00
1773847800000,2181.92,2191.54,2176.14,2186.42,151276.19,2026-03-18 15:30:00
1773849600000,2186.43,2190.41,2164.0,2173.67,221215.922,2026-03-18 16:00:00
1773851400000,2173.68,2186.14,2167.65,2180.23,118719.6,2026-03-18 16:30:00
1773853200000,2180.23,2200.78,2175.91,2197.54,144579.877,2026-03-18 17:00:00
1773855000000,2197.55,2211.33,2190.75,2203.33,181537.882,2026-03-18 17:30:00
1773856800000,2203.32,2219.62,2191.0,2197.2,281846.848,2026-03-18 18:00:00
1773858600000,2197.19,2209.44,2175.0,2180.05,241047.77,2026-03-18 18:30:00
1773860400000,2180.06,2196.53,2178.4,2192.6,93612.493,2026-03-18 19:00:00
1773862200000,2192.59,2195.6,2175.63,2184.8,93684.281,2026-03-18 19:30:00
1773864000000,2184.81,2188.45,2151.68,2175.81,261311.582,2026-03-18 20:00:00
1773865800000,2175.81,2194.19,2174.75,2186.51,81443.424,2026-03-18 20:30:00
1773867600000,2186.5,2199.82,2184.39,2196.11,58439.304,2026-03-18 21:00:00
1773869400000,2196.11,2206.49,2190.2,2201.51,57628.387,2026-03-18 21:30:00
1773871200000,2201.51,2202.67,2185.0,2192.76,53234.34,2026-03-18 22:00:00
1773873000000,2192.77,2193.56,2186.16,2193.29,24298.903,2026-03-18 22:30:00
1773874800000,2193.3,2198.44,2187.68,2193.4,35476.614,2026-03-18 23:00:00
1773876600000,2193.4,2205.95,2193.28,2201.93,52256.704,2026-03-18 23:30:00
1773878400000,2201.93,2207.49,2192.81,2202.06,50977.624,2026-03-19 00:00:00
1773880200000,2202.06,2203.09,2188.8,2191.99,54632.786,2026-03-19 00:30:00
1773882000000,2192.0,2196.0,2186.0,2191.48,34693.203,2026-03-19 01:00:00
1773883800000,2191.48,2200.89,2189.49,2195.51,46467.982,2026-03-19 01:30:00
1773885600000,2195.51,2202.44,2187.7,2200.7,54127.574,2026-03-19 02:00:00
1773887400000,2200.7,2203.99,2194.4,2195.48,31062.009,2026-03-19 02:30:00
1773889200000,2195.48,2233.09,2195.48,2227.08,241902.127,2026-03-19 03:00:00
1773891000000,2227.09,2228.49,2205.48,2210.84,115796.512,2026-03-19 03:30:00
1773892800000,2210.85,2212.0,2191.0,2193.68,116727.549,2026-03-19 04:00:00
1773894600000,2193.68,2198.47,2189.0,2192.56,55640.635,2026-03-19 04:30:00
1773896400000,2192.58,2197.96,2188.3,2189.83,47915.489,2026-03-19 05:00:00
1773898200000,2189.82,2193.84,2185.01,2188.23,55344.889,2026-03-19 05:30:00
1773900000000,2188.23,2194.86,2181.3,2186.24,68761.41,2026-03-19 06:00:00
1773901800000,2186.25,2187.9,2176.46,2179.59,112540.081,2026-03-19 06:30:00
1773903600000,2179.58,2181.0,2141.35,2153.95,404247.742,2026-03-19 07:00:00
1773905400000,2153.95,2174.31,2152.5,2165.2,192574.067,2026-03-19 07:30:00
1773907200000,2165.21,2169.88,2157.0,2158.03,92007.293,2026-03-19 08:00:00
1773909000000,2158.04,2166.0,2156.67,2159.57,67673.79,2026-03-19 08:30:00
1773910800000,2159.57,2187.59,2159.0,2178.56,170404.848,2026-03-19 09:00:00
1773912600000,2178.56,2189.74,2175.08,2188.13,111108.709,2026-03-19 09:30:00
1773914400000,2188.14,2192.0,2180.41,2180.77,72342.771,2026-03-19 10:00:00
1773916200000,2180.76,2181.6,2171.0,2171.39,70193.083,2026-03-19 10:30:00
1773918000000,2171.39,2175.42,2166.03,2173.85,64045.463,2026-03-19 11:00:00
1773919800000,2173.84,2177.02,2164.41,2165.79,64013.716,2026-03-19 11:30:00
1773921600000,2165.79,2166.66,2152.0,2154.6,144160.051,2026-03-19 12:00:00
1773923400000,2154.6,2157.77,2128.71,2131.42,264235.823,2026-03-19 12:30:00
1773925200000,2131.42,2136.97,2115.0,2129.02,328872.864,2026-03-19 13:00:00
1773927000000,2129.02,2142.8,2110.32,2136.9,312433.261,2026-03-19 13:30:00
1773928800000,2136.91,2146.98,2106.14,2108.69,214115.727,2026-03-19 14:00:00
1773930600000,2108.7,2131.59,2101.32,2120.72,265504.204,2026-03-19 14:30:00
1773932400000,2120.73,2136.3,2109.48,2111.51,181916.477,2026-03-19 15:00:00
1773934200000,2111.51,2126.2,2095.58,2117.93,230712.514,2026-03-19 15:30:00
1773936000000,2117.93,2121.63,2105.79,2112.21,177942.66,2026-03-19 16:00:00
1773937800000,2112.21,2121.55,2106.12,2114.46,100254.644,2026-03-19 16:30:00
1773939600000,2114.46,2127.28,2104.09,2124.55,119638.881,2026-03-19 17:00:00
1773941400000,2124.55,2131.39,2112.38,2126.2,82237.029,2026-03-19 17:30:00
1773943200000,2126.2,2129.0,2117.11,2118.0,41956.371,2026-03-19 18:00:00
1773945000000,2118.0,2125.46,2113.33,2124.39,45261.23,2026-03-19 18:30:00
1773946800000,2124.39,2156.1,2124.01,2144.18,249352.261,2026-03-19 19:00:00
1773948600000,2144.18,2147.19,2136.53,2140.05,62013.894,2026-03-19 19:30:00
1773950400000,2140.07,2148.58,2137.64,2139.79,40541.69,2026-03-19 20:00:00
1773952200000,2139.79,2152.05,2138.7,2145.07,36366.279,2026-03-19 20:30:00
1773954000000,2145.07,2154.73,2144.14,2147.5,48447.682,2026-03-19 21:00:00
1773955800000,2147.5,2152.22,2143.43,2148.74,30348.152,2026-03-19 21:30:00
1773957600000,2148.74,2151.11,2142.14,2148.17,27283.303,2026-03-19 22:00:00
1773959400000,2148.17,2149.44,2130.3,2139.08,69784.853,2026-03-19 22:30:00
1773961200000,2139.08,2146.25,2135.06,2141.34,40769.004,2026-03-19 23:00:00
1773963000000,2141.34,2143.31,2128.93,2136.55,43075.263,2026-03-19 23:30:00
1773964800000,2136.54,2147.76,2133.54,2141.84,50736.232,2026-03-20 00:00:00
1773966600000,2141.83,2148.0,2140.15,2144.55,31283.497,2026-03-20 00:30:00
1773968400000,2144.55,2153.3,2143.57,2148.55,55197.743,2026-03-20 01:00:00
1773970200000,2148.56,2159.6,2148.55,2149.81,76753.624,2026-03-20 01:30:00
1773972000000,2149.8,2150.58,2135.57,2138.01,65072.51,2026-03-20 02:00:00
1773973800000,2138.01,2148.87,2131.0,2143.4,78912.008,2026-03-20 02:30:00
1773975600000,2143.4,2152.0,2142.5,2151.72,39804.958,2026-03-20 03:00:00
1773977400000,2151.72,2156.5,2145.94,2150.16,62281.592,2026-03-20 03:30:00
1773979200000,2150.16,2158.65,2148.17,2153.05,49486.983,2026-03-20 04:00:00
1773981000000,2153.05,2153.39,2138.17,2147.15,77416.406,2026-03-20 04:30:00
1773982800000,2147.16,2151.38,2141.25,2142.27,46496.19,2026-03-20 05:00:00
1773984600000,2142.26,2145.3,2136.28,2139.31,58645.139,2026-03-20 05:30:00
1773986400000,2139.31,2141.1,2132.35,2137.23,52541.763,2026-03-20 06:00:00
1773988200000,2137.23,2139.78,2131.09,2135.78,44378.052,2026-03-20 06:30:00
1773990000000,2135.78,2141.45,2120.27,2137.36,130801.863,2026-03-20 07:00:00
1773991800000,2137.36,2152.32,2135.48,2149.2,112560.14,2026-03-20 07:30:00
1773993600000,2149.2,2176.06,2145.01,2163.91,228569.616,2026-03-20 08:00:00
1773995400000,2163.91,2166.66,2159.08,2162.73,68318.278,2026-03-20 08:30:00
1773997200000,2162.73,2162.84,2137.74,2141.11,148637.586,2026-03-20 09:00:00
1773999000000,2141.11,2147.61,2133.42,2140.29,91721.357,2026-03-20 09:30:00
1774000800000,2140.28,2140.59,2130.4,2134.91,80290.034,2026-03-20 10:00:00
1774002600000,2134.9,2150.65,2134.6,2147.16,94065.336,2026-03-20 10:30:00
1774004400000,2147.16,2157.65,2145.66,2148.79,71914.578,2026-03-20 11:00:00
1774006200000,2148.79,2149.23,2133.35,2140.71,89301.838,2026-03-20 11:30:00
1774008000000,2140.71,2151.9,2138.26,2141.64,86251.05,2026-03-20 12:00:00
1774009800000,2141.64,2142.01,2133.93,2140.17,48472.343,2026-03-20 12:30:00
1774011600000,2140.17,2152.42,2134.3,2145.61,92756.242,2026-03-20 13:00:00
1774013400000,2145.61,2145.61,2121.02,2126.5,260408.103,2026-03-20 13:30:00
1774015200000,2126.49,2140.41,2115.0,2134.39,278437.672,2026-03-20 14:00:00
1774017000000,2134.4,2146.83,2125.09,2128.2,157181.908,2026-03-20 14:30:00
1774018800000,2128.2,2138.0,2119.02,2129.1,139722.75,2026-03-20 15:00:00
1774020600000,2129.08,2136.13,2125.75,2132.99,49535.835,2026-03-20 15:30:00
1774022400000,2133.0,2143.89,2132.57,2139.43,86072.143,2026-03-20 16:00:00
1774024200000,2139.44,2139.81,2129.38,2136.35,58164.364,2026-03-20 16:30:00
1774026000000,2136.35,2140.18,2129.49,2130.01,49792.642,2026-03-20 17:00:00
1774027800000,2130.0,2139.0,2118.5,2135.67,104783.305,2026-03-20 17:30:00
1774029600000,2135.67,2136.6,2123.0,2124.75,67368.102,2026-03-20 18:00:00
1774031400000,2124.75,2128.29,2116.16,2122.5,82341.786,2026-03-20 18:30:00
1774033200000,2122.51,2127.4,2119.69,2124.28,41324.523,2026-03-20 19:00:00
1774035000000,2124.28,2133.91,2116.47,2132.19,83741.468,2026-03-20 19:30:00
1774036800000,2132.19,2135.9,2128.07,2129.75,43476.925,2026-03-20 20:00:00
1774038600000,2129.76,2134.86,2122.73,2132.24,33462.226,2026-03-20 20:30:00
1774040400000,2132.23,2152.92,2129.53,2150.98,74236.405,2026-03-20 21:00:00
1774042200000,2150.98,2157.0,2141.65,2146.47,45554.584,2026-03-20 21:30:00
1774044000000,2146.47,2167.72,2146.47,2155.48,78629.992,2026-03-20 22:00:00
1774045800000,2155.47,2158.43,2150.94,2153.57,28613.896,2026-03-20 22:30:00
1774047600000,2153.56,2154.53,2141.78,2145.96,42227.386,2026-03-20 23:00:00
1774049400000,2145.96,2147.84,2143.68,2145.0,14876.506,2026-03-20 23:30:00
1774051200000,2145.01,2156.21,2143.0,2149.69,36721.73,2026-03-21 00:00:00
1774053000000,2149.68,2153.14,2147.74,2152.44,26822.364,2026-03-21 00:30:00
1774054800000,2152.44,2158.75,2150.01,2152.53,31623.613,2026-03-21 01:00:00
1774056600000,2152.52,2152.53,2146.26,2146.71,30946.26,2026-03-21 01:30:00
1774058400000,2146.71,2152.24,2145.22,2151.03,20848.085,2026-03-21 02:00:00
1774060200000,2151.02,2155.42,2148.54,2153.89,23829.787,2026-03-21 02:30:00
1774062000000,2153.89,2154.95,2151.0,2152.16,16378.435,2026-03-21 03:00:00
1774063800000,2152.15,2153.36,2149.92,2152.43,12550.269,2026-03-21 03:30:00
1774065600000,2152.42,2157.4,2152.31,2155.11,27880.215,2026-03-21 04:00:00
1774067400000,2155.12,2155.12,2148.63,2150.57,30741.722,2026-03-21 04:30:00
1774069200000,2150.58,2155.31,2150.57,2154.74,21666.141,2026-03-21 05:00:00
1774071000000,2154.74,2156.66,2151.47,2152.13,16069.103,2026-03-21 05:30:00
1774072800000,2152.12,2153.97,2151.16,2153.62,11965.308,2026-03-21 06:00:00
1774074600000,2153.61,2155.3,2153.13,2154.62,11281.242,2026-03-21 06:30:00
1774076400000,2154.61,2160.99,2153.58,2158.55,39194.102,2026-03-21 07:00:00
1774078200000,2158.55,2158.76,2151.81,2154.29,29033.421,2026-03-21 07:30:00
1774080000000,2154.29,2156.33,2148.42,2149.24,37581.12,2026-03-21 08:00:00
1774081800000,2149.24,2153.67,2148.57,2152.87,18360.692,2026-03-21 08:30:00
1774083600000,2152.86,2157.43,2152.59,2154.06,27314.471,2026-03-21 09:00:00
1774085400000,2154.06,2158.0,2154.06,2157.39,16397.12,2026-03-21 09:30:00
1774087200000,2157.4,2158.43,2152.72,2154.03,19059.778,2026-03-21 10:00:00
1774089000000,2154.03,2156.19,2152.0,2153.38,12864.276,2026-03-21 10:30:00
1774090800000,2153.38,2155.3,2151.91,2154.32,13261.563,2026-03-21 11:00:00
1774092600000,2154.32,2157.65,2152.89,2156.45,15170.826,2026-03-21 11:30:00
1774094400000,2156.44,2159.9,2156.33,2158.45,23919.992,2026-03-21 12:00:00
1774096200000,2158.46,2158.46,2155.62,2156.8,10544.881,2026-03-21 12:30:00
1774098000000,2156.8,2158.86,2154.26,2154.73,15358.775,2026-03-21 13:00:00
1774099800000,2154.74,2156.58,2153.94,2155.0,12202.192,2026-03-21 13:30:00
1774101600000,2155.0,2168.0,2154.68,2160.79,79894.552,2026-03-21 14:00:00
1774103400000,2160.79,2164.28,2149.0,2151.31,74483.608,2026-03-21 14:30:00
1774105200000,2151.3,2153.57,2145.19,2151.86,65786.373,2026-03-21 15:00:00
1774107000000,2151.85,2156.71,2151.16,2154.17,29596.446,2026-03-21 15:30:00
1774108800000,2154.17,2154.56,2145.5,2147.87,38557.441,2026-03-21 16:00:00
1774110600000,2147.86,2150.22,2142.85,2145.61,38243.787,2026-03-21 16:30:00
1774112400000,2145.6,2147.96,2141.0,2146.72,35648.354,2026-03-21 17:00:00
1774114200000,2146.72,2149.8,2145.74,2147.25,17361.406,2026-03-21 17:30:00
1774116000000,2147.25,2152.7,2146.32,2150.34,25483.697,2026-03-21 18:00:00
1774117800000,2150.34,2154.99,2149.01,2150.06,24403.898,2026-03-21 18:30:00
1774119600000,2150.07,2152.26,2149.73,2151.4,8524.593,2026-03-21 19:00:00
1774121400000,2151.41,2152.15,2148.0,2151.07,11393.067,2026-03-21 19:30:00
1774123200000,2151.07,2154.1,2148.2,2152.88,16094.838,2026-03-21 20:00:00
1774125000000,2152.89,2156.26,2152.43,2154.61,19414.354,2026-03-21 20:30:00
1774126800000,2154.62,2155.96,2151.81,2152.94,11992.15,2026-03-21 21:00:00
1774128600000,2152.94,2155.48,2150.94,2152.45,8401.26,2026-03-21 21:30:00
1774130400000,2152.44,2152.75,2149.0,2149.49,12019.667,2026-03-21 22:00:00
1774132200000,2149.48,2152.37,2148.25,2148.71,8570.494,2026-03-21 22:30:00
1774134000000,2148.72,2148.99,2143.1,2143.48,28282.65,2026-03-21 23:00:00
1774135800000,2143.48,2146.81,2068.14,2083.41,456344.764,2026-03-21 23:30:00
1774137600000,2083.42,2085.5,2046.64,2084.79,428483.01,2026-03-22 00:00:00
1774139400000,2084.79,2094.73,2078.59,2086.19,134780.68,2026-03-22 00:30:00
1774141200000,2086.18,2093.0,2082.05,2088.9,64970.823,2026-03-22 01:00:00
1774143000000,2088.91,2091.65,2080.2,2089.94,60708.522,2026-03-22 01:30:00
1774144800000,2089.94,2108.51,2086.49,2104.55,94125.786,2026-03-22 02:00:00
1774146600000,2104.55,2106.0,2096.68,2101.0,72491.781,2026-03-22 02:30:00
1774148400000,2100.99,2118.69,2096.75,2112.76,86323.539,2026-03-22 03:00:00
1774150200000,2112.75,2127.07,2111.11,2112.83,120399.129,2026-03-22 03:30:00
1774152000000,2112.83,2122.0,2103.85,2111.55,96014.277,2026-03-22 04:00:00
1774153800000,2111.55,2121.0,2108.56,2118.07,61607.12,2026-03-22 04:30:00
1774155600000,2118.06,2119.88,2113.06,2115.12,41087.346,2026-03-22 05:00:00
1774157400000,2115.13,2117.19,2111.11,2111.7,32788.129,2026-03-22 05:30:00
1774159200000,2111.71,2111.73,2106.36,2111.4,48519.73,2026-03-22 06:00:00
1774161000000,2111.4,2112.72,2106.5,2107.62,23702.288,2026-03-22 06:30:00
1774162800000,2107.62,2111.0,2106.48,2109.77,22222.991,2026-03-22 07:00:00
1774164600000,2109.77,2109.86,2091.39,2092.75,127125.539,2026-03-22 07:30:00
1774166400000,2092.75,2095.05,2072.44,2076.09,241062.503,2026-03-22 08:00:00
1774168200000,2076.1,2087.71,2075.45,2085.49,77651.315,2026-03-22 08:30:00
1774170000000,2085.49,2096.25,2078.0,2080.62,133178.719,2026-03-22 09:00:00
1774171800000,2080.62,2085.98,2080.51,2083.7,36400.868,2026-03-22 09:30:00
1774173600000,2083.71,2085.91,2079.0,2082.21,26429.051,2026-03-22 10:00:00
1774175400000,2082.21,2083.8,2076.09,2080.0,36514.295,2026-03-22 10:30:00
1774177200000,2080.01,2082.7,2073.68,2075.21,54164.062,2026-03-22 11:00:00
1774179000000,2075.21,2080.33,2063.2,2068.72,123957.929,2026-03-22 11:30:00
1774180800000,2068.73,2087.69,2067.01,2083.45,91070.199,2026-03-22 12:00:00
1774182600000,2083.44,2084.14,2077.0,2081.27,50549.418,2026-03-22 12:30:00
1774184400000,2081.28,2091.99,2081.15,2084.77,79827.273,2026-03-22 13:00:00
1774186200000,2084.76,2086.82,2071.29,2077.5,65886.677,2026-03-22 13:30:00
1774188000000,2077.5,2084.56,2070.5,2080.0,54456.723,2026-03-22 14:00:00
1774189800000,2080.0,2083.82,2074.3,2076.91,37870.911,2026-03-22 14:30:00
1774191600000,2076.9,2083.75,2076.15,2078.95,38667.045,2026-03-22 15:00:00
1774193400000,2078.95,2082.67,2074.43,2082.0,38566.467,2026-03-22 15:30:00
1774195200000,2082.01,2083.5,2077.38,2078.01,29031.034,2026-03-22 16:00:00
1774197000000,2078.0,2082.92,2076.72,2081.06,25025.681,2026-03-22 16:30:00
1774198800000,2081.05,2083.54,2078.87,2081.29,23598.745,2026-03-22 17:00:00
1774200600000,2081.29,2082.58,2076.31,2078.58,21195.49,2026-03-22 17:30:00
1774202400000,2078.59,2079.47,2073.7,2077.59,24276.355,2026-03-22 18:00:00
1774204200000,2077.6,2079.13,2055.31,2071.01,129758.805,2026-03-22 18:30:00
1774206000000,2071.01,2071.8,2057.35,2058.5,67927.0,2026-03-22 19:00:00
1774207800000,2058.5,2066.51,2052.4,2061.85,74541.801,2026-03-22 19:30:00
1774209600000,2061.85,2071.5,2061.48,2063.65,40296.868,2026-03-22 20:00:00
1774211400000,2063.66,2065.45,2055.08,2057.49,42986.836,2026-03-22 20:30:00
1774213200000,2057.48,2059.59,2024.0,2040.64,312331.694,2026-03-22 21:00:00
1774215000000,2040.64,2048.0,2035.21,2044.67,52964.854,2026-03-22 21:30:00
1774216800000,2044.67,2064.14,2031.1,2058.58,143723.43,2026-03-22 22:00:00
1774218600000,2058.57,2064.6,2052.68,2061.49,54304.43,2026-03-22 22:30:00
1774220400000,2061.5,2074.85,2059.04,2061.1,70795.777,2026-03-22 23:00:00
1774222200000,2061.09,2063.9,2050.1,2052.78,47883.972,2026-03-22 23:30:00
1774224000000,2052.78,2062.71,2047.15,2053.12,63373.366,2026-03-23 00:00:00
1774225800000,2053.12,2053.9,2034.08,2042.62,110853.82,2026-03-23 00:30:00
1774227600000,2042.62,2062.21,2038.17,2058.62,84715.418,2026-03-23 01:00:00
1774229400000,2058.63,2061.0,2046.45,2046.83,55960.071,2026-03-23 01:30:00
1774231200000,2046.83,2069.61,2045.61,2067.01,103046.118,2026-03-23 02:00:00
1774233000000,2067.01,2067.87,2056.2,2062.41,61445.424,2026-03-23 02:30:00
1774234800000,2062.42,2071.99,2054.51,2055.88,69199.146,2026-03-23 03:00:00
1774236600000,2055.88,2057.03,2051.0,2051.76,33386.531,2026-03-23 03:30:00
1774238400000,2051.76,2056.59,2049.18,2054.99,34268.26,2026-03-23 04:00:00
1774240200000,2054.99,2066.0,2054.62,2064.6,43808.275,2026-03-23 04:30:00
1774242000000,2064.6,2071.4,2062.74,2064.29,81584.176,2026-03-23 05:00:00
1774243800000,2064.29,2069.16,2059.59,2068.08,45926.956,2026-03-23 05:30:00
1774245600000,2068.07,2068.08,2053.6,2058.32,64942.384,2026-03-23 06:00:00
1774247400000,2058.32,2058.32,2027.15,2036.36,277849.958,2026-03-23 06:30:00
1774249200000,2036.36,2038.39,2022.0,2031.69,177652.772,2026-03-23 07:00:00
1774251000000,2031.69,2048.96,2030.0,2043.44,104073.826,2026-03-23 07:30:00
1774252800000,2043.44,2057.93,2043.41,2052.01,93071.457,2026-03-23 08:00:00
1774254600000,2052.0,2056.41,2041.98,2046.66,60826.674,2026-03-23 08:30:00
1774256400000,2046.66,2047.97,2036.3,2042.46,70406.63,2026-03-23 09:00:00
1774258200000,2042.46,2042.83,2027.79,2042.51,100163.502,2026-03-23 09:30:00
1774260000000,2042.51,2053.0,2040.75,2044.09,71774.666,2026-03-23 10:00:00
1774261800000,2044.09,2049.3,2039.0,2047.9,37934.371,2026-03-23 10:30:00
1774263600000,2047.9,2198.0,2047.9,2166.4,1430236.469,2026-03-23 11:00:00
1774265400000,2166.41,2179.14,2132.0,2133.85,425001.453,2026-03-23 11:30:00
1774267200000,2133.86,2139.61,2107.11,2124.63,382619.311,2026-03-23 12:00:00
1774269000000,2124.62,2147.25,2120.0,2143.46,186548.913,2026-03-23 12:30:00
1774270800000,2143.47,2154.54,2139.2,2149.41,125003.456,2026-03-23 13:00:00
1774272600000,2149.41,2187.91,2142.0,2184.56,387669.505,2026-03-23 13:30:00
1774274400000,2184.56,2191.83,2173.79,2178.92,233851.329,2026-03-23 14:00:00
1774276200000,2178.91,2182.75,2167.49,2180.03,142346.316,2026-03-23 14:30:00
1774278000000,2180.03,2187.2,2161.82,2163.4,137301.224,2026-03-23 15:00:00
1774279800000,2163.41,2165.99,2123.45,2127.7,344706.608,2026-03-23 15:30:00
1774281600000,2127.7,2139.85,2117.0,2119.61,231217.086,2026-03-23 16:00:00
1774283400000,2119.6,2142.79,2117.02,2135.0,151825.929,2026-03-23 16:30:00
1774285200000,2135.0,2139.32,2123.43,2130.75,93490.719,2026-03-23 17:00:00
1774287000000,2130.74,2158.81,2130.09,2151.75,141884.505,2026-03-23 17:30:00
1774288800000,2151.74,2156.0,2144.33,2145.2,60515.495,2026-03-23 18:00:00
1774290600000,2145.19,2171.5,2145.19,2167.6,130915.68,2026-03-23 18:30:00
1774292400000,2167.59,2178.07,2158.92,2164.26,144187.418,2026-03-23 19:00:00
1774294200000,2164.26,2166.16,2148.01,2153.18,49461.855,2026-03-23 19:30:00
1774296000000,2153.18,2161.64,2149.24,2159.01,27817.778,2026-03-23 20:00:00
1774297800000,2159.02,2165.83,2157.46,2160.42,21306.061,2026-03-23 20:30:00
1774299600000,2160.42,2162.45,2153.4,2155.28,19480.677,2026-03-23 21:00:00
1774301400000,2155.29,2162.45,2155.0,2156.9,13457.236,2026-03-23 21:30:00
1774303200000,2156.89,2158.51,2145.27,2148.11,33429.705,2026-03-23 22:00:00
1774305000000,2148.11,2153.37,2142.57,2151.65,29855.783,2026-03-23 22:30:00
1774306800000,2151.64,2153.0,2138.04,2148.02,45612.163,2026-03-23 23:00:00
1774308600000,2148.03,2154.85,2143.72,2150.98,28315.215,2026-03-23 23:30:00
1774310400000,2150.99,2155.93,2137.18,2141.42,63335.459,2026-03-24 00:00:00
1774312200000,2141.41,2147.5,2129.06,2142.04,81095.607,2026-03-24 00:30:00
1774314000000,2142.04,2148.89,2136.28,2146.36,44662.79,2026-03-24 01:00:00
1774315800000,2146.36,2147.55,2123.24,2136.45,103714.154,2026-03-24 01:30:00
1774317600000,2136.45,2144.85,2132.71,2138.12,45653.984,2026-03-24 02:00:00
1774319400000,2138.11,2142.47,2131.35,2134.93,42827.911,2026-03-24 02:30:00
1774321200000,2134.93,2139.5,2129.58,2138.75,40536.074,2026-03-24 03:00:00
1774323000000,2138.76,2142.9,2134.17,2140.74,43202.31,2026-03-24 03:30:00
1774324800000,2140.75,2151.83,2139.27,2139.27,64671.549,2026-03-24 04:00:00
1774326600000,2139.27,2139.28,2130.66,2135.45,56592.513,2026-03-24 04:30:00
1774328400000,2135.45,2138.24,2128.0,2128.98,61162.848,2026-03-24 05:00:00
1774330200000,2128.98,2137.67,2128.66,2132.85,27388.429,2026-03-24 05:30:00
1774332000000,2132.84,2139.74,2130.75,2136.56,40222.079,2026-03-24 06:00:00
1774333800000,2136.57,2145.99,2136.57,2144.28,50582.958,2026-03-24 06:30:00
1774335600000,2144.28,2166.24,2143.18,2159.81,175577.801,2026-03-24 07:00:00
1774337400000,2159.81,2169.92,2150.22,2164.51,130752.912,2026-03-24 07:30:00
1774339200000,2164.52,2166.59,2151.0,2154.0,98919.189,2026-03-24 08:00:00
1774341000000,2154.0,2162.89,2152.11,2154.01,60418.058,2026-03-24 08:30:00
1774342800000,2154.01,2157.1,2145.69,2152.1,58756.472,2026-03-24 09:00:00
1774344600000,2152.1,2166.3,2150.54,2163.64,71695.92,2026-03-24 09:30:00
1774346400000,2163.63,2163.75,2154.58,2155.28,43718.163,2026-03-24 10:00:00
1774348200000,2155.28,2161.8,2154.13,2160.3,25090.371,2026-03-24 10:30:00
1774350000000,2160.29,2161.95,2151.0,2159.95,59572.485,2026-03-24 11:00:00
1774351800000,2159.94,2174.63,2158.74,2164.58,142906.621,2026-03-24 11:30:00
1774353600000,2164.57,2169.5,2160.66,2166.19,52512.335,2026-03-24 12:00:00
1774355400000,2166.19,2166.19,2157.65,2161.64,42771.41,2026-03-24 12:30:00
1774357200000,2161.65,2165.0,2147.7,2149.65,104020.711,2026-03-24 13:00:00
1774359000000,2149.66,2160.9,2129.03,2137.78,285199.085,2026-03-24 13:30:00
1774360800000,2137.78,2147.94,2124.12,2132.83,185387.594,2026-03-24 14:00:00
1774362600000,2132.83,2142.77,2118.0,2133.38,264696.256,2026-03-24 14:30:00
1774364400000,2133.38,2146.8,2131.32,2137.96,138183.315,2026-03-24 15:00:00
1774366200000,2137.96,2144.5,2130.31,2134.28,93169.873,2026-03-24 15:30:00
1774368000000,2134.28,2139.94,2130.81,2134.69,71476.31,2026-03-24 16:00:00
1774369800000,2134.7,2135.99,2118.7,2126.38,116813.95,2026-03-24 16:30:00
1774371600000,2126.38,2127.99,2110.6,2112.85,158413.562,2026-03-24 17:00:00
1774373400000,2112.85,2115.65,2101.3,2108.27,148529.615,2026-03-24 17:30:00
1774375200000,2108.27,2118.65,2103.96,2116.32,81643.142,2026-03-24 18:00:00
1774377000000,2116.32,2127.1,2115.33,2118.02,71980.044,2026-03-24 18:30:00
1774378800000,2118.03,2127.57,2118.03,2119.5,35789.218,2026-03-24 19:00:00
1774380600000,2119.49,2120.51,2113.15,2115.9,30246.122,2026-03-24 19:30:00
1774382400000,2115.9,2154.17,2114.36,2140.87,150571.899,2026-03-24 20:00:00
1774384200000,2140.86,2153.64,2140.86,2147.78,85625.471,2026-03-24 20:30:00
1774386000000,2147.78,2150.0,2139.32,2143.82,32454.177,2026-03-24 21:00:00
1774387800000,2143.82,2151.54,2141.8,2147.71,27673.572,2026-03-24 21:30:00
1774389600000,2147.72,2154.98,2143.28,2145.59,48638.319,2026-03-24 22:00:00
1774391400000,2145.59,2146.91,2139.1,2144.39,37369.296,2026-03-24 22:30:00
1774393200000,2144.39,2159.73,2142.17,2158.66,61776.823,2026-03-24 23:00:00
1774395000000,2158.66,2162.87,2154.72,2155.16,55706.582,2026-03-24 23:30:00
1774396800000,2155.16,2159.95,2152.04,2154.07,38692.903,2026-03-25 00:00:00
1774398600000,2154.06,2167.89,2143.73,2160.43,119771.242,2026-03-25 00:30:00
1774400400000,2160.43,2166.0,2156.0,2159.83,49847.505,2026-03-25 01:00:00
1774402200000,2159.82,2164.0,2155.11,2155.45,36030.579,2026-03-25 01:30:00
1774404000000,2155.45,2157.6,2152.24,2155.16,46114.707,2026-03-25 02:00:00
1774405800000,2155.17,2160.5,2152.95,2154.52,34536.151,2026-03-25 02:30:00
1774407600000,2154.52,2155.32,2145.0,2151.46,61982.034,2026-03-25 03:00:00
1774409400000,2151.46,2159.5,2151.46,2157.34,41637.215,2026-03-25 03:30:00
1774411200000,2157.33,2163.5,2155.35,2162.23,45726.066,2026-03-25 04:00:00
1774413000000,2162.23,2166.84,2158.58,2165.09,40757.469,2026-03-25 04:30:00
1774414800000,2165.09,2179.6,2163.0,2170.84,168549.961,2026-03-25 05:00:00
1774416600000,2170.84,2172.5,2167.0,2167.75,38221.02,2026-03-25 05:30:00
1774418400000,2167.74,2171.26,2162.0,2170.84,66041.338,2026-03-25 06:00:00
1774420200000,2170.84,2172.0,2161.0,2162.62,52748.899,2026-03-25 06:30:00
1774422000000,2162.63,2171.41,2161.8,2167.12,43179.577,2026-03-25 07:00:00
1774423800000,2167.11,2177.0,2158.0,2163.71,105948.101,2026-03-25 07:30:00
1774425600000,2163.71,2185.56,2163.18,2178.2,129603.506,2026-03-25 08:00:00
1774427400000,2178.2,2189.69,2174.02,2175.24,167305.844,2026-03-25 08:30:00
1774429200000,2175.23,2183.58,2173.62,2179.38,74390.774,2026-03-25 09:00:00
1774431000000,2179.38,2188.0,2174.0,2185.14,62595.277,2026-03-25 09:30:00
1774432800000,2185.15,2187.34,2181.41,2183.21,64341.867,2026-03-25 10:00:00
1774434600000,2183.21,2186.29,2179.57,2183.81,36764.492,2026-03-25 10:30:00
1774436400000,2183.8,2195.0,2182.0,2191.64,100970.49,2026-03-25 11:00:00
1774438200000,2191.65,2199.0,2177.98,2184.92,177826.917,2026-03-25 11:30:00
1774440000000,2184.93,2192.73,2166.1,2170.91,201845.984,2026-03-25 12:00:00
1774441800000,2170.91,2194.39,2163.66,2182.45,180083.887,2026-03-25 12:30:00
1774443600000,2182.44,2188.47,2178.5,2181.75,60066.143,2026-03-25 13:00:00
1774445400000,2181.74,2197.46,2180.55,2183.33,160657.522,2026-03-25 13:30:00
1774447200000,2183.32,2187.0,2174.0,2179.16,117731.175,2026-03-25 14:00:00
1774449000000,2179.17,2185.29,2172.0,2173.3,60953.137,2026-03-25 14:30:00
1774450800000,2173.31,2176.06,2146.46,2165.18,268649.714,2026-03-25 15:00:00
1774452600000,2165.17,2167.26,2156.54,2161.69,82694.944,2026-03-25 15:30:00
1774454400000,2161.7,2187.0,2155.08,2175.18,163389.687,2026-03-25 16:00:00
1774456200000,2175.17,2181.59,2170.12,2173.06,87648.368,2026-03-25 16:30:00
1774458000000,2173.05,2175.4,2164.0,2167.7,66549.835,2026-03-25 17:00:00
1774459800000,2167.71,2168.08,2158.58,2163.25,56706.256,2026-03-25 17:30:00
1774461600000,2163.24,2172.98,2162.09,2168.52,47956.334,2026-03-25 18:00:00
1774463400000,2168.52,2170.0,2156.56,2161.35,39834.638,2026-03-25 18:30:00
1774465200000,2161.34,2172.65,2158.5,2169.86,48305.257,2026-03-25 19:00:00
1774467000000,2169.85,2175.92,2166.44,2171.75,35579.261,2026-03-25 19:30:00
1774468800000,2171.75,2172.22,2158.04,2160.5,30174.431,2026-03-25 20:00:00
1774470600000,2160.51,2166.87,2159.56,2165.61,18241.863,2026-03-25 20:30:00
1774472400000,2165.61,2168.68,2161.24,2162.96,18318.294,2026-03-25 21:00:00
1774474200000,2162.97,2164.91,2160.77,2162.98,8840.812,2026-03-25 21:30:00
1774476000000,2162.99,2166.67,2160.53,2162.95,13466.266,2026-03-25 22:00:00
1774477800000,2162.95,2183.6,2162.21,2173.71,102323.675,2026-03-25 22:30:00
1774479600000,2173.71,2176.56,2169.24,2172.42,24251.559,2026-03-25 23:00:00
1774481400000,2172.43,2172.67,2163.42,2168.29,33464.83,2026-03-25 23:30:00
1774483200000,2168.29,2170.62,2163.38,2165.06,27818.899,2026-03-26 00:00:00
1774485000000,2165.05,2171.55,2161.33,2165.57,30157.094,2026-03-26 00:30:00
1774486800000,2165.56,2168.83,2158.6,2166.05,42446.442,2026-03-26 01:00:00
1774488600000,2166.05,2168.75,2161.65,2164.0,22169.86,2026-03-26 01:30:00
1774490400000,2164.01,2165.2,2151.38,2153.3,66670.629,2026-03-26 02:00:00
1774492200000,2153.29,2153.64,2142.47,2149.22,99887.928,2026-03-26 02:30:00
1774494000000,2149.22,2155.28,2143.8,2147.01,54261.121,2026-03-26 03:00:00
1774495800000,2147.01,2153.8,2146.8,2152.4,27514.065,2026-03-26 03:30:00
1774497600000,2152.4,2152.74,2146.81,2151.69,27227.028,2026-03-26 04:00:00
1774499400000,2151.69,2153.62,2147.7,2148.67,29208.088,2026-03-26 04:30:00
1774501200000,2148.67,2150.06,2136.05,2141.31,112456.311,2026-03-26 05:00:00
1774503000000,2141.3,2144.09,2112.24,2119.08,266287.66,2026-03-26 05:30:00
1774504800000,2119.08,2124.37,2111.09,2121.95,124717.232,2026-03-26 06:00:00
1774506600000,2121.95,2123.99,2117.47,2121.02,44939.023,2026-03-26 06:30:00
1774508400000,2121.03,2124.26,2113.84,2116.96,61680.356,2026-03-26 07:00:00
1774510200000,2116.96,2123.8,2111.33,2122.57,53291.415,2026-03-26 07:30:00
1774512000000,2122.58,2126.46,2113.04,2115.01,68297.953,2026-03-26 08:00:00
1774513800000,2115.0,2121.0,2113.5,2118.98,43779.396,2026-03-26 08:30:00
1774515600000,2118.99,2121.7,2114.44,2116.26,46544.284,2026-03-26 09:00:00
1774517400000,2116.25,2116.26,2073.47,2081.55,462534.854,2026-03-26 09:30:00
1774519200000,2081.55,2082.96,2071.43,2082.0,117793.345,2026-03-26 10:00:00
1774521000000,2082.01,2082.29,2073.46,2077.71,45617.655,2026-03-26 10:30:00
1774522800000,2077.71,2081.0,2059.94,2067.35,160108.444,2026-03-26 11:00:00
1774524600000,2067.35,2073.0,2066.4,2067.38,50339.07,2026-03-26 11:30:00
1774526400000,2067.38,2072.0,2064.67,2070.71,70274.373,2026-03-26 12:00:00
1774528200000,2070.71,2074.56,2065.41,2072.58,45206.193,2026-03-26 12:30:00
1774530000000,2072.58,2080.23,2071.29,2075.46,73908.048,2026-03-26 13:00:00
1774531800000,2075.46,2093.0,2068.42,2080.07,253787.098,2026-03-26 13:30:00
1774533600000,2080.08,2084.8,2071.01,2075.0,87069.118,2026-03-26 14:00:00
1774535400000,2075.0,2084.64,2065.5,2074.9,105856.28,2026-03-26 14:30:00
1774537200000,2074.91,2075.71,2050.01,2064.83,219534.633,2026-03-26 15:00:00
1774539000000,2064.84,2074.66,2061.5,2069.22,91860.905,2026-03-26 15:30:00
1774540800000,2069.23,2070.09,2062.7,2063.61,57312.576,2026-03-26 16:00:00
1774542600000,2063.61,2067.4,2058.39,2059.99,48185.346,2026-03-26 16:30:00
1774544400000,2060.0,2067.4,2059.0,2067.4,29139.288,2026-03-26 17:00:00
1774546200000,2067.4,2070.0,2041.85,2048.49,151384.048,2026-03-26 17:30:00
1774548000000,2048.49,2054.89,2032.92,2036.31,191229.479,2026-03-26 18:00:00
1774549800000,2036.31,2046.33,2036.06,2045.98,50882.137,2026-03-26 18:30:00
1774551600000,2045.97,2046.66,2039.2,2040.95,36329.766,2026-03-26 19:00:00
1774553400000,2040.96,2053.15,2038.2,2047.7,55853.796,2026-03-26 19:30:00
1774555200000,2047.71,2079.68,2045.2,2067.52,242327.096,2026-03-26 20:00:00
1774557000000,2067.51,2072.2,2061.3,2063.66,34178.009,2026-03-26 20:30:00
1774558800000,2063.66,2076.79,2058.59,2072.25,50959.915,2026-03-26 21:00:00
1774560600000,2072.25,2073.68,2067.02,2067.25,20077.682,2026-03-26 21:30:00
1774562400000,2067.26,2072.63,2052.47,2061.36,52511.22,2026-03-26 22:00:00
1774564200000,2061.35,2064.79,2057.5,2064.79,23038.513,2026-03-26 22:30:00
1774566000000,2064.8,2068.88,2057.54,2061.01,32215.15,2026-03-26 23:00:00
1774567800000,2061.01,2061.33,2055.01,2059.36,32076.291,2026-03-26 23:30:00
1774569600000,2059.36,2066.8,2056.99,2059.15,38768.639,2026-03-27 00:00:00
1774571400000,2059.16,2065.76,2055.57,2064.19,34331.148,2026-03-27 00:30:00
1774573200000,2064.18,2071.8,2062.35,2070.66,41550.522,2026-03-27 01:00:00
1774575000000,2070.66,2074.31,2067.09,2073.31,32230.864,2026-03-27 01:30:00
1774576800000,2073.3,2076.29,2069.15,2071.94,42005.532,2026-03-27 02:00:00
1774578600000,2071.93,2075.09,2065.72,2067.1,25898.302,2026-03-27 02:30:00
1774580400000,2067.11,2068.0,2058.02,2062.43,53732.487,2026-03-27 03:00:00
1774582200000,2062.43,2064.58,2058.3,2060.51,27343.648,2026-03-27 03:30:00
1774584000000,2060.51,2061.11,2042.0,2050.45,165502.261,2026-03-27 04:00:00
1774585800000,2050.45,2053.68,2049.1,2052.13,27880.331,2026-03-27 04:30:00
1774587600000,2052.14,2066.52,2050.98,2057.88,87974.567,2026-03-27 05:00:00
1774589400000,2057.88,2062.01,2055.16,2060.16,26759.655,2026-03-27 05:30:00
1774591200000,2060.16,2066.74,2057.54,2063.69,34210.87,2026-03-27 06:00:00
1774593000000,2063.7,2067.89,2060.06,2061.56,30673.712,2026-03-27 06:30:00
1774594800000,2061.56,2072.99,2058.28,2069.34,63076.94,2026-03-27 07:00:00
1774596600000,2069.34,2070.38,2061.33,2064.77,75492.161,2026-03-27 07:30:00
1774598400000,2064.77,2068.74,2053.13,2053.33,81880.074,2026-03-27 08:00:00
1774600200000,2053.33,2056.65,2032.71,2046.45,236628.086,2026-03-27 08:30:00
1774602000000,2046.46,2050.8,2035.0,2049.31,97536.86,2026-03-27 09:00:00
1774603800000,2049.31,2049.31,2039.28,2040.05,46417.316,2026-03-27 09:30:00
1774605600000,2040.06,2044.13,2036.36,2042.16,52589.53,2026-03-27 10:00:00
1774607400000,2042.17,2043.5,1977.02,1989.73,640696.919,2026-03-27 10:30:00
1774609200000,1989.73,1996.59,1980.5,1995.65,153882.275,2026-03-27 11:00:00
1774611000000,1995.66,1997.0,1988.0,1990.22,87941.297,2026-03-27 11:30:00
1774612800000,1990.22,1992.18,1985.23,1986.17,87129.69,2026-03-27 12:00:00
1774614600000,1986.16,1990.22,1980.11,1988.01,77712.374,2026-03-27 12:30:00
1774616400000,1988.01,1995.97,1985.61,1994.24,66323.115,2026-03-27 13:00:00
1774618200000,1994.24,1995.77,1962.54,1977.79,334038.776,2026-03-27 13:30:00
1774620000000,1977.8,1987.7,1970.54,1972.57,157437.033,2026-03-27 14:00:00
1774621800000,1972.57,1989.22,1972.0,1988.05,126469.971,2026-03-27 14:30:00
1774623600000,1988.04,1999.98,1982.0,1994.0,166491.121,2026-03-27 15:00:00
1774625400000,1994.0,2009.75,1987.55,1990.0,224531.657,2026-03-27 15:30:00
1774627200000,1990.0,1990.12,1980.01,1984.16,102339.5,2026-03-27 16:00:00
1774629000000,1984.16,1992.42,1978.84,1985.64,72085.939,2026-03-27 16:30:00
1774630800000,1985.64,1997.04,1981.3,1982.21,80054.828,2026-03-27 17:00:00
1774632600000,1982.2,1984.21,1973.66,1976.32,70283.159,2026-03-27 17:30:00
1774634400000,1976.31,1984.87,1973.09,1978.79,53678.733,2026-03-27 18:00:00
1774636200000,1978.78,1985.8,1977.17,1983.3,32500.92,2026-03-27 18:30:00
1774638000000,1983.3,1990.11,1977.56,1988.87,46633.503,2026-03-27 19:00:00
1774639800000,1988.86,1997.0,1986.5,1990.3,68163.042,2026-03-27 19:30:00
1774641600000,1990.31,1995.0,1976.49,1982.48,45635.304,2026-03-27 20:00:00
1774643400000,1982.49,1987.5,1980.15,1985.0,26859.3,2026-03-27 20:30:00
1774645200000,1985.0,1990.62,1984.84,1987.95,14369.366,2026-03-27 21:00:00
1774647000000,1987.97,1988.97,1983.08,1984.68,13328.716,2026-03-27 21:30:00
1774648800000,1984.69,1986.16,1980.72,1983.65,12150.622,2026-03-27 22:00:00
1774650600000,1983.65,1985.48,1980.3,1984.31,13144.772,2026-03-27 22:30:00
1774652400000,1984.3,1988.19,1979.24,1987.19,23994.777,2026-03-27 23:00:00
1774654200000,1987.2,1993.25,1986.97,1991.71,23249.911,2026-03-27 23:30:00
1774656000000,1991.71,1992.62,1988.51,1991.09,21575.129,2026-03-28 00:00:00
1774657800000,1991.09,1994.5,1990.29,1991.4,21808.309,2026-03-28 00:30:00
1774659600000,1991.4,1991.71,1983.93,1987.15,22358.29,2026-03-28 01:00:00
1774661400000,1987.14,1989.91,1983.25,1989.39,20625.945,2026-03-28 01:30:00
1774663200000,1989.39,1992.67,1983.56,1984.22,29549.235,2026-03-28 02:00:00
1774665000000,1984.22,1986.3,1981.28,1986.05,21804.758,2026-03-28 02:30:00
1774666800000,1986.06,1989.61,1985.82,1989.39,15023.594,2026-03-28 03:00:00
1774668600000,1989.39,1990.21,1987.11,1988.12,16633.75,2026-03-28 03:30:00
1774670400000,1988.12,1991.64,1985.99,1990.17,18060.678,2026-03-28 04:00:00
1774672200000,1990.17,1990.76,1988.37,1989.53,14342.804,2026-03-28 04:30:00
1774674000000,1989.52,1993.2,1986.97,1991.43,21562.223,2026-03-28 05:00:00
1774675800000,1991.42,1993.99,1990.7,1992.99,23668.758,2026-03-28 05:30:00
1774677600000,1992.99,2006.59,1991.83,2002.47,109521.617,2026-03-28 06:00:00
1774679400000,2002.47,2004.0,1998.56,1999.6,43281.289,2026-03-28 06:30:00
1774681200000,1999.6,2006.63,1999.36,2004.0,30478.148,2026-03-28 07:00:00
1774683000000,2003.99,2007.46,2002.85,2005.91,27957.781,2026-03-28 07:30:00
1774684800000,2005.91,2007.37,2002.71,2003.04,34888.691,2026-03-28 08:00:00
1774686600000,2003.05,2003.27,1997.03,1998.11,42078.383,2026-03-28 08:30:00
1774688400000,1998.1,1998.4,1994.04,1997.92,36626.104,2026-03-28 09:00:00
1774690200000,1997.92,1998.74,1995.4,1998.32,16707.219,2026-03-28 09:30:00
1774692000000,1998.32,2003.59,1992.0,1993.68,48209.528,2026-03-28 10:00:00
1774693800000,1993.67,1996.43,1991.2,1995.71,27539.952,2026-03-28 10:30:00
1774695600000,1995.71,1997.5,1994.49,1996.7,15656.564,2026-03-28 11:00:00
1774697400000,1996.7,1999.99,1995.12,1996.47,24207.942,2026-03-28 11:30:00
1774699200000,1996.47,2003.5,1994.63,2000.67,33642.755,2026-03-28 12:00:00
1774701000000,2000.67,2001.15,1990.41,1998.56,45851.78,2026-03-28 12:30:00
1774702800000,1998.57,2002.26,1998.09,2001.65,43419.538,2026-03-28 13:00:00
1774704600000,2001.65,2054.01,2001.47,2025.55,358671.465,2026-03-28 13:30:00
1774706400000,2025.54,2026.31,2018.33,2023.57,77942.486,2026-03-28 14:00:00
1774708200000,2023.57,2028.26,2013.02,2019.91,66681.443,2026-03-28 14:30:00
1774710000000,2019.9,2041.45,2017.5,2027.42,136321.514,2026-03-28 15:00:00
1774711800000,2027.44,2030.93,2022.8,2026.0,53880.921,2026-03-28 15:30:00
1774713600000,2026.0,2029.38,2023.67,2027.65,29810.659,2026-03-28 16:00:00
1774715400000,2027.66,2027.66,2020.01,2023.45,33085.507,2026-03-28 16:30:00
1774717200000,2023.45,2026.0,2018.89,2020.42,26684.184,2026-03-28 17:00:00
1774719000000,2020.41,2023.74,2015.3,2019.98,33946.379,2026-03-28 17:30:00
1774720800000,2019.98,2024.0,2019.45,2021.1,14028.646,2026-03-28 18:00:00
1774722600000,2021.1,2022.8,2019.68,2020.67,7241.814,2026-03-28 18:30:00
1774724400000,2020.67,2021.94,2016.39,2019.21,12425.869,2026-03-28 19:00:00
1774726200000,2019.21,2020.04,2018.06,2019.69,8328.782,2026-03-28 19:30:00
1774728000000,2019.69,2025.72,2019.59,2022.56,20888.664,2026-03-28 20:00:00
1774729800000,2022.56,2025.93,2021.3,2023.54,8437.98,2026-03-28 20:30:00
1774731600000,2023.55,2024.8,2017.09,2018.7,15983.845,2026-03-28 21:00:00
1774733400000,2018.7,2019.29,2004.0,2008.67,58490.163,2026-03-28 21:30:00
1774735200000,2008.67,2012.3,2004.2,2010.5,36424.376,2026-03-28 22:00:00
1774737000000,2010.5,2012.19,2007.71,2010.76,12724.394,2026-03-28 22:30:00
1774738800000,2010.75,2010.76,1987.14,1995.01,115680.979,2026-03-28 23:00:00
1774740600000,1995.0,1998.71,1991.26,1993.46,32141.4,2026-03-28 23:30:00
1774742400000,1993.47,1997.75,1990.18,1992.61,35436.302,2026-03-29 00:00:00
1774744200000,1992.61,1998.88,1991.8,1997.89,33730.219,2026-03-29 00:30:00
1774746000000,1997.89,2008.09,1996.69,2003.54,53593.188,2026-03-29 01:00:00
1774747800000,2003.54,2004.22,1998.0,2004.03,24714.772,2026-03-29 01:30:00
1774749600000,2004.04,2006.67,2002.33,2004.48,20252.272,2026-03-29 02:00:00
1774751400000,2004.48,2009.99,2001.44,2008.0,32822.279,2026-03-29 02:30:00
1774753200000,2008.0,2018.93,2005.85,2012.6,64829.6,2026-03-29 03:00:00
1774755000000,2012.59,2014.0,2009.44,2010.17,19552.33,2026-03-29 03:30:00
1774756800000,2010.17,2011.99,2003.92,2005.29,32208.388,2026-03-29 04:00:00
1774758600000,2005.29,2006.83,2003.05,2005.04,23061.549,2026-03-29 04:30:00
1774760400000,2005.04,2005.6,1996.25,1999.5,48395.475,2026-03-29 05:00:00
1774762200000,1999.5,2006.76,1999.2,2004.41,25005.118,2026-03-29 05:30:00
1774764000000,2004.4,2007.77,1998.83,2000.9,22944.819,2026-03-29 06:00:00
1774765800000,2000.9,2006.23,2000.32,2003.86,21043.086,2026-03-29 06:30:00
1774767600000,2003.85,2004.06,1999.0,2003.21,22639.973,2026-03-29 07:00:00
1774769400000,2003.2,2008.94,2002.03,2005.09,23129.891,2026-03-29 07:30:00
1774771200000,2005.1,2006.5,2001.39,2003.88,17509.415,2026-03-29 08:00:00
1774773000000,2003.88,2005.47,2002.4,2003.31,12173.899,2026-03-29 08:30:00
1774774800000,2003.3,2004.56,1999.1,2001.54,19837.889,2026-03-29 09:00:00
1774776600000,2001.55,2002.9,1992.37,1998.19,54206.57,2026-03-29 09:30:00
1774778400000,1998.19,1998.19,1990.3,1993.01,54823.087,2026-03-29 10:00:00
1774780200000,1993.01,1997.0,1991.01,1995.01,33532.901,2026-03-29 10:30:00
1774782000000,1995.01,2007.5,1994.4,2003.06,61687.726,2026-03-29 11:00:00
1774783800000,2003.06,2007.5,2001.4,2002.66,26864.316,2026-03-29 11:30:00
1774785600000,2002.67,2004.0,2000.35,2001.79,17852.392,2026-03-29 12:00:00
1774787400000,2001.78,2003.22,1996.61,2000.9,30623.147,2026-03-29 12:30:00
1774789200000,2000.9,2001.32,1982.06,1990.45,133422.902,2026-03-29 13:00:00
1774791000000,1990.45,1992.78,1984.38,1986.37,45200.622,2026-03-29 13:30:00
1774792800000,1986.38,2001.98,1983.0,1991.0,98037.926,2026-03-29 14:00:00
1774794600000,1991.0,1994.22,1990.02,1993.22,36936.802,2026-03-29 14:30:00
1774796400000,1993.21,1999.54,1985.14,1988.92,130927.592,2026-03-29 15:00:00
1774798200000,1988.92,1993.57,1986.64,1992.02,39270.485,2026-03-29 15:30:00
1774800000000,1992.02,2003.97,1990.78,2000.03,82954.584,2026-03-29 16:00:00
1774801800000,2000.03,2000.04,1995.5,1996.78,32899.788,2026-03-29 16:30:00
1774803600000,1996.78,1999.31,1986.68,1989.65,55087.99,2026-03-29 17:00:00
1774805400000,1989.64,1996.88,1988.88,1994.42,28233.079,2026-03-29 17:30:00
1774807200000,1994.43,1995.4,1990.5,1992.89,23178.553,2026-03-29 18:00:00
1774809000000,1992.89,2001.75,1992.3,1996.51,41306.209,2026-03-29 18:30:00
1774810800000,1996.5,1999.55,1995.11,1996.9,11984.111,2026-03-29 19:00:00
1774812600000,1996.9,1998.66,1993.14,1994.93,12537.098,2026-03-29 19:30:00
1774814400000,1994.93,2008.94,1994.8,2005.33,41255.852,2026-03-29 20:00:00
1774816200000,2005.33,2005.97,1999.39,2001.65,16363.399,2026-03-29 20:30:00
1774818000000,2001.64,2004.54,2000.38,2003.17,11774.822,2026-03-29 21:00:00
1774819800000,2003.18,2006.5,2002.08,2005.34,15517.05,2026-03-29 21:30:00
1774821600000,2005.34,2005.46,1987.0,1993.47,79717.737,2026-03-29 22:00:00
1774823400000,1993.48,1994.25,1936.0,1972.52,438337.0,2026-03-29 22:30:00
1774825200000,1972.51,1993.96,1972.3,1981.91,195554.814,2026-03-29 23:00:00
1774827000000,1981.91,1991.0,1971.0,1983.26,141110.413,2026-03-29 23:30:00
1774828800000,1983.27,2024.48,1978.6,2006.49,219012.376,2026-03-30 00:00:00
1774830600000,2006.48,2012.39,1990.15,1996.17,99128.888,2026-03-30 00:30:00
1774832400000,1996.18,2010.32,1995.74,2006.49,78993.847,2026-03-30 01:00:00
1774834200000,2006.48,2015.7,2004.67,2009.57,66490.329,2026-03-30 01:30:00
1774836000000,2009.57,2020.8,2007.52,2013.42,65593.351,2026-03-30 02:00:00
1774837800000,2013.42,2043.0,2006.1,2029.07,250659.36,2026-03-30 02:30:00
1774839600000,2029.07,2038.99,2026.51,2036.99,76393.102,2026-03-30 03:00:00
1774841400000,2036.99,2041.79,2032.82,2035.24,54943.942,2026-03-30 03:30:00
1774843200000,2035.24,2053.59,2035.04,2046.06,122671.23,2026-03-30 04:00:00
1774845000000,2046.07,2050.0,2042.01,2047.5,63623.876,2026-03-30 04:30:00
1774846800000,2047.5,2058.79,2047.09,2053.61,121881.895,2026-03-30 05:00:00
1774848600000,2053.6,2055.8,2042.66,2046.82,70607.308,2026-03-30 05:30:00
1774850400000,2046.82,2051.29,2042.24,2044.55,63172.007,2026-03-30 06:00:00
1774852200000,2044.55,2048.75,2040.0,2041.48,52888.091,2026-03-30 06:30:00
1774854000000,2041.49,2048.47,2040.6,2043.66,36962.749,2026-03-30 07:00:00
1774855800000,2043.69,2069.43,2040.48,2058.62,159922.312,2026-03-30 07:30:00
1774857600000,2058.62,2067.25,2057.06,2059.06,103170.83,2026-03-30 08:00:00
1774859400000,2059.07,2075.89,2058.9,2061.13,115106.073,2026-03-30 08:30:00
1774861200000,2061.13,2062.0,2054.43,2055.3,65203.771,2026-03-30 09:00:00
1774863000000,2055.3,2056.79,2052.69,2054.2,44929.456,2026-03-30 09:30:00
1774864800000,2054.2,2057.59,2051.11,2052.71,35340.608,2026-03-30 10:00:00
1774866600000,2052.72,2057.55,2046.63,2057.2,57970.07,2026-03-30 10:30:00
1774868400000,2057.2,2081.92,2056.73,2065.7,172461.354,2026-03-30 11:00:00
1774870200000,2065.69,2074.0,2063.75,2070.48,99233.142,2026-03-30 11:30:00
1774872000000,2070.48,2075.96,2068.0,2069.79,68058.548,2026-03-30 12:00:00
1774873800000,2069.79,2077.77,2069.69,2073.55,55017.86,2026-03-30 12:30:00
1774875600000,2073.54,2084.81,2069.23,2072.31,99556.321,2026-03-30 13:00:00
1774877400000,2072.31,2076.61,2056.95,2059.8,184676.54,2026-03-30 13:30:00
1774879200000,2059.79,2069.94,2050.01,2052.89,144009.97,2026-03-30 14:00:00
1774881000000,2052.89,2075.31,2043.0,2070.63,248669.933,2026-03-30 14:30:00
1774882800000,2070.62,2079.32,2060.5,2066.65,119948.209,2026-03-30 15:00:00
1774884600000,2066.66,2078.88,2064.54,2073.3,104227.735,2026-03-30 15:30:00
1774886400000,2073.3,2074.0,2061.54,2063.31,72074.109,2026-03-30 16:00:00
1774888200000,2063.3,2066.85,2057.7,2065.26,59748.266,2026-03-30 16:30:00
1774890000000,2065.26,2071.92,2030.67,2040.36,194601.851,2026-03-30 17:00:00
1774891800000,2040.36,2049.79,2035.01,2040.96,95523.594,2026-03-30 17:30:00
1774893600000,2040.96,2043.85,2031.54,2035.15,82130.596,2026-03-30 18:00:00
1774895400000,2035.16,2040.5,2026.49,2031.8,78470.136,2026-03-30 18:30:00
1774897200000,2031.79,2032.01,2012.0,2015.26,125025.881,2026-03-30 19:00:00
1774899000000,2015.27,2026.56,2013.26,2022.93,68566.308,2026-03-30 19:30:00
1774900800000,2022.92,2027.38,2020.19,2024.66,36579.432,2026-03-30 20:00:00
1774902600000,2024.66,2025.6,2020.19,2022.55,25561.134,2026-03-30 20:30:00
1774904400000,2022.55,2048.25,2020.26,2041.08,96277.866,2026-03-30 21:00:00
1774906200000,2041.08,2046.21,2034.69,2035.13,31413.809,2026-03-30 21:30:00
1774908000000,2035.12,2043.24,2031.11,2036.15,32776.906,2026-03-30 22:00:00
1774909800000,2036.16,2036.16,2027.75,2032.2,19719.85,2026-03-30 22:30:00
1774911600000,2032.21,2032.21,2012.58,2024.14,96543.742,2026-03-30 23:00:00
1774913400000,2024.15,2026.91,2022.16,2025.71,27962.455,2026-03-30 23:30:00
1774915200000,2025.7,2027.13,2015.22,2026.01,71402.712,2026-03-31 00:00:00
1774917000000,2026.0,2041.01,2022.34,2036.08,96734.803,2026-03-31 00:30:00
1774918800000,2036.08,2063.6,2031.3,2060.44,160619.326,2026-03-31 01:00:00
1774920600000,2060.43,2091.88,2057.1,2072.03,277919.024,2026-03-31 01:30:00
1774922400000,2072.02,2082.8,2065.8,2076.77,68314.754,2026-03-31 02:00:00
1774924200000,2076.76,2078.35,2071.01,2072.02,39389.322,2026-03-31 02:30:00
1774926000000,2072.02,2075.86,2063.48,2066.0,65083.903,2026-03-31 03:00:00
1774927800000,2066.0,2068.8,2060.41,2065.99,58740.705,2026-03-31 03:30:00
1774929600000,2066.0,2071.83,2056.09,2059.73,77410.487,2026-03-31 04:00:00
1774931400000,2059.72,2066.14,2056.15,2059.94,41283.157,2026-03-31 04:30:00
1774933200000,2059.94,2065.3,2054.1,2063.93,52520.018,2026-03-31 05:00:00
1774935000000,2063.93,2068.5,2061.89,2063.42,37520.685,2026-03-31 05:30:00
1774936800000,2063.42,2064.0,2054.37,2056.72,40487.77,2026-03-31 06:00:00
1774938600000,2056.71,2062.51,2054.03,2061.46,28862.82,2026-03-31 06:30:00
1774940400000,2061.5,2062.24,2040.87,2049.52,122728.612,2026-03-31 07:00:00
1774942200000,2049.51,2056.44,2047.3,2054.99,50744.115,2026-03-31 07:30:00
1774944000000,2054.99,2058.19,2050.0,2053.34,39665.56,2026-03-31 08:00:00
1774945800000,2053.33,2053.56,2034.48,2039.01,123353.477,2026-03-31 08:30:00
1774947600000,2039.0,2043.65,2020.92,2025.4,148283.474,2026-03-31 09:00:00
1774949400000,2025.4,2031.2,2010.79,2017.5,159435.942,2026-03-31 09:30:00
1774951200000,2017.49,2027.92,2016.0,2025.0,77774.197,2026-03-31 10:00:00
1774953000000,2024.99,2029.5,2019.67,2025.45,50044.919,2026-03-31 10:30:00
1774954800000,2025.45,2041.96,2021.6,2036.83,166802.31,2026-03-31 11:00:00
1774956600000,2036.83,2043.6,2035.01,2040.1,64736.527,2026-03-31 11:30:00
1774958400000,2040.09,2052.43,2033.88,2050.93,126105.91,2026-03-31 12:00:00
1774960200000,2050.93,2057.46,2043.39,2046.61,137591.825,2026-03-31 12:30:00
1774962000000,2046.61,2064.98,2046.6,2057.29,105629.445,2026-03-31 13:00:00
1774963800000,2057.29,2078.96,2056.3,2074.02,226642.265,2026-03-31 13:30:00
1774965600000,2074.01,2091.29,2067.0,2085.5,284849.719,2026-03-31 14:00:00
1774967400000,2085.51,2087.6,2036.03,2045.01,369368.446,2026-03-31 14:30:00
1774969200000,2045.01,2077.66,2044.5,2059.73,310297.323,2026-03-31 15:00:00
1774971000000,2059.74,2066.9,2052.18,2054.0,116984.592,2026-03-31 15:30:00
1774972800000,2054.0,2070.91,2053.38,2065.39,91753.249,2026-03-31 16:00:00
1774974600000,2065.38,2109.0,2060.54,2090.91,498411.286,2026-03-31 16:30:00
1774976400000,2090.9,2124.44,2087.9,2107.2,351829.072,2026-03-31 17:00:00
1774978200000,2107.2,2113.29,2089.02,2092.78,184564.744,2026-03-31 17:30:00
1774980000000,2092.77,2114.5,2092.69,2101.6,120165.605,2026-03-31 18:00:00
1774981800000,2101.6,2105.36,2095.44,2098.99,45537.827,2026-03-31 18:30:00
1774983600000,2098.98,2103.56,2095.67,2097.27,41769.706,2026-03-31 19:00:00
1774985400000,2097.28,2099.41,2091.05,2095.74,38819.527,2026-03-31 19:30:00
1774987200000,2095.74,2106.07,2095.34,2102.74,39396.82,2026-03-31 20:00:00
1774989000000,2102.73,2109.98,2100.29,2106.81,30166.156,2026-03-31 20:30:00
1774990800000,2106.8,2106.81,2092.22,2099.24,37047.739,2026-03-31 21:00:00
1774992600000,2099.23,2108.49,2098.03,2101.53,27735.774,2026-03-31 21:30:00
1774994400000,2101.54,2103.31,2092.88,2095.84,32061.996,2026-03-31 22:00:00
1774996200000,2095.84,2099.1,2085.74,2095.57,58881.386,2026-03-31 22:30:00
1774998000000,2095.58,2105.0,2091.86,2099.41,43826.216,2026-03-31 23:00:00
1774999800000,2099.4,2107.99,2098.81,2104.51,39345.76,2026-03-31 23:30:00
1775001600000,2104.51,2106.67,2096.03,2100.29,43844.845,2026-04-01 00:00:00
1775003400000,2100.29,2117.47,2095.58,2113.68,100619.606,2026-04-01 00:30:00
1775005200000,2113.68,2114.96,2098.58,2098.81,54947.398,2026-04-01 01:00:00
1775007000000,2098.8,2102.65,2090.01,2092.01,68725.424,2026-04-01 01:30:00
1775008800000,2092.0,2095.89,2079.05,2084.84,95756.399,2026-04-01 02:00:00
1775010600000,2084.84,2090.45,2082.0,2087.7,55657.221,2026-04-01 02:30:00
1775012400000,2087.7,2106.35,2087.7,2097.59,88445.126,2026-04-01 03:00:00
1775014200000,2097.6,2105.95,2094.45,2101.53,42041.777,2026-04-01 03:30:00
1775016000000,2101.54,2109.72,2098.76,2108.97,62632.622,2026-04-01 04:00:00
1775017800000,2108.96,2115.84,2106.65,2110.14,70490.396,2026-04-01 04:30:00
1775019600000,2110.15,2136.0,2105.0,2126.25,230492.73,2026-04-01 05:00:00
1775021400000,2126.25,2130.5,2121.4,2121.65,87961.419,2026-04-01 05:30:00
1775023200000,2121.65,2144.37,2121.64,2142.71,207155.271,2026-04-01 06:00:00
1775025000000,2142.7,2155.59,2140.2,2150.02,219290.138,2026-04-01 06:30:00
1775026800000,2150.02,2157.1,2136.53,2138.39,159616.707,2026-04-01 07:00:00
1775028600000,2138.39,2140.8,2129.02,2130.19,92440.683,2026-04-01 07:30:00
1775030400000,2130.19,2136.96,2124.09,2135.38,124007.215,2026-04-01 08:00:00
1775032200000,2135.39,2142.38,2131.57,2135.99,85210.196,2026-04-01 08:30:00
1775034000000,2136.0,2139.38,2127.0,2132.8,71896.768,2026-04-01 09:00:00
1775035800000,2132.8,2137.4,2127.45,2135.44,44249.465,2026-04-01 09:30:00
1775037600000,2135.44,2137.0,2129.2,2129.82,35667.284,2026-04-01 10:00:00
1775039400000,2129.83,2135.89,2125.21,2131.57,48496.323,2026-04-01 10:30:00
1775041200000,2131.56,2139.62,2129.7,2133.08,41948.653,2026-04-01 11:00:00
1775043000000,2133.08,2136.2,2131.32,2134.19,25589.232,2026-04-01 11:30:00
1775044800000,2134.2,2135.99,2128.15,2131.87,36454.908,2026-04-01 12:00:00
1775046600000,2131.87,2150.68,2120.88,2129.99,204478.988,2026-04-01 12:30:00
1775048400000,2130.0,2133.98,2112.2,2132.1,181717.501,2026-04-01 13:00:00
1775050200000,2132.1,2134.44,2107.04,2118.63,207381.59,2026-04-01 13:30:00
1775052000000,2118.63,2127.5,2113.0,2124.61,88071.929,2026-04-01 14:00:00
1775053800000,2124.62,2129.99,2114.44,2125.91,100734.166,2026-04-01 14:30:00
1775055600000,2125.91,2137.58,2121.33,2130.53,95644.903,2026-04-01 15:00:00
1775057400000,2130.53,2136.89,2128.39,2133.88,65392.53,2026-04-01 15:30:00
1775059200000,2133.9,2139.29,2123.78,2135.24,89718.529,2026-04-01 16:00:00
1775061000000,2135.24,2152.18,2131.85,2144.99,159554.557,2026-04-01 16:30:00
1775062800000,2145.0,2167.42,2138.8,2140.62,252448.852,2026-04-01 17:00:00
1775064600000,2140.62,2144.24,2132.13,2135.76,83566.582,2026-04-01 17:30:00
1775066400000,2135.76,2136.66,2122.27,2126.66,95136.616,2026-04-01 18:00:00
1775068200000,2126.66,2134.48,2124.6,2128.19,51984.25,2026-04-01 18:30:00
1775070000000,2128.19,2141.89,2126.67,2141.07,47431.434,2026-04-01 19:00:00
1775071800000,2141.06,2144.45,2133.55,2140.34,50776.369,2026-04-01 19:30:00
1775073600000,2140.34,2142.54,2129.01,2132.99,40088.244,2026-04-01 20:00:00
1775075400000,2132.98,2146.4,2130.3,2142.4,39275.893,2026-04-01 20:30:00
1775077200000,2142.39,2159.99,2141.75,2154.47,77390.009,2026-04-01 21:00:00
1775079000000,2154.47,2164.8,2150.03,2155.52,61424.337,2026-04-01 21:30:00
1775080800000,2155.5,2157.5,2141.29,2145.95,65475.649,2026-04-01 22:00:00
1775082600000,2145.95,2148.1,2136.43,2138.75,47402.983,2026-04-01 22:30:00
1775084400000,2138.75,2145.12,2137.5,2139.15,24859.035,2026-04-01 23:00:00
1775086200000,2139.14,2143.0,2133.75,2138.86,39718.086,2026-04-01 23:30:00
1775088000000,2138.85,2141.8,2134.62,2136.91,38708.69,2026-04-02 00:00:00
1775089800000,2136.91,2158.9,2136.25,2154.57,97590.109,2026-04-02 00:30:00
1775091600000,2154.57,2154.71,2104.05,2111.01,407099.711,2026-04-02 01:00:00
1775093400000,2111.01,2111.01,2087.56,2098.8,248683.774,2026-04-02 01:30:00
1775095200000,2098.8,2098.8,2077.0,2081.73,198079.511,2026-04-02 02:00:00
1775097000000,2081.72,2088.5,2062.34,2073.21,187235.381,2026-04-02 02:30:00
1775098800000,2073.21,2076.22,2063.88,2073.36,83463.784,2026-04-02 03:00:00
1775100600000,2073.36,2074.8,2045.0,2055.41,203242.733,2026-04-02 03:30:00
1775102400000,2055.4,2057.82,2045.86,2050.57,81125.393,2026-04-02 04:00:00
1775104200000,2050.56,2052.79,2040.5,2044.01,101234.172,2026-04-02 04:30:00
1775106000000,2044.01,2049.8,2036.34,2045.97,91021.938,2026-04-02 05:00:00
1775107800000,2045.98,2050.91,2043.0,2049.17,65120.784,2026-04-02 05:30:00
1775109600000,2049.18,2052.99,2045.11,2049.56,64107.291,2026-04-02 06:00:00
1775111400000,2049.57,2050.48,2043.87,2049.01,36474.772,2026-04-02 06:30:00
1775113200000,2049.0,2049.91,2043.08,2046.25,39791.073,2026-04-02 07:00:00
1775115000000,2046.24,2056.0,2046.05,2054.85,54843.71,2026-04-02 07:30:00
1775116800000,2054.85,2054.85,2046.18,2049.16,46329.382,2026-04-02 08:00:00
1775118600000,2049.16,2052.21,2044.3,2045.33,34516.949,2026-04-02 08:30:00
1775120400000,2045.33,2047.5,2037.54,2046.17,75223.613,2026-04-02 09:00:00
1775122200000,2046.17,2046.99,2041.58,2043.21,30299.256,2026-04-02 09:30:00
1775124000000,2043.21,2044.25,2030.8,2035.37,104850.068,2026-04-02 10:00:00
1775125800000,2035.36,2039.98,2034.24,2038.0,37922.946,2026-04-02 10:30:00
1775127600000,2038.0,2039.65,2021.69,2036.99,124330.438,2026-04-02 11:00:00
1775129400000,2036.99,2038.29,2030.97,2032.11,39842.919,2026-04-02 11:30:00
1775131200000,2032.1,2032.54,2023.28,2030.28,104947.378,2026-04-02 12:00:00
1775133000000,2030.28,2031.96,2025.1,2026.28,46803.788,2026-04-02 12:30:00
1775134800000,2026.28,2033.0,2018.0,2029.61,128100.552,2026-04-02 13:00:00
1775136600000,2029.6,2041.81,2015.41,2038.01,214049.239,2026-04-02 13:30:00
1775138400000,2038.0,2048.5,2031.74,2037.35,178751.543,2026-04-02 14:00:00
1775140200000,2037.35,2071.09,2036.71,2062.19,384996.018,2026-04-02 14:30:00
1775142000000,2062.18,2066.65,2046.73,2055.17,161245.24,2026-04-02 15:00:00
1775143800000,2055.18,2064.41,2050.52,2058.44,92997.417,2026-04-02 15:30:00
1775145600000,2058.44,2060.35,2050.82,2056.69,59433.171,2026-04-02 16:00:00
1775147400000,2056.69,2075.66,2056.1,2061.94,116110.214,2026-04-02 16:30:00
1775149200000,2061.93,2071.0,2054.0,2064.13,87318.297,2026-04-02 17:00:00
1775151000000,2064.14,2064.97,2043.26,2046.06,107872.756,2026-04-02 17:30:00
1775152800000,2046.06,2050.71,2042.06,2043.7,52091.313,2026-04-02 18:00:00
1775154600000,2043.71,2062.8,2043.7,2057.43,56901.748,2026-04-02 18:30:00
1775156400000,2057.43,2061.35,2055.02,2059.58,34855.888,2026-04-02 19:00:00
1775158200000,2059.59,2065.75,2053.5,2064.4,41165.447,2026-04-02 19:30:00
1775160000000,2064.4,2070.67,2059.84,2069.91,55553.048,2026-04-02 20:00:00
1775161800000,2069.92,2073.0,2066.47,2067.22,39808.758,2026-04-02 20:30:00
1775163600000,2067.23,2069.56,2054.42,2058.51,37724.612,2026-04-02 21:00:00
1775165400000,2058.51,2062.5,2055.69,2062.29,19129.164,2026-04-02 21:30:00
1775167200000,2062.3,2064.0,2052.11,2056.09,32020.86,2026-04-02 22:00:00
1775169000000,2056.1,2061.31,2056.1,2058.94,15636.863,2026-04-02 22:30:00
1775170800000,2058.95,2061.3,2053.6,2054.06,33473.217,2026-04-02 23:00:00
1775172600000,2054.07,2056.66,2052.65,2056.03,16986.462,2026-04-02 23:30:00
1775174400000,2056.03,2058.66,2051.2,2054.0,25477.568,2026-04-03 00:00:00
1775176200000,2053.99,2057.12,2048.06,2052.0,28771.13,2026-04-03 00:30:00
1775178000000,2052.0,2059.71,2050.02,2058.29,32382.082,2026-04-03 01:00:00
1775179800000,2058.29,2061.7,2044.0,2049.38,67541.853,2026-04-03 01:30:00
1775181600000,2049.38,2058.75,2043.2,2047.86,64321.288,2026-04-03 02:00:00
1775183400000,2047.87,2053.33,2039.12,2051.25,84644.023,2026-04-03 02:30:00
1775185200000,2051.26,2056.23,2048.85,2051.64,49178.894,2026-04-03 03:00:00
1775187000000,2051.64,2055.55,2049.8,2052.95,23530.043,2026-04-03 03:30:00
1775188800000,2052.94,2057.32,2050.0,2050.01,22204.587,2026-04-03 04:00:00
1775190600000,2050.0,2055.41,2047.07,2053.5,30383.6,2026-04-03 04:30:00
1775192400000,2053.5,2055.5,2046.09,2052.63,20651.109,2026-04-03 05:00:00
1775194200000,2052.64,2064.28,2052.63,2056.1,74567.649,2026-04-03 05:30:00
1775196000000,2056.09,2062.22,2053.67,2058.9,28613.881,2026-04-03 06:00:00
1775197800000,2058.9,2065.95,2056.0,2062.61,42851.982,2026-04-03 06:30:00
1775199600000,2062.61,2067.71,2060.66,2064.75,38210.435,2026-04-03 07:00:00
1775201400000,2064.75,2074.88,2063.37,2065.19,84403.827,2026-04-03 07:30:00
1775203200000,2065.18,2071.2,2063.67,2064.7,40824.951,2026-04-03 08:00:00
1775205000000,2064.7,2066.48,2057.47,2059.74,56166.482,2026-04-03 08:30:00
1775206800000,2059.74,2063.14,2056.0,2058.27,33308.18,2026-04-03 09:00:00
1775208600000,2058.27,2062.29,2057.46,2060.18,20639.84,2026-04-03 09:30:00
1775210400000,2060.17,2060.18,2054.09,2055.15,25212.026,2026-04-03 10:00:00
1775212200000,2055.15,2060.0,2052.19,2058.81,37842.251,2026-04-03 10:30:00
1775214000000,2058.81,2061.36,2056.81,2059.81,18306.353,2026-04-03 11:00:00
1775215800000,2059.81,2064.56,2059.0,2062.07,30678.26,2026-04-03 11:30:00
1775217600000,2062.08,2068.84,2057.61,2066.71,47500.511,2026-04-03 12:00:00
1775219400000,2066.7,2082.0,2044.0,2049.17,243307.193,2026-04-03 12:30:00
1775221200000,2049.16,2050.5,2040.61,2047.84,101555.929,2026-04-03 13:00:00
1775223000000,2047.84,2048.78,2040.5,2047.24,56258.817,2026-04-03 13:30:00
1775224800000,2047.24,2056.32,2044.47,2052.65,70306.636,2026-04-03 14:00:00
1775226600000,2052.64,2056.66,2047.65,2053.54,37161.507,2026-04-03 14:30:00
1775228400000,2053.55,2056.91,2050.02,2052.66,27954.426,2026-04-03 15:00:00
1775230200000,2052.66,2053.89,2048.09,2050.39,27387.67,2026-04-03 15:30:00
1775232000000,2050.38,2055.5,2048.75,2054.76,36408.904,2026-04-03 16:00:00
1775233800000,2054.75,2055.97,2050.0,2053.88,30741.593,2026-04-03 16:30:00
1775235600000,2053.87,2054.52,2042.68,2046.73,44087.218,2026-04-03 17:00:00
1775237400000,2046.73,2050.61,2046.46,2049.29,17485.026,2026-04-03 17:30:00
1775239200000,2049.29,2052.53,2047.0,2049.28,18239.292,2026-04-03 18:00:00
1775241000000,2049.28,2052.41,2047.5,2048.44,14504.595,2026-04-03 18:30:00
1775242800000,2048.43,2049.8,2044.21,2047.9,18878.487,2026-04-03 19:00:00
1775244600000,2047.89,2053.78,2047.45,2051.7,14900.002,2026-04-03 19:30:00
1775246400000,2051.71,2054.09,2050.96,2051.55,15847.636,2026-04-03 20:00:00
1775248200000,2051.56,2053.69,2050.78,2051.69,8472.23,2026-04-03 20:30:00
1775250000000,2051.69,2061.63,2051.52,2056.06,29090.948,2026-04-03 21:00:00
1775251800000,2056.05,2058.99,2055.64,2057.59,16506.232,2026-04-03 21:30:00
1775253600000,2057.58,2059.0,2052.61,2054.12,10874.143,2026-04-03 22:00:00
1775255400000,2054.11,2054.8,2048.37,2051.17,14224.194,2026-04-03 22:30:00
1775257200000,2051.17,2051.99,2048.43,2049.61,9197.069,2026-04-03 23:00:00
1775259000000,2049.62,2053.47,2048.5,2052.95,12646.592,2026-04-03 23:30:00
1775260800000,2052.95,2052.96,2050.5,2051.17,11327.035,2026-04-04 00:00:00
1775262600000,2051.16,2053.07,2051.0,2051.37,6490.786,2026-04-04 00:30:00
1775264400000,2051.37,2053.21,2048.75,2049.31,14235.858,2026-04-04 01:00:00
1775266200000,2049.31,2051.18,2048.88,2050.74,7015.501,2026-04-04 01:30:00
1775268000000,2050.73,2052.98,2046.87,2048.31,23715.861,2026-04-04 02:00:00
1775269800000,2048.3,2049.7,2047.45,2049.34,13352.878,2026-04-04 02:30:00
1775271600000,2049.35,2051.4,2049.13,2050.23,10620.641,2026-04-04 03:00:00
1775273400000,2050.23,2050.4,2048.7,2049.4,9611.938,2026-04-04 03:30:00
1775275200000,2049.4,2049.99,2047.64,2049.99,9544.598,2026-04-04 04:00:00
1775277000000,2049.98,2051.01,2049.33,2050.28,10213.515,2026-04-04 04:30:00
1775278800000,2050.27,2051.85,2049.02,2051.34,12247.443,2026-04-04 05:00:00
1775280600000,2051.34,2054.16,2051.15,2052.86,16872.995,2026-04-04 05:30:00
1775282400000,2052.86,2055.15,2051.61,2053.1,21743.945,2026-04-04 06:00:00
1775284200000,2053.1,2057.0,2051.86,2055.28,18809.204,2026-04-04 06:30:00
1775286000000,2055.28,2056.0,2051.66,2051.97,14603.165,2026-04-04 07:00:00
1775287800000,2051.96,2053.24,2050.3,2052.8,15842.175,2026-04-04 07:30:00
1775289600000,2052.8,2054.29,2052.15,2053.8,9567.488,2026-04-04 08:00:00
1775291400000,2053.8,2053.8,2048.01,2049.63,20173.582,2026-04-04 08:30:00
1775293200000,2049.63,2051.08,2048.39,2049.29,13073.418,2026-04-04 09:00:00
1775295000000,2049.28,2049.8,2048.13,2049.57,11273.362,2026-04-04 09:30:00
1775296800000,2049.56,2050.66,2046.59,2047.94,21986.424,2026-04-04 10:00:00
1775298600000,2047.94,2054.46,2046.75,2053.36,35138.432,2026-04-04 10:30:00
1775300400000,2053.35,2054.3,2051.0,2051.46,15610.914,2026-04-04 11:00:00
1775302200000,2051.46,2051.8,2050.36,2051.0,11566.814,2026-04-04 11:30:00
1775304000000,2051.0,2052.65,2048.6,2050.53,14375.734,2026-04-04 12:00:00
1775305800000,2050.53,2050.89,2047.26,2049.3,18914.431,2026-04-04 12:30:00
1775307600000,2049.29,2050.48,2048.98,2049.22,8914.2,2026-04-04 13:00:00
1775309400000,2049.22,2054.0,2048.46,2052.3,31515.935,2026-04-04 13:30:00
1775311200000,2052.31,2053.73,2050.72,2050.87,15471.218,2026-04-04 14:00:00
1775313000000,2050.87,2052.58,2043.0,2052.01,44762.723,2026-04-04 14:30:00
1775314800000,2052.01,2061.71,2051.19,2053.89,98850.05,2026-04-04 15:00:00
1775316600000,2053.9,2055.61,2051.9,2055.21,16838.877,2026-04-04 15:30:00
1775318400000,2055.22,2061.26,2052.24,2058.57,34019.056,2026-04-04 16:00:00
1775320200000,2058.57,2060.42,2053.89,2054.69,32242.709,2026-04-04 16:30:00
1775322000000,2054.7,2057.28,2051.6,2056.47,27587.001,2026-04-04 17:00:00
1775323800000,2056.46,2056.6,2053.67,2055.92,8111.364,2026-04-04 17:30:00
1775325600000,2055.92,2057.63,2054.9,2055.94,9041.478,2026-04-04 18:00:00
1775327400000,2055.94,2055.94,2053.92,2054.44,6470.41,2026-04-04 18:30:00
1775329200000,2054.44,2083.36,2054.25,2067.41,176910.541,2026-04-04 19:00:00
1775331000000,2067.41,2068.91,2062.78,2063.96,35688.63,2026-04-04 19:30:00
1775332800000,2063.96,2064.24,2058.26,2062.91,27685.461,2026-04-04 20:00:00
1775334600000,2062.9,2063.27,2060.96,2061.99,6687.524,2026-04-04 20:30:00
1775336400000,2061.99,2066.65,2061.75,2066.61,16799.648,2026-04-04 21:00:00
1775338200000,2066.61,2071.0,2064.4,2067.74,20800.74,2026-04-04 21:30:00
1775340000000,2067.74,2071.46,2067.2,2070.28,14694.013,2026-04-04 22:00:00
1775341800000,2070.28,2070.8,2067.51,2067.92,10841.035,2026-04-04 22:30:00
1775343600000,2067.92,2068.2,2063.2,2063.2,17118.877,2026-04-04 23:00:00
1775345400000,2063.21,2065.93,2061.48,2064.66,19059.326,2026-04-04 23:30:00
1775347200000,2064.66,2065.08,2061.94,2063.62,8909.846,2026-04-05 00:00:00
1775349000000,2063.61,2064.85,2059.0,2061.33,20837.653,2026-04-05 00:30:00
1775350800000,2061.33,2061.53,2056.0,2058.11,31702.315,2026-04-05 01:00:00
1775352600000,2058.1,2058.4,2056.03,2056.39,16993.174,2026-04-05 01:30:00
1775354400000,2056.39,2058.55,2052.3,2057.32,33170.847,2026-04-05 02:00:00
1775356200000,2057.32,2058.95,2056.81,2058.82,12674.928,2026-04-05 02:30:00
1775358000000,2058.83,2059.65,2056.07,2057.06,11215.949,2026-04-05 03:00:00
1775359800000,2057.05,2057.06,2054.01,2055.67,13468.853,2026-04-05 03:30:00
1775361600000,2055.67,2057.3,2053.0,2057.01,19993.957,2026-04-05 04:00:00
1775363400000,2057.01,2057.01,2053.4,2054.37,12589.832,2026-04-05 04:30:00
1775365200000,2054.37,2056.11,2050.01,2052.16,29142.069,2026-04-05 05:00:00
1775367000000,2052.15,2052.75,2046.12,2047.88,43936.041,2026-04-05 05:30:00
1775368800000,2047.88,2048.28,2026.01,2034.46,212766.67,2026-04-05 06:00:00
1775370600000,2034.47,2039.46,2033.56,2037.21,49869.183,2026-04-05 06:30:00
1775372400000,2037.21,2041.7,2037.21,2039.01,33364.002,2026-04-05 07:00:00
1775374200000,2039.01,2039.01,2033.0,2036.02,36404.041,2026-04-05 07:30:00
1775376000000,2036.01,2038.47,2034.6,2036.4,15779.756,2026-04-05 08:00:00
1775377800000,2036.4,2038.87,2036.05,2038.01,13525.186,2026-04-05 08:30:00
1775379600000,2038.01,2043.54,2037.69,2042.75,32536.162,2026-04-05 09:00:00
1775381400000,2042.74,2044.87,2041.62,2043.09,24788.46,2026-04-05 09:30:00
1775383200000,2043.1,2044.35,2041.02,2043.9,17691.088,2026-04-05 10:00:00
1775385000000,2043.9,2051.99,2042.89,2043.58,52594.87,2026-04-05 10:30:00
1775386800000,2043.57,2044.82,2040.59,2041.74,21651.08,2026-04-05 11:00:00
1775388600000,2041.74,2042.13,2039.08,2041.0,16774.758,2026-04-05 11:30:00
1775390400000,2041.0,2041.0,2036.18,2036.45,29409.687,2026-04-05 12:00:00
1775392200000,2036.45,2036.98,2020.01,2027.36,172633.896,2026-04-05 12:30:00
1775394000000,2027.36,2032.5,2024.24,2024.9,55623.403,2026-04-05 13:00:00
1775395800000,2024.9,2036.92,2024.51,2035.39,57427.146,2026-04-05 13:30:00
1775397600000,2035.38,2041.46,2034.0,2039.19,62679.328,2026-04-05 14:00:00
1775399400000,2039.2,2042.55,2036.8,2037.55,29403.05,2026-04-05 14:30:00
1775401200000,2037.55,2063.88,2033.21,2059.92,159402.026,2026-04-05 15:00:00
1775403000000,2059.92,2069.63,2051.8,2053.0,157402.283,2026-04-05 15:30:00
1775404800000,2052.99,2057.0,2052.2,2053.7,34546.047,2026-04-05 16:00:00
1775406600000,2053.7,2058.42,2048.85,2051.04,42155.365,2026-04-05 16:30:00
1775408400000,2051.04,2056.35,2047.0,2055.26,32396.557,2026-04-05 17:00:00
1775410200000,2055.27,2061.83,2054.0,2061.41,37467.216,2026-04-05 17:30:00
1775412000000,2061.41,2061.83,2055.4,2056.61,27067.996,2026-04-05 18:00:00
1775413800000,2056.61,2066.74,2056.61,2061.94,44682.631,2026-04-05 18:30:00
1775415600000,2061.95,2068.95,2060.67,2065.34,26075.775,2026-04-05 19:00:00
1775417400000,2065.35,2065.41,2056.63,2060.97,20265.616,2026-04-05 19:30:00
1775419200000,2060.97,2065.49,2060.62,2064.71,11913.75,2026-04-05 20:00:00
1775421000000,2064.72,2074.73,2064.02,2067.87,56126.023,2026-04-05 20:30:00
1775422800000,2067.88,2068.17,2057.21,2059.61,32747.162,2026-04-05 21:00:00
1775424600000,2059.61,2064.92,2055.35,2059.09,23454.781,2026-04-05 21:30:00
1775426400000,2059.08,2067.04,2048.6,2052.99,64246.895,2026-04-05 22:00:00
1775428200000,2052.98,2087.33,2051.83,2084.69,151665.359,2026-04-05 22:30:00
1775430000000,2084.69,2117.31,2080.89,2107.14,267529.829,2026-04-05 23:00:00
1775431800000,2107.15,2123.0,2106.66,2109.32,127288.261,2026-04-05 23:30:00
1775433600000,2109.33,2134.57,2109.33,2122.1,187475.54,2026-04-06 00:00:00
1775435400000,2122.1,2131.97,2119.0,2120.99,84988.856,2026-04-06 00:30:00
1775437200000,2121.0,2123.79,2111.4,2118.56,95334.559,2026-04-06 01:00:00
1775439000000,2118.56,2119.6,2112.6,2114.14,43713.107,2026-04-06 01:30:00
1775440800000,2114.15,2146.55,2113.39,2134.0,183792.075,2026-04-06 02:00:00
1775442600000,2134.01,2141.08,2130.78,2132.62,61871.566,2026-04-06 02:30:00
1775444400000,2132.62,2136.43,2127.45,2134.55,58576.724,2026-04-06 03:00:00
1775446200000,2134.56,2136.05,2125.0,2128.52,42846.536,2026-04-06 03:30:00
1775448000000,2128.53,2133.43,2124.0,2126.33,43691.302,2026-04-06 04:00:00
1775449800000,2126.33,2134.0,2125.5,2130.0,48515.277,2026-04-06 04:30:00
1775451600000,2130.0,2133.76,2127.7,2129.71,20859.025,2026-04-06 05:00:00
1775453400000,2129.7,2131.55,2127.46,2130.26,16848.765,2026-04-06 05:30:00
1775455200000,2130.27,2138.0,2118.35,2120.36,107592.899,2026-04-06 06:00:00
1775457000000,2120.37,2129.79,2118.74,2126.45,68664.153,2026-04-06 06:30:00
1775458800000,2126.46,2136.0,2121.62,2133.29,59381.124,2026-04-06 07:00:00
1775460600000,2133.29,2141.3,2129.15,2134.06,71363.839,2026-04-06 07:30:00
1775462400000,2134.06,2139.7,2132.4,2135.47,51403.941,2026-04-06 08:00:00
1775464200000,2135.47,2147.3,2134.61,2137.34,93913.846,2026-04-06 08:30:00
1775466000000,2137.33,2174.07,2137.13,2157.69,393701.974,2026-04-06 09:00:00
1775467800000,2157.69,2161.65,2146.54,2149.91,122936.867,2026-04-06 09:30:00
1775469600000,2149.91,2156.61,2149.5,2153.36,46076.764,2026-04-06 10:00:00
1775471400000,2153.37,2156.8,2147.97,2152.45,47766.553,2026-04-06 10:30:00
1775473200000,2152.44,2152.8,2145.2,2150.24,49520.488,2026-04-06 11:00:00
1775475000000,2150.24,2153.0,2149.01,2150.74,21999.789,2026-04-06 11:30:00
1775476800000,2150.74,2151.62,2146.16,2147.7,33801.421,2026-04-06 12:00:00
1775478600000,2147.71,2153.79,2140.35,2142.1,101670.825,2026-04-06 12:30:00
1775480400000,2142.1,2145.44,2135.39,2142.54,76920.255,2026-04-06 13:00:00
1775482200000,2142.54,2148.64,2136.44,2144.72,107416.671,2026-04-06 13:30:00
1775484000000,2144.73,2164.78,2136.17,2153.52,282118.443,2026-04-06 14:00:00
1775485800000,2153.52,2161.0,2141.08,2155.2,168765.003,2026-04-06 14:30:00
1775487600000,2155.21,2168.84,2153.79,2164.63,201976.221,2026-04-06 15:00:00
1775489400000,2164.64,2169.0,2159.25,2163.51,71281.077,2026-04-06 15:30:00
1775491200000,2163.51,2167.54,2156.66,2157.1,60367.637,2026-04-06 16:00:00
1775493000000,2157.1,2167.38,2138.4,2138.89,179255.39,2026-04-06 16:30:00
1775494800000,2138.89,2139.61,2122.15,2133.36,254813.503,2026-04-06 17:00:00
1775496600000,2133.35,2138.38,2130.11,2133.87,50151.656,2026-04-06 17:30:00
1775498400000,2133.87,2147.93,2130.38,2145.37,89605.086,2026-04-06 18:00:00
1775500200000,2145.37,2146.84,2138.86,2143.69,29878.2,2026-04-06 18:30:00
1775502000000,2143.7,2143.99,2134.44,2142.53,37985.578,2026-04-06 19:00:00
1775503800000,2142.53,2145.15,2138.0,2143.28,31954.712,2026-04-06 19:30:00
1775505600000,2143.28,2154.44,2139.26,2151.38,49923.618,2026-04-06 20:00:00
1775507400000,2151.39,2152.57,2146.4,2147.6,14721.729,2026-04-06 20:30:00
1775509200000,2147.59,2147.6,2143.68,2144.2,15189.118,2026-04-06 21:00:00
1775511000000,2144.2,2144.64,2136.25,2138.46,19797.513,2026-04-06 21:30:00
1775512800000,2138.45,2139.8,2129.0,2134.08,56512.965,2026-04-06 22:00:00
1775514600000,2134.08,2134.08,2103.5,2104.02,145403.104,2026-04-06 22:30:00
1775516400000,2104.02,2104.03,2086.0,2090.55,238469.844,2026-04-06 23:00:00
1775518200000,2090.54,2109.67,2087.8,2106.27,91625.371,2026-04-06 23:30:00
1775520000000,2106.27,2119.71,2104.46,2113.36,96780.554,2026-04-07 00:00:00
1775521800000,2113.36,2118.0,2106.11,2111.59,55062.831,2026-04-07 00:30:00
1775523600000,2111.59,2118.95,2103.19,2111.86,92597.497,2026-04-07 01:00:00
1775525400000,2111.85,2113.5,2096.0,2098.29,89993.485,2026-04-07 01:30:00
1775527200000,2098.29,2105.72,2091.67,2105.08,65190.421,2026-04-07 02:00:00
1775529000000,2105.09,2111.42,2101.33,2105.56,50340.326,2026-04-07 02:30:00
1775530800000,2105.55,2108.9,2102.52,2108.25,32382.401,2026-04-07 03:00:00
1775532600000,2108.26,2108.75,2105.2,2107.36,21711.467,2026-04-07 03:30:00
1775534400000,2107.35,2108.0,2102.31,2104.6,29419.804,2026-04-07 04:00:00
1775536200000,2104.6,2118.14,2104.6,2112.96,68191.819,2026-04-07 04:30:00
1775538000000,2112.95,2113.48,2105.11,2105.53,34125.839,2026-04-07 05:00:00
1775539800000,2105.53,2105.96,2102.5,2104.51,32620.516,2026-04-07 05:30:00
1775541600000,2104.51,2104.89,2095.37,2100.4,69408.337,2026-04-07 06:00:00
1775543400000,2100.41,2105.7,2096.99,2103.11,47588.47,2026-04-07 06:30:00
1775545200000,2103.11,2103.69,2098.0,2100.17,26615.669,2026-04-07 07:00:00
1775547000000,2100.17,2105.6,2100.09,2103.01,29197.269,2026-04-07 07:30:00
1775548800000,2103.01,2112.5,2102.41,2108.54,77156.419,2026-04-07 08:00:00
1775550600000,2108.53,2116.0,2108.32,2113.88,57198.063,2026-04-07 08:30:00
1775552400000,2113.87,2132.94,2112.72,2124.39,199788.718,2026-04-07 09:00:00
1775554200000,2124.39,2130.72,2123.74,2127.44,44206.24,2026-04-07 09:30:00
1775556000000,2127.45,2130.65,2103.19,2105.44,199019.201,2026-04-07 10:00:00
1775557800000,2105.44,2107.59,2084.09,2088.5,230128.309,2026-04-07 10:30:00
1775559600000,2088.49,2093.65,2080.63,2090.81,160706.668,2026-04-07 11:00:00
1775561400000,2090.81,2091.8,2086.0,2088.68,44233.977,2026-04-07 11:30:00
1775563200000,2088.69,2092.85,2072.64,2084.01,193972.644,2026-04-07 12:00:00
1775565000000,2084.01,2092.0,2073.0,2085.81,127810.669,2026-04-07 12:30:00
1775566800000,2085.82,2092.44,2082.49,2083.48,70509.801,2026-04-07 13:00:00
1775568600000,2083.48,2089.39,2073.34,2074.09,116007.49,2026-04-07 13:30:00
1775570400000,2074.08,2077.46,2057.0,2075.8,304172.693,2026-04-07 14:00:00
1775572200000,2075.8,2081.04,2068.0,2068.54,76037.015,2026-04-07 14:30:00
1775574000000,2068.55,2081.0,2063.58,2079.44,142760.394,2026-04-07 15:00:00
1775575800000,2079.45,2083.19,2074.31,2079.41,63297.18,2026-04-07 15:30:00
1775577600000,2079.42,2088.92,2076.22,2083.64,103011.753,2026-04-07 16:00:00
1775579400000,2083.64,2089.93,2081.0,2082.8,64264.439,2026-04-07 16:30:00
1775581200000,2082.8,2086.94,2078.52,2084.43,50572.846,2026-04-07 17:00:00
1775583000000,2084.44,2114.75,2084.44,2098.41,238098.357,2026-04-07 17:30:00
1775584800000,2098.41,2100.7,2092.6,2094.09,47324.867,2026-04-07 18:00:00
1775586600000,2094.1,2097.4,2080.0,2085.54,72112.581,2026-04-07 18:30:00
1775588400000,2085.54,2104.85,2083.45,2095.59,76962.339,2026-04-07 19:00:00
1775590200000,2095.57,2117.34,2089.29,2112.59,147900.016,2026-04-07 19:30:00
1775592000000,2112.59,2124.72,2111.71,2114.96,113763.692,2026-04-07 20:00:00
1775593800000,2114.96,2119.4,2109.37,2114.5,38746.598,2026-04-07 20:30:00
1775595600000,2114.5,2153.33,2114.42,2129.81,212934.588,2026-04-07 21:00:00
1775597400000,2129.81,2149.98,2129.8,2144.21,69668.989,2026-04-07 21:30:00
1775599200000,2144.22,2165.0,2144.22,2158.5,162829.532,2026-04-07 22:00:00
1775601000000,2158.5,2219.12,2158.13,2219.1,568341.128,2026-04-07 22:30:00
1775602800000,2219.1,2270.22,2214.61,2269.51,571141.373,2026-04-07 23:00:00
1775604600000,2269.5,2273.53,2237.21,2239.25,333279.431,2026-04-07 23:30:00
1775606400000,2239.25,2251.0,2236.0,2239.56,132551.32,2026-04-08 00:00:00
1775608200000,2239.55,2242.25,2226.31,2235.3,139842.803,2026-04-08 00:30:00
1775610000000,2235.3,2242.07,2228.98,2231.89,80382.547,2026-04-08 01:00:00
1775611800000,2231.88,2239.0,2231.0,2233.44,40152.246,2026-04-08 01:30:00
1775613600000,2233.44,2248.19,2230.0,2235.47,104352.789,2026-04-08 02:00:00
1775615400000,2235.47,2236.86,2230.16,2236.55,57092.895,2026-04-08 02:30:00
1775617200000,2236.55,2239.15,2231.45,2238.45,43224.072,2026-04-08 03:00:00
1775619000000,2238.44,2238.45,2233.0,2234.0,27867.094,2026-04-08 03:30:00
1775620800000,2234.0,2252.68,2233.99,2244.15,101845.657,2026-04-08 04:00:00
1775622600000,2244.15,2252.42,2238.98,2239.99,77798.067,2026-04-08 04:30:00
1775624400000,2240.0,2244.85,2239.63,2243.26,36466.708,2026-04-08 05:00:00
1775626200000,2243.27,2244.62,2236.63,2239.84,37991.041,2026-04-08 05:30:00
1775628000000,2239.85,2252.9,2234.57,2249.7,98542.612,2026-04-08 06:00:00
1775629800000,2249.7,2249.81,2243.68,2244.79,47249.46,2026-04-08 06:30:00
1775631600000,2244.78,2259.99,2243.32,2255.2,99586.013,2026-04-08 07:00:00
1775633400000,2255.21,2255.21,2246.14,2252.66,48639.521,2026-04-08 07:30:00
1775635200000,2252.65,2258.0,2251.0,2254.73,55755.869,2026-04-08 08:00:00
1775637000000,2254.73,2258.0,2248.65,2254.93,53761.151,2026-04-08 08:30:00
1775638800000,2254.94,2263.4,2249.23,2249.26,74114.929,2026-04-08 09:00:00
1775640600000,2249.25,2252.17,2245.04,2248.6,52903.66,2026-04-08 09:30:00
1775642400000,2248.59,2253.04,2246.0,2249.17,31298.199,2026-04-08 10:00:00
1775644200000,2249.16,2249.45,2240.0,2241.78,53893.09,2026-04-08 10:30:00
1775646000000,2241.79,2254.73,2240.15,2252.79,51499.178,2026-04-08 11:00:00
1775647800000,2252.78,2252.79,2235.91,2246.5,88749.809,2026-04-08 11:30:00
1775649600000,2246.5,2253.69,2241.8,2247.29,68881.858,2026-04-08 12:00:00
1775651400000,2247.29,2259.64,2246.7,2254.59,75123.637,2026-04-08 12:30:00
1775653200000,2254.6,2269.8,2251.46,2259.5,193870.341,2026-04-08 13:00:00
1775655000000,2259.51,2264.86,2230.26,2235.05,315097.801,2026-04-08 13:30:00
1775656800000,2235.06,2240.55,2221.0,2225.16,180756.117,2026-04-08 14:00:00
1775658600000,2225.16,2227.31,2186.17,2194.79,482969.354,2026-04-08 14:30:00
1775660400000,2194.78,2208.38,2192.37,2205.94,170117.669,2026-04-08 15:00:00
1775662200000,2205.94,2217.97,2203.42,2214.67,132963.351,2026-04-08 15:30:00
1775664000000,2214.68,2222.36,2211.61,2218.26,92551.271,2026-04-08 16:00:00
1775665800000,2218.26,2224.71,2210.2,2219.93,68163.836,2026-04-08 16:30:00
1775667600000,2219.93,2226.12,2212.12,2218.5,71781.221,2026-04-08 17:00:00
1775669400000,2218.49,2238.89,2218.49,2230.98,129803.599,2026-04-08 17:30:00
1775671200000,2230.98,2231.74,2211.0,2212.21,103399.294,2026-04-08 18:00:00
1775673000000,2212.22,2219.69,2197.0,2200.84,110592.634,2026-04-08 18:30:00
1775674800000,2200.84,2206.31,2197.12,2198.98,59591.527,2026-04-08 19:00:00
1775676600000,2198.98,2211.58,2196.97,2210.43,48108.398,2026-04-08 19:30:00
1775678400000,2210.42,2216.45,2210.0,2213.87,35904.52,2026-04-08 20:00:00
1775680200000,2213.87,2214.13,2204.51,2209.12,25017.218,2026-04-08 20:30:00
1775682000000,2209.12,2222.99,2207.11,2219.69,39361.483,2026-04-08 21:00:00
1775683800000,2219.68,2220.59,2212.31,2214.29,20000.559,2026-04-08 21:30:00
1775685600000,2214.3,2214.79,2191.55,2192.95,61970.548,2026-04-08 22:00:00
1775687400000,2192.95,2200.88,2185.0,2188.98,92221.366,2026-04-08 22:30:00
1775689200000,2188.99,2193.4,2178.1,2184.0,97190.992,2026-04-08 23:00:00
1775691000000,2184.0,2191.88,2181.44,2189.14,37786.863,2026-04-08 23:30:00
1775692800000,2189.14,2193.25,2183.16,2184.17,36105.372,2026-04-09 00:00:00
1775694600000,2184.17,2186.6,2178.11,2182.17,68213.695,2026-04-09 00:30:00
1775696400000,2182.17,2184.83,2160.0,2169.41,164559.659,2026-04-09 01:00:00
1775698200000,2169.41,2179.0,2168.0,2177.87,67175.172,2026-04-09 01:30:00
1775700000000,2177.87,2182.87,2173.11,2180.7,58072.043,2026-04-09 02:00:00
1775701800000,2180.69,2184.5,2175.66,2180.52,46305.448,2026-04-09 02:30:00
1775703600000,2180.52,2182.5,2175.2,2177.46,37960.928,2026-04-09 03:00:00
1775705400000,2177.46,2182.97,2174.34,2181.42,36701.355,2026-04-09 03:30:00
1775707200000,2181.43,2181.43,2175.33,2177.32,19254.762,2026-04-09 04:00:00
1775709000000,2177.33,2180.2,2175.67,2176.79,22275.119,2026-04-09 04:30:00
1775710800000,2176.79,2181.17,2174.42,2180.56,35965.238,2026-04-09 05:00:00
1775712600000,2180.56,2188.0,2178.85,2181.28,81610.234,2026-04-09 05:30:00
1775714400000,2181.27,2185.1,2175.4,2176.52,44653.406,2026-04-09 06:00:00
1775716200000,2176.52,2180.54,2174.58,2180.53,31758.85,2026-04-09 06:30:00
1775718000000,2180.53,2184.88,2179.19,2180.14,46562.362,2026-04-09 07:00:00
1775719800000,2180.14,2182.78,2178.56,2179.89,25286.247,2026-04-09 07:30:00
1775721600000,2179.9,2182.58,2175.3,2179.21,44513.035,2026-04-09 08:00:00
1775723400000,2179.22,2191.19,2179.22,2185.02,87127.955,2026-04-09 08:30:00
1775725200000,2185.02,2187.4,2178.3,2183.86,58204.171,2026-04-09 09:00:00
1775727000000,2183.86,2196.96,2182.92,2192.93,86918.551,2026-04-09 09:30:00
1775728800000,2192.93,2193.31,2187.0,2191.7,64843.651,2026-04-09 10:00:00
1775730600000,2191.7,2195.99,2188.27,2189.75,42155.019,2026-04-09 10:30:00
1775732400000,2189.75,2192.6,2177.51,2179.54,93466.848,2026-04-09 11:00:00
1775734200000,2179.54,2182.79,2177.49,2179.29,42682.112,2026-04-09 11:30:00
1775736000000,2179.3,2186.1,2172.47,2183.91,74805.8,2026-04-09 12:00:00
1775737800000,2183.9,2187.57,2176.74,2182.85,54354.622,2026-04-09 12:30:00
1775739600000,2182.85,2185.96,2173.79,2177.92,48490.783,2026-04-09 13:00:00
1775741400000,2177.91,2179.44,2158.01,2164.72,280382.666,2026-04-09 13:30:00
1775743200000,2164.72,2171.95,2156.02,2162.85,113556.801,2026-04-09 14:00:00
1775745000000,2162.85,2182.1,2160.38,2177.05,171555.813,2026-04-09 14:30:00
1775746800000,2177.06,2194.57,2168.64,2183.79,208961.495,2026-04-09 15:00:00
1775748600000,2183.79,2224.44,2180.72,2217.13,453344.702,2026-04-09 15:30:00
1775750400000,2217.13,2230.0,2209.0,2209.01,216112.945,2026-04-09 16:00:00
1775752200000,2209.01,2209.62,2192.04,2207.59,202084.918,2026-04-09 16:30:00
1775754000000,2207.59,2224.79,2206.62,2214.7,196998.502,2026-04-09 17:00:00
1775755800000,2214.7,2224.32,2205.49,2222.0,118185.843,2026-04-09 17:30:00
1775757600000,2221.99,2222.99,2200.86,2208.2,114664.045,2026-04-09 18:00:00
1775759400000,2208.21,2209.88,2199.66,2206.25,53222.324,2026-04-09 18:30:00
1775761200000,2206.24,2220.0,2203.64,2206.76,78013.52,2026-04-09 19:00:00
1775763000000,2206.76,2224.25,2206.75,2215.53,60908.639,2026-04-09 19:30:00
1775764800000,2215.53,2221.59,2212.68,2217.26,28446.912,2026-04-09 20:00:00
1775766600000,2217.25,2219.96,2210.0,2212.32,23759.392,2026-04-09 20:30:00
1775768400000,2212.33,2226.77,2207.03,2209.0,59258.369,2026-04-09 21:00:00
1775770200000,2209.01,2216.66,2207.16,2209.97,22368.516,2026-04-09 21:30:00
1775772000000,2209.97,2246.04,2209.11,2220.77,143491.706,2026-04-09 22:00:00
1775773800000,2220.77,2221.82,2196.23,2196.9,112454.044,2026-04-09 22:30:00
1775775600000,2196.9,2200.78,2181.94,2191.0,124868.758,2026-04-09 23:00:00
1775777400000,2191.0,2191.0,2182.29,2189.02,55086.299,2026-04-09 23:30:00
1775779200000,2189.02,2190.5,2181.01,2189.02,64128.859,2026-04-10 00:00:00
1775781000000,2189.02,2196.56,2186.8,2194.39,51310.006,2026-04-10 00:30:00
1775782800000,2194.39,2196.21,2174.77,2185.49,96691.233,2026-04-10 01:00:00
1775784600000,2185.48,2203.3,2184.0,2193.73,106867.631,2026-04-10 01:30:00
1775786400000,2193.73,2197.87,2191.46,2195.11,36129.893,2026-04-10 02:00:00
1775788200000,2195.12,2196.67,2186.02,2188.33,47045.849,2026-04-10 02:30:00
1775790000000,2188.33,2191.66,2182.31,2182.33,38568.007,2026-04-10 03:00:00
1775791800000,2182.32,2188.22,2181.72,2185.63,23985.161,2026-04-10 03:30:00
1775793600000,2185.63,2192.0,2185.27,2189.99,30221.933,2026-04-10 04:00:00
1775795400000,2189.99,2198.97,2188.06,2194.99,43876.688,2026-04-10 04:30:00
1775797200000,2194.99,2202.45,2191.52,2200.68,49893.453,2026-04-10 05:00:00
1775799000000,2200.68,2201.66,2194.17,2196.15,34176.789,2026-04-10 05:30:00
1775800800000,2196.14,2197.6,2188.98,2189.93,33686.135,2026-04-10 06:00:00
1775802600000,2189.93,2190.94,2183.05,2185.74,61641.158,2026-04-10 06:30:00
1775804400000,2185.74,2187.91,2183.1,2186.73,38875.029,2026-04-10 07:00:00
1775806200000,2186.73,2187.91,2175.57,2179.04,73966.036,2026-04-10 07:30:00
1775808000000,2179.04,2185.12,2176.13,2183.41,54697.278,2026-04-10 08:00:00
1775809800000,2183.41,2189.95,2180.57,2185.18,57264.944,2026-04-10 08:30:00
1775811600000,2185.19,2196.86,2184.85,2193.19,94535.327,2026-04-10 09:00:00
1775813400000,2193.2,2195.93,2190.46,2195.14,36298.629,2026-04-10 09:30:00
1775815200000,2195.14,2195.48,2190.08,2190.53,32497.479,2026-04-10 10:00:00
1775817000000,2190.53,2197.68,2189.43,2196.52,53789.08,2026-04-10 10:30:00
1775818800000,2196.53,2217.41,2196.4,2216.22,166546.149,2026-04-10 11:00:00
1775820600000,2216.23,2223.35,2213.36,2214.5,129471.97,2026-04-10 11:30:00
1775822400000,2214.5,2221.0,2209.0,2216.04,110787.158,2026-04-10 12:00:00
1775824200000,2216.03,2227.99,2206.45,2217.99,184061.369,2026-04-10 12:30:00
1775826000000,2217.98,2220.57,2214.98,2219.03,39689.259,2026-04-10 13:00:00
1775827800000,2219.03,2224.76,2207.08,2221.73,155209.065,2026-04-10 13:30:00
1775829600000,2221.73,2252.09,2218.49,2243.48,350341.585,2026-04-10 14:00:00
1775831400000,2243.48,2252.76,2234.78,2241.3,174512.715,2026-04-10 14:30:00
1775833200000,2241.3,2258.0,2235.35,2236.22,176833.023,2026-04-10 15:00:00
1775835000000,2236.22,2239.15,2218.01,2223.43,164062.81,2026-04-10 15:30:00
1775836800000,2223.43,2243.0,2220.12,2240.2,131654.753,2026-04-10 16:00:00
1775838600000,2240.19,2247.53,2233.75,2244.21,84714.885,2026-04-10 16:30:00
1775840400000,2244.22,2246.47,2238.57,2243.2,56703.021,2026-04-10 17:00:00
1775842200000,2243.19,2248.44,2237.62,2247.23,46538.277,2026-04-10 17:30:00
1775844000000,2247.22,2251.99,2237.7,2246.83,66647.897,2026-04-10 18:00:00
1775845800000,2246.84,2249.05,2242.35,2248.0,23995.495,2026-04-10 18:30:00
1775847600000,2248.01,2254.85,2246.23,2246.79,50219.427,2026-04-10 19:00:00
1775849400000,2246.8,2253.46,2242.23,2251.81,40353.008,2026-04-10 19:30:00
1775851200000,2251.8,2254.0,2249.64,2251.28,27094.513,2026-04-10 20:00:00
1775853000000,2251.27,2256.93,2241.71,2254.23,53867.275,2026-04-10 20:30:00
1775854800000,2254.23,2254.88,2243.65,2246.09,35221.877,2026-04-10 21:00:00
1775856600000,2246.1,2254.33,2241.18,2253.66,28600.856,2026-04-10 21:30:00
1775858400000,2253.67,2254.26,2245.81,2246.35,22465.754,2026-04-10 22:00:00
1775860200000,2246.35,2246.37,2233.44,2241.22,54609.223,2026-04-10 22:30:00
1775862000000,2241.22,2243.67,2238.0,2242.18,15290.455,2026-04-10 23:00:00
1775863800000,2242.18,2244.8,2240.15,2244.04,17514.995,2026-04-10 23:30:00
1775865600000,2244.04,2244.04,2237.21,2238.61,23265.123,2026-04-11 00:00:00
1775867400000,2238.61,2239.48,2234.51,2237.71,19703.219,2026-04-11 00:30:00
1775869200000,2237.71,2240.6,2233.75,2237.89,21779.632,2026-04-11 01:00:00
1775871000000,2237.89,2245.99,2237.61,2243.5,29362.131,2026-04-11 01:30:00
1775872800000,2243.49,2248.37,2241.03,2248.0,27670.028,2026-04-11 02:00:00
1775874600000,2248.0,2251.17,2243.88,2246.99,31550.934,2026-04-11 02:30:00
1775876400000,2247.0,2249.5,2245.37,2246.43,18300.02,2026-04-11 03:00:00
1775878200000,2246.43,2246.97,2234.68,2236.33,51338.969,2026-04-11 03:30:00
1775880000000,2236.34,2242.08,2234.33,2238.39,38798.02,2026-04-11 04:00:00
1775881800000,2238.39,2241.0,2238.07,2240.23,12197.536,2026-04-11 04:30:00
1775883600000,2240.23,2241.17,2228.06,2234.91,79656.383,2026-04-11 05:00:00
1775885400000,2234.9,2236.48,2231.91,2231.92,26096.609,2026-04-11 05:30:00
1775887200000,2231.91,2233.98,2228.8,2231.21,32537.161,2026-04-11 06:00:00
1775889000000,2231.21,2236.11,2230.89,2234.99,21949.225,2026-04-11 06:30:00
1775890800000,2234.99,2235.98,2232.44,2234.69,16231.276,2026-04-11 07:00:00
1775892600000,2234.69,2234.73,2230.01,2231.98,18884.766,2026-04-11 07:30:00
1775894400000,2231.99,2234.98,2231.63,2233.05,20558.924,2026-04-11 08:00:00
1775896200000,2233.04,2234.39,2231.0,2232.01,17076.227,2026-04-11 08:30:00
1775898000000,2232.01,2248.64,2231.3,2244.55,100784.394,2026-04-11 09:00:00
1775899800000,2244.56,2244.6,2239.08,2242.59,35927.595,2026-04-11 09:30:00
1775901600000,2242.6,2244.18,2236.3,2240.3,35340.527,2026-04-11 10:00:00
1775903400000,2240.31,2240.92,2237.1,2239.33,15394.339,2026-04-11 10:30:00
1775905200000,2239.32,2241.69,2237.64,2238.19,17088.815,2026-04-11 11:00:00
1775907000000,2238.19,2246.0,2237.75,2244.89,30571.511,2026-04-11 11:30:00
1775908800000,2244.9,2245.0,2239.92,2241.36,22610.014,2026-04-11 12:00:00
1775910600000,2241.36,2245.87,2241.09,2244.41,21206.492,2026-04-11 12:30:00
1775912400000,2244.41,2244.41,2232.12,2236.71,75364.741,2026-04-11 13:00:00
1775914200000,2236.72,2240.46,2235.65,2238.42,18951.171,2026-04-11 13:30:00
1775916000000,2238.43,2243.0,2237.06,2239.89,20762.996,2026-04-11 14:00:00
1775917800000,2239.9,2241.5,2237.23,2240.81,18212.55,2026-04-11 14:30:00
1775919600000,2240.82,2255.5,2240.06,2247.01,71917.057,2026-04-11 15:00:00
1775921400000,2247.0,2249.06,2244.0,2248.26,33494.76,2026-04-11 15:30:00
1775923200000,2248.26,2249.84,2245.02,2246.19,20818.562,2026-04-11 16:00:00
1775925000000,2246.19,2274.7,2245.42,2257.57,207762.453,2026-04-11 16:30:00
1775926800000,2257.56,2259.97,2252.19,2257.36,49830.381,2026-04-11 17:00:00
1775928600000,2257.37,2264.88,2257.36,2258.73,46089.56,2026-04-11 17:30:00
1775930400000,2258.73,2263.84,2256.0,2261.76,24021.515,2026-04-11 18:00:00
1775932200000,2261.77,2314.66,2261.76,2304.1,415715.19,2026-04-11 18:30:00
1775934000000,2304.09,2328.0,2304.09,2320.19,209943.744,2026-04-11 19:00:00
1775935800000,2320.19,2329.85,2311.27,2315.23,105567.774,2026-04-11 19:30:00
1775937600000,2315.23,2316.39,2301.2,2302.33,68157.454,2026-04-11 20:00:00
1775939400000,2302.34,2302.52,2287.53,2297.58,98149.952,2026-04-11 20:30:00
1775941200000,2297.58,2304.35,2291.21,2297.51,33595.972,2026-04-11 21:00:00
1775943000000,2297.51,2302.84,2295.31,2298.57,26066.014,2026-04-11 21:30:00
1775944800000,2298.57,2307.88,2296.0,2304.91,40954.633,2026-04-11 22:00:00
1775946600000,2304.92,2305.35,2288.34,2295.87,53829.632,2026-04-11 22:30:00
1775948400000,2295.86,2295.87,2275.21,2285.94,85188.56,2026-04-11 23:00:00
1775950200000,2285.94,2288.4,2282.6,2283.73,19266.719,2026-04-11 23:30:00
1775952000000,2283.73,2287.99,2275.56,2283.01,55132.685,2026-04-12 00:00:00
1775953800000,2283.0,2285.8,2278.33,2284.69,42456.96,2026-04-12 00:30:00
1775955600000,2284.7,2287.8,2278.19,2282.63,41757.349,2026-04-12 01:00:00
1775957400000,2282.63,2282.76,2208.02,2218.07,554194.25,2026-04-12 01:30:00
1775959200000,2218.06,2233.86,2205.93,2223.23,241714.322,2026-04-12 02:00:00
1775961000000,2223.23,2228.28,2221.73,2222.61,50149.585,2026-04-12 02:30:00
1775962800000,2222.6,2226.34,2216.0,2218.82,60915.263,2026-04-12 03:00:00
1775964600000,2218.82,2221.42,2211.88,2213.14,70057.169,2026-04-12 03:30:00
1775966400000,2213.13,2215.88,2208.0,2211.85,53910.653,2026-04-12 04:00:00
1775968200000,2211.85,2213.65,2209.63,2211.58,27034.706,2026-04-12 04:30:00
1775970000000,2211.58,2218.28,2207.01,2218.0,55294.938,2026-04-12 05:00:00
1775971800000,2218.0,2219.66,2213.55,2216.07,36367.722,2026-04-12 05:30:00
1775973600000,2216.07,2219.98,2216.06,2218.5,37397.288,2026-04-12 06:00:00
1775975400000,2218.49,2218.49,2213.67,2214.92,26160.578,2026-04-12 06:30:00
1775977200000,2214.92,2215.98,2211.51,2213.99,28966.907,2026-04-12 07:00:00
1775979000000,2213.99,2219.49,2213.77,2216.87,30958.707,2026-04-12 07:30:00
1775980800000,2216.87,2217.91,2214.07,2217.9,21434.885,2026-04-12 08:00:00
1775982600000,2217.91,2218.18,2210.41,2213.01,32649.765,2026-04-12 08:30:00
1775984400000,2213.0,2215.34,2210.18,2213.33,27695.995,2026-04-12 09:00:00
1775986200000,2213.33,2214.96,2211.0,2213.27,18680.245,2026-04-12 09:30:00
1775988000000,2213.26,2216.62,2212.26,2213.68,18017.411,2026-04-12 10:00:00
1775989800000,2213.67,2214.08,2190.6,2200.94,165201.126,2026-04-12 10:30:00
1775991600000,2200.94,2206.82,2195.75,2204.99,67131.599,2026-04-12 11:00:00
1775993400000,2204.99,2205.33,2201.8,2203.53,19902.993,2026-04-12 11:30:00
1775995200000,2203.52,2204.1,2199.08,2203.78,28954.094,2026-04-12 12:00:00
1775997000000,2203.79,2207.61,2186.0,2193.37,126977.655,2026-04-12 12:30:00
1775998800000,2193.38,2198.22,2185.33,2193.83,106307.798,2026-04-12 13:00:00
1776000600000,2193.83,2194.86,2182.92,2185.89,87138.774,2026-04-12 13:30:00
1776002400000,2185.89,2192.57,2183.83,2191.42,55864.92,2026-04-12 14:00:00
1776004200000,2191.43,2191.67,2175.2,2179.85,118414.115,2026-04-12 14:30:00
1776006000000,2179.84,2183.56,2177.89,2179.81,37279.537,2026-04-12 15:00:00
1776007800000,2179.8,2188.13,2173.0,2185.5,87491.827,2026-04-12 15:30:00
1776009600000,2185.5,2189.59,2181.5,2185.62,47120.357,2026-04-12 16:00:00
1776011400000,2185.61,2186.56,2182.68,2186.29,28643.889,2026-04-12 16:30:00
1776013200000,2186.29,2192.22,2186.28,2192.08,45256.943,2026-04-12 17:00:00
1776015000000,2192.08,2204.79,2191.01,2202.21,92363.807,2026-04-12 17:30:00
1776016800000,2202.22,2206.73,2198.94,2199.56,47366.313,2026-04-12 18:00:00
1776018600000,2199.57,2205.5,2198.23,2199.24,25387.596,2026-04-12 18:30:00
1776020400000,2199.24,2203.97,2198.98,2203.9,18615.796,2026-04-12 19:00:00
1776022200000,2203.89,2204.26,2196.26,2197.24,16705.926,2026-04-12 19:30:00
1776024000000,2197.23,2198.89,2192.15,2196.4,31603.29,2026-04-12 20:00:00
1776025800000,2196.4,2218.0,2196.17,2212.35,81871.492,2026-04-12 20:30:00
1776027600000,2212.35,2217.33,2205.0,2207.83,33219.96,2026-04-12 21:00:00
1776029400000,2207.82,2211.05,2203.75,2210.04,24008.193,2026-04-12 21:30:00
1776031200000,2210.03,2210.32,2181.88,2186.87,143697.515,2026-04-12 22:00:00
1776033000000,2186.88,2200.87,2182.36,2198.24,58029.697,2026-04-12 22:30:00
1776034800000,2198.25,2198.25,2185.48,2190.51,39387.837,2026-04-12 23:00:00
1776036600000,2190.5,2193.3,2185.0,2190.46,32768.91,2026-04-12 23:30:00
1776038400000,2190.46,2204.3,2186.0,2199.03,50970.264,2026-04-13 00:00:00
1776040200000,2199.02,2207.31,2195.8,2204.06,52427.804,2026-04-13 00:30:00
1776042000000,2204.06,2208.31,2200.01,2202.13,45641.541,2026-04-13 01:00:00
1776043800000,2202.14,2206.32,2199.14,2202.51,22554.529,2026-04-13 01:30:00
1776045600000,2202.51,2204.78,2191.1,2200.44,51989.169,2026-04-13 02:00:00
1776047400000,2200.45,2202.67,2191.56,2193.18,30352.545,2026-04-13 02:30:00
1776049200000,2193.18,2195.33,2189.16,2192.38,29368.899,2026-04-13 03:00:00
1776051000000,2192.38,2194.0,2189.37,2193.25,16179.432,2026-04-13 03:30:00
1776052800000,2193.25,2194.86,2190.21,2194.01,16711.313,2026-04-13 04:00:00
1776054600000,2194.01,2198.52,2186.35,2189.33,46699.705,2026-04-13 04:30:00
1776056400000,2189.33,2190.14,2182.52,2187.76,52075.63,2026-04-13 05:00:00
1776058200000,2187.76,2190.8,2180.24,2190.3,50374.546,2026-04-13 05:30:00
1776060000000,2190.3,2198.7,2189.8,2195.49,52555.857,2026-04-13 06:00:00
1776061800000,2195.49,2200.85,2193.8,2197.49,41872.73,2026-04-13 06:30:00
1776063600000,2197.5,2198.81,2181.93,2183.74,66951.917,2026-04-13 07:00:00
1776065400000,2183.74,2189.28,2183.54,2185.81,41377.895,2026-04-13 07:30:00
1776067200000,2185.81,2188.69,2180.82,2184.98,55902.94,2026-04-13 08:00:00
1776069000000,2184.98,2185.17,2177.01,2184.32,47264.109,2026-04-13 08:30:00
1776070800000,2184.32,2194.95,2184.31,2189.24,60886.495,2026-04-13 09:00:00
1776072600000,2189.24,2190.0,2186.16,2187.16,22301.707,2026-04-13 09:30:00
1776074400000,2187.16,2188.24,2181.0,2181.78,32164.741,2026-04-13 10:00:00
1776076200000,2181.77,2185.15,2177.9,2182.97,44432.784,2026-04-13 10:30:00
1776078000000,2182.98,2187.37,2181.7,2185.77,35472.621,2026-04-13 11:00:00
1776079800000,2185.76,2190.4,2183.79,2186.56,33533.04,2026-04-13 11:30:00
1776081600000,2186.56,2188.56,2179.42,2179.65,41163.135,2026-04-13 12:00:00
1776083400000,2179.64,2198.0,2173.16,2191.53,148814.024,2026-04-13 12:30:00
1776085200000,2191.55,2201.42,2191.55,2195.57,92084.521,2026-04-13 13:00:00
1776087000000,2195.58,2215.0,2180.05,2214.0,270885.493,2026-04-13 13:30:00
1776088800000,2213.99,2217.8,2201.76,2210.07,155965.487,2026-04-13 14:00:00
1776090600000,2210.07,2233.77,2209.32,2232.73,257138.525,2026-04-13 14:30:00
1776092400000,2232.73,2235.99,2209.5,2212.3,157433.524,2026-04-13 15:00:00
1776094200000,2212.3,2212.31,2197.78,2208.51,149181.093,2026-04-13 15:30:00
1776096000000,2208.51,2226.99,2198.61,2225.3,144214.08,2026-04-13 16:00:00
1776097800000,2225.29,2233.7,2220.76,2224.81,178031.006,2026-04-13 16:30:00
1776099600000,2224.8,2231.64,2221.69,2231.47,68874.749,2026-04-13 17:00:00
1776101400000,2231.47,2242.38,2221.3,2223.96,143174.904,2026-04-13 17:30:00
1776103200000,2223.97,2230.42,2217.35,2221.0,67384.546,2026-04-13 18:00:00
1776105000000,2221.0,2233.57,2220.81,2231.27,50170.892,2026-04-13 18:30:00
1776106800000,2231.27,2244.18,2226.81,2240.85,102568.108,2026-04-13 19:00:00
1776108600000,2240.84,2268.25,2239.57,2261.11,277041.285,2026-04-13 19:30:00
1776110400000,2261.11,2262.62,2246.6,2253.47,84725.33,2026-04-13 20:00:00
1776112200000,2253.46,2258.6,2248.43,2251.6,47941.148,2026-04-13 20:30:00
1776114000000,2251.6,2258.85,2248.84,2253.04,32570.028,2026-04-13 21:00:00
1776115800000,2253.03,2265.83,2252.87,2258.77,37092.524,2026-04-13 21:30:00
1776117600000,2258.77,2337.54,2258.6,2324.61,523266.728,2026-04-13 22:00:00
1776119400000,2324.61,2365.0,2324.6,2352.12,331888.315,2026-04-13 22:30:00
1776121200000,2352.13,2396.0,2340.26,2386.49,450805.348,2026-04-13 23:00:00
1776123000000,2386.5,2389.79,2366.39,2368.29,148851.941,2026-04-13 23:30:00
1776124800000,2368.28,2374.11,2363.08,2365.39,99657.179,2026-04-14 00:00:00
1776126600000,2365.4,2370.96,2358.02,2359.91,69849.61,2026-04-14 00:30:00
1776128400000,2359.92,2368.63,2352.53,2362.43,93703.471,2026-04-14 01:00:00
1776130200000,2362.43,2372.44,2359.33,2367.24,63820.999,2026-04-14 01:30:00
1776132000000,2367.25,2377.86,2367.24,2369.0,65708.902,2026-04-14 02:00:00
1776133800000,2369.01,2373.94,2364.67,2366.17,51600.607,2026-04-14 02:30:00
1776135600000,2366.17,2369.34,2360.36,2362.04,38220.662,2026-04-14 03:00:00
1776137400000,2362.05,2368.13,2361.82,2364.48,31510.365,2026-04-14 03:30:00
1776139200000,2364.47,2367.4,2362.17,2365.07,23825.377,2026-04-14 04:00:00
1776141000000,2365.07,2365.91,2360.87,2363.21,24006.973,2026-04-14 04:30:00
1776142800000,2363.2,2369.0,2359.29,2365.86,39779.311,2026-04-14 05:00:00
1776144600000,2365.85,2365.88,2353.7,2354.8,58659.687,2026-04-14 05:30:00
1776146400000,2354.8,2366.41,2354.8,2365.13,43425.978,2026-04-14 06:00:00
1776148200000,2365.13,2376.08,2363.57,2371.76,66702.368,2026-04-14 06:30:00
1776150000000,2371.77,2390.0,2369.64,2379.0,176215.618,2026-04-14 07:00:00
1776151800000,2379.0,2379.5,2369.16,2376.79,59958.171,2026-04-14 07:30:00
1776153600000,2376.8,2379.2,2372.99,2378.96,38524.811,2026-04-14 08:00:00
1776155400000,2378.96,2396.6,2377.2,2386.87,197516.229,2026-04-14 08:30:00
1776157200000,2386.87,2394.0,2384.51,2388.92,111902.993,2026-04-14 09:00:00
1776159000000,2388.93,2392.84,2382.23,2386.2,56610.013,2026-04-14 09:30:00
1776160800000,2386.21,2386.93,2380.18,2382.33,37450.185,2026-04-14 10:00:00
1776162600000,2382.33,2384.59,2372.12,2374.18,66363.965,2026-04-14 10:30:00
1776164400000,2374.17,2375.52,2367.88,2368.54,42944.181,2026-04-14 11:00:00
1776166200000,2368.54,2377.48,2366.66,2373.41,72526.765,2026-04-14 11:30:00
1776168000000,2373.41,2377.16,2367.84,2372.07,50666.614,2026-04-14 12:00:00
1776169800000,2372.07,2377.68,2369.3,2373.21,48529.877,2026-04-14 12:30:00
1776171600000,2373.22,2383.82,2371.57,2372.59,82103.172,2026-04-14 13:00:00
1776173400000,2372.6,2394.6,2372.59,2389.99,262237.78,2026-04-14 13:30:00
1776175200000,2390.0,2392.75,2375.88,2390.87,159646.012,2026-04-14 14:00:00
1776177000000,2390.87,2416.4,2350.66,2351.8,591265.234,2026-04-14 14:30:00
1776178800000,2351.79,2356.67,2330.8,2340.41,419687.86,2026-04-14 15:00:00
1776180600000,2340.41,2371.54,2339.12,2363.23,197694.174,2026-04-14 15:30:00
1776182400000,2363.23,2370.5,2346.47,2351.53,129092.691,2026-04-14 16:00:00
1776184200000,2351.53,2353.4,2327.78,2332.63,137328.958,2026-04-14 16:30:00
1776186000000,2332.62,2344.61,2328.0,2333.79,108912.481,2026-04-14 17:00:00
1776187800000,2333.8,2337.68,2322.02,2337.4,106970.216,2026-04-14 17:30:00
1776189600000,2337.4,2343.29,2328.06,2333.58,64137.605,2026-04-14 18:00:00
1776191400000,2333.57,2336.83,2307.72,2312.83,164510.646,2026-04-14 18:30:00
1776193200000,2312.82,2321.76,2301.38,2312.68,95085.184,2026-04-14 19:00:00
1776195000000,2312.68,2316.78,2307.5,2312.5,50141.64,2026-04-14 19:30:00
1776196800000,2312.5,2322.64,2307.57,2310.67,48879.258,2026-04-14 20:00:00
1776198600000,2310.67,2316.67,2307.6,2314.05,23408.571,2026-04-14 20:30:00
1776200400000,2314.05,2326.06,2313.6,2320.23,44369.313,2026-04-14 21:00:00
1776202200000,2320.23,2325.0,2315.03,2322.31,20475.072,2026-04-14 21:30:00
1776204000000,2322.31,2332.0,2312.15,2313.12,71914.078,2026-04-14 22:00:00
1776205800000,2313.13,2318.91,2310.37,2313.78,37572.986,2026-04-14 22:30:00
1776207600000,2313.78,2321.41,2313.05,2318.29,31781.686,2026-04-14 23:00:00
1776209400000,2318.28,2325.76,2318.09,2321.26,43142.662,2026-04-14 23:30:00
1776211200000,2321.25,2342.63,2320.5,2336.95,102937.914,2026-04-15 00:00:00
1776213000000,2336.95,2338.0,2327.06,2332.51,34747.196,2026-04-15 00:30:00
1776214800000,2332.5,2339.95,2330.22,2335.39,44041.572,2026-04-15 01:00:00
1776216600000,2335.39,2341.63,2330.12,2334.58,41432.114,2026-04-15 01:30:00
1776218400000,2334.57,2336.99,2324.16,2324.93,44098.391,2026-04-15 02:00:00
1776220200000,2324.94,2325.37,2316.56,2323.95,57281.964,2026-04-15 02:30:00
1776222000000,2323.95,2328.42,2319.5,2326.0,32187.871,2026-04-15 03:00:00
1776223800000,2326.0,2328.6,2321.36,2327.89,27509.629,2026-04-15 03:30:00
1776225600000,2327.88,2333.3,2326.68,2328.89,31803.188,2026-04-15 04:00:00
1776227400000,2328.9,2333.77,2326.56,2332.17,24328.367,2026-04-15 04:30:00
1776229200000,2332.17,2337.64,2319.15,2321.13,72071.568,2026-04-15 05:00:00
1776231000000,2321.12,2322.38,2312.55,2318.6,74455.319,2026-04-15 05:30:00
1776232800000,2318.6,2320.49,2314.33,2316.68,30997.212,2026-04-15 06:00:00
1776234600000,2316.67,2319.43,2314.58,2316.22,27765.077,2026-04-15 06:30:00
1776236400000,2316.23,2322.86,2306.42,2313.66,87712.328,2026-04-15 07:00:00
1776238200000,2313.66,2317.99,2307.88,2315.47,56289.478,2026-04-15 07:30:00
1776240000000,2315.48,2323.56,2312.73,2322.9,48430.045,2026-04-15 08:00:00
1776241800000,2322.89,2332.0,2322.36,2326.61,77887.914,2026-04-15 08:30:00
1776243600000,2326.6,2329.15,2318.31,2319.5,35500.657,2026-04-15 09:00:00
1776245400000,2319.5,2322.0,2317.09,2319.03,26284.494,2026-04-15 09:30:00
1776247200000,2319.02,2324.75,2312.15,2313.35,50456.294,2026-04-15 10:00:00
1776249000000,2313.35,2327.74,2311.0,2315.91,72860.575,2026-04-15 10:30:00
1776250800000,2315.92,2331.0,2315.6,2323.62,54356.71,2026-04-15 11:00:00
1776252600000,2323.62,2338.94,2323.0,2336.28,92211.809,2026-04-15 11:30:00
1776254400000,2336.28,2338.6,2328.13,2330.48,65912.688,2026-04-15 12:00:00
1776256200000,2330.48,2338.79,2330.48,2331.2,47041.843,2026-04-15 12:30:00
1776258000000,2331.2,2333.75,2326.02,2331.08,49542.802,2026-04-15 13:00:00
1776259800000,2331.07,2332.82,2316.2,2325.72,151903.845,2026-04-15 13:30:00
1776261600000,2325.72,2344.01,2320.76,2338.81,150562.791,2026-04-15 14:00:00
1776263400000,2338.8,2340.82,2326.09,2337.38,112156.353,2026-04-15 14:30:00
1776265200000,2337.38,2349.0,2330.14,2335.19,139337.138,2026-04-15 15:00:00
1776267000000,2335.19,2336.4,2319.27,2330.62,139085.304,2026-04-15 15:30:00
1776268800000,2330.61,2347.63,2328.06,2343.09,94364.435,2026-04-15 16:00:00
1776270600000,2343.09,2348.66,2334.0,2340.3,80773.708,2026-04-15 16:30:00
1776272400000,2340.3,2357.42,2339.0,2350.98,105287.59,2026-04-15 17:00:00
1776274200000,2350.99,2354.5,2338.59,2347.44,75264.49,2026-04-15 17:30:00
1776276000000,2347.44,2355.0,2345.03,2347.94,55692.119,2026-04-15 18:00:00
1776277800000,2347.93,2358.64,2347.0,2357.12,41814.871,2026-04-15 18:30:00
1776279600000,2357.11,2367.83,2355.92,2363.89,93144.502,2026-04-15 19:00:00
1776281400000,2363.88,2385.11,2363.3,2373.58,157398.35,2026-04-15 19:30:00
1776283200000,2373.59,2374.89,2352.35,2359.44,67228.634,2026-04-15 20:00:00
1776285000000,2359.44,2366.14,2355.0,2361.71,40810.658,2026-04-15 20:30:00
1776286800000,2361.7,2362.3,2346.48,2351.81,39460.969,2026-04-15 21:00:00
1776288600000,2351.8,2363.0,2348.68,2360.1,33852.146,2026-04-15 21:30:00
1776290400000,2360.1,2379.48,2359.0,2367.39,83928.613,2026-04-15 22:00:00
1776292200000,2367.4,2379.99,2360.09,2362.58,59386.606,2026-04-15 22:30:00
1776294000000,2362.58,2362.59,2348.0,2354.89,83568.542,2026-04-15 23:00:00
1776295800000,2354.89,2361.0,2349.0,2358.89,41617.599,2026-04-15 23:30:00
1776297600000,2358.89,2359.36,2348.29,2353.59,31592.501,2026-04-16 00:00:00
1776299400000,2353.59,2363.83,2353.59,2359.26,48479.463,2026-04-16 00:30:00
1776301200000,2359.26,2359.32,2342.05,2349.91,64851.274,2026-04-16 01:00:00
1776303000000,2349.92,2354.68,2347.07,2350.86,20300.296,2026-04-16 01:30:00
1776304800000,2350.86,2358.33,2348.55,2357.7,39271.217,2026-04-16 02:00:00
1776306600000,2357.69,2368.66,2353.44,2355.58,90874.588,2026-04-16 02:30:00
1776308400000,2355.58,2364.57,2354.69,2359.79,42748.423,2026-04-16 03:00:00
1776310200000,2359.75,2360.87,2355.75,2356.48,15600.147,2026-04-16 03:30:00
1776312000000,2356.48,2360.46,2353.9,2357.19,24643.335,2026-04-16 04:00:00
1776313800000,2357.19,2362.86,2346.34,2353.0,55429.524,2026-04-16 04:30:00
1776315600000,2353.0,2358.75,2349.0,2356.25,35017.618,2026-04-16 05:00:00
1776317400000,2356.25,2360.58,2354.22,2355.79,28845.354,2026-04-16 05:30:00
1776319200000,2355.8,2359.38,2353.87,2354.4,25861.704,2026-04-16 06:00:00
1776321000000,2354.39,2355.44,2348.5,2354.92,29566.919,2026-04-16 06:30:00
1776322800000,2354.93,2356.0,2349.2,2351.65,30696.913,2026-04-16 07:00:00
1776324600000,2351.65,2352.3,2333.67,2340.55,119690.01,2026-04-16 07:30:00
1776326400000,2340.55,2341.98,2333.03,2339.99,79760.856,2026-04-16 08:00:00
1776328200000,2340.0,2345.0,2337.0,2338.0,54263.059,2026-04-16 08:30:00
1776330000000,2338.0,2347.12,2336.63,2345.16,42801.767,2026-04-16 09:00:00
1776331800000,2345.15,2345.68,2336.58,2336.99,38386.074,2026-04-16 09:30:00
1776333600000,2336.99,2339.36,2327.01,2334.06,106661.066,2026-04-16 10:00:00
1776335400000,2334.06,2336.45,2327.07,2331.12,41276.62,2026-04-16 10:30:00
1776337200000,2331.13,2332.78,2328.46,2331.41,32604.075,2026-04-16 11:00:00
1776339000000,2331.41,2335.36,2330.5,2334.69,34875.729,2026-04-16 11:30:00
1776340800000,2334.69,2348.76,2333.39,2339.75,98576.351,2026-04-16 12:00:00
1776342600000,2339.75,2341.17,2335.09,2339.27,28988.377,2026-04-16 12:30:00
1776344400000,2339.27,2351.99,2336.56,2347.79,67347.98,2026-04-16 13:00:00
1776346200000,2347.79,2349.28,2288.0,2306.92,447840.849,2026-04-16 13:30:00
1776348000000,2306.92,2311.2,2281.85,2294.01,346821.175,2026-04-16 14:00:00
1776349800000,2294.0,2315.15,2292.67,2308.4,155505.241,2026-04-16 14:30:00
1776351600000,2308.39,2329.0,2306.82,2317.61,180701.083,2026-04-16 15:00:00
1776353400000,2317.6,2348.88,2316.67,2337.53,217682.59,2026-04-16 15:30:00
1776355200000,2337.53,2347.73,2330.51,2330.78,102688.65,2026-04-16 16:00:00
1776357000000,2330.79,2333.87,2308.21,2315.52,182194.399,2026-04-16 16:30:00
1776358800000,2315.52,2324.76,2308.5,2323.5,97310.649,2026-04-16 17:00:00
1776360600000,2323.5,2328.6,2317.0,2324.62,64506.826,2026-04-16 17:30:00
1776362400000,2324.62,2333.8,2318.71,2324.78,68246.89,2026-04-16 18:00:00
1776364200000,2324.78,2345.82,2323.59,2342.22,80447.592,2026-04-16 18:30:00
1776366000000,2342.23,2347.0,2333.09,2344.32,63710.484,2026-04-16 19:00:00
1776367800000,2344.31,2362.0,2342.01,2358.65,151572.187,2026-04-16 19:30:00
1776369600000,2358.65,2363.94,2348.02,2349.99,77438.109,2026-04-16 20:00:00
1776371400000,2349.99,2350.0,2340.04,2348.81,48110.492,2026-04-16 20:30:00
1776373200000,2348.82,2355.67,2335.0,2339.6,53097.872,2026-04-16 21:00:00
1776375000000,2339.59,2342.56,2336.0,2340.35,26389.195,2026-04-16 21:30:00
1776376800000,2340.35,2349.92,2337.75,2342.29,38795.597,2026-04-16 22:00:00
1776378600000,2342.29,2346.49,2339.71,2341.33,23782.476,2026-04-16 22:30:00
1776380400000,2341.34,2352.71,2340.24,2347.08,35802.585,2026-04-16 23:00:00
1776382200000,2347.07,2353.8,2344.79,2346.91,36008.097,2026-04-16 23:30:00
1776384000000,2346.9,2349.61,2339.63,2344.66,36679.938,2026-04-17 00:00:00
1776385800000,2344.66,2349.23,2342.3,2343.26,24853.12,2026-04-17 00:30:00
1776387600000,2343.25,2348.0,2327.4,2332.32,88739.733,2026-04-17 01:00:00
1776389400000,2332.33,2340.13,2325.36,2334.08,91020.927,2026-04-17 01:30:00
1776391200000,2334.08,2337.95,2326.52,2326.53,37662.812,2026-04-17 02:00:00
1776393000000,2326.53,2332.59,2323.19,2330.88,32427.955,2026-04-17 02:30:00
1776394800000,2330.89,2331.0,2325.94,2327.57,23493.119,2026-04-17 03:00:00
1776396600000,2327.57,2330.15,2322.06,2324.6,33116.969,2026-04-17 03:30:00
1776398400000,2324.59,2331.4,2322.93,2329.1,24620.17,2026-04-17 04:00:00
1776400200000,2329.09,2333.0,2327.42,2328.0,23760.828,2026-04-17 04:30:00
1776402000000,2328.0,2328.38,2315.7,2321.17,71092.609,2026-04-17 05:00:00
1776403800000,2321.16,2323.0,2317.5,2318.28,24109.762,2026-04-17 05:30:00
1776405600000,2318.28,2325.33,2316.68,2324.8,32385.753,2026-04-17 06:00:00
1776407400000,2324.79,2331.84,2323.03,2330.02,40478.79,2026-04-17 06:30:00
1776409200000,2330.01,2341.25,2329.89,2336.25,95097.242,2026-04-17 07:00:00
1776411000000,2336.25,2337.63,2329.08,2333.41,48638.916,2026-04-17 07:30:00
1776412800000,2333.41,2340.59,2332.0,2339.27,43557.464,2026-04-17 08:00:00
1776414600000,2339.27,2358.0,2338.72,2353.59,191010.94,2026-04-17 08:30:00
1776416400000,2353.59,2377.53,2346.6,2370.14,196228.123,2026-04-17 09:00:00
1776418200000,2370.14,2372.0,2348.6,2357.49,157144.882,2026-04-17 09:30:00
1776420000000,2357.49,2359.6,2340.47,2340.75,86031.259,2026-04-17 10:00:00
1776421800000,2340.75,2345.0,2334.09,2342.54,106738.236,2026-04-17 10:30:00
1776423600000,2342.54,2352.58,2341.59,2350.34,56270.384,2026-04-17 11:00:00
1776425400000,2350.33,2355.68,2347.31,2353.38,42835.835,2026-04-17 11:30:00
1776427200000,2353.38,2364.78,2347.91,2357.97,82148.468,2026-04-17 12:00:00
1776429000000,2357.97,2381.79,2353.0,2370.53,228974.453,2026-04-17 12:30:00
1776430800000,2370.53,2426.45,2365.0,2403.75,646890.806,2026-04-17 13:00:00
1776432600000,2403.75,2439.84,2388.5,2435.82,581654.965,2026-04-17 13:30:00
1776434400000,2435.82,2447.96,2423.14,2431.33,248580.915,2026-04-17 14:00:00
1776436200000,2431.34,2457.0,2431.33,2445.66,305072.262,2026-04-17 14:30:00
1776438000000,2445.66,2448.0,2431.58,2443.12,145491.081,2026-04-17 15:00:00
1776439800000,2443.13,2448.43,2433.62,2440.65,121280.539,2026-04-17 15:30:00
1776441600000,2440.65,2455.27,2439.66,2452.32,136944.827,2026-04-17 16:00:00
1776443400000,2452.33,2464.99,2446.43,2450.46,163635.268,2026-04-17 16:30:00
1776445200000,2450.47,2451.83,2420.41,2427.29,225114.367,2026-04-17 17:00:00
1776447000000,2427.3,2444.69,2427.3,2439.01,102418.409,2026-04-17 17:30:00
1776448800000,2439.0,2441.34,2414.2,2419.53,153085.24,2026-04-17 18:00:00
1776450600000,2419.53,2429.6,2417.0,2419.07,57692.683,2026-04-17 18:30:00
1776452400000,2419.07,2428.89,2416.25,2423.23,53378.187,2026-04-17 19:00:00
1776454200000,2423.23,2432.0,2423.01,2426.45,44124.203,2026-04-17 19:30:00
1776456000000,2426.45,2434.29,2426.44,2427.3,35568.209,2026-04-17 20:00:00
1776457800000,2427.3,2427.93,2415.69,2425.35,39487.832,2026-04-17 20:30:00
1776459600000,2425.35,2432.26,2424.58,2428.91,21591.469,2026-04-17 21:00:00
1776461400000,2428.9,2430.25,2418.16,2428.33,22145.389,2026-04-17 21:30:00
1776463200000,2428.33,2430.64,2421.8,2430.0,35234.036,2026-04-17 22:00:00
1776465000000,2430.0,2441.55,2428.0,2431.66,57082.729,2026-04-17 22:30:00
1776466800000,2431.66,2432.16,2413.9,2420.07,50508.042,2026-04-17 23:00:00
1776468600000,2420.06,2423.7,2416.54,2417.61,25988.104,2026-04-17 23:30:00
1776470400000,2417.61,2422.5,2415.48,2420.34,27456.068,2026-04-18 00:00:00
1776472200000,2420.34,2422.45,2407.01,2420.29,72118.656,2026-04-18 00:30:00
1776474000000,2420.29,2426.58,2416.0,2422.99,31373.322,2026-04-18 01:00:00
1776475800000,2423.0,2423.0,2417.21,2420.03,23069.963,2026-04-18 01:30:00
1776477600000,2420.03,2423.76,2415.6,2420.83,19485.722,2026-04-18 02:00:00
1776479400000,2420.84,2422.14,2417.62,2418.41,15946.874,2026-04-18 02:30:00
1776481200000,2418.41,2418.61,2414.6,2415.96,20705.025,2026-04-18 03:00:00
1776483000000,2415.95,2419.3,2397.6,2404.4,93181.306,2026-04-18 03:30:00
1776484800000,2404.4,2409.4,2398.45,2401.77,57931.296,2026-04-18 04:00:00
1776486600000,2401.78,2408.6,2398.35,2406.57,44913.335,2026-04-18 04:30:00
1776488400000,2406.56,2412.75,2406.0,2407.76,26521.921,2026-04-18 05:00:00
1776490200000,2407.77,2408.0,2404.47,2407.97,19064.912,2026-04-18 05:30:00
1776492000000,2407.97,2410.0,2404.05,2407.69,18569.556,2026-04-18 06:00:00
1776493800000,2407.69,2410.77,2407.17,2408.47,16914.371,2026-04-18 06:30:00
1776495600000,2408.47,2410.0,2405.0,2405.0,13948.205,2026-04-18 07:00:00
1776497400000,2405.0,2406.16,2400.74,2402.65,31132.141,2026-04-18 07:30:00
1776499200000,2402.65,2404.17,2378.62,2386.48,265749.682,2026-04-18 08:00:00
1776501000000,2386.47,2386.98,2366.01,2379.9,172435.604,2026-04-18 08:30:00
1776502800000,2379.9,2380.0,2369.03,2377.5,90933.491,2026-04-18 09:00:00
1776504600000,2377.5,2380.38,2372.06,2375.35,37836.179,2026-04-18 09:30:00
1776506400000,2375.34,2375.35,2353.25,2360.69,191355.676,2026-04-18 10:00:00
1776508200000,2360.69,2361.5,2356.01,2358.59,50298.648,2026-04-18 10:30:00
1776510000000,2358.59,2359.78,2349.32,2355.78,99975.914,2026-04-18 11:00:00
1776511800000,2355.78,2358.49,2342.51,2352.12,100697.032,2026-04-18 11:30:00
1776513600000,2352.13,2362.81,2350.91,2354.27,75995.509,2026-04-18 12:00:00
1776515400000,2354.27,2358.6,2351.17,2357.15,36535.598,2026-04-18 12:30:00
1776517200000,2357.15,2359.96,2350.39,2353.15,33633.701,2026-04-18 13:00:00
1776519000000,2353.16,2357.32,2344.74,2354.54,72719.136,2026-04-18 13:30:00
1776520800000,2354.53,2357.19,2348.55,2355.01,34850.697,2026-04-18 14:00:00
1776522600000,2355.02,2364.59,2355.01,2364.06,69399.107,2026-04-18 14:30:00
1776524400000,2364.05,2369.87,2357.26,2363.33,63028.307,2026-04-18 15:00:00
1776526200000,2363.33,2365.43,2356.56,2362.25,29829.158,2026-04-18 15:30:00
1776528000000,2362.24,2374.45,2352.8,2366.67,111937.834,2026-04-18 16:00:00
1776529800000,2366.67,2367.93,2355.01,2359.18,47024.642,2026-04-18 16:30:00
1776531600000,2359.18,2361.53,2350.0,2360.31,74336.109,2026-04-18 17:00:00
1776533400000,2360.31,2363.33,2359.2,2359.98,20794.149,2026-04-18 17:30:00
1776535200000,2359.97,2361.95,2352.31,2353.66,43255.258,2026-04-18 18:00:00
1776537000000,2353.67,2354.22,2335.72,2345.88,129325.245,2026-04-18 18:30:00
1776538800000,2345.89,2354.22,2344.81,2349.5,29833.147,2026-04-18 19:00:00
1776540600000,2349.5,2350.47,2345.0,2347.01,14421.886,2026-04-18 19:30:00
1776542400000,2347.01,2351.5,2343.18,2347.06,21242.834,2026-04-18 20:00:00
1776544200000,2347.07,2353.4,2345.13,2350.88,18387.729,2026-04-18 20:30:00
1776546000000,2350.87,2353.68,2345.45,2350.98,14322.981,2026-04-18 21:00:00
1776547800000,2350.98,2354.39,2347.07,2354.03,12835.397,2026-04-18 21:30:00
1776549600000,2354.03,2354.23,2347.06,2352.0,13191.885,2026-04-18 22:00:00
1776551400000,2352.0,2358.0,2351.15,2355.1,30228.421,2026-04-18 22:30:00
1776553200000,2355.1,2359.6,2352.59,2353.3,17231.338,2026-04-18 23:00:00
1776555000000,2353.3,2353.31,2348.19,2349.25,11444.077,2026-04-18 23:30:00
1776556800000,2349.26,2354.18,2345.3,2346.88,22540.062,2026-04-19 00:00:00
1776558600000,2346.88,2349.15,2342.84,2347.68,28504.389,2026-04-19 00:30:00
1776560400000,2347.68,2351.71,2342.65,2342.66,24145.104,2026-04-19 01:00:00
1776562200000,2342.65,2348.67,2340.01,2346.4,28268.828,2026-04-19 01:30:00
1776564000000,2346.41,2348.0,2331.41,2336.77,67377.366,2026-04-19 02:00:00
1776565800000,2336.77,2346.5,2334.35,2336.87,54278.275,2026-04-19 02:30:00
1776567600000,2336.88,2342.29,2330.27,2342.12,44655.343,2026-04-19 03:00:00
1776569400000,2342.13,2342.97,2337.35,2338.45,23313.041,2026-04-19 03:30:00
1776571200000,2338.45,2344.96,2338.31,2340.58,24813.184,2026-04-19 04:00:00
1776573000000,2340.58,2340.78,2320.0,2332.0,125070.305,2026-04-19 04:30:00
1776574800000,2332.0,2333.25,2327.58,2332.82,29509.092,2026-04-19 05:00:00
1776576600000,2332.82,2337.56,2330.38,2331.61,29773.185,2026-04-19 05:30:00
1776578400000,2331.6,2332.2,2320.02,2326.8,89133.255,2026-04-19 06:00:00
1776580200000,2326.79,2331.0,2323.56,2326.24,25183.733,2026-04-19 06:30:00
1776582000000,2326.24,2326.27,2295.17,2301.8,233771.62,2026-04-19 07:00:00
1776583800000,2301.8,2318.0,2301.0,2314.52,106891.159,2026-04-19 07:30:00
1776585600000,2314.52,2318.47,2310.82,2314.0,36165.456,2026-04-19 08:00:00
1776587400000,2314.0,2319.53,2309.28,2317.21,44585.15,2026-04-19 08:30:00
1776589200000,2317.21,2318.0,2308.32,2313.71,39782.711,2026-04-19 09:00:00
1776591000000,2313.71,2315.73,2304.36,2308.99,44984.257,2026-04-19 09:30:00
1776592800000,2308.99,2311.61,2305.27,2310.5,41141.717,2026-04-19 10:00:00
1776594600000,2310.5,2318.85,2310.0,2316.8,51838.787,2026-04-19 10:30:00
1776596400000,2316.81,2330.97,2316.0,2324.06,106088.422,2026-04-19 11:00:00
1776598200000,2324.05,2329.0,2324.01,2327.73,38293.467,2026-04-19 11:30:00
1776600000000,2327.74,2334.74,2325.72,2326.79,77613.009,2026-04-19 12:00:00
1776601800000,2326.78,2335.99,2322.61,2329.37,72703.437,2026-04-19 12:30:00
1776603600000,2329.37,2348.82,2328.46,2340.29,162898.387,2026-04-19 13:00:00
1776605400000,2340.3,2342.99,2335.0,2337.19,51828.684,2026-04-19 13:30:00
1776607200000,2337.2,2341.6,2325.5,2337.48,87477.349,2026-04-19 14:00:00
1776609000000,2337.49,2341.95,2332.39,2336.57,40791.346,2026-04-19 14:30:00
1776610800000,2336.58,2340.43,2331.1,2333.76,36252.893,2026-04-19 15:00:00
1776612600000,2333.76,2334.5,2313.41,2329.5,117294.867,2026-04-19 15:30:00
1776614400000,2329.49,2330.32,2317.16,2319.16,63798.34,2026-04-19 16:00:00
1776616200000,2319.17,2324.96,2303.02,2310.44,118514.747,2026-04-19 16:30:00
1776618000000,2310.45,2316.4,2293.65,2311.22,143536.83,2026-04-19 17:00:00
1776619800000,2311.23,2314.88,2291.87,2295.36,96132.79,2026-04-19 17:30:00
1776621600000,2295.37,2301.19,2288.0,2297.1,118174.095,2026-04-19 18:00:00
1776623400000,2297.1,2298.49,2286.76,2295.03,52374.181,2026-04-19 18:30:00
1776625200000,2295.03,2304.44,2293.51,2298.51,70669.404,2026-04-19 19:00:00
1776627000000,2298.51,2302.19,2295.0,2299.01,20380.4,2026-04-19 19:30:00
1776628800000,2299.01,2299.84,2287.48,2291.84,45496.251,2026-04-19 20:00:00
1776630600000,2291.84,2296.38,2271.33,2279.41,127034.879,2026-04-19 20:30:00
1776632400000,2279.41,2286.79,2278.0,2285.26,40576.558,2026-04-19 21:00:00
1776634200000,2285.26,2289.36,2273.35,2275.01,49205.603,2026-04-19 21:30:00
1776636000000,2275.0,2275.0,2251.05,2262.25,256374.919,2026-04-19 22:00:00
1776637800000,2262.24,2274.81,2261.29,2268.45,69755.381,2026-04-19 22:30:00
1776639600000,2268.46,2268.46,2255.54,2263.54,76421.725,2026-04-19 23:00:00
1776641400000,2263.54,2269.98,2261.0,2262.48,38199.485,2026-04-19 23:30:00
1776643200000,2262.49,2277.86,2258.51,2275.11,91995.82,2026-04-20 00:00:00
1776645000000,2275.1,2282.13,2272.5,2278.5,47563.583,2026-04-20 00:30:00
1776646800000,2278.49,2283.95,2276.52,2279.65,42469.545,2026-04-20 01:00:00
1776648600000,2279.65,2293.32,2279.31,2284.85,83674.286,2026-04-20 01:30:00
1776650400000,2284.84,2285.93,2270.48,2276.47,65573.471,2026-04-20 02:00:00
1776652200000,2276.47,2280.48,2274.4,2276.3,32384.097,2026-04-20 02:30:00
1776654000000,2276.3,2282.66,2274.72,2278.93,32109.111,2026-04-20 03:00:00
1776655800000,2278.94,2287.67,2277.73,2285.03,29593.939,2026-04-20 03:30:00
1776657600000,2285.04,2285.04,2278.28,2280.59,24669.463,2026-04-20 04:00:00
1776659400000,2280.58,2284.0,2277.21,2282.0,22263.668,2026-04-20 04:30:00
1776661200000,2282.01,2282.01,2263.0,2264.98,86304.925,2026-04-20 05:00:00
1776663000000,2264.99,2271.57,2261.68,2269.16,44284.296,2026-04-20 05:30:00
1776664800000,2269.17,2276.0,2267.37,2273.7,40242.227,2026-04-20 06:00:00
1776666600000,2273.7,2288.31,2273.7,2284.97,84789.806,2026-04-20 06:30:00
1776668400000,2284.96,2333.49,2281.58,2313.75,321971.458,2026-04-20 07:00:00
1776670200000,2313.76,2316.25,2285.88,2296.99,206981.22,2026-04-20 07:30:00
1776672000000,2296.99,2306.99,2289.63,2298.28,89674.041,2026-04-20 08:00:00
1776673800000,2298.28,2299.9,2288.22,2292.83,41197.906,2026-04-20 08:30:00
1776675600000,2292.84,2306.68,2292.17,2303.42,61657.645,2026-04-20 09:00:00
1776677400000,2303.41,2312.8,2302.57,2307.69,83762.291,2026-04-20 09:30:00
1776679200000,2307.7,2318.82,2306.92,2313.99,61146.436,2026-04-20 10:00:00
1776681000000,2313.99,2314.0,2301.56,2302.02,55344.346,2026-04-20 10:30:00
1776682800000,2302.02,2310.5,2298.25,2305.0,41596.451,2026-04-20 11:00:00
1776684600000,2305.01,2311.41,2301.13,2307.14,35271.589,2026-04-20 11:30:00
1776686400000,2307.14,2322.55,2303.14,2314.26,73543.618,2026-04-20 12:00:00
1776688200000,2314.26,2318.56,2305.29,2317.55,58258.058,2026-04-20 12:30:00
1776690000000,2317.54,2325.94,2308.5,2315.49,105776.014,2026-04-20 13:00:00
1776691800000,2315.49,2318.0,2300.15,2309.73,149288.96,2026-04-20 13:30:00
1776693600000,2309.73,2321.29,2295.19,2309.78,180489.193,2026-04-20 14:00:00
1776695400000,2309.78,2313.75,2280.89,2289.71,218789.373,2026-04-20 14:30:00
1776697200000,2289.7,2317.88,2277.23,2316.39,252704.479,2026-04-20 15:00:00
1776699000000,2316.38,2316.38,2303.85,2312.56,96269.885,2026-04-20 15:30:00
1776700800000,2312.56,2313.47,2298.52,2302.4,61716.161,2026-04-20 16:00:00
1776702600000,2302.4,2308.0,2296.79,2298.69,48964.915,2026-04-20 16:30:00
1776704400000,2298.68,2321.76,2296.5,2313.15,91146.318,2026-04-20 17:00:00
1776706200000,2313.15,2320.85,2306.4,2315.99,62320.736,2026-04-20 17:30:00
1776708000000,2316.0,2335.34,2316.0,2327.27,138737.931,2026-04-20 18:00:00
1776709800000,2327.27,2343.68,2322.63,2332.98,152362.021,2026-04-20 18:30:00
1776711600000,2332.98,2334.98,2325.5,2328.01,46381.515,2026-04-20 19:00:00
1776713400000,2328.01,2332.82,2325.84,2330.49,25368.464,2026-04-20 19:30:00
1776715200000,2330.49,2339.73,2327.37,2329.89,39247.316,2026-04-20 20:00:00
1776717000000,2329.89,2338.29,2322.54,2335.95,39176.579,2026-04-20 20:30:00
1776718800000,2335.95,2345.42,2313.0,2318.76,113912.051,2026-04-20 21:00:00
1776720600000,2318.76,2321.43,2313.85,2320.14,32165.764,2026-04-20 21:30:00
1776722400000,2320.13,2327.54,2315.11,2317.47,28502.181,2026-04-20 22:00:00
1776724200000,2317.46,2324.5,2316.0,2318.0,23384.566,2026-04-20 22:30:00
1776726000000,2317.99,2317.99,2305.0,2308.42,52908.859,2026-04-20 23:00:00
1776727800000,2308.41,2314.32,2306.61,2312.4,23208.182,2026-04-20 23:30:00
1776729600000,2312.4,2316.88,2310.31,2314.79,36777.319,2026-04-21 00:00:00
1776731400000,2314.79,2324.04,2313.01,2320.85,33929.052,2026-04-21 00:30:00
1776733200000,2320.85,2326.81,2317.1,2321.61,38533.674,2026-04-21 01:00:00
1776735000000,2321.61,2325.09,2311.24,2313.92,30362.985,2026-04-21 01:30:00
1776736800000,2313.92,2314.52,2305.04,2309.06,42352.796,2026-04-21 02:00:00
1776738600000,2309.07,2312.05,2305.67,2307.37,24390.144,2026-04-21 02:30:00
1776740400000,2307.36,2308.8,2297.0,2305.4,64812.92,2026-04-21 03:00:00
1776742200000,2305.41,2311.69,2303.01,2310.35,31581.011,2026-04-21 03:30:00
1776744000000,2310.35,2312.4,2303.26,2306.94,30968.344,2026-04-21 04:00:00
1776745800000,2306.95,2314.97,2304.0,2313.32,28363.797,2026-04-21 04:30:00
1776747600000,2313.31,2319.88,2313.01,2316.49,52540.708,2026-04-21 05:00:00
1776749400000,2316.49,2316.66,2311.34,2312.92,16851.53,2026-04-21 05:30:00
1776751200000,2312.91,2313.53,2306.67,2308.99,27830.212,2026-04-21 06:00:00
1776753000000,2308.98,2326.97,2308.97,2316.0,77313.781,2026-04-21 06:30:00
1776754800000,2316.0,2323.11,2310.03,2319.83,54041.922,2026-04-21 07:00:00
1776756600000,2319.84,2323.37,2313.99,2316.87,53861.637,2026-04-21 07:30:00
1776758400000,2316.88,2322.52,2312.5,2321.47,39089.722,2026-04-21 08:00:00
1776760200000,2321.46,2338.0,2318.0,2322.09,113295.894,2026-04-21 08:30:00
1776762000000,2322.09,2326.36,2316.42,2318.13,56835.773,2026-04-21 09:00:00
1776763800000,2318.13,2324.8,2317.0,2324.28,26108.12,2026-04-21 09:30:00
1776765600000,2324.27,2329.81,2323.52,2326.68,45034.666,2026-04-21 10:00:00
1776767400000,2326.69,2335.78,2325.91,2329.65,63923.424,2026-04-21 10:30:00
1776769200000,2329.65,2329.98,2314.01,2325.46,121944.489,2026-04-21 11:00:00
1776771000000,2325.46,2326.83,2316.8,2319.01,42427.992,2026-04-21 11:30:00
1776772800000,2319.01,2323.15,2313.0,2316.6,63439.282,2026-04-21 12:00:00
1776774600000,2316.59,2319.88,2292.0,2306.8,228134.805,2026-04-21 12:30:00
1776776400000,2306.79,2309.8,2302.03,2306.7,49079.048,2026-04-21 13:00:00
1776778200000,2306.7,2316.79,2299.05,2311.65,107280.386,2026-04-21 13:30:00
1776780000000,2311.66,2322.43,2302.69,2313.19,102011.112,2026-04-21 14:00:00
1776781800000,2313.2,2326.67,2293.96,2298.01,163098.66,2026-04-21 14:30:00
1776783600000,2298.0,2309.9,2288.22,2300.88,200524.251,2026-04-21 15:00:00
1776785400000,2300.88,2309.21,2294.0,2309.21,72261.338,2026-04-21 15:30:00
1776787200000,2309.21,2317.13,2306.69,2311.01,99144.191,2026-04-21 16:00:00
1776789000000,2311.0,2323.99,2305.0,2306.26,83521.703,2026-04-21 16:30:00
1776790800000,2306.25,2308.32,2282.0,2294.67,156673.917,2026-04-21 17:00:00
1776792600000,2294.67,2318.88,2292.12,2305.07,139231.83,2026-04-21 17:30:00
1776794400000,2305.07,2308.98,2298.95,2304.35,49777.216,2026-04-21 18:00:00
1776796200000,2304.36,2312.33,2299.7,2311.67,55016.586,2026-04-21 18:30:00
1776798000000,2311.66,2331.31,2311.04,2323.63,139451.385,2026-04-21 19:00:00
1776799800000,2323.64,2323.98,2286.07,2297.5,174329.37,2026-04-21 19:30:00
1776801600000,2297.5,2323.99,2294.55,2316.79,184916.661,2026-04-21 20:00:00
1776803400000,2316.79,2324.68,2309.38,2313.34,49727.359,2026-04-21 20:30:00
1776805200000,2313.34,2316.97,2308.22,2311.83,20771.293,2026-04-21 21:00:00
1776807000000,2311.83,2314.46,2309.0,2311.06,11522.77,2026-04-21 21:30:00
1776808800000,2311.06,2315.89,2302.0,2305.69,36174.649,2026-04-21 22:00:00
1776810600000,2305.7,2311.0,2300.0,2310.21,30210.479,2026-04-21 22:30:00
1776812400000,2310.21,2320.5,2309.7,2315.26,30162.044,2026-04-21 23:00:00
1776814200000,2315.25,2329.14,2314.33,2326.2,68200.172,2026-04-21 23:30:00
1776816000000,2326.2,2329.68,2321.5,2323.65,38581.986,2026-04-22 00:00:00
1776817800000,2323.65,2327.8,2321.05,2324.36,23498.746,2026-04-22 00:30:00
1776819600000,2324.36,2327.55,2313.16,2313.18,54413.518,2026-04-22 01:00:00
1776821400000,2313.17,2325.0,2311.9,2321.5,44035.997,2026-04-22 01:30:00
1776823200000,2321.49,2357.59,2319.0,2354.57,261882.47,2026-04-22 02:00:00
1776825000000,2354.57,2375.0,2348.2,2369.53,271494.911,2026-04-22 02:30:00
1776826800000,2369.53,2378.78,2361.33,2364.04,171462.647,2026-04-22 03:00:00
1776828600000,2364.03,2365.68,2357.15,2362.65,64650.158,2026-04-22 03:30:00
1776830400000,2362.65,2366.3,2357.17,2360.89,57625.533,2026-04-22 04:00:00
1776832200000,2360.88,2368.86,2358.52,2363.0,53489.861,2026-04-22 04:30:00
1776834000000,2363.0,2395.87,2360.77,2386.65,254506.129,2026-04-22 05:00:00
1776835800000,2386.65,2413.48,2385.0,2395.41,380657.426,2026-04-22 05:30:00
1776837600000,2395.41,2395.84,2388.12,2390.99,82422.537,2026-04-22 06:00:00
1776839400000,2390.99,2393.28,2388.3,2392.08,34790.135,2026-04-22 06:30:00
1776841200000,2392.07,2396.47,2382.77,2386.0,90255.901,2026-04-22 07:00:00
1776843000000,2386.0,2393.64,2385.1,2388.9,42744.018,2026-04-22 07:30:00
1776844800000,2388.89,2392.64,2384.47,2384.57,42067.145,2026-04-22 08:00:00
1776846600000,2384.56,2389.0,2382.0,2387.03,46256.936,2026-04-22 08:30:00
1776848400000,2387.03,2392.97,2385.57,2392.35,37018.612,2026-04-22 09:00:00
1776850200000,2392.35,2392.69,2383.6,2386.63,31964.36,2026-04-22 09:30:00
1776852000000,2386.62,2390.86,2383.8,2389.65,22047.694,2026-04-22 10:00:00
1776853800000,2389.65,2392.49,2387.54,2389.09,15852.963,2026-04-22 10:30:00
1776855600000,2389.08,2392.49,2385.3,2391.35,28901.392,2026-04-22 11:00:00
1776857400000,2391.36,2399.6,2387.56,2397.39,66607.588,2026-04-22 11:30:00
1776859200000,2397.4,2405.0,2395.08,2396.89,95630.107,2026-04-22 12:00:00
1776861000000,2396.88,2406.14,2394.76,2403.62,65047.027,2026-04-22 12:30:00
1776862800000,2403.63,2414.99,2400.74,2408.46,123635.153,2026-04-22 13:00:00
1776864600000,2408.46,2422.45,2399.14,2415.95,218086.855,2026-04-22 13:30:00
1776866400000,2415.95,2422.79,2408.58,2410.16,150544.043,2026-04-22 14:00:00
1776868200000,2410.16,2411.04,2390.5,2401.8,182188.493,2026-04-22 14:30:00
1776870000000,2401.8,2402.61,2388.88,2397.99,116988.645,2026-04-22 15:00:00
1776871800000,2397.99,2412.75,2393.54,2402.76,124863.979,2026-04-22 15:30:00
1776873600000,2402.76,2412.73,2391.47,2392.89,97250.727,2026-04-22 16:00:00
1776875400000,2392.89,2395.29,2383.14,2385.47,110485.232,2026-04-22 16:30:00
1776877200000,2385.48,2397.0,2385.47,2391.31,68609.861,2026-04-22 17:00:00
1776879000000,2391.31,2401.65,2390.32,2398.02,60303.687,2026-04-22 17:30:00
1776880800000,2398.01,2403.6,2395.32,2396.94,39428.777,2026-04-22 18:00:00
1776882600000,2396.94,2403.39,2394.0,2396.07,29102.496,2026-04-22 18:30:00
1776884400000,2396.08,2406.0,2387.68,2403.73,62806.141,2026-04-22 19:00:00
1776886200000,2403.72,2404.53,2391.09,2396.53,49074.74,2026-04-22 19:30:00
1776888000000,2396.53,2401.45,2390.31,2396.63,41340.842,2026-04-22 20:00:00
1776889800000,2396.62,2398.34,2389.66,2390.79,23879.949,2026-04-22 20:30:00
1776891600000,2390.78,2397.44,2390.58,2395.61,15242.332,2026-04-22 21:00:00
1776893400000,2395.61,2405.0,2395.61,2401.12,22418.563,2026-04-22 21:30:00
1776895200000,2401.13,2404.13,2395.0,2395.95,21132.466,2026-04-22 22:00:00
1776897000000,2395.96,2399.27,2393.0,2398.61,20801.078,2026-04-22 22:30:00
1776898800000,2398.62,2399.35,2377.2,2385.02,94304.592,2026-04-22 23:00:00
1776900600000,2385.03,2385.03,2372.03,2372.93,76855.895,2026-04-22 23:30:00
1776902400000,2372.94,2377.75,2342.5,2372.41,272640.413,2026-04-23 00:00:00
1776904200000,2372.41,2382.19,2366.78,2371.92,79032.458,2026-04-23 00:30:00
1776906000000,2371.93,2372.0,2359.16,2362.0,61552.624,2026-04-23 01:00:00
1776907800000,2362.0,2368.88,2360.0,2365.93,36518.433,2026-04-23 01:30:00
1776909600000,2365.94,2366.45,2347.0,2354.47,102310.05,2026-04-23 02:00:00
1776911400000,2354.47,2356.88,2343.0,2351.16,141649.727,2026-04-23 02:30:00
1776913200000,2351.15,2352.23,2335.44,2338.01,152534.635,2026-04-23 03:00:00
1776915000000,2338.01,2341.99,2330.13,2339.83,97459.505,2026-04-23 03:30:00
1776916800000,2339.83,2343.99,2336.25,2342.26,59019.518,2026-04-23 04:00:00
1776918600000,2342.25,2347.5,2342.11,2346.56,32976.145,2026-04-23 04:30:00
1776920400000,2346.57,2351.68,2344.43,2345.14,51579.751,2026-04-23 05:00:00
1776922200000,2345.15,2351.19,2339.2,2347.78,52308.426,2026-04-23 05:30:00
1776924000000,2347.77,2358.0,2347.77,2355.22,70209.475,2026-04-23 06:00:00
1776925800000,2355.22,2357.25,2347.78,2353.22,43145.514,2026-04-23 06:30:00
1776927600000,2353.22,2355.51,2347.11,2349.47,41594.433,2026-04-23 07:00:00
1776929400000,2349.46,2352.48,2339.53,2343.17,62832.394,2026-04-23 07:30:00
1776931200000,2343.16,2343.97,2335.56,2338.14,70442.079,2026-04-23 08:00:00
1776933000000,2338.14,2340.48,2334.0,2339.1,58067.046,2026-04-23 08:30:00
1776934800000,2339.1,2339.1,2312.0,2320.81,220255.414,2026-04-23 09:00:00
1776936600000,2320.81,2325.84,2313.25,2315.43,80132.196,2026-04-23 09:30:00
1776938400000,2315.43,2318.54,2303.01,2313.01,151452.574,2026-04-23 10:00:00
1776940200000,2313.0,2315.45,2310.68,2313.35,46572.936,2026-04-23 10:30:00
1776942000000,2313.35,2320.66,2313.35,2319.28,51425.108,2026-04-23 11:00:00
1776943800000,2319.28,2331.46,2315.74,2327.94,95852.603,2026-04-23 11:30:00
1776945600000,2327.93,2334.57,2324.04,2328.99,64539.818,2026-04-23 12:00:00
1776947400000,2329.0,2331.24,2318.74,2327.48,70749.634,2026-04-23 12:30:00
1776949200000,2327.49,2331.25,2319.15,2321.78,52315.824,2026-04-23 13:00:00
1776951000000,2321.78,2324.9,2314.08,2318.6,87533.641,2026-04-23 13:30:00
1776952800000,2318.6,2334.11,2314.81,2325.97,87838.872,2026-04-23 14:00:00
1776954600000,2325.98,2333.67,2324.3,2332.77,66435.353,2026-04-23 14:30:00
1776956400000,2332.77,2343.0,2322.52,2331.0,125711.513,2026-04-23 15:00:00
1776958200000,2331.0,2338.76,2326.56,2332.0,80941.613,2026-04-23 15:30:00
1776960000000,2331.99,2334.27,2327.05,2328.5,43782.511,2026-04-23 16:00:00
1776961800000,2328.51,2333.0,2321.43,2324.96,42856.615,2026-04-23 16:30:00
1776963600000,2324.96,2328.28,2303.5,2308.1,192845.691,2026-04-23 17:00:00
1776965400000,2308.11,2311.21,2283.59,2308.95,310668.524,2026-04-23 17:30:00
1776967200000,2308.94,2318.15,2306.56,2308.92,116594.585,2026-04-23 18:00:00
1776969000000,2308.91,2315.64,2303.01,2303.93,50238.678,2026-04-23 18:30:00
1776970800000,2303.94,2313.26,2298.34,2312.23,47669.765,2026-04-23 19:00:00
1776972600000,2312.23,2317.86,2306.62,2311.89,44672.129,2026-04-23 19:30:00
1776974400000,2311.88,2324.43,2311.57,2317.74,50904.903,2026-04-23 20:00:00
1776976200000,2317.73,2328.84,2316.65,2324.22,46124.304,2026-04-23 20:30:00
1776978000000,2324.22,2325.0,2319.61,2323.59,20547.899,2026-04-23 21:00:00
1776979800000,2323.59,2327.51,2320.15,2320.16,22152.83,2026-04-23 21:30:00
1776981600000,2320.16,2338.81,2320.15,2329.63,65283.571,2026-04-23 22:00:00
1776983400000,2329.62,2336.0,2328.59,2330.55,25710.204,2026-04-23 22:30:00
1776985200000,2330.55,2332.2,2322.3,2326.0,29199.137,2026-04-23 23:00:00
1776987000000,2326.0,2331.81,2325.75,2328.97,17569.154,2026-04-23 23:30:00
1776988800000,2328.98,2336.4,2325.48,2332.6,38203.173,2026-04-24 00:00:00
1776990600000,2332.61,2335.77,2328.71,2331.27,22580.272,2026-04-24 00:30:00
1776992400000,2331.27,2331.56,2319.5,2320.51,45670.586,2026-04-24 01:00:00
1776994200000,2320.5,2333.62,2317.04,2331.59,54377.794,2026-04-24 01:30:00
1776996000000,2331.59,2334.46,2323.33,2324.03,34753.45,2026-04-24 02:00:00
1776997800000,2324.03,2329.28,2313.72,2318.61,59984.517,2026-04-24 02:30:00
1776999600000,2318.6,2321.17,2307.35,2309.6,66174.651,2026-04-24 03:00:00
1777001400000,2309.6,2310.08,2298.53,2307.19,113093.966,2026-04-24 03:30:00
1777003200000,2307.2,2310.81,2302.92,2303.46,43449.887,2026-04-24 04:00:00
1777005000000,2303.45,2307.5,2298.2,2305.11,40104.725,2026-04-24 04:30:00
1777006800000,2305.1,2305.72,2298.82,2304.11,41719.182,2026-04-24 05:00:00
1777008600000,2304.11,2316.4,2304.11,2313.76,56457.273,2026-04-24 05:30:00
1777010400000,2313.77,2315.9,2311.06,2312.03,37828.7,2026-04-24 06:00:00
1777012200000,2312.04,2312.85,2307.14,2308.11,29614.785,2026-04-24 06:30:00
1777014000000,2308.11,2315.41,2307.41,2313.08,26473.151,2026-04-24 07:00:00
1777015800000,2313.09,2314.15,2307.22,2310.64,52287.101,2026-04-24 07:30:00
1777017600000,2310.64,2322.45,2306.25,2315.0,75116.358,2026-04-24 08:00:00
1777019400000,2315.0,2316.78,2311.01,2313.76,38948.054,2026-04-24 08:30:00
1777021200000,2313.77,2314.43,2302.12,2307.16,77387.477,2026-04-24 09:00:00
1777023000000,2307.15,2310.37,2305.48,2308.74,21852.039,2026-04-24 09:30:00
1777024800000,2308.74,2315.0,2304.7,2312.49,34996.403,2026-04-24 10:00:00
1777026600000,2312.49,2317.95,2311.09,2314.59,40481.453,2026-04-24 10:30:00
1777028400000,2314.6,2330.52,2314.53,2330.11,158834.492,2026-04-24 11:00:00
1777030200000,2330.11,2331.2,2325.13,2326.61,55799.072,2026-04-24 11:30:00
1777032000000,2326.61,2330.84,2323.51,2327.0,50297.953,2026-04-24 12:00:00
1777033800000,2326.99,2327.0,2316.27,2324.01,72957.484,2026-04-24 12:30:00
1777035600000,2324.01,2330.96,2321.5,2322.21,57552.648,2026-04-24 13:00:00
1777037400000,2322.15,2325.0,2309.03,2316.2,127823.431,2026-04-24 13:30:00
1777039200000,2316.19,2316.19,2303.0,2305.76,128474.417,2026-04-24 14:00:00
1777041000000,2305.76,2317.36,2304.61,2312.63,73992.508,2026-04-24 14:30:00
1777042800000,2312.63,2313.88,2300.01,2311.41,88372.433,2026-04-24 15:00:00
1777044600000,2311.41,2329.45,2311.08,2323.0,118517.656,2026-04-24 15:30:00
1777046400000,2323.0,2323.28,2311.0,2314.68,47622.337,2026-04-24 16:00:00
1777048200000,2314.68,2320.85,2309.0,2315.76,40237.501,2026-04-24 16:30:00
1777050000000,2315.77,2318.75,2311.91,2314.35,21792.055,2026-04-24 17:00:00
1777051800000,2314.34,2321.6,2307.6,2318.93,50741.414,2026-04-24 17:30:00
1777053600000,2318.93,2320.31,2309.0,2313.83,34461.917,2026-04-24 18:00:00
1777055400000,2313.84,2319.71,2313.41,2318.84,19853.898,2026-04-24 18:30:00
1777057200000,2318.84,2324.5,2318.0,2319.75,25149.524,2026-04-24 19:00:00
1777059000000,2319.76,2322.0,2318.58,2320.48,13398.436,2026-04-24 19:30:00
1777060800000,2320.48,2320.65,2313.5,2315.84,21547.865,2026-04-24 20:00:00
1777062600000,2315.84,2328.0,2315.83,2325.74,50866.666,2026-04-24 20:30:00
1777064400000,2325.73,2326.67,2314.26,2316.53,37811.98,2026-04-24 21:00:00
1777066200000,2316.52,2317.97,2311.11,2314.32,18409.486,2026-04-24 21:30:00
1777068000000,2314.32,2315.15,2312.03,2312.17,16085.632,2026-04-24 22:00:00
1777069800000,2312.17,2312.35,2305.78,2311.08,29946.807,2026-04-24 22:30:00
1777071600000,2311.08,2314.16,2311.08,2313.87,10983.666,2026-04-24 23:00:00
1777073400000,2313.87,2315.38,2313.06,2314.05,9071.448,2026-04-24 23:30:00
1777075200000,2314.05,2314.65,2310.7,2310.96,9155.176,2026-04-25 00:00:00
1777077000000,2310.96,2315.23,2310.36,2315.0,11416.265,2026-04-25 00:30:00
1777078800000,2315.0,2319.74,2314.55,2316.71,19690.252,2026-04-25 01:00:00
1777080600000,2316.71,2320.32,2316.44,2316.78,14456.246,2026-04-25 01:30:00
1777082400000,2316.77,2318.28,2313.1,2317.26,20069.858,2026-04-25 02:00:00
1777084200000,2317.27,2317.63,2315.4,2316.35,9644.698,2026-04-25 02:30:00
1777086000000,2316.35,2319.8,2314.54,2315.3,12379.102,2026-04-25 03:00:00
1777087800000,2315.3,2318.34,2315.25,2317.54,9498.89,2026-04-25 03:30:00
1777089600000,2317.54,2318.08,2316.17,2316.66,6700.805,2026-04-25 04:00:00
1777091400000,2316.66,2316.67,2315.0,2315.5,9598.89,2026-04-25 04:30:00
1777093200000,2315.51,2315.51,2312.1,2313.49,18333.491,2026-04-25 05:00:00
1777095000000,2313.49,2315.29,2313.4,2315.16,8158.184,2026-04-25 05:30:00
1777096800000,2315.15,2316.62,2313.78,2314.17,8500.267,2026-04-25 06:00:00
1777098600000,2314.17,2316.58,2314.17,2315.06,7812.053,2026-04-25 06:30:00
1777100400000,2315.07,2315.07,2313.2,2314.99,8713.082,2026-04-25 07:00:00
1777102200000,2314.99,2317.82,2314.34,2315.46,11947.707,2026-04-25 07:30:00
1777104000000,2315.45,2317.66,2314.9,2317.34,10780.081,2026-04-25 08:00:00
1777105800000,2317.34,2319.88,2317.33,2318.1,22970.963,2026-04-25 08:30:00
1777107600000,2318.11,2318.8,2315.48,2315.91,14458.296,2026-04-25 09:00:00
1777109400000,2315.9,2321.86,2315.8,2317.8,33098.396,2026-04-25 09:30:00
1777111200000,2317.8,2320.87,2317.32,2319.68,16199.895,2026-04-25 10:00:00
1777113000000,2319.68,2321.49,2317.87,2319.0,15198.255,2026-04-25 10:30:00
1777114800000,2319.0,2319.0,2312.29,2313.81,36577.965,2026-04-25 11:00:00
1777116600000,2313.81,2314.37,2310.05,2312.97,30808.081,2026-04-25 11:30:00
1777118400000,2312.97,2316.92,2311.0,2313.13,23479.232,2026-04-25 12:00:00
1777120200000,2313.14,2313.94,2310.32,2312.35,21490.893,2026-04-25 12:30:00
1777122000000,2312.36,2316.32,2312.36,2315.35,15610.109,2026-04-25 13:00:00
1777123800000,2315.34,2316.89,2314.55,2315.13,11269.891,2026-04-25 13:30:00
1777125600000,2315.13,2318.0,2314.0,2316.24,20632.895,2026-04-25 14:00:00
1777127400000,2316.23,2317.2,2314.6,2314.68,13068.289,2026-04-25 14:30:00
1777129200000,2314.68,2316.94,2314.0,2316.6,11173.872,2026-04-25 15:00:00
1777131000000,2316.59,2317.42,2301.0,2306.93,87981.326,2026-04-25 15:30:00
1777132800000,2306.93,2310.23,2304.03,2307.75,56006.694,2026-04-25 16:00:00
1777134600000,2307.76,2310.63,2298.64,2308.83,56154.248,2026-04-25 16:30:00
1777136400000,2308.83,2313.0,2306.38,2308.2,24742.243,2026-04-25 17:00:00
1777138200000,2308.21,2311.26,2307.03,2308.42,16190.923,2026-04-25 17:30:00
1777140000000,2308.42,2311.5,2307.55,2311.33,16053.197,2026-04-25 18:00:00
1777141800000,2311.35,2313.6,2310.49,2310.82,11013.368,2026-04-25 18:30:00
1777143600000,2310.83,2311.53,2308.2,2308.2,10120.58,2026-04-25 19:00:00
1777145400000,2308.2,2310.12,2306.25,2309.19,16724.27,2026-04-25 19:30:00
1777147200000,2309.2,2311.43,2308.17,2310.69,12578.877,2026-04-25 20:00:00
1777149000000,2310.68,2312.43,2310.0,2312.07,5764.0,2026-04-25 20:30:00
1777150800000,2312.07,2316.8,2312.07,2315.06,27028.469,2026-04-25 21:00:00
1777152600000,2315.06,2315.3,2311.85,2314.97,6109.51,2026-04-25 21:30:00
1777154400000,2314.97,2316.85,2314.11,2315.78,9618.064,2026-04-25 22:00:00
1777156200000,2315.77,2319.67,2315.77,2317.02,22674.303,2026-04-25 22:30:00
1777158000000,2317.02,2318.89,2315.47,2318.31,14685.673,2026-04-25 23:00:00
1777159800000,2318.32,2318.76,2316.82,2318.42,10224.731,2026-04-25 23:30:00
1777161600000,2318.43,2318.75,2313.34,2314.3,18659.99,2026-04-26 00:00:00
1777163400000,2314.31,2317.17,2310.05,2314.19,17247.206,2026-04-26 00:30:00
1777165200000,2314.19,2315.74,2312.33,2314.86,15267.913,2026-04-26 01:00:00
1777167000000,2314.86,2317.17,2312.36,2312.97,16008.471,2026-04-26 01:30:00
1777168800000,2312.97,2317.34,2312.55,2316.42,12121.858,2026-04-26 02:00:00
1777170600000,2316.41,2317.6,2313.27,2314.26,12381.527,2026-04-26 02:30:00
1777172400000,2314.26,2315.63,2311.02,2311.43,13514.743,2026-04-26 03:00:00
1777174200000,2311.44,2311.81,2305.63,2309.23,36916.423,2026-04-26 03:30:00
1777176000000,2309.24,2311.75,2308.11,2309.94,12408.587,2026-04-26 04:00:00
1777177800000,2309.94,2318.76,2309.25,2316.43,40990.936,2026-04-26 04:30:00
1777179600000,2316.4,2337.75,2316.28,2329.74,200080.969,2026-04-26 05:00:00
1777181400000,2329.73,2333.45,2325.81,2326.7,43880.739,2026-04-26 05:30:00
1777183200000,2326.7,2331.0,2326.7,2328.42,28092.264,2026-04-26 06:00:00
1777185000000,2328.43,2332.2,2326.04,2328.96,25966.837,2026-04-26 06:30:00
1777186800000,2328.97,2330.18,2327.03,2328.75,18148.649,2026-04-26 07:00:00
1777188600000,2328.75,2331.13,2327.48,2330.05,16692.025,2026-04-26 07:30:00
1777190400000,2330.05,2332.96,2329.01,2330.54,25821.785,2026-04-26 08:00:00
1777192200000,2330.54,2336.76,2330.14,2331.29,43509.249,2026-04-26 08:30:00
1777194000000,2331.29,2332.65,2328.21,2330.9,19658.714,2026-04-26 09:00:00
1777195800000,2330.9,2334.26,2330.01,2333.36,23480.251,2026-04-26 09:30:00
1777197600000,2333.35,2335.5,2331.12,2331.96,21437.664,2026-04-26 10:00:00
1777199400000,2331.97,2332.15,2330.1,2331.64,16088.535,2026-04-26 10:30:00
1777201200000,2331.63,2336.42,2331.19,2334.97,24322.931,2026-04-26 11:00:00
1777203000000,2334.97,2336.28,2332.25,2334.74,21693.972,2026-04-26 11:30:00
1777204800000,2334.74,2335.13,2327.61,2330.12,46436.71,2026-04-26 12:00:00
1777206600000,2330.12,2331.4,2323.0,2327.88,43593.391,2026-04-26 12:30:00
1777208400000,2327.89,2331.45,2326.83,2329.25,20794.464,2026-04-26 13:00:00
1777210200000,2329.24,2334.73,2329.05,2333.99,31693.253,2026-04-26 13:30:00
1777212000000,2333.98,2354.0,2332.3,2349.13,166301.952,2026-04-26 14:00:00
1777213800000,2349.13,2351.26,2343.42,2345.4,89244.092,2026-04-26 14:30:00
1777215600000,2345.39,2347.57,2343.6,2347.56,29110.989,2026-04-26 15:00:00
1777217400000,2347.57,2348.09,2343.04,2347.55,37100.003,2026-04-26 15:30:00
1777219200000,2347.56,2349.18,2343.51,2345.98,35313.071,2026-04-26 16:00:00
1777221000000,2345.98,2347.1,2341.68,2341.89,33727.382,2026-04-26 16:30:00
1777222800000,2341.89,2346.66,2339.04,2345.37,32041.064,2026-04-26 17:00:00
1777224600000,2345.37,2350.22,2343.18,2348.41,22531.53,2026-04-26 17:30:00
1777226400000,2348.4,2367.89,2346.54,2359.8,163515.791,2026-04-26 18:00:00
1777228200000,2359.81,2361.4,2356.83,2360.58,34587.247,2026-04-26 18:30:00
1777230000000,2360.58,2375.75,2358.34,2364.69,117646.944,2026-04-26 19:00:00
1777231800000,2364.69,2370.19,2362.24,2366.48,38225.961,2026-04-26 19:30:00
1777233600000,2366.48,2367.84,2363.17,2365.3,21231.072,2026-04-26 20:00:00
1777235400000,2365.29,2371.95,2361.08,2361.24,39296.627,2026-04-26 20:30:00
1777237200000,2361.25,2368.27,2361.11,2364.32,21880.241,2026-04-26 21:00:00
1777239000000,2364.32,2369.87,2345.01,2363.09,119806.769,2026-04-26 21:30:00
1777240800000,2363.09,2379.99,2361.12,2366.36,100646.582,2026-04-26 22:00:00
1777242600000,2366.35,2366.35,2351.62,2360.26,77529.472,2026-04-26 22:30:00
1777244400000,2360.25,2367.45,2355.5,2360.01,39599.993,2026-04-26 23:00:00
1777246200000,2360.01,2378.68,2357.29,2368.22,88676.396,2026-04-26 23:30:00
1777248000000,2368.23,2374.5,2356.32,2361.79,60114.272,2026-04-27 00:00:00
1777249800000,2361.78,2392.0,2359.33,2389.0,157834.378,2026-04-27 00:30:00
1777251600000,2389.0,2404.0,2376.25,2381.55,197704.942,2026-04-27 01:00:00
1777253400000,2381.55,2396.92,2378.53,2393.62,94891.219,2026-04-27 01:30:00
1777255200000,2393.62,2394.69,2385.56,2391.84,44995.849,2026-04-27 02:00:00
1777257000000,2391.84,2395.77,2389.5,2390.88,38776.001,2026-04-27 02:30:00
1777258800000,2390.88,2398.0,2389.22,2396.73,47127.632,2026-04-27 03:00:00
1777260600000,2396.73,2399.99,2393.17,2393.56,54714.24,2026-04-27 03:30:00
1777262400000,2393.57,2394.92,2386.75,2390.55,47793.487,2026-04-27 04:00:00
1777264200000,2390.54,2391.41,2379.59,2382.05,72938.031,2026-04-27 04:30:00
1777266000000,2382.06,2382.71,2327.09,2333.22,503288.221,2026-04-27 05:00:00
1777267800000,2333.23,2335.25,2316.84,2321.94,282229.929,2026-04-27 05:30:00
1777269600000,2321.93,2327.78,2315.24,2324.4,117701.085,2026-04-27 06:00:00
1777271400000,2324.41,2324.41,2310.57,2319.45,88588.994,2026-04-27 06:30:00
1777273200000,2319.45,2322.28,2313.48,2318.51,55753.09,2026-04-27 07:00:00
1777275000000,2318.5,2319.99,2314.32,2314.58,35453.962,2026-04-27 07:30:00
1777276800000,2314.57,2318.49,2308.41,2309.39,79970.647,2026-04-27 08:00:00
1777278600000,2309.39,2318.58,2307.47,2318.57,63217.882,2026-04-27 08:30:00
1777280400000,2318.58,2320.8,2314.0,2317.84,38382.863,2026-04-27 09:00:00
1777282200000,2317.83,2324.43,2317.12,2320.73,48336.439,2026-04-27 09:30:00
1777284000000,2320.73,2322.92,2316.83,2318.6,23348.872,2026-04-27 10:00:00
1777285800000,2318.6,2321.36,2317.78,2318.51,17328.552,2026-04-27 10:30:00
1777287600000,2318.5,2320.8,2315.35,2320.01,21517.556,2026-04-27 11:00:00
1777289400000,2320.02,2321.3,2317.0,2318.76,12707.798,2026-04-27 11:30:00
1777291200000,2318.75,2319.64,2313.25,2315.18,30044.566,2026-04-27 12:00:00
1777293000000,2315.18,2316.5,2311.28,2313.08,40811.862,2026-04-27 12:30:00
1777294800000,2313.08,2316.29,2312.15,2314.16,27726.028,2026-04-27 13:00:00
1777296600000,2314.16,2319.9,2301.32,2311.22,171085.005,2026-04-27 13:30:00
1777298400000,2311.22,2316.2,2307.45,2312.23,58770.434,2026-04-27 14:00:00
1777300200000,2312.23,2329.0,2310.43,2313.94,181185.839,2026-04-27 14:30:00
1777302000000,2313.94,2314.14,2263.25,2275.51,587955.218,2026-04-27 15:00:00
1777303800000,2275.51,2283.18,2271.47,2273.75,145902.801,2026-04-27 15:30:00
1777305600000,2273.75,2279.42,2268.88,2275.17,87450.17,2026-04-27 16:00:00
1777307400000,2275.16,2278.45,2272.59,2276.56,42245.738,2026-04-27 16:30:00
1777309200000,2276.57,2288.88,2276.56,2286.47,70543.521,2026-04-27 17:00:00
1777311000000,2286.47,2291.28,2285.0,2285.53,54570.409,2026-04-27 17:30:00
1777312800000,2285.52,2290.63,2283.15,2284.5,26165.601,2026-04-27 18:00:00
1777314600000,2284.5,2289.99,2283.57,2287.24,18723.424,2026-04-27 18:30:00
1777316400000,2287.23,2289.94,2277.59,2279.07,35490.535,2026-04-27 19:00:00
1777318200000,2279.07,2287.86,2273.03,2287.86,48459.373,2026-04-27 19:30:00
1777320000000,2287.86,2295.6,2287.79,2291.64,38201.537,2026-04-27 20:00:00
1777321800000,2291.63,2294.42,2289.7,2290.23,15407.918,2026-04-27 20:30:00
1777323600000,2290.23,2290.23,2285.6,2288.17,13590.932,2026-04-27 21:00:00
1777325400000,2288.17,2291.0,2285.91,2286.09,9666.606,2026-04-27 21:30:00
1777327200000,2286.09,2290.83,2283.23,2290.83,20669.221,2026-04-27 22:00:00
1777329000000,2290.83,2294.94,2289.64,2293.08,23135.555,2026-04-27 22:30:00
1777330800000,2293.08,2295.32,2289.73,2292.11,21946.9,2026-04-27 23:00:00
1777332600000,2292.12,2307.57,2292.11,2302.7,93824.192,2026-04-27 23:30:00
1777334400000,2302.7,2305.65,2298.01,2298.97,43458.29,2026-04-28 00:00:00
1777336200000,2298.97,2309.99,2298.22,2305.41,40460.86,2026-04-28 00:30:00
1777338000000,2305.4,2307.6,2302.44,2303.81,26530.379,2026-04-28 01:00:00
1777339800000,2303.82,2303.82,2296.2,2297.47,42157.588,2026-04-28 01:30:00
1777341600000,2297.47,2299.7,2291.35,2292.01,41011.088,2026-04-28 02:00:00
1777343400000,2292.01,2293.65,2278.63,2287.6,110071.096,2026-04-28 02:30:00
1777345200000,2287.59,2288.17,2280.94,2283.76,37645.555,2026-04-28 03:00:00
1777347000000,2283.76,2289.75,2283.19,2289.64,21883.269,2026-04-28 03:30:00
1777348800000,2289.64,2293.46,2281.8,2285.19,43103.2,2026-04-28 04:00:00
1777350600000,2285.2,2291.45,2282.0,2287.37,35733.14,2026-04-28 04:30:00
1777352400000,2287.37,2296.24,2286.41,2293.25,41402.677,2026-04-28 05:00:00
1777354200000,2293.25,2293.83,2285.2,2286.75,29787.391,2026-04-28 05:30:00
1777356000000,2286.76,2289.75,2282.21,2284.99,32324.365,2026-04-28 06:00:00
1777357800000,2285.0,2285.68,2267.25,2276.4,138705.918,2026-04-28 06:30:00
1777359600000,2276.4,2277.77,2268.88,2276.94,68665.987,2026-04-28 07:00:00
1777361400000,2276.94,2288.0,2276.03,2286.6,67487.99,2026-04-28 07:30:00
1777363200000,2286.61,2289.5,2282.31,2289.5,43015.483,2026-04-28 08:00:00
1777365000000,2289.5,2290.98,2282.6,2286.11,34520.27,2026-04-28 08:30:00
1777366800000,2286.1,2287.51,2283.45,2287.28,15266.915,2026-04-28 09:00:00
1777368600000,2287.28,2287.28,2275.35,2281.4,44824.308,2026-04-28 09:30:00
1777370400000,2281.4,2285.0,2279.61,2281.63,26894.088,2026-04-28 10:00:00
1777372200000,2281.63,2286.35,2281.32,2283.23,21424.727,2026-04-28 10:30:00
1777374000000,2283.24,2284.23,2271.51,2275.64,67121.072,2026-04-28 11:00:00
1777375800000,2275.64,2275.97,2269.0,2274.58,65310.886,2026-04-28 11:30:00
1777377600000,2274.58,2280.25,2272.0,2272.82,60497.416,2026-04-28 12:00:00
1777379400000,2272.8,2278.98,2270.45,2277.28,40157.216,2026-04-28 12:30:00
1777381200000,2277.27,2277.27,2256.3,2270.61,212838.046,2026-04-28 13:00:00
1777383000000,2270.61,2285.7,2264.32,2275.07,191340.483,2026-04-28 13:30:00
1777384800000,2275.08,2275.68,2262.19,2265.67,76244.061,2026-04-28 14:00:00
1777386600000,2265.68,2272.45,2258.65,2272.25,110943.164,2026-04-28 14:30:00
1777388400000,2272.24,2277.0,2268.0,2272.27,64040.001,2026-04-28 15:00:00
1777390200000,2272.27,2279.68,2269.0,2278.27,61244.048,2026-04-28 15:30:00
1777392000000,2278.27,2280.95,2274.19,2276.13,41132.834,2026-04-28 16:00:00
1777393800000,2276.13,2287.42,2273.0,2284.76,79853.175,2026-04-28 16:30:00
1777395600000,2284.76,2287.1,2277.53,2284.01,49994.368,2026-04-28 17:00:00
1777397400000,2284.0,2292.2,2283.93,2289.17,58244.061,2026-04-28 17:30:00
1777399200000,2289.17,2294.79,2286.33,2292.99,73179.518,2026-04-28 18:00:00
1777401000000,2292.99,2297.66,2286.87,2295.84,79225.332,2026-04-28 18:30:00
1777402800000,2295.85,2295.94,2289.01,2290.86,27475.447,2026-04-28 19:00:00
1777404600000,2290.86,2304.85,2290.0,2300.87,89162.727,2026-04-28 19:30:00
1777406400000,2300.87,2304.8,2296.0,2296.19,37640.202,2026-04-28 20:00:00
1777408200000,2296.18,2298.3,2294.34,2294.34,20228.877,2026-04-28 20:30:00
1777410000000,2294.34,2296.33,2286.35,2286.87,32891.471,2026-04-28 21:00:00
1777411800000,2286.86,2291.0,2283.5,2289.31,32393.855,2026-04-28 21:30:00
1777413600000,2289.3,2293.62,2287.44,2288.4,19529.719,2026-04-28 22:00:00
1777415400000,2288.4,2288.95,2284.03,2285.28,18538.047,2026-04-28 22:30:00
1777417200000,2285.28,2288.06,2282.15,2285.04,21584.751,2026-04-28 23:00:00
1777419000000,2285.04,2289.41,2284.0,2288.27,13955.966,2026-04-28 23:30:00
1777420800000,2288.26,2289.94,2285.0,2285.77,19242.984,2026-04-29 00:00:00
1777422600000,2285.78,2293.96,2284.32,2291.5,31587.965,2026-04-29 00:30:00
1777424400000,2291.5,2291.5,2278.06,2281.01,89812.16,2026-04-29 01:00:00
1777426200000,2281.0,2296.37,2278.01,2291.56,68200.002,2026-04-29 01:30:00
1777428000000,2291.57,2294.8,2288.55,2288.69,34243.774,2026-04-29 02:00:00
1777429800000,2288.69,2288.96,2283.55,2287.99,30239.97,2026-04-29 02:30:00
1777431600000,2288.0,2301.67,2287.0,2299.88,100268.137,2026-04-29 03:00:00
1777433400000,2299.88,2316.65,2297.25,2310.76,184605.591,2026-04-29 03:30:00
1777435200000,2310.76,2315.53,2308.39,2313.29,51872.17,2026-04-29 04:00:00
1777437000000,2313.29,2341.88,2313.0,2326.01,332701.902,2026-04-29 04:30:00
1777438800000,2326.0,2329.1,2321.11,2326.18,79020.821,2026-04-29 05:00:00
1777440600000,2326.18,2331.65,2323.55,2327.99,51364.587,2026-04-29 05:30:00
1777442400000,2327.99,2336.0,2326.29,2327.92,79035.685,2026-04-29 06:00:00
1777444200000,2327.91,2328.71,2319.0,2323.68,70037.566,2026-04-29 06:30:00
1777446000000,2323.69,2326.0,2321.57,2322.37,36754.598,2026-04-29 07:00:00
1777447800000,2322.36,2329.8,2320.79,2322.79,44360.044,2026-04-29 07:30:00
1777449600000,2322.79,2328.0,2320.07,2325.01,42719.041,2026-04-29 08:00:00
1777451400000,2325.01,2325.25,2320.56,2324.42,25850.299,2026-04-29 08:30:00
1777453200000,2324.41,2330.0,2322.0,2326.98,36562.738,2026-04-29 09:00:00
1777455000000,2326.99,2346.27,2326.69,2338.51,180535.979,2026-04-29 09:30:00
1777456800000,2338.51,2346.0,2338.14,2344.55,83223.64,2026-04-29 10:00:00
1777458600000,2344.54,2345.26,2328.23,2332.18,114088.282,2026-04-29 10:30:00
1777460400000,2332.17,2334.37,2327.22,2328.89,51138.084,2026-04-29 11:00:00
1777462200000,2328.89,2334.86,2328.55,2330.46,31745.545,2026-04-29 11:30:00
1777464000000,2330.46,2330.8,2306.4,2313.56,210748.431,2026-04-29 12:00:00
1777465800000,2313.56,2316.42,2307.6,2315.24,86609.621,2026-04-29 12:30:00
1777467600000,2315.23,2317.45,2304.28,2306.21,77221.389,2026-04-29 13:00:00
1777469400000,2306.21,2306.76,2288.55,2302.01,251495.147,2026-04-29 13:30:00
1777471200000,2302.0,2305.62,2292.53,2303.16,89173.269,2026-04-29 14:00:00
1777473000000,2303.17,2307.78,2296.5,2298.4,55989.746,2026-04-29 14:30:00
1777474800000,2298.41,2300.42,2281.19,2289.66,166419.347,2026-04-29 15:00:00
1777476600000,2289.65,2292.8,2261.45,2271.58,272628.992,2026-04-29 15:30:00
1777478400000,2271.58,2278.58,2268.69,2273.04,108536.578,2026-04-29 16:00:00
1777480200000,2273.03,2274.05,2261.54,2266.59,91535.711,2026-04-29 16:30:00
1777482000000,2266.6,2276.14,2265.12,2269.88,75792.517,2026-04-29 17:00:00
1777483800000,2269.88,2282.97,2269.32,2282.8,59165.954,2026-04-29 17:30:00
1777485600000,2282.8,2285.8,2223.45,2231.0,652763.669,2026-04-29 18:00:00
1777487400000,2230.99,2238.99,2218.82,2237.82,229572.8,2026-04-29 18:30:00
1777489200000,2237.83,2241.39,2225.36,2233.6,86891.973,2026-04-29 19:00:00
1777491000000,2233.59,2233.99,2223.48,2232.33,48564.901,2026-04-29 19:30:00
1777492800000,2232.34,2241.11,2229.33,2239.0,64031.09,2026-04-29 20:00:00
1777494600000,2238.99,2247.6,2237.08,2239.25,56895.697,2026-04-29 20:30:00
1777496400000,2239.25,2248.87,2237.25,2246.34,35014.02,2026-04-29 21:00:00
1777498200000,2246.33,2265.0,2243.46,2251.85,77762.529,2026-04-29 21:30:00
1777500000000,2251.86,2256.51,2248.68,2251.8,39652.427,2026-04-29 22:00:00
1777501800000,2251.79,2258.0,2251.74,2256.52,19291.99,2026-04-29 22:30:00
1777503600000,2256.52,2259.75,2249.01,2252.03,35269.31,2026-04-29 23:00:00
1777505400000,2252.03,2256.86,2251.31,2251.92,28277.714,2026-04-29 23:30:00
1777507200000,2251.92,2256.13,2248.01,2253.59,40402.167,2026-04-30 00:00:00
1777509000000,2253.59,2275.0,2253.59,2271.24,121024.406,2026-04-30 00:30:00
1777510800000,2271.24,2276.27,2265.77,2274.68,62825.822,2026-04-30 01:00:00
1777512600000,2274.68,2278.51,2267.0,2268.25,61540.764,2026-04-30 01:30:00
1777514400000,2268.26,2272.5,2261.16,2262.08,43986.393,2026-04-30 02:00:00
1777516200000,2262.07,2262.16,2234.59,2243.89,186257.312,2026-04-30 02:30:00
1777518000000,2243.88,2249.9,2242.72,2249.34,40010.306,2026-04-30 03:00:00
1777519800000,2249.34,2256.0,2246.01,2252.07,44400.97,2026-04-30 03:30:00
1777521600000,2252.06,2253.22,2241.6,2245.15,52281.806,2026-04-30 04:00:00
1777523400000,2245.14,2245.26,2235.6,2238.23,58540.721,2026-04-30 04:30:00
1777525200000,2238.24,2244.0,2230.38,2235.65,57439.469,2026-04-30 05:00:00
1777527000000,2235.65,2247.78,2235.53,2241.72,50852.756,2026-04-30 05:30:00
1777528800000,2241.72,2246.0,2240.7,2245.93,26526.635,2026-04-30 06:00:00
1777530600000,2245.94,2251.8,2243.7,2246.9,44047.947,2026-04-30 06:30:00
1777532400000,2246.89,2253.0,2242.42,2252.15,43130.263,2026-04-30 07:00:00
1777534200000,2252.14,2261.31,2251.54,2259.0,79063.926,2026-04-30 07:30:00
1777536000000,2259.0,2261.0,2253.65,2256.5,55772.775,2026-04-30 08:00:00
1777537800000,2256.51,2260.0,2254.71,2255.07,27058.825,2026-04-30 08:30:00
1777539600000,2255.07,2264.47,2254.51,2264.47,33295.991,2026-04-30 09:00:00
1777541400000,2264.47,2270.0,2260.35,2260.5,88704.264,2026-04-30 09:30:00
1777543200000,2260.5,2264.5,2255.32,2255.75,40364.178,2026-04-30 10:00:00
1777545000000,2255.74,2262.4,2255.53,2260.31,31125.913,2026-04-30 10:30:00
1777546800000,2260.32,2273.83,2260.32,2265.66,82442.156,2026-04-30 11:00:00
1777548600000,2265.66,2265.99,2251.0,2257.33,98173.706,2026-04-30 11:30:00
1777550400000,2257.32,2270.0,2256.7,2266.2,59802.004,2026-04-30 12:00:00
1777552200000,2266.19,2267.87,2262.69,2264.31,35094.149,2026-04-30 12:30:00
1777554000000,2264.31,2267.24,2256.26,2258.02,40973.816,2026-04-30 13:00:00
1777555800000,2258.02,2271.47,2253.35,2262.8,133111.191,2026-04-30 13:30:00
1777557600000,2262.8,2269.8,2245.29,2257.5,165589.749,2026-04-30 14:00:00
1777559400000,2257.49,2267.37,2253.05,2261.08,84044.94,2026-04-30 14:30:00
1777561200000,2261.09,2266.43,2256.19,2266.22,46664.519,2026-04-30 15:00:00
1777563000000,2266.23,2275.0,2258.63,2264.47,85717.876,2026-04-30 15:30:00
1777564800000,2264.46,2266.0,2258.18,2261.03,35578.138,2026-04-30 16:00:00
1777566600000,2261.04,2261.99,2254.15,2255.87,35693.044,2026-04-30 16:30:00
1777568400000,2255.87,2258.5,2250.01,2254.55,54214.069,2026-04-30 17:00:00
1777570200000,2254.55,2259.74,2254.0,2257.21,35530.139,2026-04-30 17:30:00
1777572000000,2257.21,2261.72,2253.87,2254.69,33775.884,2026-04-30 18:00:00
1777573800000,2254.69,2264.36,2253.3,2258.51,29099.69,2026-04-30 18:30:00
1777575600000,2258.5,2265.14,2256.63,2264.16,23269.957,2026-04-30 19:00:00
1777577400000,2264.16,2265.92,2259.35,2260.64,14217.723,2026-04-30 19:30:00
1777579200000,2260.64,2266.28,2259.28,2264.21,14381.978,2026-04-30 20:00:00
1777581000000,2264.21,2264.92,2262.15,2263.02,8663.471,2026-04-30 20:30:00
1777582800000,2263.02,2263.53,2256.0,2256.87,10391.675,2026-04-30 21:00:00
1777584600000,2256.87,2259.66,2252.45,2255.16,20546.151,2026-04-30 21:30:00
1777586400000,2255.15,2260.3,2254.84,2259.39,10646.226,2026-04-30 22:00:00
1777588200000,2259.39,2259.42,2251.2,2253.35,20161.785,2026-04-30 22:30:00
1777590000000,2253.35,2256.47,2252.76,2255.39,14356.11,2026-04-30 23:00:00
1777591800000,2255.4,2258.05,2255.14,2256.74,16363.993,2026-04-30 23:30:00
1777593600000,2256.75,2265.0,2256.26,2261.17,28115.32,2026-05-01 00:00:00
1777595400000,2261.17,2264.5,2257.43,2258.92,22847.45,2026-05-01 00:30:00
1777597200000,2258.92,2264.3,2258.63,2261.23,24909.591,2026-05-01 01:00:00
1777599000000,2261.23,2269.47,2261.0,2266.26,44992.452,2026-05-01 01:30:00
1777600800000,2266.27,2269.12,2263.69,2265.2,21673.135,2026-05-01 02:00:00
1777602600000,2265.19,2266.66,2263.63,2265.82,17461.372,2026-05-01 02:30:00
1777604400000,2265.82,2294.71,2264.79,2283.71,204348.475,2026-05-01 03:00:00
1777606200000,2283.71,2287.15,2278.0,2281.89,72924.948,2026-05-01 03:30:00
1777608000000,2281.88,2285.0,2276.28,2278.12,59943.629,2026-05-01 04:00:00
1777609800000,2278.12,2280.44,2276.3,2279.13,33957.167,2026-05-01 04:30:00
1777611600000,2279.13,2285.61,2277.42,2280.77,33038.578,2026-05-01 05:00:00
1777613400000,2280.77,2285.36,2280.69,2282.38,18103.67,2026-05-01 05:30:00
1777615200000,2282.39,2285.51,2281.9,2283.05,21199.796,2026-05-01 06:00:00
1777617000000,2283.06,2284.71,2270.94,2276.01,72048.35,2026-05-01 06:30:00
1777618800000,2276.01,2278.75,2272.42,2273.01,29350.471,2026-05-01 07:00:00
1777620600000,2273.01,2279.96,2272.0,2278.39,29169.439,2026-05-01 07:30:00
1777622400000,2278.4,2287.9,2276.04,2285.0,58572.331,2026-05-01 08:00:00
1777624200000,2285.0,2285.8,2282.0,2285.4,26748.077,2026-05-01 08:30:00
1777626000000,2285.41,2285.73,2281.06,2283.17,22857.885,2026-05-01 09:00:00
1777627800000,2283.17,2283.17,2278.28,2280.59,21397.782,2026-05-01 09:30:00
1777629600000,2280.59,2284.8,2275.65,2282.25,42257.735,2026-05-01 10:00:00
1777631400000,2282.25,2283.23,2278.42,2281.34,15495.954,2026-05-01 10:30:00
1777633200000,2281.34,2292.19,2280.51,2283.54,57347.268,2026-05-01 11:00:00
1777635000000,2283.54,2286.68,2281.79,2285.16,29259.091,2026-05-01 11:30:00
1777636800000,2285.16,2305.0,2282.52,2303.63,218584.492,2026-05-01 12:00:00
1777638600000,2303.64,2312.27,2299.05,2300.02,189012.637,2026-05-01 12:30:00
1777640400000,2300.01,2314.53,2300.01,2306.22,109017.029,2026-05-01 13:00:00
1777642200000,2306.21,2324.2,2304.46,2316.99,213885.142,2026-05-01 13:30:00
1777644000000,2316.98,2325.0,2306.5,2308.1,152472.201,2026-05-01 14:00:00
1777645800000,2308.09,2310.99,2300.2,2306.77,114479.883,2026-05-01 14:30:00
1777647600000,2306.77,2311.32,2300.89,2308.0,60977.536,2026-05-01 15:00:00
1777649400000,2307.99,2316.0,2296.63,2306.88,115662.285,2026-05-01 15:30:00
1777651200000,2306.87,2313.34,2298.0,2302.38,95478.819,2026-05-01 16:00:00
1777653000000,2302.38,2305.14,2297.27,2300.79,52624.001,2026-05-01 16:30:00
1777654800000,2300.78,2306.99,2297.69,2302.6,40257.415,2026-05-01 17:00:00
1777656600000,2302.59,2312.93,2301.05,2310.86,74071.601,2026-05-01 17:30:00
1777658400000,2310.87,2311.67,2305.63,2309.53,52139.7,2026-05-01 18:00:00
1777660200000,2309.53,2309.54,2302.6,2303.6,41591.317,2026-05-01 18:30:00
1777662000000,2303.61,2307.14,2301.4,2305.4,30063.377,2026-05-01 19:00:00
1777663800000,2305.41,2306.0,2303.0,2304.01,17850.307,2026-05-01 19:30:00
1777665600000,2304.01,2305.3,2295.58,2299.2,43221.853,2026-05-01 20:00:00
1777667400000,2299.21,2299.21,2277.41,2283.81,168082.653,2026-05-01 20:30:00
1777669200000,2283.8,2290.75,2282.26,2288.78,42979.027,2026-05-01 21:00:00
1777671000000,2288.78,2294.29,2285.0,2291.35,31811.686,2026-05-01 21:30:00
1777672800000,2291.35,2298.35,2291.08,2295.54,29426.015,2026-05-01 22:00:00
1777674600000,2295.54,2296.35,2289.19,2292.06,18137.47,2026-05-01 22:30:00
1777676400000,2292.07,2292.3,2287.5,2287.97,19608.206,2026-05-01 23:00:00
1777678200000,2287.98,2295.21,2287.97,2294.37,15572.866,2026-05-01 23:30:00
1777680000000,2294.37,2296.93,2291.12,2294.31,19307.281,2026-05-02 00:00:00
1777681800000,2294.3,2298.38,2293.13,2296.43,15950.829,2026-05-02 00:30:00
1777683600000,2296.44,2298.93,2294.41,2296.43,19299.271,2026-05-02 01:00:00
1777685400000,2296.42,2299.78,2296.22,2297.63,15405.208,2026-05-02 01:30:00
1777687200000,2297.64,2298.34,2294.27,2294.78,15462.708,2026-05-02 02:00:00
1777689000000,2294.79,2307.88,2294.24,2302.37,53669.534,2026-05-02 02:30:00
1777690800000,2302.37,2306.43,2299.88,2304.08,31262.781,2026-05-02 03:00:00
1777692600000,2304.08,2307.44,2301.88,2303.25,19290.894,2026-05-02 03:30:00
1777694400000,2303.26,2304.08,2299.85,2301.71,19477.877,2026-05-02 04:00:00
1777696200000,2301.72,2303.0,2298.1,2300.27,18180.288,2026-05-02 04:30:00
1777698000000,2300.27,2300.64,2295.26,2298.64,25040.034,2026-05-02 05:00:00
1777699800000,2298.63,2300.29,2298.23,2298.29,13060.474,2026-05-02 05:30:00
1777701600000,2298.28,2302.0,2296.04,2296.39,17035.123,2026-05-02 06:00:00
1777703400000,2296.39,2305.38,2296.05,2304.06,24200.618,2026-05-02 06:30:00
1777705200000,2304.06,2305.12,2302.98,2303.79,13946.55,2026-05-02 07:00:00
1777707000000,2303.79,2303.9,2299.62,2299.91,16402.235,2026-05-02 07:30:00
1777708800000,2299.92,2302.17,2297.64,2301.51,15666.279,2026-05-02 08:00:00
1777710600000,2301.51,2303.52,2301.5,2302.03,11449.115,2026-05-02 08:30:00
1777712400000,2302.03,2305.0,2302.03,2304.0,13438.615,2026-05-02 09:00:00
1777714200000,2304.01,2306.74,2302.08,2304.0,15360.907,2026-05-02 09:30:00
1777716000000,2304.0,2304.8,2302.2,2303.43,13644.912,2026-05-02 10:00:00
1777717800000,2303.42,2303.43,2300.64,2302.11,11673.139,2026-05-02 10:30:00
1777719600000,2302.11,2304.0,2300.13,2303.4,11405.393,2026-05-02 11:00:00
1777721400000,2303.4,2303.68,2298.9,2301.14,17550.025,2026-05-02 11:30:00
1777723200000,2301.13,2304.54,2300.01,2304.13,13911.533,2026-05-02 12:00:00
1777725000000,2304.13,2304.5,2301.84,2302.45,10242.82,2026-05-02 12:30:00
1777726800000,2302.45,2311.99,2302.44,2306.47,56167.45,2026-05-02 13:00:00
1777728600000,2306.48,2308.26,2305.58,2307.0,14054.964,2026-05-02 13:30:00
1777730400000,2307.0,2307.58,2304.03,2305.42,18500.457,2026-05-02 14:00:00
1777732200000,2305.42,2307.25,2304.21,2305.25,11184.304,2026-05-02 14:30:00
1777734000000,2305.24,2308.2,2303.87,2305.34,14032.634,2026-05-02 15:00:00
1777735800000,2305.35,2308.6,2304.69,2307.64,13402.905,2026-05-02 15:30:00
1777737600000,2307.64,2312.88,2306.67,2307.81,35668.399,2026-05-02 16:00:00
1777739400000,2307.8,2309.85,2306.42,2307.99,13493.867,2026-05-02 16:30:00
1777741200000,2308.0,2309.15,2305.69,2305.87,17050.855,2026-05-02 17:00:00
1777743000000,2305.88,2307.38,2304.2,2304.95,11437.361,2026-05-02 17:30:00
1777744800000,2304.95,2309.0,2302.08,2308.0,17692.552,2026-05-02 18:00:00
1777746600000,2307.99,2310.6,2307.73,2308.68,14853.361,2026-05-02 18:30:00
1777748400000,2308.68,2311.34,2307.82,2309.84,10768.189,2026-05-02 19:00:00
1777750200000,2309.84,2311.77,2309.0,2310.34,6473.11,2026-05-02 19:30:00
1777752000000,2310.34,2310.34,2308.2,2309.27,6579.209,2026-05-02 20:00:00
1777753800000,2309.26,2310.83,2309.26,2310.4,8737.942,2026-05-02 20:30:00
1777755600000,2310.4,2312.7,2309.93,2312.04,8591.895,2026-05-02 21:00:00
1777757400000,2312.05,2343.56,2312.05,2324.61,175949.715,2026-05-02 21:30:00
1777759200000,2324.61,2327.32,2317.0,2318.04,41399.208,2026-05-02 22:00:00
1777761000000,2318.05,2327.4,2318.04,2326.01,37312.58,2026-05-02 22:30:00
1777762800000,2326.0,2326.01,2320.14,2321.85,30922.8,2026-05-02 23:00:00
1777764600000,2321.85,2322.66,2312.04,2316.25,31303.883,2026-05-02 23:30:00
1777766400000,2316.24,2316.93,2307.51,2315.13,48536.342,2026-05-03 00:00:00
1777768200000,2315.13,2316.29,2309.61,2313.04,26986.947,2026-05-03 00:30:00
1777770000000,2313.05,2313.5,2303.46,2306.47,48661.466,2026-05-03 01:00:00
1777771800000,2306.47,2306.48,2302.0,2302.79,39561.217,2026-05-03 01:30:00
1777773600000,2302.8,2305.81,2297.24,2298.53,53500.648,2026-05-03 02:00:00
1777775400000,2298.53,2303.26,2298.27,2302.32,28527.224,2026-05-03 02:30:00
1777777200000,2302.32,2302.99,2298.53,2299.37,19542.013,2026-05-03 03:00:00
1777779000000,2299.36,2303.02,2299.0,2301.0,20085.552,2026-05-03 03:30:00
1777780800000,2301.0,2303.33,2296.36,2303.03,34688.476,2026-05-03 04:00:00
1777782600000,2303.02,2303.71,2299.7,2300.4,13517.694,2026-05-03 04:30:00
1777784400000,2300.39,2304.03,2300.29,2301.8,12090.002,2026-05-03 05:00:00
1777786200000,2301.81,2303.33,2300.43,2303.14,9449.265,2026-05-03 05:30:00
1777788000000,2303.14,2303.14,2298.5,2299.99,15773.04,2026-05-03 06:00:00
1777789800000,2299.99,2305.65,2299.99,2303.27,17289.738,2026-05-03 06:30:00
1777791600000,2303.27,2311.99,2303.27,2310.11,50597.652,2026-05-03 07:00:00
1777793400000,2310.11,2313.55,2307.65,2308.47,34457.575,2026-05-03 07:30:00
1777795200000,2308.46,2311.88,2307.51,2307.57,13487.017,2026-05-03 08:00:00
1777797000000,2307.58,2310.0,2306.26,2307.19,9884.708,2026-05-03 08:30:00
1777798800000,2307.2,2312.85,2306.5,2311.13,25761.467,2026-05-03 09:00:00
1777800600000,2311.13,2321.69,2310.0,2315.4,65741.402,2026-05-03 09:30:00
1777802400000,2315.39,2315.7,2310.24,2310.53,20656.893,2026-05-03 10:00:00
1777804200000,2310.54,2314.5,2310.5,2310.54,13675.705,2026-05-03 10:30:00
1777806000000,2310.53,2315.33,2309.16,2312.5,15618.739,2026-05-03 11:00:00
1777807800000,2312.5,2327.0,2312.49,2318.65,91461.775,2026-05-03 11:30:00
1777809600000,2318.65,2332.17,2318.65,2325.58,74848.6,2026-05-03 12:00:00
1777811400000,2325.59,2326.28,2321.77,2324.33,26712.037,2026-05-03 12:30:00
1777813200000,2324.32,2327.5,2321.48,2323.81,23993.408,2026-05-03 13:00:00
1777815000000,2323.81,2326.2,2319.13,2321.0,33658.067,2026-05-03 13:30:00
1777816800000,2321.0,2325.89,2320.3,2323.62,25199.72,2026-05-03 14:00:00
1777818600000,2323.62,2328.72,2322.46,2327.12,23142.987,2026-05-03 14:30:00
1777820400000,2327.11,2331.46,2327.06,2330.33,29412.063,2026-05-03 15:00:00
1777822200000,2330.32,2332.96,2323.28,2327.5,60939.602,2026-05-03 15:30:00
1777824000000,2327.49,2329.99,2320.67,2326.83,47400.433,2026-05-03 16:00:00
1777825800000,2326.83,2334.99,2326.83,2327.36,33545.562,2026-05-03 16:30:00
1777827600000,2327.36,2333.8,2323.0,2331.33,32302.329,2026-05-03 17:00:00
1777829400000,2331.34,2334.71,2329.27,2330.75,21843.916,2026-05-03 17:30:00
1777831200000,2330.75,2332.58,2326.91,2331.27,14270.062,2026-05-03 18:00:00
1777833000000,2331.27,2332.24,2328.67,2329.9,7642.941,2026-05-03 18:30:00
1777834800000,2329.91,2331.66,2327.28,2327.9,11343.339,2026-05-03 19:00:00
1777836600000,2327.9,2337.74,2327.9,2334.31,30575.775,2026-05-03 19:30:00
1777838400000,2334.31,2339.0,2331.0,2334.56,25721.829,2026-05-03 20:00:00
1777840200000,2334.55,2343.7,2327.1,2328.6,76904.604,2026-05-03 20:30:00
1777842000000,2328.6,2334.23,2324.31,2328.9,40124.86,2026-05-03 21:00:00
1777843800000,2328.91,2331.19,2313.02,2322.95,65029.418,2026-05-03 21:30:00
1777845600000,2322.96,2356.01,2322.96,2337.67,192366.241,2026-05-03 22:00:00
1777847400000,2337.67,2351.44,2333.95,2342.95,46859.264,2026-05-03 22:30:00
1777849200000,2342.95,2346.69,2320.34,2325.67,80809.106,2026-05-03 23:00:00
1777851000000,2325.67,2328.42,2318.53,2321.95,54632.936,2026-05-03 23:30:00
1777852800000,2321.95,2321.95,2308.01,2311.92,112123.032,2026-05-04 00:00:00
1777854600000,2311.91,2319.5,2309.17,2317.98,54533.077,2026-05-04 00:30:00
1777856400000,2317.98,2320.93,2311.67,2319.12,40085.477,2026-05-04 01:00:00
1777858200000,2319.12,2353.66,2318.69,2349.98,234865.662,2026-05-04 01:30:00
1777860000000,2349.98,2373.83,2344.1,2363.19,353133.139,2026-05-04 02:00:00
1777861800000,2363.18,2388.0,2363.18,2374.2,233688.042,2026-05-04 02:30:00
1777863600000,2374.2,2392.0,2370.78,2378.99,142707.445,2026-05-04 03:00:00
1777865400000,2379.0,2385.21,2374.78,2384.21,72239.201,2026-05-04 03:30:00
1777867200000,2384.21,2399.87,2383.27,2389.11,131632.031,2026-05-04 04:00:00
1777869000000,2389.11,2394.64,2388.0,2389.23,52767.419,2026-05-04 04:30:00
1777870800000,2389.24,2390.26,2375.49,2376.71,92052.487,2026-05-04 05:00:00
1777872600000,2376.72,2380.82,2374.29,2375.5,45355.99,2026-05-04 05:30:00
1777874400000,2375.5,2378.27,2353.0,2361.24,132816.05,2026-05-04 06:00:00
1777876200000,2361.24,2372.0,2359.0,2367.59,74960.793,2026-05-04 06:30:00
1777878000000,2367.58,2372.86,2365.85,2368.4,32537.033,2026-05-04 07:00:00
1777879800000,2368.41,2369.2,2361.51,2362.0,40290.547,2026-05-04 07:30:00
1777881600000,2362.01,2364.41,2357.0,2359.57,52191.328,2026-05-04 08:00:00
1777883400000,2359.57,2363.31,2357.0,2359.34,31562.212,2026-05-04 08:30:00
1777885200000,2359.34,2364.71,2357.1,2361.55,32259.057,2026-05-04 09:00:00
1777887000000,2361.55,2370.16,2360.84,2367.56,50860.628,2026-05-04 09:30:00
1777888800000,2367.55,2368.99,2313.0,2323.01,494362.329,2026-05-04 10:00:00
1777890600000,2323.01,2344.65,2320.59,2337.02,205130.423,2026-05-04 10:30:00
1777892400000,2337.01,2342.38,2334.78,2335.99,52260.577,2026-05-04 11:00:00
1777894200000,2335.98,2338.16,2331.35,2336.16,41132.034,2026-05-04 11:30:00
1777896000000,2336.15,2342.58,2331.25,2339.43,48175.815,2026-05-04 12:00:00
1777897800000,2339.42,2341.0,2333.28,2333.86,23999.619,2026-05-04 12:30:00
1777899600000,2333.85,2340.87,2324.25,2337.36,93791.086,2026-05-04 13:00:00
1777901400000,2337.37,2343.83,2332.4,2335.35,65477.326,2026-05-04 13:30:00
1777903200000,2335.34,2351.8,2326.18,2344.29,161620.219,2026-05-04 14:00:00
1777905000000,2344.28,2382.06,2343.59,2370.37,325430.398,2026-05-04 14:30:00
1777906800000,2370.37,2373.33,2337.55,2347.4,327509.713,2026-05-04 15:00:00
1777908600000,2347.4,2353.15,2334.76,2348.99,133105.663,2026-05-04 15:30:00
1777910400000,2349.0,2364.81,2335.39,2357.0,197919.246,2026-05-04 16:00:00
1777912200000,2357.0,2362.88,2350.64,2354.18,59380.197,2026-05-04 16:30:00
1777914000000,2354.18,2369.23,2352.83,2366.16,93228.189,2026-05-04 17:00:00
1777915800000,2366.16,2379.6,2362.59,2369.39,81959.077,2026-05-04 17:30:00
1777917600000,2369.4,2374.36,2358.06,2362.85,77665.678,2026-05-04 18:00:00
1777919400000,2362.85,2365.36,2355.27,2360.52,27948.217,2026-05-04 18:30:00
1777921200000,2360.52,2363.48,2354.22,2356.09,37050.07,2026-05-04 19:00:00
1777923000000,2356.1,2357.73,2352.51,2355.35,38222.723,2026-05-04 19:30:00
1777924800000,2355.36,2358.52,2348.15,2351.55,31681.979,2026-05-04 20:00:00
1777926600000,2351.55,2351.83,2346.13,2349.01,17972.36,2026-05-04 20:30:00
1777928400000,2349.0,2361.75,2348.1,2357.89,24117.333,2026-05-04 21:00:00
1777930200000,2357.88,2363.66,2357.88,2359.58,17312.529,2026-05-04 21:30:00
1777932000000,2359.58,2364.99,2357.62,2358.69,16828.549,2026-05-04 22:00:00
1777933800000,2358.69,2359.43,2352.72,2353.11,27705.629,2026-05-04 22:30:00
1777935600000,2353.11,2353.11,2347.35,2351.76,28865.944,2026-05-04 23:00:00
1777937400000,2351.75,2351.76,2343.42,2346.0,25048.478,2026-05-04 23:30:00
1777939200000,2346.0,2350.96,2343.72,2346.99,18332.546,2026-05-05 00:00:00
1777941000000,2346.99,2358.15,2346.99,2357.59,27281.481,2026-05-05 00:30:00
1777942800000,2357.59,2360.87,2353.81,2359.86,26473.661,2026-05-05 01:00:00
1777944600000,2359.87,2363.32,2355.29,2360.69,28604.982,2026-05-05 01:30:00
1777946400000,2360.69,2373.68,2357.84,2366.39,100698.073,2026-05-05 02:00:00
1777948200000,2366.4,2376.98,2362.13,2366.61,70460.011,2026-05-05 02:30:00
1777950000000,2366.61,2376.8,2363.14,2375.65,49489.992,2026-05-05 03:00:00
1777951800000,2375.66,2388.3,2374.56,2381.13,118657.343,2026-05-05 03:30:00
1777953600000,2381.12,2384.65,2376.81,2378.59,55789.562,2026-05-05 04:00:00
1777955400000,2378.59,2382.84,2374.07,2379.76,37696.167,2026-05-05 04:30:00
1777957200000,2379.76,2386.0,2376.18,2383.65,51944.853,2026-05-05 05:00:00
1777959000000,2383.66,2389.63,2375.75,2378.87,80743.565,2026-05-05 05:30:00
1777960800000,2378.87,2380.43,2366.02,2370.13,68303.808,2026-05-05 06:00:00
1777962600000,2370.12,2378.47,2369.77,2378.14,35392.568,2026-05-05 06:30:00
1777964400000,2378.14,2384.4,2375.0,2381.94,47049.202,2026-05-05 07:00:00
1777966200000,2381.95,2387.9,2378.07,2379.24,61108.696,2026-05-05 07:30:00
1777968000000,2379.24,2383.29,2375.72,2376.86,31093.885,2026-05-05 08:00:00
1777969800000,2376.85,2378.69,2371.5,2375.63,38740.859,2026-05-05 08:30:00
1777971600000,2375.63,2375.9,2366.28,2370.71,49356.731,2026-05-05 09:00:00
1777973400000,2370.71,2373.4,2365.9,2369.25,39128.667,2026-05-05 09:30:00
1777975200000,2369.25,2375.44,2366.56,2373.69,41207.551,2026-05-05 10:00:00
1777977000000,2373.68,2379.0,2372.37,2377.58,42588.167,2026-05-05 10:30:00
1777978800000,2377.58,2378.64,2371.8,2377.01,25650.899,2026-05-05 11:00:00
1777980600000,2377.0,2382.87,2373.57,2378.67,52707.75,2026-05-05 11:30:00
1777982400000,2378.68,2386.64,2374.97,2385.53,74367.489,2026-05-05 12:00:00
1777984200000,2385.53,2388.88,2383.44,2387.05,83903.964,2026-05-05 12:30:00
1777986000000,2387.06,2399.0,2386.4,2388.75,180741.842,2026-05-05 13:00:00
1777987800000,2388.74,2396.93,2381.55,2387.28,154004.458,2026-05-05 13:30:00
1777989600000,2387.28,2391.6,2367.05,2382.3,216079.846,2026-05-05 14:00:00
1777991400000,2382.3,2386.04,2370.0,2377.69,99377.293,2026-05-05 14:30:00
1777993200000,2377.7,2387.5,2374.3,2383.87,74209.491,2026-05-05 15:00:00
1777995000000,2383.88,2386.5,2379.01,2380.25,41184.625,2026-05-05 15:30:00
1777996800000,2380.24,2382.57,2373.08,2375.4,42196.545,2026-05-05 16:00:00
1777998600000,2375.4,2375.61,2360.0,2365.13,152957.003,2026-05-05 16:30:00
1778000400000,2365.12,2369.64,2358.8,2365.15,66010.341,2026-05-05 17:00:00
1778002200000,2365.15,2365.16,2360.0,2362.35,27431.56,2026-05-05 17:30:00
1778004000000,2362.36,2373.35,2362.27,2371.25,43407.694,2026-05-05 18:00:00
1778005800000,2371.24,2374.11,2368.17,2371.22,24033.224,2026-05-05 18:30:00
1778007600000,2371.21,2372.43,2368.3,2370.16,20700.838,2026-05-05 19:00:00
1778009400000,2370.16,2375.55,2368.5,2370.82,29041.874,2026-05-05 19:30:00
1778011200000,2370.82,2386.5,2370.31,2380.32,78506.454,2026-05-05 20:00:00
1778013000000,2380.32,2386.24,2379.01,2381.51,30661.79,2026-05-05 20:30:00
1778014800000,2381.51,2387.7,2373.46,2374.62,45810.511,2026-05-05 21:00:00
1778016600000,2374.62,2376.89,2367.11,2374.42,36314.41,2026-05-05 21:30:00
1778018400000,2374.42,2380.93,2371.5,2375.65,21030.51,2026-05-05 22:00:00
1778020200000,2375.64,2375.65,2352.0,2366.33,146693.794,2026-05-05 22:30:00
1778022000000,2366.32,2368.86,2356.29,2357.45,40744.636,2026-05-05 23:00:00
1778023800000,2357.46,2363.14,2353.4,2359.7,55654.181,2026-05-05 23:30:00
1778025600000,2359.7,2366.0,2355.69,2356.65,42751.948,2026-05-06 00:00:00
1778027400000,2356.66,2367.0,2353.0,2363.44,46937.118,2026-05-06 00:30:00
1778029200000,2363.44,2373.7,2361.5,2368.91,63049.241,2026-05-06 01:00:00
1778031000000,2368.92,2376.0,2368.01,2372.13,40868.776,2026-05-06 01:30:00
1778032800000,2372.13,2372.99,2362.01,2362.29,44498.594,2026-05-06 02:00:00
1778034600000,2362.29,2369.35,2359.0,2368.54,44402.406,2026-05-06 02:30:00
1778036400000,2368.53,2379.85,2366.63,2375.01,67523.116,2026-05-06 03:00:00
1778038200000,2375.01,2378.58,2372.71,2375.49,32945.469,2026-05-06 03:30:00
1778040000000,2375.49,2378.0,2371.2,2371.39,31861.843,2026-05-06 04:00:00
1778041800000,2371.38,2372.4,2359.2,2365.03,68249.249,2026-05-06 04:30:00
1778043600000,2365.02,2366.0,2361.38,2364.61,30170.96,2026-05-06 05:00:00
1778045400000,2364.62,2364.62,2353.61,2364.28,77291.324,2026-05-06 05:30:00
1778047200000,2364.28,2366.0,2360.0,2364.51,29659.866,2026-05-06 06:00:00
1778049000000,2364.51,2370.72,2363.6,2369.6,49431.018,2026-05-06 06:30:00
1778050800000,2369.59,2374.14,2367.71,2372.75,47867.569,2026-05-06 07:00:00
1778052600000,2372.76,2372.9,2368.32,2370.3,23096.258,2026-05-06 07:30:00
1778054400000,2370.3,2377.78,2368.01,2376.39,63797.152,2026-05-06 08:00:00
1778056200000,2376.38,2395.68,2376.22,2393.48,214492.508,2026-05-06 08:30:00
1778058000000,2393.47,2395.5,2383.47,2388.99,127691.997,2026-05-06 09:00:00
1778059800000,2389.0,2417.96,2388.22,2411.88,370110.804,2026-05-06 09:30:00
1778061600000,2411.87,2413.5,2404.12,2410.34,92651.096,2026-05-06 10:00:00
1778063400000,2410.34,2414.55,2406.71,2409.03,80131.165,2026-05-06 10:30:00
1778065200000,2409.02,2423.77,2407.17,2414.01,163040.482,2026-05-06 11:00:00
1778067000000,2414.02,2418.12,2407.05,2409.78,102961.385,2026-05-06 11:30:00
1778068800000,2409.77,2412.98,2397.19,2408.76,122912.211,2026-05-06 12:00:00
1778070600000,2408.75,2411.16,2398.88,2403.89,86355.908,2026-05-06 12:30:00
1778072400000,2403.9,2403.9,2379.0,2382.25,253460.189,2026-05-06 13:00:00
1778074200000,2382.26,2386.35,2363.59,2367.6,280043.894,2026-05-06 13:30:00
1778076000000,2367.6,2368.39,2344.0,2362.0,366257.585,2026-05-06 14:00:00
1778077800000,2362.0,2372.28,2356.03,2358.6,154976.507,2026-05-06 14:30:00
1778079600000,2358.6,2365.28,2353.62,2359.01,88819.645,2026-05-06 15:00:00
1778081400000,2359.0,2362.27,2353.24,2357.91,69565.096,2026-05-06 15:30:00
1778083200000,2357.92,2368.44,2350.49,2350.49,107618.472,2026-05-06 16:00:00
1778085000000,2350.49,2361.35,2349.2,2357.06,66204.142,2026-05-06 16:30:00
1778086800000,2357.05,2360.0,2350.81,2352.81,31221.576,2026-05-06 17:00:00
1778088600000,2352.81,2354.21,2346.25,2349.19,62441.548,2026-05-06 17:30:00
1778090400000,2349.19,2351.57,2335.31,2343.7,143425.979,2026-05-06 18:00:00
1778092200000,2343.69,2347.8,2340.52,2344.11,39205.954,2026-05-06 18:30:00
1778094000000,2344.1,2348.0,2342.1,2344.05,25117.921,2026-05-06 19:00:00
1778095800000,2344.05,2349.34,2341.33,2348.05,28930.116,2026-05-06 19:30:00
1778097600000,2348.05,2356.4,2348.05,2351.85,53090.792,2026-05-06 20:00:00
1778099400000,2351.84,2352.3,2343.99,2350.18,36820.995,2026-05-06 20:30:00
1778101200000,2350.18,2351.69,2344.7,2350.6,16410.151,2026-05-06 21:00:00
1778103000000,2350.6,2356.94,2349.1,2353.62,24979.211,2026-05-06 21:30:00
1778104800000,2353.62,2354.35,2343.83,2344.78,27177.524,2026-05-06 22:00:00
1778106600000,2344.77,2348.74,2344.17,2346.38,15601.841,2026-05-06 22:30:00
1778108400000,2346.38,2348.89,2337.29,2348.89,58331.418,2026-05-06 23:00:00
1778110200000,2348.89,2350.94,2346.07,2350.15,16002.402,2026-05-06 23:30:00
1778112000000,2350.15,2351.81,2344.0,2344.0,31489.275,2026-05-07 00:00:00
1778113800000,2344.01,2345.95,2327.59,2328.18,128170.499,2026-05-07 00:30:00
1778115600000,2328.18,2331.24,2311.44,2330.96,209859.111,2026-05-07 01:00:00
1778117400000,2330.95,2334.1,2324.78,2326.21,53353.091,2026-05-07 01:30:00
1778119200000,2326.2,2326.9,2312.54,2317.01,108576.141,2026-05-07 02:00:00
1778121000000,2317.01,2323.0,2314.8,2321.17,56016.519,2026-05-07 02:30:00
1778122800000,2321.16,2322.83,2314.3,2319.31,32888.744,2026-05-07 03:00:00
1778124600000,2319.3,2324.88,2317.4,2321.29,34916.709,2026-05-07 03:30:00
1778126400000,2321.3,2326.55,2316.58,2324.87,48349.394,2026-05-07 04:00:00
1778128200000,2324.87,2326.68,2321.8,2326.5,21258.35,2026-05-07 04:30:00
1778130000000,2326.49,2332.46,2326.0,2330.72,42227.303,2026-05-07 05:00:00
1778131800000,2330.73,2333.2,2327.89,2330.2,20763.885,2026-05-07 05:30:00
1778133600000,2330.2,2330.2,2319.0,2322.84,60095.232,2026-05-07 06:00:00
1778135400000,2322.85,2337.54,2322.84,2336.24,84272.697,2026-05-07 06:30:00
1778137200000,2336.24,2344.45,2335.6,2339.22,95311.571,2026-05-07 07:00:00
1778139000000,2339.22,2345.89,2338.92,2343.37,54654.534,2026-05-07 07:30:00
1778140800000,2343.38,2345.58,2333.6,2336.55,51168.528,2026-05-07 08:00:00
1778142600000,2336.54,2339.79,2330.66,2332.78,55281.633,2026-05-07 08:30:00
1778144400000,2332.79,2336.19,2327.51,2330.3,55862.726,2026-05-07 09:00:00
1778146200000,2330.29,2333.55,2325.35,2327.9,43238.571,2026-05-07 09:30:00
1778148000000,2327.91,2330.99,2316.34,2317.68,77466.587,2026-05-07 10:00:00
1778149800000,2317.68,2328.6,2317.32,2326.0,47224.857,2026-05-07 10:30:00
1778151600000,2326.01,2330.77,2324.36,2327.2,33110.84,2026-05-07 11:00:00
1778153400000,2327.2,2331.09,2324.51,2329.38,30881.546,2026-05-07 11:30:00
1778155200000,2329.38,2336.83,2328.07,2332.21,43885.703,2026-05-07 12:00:00
1778157000000,2332.21,2335.26,2329.36,2331.85,23129.056,2026-05-07 12:30:00
1778158800000,2331.84,2331.84,2321.5,2323.76,60674.451,2026-05-07 13:00:00
1778160600000,2323.76,2323.94,2303.1,2313.54,235398.588,2026-05-07 13:30:00
1778162400000,2313.55,2318.0,2307.0,2309.31,93090.467,2026-05-07 14:00:00
1778164200000,2309.31,2310.11,2287.63,2298.25,339510.286,2026-05-07 14:30:00
1778166000000,2298.25,2303.99,2284.28,2290.26,146029.016,2026-05-07 15:00:00
1778167800000,2290.25,2298.2,2288.39,2293.85,70499.472,2026-05-07 15:30:00
1778169600000,2293.86,2297.92,2284.47,2296.77,98480.132,2026-05-07 16:00:00
1778171400000,2296.77,2297.57,2288.6,2290.91,34841.697,2026-05-07 16:30:00
1778173200000,2290.9,2294.89,2278.13,2287.67,111431.655,2026-05-07 17:00:00
1778175000000,2287.67,2301.23,2285.5,2299.07,74454.604,2026-05-07 17:30:00
1778176800000,2299.07,2303.6,2297.01,2298.86,43346.578,2026-05-07 18:00:00
1778178600000,2298.86,2303.76,2290.62,2295.51,49177.423,2026-05-07 18:30:00
1778180400000,2295.51,2296.38,2289.21,2290.05,32421.082,2026-05-07 19:00:00
1778182200000,2290.06,2296.5,2287.1,2295.5,42866.503,2026-05-07 19:30:00
1778184000000,2295.5,2302.31,2292.46,2294.13,33211.937,2026-05-07 20:00:00
1778185800000,2294.12,2294.12,2287.39,2288.64,55244.786,2026-05-07 20:30:00
1778187600000,2288.63,2293.61,2281.0,2293.51,49925.001,2026-05-07 21:00:00
1778189400000,2293.51,2293.84,2286.89,2287.23,23990.315,2026-05-07 21:30:00
1778191200000,2287.22,2289.68,2279.79,2285.59,101268.504,2026-05-07 22:00:00
1778193000000,2285.58,2288.26,2281.0,2286.5,37029.67,2026-05-07 22:30:00
1778194800000,2286.5,2291.19,2285.66,2289.0,26714.488,2026-05-07 23:00:00
1778196600000,2289.01,2292.95,2286.87,2290.61,17913.839,2026-05-07 23:30:00
1778198400000,2290.62,2294.0,2289.23,2289.99,26853.597,2026-05-08 00:00:00
1778200200000,2290.0,2290.89,2283.13,2286.63,37267.338,2026-05-08 00:30:00
1778202000000,2286.63,2288.85,2279.22,2285.17,34181.956,2026-05-08 01:00:00
1778203800000,2285.17,2287.44,2282.7,2284.73,19504.41,2026-05-08 01:30:00
1778205600000,2284.73,2285.24,2266.51,2275.54,172557.934,2026-05-08 02:00:00
1778207400000,2275.54,2282.5,2274.33,2278.03,43144.352,2026-05-08 02:30:00
1778209200000,2278.03,2278.71,2262.45,2278.0,121165.103,2026-05-08 03:00:00
1778211000000,2278.0,2280.87,2277.99,2278.0,30629.292,2026-05-08 03:30:00
1778212800000,2278.0,2283.69,2277.7,2281.75,30463.212,2026-05-08 04:00:00
1778214600000,2281.75,2281.75,2275.38,2280.66,19848.647,2026-05-08 04:30:00
1778216400000,2280.67,2281.65,2277.82,2279.21,15060.722,2026-05-08 05:00:00
1778218200000,2279.21,2283.21,2275.13,2275.23,23285.201,2026-05-08 05:30:00
1778220000000,2275.23,2277.99,2268.56,2274.19,50050.626,2026-05-08 06:00:00
1778221800000,2274.19,2276.45,2267.65,2274.41,33136.533,2026-05-08 06:30:00
1778223600000,2274.41,2274.46,2266.08,2269.97,54739.544,2026-05-08 07:00:00
1778225400000,2269.97,2281.43,2269.97,2280.28,52818.025,2026-05-08 07:30:00
1778227200000,2280.28,2281.82,2278.63,2280.45,34389.014,2026-05-08 08:00:00
1778229000000,2280.45,2288.4,2280.22,2282.27,59086.412,2026-05-08 08:30:00
1778230800000,2282.27,2291.64,2278.58,2286.69,106807.21,2026-05-08 09:00:00
1778232600000,2286.7,2287.62,2280.51,2283.24,44172.099,2026-05-08 09:30:00
1778234400000,2283.23,2286.9,2280.01,2282.51,35206.25,2026-05-08 10:00:00
1778236200000,2282.51,2289.97,2282.5,2286.9,36408.466,2026-05-08 10:30:00
1778238000000,2286.9,2293.72,2286.9,2292.0,58011.721,2026-05-08 11:00:00
1778239800000,2292.0,2299.08,2288.44,2294.5,50085.736,2026-05-08 11:30:00
1778241600000,2294.5,2296.91,2288.25,2292.88,50218.318,2026-05-08 12:00:00
1778243400000,2292.88,2304.08,2281.2,2283.75,130081.813,2026-05-08 12:30:00
1778245200000,2283.75,2286.15,2272.12,2273.15,120262.834,2026-05-08 13:00:00
1778247000000,2273.15,2277.92,2268.37,2275.42,91179.495,2026-05-08 13:30:00
1778248800000,2275.42,2292.18,2274.0,2280.51,111858.626,2026-05-08 14:00:00
1778250600000,2280.51,2289.0,2272.12,2284.92,78342.598,2026-05-08 14:30:00
1778252400000,2284.92,2287.0,2273.66,2276.9,59438.889,2026-05-08 15:00:00
1778254200000,2276.9,2293.69,2274.1,2292.48,75456.636,2026-05-08 15:30:00
1778256000000,2292.48,2293.59,2287.43,2289.09,42447.115,2026-05-08 16:00:00
1778257800000,2289.08,2291.74,2285.14,2288.95,31339.359,2026-05-08 16:30:00
1778259600000,2288.96,2301.71,2288.25,2300.81,85787.279,2026-05-08 17:00:00
1778261400000,2300.81,2314.88,2297.99,2304.28,199299.58,2026-05-08 17:30:00
1778263200000,2304.28,2319.58,2304.27,2317.42,116558.031,2026-05-08 18:00:00
1778265000000,2317.42,2320.59,2312.0,2312.81,69300.465,2026-05-08 18:30:00
1778266800000,2312.82,2319.68,2311.43,2314.85,46073.406,2026-05-08 19:00:00
1778268600000,2314.85,2318.28,2313.0,2315.4,26863.02,2026-05-08 19:30:00
1778270400000,2315.4,2316.2,2309.52,2311.98,27337.752,2026-05-08 20:00:00
1778272200000,2311.98,2311.98,2304.42,2306.22,27586.308,2026-05-08 20:30:00
1778274000000,2306.22,2310.0,2303.63,2308.48,20279.779,2026-05-08 21:00:00
1778275800000,2308.47,2314.69,2308.47,2314.13,15348.648,2026-05-08 21:30:00
1778277600000,2314.13,2318.47,2312.0,2312.51,26907.199,2026-05-08 22:00:00
1778279400000,2312.5,2314.42,2309.78,2310.01,14235.596,2026-05-08 22:30:00
1778281200000,2310.0,2310.39,2305.3,2307.22,20220.345,2026-05-08 23:00:00
1778283000000,2307.22,2307.22,2302.19,2306.34,25894.372,2026-05-08 23:30:00
1778284800000,2306.34,2310.73,2303.52,2307.96,20647.103,2026-05-09 00:00:00
1778286600000,2307.96,2311.47,2306.51,2308.02,16627.92,2026-05-09 00:30:00
1778288400000,2308.02,2314.01,2307.66,2310.55,21094.708,2026-05-09 01:00:00
1778290200000,2310.55,2317.3,2310.3,2313.29,27813.102,2026-05-09 01:30:00
1778292000000,2313.28,2317.74,2313.0,2315.4,19552.112,2026-05-09 02:00:00
1778293800000,2315.4,2319.63,2315.39,2315.99,24044.612,2026-05-09 02:30:00
1778295600000,2316.0,2320.96,2313.77,2315.82,25206.264,2026-05-09 03:00:00
1778297400000,2315.81,2315.82,2311.53,2314.28,23013.075,2026-05-09 03:30:00
1778299200000,2314.27,2324.54,2314.27,2315.97,62054.331,2026-05-09 04:00:00
1778301000000,2315.96,2316.66,2310.5,2311.72,38861.471,2026-05-09 04:30:00
1778302800000,2311.72,2316.66,2310.02,2314.81,20409.344,2026-05-09 05:00:00
1778304600000,2314.8,2317.6,2313.37,2313.83,22381.965,2026-05-09 05:30:00
1778306400000,2313.84,2318.11,2313.83,2315.96,24329.475,2026-05-09 06:00:00
1778308200000,2315.95,2317.93,2311.71,2313.5,22453.344,2026-05-09 06:30:00
1778310000000,2313.5,2317.6,2310.09,2315.22,25019.151,2026-05-09 07:00:00
1778311800000,2315.23,2316.31,2313.02,2313.82,12236.919,2026-05-09 07:30:00
1778313600000,2313.81,2318.8,2313.24,2317.99,32914.751,2026-05-09 08:00:00
1778315400000,2318.0,2319.45,2315.41,2316.4,26160.204,2026-05-09 08:30:00
1778317200000,2316.4,2316.67,2310.42,2312.65,28571.532,2026-05-09 09:00:00
1778319000000,2312.65,2314.81,2311.5,2312.56,15881.211,2026-05-09 09:30:00
1778320800000,2312.56,2313.98,2309.3,2311.0,25008.501,2026-05-09 10:00:00
1778322600000,2311.01,2314.5,2310.81,2311.91,11206.408,2026-05-09 10:30:00
1778324400000,2311.91,2315.31,2311.67,2314.5,17494.763,2026-05-09 11:00:00
1778326200000,2314.5,2314.84,2312.83,2313.85,6895.6,2026-05-09 11:30:00
1778328000000,2313.85,2317.8,2312.5,2316.2,26420.773,2026-05-09 12:00:00
1778329800000,2316.2,2316.24,2313.51,2315.71,9550.03,2026-05-09 12:30:00
1778331600000,2315.7,2315.79,2312.03,2313.17,12978.788,2026-05-09 13:00:00
1778333400000,2313.17,2314.07,2310.7,2313.77,11864.707,2026-05-09 13:30:00
1778335200000,2313.77,2314.72,2304.47,2307.27,47180.767,2026-05-09 14:00:00
1778337000000,2307.3,2310.46,2304.26,2307.31,41536.603,2026-05-09 14:30:00
1778338800000,2307.3,2310.0,2297.57,2309.64,91736.238,2026-05-09 15:00:00
1778340600000,2309.64,2316.59,2308.99,2316.37,57658.799,2026-05-09 15:30:00
1778342400000,2316.38,2324.48,2313.87,2318.42,93633.586,2026-05-09 16:00:00
1778344200000,2318.42,2320.85,2315.94,2318.99,49426.725,2026-05-09 16:30:00
1778346000000,2319.02,2332.87,2319.0,2330.89,152896.442,2026-05-09 17:00:00
1778347800000,2330.9,2332.3,2326.0,2328.72,42677.958,2026-05-09 17:30:00
1778349600000,2328.73,2337.74,2328.28,2335.55,53755.097,2026-05-09 18:00:00
1778351400000,2335.55,2337.0,2327.96,2329.12,31325.735,2026-05-09 18:30:00
1778353200000,2329.12,2330.42,2325.61,2327.71,16576.185,2026-05-09 19:00:00
1778355000000,2327.7,2332.31,2326.43,2331.16,17914.796,2026-05-09 19:30:00
1778356800000,2331.17,2331.88,2326.68,2327.75,12205.974,2026-05-09 20:00:00
1778358600000,2327.75,2329.29,2326.14,2328.23,10174.008,2026-05-09 20:30:00
1778360400000,2328.24,2330.65,2327.77,2329.77,9762.399,2026-05-09 21:00:00
1778362200000,2329.78,2330.9,2328.01,2330.14,5855.411,2026-05-09 21:30:00
1778364000000,2330.14,2331.0,2328.52,2329.85,6893.92,2026-05-09 22:00:00
1778365800000,2329.85,2332.81,2326.31,2329.01,11324.89,2026-05-09 22:30:00
1778367600000,2329.01,2330.8,2324.56,2325.35,18679.961,2026-05-09 23:00:00
1778369400000,2325.34,2327.43,2323.62,2325.42,13558.206,2026-05-09 23:30:00
1778371200000,2325.42,2329.0,2322.7,2326.36,20027.322,2026-05-10 00:00:00
1778373000000,2326.37,2327.71,2320.33,2322.97,22255.555,2026-05-10 00:30:00
1778374800000,2322.96,2323.69,2318.36,2319.28,30632.718,2026-05-10 01:00:00
1778376600000,2319.28,2324.32,2317.39,2323.07,26772.744,2026-05-10 01:30:00
1778378400000,2323.07,2326.66,2319.39,2325.05,21906.816,2026-05-10 02:00:00
1778380200000,2325.05,2327.5,2323.56,2327.19,15377.985,2026-05-10 02:30:00
1778382000000,2327.19,2329.07,2324.71,2325.43,17361.482,2026-05-10 03:00:00
1778383800000,2325.43,2333.81,2323.0,2327.0,42980.927,2026-05-10 03:30:00
1778385600000,2327.01,2328.6,2325.25,2328.49,14565.211,2026-05-10 04:00:00
1778387400000,2328.49,2330.39,2326.4,2327.6,17623.023,2026-05-10 04:30:00
1778389200000,2327.6,2329.63,2326.05,2328.02,9462.906,2026-05-10 05:00:00
1778391000000,2328.03,2329.35,2325.6,2326.22,10575.832,2026-05-10 05:30:00
1778392800000,2326.23,2328.2,2325.83,2325.83,13113.017,2026-05-10 06:00:00
1778394600000,2325.83,2329.91,2325.83,2328.62,11855.88,2026-05-10 06:30:00
1778396400000,2328.62,2331.45,2326.51,2328.55,13525.697,2026-05-10 07:00:00
1778398200000,2328.55,2329.63,2326.35,2326.5,8334.206,2026-05-10 07:30:00
1778400000000,2326.5,2330.95,2325.12,2329.55,22665.74,2026-05-10 08:00:00
1778401800000,2329.54,2330.78,2327.85,2328.99,9269.744,2026-05-10 08:30:00
1778403600000,2329.0,2332.58,2328.2,2328.2,21188.705,2026-05-10 09:00:00
1778405400000,2328.21,2328.94,2326.15,2327.58,17772.34,2026-05-10 09:30:00
1778407200000,2327.58,2328.0,2322.34,2325.76,41166.066,2026-05-10 10:00:00
1778409000000,2325.76,2326.36,2322.57,2324.66,23362.181,2026-05-10 10:30:00
1778410800000,2324.67,2327.0,2317.55,2321.08,47723.661,2026-05-10 11:00:00
1778412600000,2321.08,2323.02,2319.31,2321.61,23101.196,2026-05-10 11:30:00
1778414400000,2321.61,2324.61,2319.82,2323.68,26926.175,2026-05-10 12:00:00
1778416200000,2323.68,2324.54,2321.67,2323.26,16712.891,2026-05-10 12:30:00
1778418000000,2323.26,2331.25,2322.61,2328.39,56050.542,2026-05-10 13:00:00
1778419800000,2328.4,2330.0,2327.01,2329.1,20690.383,2026-05-10 13:30:00
1778421600000,2329.1,2329.98,2326.14,2326.81,19559.519,2026-05-10 14:00:00
1778423400000,2326.82,2334.4,2326.22,2329.99,40342.156,2026-05-10 14:30:00
1778425200000,2330.0,2336.79,2329.99,2333.37,57681.876,2026-05-10 15:00:00
1778427000000,2333.36,2351.17,2333.36,2346.75,164550.035,2026-05-10 15:30:00
1778428800000,2346.74,2350.0,2339.0,2344.5,82847.209,2026-05-10 16:00:00
1778430600000,2344.5,2349.92,2343.28,2348.7,60066.088,2026-05-10 16:30:00
1778432400000,2348.7,2357.37,2344.3,2354.83,145864.259,2026-05-10 17:00:00
1778434200000,2354.84,2367.49,2351.63,2363.22,130386.103,2026-05-10 17:30:00
1778436000000,2363.23,2365.95,2360.0,2360.87,49770.043,2026-05-10 18:00:00
1778437800000,2360.87,2362.49,2355.44,2357.38,29584.205,2026-05-10 18:30:00
1778439600000,2357.39,2365.77,2350.01,2365.42,52190.921,2026-05-10 19:00:00
1778441400000,2365.43,2365.76,2358.08,2364.47,24133.161,2026-05-10 19:30:00
1778443200000,2364.47,2368.88,2345.5,2352.39,110359.503,2026-05-10 20:00:00
1778445000000,2352.39,2352.58,2310.0,2327.45,277394.467,2026-05-10 20:30:00
1778446800000,2327.44,2334.0,2322.85,2333.81,74001.276,2026-05-10 21:00:00
1778448600000,2333.8,2335.95,2328.02,2329.57,52345.563,2026-05-10 21:30:00
1778450400000,2329.56,2361.46,2326.26,2354.09,180147.096,2026-05-10 22:00:00
1778452200000,2354.09,2377.48,2351.02,2373.45,281353.359,2026-05-10 22:30:00
1778454000000,2373.46,2383.11,2369.53,2373.81,148451.588,2026-05-10 23:00:00
1778455800000,2373.81,2379.93,2367.12,2370.61,94135.227,2026-05-10 23:30:00
1778457600000,2370.62,2374.6,2350.0,2354.99,164334.456,2026-05-11 00:00:00
1778459400000,2355.0,2364.23,2343.67,2352.0,86088.721,2026-05-11 00:30:00
1778461200000,2351.99,2365.39,2344.6,2361.45,83648.876,2026-05-11 01:00:00
1778463000000,2361.45,2364.99,2354.2,2358.13,43255.157,2026-05-11 01:30:00
1778464800000,2358.13,2360.2,2346.0,2349.61,46576.84,2026-05-11 02:00:00
1778466600000,2349.61,2350.27,2342.19,2344.99,58905.206,2026-05-11 02:30:00
1778468400000,2344.99,2345.0,2321.2,2324.7,229609.018,2026-05-11 03:00:00
1778470200000,2324.71,2330.54,2318.98,2329.82,78657.122,2026-05-11 03:30:00
1778472000000,2329.81,2331.77,2325.72,2330.93,35376.883,2026-05-11 04:00:00
1778473800000,2330.93,2335.39,2328.79,2331.9,34583.866,2026-05-11 04:30:00
1778475600000,2331.9,2337.96,2331.02,2336.92,30311.575,2026-05-11 05:00:00
1778477400000,2336.92,2339.85,2332.54,2334.16,30186.489,2026-05-11 05:30:00
1778479200000,2334.15,2339.8,2332.41,2338.28,34822.08,2026-05-11 06:00:00
1778481000000,2338.27,2343.14,2329.1,2332.61,47927.59,2026-05-11 06:30:00
1778482800000,2332.61,2332.84,2327.2,2329.23,25098.624,2026-05-11 07:00:00
1778484600000,2329.23,2330.64,2327.12,2329.57,17846.944,2026-05-11 07:30:00
1778486400000,2329.58,2332.98,2325.69,2326.53,28052.314,2026-05-11 08:00:00
1778488200000,2326.52,2333.96,2325.44,2329.51,21479.505,2026-05-11 08:30:00
1778490000000,2329.5,2336.53,2329.24,2334.93,19867.427,2026-05-11 09:00:00
1778491800000,2334.92,2337.8,2332.01,2335.1,14646.481,2026-05-11 09:30:00
1778493600000,2335.1,2338.95,2333.95,2336.34,20714.306,2026-05-11 10:00:00
1778495400000,2336.34,2337.1,2328.45,2328.94,40981.281,2026-05-11 10:30:00
1778497200000,2328.94,2334.32,2326.54,2332.79,23206.826,2026-05-11 11:00:00
1778499000000,2332.78,2335.29,2331.2,2334.99,15480.835,2026-05-11 11:30:00
1778500800000,2335.0,2338.45,2328.21,2336.22,38891.623,2026-05-11 12:00:00
1778502600000,2336.22,2337.99,2327.38,2328.7,46664.217,2026-05-11 12:30:00
1778504400000,2328.7,2332.08,2323.95,2326.62,51918.583,2026-05-11 13:00:00
1778506200000,2326.62,2328.88,2313.13,2321.01,182313.084,2026-05-11 13:30:00
1778508000000,2321.01,2327.88,2311.1,2312.07,88338.429,2026-05-11 14:00:00
1778509800000,2312.08,2317.05,2302.1,2315.32,189427.736,2026-05-11 14:30:00
1778511600000,2315.33,2334.0,2312.33,2331.87,107524.323,2026-05-11 15:00:00
1778513400000,2331.86,2334.99,2325.62,2332.36,73697.79,2026-05-11 15:30:00
1778515200000,2332.36,2340.49,2329.6,2335.75,110872.663,2026-05-11 16:00:00
1778517000000,2335.76,2338.33,2325.59,2328.7,74424.087,2026-05-11 16:30:00
1778518800000,2328.71,2329.94,2322.3,2328.73,44674.182,2026-05-11 17:00:00
1778520600000,2328.72,2343.51,2327.0,2335.63,59254.642,2026-05-11 17:30:00
1778522400000,2335.63,2342.9,2335.1,2340.55,31366.189,2026-05-11 18:00:00
1778524200000,2340.55,2343.57,2333.18,2334.38,38346.35,2026-05-11 18:30:00
1778526000000,2334.38,2342.21,2330.76,2336.62,33563.264,2026-05-11 19:00:00
1778527800000,2336.63,2343.26,2336.21,2339.43,23701.872,2026-05-11 19:30:00
1778529600000,2339.43,2345.13,2335.01,2337.36,49394.91,2026-05-11 20:00:00
1778531400000,2337.36,2340.5,2335.04,2336.98,21044.935,2026-05-11 20:30:00
1778533200000,2336.97,2340.21,2335.06,2336.53,17136.146,2026-05-11 21:00:00
1778535000000,2336.53,2341.69,2336.17,2339.92,25814.068,2026-05-11 21:30:00
1778536800000,2339.9,2344.88,2335.7,2337.79,25714.851,2026-05-11 22:00:00
1778538600000,2337.79,2343.83,2337.55,2340.2,12325.509,2026-05-11 22:30:00
1778540400000,2340.2,2340.28,2333.32,2335.29,19206.026,2026-05-11 23:00:00
1778542200000,2335.29,2341.06,2333.89,2338.84,17097.378,2026-05-11 23:30:00
1778544000000,2338.85,2339.86,2332.28,2333.9,28286.541,2026-05-12 00:00:00
1778545800000,2333.91,2335.0,2331.0,2332.49,23889.287,2026-05-12 00:30:00
1778547600000,2332.49,2334.73,2318.08,2322.67,86680.841,2026-05-12 01:00:00
1778549400000,2322.66,2322.79,2293.91,2310.5,257689.512,2026-05-12 01:30:00
1778551200000,2310.51,2316.3,2306.05,2313.84,49086.362,2026-05-12 02:00:00
1778553000000,2313.85,2315.07,2306.4,2314.8,31949.577,2026-05-12 02:30:00
1778554800000,2314.8,2316.21,2310.0,2310.93,25533.29,2026-05-12 03:00:00
1778556600000,2310.92,2313.1,2306.4,2308.55,26049.055,2026-05-12 03:30:00
1778558400000,2308.56,2311.8,2304.39,2311.1,33299.327,2026-05-12 04:00:00
1778560200000,2311.11,2313.5,2309.2,2310.01,22489.962,2026-05-12 04:30:00
1778562000000,2310.0,2313.0,2308.82,2312.31,16390.211,2026-05-12 05:00:00
1778563800000,2312.31,2313.3,2309.0,2309.37,11812.423,2026-05-12 05:30:00
1778565600000,2309.37,2313.0,2307.62,2309.6,19903.426,2026-05-12 06:00:00
1778567400000,2309.61,2310.2,2301.81,2303.04,52422.049,2026-05-12 06:30:00
1778569200000,2303.03,2303.99,2293.03,2299.76,145372.723,2026-05-12 07:00:00
1778571000000,2299.76,2300.54,2288.0,2293.81,119266.042,2026-05-12 07:30:00
1778572800000,2293.81,2295.1,2276.34,2286.35,200023.351,2026-05-12 08:00:00
1778574600000,2286.35,2291.75,2285.06,2287.12,47611.981,2026-05-12 08:30:00
1778576400000,2287.11,2288.28,2280.3,2283.91,50615.698,2026-05-12 09:00:00
1778578200000,2283.95,2294.36,2283.94,2291.51,64124.507,2026-05-12 09:30:00
1778580000000,2291.5,2292.89,2287.11,2288.24,23914.962,2026-05-12 10:00:00
1778581800000,2288.23,2289.42,2280.0,2285.48,58266.863,2026-05-12 10:30:00
1778583600000,2285.48,2286.33,2277.0,2282.61,62029.797,2026-05-12 11:00:00
1778585400000,2282.61,2286.35,2282.6,2285.97,28295.199,2026-05-12 11:30:00
1778587200000,2285.97,2290.72,2281.28,2290.61,48882.124,2026-05-12 12:00:00
1778589000000,2290.61,2294.0,2280.03,2287.82,116552.665,2026-05-12 12:30:00
1778590800000,2287.81,2291.44,2282.0,2284.04,44526.594,2026-05-12 13:00:00
1778592600000,2284.04,2284.55,2267.01,2270.88,197339.322,2026-05-12 13:30:00
1778594400000,2270.89,2280.84,2268.06,2272.8,96765.229,2026-05-12 14:00:00
1778596200000,2272.81,2279.27,2260.01,2268.01,192516.245,2026-05-12 14:30:00
1778598000000,2268.01,2273.33,2255.54,2258.88,151642.097,2026-05-12 15:00:00
1778599800000,2258.88,2267.99,2258.56,2261.18,81054.909,2026-05-12 15:30:00
1778601600000,2261.19,2270.27,2258.55,2266.96,70150.396,2026-05-12 16:00:00
1778603400000,2266.97,2267.92,2255.01,2263.1,82802.436,2026-05-12 16:30:00
1778605200000,2263.11,2275.35,2263.11,2273.78,76967.778,2026-05-12 17:00:00
1778607000000,2273.77,2277.33,2273.12,2275.87,42548.301,2026-05-12 17:30:00
1778608800000,2275.86,2278.37,2273.55,2276.74,32158.782,2026-05-12 18:00:00
1778610600000,2276.74,2284.0,2276.35,2278.62,47429.491,2026-05-12 18:30:00
1778612400000,2278.62,2285.66,2278.36,2281.22,30833.761,2026-05-12 19:00:00
1778614200000,2281.21,2286.59,2281.21,2284.32,24216.165,2026-05-12 19:30:00
1778616000000,2284.33,2286.63,2283.02,2284.48,17248.484,2026-05-12 20:00:00
1778617800000,2284.48,2284.48,2280.34,2284.01,23593.654,2026-05-12 20:30:00
1778619600000,2284.0,2286.78,2283.0,2285.97,16804.666,2026-05-12 21:00:00
1778621400000,2285.98,2286.5,2281.82,2284.38,17244.907,2026-05-12 21:30:00
1778623200000,2284.39,2290.99,2284.39,2285.0,37093.683,2026-05-12 22:00:00
1778625000000,2284.99,2286.17,2281.1,2281.36,15725.604,2026-05-12 22:30:00
1778626800000,2281.35,2283.0,2277.76,2281.99,20000.6,2026-05-12 23:00:00
1778628600000,2281.98,2282.29,2272.18,2274.05,37659.823,2026-05-12 23:30:00
1778630400000,2274.05,2285.8,2272.19,2282.3,34865.211,2026-05-13 00:00:00
1778632200000,2282.31,2285.54,2279.23,2280.55,24919.675,2026-05-13 00:30:00
1778634000000,2280.56,2293.32,2280.01,2290.74,62366.136,2026-05-13 01:00:00
1778635800000,2290.74,2294.98,2287.8,2289.08,51002.491,2026-05-13 01:30:00
1778637600000,2289.09,2299.23,2286.3,2293.98,67626.635,2026-05-13 02:00:00
1778639400000,2293.97,2295.91,2291.7,2293.0,29432.66,2026-05-13 02:30:00
1778641200000,2292.99,2297.5,2291.12,2296.65,32493.357,2026-05-13 03:00:00
1778643000000,2296.66,2302.99,2296.04,2300.77,71256.585,2026-05-13 03:30:00
1778644800000,2300.78,2303.5,2297.32,2300.4,44389.849,2026-05-13 04:00:00
1778646600000,2300.41,2308.91,2300.4,2305.92,67629.599,2026-05-13 04:30:00
1778648400000,2305.92,2306.8,2299.55,2300.82,37198.995,2026-05-13 05:00:00
1778650200000,2300.83,2300.99,2294.0,2296.89,47001.348,2026-05-13 05:30:00
1778652000000,2296.9,2304.3,2296.37,2302.64,32995.592,2026-05-13 06:00:00
1778653800000,2302.65,2304.17,2300.0,2300.82,24060.018,2026-05-13 06:30:00
1778655600000,2300.83,2302.01,2295.78,2297.64,28591.346,2026-05-13 07:00:00
1778657400000,2297.63,2300.75,2296.84,2300.38,18350.693,2026-05-13 07:30:00
1778659200000,2300.37,2304.99,2300.08,2302.1,31099.069,2026-05-13 08:00:00
1778661000000,2302.11,2316.31,2299.75,2316.0,171929.033,2026-05-13 08:30:00
1778662800000,2315.99,2321.88,2313.56,2317.43,126126.128,2026-05-13 09:00:00
1778664600000,2317.42,2322.73,2317.42,2320.08,49784.237,2026-05-13 09:30:00
1778666400000,2320.08,2320.79,2308.0,2309.1,89557.454,2026-05-13 10:00:00
1778668200000,2309.1,2310.5,2303.44,2307.59,64562.212,2026-05-13 10:30:00
1778670000000,2307.58,2308.2,2298.01,2300.3,102930.44,2026-05-13 11:00:00
1778671800000,2300.3,2307.05,2299.0,2301.07,43401.169,2026-05-13 11:30:00
1778673600000,2301.07,2306.88,2291.09,2297.33,91965.57,2026-05-13 12:00:00
1778675400000,2297.33,2297.64,2269.37,2283.49,302379.745,2026-05-13 12:30:00
1778677200000,2283.5,2287.93,2278.59,2278.73,66984.851,2026-05-13 13:00:00
1778679000000,2278.72,2283.0,2257.48,2261.51,289591.181,2026-05-13 13:30:00
1778680800000,2261.52,2269.81,2248.0,2266.77,234884.667,2026-05-13 14:00:00
1778682600000,2266.76,2268.0,2261.1,2266.4,51373.627,2026-05-13 14:30:00
1778684400000,2266.4,2269.18,2250.35,2252.81,123128.14,2026-05-13 15:00:00
1778686200000,2252.81,2255.71,2233.01,2235.75,235534.449,2026-05-13 15:30:00
1778688000000,2235.75,2249.84,2234.02,2248.66,145849.282,2026-05-13 16:00:00
1778689800000,2248.67,2252.8,2246.28,2249.96,66105.797,2026-05-13 16:30:00
1778691600000,2249.95,2258.37,2249.95,2256.43,44073.968,2026-05-13 17:00:00
1778693400000,2256.42,2261.0,2253.56,2257.4,47973.08,2026-05-13 17:30:00
1778695200000,2257.41,2268.0,2257.41,2264.45,55504.499,2026-05-13 18:00:00
1778697000000,2264.44,2266.0,2257.51,2258.49,40543.114,2026-05-13 18:30:00
1778698800000,2258.49,2259.73,2248.34,2253.34,46322.455,2026-05-13 19:00:00
1778700600000,2253.34,2258.33,2253.14,2255.76,17320.073,2026-05-13 19:30:00
1778702400000,2255.75,2261.7,2255.66,2259.41,23710.642,2026-05-13 20:00:00
1778704200000,2259.41,2263.6,2259.4,2262.84,13555.183,2026-05-13 20:30:00
1778706000000,2262.84,2263.14,2252.63,2254.51,22939.828,2026-05-13 21:00:00
1778707800000,2254.5,2258.7,2253.53,2255.03,13027.23,2026-05-13 21:30:00
1778709600000,2255.04,2256.5,2249.6,2253.1,22182.582,2026-05-13 22:00:00
1778711400000,2253.09,2259.75,2251.27,2258.33,19728.651,2026-05-13 22:30:00
1778713200000,2258.32,2260.93,2253.92,2256.61,24786.289,2026-05-13 23:00:00
1778715000000,2256.6,2258.57,2253.46,2257.66,13329.648,2026-05-13 23:30:00
1778716800000,2257.65,2266.92,2257.13,2262.7,41234.688,2026-05-14 00:00:00
1778718600000,2262.7,2268.59,2262.7,2265.48,39603.369,2026-05-14 00:30:00
1778720400000,2265.48,2268.54,2260.32,2261.9,28821.444,2026-05-14 01:00:00
1778722200000,2261.89,2266.36,2258.22,2263.91,30473.887,2026-05-14 01:30:00
1778724000000,2263.91,2265.98,2259.06,2262.58,24752.601,2026-05-14 02:00:00
1778725800000,2262.57,2262.57,2246.04,2250.5,83923.081,2026-05-14 02:30:00
1778727600000,2250.5,2254.24,2237.43,2249.26,120752.722,2026-05-14 03:00:00
1778729400000,2249.26,2251.69,2237.26,2241.0,67947.019,2026-05-14 03:30:00
1778731200000,2241.01,2252.8,2238.29,2250.58,52965.542,2026-05-14 04:00:00
1778733000000,2250.58,2257.65,2250.22,2255.5,38358.107,2026-05-14 04:30:00
1778734800000,2255.49,2260.94,2253.87,2260.12,42435.19,2026-05-14 05:00:00
1778736600000,2260.12,2272.75,2260.12,2267.1,122651.504,2026-05-14 05:30:00
1778738400000,2267.1,2274.54,2266.45,2268.71,85874.271,2026-05-14 06:00:00
1778740200000,2268.72,2269.94,2265.32,2266.53,62130.454,2026-05-14 06:30:00
1778742000000,2266.54,2269.19,2262.33,2265.21,50017.707,2026-05-14 07:00:00
1778743800000,2265.21,2270.02,2263.87,2264.24,32980.327,2026-05-14 07:30:00
1778745600000,2264.24,2269.0,2260.5,2265.13,38422.707,2026-05-14 08:00:00
1778747400000,2265.13,2270.1,2264.05,2265.53,30978.252,2026-05-14 08:30:00
1778749200000,2265.53,2267.0,2258.29,2260.38,43297.721,2026-05-14 09:00:00
1778751000000,2260.37,2260.38,2251.42,2256.77,73224.124,2026-05-14 09:30:00
1778752800000,2256.77,2264.79,2256.0,2262.8,54111.654,2026-05-14 10:00:00
1778754600000,2262.79,2262.8,2254.56,2261.29,39857.345,2026-05-14 10:30:00
1778756400000,2261.3,2263.25,2254.0,2255.85,36449.856,2026-05-14 11:00:00
1778758200000,2255.85,2256.89,2251.55,2252.85,47604.093,2026-05-14 11:30:00
1778760000000,2252.86,2254.85,2247.13,2253.15,59395.217,2026-05-14 12:00:00
1778761800000,2253.15,2262.9,2252.5,2260.67,89011.851,2026-05-14 12:30:00
1778763600000,2260.67,2264.75,2255.06,2260.19,61017.98,2026-05-14 13:00:00
1778765400000,2260.18,2261.53,2247.64,2248.48,114337.809,2026-05-14 13:30:00
1778767200000,2248.48,2268.33,2245.04,2263.99,164781.431,2026-05-14 14:00:00
1778769000000,2263.99,2288.0,2262.23,2285.8,236321.362,2026-05-14 14:30:00
1778770800000,2285.81,2292.31,2279.08,2286.43,166686.062,2026-05-14 15:00:00
1778772600000,2286.44,2298.58,2281.0,2297.35,189831.699,2026-05-14 15:30:00
1778774400000,2297.36,2312.28,2295.58,2305.34,241022.703,2026-05-14 16:00:00
1778776200000,2305.35,2317.88,2292.5,2315.04,197620.358,2026-05-14 16:30:00
1778778000000,2315.04,2318.55,2295.22,2297.5,175307.395,2026-05-14 17:00:00
1778779800000,2297.51,2314.3,2295.82,2307.14,88762.485,2026-05-14 17:30:00
1778781600000,2307.14,2315.88,2302.0,2313.64,88195.719,2026-05-14 18:00:00
1778783400000,2313.64,2313.66,2305.62,2308.35,41433.839,2026-05-14 18:30:00
1778785200000,2308.36,2311.24,2296.5,2296.78,49067.984,2026-05-14 19:00:00
1778787000000,2296.79,2302.12,2296.51,2297.62,34495.766,2026-05-14 19:30:00
1778788800000,2297.62,2300.54,2288.11,2290.28,67733.948,2026-05-14 20:00:00
1778790600000,2290.29,2298.0,2287.52,2297.49,33751.225,2026-05-14 20:30:00
1778792400000,2297.49,2298.58,2288.71,2294.17,31046.311,2026-05-14 21:00:00
1778794200000,2294.17,2299.57,2293.73,2296.16,20379.297,2026-05-14 21:30:00
1778796000000,2296.17,2299.96,2294.17,2295.36,18992.493,2026-05-14 22:00:00
1778797800000,2295.35,2301.53,2295.12,2296.95,16979.143,2026-05-14 22:30:00
1778799600000,2296.95,2296.95,2289.09,2295.11,37687.454,2026-05-14 23:00:00
1778801400000,2295.11,2295.81,2279.63,2282.32,68752.59,2026-05-14 23:30:00
1778803200000,2282.33,2292.79,2280.6,2292.0,52696.54,2026-05-15 00:00:00
1778805000000,2292.0,2299.46,2283.33,2290.24,63369.893,2026-05-15 00:30:00
1778806800000,2290.23,2294.0,2285.01,2285.37,28921.093,2026-05-15 01:00:00
1778808600000,2285.37,2289.25,2272.16,2274.88,106121.603,2026-05-15 01:30:00
1778810400000,2274.89,2277.88,2262.3,2264.05,145579.936,2026-05-15 02:00:00
1778812200000,2264.05,2278.99,2259.44,2275.87,109334.656,2026-05-15 02:30:00
1778814000000,2275.87,2278.73,2270.51,2276.07,40200.373,2026-05-15 03:00:00
1778815800000,2276.08,2276.23,2267.0,2272.42,42748.822,2026-05-15 03:30:00
1778817600000,2272.43,2273.0,2266.0,2267.3,34381.338,2026-05-15 04:00:00
1778819400000,2267.3,2270.0,2261.55,2262.21,43029.435,2026-05-15 04:30:00
1778821200000,2262.21,2266.41,2260.01,2262.91,57784.654,2026-05-15 05:00:00
1778823000000,2262.91,2263.31,2236.33,2244.19,320832.295,2026-05-15 05:30:00
1778824800000,2244.2,2252.16,2242.6,2252.16,73695.417,2026-05-15 06:00:00
1778826600000,2252.15,2255.8,2251.36,2254.14,53738.431,2026-05-15 06:30:00
1778828400000,2254.14,2271.99,2252.5,2265.88,129198.685,2026-05-15 07:00:00
1778830200000,2265.89,2266.58,2262.1,2263.99,46626.679,2026-05-15 07:30:00
1778832000000,2264.0,2264.33,2251.63,2253.0,73719.386,2026-05-15 08:00:00
1778833800000,2253.0,2257.75,2248.13,2256.51,58756.424,2026-05-15 08:30:00
1778835600000,2256.51,2259.0,2252.03,2256.67,37529.281,2026-05-15 09:00:00
1778837400000,2256.67,2258.65,2249.57,2253.36,41274.596,2026-05-15 09:30:00
1778839200000,2253.36,2258.17,2251.24,2253.4,29322.892,2026-05-15 10:00:00
1778841000000,2253.41,2263.61,2251.72,2261.49,54138.964,2026-05-15 10:30:00
1778842800000,2261.5,2263.04,2256.52,2259.18,28943.912,2026-05-15 11:00:00
1778844600000,2259.17,2261.0,2256.48,2256.56,19339.31,2026-05-15 11:30:00
1778846400000,2256.56,2259.98,2250.17,2258.02,55750.304,2026-05-15 12:00:00
1778848200000,2258.03,2258.03,2250.68,2253.32,26675.732,2026-05-15 12:30:00
1778850000000,2253.33,2253.33,2243.67,2246.31,107957.696,2026-05-15 13:00:00
1778851800000,2246.32,2246.75,2208.78,2212.76,608507.094,2026-05-15 13:30:00
1778853600000,2212.76,2223.05,2203.25,2212.45,312757.525,2026-05-15 14:00:00
1778855400000,2212.45,2217.91,2206.45,2212.35,144919.423,2026-05-15 14:30:00
1778857200000,2212.35,2220.73,2208.58,2214.85,78686.147,2026-05-15 15:00:00
1778859000000,2214.84,2223.05,2214.84,2221.67,62177.689,2026-05-15 15:30:00
1778860800000,2221.66,2228.68,2219.55,2227.18,76886.922,2026-05-15 16:00:00
1778862600000,2227.18,2230.0,2217.6,2223.49,65299.109,2026-05-15 16:30:00
1778864400000,2223.5,2233.09,2222.92,2226.47,62296.968,2026-05-15 17:00:00
1778866200000,2226.46,2229.0,2225.24,2228.23,25791.332,2026-05-15 17:30:00
1778868000000,2228.23,2231.8,2223.47,2227.97,41766.83,2026-05-15 18:00:00
1778869800000,2227.98,2228.85,2223.53,2226.91,20482.093,2026-05-15 18:30:00
1778871600000,2226.9,2227.36,2221.21,2224.1,24478.787,2026-05-15 19:00:00
1778873400000,2224.1,2227.17,2221.06,2222.15,17789.776,2026-05-15 19:30:00
1778875200000,2222.15,2225.0,2218.0,2224.25,31707.673,2026-05-15 20:00:00
1778877000000,2224.25,2224.75,2215.5,2219.0,35303.94,2026-05-15 20:30:00
1778878800000,2219.01,2224.3,2218.82,2220.19,17039.922,2026-05-15 21:00:00
1778880600000,2220.18,2221.08,2213.02,2216.05,27663.499,2026-05-15 21:30:00
1778882400000,2216.04,2221.65,2216.0,2220.2,13478.33,2026-05-15 22:00:00
1778884200000,2220.2,2224.02,2219.78,2222.84,11578.301,2026-05-15 22:30:00
1778886000000,2222.83,2224.97,2221.66,2223.99,12261.1,2026-05-15 23:00:00
1778887800000,2223.99,2225.6,2222.03,2223.68,11094.903,2026-05-15 23:30:00
1778889600000,2223.68,2230.6,2222.6,2229.51,30896.916,2026-05-16 00:00:00
1778891400000,2229.5,2230.0,2225.01,2225.88,13743.33,2026-05-16 00:30:00
1778893200000,2225.89,2229.11,2223.13,2223.13,17928.331,2026-05-16 01:00:00
1778895000000,2223.14,2229.83,2222.5,2228.51,22868.289,2026-05-16 01:30:00
1778896800000,2228.5,2230.36,2226.71,2227.13,19471.971,2026-05-16 02:00:00
1778898600000,2227.13,2229.29,2225.61,2228.62,11628.43,2026-05-16 02:30:00
1778900400000,2228.63,2229.49,2228.0,2229.02,11949.496,2026-05-16 03:00:00
1778902200000,2229.02,2229.33,2225.92,2226.75,9869.444,2026-05-16 03:30:00
1778904000000,2226.74,2227.75,2223.83,2224.0,15527.704,2026-05-16 04:00:00
1778905800000,2224.0,2225.37,2216.96,2224.94,44518.293,2026-05-16 04:30:00
1778907600000,2224.94,2226.27,2221.7,2225.47,12723.27,2026-05-16 05:00:00
1778909400000,2225.47,2226.2,2222.92,2224.57,12431.391,2026-05-16 05:30:00
1778911200000,2224.57,2225.95,2217.06,2219.31,31938.146,2026-05-16 06:00:00
1778913000000,2219.3,2221.3,2208.39,2214.62,89261.505,2026-05-16 06:30:00
1778914800000,2214.62,2215.74,2180.3,2191.81,412320.081,2026-05-16 07:00:00
1778916600000,2191.81,2199.74,2188.0,2193.36,98225.428,2026-05-16 07:30:00
1778918400000,2193.35,2196.0,2191.0,2194.11,34967.502,2026-05-16 08:00:00
1778920200000,2194.11,2195.5,2191.52,2192.21,21508.923,2026-05-16 08:30:00
1778922000000,2192.2,2192.9,2160.01,2169.66,330847.788,2026-05-16 09:00:00
1778923800000,2169.66,2176.74,2169.0,2172.42,69218.581,2026-05-16 09:30:00
1778925600000,2172.42,2173.47,2161.05,2166.0,107637.058,2026-05-16 10:00:00
1778927400000,2166.01,2174.32,2165.91,2173.41,65375.361,2026-05-16 10:30:00
1778929200000,2173.41,2178.6,2173.41,2177.8,50546.519,2026-05-16 11:00:00
1778931000000,2177.81,2180.54,2175.03,2175.4,32436.467,2026-05-16 11:30:00
1778932800000,2175.4,2178.01,2172.25,2174.89,37564.64,2026-05-16 12:00:00
1778934600000,2174.89,2178.6,2174.89,2175.5,16717.323,2026-05-16 12:30:00
1778936400000,2175.51,2176.98,2171.21,2176.17,36971.865,2026-05-16 13:00:00
1778938200000,2176.17,2179.89,2172.3,2176.28,30924.558,2026-05-16 13:30:00
1778940000000,2176.29,2178.28,2172.6,2175.92,21443.381,2026-05-16 14:00:00
1778941800000,2175.92,2187.99,2175.92,2179.08,84831.662,2026-05-16 14:30:00
1778943600000,2179.09,2183.28,2176.0,2177.01,33163.6,2026-05-16 15:00:00
1778945400000,2177.01,2182.8,2177.01,2179.24,25789.179,2026-05-16 15:30:00
1778947200000,2179.24,2182.79,2173.49,2176.53,44818.907,2026-05-16 16:00:00
1778949000000,2176.53,2177.12,2169.09,2173.45,44575.494,2026-05-16 16:30:00
1778950800000,2173.45,2178.38,2173.3,2177.89,19435.493,2026-05-16 17:00:00
1778952600000,2177.89,2180.23,2177.28,2177.93,16272.069,2026-05-16 17:30:00
1778954400000,2177.93,2180.19,2175.14,2177.34,14331.07,2026-05-16 18:00:00
1778956200000,2177.35,2184.32,2176.89,2180.47,20711.9,2026-05-16 18:30:00
1778958000000,2180.47,2181.08,2178.61,2180.16,9530.947,2026-05-16 19:00:00
1778959800000,2180.16,2181.95,2178.07,2178.79,9639.611,2026-05-16 19:30:00
1778961600000,2178.79,2182.47,2178.79,2180.81,10402.012,2026-05-16 20:00:00
1778963400000,2180.81,2181.21,2178.88,2180.39,8485.959,2026-05-16 20:30:00
1778965200000,2180.39,2182.5,2179.84,2181.04,8164.031,2026-05-16 21:00:00
1778967000000,2181.05,2182.7,2180.16,2181.67,8407.251,2026-05-16 21:30:00
1778968800000,2181.67,2182.53,2178.79,2181.06,10831.2,2026-05-16 22:00:00
1778970600000,2181.06,2181.54,2179.02,2179.21,9155.842,2026-05-16 22:30:00
1778972400000,2179.21,2181.99,2178.14,2180.87,10520.091,2026-05-16 23:00:00
1778974200000,2180.87,2181.87,2178.83,2179.7,10144.013,2026-05-16 23:30:00
1778976000000,2179.69,2184.95,2179.69,2182.82,22246.129,2026-05-17 00:00:00
1778977800000,2182.83,2183.12,2172.12,2176.67,33287.672,2026-05-17 00:30:00
1778979600000,2176.66,2182.65,2173.0,2176.55,42245.201,2026-05-17 01:00:00
1778981400000,2176.56,2177.0,2167.02,2168.42,92303.937,2026-05-17 01:30:00
1778983200000,2168.43,2174.75,2168.25,2174.0,31192.656,2026-05-17 02:00:00
1778985000000,2174.0,2175.33,2171.41,2173.5,22338.365,2026-05-17 02:30:00
1778986800000,2173.51,2178.63,2173.13,2177.54,31642.702,2026-05-17 03:00:00
1778988600000,2177.54,2183.71,2177.12,2180.67,38853.145,2026-05-17 03:30:00
1778990400000,2180.67,2187.0,2180.07,2184.79,41177.198,2026-05-17 04:00:00
1778992200000,2184.79,2189.5,2182.5,2186.3,53202.078,2026-05-17 04:30:00
1778994000000,2186.3,2194.99,2185.75,2187.34,58067.17,2026-05-17 05:00:00
1778995800000,2187.33,2189.09,2184.17,2184.56,25233.524,2026-05-17 05:30:00
1778997600000,2184.56,2186.9,2180.16,2182.99,27988.495,2026-05-17 06:00:00
1778999400000,2183.0,2184.66,2181.47,2184.11,13619.131,2026-05-17 06:30:00
1779001200000,2184.11,2185.47,2181.3,2183.89,20475.421,2026-05-17 07:00:00
1779003000000,2183.9,2187.46,2183.0,2185.52,24321.517,2026-05-17 07:30:00
1779004800000,2185.51,2186.45,2182.13,2183.62,14318.441,2026-05-17 08:00:00
1779006600000,2183.62,2185.59,2183.15,2185.15,9130.372,2026-05-17 08:30:00
1779008400000,2185.14,2189.12,2184.88,2188.24,23179.144,2026-05-17 09:00:00
1779010200000,2188.24,2190.5,2186.0,2189.0,19029.867,2026-05-17 09:30:00
1779012000000,2189.01,2197.77,2189.0,2194.62,96334.755,2026-05-17 10:00:00
1779013800000,2194.62,2197.0,2191.48,2193.4,32608.664,2026-05-17 10:30:00
1779015600000,2193.4,2193.75,2187.45,2187.86,29415.146,2026-05-17 11:00:00
1779017400000,2187.87,2193.46,2187.0,2191.1,20609.59,2026-05-17 11:30:00
1779019200000,2191.09,2193.88,2190.35,2192.94,16125.043,2026-05-17 12:00:00
1779021000000,2192.93,2197.15,2192.42,2193.4,33731.093,2026-05-17 12:30:00
1779022800000,2193.39,2194.14,2186.2,2191.0,42993.167,2026-05-17 13:00:00
1779024600000,2190.99,2194.02,2189.15,2191.09,25067.013,2026-05-17 13:30:00
1779026400000,2191.1,2191.49,2177.0,2186.47,119801.562,2026-05-17 14:00:00
1779028200000,2186.47,2188.21,2182.47,2185.68,24491.492,2026-05-17 14:30:00
1779030000000,2185.67,2187.79,2180.0,2182.0,28136.061,2026-05-17 15:00:00
1779031800000,2182.0,2186.49,2182.0,2185.34,17564.262,2026-05-17 15:30:00
1779033600000,2185.35,2188.14,2182.32,2186.0,27209.456,2026-05-17 16:00:00
1779035400000,2186.0,2187.32,2181.33,2181.66,17626.24,2026-05-17 16:30:00
1779037200000,2181.66,2183.0,2175.17,2178.9,54517.26,2026-05-17 17:00:00
1779039000000,2178.9,2184.0,2175.62,2182.81,32105.828,2026-05-17 17:30:00
1779040800000,2182.82,2187.2,2178.0,2182.95,29139.506,2026-05-17 18:00:00
1779042600000,2182.95,2187.72,2181.61,2187.4,18637.253,2026-05-17 18:30:00
1779044400000,2187.41,2190.76,2186.24,2187.8,21214.87,2026-05-17 19:00:00
1779046200000,2187.8,2193.0,2187.8,2191.26,18831.63,2026-05-17 19:30:00
1779048000000,2191.26,2192.96,2185.69,2188.0,14059.281,2026-05-17 20:00:00
1779049800000,2187.99,2190.0,2186.56,2188.26,7592.297,2026-05-17 20:30:00
1779051600000,2188.26,2192.36,2186.04,2191.35,12313.786,2026-05-17 21:00:00
1779053400000,2191.36,2194.15,2190.25,2190.75,12625.139,2026-05-17 21:30:00
1779055200000,2190.75,2190.75,2176.19,2180.28,65438.647,2026-05-17 22:00:00
1779057000000,2180.28,2184.05,2172.02,2178.84,42831.122,2026-05-17 22:30:00
1779058800000,2178.85,2179.0,2165.29,2170.11,100435.757,2026-05-17 23:00:00
1779060600000,2170.11,2172.19,2081.14,2129.6,793711.245,2026-05-17 23:30:00
1779062400000,2129.6,2130.63,2105.39,2112.0,208137.533,2026-05-18 00:00:00
1779064200000,2112.01,2114.92,2102.42,2114.57,125021.575,2026-05-18 00:30:00
1779066000000,2114.57,2119.48,2105.25,2110.11,102116.913,2026-05-18 01:00:00
1779067800000,2110.11,2120.55,2106.2,2116.59,79349.361,2026-05-18 01:30:00
1779069600000,2116.59,2123.33,2114.65,2119.11,59131.72,2026-05-18 02:00:00
1779071400000,2119.12,2120.43,2111.46,2115.4,58228.021,2026-05-18 02:30:00
1779073200000,2115.41,2122.8,2114.81,2119.01,57193.514,2026-05-18 03:00:00
1779075000000,2119.01,2120.92,2114.7,2117.38,31929.462,2026-05-18 03:30:00
1779076800000,2117.37,2121.65,2113.22,2114.86,41922.084,2026-05-18 04:00:00
1779078600000,2114.86,2124.77,2113.55,2123.74,44284.565,2026-05-18 04:30:00
1779080400000,2123.74,2124.7,2118.49,2122.99,36407.74,2026-05-18 05:00:00
1779082200000,2123.0,2124.5,2116.0,2117.52,36710.773,2026-05-18 05:30:00
1779084000000,2117.52,2120.3,2108.01,2112.26,108919.405,2026-05-18 06:00:00
1779085800000,2112.26,2118.78,2109.0,2117.93,60327.167,2026-05-18 06:30:00
1779087600000,2117.94,2120.91,2110.7,2118.81,57258.855,2026-05-18 07:00:00
1779089400000,2118.81,2123.0,2114.06,2119.52,50305.179,2026-05-18 07:30:00
1779091200000,2119.53,2122.86,2118.74,2120.01,35191.439,2026-05-18 08:00:00
1779093000000,2120.02,2120.99,2116.33,2120.16,24247.128,2026-05-18 08:30:00
1779094800000,2120.15,2120.52,2114.67,2116.76,27521.798,2026-05-18 09:00:00
1779096600000,2116.77,2119.3,2115.03,2115.89,18656.218,2026-05-18 09:30:00
1779098400000,2115.88,2116.59,2111.5,2115.07,51916.02,2026-05-18 10:00:00
1779100200000,2115.06,2116.66,2112.32,2113.5,28814.318,2026-05-18 10:30:00
1779102000000,2113.51,2115.6,2109.19,2113.65,36377.994,2026-05-18 11:00:00
1779103800000,2113.65,2139.76,2112.09,2133.11,225859.592,2026-05-18 11:30:00
1779105600000,2133.11,2149.67,2133.11,2143.94,184804.096,2026-05-18 12:00:00
1779107400000,2143.94,2156.71,2141.57,2150.0,162872.209,2026-05-18 12:30:00
1779109200000,2150.0,2150.64,2141.35,2141.59,87897.329,2026-05-18 13:00:00
1779111000000,2141.59,2141.74,2119.06,2130.06,287782.33,2026-05-18 13:30:00
1779112800000,2130.05,2130.2,2111.53,2116.48,182436.57,2026-05-18 14:00:00
1779114600000,2116.47,2118.12,2096.17,2109.41,259277.03,2026-05-18 14:30:00
1779116400000,2109.41,2110.66,2091.78,2096.83,233729.084,2026-05-18 15:00:00
1779118200000,2096.83,2109.94,2092.18,2106.72,103972.553,2026-05-18 15:30:00
1779120000000,2106.72,2110.93,2091.2,2092.63,109470.84,2026-05-18 16:00:00
1779121800000,2092.64,2101.82,2088.9,2096.87,111584.044,2026-05-18 16:30:00
1779123600000,2096.86,2107.57,2094.19,2106.6,61784.889,2026-05-18 17:00:00
1779125400000,2106.6,2109.61,2102.3,2107.3,36429.185,2026-05-18 17:30:00
1779127200000,2107.3,2108.34,2076.01,2087.54,216833.037,2026-05-18 18:00:00
1779129000000,2087.54,2091.55,2078.37,2080.17,89931.273,2026-05-18 18:30:00
1779130800000,2080.17,2112.98,2078.1,2105.04,230111.825,2026-05-18 19:00:00
1779132600000,2105.03,2127.94,2104.19,2124.4,161088.135,2026-05-18 19:30:00
1779134400000,2124.41,2129.0,2122.01,2127.76,47126.985,2026-05-18 20:00:00
1779136200000,2127.76,2130.6,2113.69,2116.61,71762.221,2026-05-18 20:30:00
1779138000000,2116.6,2132.7,2113.32,2129.92,50216.991,2026-05-18 21:00:00
1779139800000,2129.92,2142.0,2129.92,2136.12,77743.118,2026-05-18 21:30:00
1779141600000,2136.13,2142.0,2132.18,2138.56,45537.972,2026-05-18 22:00:00
1779143400000,2138.57,2140.62,2128.49,2134.5,46084.651,2026-05-18 22:30:00
1779145200000,2134.51,2137.95,2131.5,2131.61,25493.633,2026-05-18 23:00:00
1779147000000,2131.61,2133.68,2126.22,2129.03,35516.023,2026-05-18 23:30:00
1779148800000,2129.03,2146.61,2127.16,2138.7,70614.438,2026-05-19 00:00:00
1779150600000,2138.69,2141.4,2134.1,2134.98,41205.312,2026-05-19 00:30:00
1779152400000,2134.97,2137.28,2122.22,2124.8,72908.735,2026-05-19 01:00:00
1779154200000,2124.83,2132.0,2122.73,2123.92,51321.667,2026-05-19 01:30:00
1779156000000,2123.91,2135.0,2118.21,2130.15,87722.257,2026-05-19 02:00:00
1779157800000,2130.15,2130.7,2121.13,2122.3,44761.715,2026-05-19 02:30:00
1779159600000,2122.29,2131.92,2121.13,2127.39,39501.652,2026-05-19 03:00:00
1779161400000,2127.39,2133.84,2127.39,2130.62,30894.913,2026-05-19 03:30:00
1779163200000,2130.62,2136.0,2126.81,2128.66,51414.676,2026-05-19 04:00:00
1779165000000,2128.66,2134.31,2128.29,2132.64,25045.054,2026-05-19 04:30:00
1779166800000,2132.63,2133.33,2122.42,2129.17,54407.338,2026-05-19 05:00:00
1779168600000,2129.17,2136.49,2127.54,2134.02,51838.397,2026-05-19 05:30:00
1779170400000,2134.03,2135.72,2131.2,2134.32,29553.786,2026-05-19 06:00:00
1779172200000,2134.32,2139.38,2133.0,2136.33,39928.744,2026-05-19 06:30:00
1779174000000,2136.33,2141.0,2134.11,2137.62,41467.098,2026-05-19 07:00:00
1779175800000,2137.63,2144.0,2136.88,2139.85,48019.637,2026-05-19 07:30:00
1779177600000,2139.86,2140.4,2129.61,2132.85,61845.83,2026-05-19 08:00:00
1779179400000,2132.86,2140.58,2131.91,2132.27,38434.585,2026-05-19 08:30:00
1779181200000,2132.27,2133.26,2113.64,2115.01,148593.421,2026-05-19 09:00:00
1779183000000,2115.0,2118.46,2110.3,2113.65,89270.95,2026-05-19 09:30:00
1779184800000,2113.66,2115.93,2107.24,2115.7,69258.699,2026-05-19 10:00:00
1779186600000,2115.7,2121.49,2105.6,2117.74,135448.379,2026-05-19 10:30:00
1779188400000,2117.74,2119.63,2112.01,2114.15,44256.445,2026-05-19 11:00:00
1779190200000,2114.15,2115.19,2108.28,2109.97,41330.314,2026-05-19 11:30:00
1779192000000,2109.97,2116.56,2107.76,2116.23,36524.251,2026-05-19 12:00:00
1779193800000,2116.21,2118.8,2115.75,2117.51,29642.733,2026-05-19 12:30:00
1779195600000,2117.5,2119.09,2106.77,2107.39,89631.878,2026-05-19 13:00:00
1779197400000,2107.4,2126.82,2106.61,2118.04,214529.95,2026-05-19 13:30:00
1779199200000,2118.04,2122.73,2097.66,2106.19,257225.092,2026-05-19 14:00:00
1779201000000,2106.2,2111.58,2092.4,2105.69,149557.91,2026-05-19 14:30:00
1779202800000,2105.68,2112.32,2102.59,2105.55,79837.49,2026-05-19 15:00:00
1779204600000,2105.55,2112.99,2104.99,2109.28,49226.081,2026-05-19 15:30:00
1779206400000,2109.28,2111.74,2106.02,2111.29,40552.243,2026-05-19 16:00:00
1779208200000,2111.28,2121.36,2111.0,2119.99,89618.216,2026-05-19 16:30:00
1779210000000,2120.0,2124.34,2117.76,2118.72,55585.888,2026-05-19 17:00:00
1779211800000,2118.72,2119.79,2111.68,2114.86,51561.756,2026-05-19 17:30:00
1779213600000,2114.86,2118.8,2110.59,2111.79,32413.758,2026-05-19 18:00:00
1779215400000,2111.79,2116.88,2109.72,2114.05,24975.066,2026-05-19 18:30:00
1779217200000,2114.06,2122.21,2110.47,2111.45,36138.269,2026-05-19 19:00:00
1779219000000,2111.46,2115.41,2109.32,2112.39,31608.999,2026-05-19 19:30:00
1779220800000,2112.38,2116.17,2111.5,2114.9,11567.692,2026-05-19 20:00:00
1779222600000,2114.89,2118.0,2114.42,2117.39,10140.948,2026-05-19 20:30:00
1779224400000,2117.4,2119.73,2115.85,2117.7,12351.661,2026-05-19 21:00:00
1779226200000,2117.69,2119.8,2115.85,2116.23,8629.866,2026-05-19 21:30:00
1779228000000,2116.23,2116.23,2102.3,2103.26,58783.886,2026-05-19 22:00:00
1779229800000,2103.26,2107.5,2101.5,2105.27,25976.303,2026-05-19 22:30:00
1779231600000,2105.28,2115.65,2103.63,2115.01,34245.825,2026-05-19 23:00:00
1779233400000,2115.02,2117.83,2110.5,2110.93,42328.464,2026-05-19 23:30:00
1779235200000,2110.93,2113.26,2102.37,2108.35,52793.124,2026-05-20 00:00:00
1779237000000,2108.36,2115.86,2106.0,2110.56,38863.553,2026-05-20 00:30:00
1779238800000,2110.55,2116.23,2102.21,2102.93,46534.838,2026-05-20 01:00:00
1779240600000,2102.93,2118.26,2102.5,2114.2,60343.317,2026-05-20 01:30:00
1779242400000,2114.2,2116.29,2110.48,2111.37,25431.371,2026-05-20 02:00:00
1779244200000,2111.37,2111.4,2105.3,2108.54,33689.821,2026-05-20 02:30:00
1779246000000,2108.53,2115.36,2105.13,2114.3,36635.205,2026-05-20 03:00:00
1779247800000,2114.3,2114.5,2109.3,2110.73,16178.733,2026-05-20 03:30:00
1779249600000,2110.74,2113.9,2110.74,2112.11,16244.445,2026-05-20 04:00:00
1779251400000,2112.1,2112.46,2106.2,2112.38,23038.832,2026-05-20 04:30:00
1779253200000,2112.39,2126.7,2112.38,2123.05,124555.871,2026-05-20 05:00:00
1779255000000,2123.06,2129.66,2123.06,2124.66,65716.416,2026-05-20 05:30:00
1779256800000,2124.65,2132.45,2124.39,2128.26,52457.208,2026-05-20 06:00:00
1779258600000,2128.27,2133.36,2125.48,2132.91,48103.407,2026-05-20 06:30:00
1779260400000,2132.91,2135.53,2128.48,2133.23,56130.034,2026-05-20 07:00:00
1779262200000,2133.23,2133.71,2127.01,2128.6,46048.519,2026-05-20 07:30:00
1779264000000,2128.59,2131.58,2126.7,2130.43,42162.839,2026-05-20 08:00:00
1779265800000,2130.43,2137.14,2130.0,2130.46,77538.403,2026-05-20 08:30:00
1779267600000,2130.45,2131.37,2126.5,2130.38,36714.272,2026-05-20 09:00:00
1779269400000,2130.39,2132.0,2127.3,2128.38,20871.806,2026-05-20 09:30:00
1779271200000,2128.38,2133.0,2128.37,2132.36,29851.732,2026-05-20 10:00:00
1779273000000,2132.36,2135.95,2129.54,2129.55,36269.395,2026-05-20 10:30:00
1779274800000,2129.55,2131.0,2126.98,2126.99,26263.383,2026-05-20 11:00:00
1779276600000,2126.98,2129.68,2123.13,2127.32,52409.266,2026-05-20 11:30:00
1779278400000,2127.31,2132.2,2125.88,2129.98,38849.157,2026-05-20 12:00:00
1779280200000,2129.99,2139.63,2129.8,2133.0,55619.423,2026-05-20 12:30:00
1779282000000,2133.0,2134.53,2124.38,2125.81,46038.047,2026-05-20 13:00:00
1779283800000,2125.8,2128.0,2113.85,2119.96,201151.509,2026-05-20 13:30:00
1779285600000,2119.96,2139.0,2112.35,2130.5,202581.901,2026-05-20 14:00:00
1779287400000,2130.5,2137.85,2127.5,2134.01,97954.297,2026-05-20 14:30:00
1779289200000,2134.0,2148.57,2128.0,2138.07,198859.627,2026-05-20 15:00:00
1779291000000,2138.07,2140.15,2131.29,2135.88,67126.986,2026-05-20 15:30:00
1779292800000,2135.87,2139.83,2123.0,2126.01,91053.939,2026-05-20 16:00:00
1779294600000,2126.0,2136.92,2124.1,2134.36,57174.484,2026-05-20 16:30:00
1779296400000,2134.35,2147.64,2131.04,2144.25,90215.641,2026-05-20 17:00:00
1779298200000,2144.25,2148.0,2138.45,2139.34,61157.783,2026-05-20 17:30:00
1779300000000,2139.34,2140.33,2131.78,2134.6,59133.024,2026-05-20 18:00:00
1779301800000,2134.61,2136.67,2130.01,2131.24,28520.375,2026-05-20 18:30:00
1779303600000,2131.23,2137.0,2128.06,2136.8,34899.645,2026-05-20 19:00:00
1779305400000,2136.8,2141.29,2136.0,2138.42,40769.155,2026-05-20 19:30:00
1779307200000,2138.41,2140.0,2128.28,2135.8,53511.299,2026-05-20 20:00:00
1779309000000,2135.8,2136.32,2133.0,2135.01,16081.366,2026-05-20 20:30:00
1779310800000,2135.01,2137.81,2132.14,2132.19,10045.601,2026-05-20 21:00:00
1779312600000,2132.19,2133.3,2129.6,2129.94,15137.651,2026-05-20 21:30:00
1779314400000,2129.93,2129.93,2117.31,2125.45,80474.502,2026-05-20 22:00:00
1779316200000,2125.45,2127.81,2122.26,2127.19,17137.955,2026-05-20 22:30:00
1779318000000,2127.2,2127.2,2121.57,2124.4,22696.621,2026-05-20 23:00:00
1779319800000,2124.4,2129.64,2123.7,2128.66,17920.794,2026-05-20 23:30:00
1779321600000,2128.67,2134.37,2127.61,2134.35,33055.822,2026-05-21 00:00:00
1779323400000,2134.36,2144.3,2132.71,2142.01,63287.343,2026-05-21 00:30:00
1779325200000,2142.0,2158.07,2141.0,2142.29,159357.259,2026-05-21 01:00:00
1779327000000,2142.29,2145.92,2138.19,2140.17,51443.869,2026-05-21 01:30:00
1779328800000,2140.18,2147.32,2138.64,2144.22,44505.66,2026-05-21 02:00:00
1779330600000,2144.22,2145.75,2140.68,2140.93,17039.395,2026-05-21 02:30:00
1779332400000,2140.94,2145.62,2139.85,2144.59,23419.896,2026-05-21 03:00:00
1779334200000,2144.6,2146.18,2143.58,2144.9,14007.506,2026-05-21 03:30:00
1779336000000,2144.9,2148.34,2143.04,2144.41,27347.561,2026-05-21 04:00:00
1779337800000,2144.4,2145.0,2141.64,2143.91,13569.91,2026-05-21 04:30:00
1779339600000,2143.91,2147.22,2140.5,2140.87,34703.53,2026-05-21 05:00:00
1779341400000,2140.87,2141.0,2131.67,2135.64,54546.727,2026-05-21 05:30:00
1779343200000,2135.64,2137.84,2132.0,2134.42,45805.63,2026-05-21 06:00:00
1779345000000,2134.42,2136.28,2126.7,2127.85,73374.222,2026-05-21 06:30:00
1779346800000,2127.85,2130.25,2123.03,2128.01,76985.056,2026-05-21 07:00:00
1779348600000,2128.01,2136.31,2128.0,2134.05,53622.717,2026-05-21 07:30:00
1779350400000,2134.04,2147.73,2134.0,2140.57,136546.013,2026-05-21 08:00:00
1779352200000,2140.56,2140.62,2134.81,2137.01,34096.649,2026-05-21 08:30:00
1779354000000,2137.0,2139.9,2135.63,2136.67,24927.608,2026-05-21 09:00:00
1779355800000,2136.68,2137.36,2126.78,2127.12,74092.602,2026-05-21 09:30:00
1779357600000,2127.12,2129.45,2110.19,2115.91,186139.968,2026-05-21 10:00:00
1779359400000,2115.91,2119.0,2108.62,2113.49,140020.455,2026-05-21 10:30:00
1779361200000,2113.49,2118.88,2110.85,2117.26,54669.208,2026-05-21 11:00:00
1779363000000,2117.25,2119.14,2113.87,2114.2,35150.143,2026-05-21 11:30:00
1779364800000,2114.2,2115.92,2111.29,2112.32,40960.469,2026-05-21 12:00:00
1779366600000,2112.32,2118.87,2111.23,2116.32,54656.406,2026-05-21 12:30:00
1779368400000,2116.32,2119.1,2114.38,2118.6,31728.967,2026-05-21 13:00:00
1779370200000,2118.61,2124.22,2103.18,2119.51,223647.769,2026-05-21 13:30:00
1779372000000,2119.5,2124.52,2109.19,2119.48,125162.288,2026-05-21 14:00:00
1779373800000,2119.49,2124.91,2114.73,2121.14,63879.948,2026-05-21 14:30:00
1779375600000,2121.14,2136.5,2118.13,2134.86,154951.142,2026-05-21 15:00:00
1779377400000,2134.85,2137.5,2125.31,2131.36,93443.203,2026-05-21 15:30:00
1779379200000,2131.35,2135.45,2127.01,2129.85,52807.056,2026-05-21 16:00:00
1779381000000,2129.85,2133.36,2121.56,2126.95,59103.167,2026-05-21 16:30:00
1779382800000,2126.95,2147.71,2124.95,2146.51,202455.869,2026-05-21 17:00:00
1779384600000,2146.52,2153.0,2141.34,2145.76,146889.12,2026-05-21 17:30:00
1779386400000,2145.77,2147.2,2137.72,2138.72,73200.217,2026-05-21 18:00:00
1779388200000,2138.71,2140.38,2120.0,2126.19,139285.337,2026-05-21 18:30:00
1779390000000,2126.18,2134.3,2125.58,2132.86,61473.812,2026-05-21 19:00:00
1779391800000,2132.85,2145.2,2132.85,2142.09,53685.855,2026-05-21 19:30:00
1779393600000,2142.1,2142.72,2136.76,2137.5,30891.077,2026-05-21 20:00:00
1779395400000,2137.5,2141.0,2136.14,2137.87,16705.883,2026-05-21 20:30:00
1779397200000,2137.87,2140.26,2136.71,2138.18,14774.351,2026-05-21 21:00:00
1779399000000,2138.18,2138.35,2133.17,2134.63,15430.158,2026-05-21 21:30:00
1779400800000,2134.63,2136.13,2131.69,2133.78,20812.728,2026-05-21 22:00:00
1779402600000,2133.79,2135.0,2129.63,2130.7,17991.938,2026-05-21 22:30:00
1779404400000,2130.69,2133.49,2126.06,2132.11,28319.624,2026-05-21 23:00:00
1779406200000,2132.11,2136.28,2131.76,2132.91,21711.743,2026-05-21 23:30:00
1779408000000,2132.9,2133.42,2128.85,2130.58,20589.504,2026-05-22 00:00:00
1779409800000,2130.58,2134.35,2128.12,2128.32,26163.807,2026-05-22 00:30:00
1779411600000,2128.33,2133.0,2126.48,2128.59,21781.478,2026-05-22 01:00:00
1779413400000,2128.59,2136.44,2124.59,2134.98,39083.331,2026-05-22 01:30:00
1779415200000,2134.99,2139.2,2134.21,2136.2,30768.234,2026-05-22 02:00:00
1779417000000,2136.19,2138.8,2132.86,2136.95,22508.244,2026-05-22 02:30:00
1779418800000,2136.95,2140.61,2134.09,2136.8,20758.746,2026-05-22 03:00:00
1779420600000,2136.8,2138.09,2135.95,2137.08,12278.213,2026-05-22 03:30:00
1779422400000,2137.09,2140.58,2136.3,2136.76,27382.608,2026-05-22 04:00:00
1779424200000,2136.76,2137.0,2131.56,2132.83,26300.78,2026-05-22 04:30:00
1779426000000,2132.83,2135.28,2129.26,2131.38,26834.557,2026-05-22 05:00:00
1779427800000,2131.39,2133.36,2126.43,2128.57,35128.676,2026-05-22 05:30:00
1779429600000,2128.57,2130.33,2125.82,2127.0,38147.293,2026-05-22 06:00:00
1779431400000,2127.01,2127.76,2123.04,2124.98,45442.281,2026-05-22 06:30:00
1779433200000,2124.97,2131.4,2121.22,2130.5,58254.665,2026-05-22 07:00:00
1779435000000,2130.5,2132.0,2127.6,2127.6,23525.589,2026-05-22 07:30:00
1779436800000,2127.61,2132.8,2125.01,2131.28,32640.034,2026-05-22 08:00:00
1779438600000,2131.29,2131.8,2119.0,2121.65,83093.142,2026-05-22 08:30:00
1779440400000,2121.65,2123.7,2118.26,2121.62,51624.001,2026-05-22 09:00:00
1779442200000,2121.61,2124.74,2119.0,2123.18,27628.677,2026-05-22 09:30:00
1779444000000,2123.17,2124.53,2120.26,2123.43,16561.303,2026-05-22 10:00:00
1779445800000,2123.42,2124.86,2121.35,2122.43,13171.737,2026-05-22 10:30:00
1779447600000,2122.43,2124.62,2119.2,2123.66,24396.48,2026-05-22 11:00:00
1779449400000,2123.66,2129.99,2123.65,2129.71,43574.731,2026-05-22 11:30:00
1779451200000,2129.71,2137.42,2128.12,2130.46,80315.275,2026-05-22 12:00:00
1779453000000,2130.45,2134.5,2128.92,2133.91,30150.044,2026-05-22 12:30:00
1779454800000,2133.91,2134.5,2128.35,2128.35,42271.615,2026-05-22 13:00:00
1779456600000,2128.36,2131.7,2122.65,2129.04,84207.626,2026-05-22 13:30:00
1779458400000,2129.04,2129.04,2111.2,2117.3,152981.173,2026-05-22 14:00:00
1779460200000,2117.3,2120.84,2115.2,2116.0,57536.399,2026-05-22 14:30:00
1779462000000,2116.0,2122.49,2111.11,2120.25,89457.108,2026-05-22 15:00:00
1779463800000,2120.26,2124.99,2115.41,2118.72,61355.438,2026-05-22 15:30:00
1779465600000,2118.72,2122.18,2117.31,2119.91,32729.824,2026-05-22 16:00:00
1779467400000,2119.91,2123.22,2118.16,2122.13,23120.511,2026-05-22 16:30:00
1779469200000,2122.13,2128.77,2118.38,2127.79,67709.876,2026-05-22 17:00:00
1779471000000,2127.8,2129.59,2118.32,2118.8,56332.222,2026-05-22 17:30:00
1779472800000,2118.8,2120.89,2114.32,2117.76,39846.483,2026-05-22 18:00:00
1779474600000,2117.76,2118.14,2083.0,2099.21,354575.662,2026-05-22 18:30:00
1779476400000,2099.22,2102.42,2081.16,2084.48,125730.094,2026-05-22 19:00:00
1779478200000,2084.47,2085.11,2055.58,2064.72,449254.419,2026-05-22 19:30:00
1779480000000,2064.72,2075.42,2063.52,2072.12,69391.459,2026-05-22 20:00:00
1779481800000,2072.12,2078.0,2065.76,2072.36,99142.052,2026-05-22 20:30:00
1779483600000,2072.36,2074.95,2070.63,2074.95,27885.023,2026-05-22 21:00:00
1779485400000,2074.95,2078.8,2073.71,2077.2,32806.757,2026-05-22 21:30:00
1779487200000,2077.2,2078.79,2071.34,2071.87,32351.005,2026-05-22 22:00:00
1779489000000,2071.86,2074.06,2065.0,2071.89,49327.353,2026-05-22 22:30:00
1779490800000,2071.9,2076.46,2068.0,2068.0,32186.278,2026-05-22 23:00:00
1779492600000,2068.0,2073.53,2055.8,2065.14,93067.822,2026-05-22 23:30:00
1779494400000,2065.15,2069.8,2062.4,2067.5,65786.111,2026-05-23 00:00:00
1779496200000,2067.5,2067.53,2050.34,2064.01,114365.963,2026-05-23 00:30:00
1779498000000,2064.01,2068.53,2062.0,2067.7,39750.279,2026-05-23 01:00:00
1779499800000,2067.7,2069.63,2062.97,2068.11,24900.399,2026-05-23 01:30:00
1779501600000,2068.12,2069.82,2064.6,2065.81,23950.072,2026-05-23 02:00:00
1779503400000,2065.81,2068.4,2063.8,2067.43,15253.414,2026-05-23 02:30:00
1779505200000,2067.42,2069.7,2067.24,2069.06,19085.799,2026-05-23 03:00:00
1779507000000,2069.06,2071.33,2069.0,2070.02,19018.825,2026-05-23 03:30:00
1779508800000,2070.02,2070.21,2065.71,2066.19,23958.994,2026-05-23 04:00:00
1779510600000,2066.19,2068.75,2064.5,2066.2,18443.573,2026-05-23 04:30:00
1779512400000,2066.2,2067.05,2061.0,2062.81,31940.334,2026-05-23 05:00:00
1779514200000,2062.8,2065.67,2062.67,2064.16,13194.361,2026-05-23 05:30:00
1779516000000,2064.16,2064.94,2061.36,2061.57,16767.129,2026-05-23 06:00:00
1779517800000,2061.56,2063.26,2059.63,2061.0,26045.482,2026-05-23 06:30:00
1779519600000,2060.99,2062.41,2055.18,2057.47,48783.192,2026-05-23 07:00:00
1779521400000,2057.47,2059.44,2006.47,2027.74,680390.991,2026-05-23 07:30:00
1779523200000,2027.74,2031.45,2021.7,2026.5,124277.335,2026-05-23 08:00:00
1779525000000,2026.49,2030.0,2020.2,2029.51,88019.379,2026-05-23 08:30:00
1779526800000,2029.5,2030.31,2027.43,2028.51,32854.766,2026-05-23 09:00:00
1779528600000,2028.5,2029.37,2026.17,2026.5,29351.312,2026-05-23 09:30:00
1779530400000,2026.5,2029.83,2026.04,2028.99,15313.756,2026-05-23 10:00:00
1779532200000,2029.0,2032.78,2028.32,2030.5,30963.776,2026-05-23 10:30:00
1779534000000,2030.49,2034.67,2029.77,2032.82,40029.803,2026-05-23 11:00:00
1779535800000,2032.82,2032.94,2029.41,2030.29,16650.234,2026-05-23 11:30:00
1779537600000,2030.3,2031.08,2026.14,2028.27,25852.772,2026-05-23 12:00:00
1779539400000,2028.27,2030.65,2028.27,2030.1,14828.527,2026-05-23 12:30:00
1779541200000,2030.1,2045.29,2030.01,2041.72,130265.902,2026-05-23 13:00:00
1779543000000,2041.73,2045.0,2037.1,2043.64,91390.11,2026-05-23 13:30:00
1779544800000,2043.64,2046.44,2039.55,2045.5,59638.385,2026-05-23 14:00:00
1779546600000,2045.5,2064.81,2044.76,2060.39,189815.585,2026-05-23 14:30:00
1779548400000,2060.39,2067.81,2058.77,2060.51,127816.778,2026-05-23 15:00:00
1779550200000,2060.51,2060.51,2054.67,2059.46,85671.041,2026-05-23 15:30:00
1779552000000,2059.47,2064.24,2056.14,2057.93,54016.375,2026-05-23 16:00:00
1779553800000,2057.94,2064.0,2057.66,2060.61,30415.138,2026-05-23 16:30:00
1779555600000,2060.61,2063.72,2058.3,2063.17,28854.039,2026-05-23 17:00:00
1779557400000,2063.16,2064.5,2059.59,2063.02,19271.158,2026-05-23 17:30:00
1779559200000,2063.02,2082.69,2062.47,2075.0,175296.805,2026-05-23 18:00:00
1779561000000,2075.0,2081.48,2071.96,2073.32,53482.974,2026-05-23 18:30:00
1779562800000,2073.32,2080.0,2068.63,2078.19,51221.592,2026-05-23 19:00:00
1779564600000,2078.17,2079.67,2074.32,2076.55,23627.751,2026-05-23 19:30:00
1779566400000,2076.56,2082.54,2073.5,2075.95,57418.547,2026-05-23 20:00:00
1779568200000,2075.95,2146.45,2075.15,2145.22,591306.779,2026-05-23 20:30:00
1779570000000,2145.22,2149.37,2115.05,2115.05,194127.588,2026-05-23 21:00:00
1779571800000,2115.05,2123.19,2102.04,2115.99,149086.28,2026-05-23 21:30:00
1779573600000,2116.0,2119.35,2109.42,2111.04,36943.071,2026-05-23 22:00:00
1779575400000,2111.04,2117.1,2102.24,2115.57,75046.375,2026-05-23 22:30:00
1779577200000,2115.56,2119.38,2113.24,2115.99,32995.242,2026-05-23 23:00:00
1779579000000,2115.99,2120.75,2115.99,2116.72,23962.994,2026-05-23 23:30:00
1779580800000,2116.72,2117.81,2111.35,2114.87,27358.413,2026-05-24 00:00:00
1779582600000,2114.87,2120.54,2114.34,2118.37,24663.025,2026-05-24 00:30:00
1779584400000,2118.38,2124.53,2117.11,2122.13,41946.652,2026-05-24 01:00:00
1779586200000,2122.13,2123.13,2118.4,2121.44,20645.113,2026-05-24 01:30:00
1779588000000,2121.43,2124.5,2117.12,2119.15,28677.904,2026-05-24 02:00:00
1779589800000,2119.14,2124.0,2118.93,2121.54,18173.263,2026-05-24 02:30:00
1779591600000,2121.54,2126.58,2120.52,2122.87,24343.04,2026-05-24 03:00:00
1779593400000,2122.87,2122.88,2115.36,2118.16,35257.258,2026-05-24 03:30:00
1779595200000,2118.16,2122.71,2118.16,2119.79,16315.577,2026-05-24 04:00:00
1779597000000,2119.8,2121.24,2118.28,2119.11,9779.0,2026-05-24 04:30:00
1779598800000,2119.1,2119.33,2113.56,2115.6,28715.569,2026-05-24 05:00:00
1779600600000,2115.59,2120.59,2112.63,2119.03,32192.537,2026-05-24 05:30:00
1779602400000,2119.03,2122.85,2117.35,2117.81,22658.926,2026-05-24 06:00:00
1779604200000,2117.8,2129.39,2116.26,2127.14,51582.318,2026-05-24 06:30:00
1779606000000,2127.15,2128.99,2121.67,2122.75,28764.475,2026-05-24 07:00:00
1779607800000,2122.75,2122.86,2118.57,2120.26,23532.189,2026-05-24 07:30:00
1779609600000,2120.26,2122.72,2118.24,2120.35,23727.998,2026-05-24 08:00:00
1779611400000,2120.34,2122.33,2119.0,2119.6,15388.237,2026-05-24 08:30:00
1779613200000,2119.59,2123.64,2118.27,2120.4,20906.791,2026-05-24 09:00:00
1779615000000,2120.4,2123.6,2119.0,2122.58,22586.745,2026-05-24 09:30:00
1779616800000,2122.58,2131.46,2118.42,2124.31,54684.636,2026-05-24 10:00:00
1779618600000,2124.3,2124.62,2118.58,2121.49,34954.303,2026-05-24 10:30:00
1779620400000,2121.49,2126.67,2121.34,2124.29,30481.286,2026-05-24 11:00:00
1779622200000,2124.3,2126.28,2123.14,2124.99,18600.274,2026-05-24 11:30:00
1779624000000,2125.0,2125.74,2117.41,2117.41,44758.746,2026-05-24 12:00:00
1779625800000,2117.4,2120.83,2116.02,2119.16,28955.347,2026-05-24 12:30:00
1779627600000,2119.17,2120.25,2115.01,2117.21,26586.19,2026-05-24 13:00:00
1779629400000,2117.21,2119.8,2105.04,2109.46,111430.139,2026-05-24 13:30:00
1779631200000,2109.47,2111.86,2077.63,2093.54,390591.707,2026-05-24 14:00:00
1779633000000,2093.55,2098.0,2092.48,2097.4,55287.572,2026-05-24 14:30:00
1779634800000,2097.39,2099.34,2093.84,2096.41,31334.035,2026-05-24 15:00:00
1779636600000,2096.4,2098.31,2093.0,2095.07,32277.508,2026-05-24 15:30:00
1779638400000,2095.06,2108.58,2094.21,2101.04,95794.114,2026-05-24 16:00:00
1779640200000,2101.04,2104.55,2094.2,2102.81,39528.045,2026-05-24 16:30:00
1779642000000,2102.82,2105.5,2100.37,2101.3,22142.73,2026-05-24 17:00:00
1779643800000,2101.29,2105.79,2100.5,2102.01,14970.686,2026-05-24 17:30:00
1779645600000,2102.0,2104.0,2099.5,2099.78,14114.507,2026-05-24 18:00:00
1779647400000,2099.78,2101.21,2096.63,2099.01,20918.553,2026-05-24 18:30:00
1779649200000,2099.01,2101.88,2095.49,2096.39,18907.434,2026-05-24 19:00:00
1779651000000,2096.39,2100.78,2095.23,2099.87,15586.982,2026-05-24 19:30:00
1779652800000,2099.88,2101.26,2090.53,2093.87,39812.795,2026-05-24 20:00:00
1779654600000,2093.87,2096.04,2090.6,2092.21,17418.441,2026-05-24 20:30:00
1779656400000,2092.21,2098.19,2085.08,2087.99,30832.462,2026-05-24 21:00:00
1779658200000,2087.99,2089.76,2060.59,2069.76,209596.682,2026-05-24 21:30:00
1779660000000,2069.77,2098.64,2069.35,2094.83,136339.645,2026-05-24 22:00:00
1779661800000,2094.83,2098.68,2085.65,2091.47,51436.69,2026-05-24 22:30:00
1779663600000,2091.47,2096.47,2090.39,2091.93,28493.925,2026-05-24 23:00:00
1779665400000,2091.92,2106.63,2091.88,2099.01,72122.656,2026-05-24 23:30:00
1779667200000,2099.0,2106.98,2098.8,2105.58,35916.563,2026-05-25 00:00:00
1779669000000,2105.58,2108.88,2102.09,2104.31,38130.212,2026-05-25 00:30:00
1779670800000,2104.32,2107.28,2101.23,2105.17,23988.505,2026-05-25 01:00:00
1779672600000,2105.17,2105.98,2091.82,2093.5,50575.69,2026-05-25 01:30:00
1779674400000,2093.5,2112.93,2093.5,2099.68,96795.57,2026-05-25 02:00:00
1779676200000,2099.68,2101.18,2095.51,2097.43,23494.267,2026-05-25 02:30:00
1779678000000,2097.44,2099.3,2093.57,2094.85,28877.861,2026-05-25 03:00:00
1779679800000,2094.86,2096.6,2091.13,2094.71,23383.834,2026-05-25 03:30:00
1779681600000,2094.71,2097.88,2091.38,2097.88,28542.711,2026-05-25 04:00:00
1779683400000,2097.88,2107.42,2096.67,2105.11,62896.422,2026-05-25 04:30:00
1779685200000,2105.1,2110.86,2103.35,2108.19,55933.483,2026-05-25 05:00:00
1779687000000,2108.19,2109.9,2106.54,2107.18,27315.472,2026-05-25 05:30:00
1779688800000,2107.18,2110.48,2098.19,2100.56,64608.883,2026-05-25 06:00:00
1779690600000,2100.57,2108.75,2100.27,2108.0,38851.799,2026-05-25 06:30:00
1779692400000,2108.0,2118.08,2104.57,2106.45,97308.973,2026-05-25 07:00:00
1779694200000,2106.44,2115.56,2105.29,2115.29,52156.059,2026-05-25 07:30:00
1779696000000,2115.29,2115.3,2110.53,2111.38,25005.896,2026-05-25 08:00:00
1779697800000,2111.39,2116.9,2111.39,2115.82,25736.102,2026-05-25 08:30:00
1779699600000,2115.81,2120.83,2114.8,2118.5,58462.883,2026-05-25 09:00:00
1779701400000,2118.51,2123.54,2115.58,2115.58,48929.744,2026-05-25 09:30:00
1779703200000,2115.59,2120.21,2114.04,2116.18,33146.69,2026-05-25 10:00:00
1779705000000,2116.18,2116.89,2113.6,2115.84,18078.344,2026-05-25 10:30:00
1779706800000,2115.83,2116.05,2113.0,2114.8,26786.41,2026-05-25 11:00:00
1779708600000,2114.79,2119.48,2112.55,2113.84,32790.816,2026-05-25 11:30:00
1779710400000,2113.85,2117.29,2110.96,2116.76,46172.014,2026-05-25 12:00:00
1779712200000,2116.76,2118.56,2113.73,2116.12,23866.439,2026-05-25 12:30:00
1779714000000,2116.12,2118.96,2113.29,2114.29,22139.884,2026-05-25 13:00:00
1779715800000,2114.29,2116.28,2113.85,2115.34,17330.025,2026-05-25 13:30:00
1779717600000,2115.34,2127.64,2114.79,2126.94,100288.394,2026-05-25 14:00:00
1779719400000,2126.94,2129.79,2121.56,2127.53,75251.112,2026-05-25 14:30:00
1779721200000,2127.54,2137.99,2123.47,2124.07,151362.669,2026-05-25 15:00:00
1779723000000,2124.07,2127.29,2121.68,2126.12,43277.928,2026-05-25 15:30:00
1779724800000,2126.12,2127.83,2123.67,2126.49,31929.53,2026-05-25 16:00:00
1779726600000,2126.49,2141.42,2125.82,2135.53,96507.246,2026-05-25 16:30:00
1779728400000,2135.53,2139.97,2130.54,2134.66,64500.774,2026-05-25 17:00:00
1779730200000,2134.66,2135.37,2127.28,2127.89,30509.983,2026-05-25 17:30:00
1779732000000,2127.89,2133.2,2127.37,2130.98,24680.498,2026-05-25 18:00:00
1779733800000,2130.99,2130.99,2125.27,2125.9,26315.213,2026-05-25 18:30:00
1779735600000,2125.91,2126.25,2121.01,2124.64,36399.086,2026-05-25 19:00:00
1779737400000,2124.65,2125.0,2115.31,2120.36,52176.253,2026-05-25 19:30:00
1779739200000,2120.35,2122.28,2117.56,2117.66,13544.985,2026-05-25 20:00:00
1779741000000,2117.65,2118.99,2106.12,2107.75,86549.597,2026-05-25 20:30:00
1779742800000,2107.74,2112.2,2106.73,2111.44,28069.966,2026-05-25 21:00:00
1779744600000,2111.45,2111.96,2107.58,2110.0,19409.021,2026-05-25 21:30:00
1779746400000,2110.0,2114.78,2106.77,2110.07,33285.562,2026-05-25 22:00:00
1779748200000,2110.06,2110.06,2101.3,2102.69,59519.607,2026-05-25 22:30:00
1779750000000,2102.68,2109.44,2101.4,2107.75,26309.721,2026-05-25 23:00:00
1779751800000,2107.74,2113.0,2107.0,2111.81,26452.213,2026-05-25 23:30:00
1779753600000,2111.81,2113.09,2105.28,2105.28,28657.888,2026-05-26 00:00:00
1779755400000,2105.28,2108.1,2083.68,2096.6,171971.256,2026-05-26 00:30:00
1779757200000,2096.6,2099.68,2089.4,2096.1,63336.979,2026-05-26 01:00:00
1779759000000,2096.09,2096.1,2087.0,2093.27,56256.348,2026-05-26 01:30:00
1779760800000,2093.28,2094.92,2087.72,2088.45,39719.346,2026-05-26 02:00:00
1779762600000,2088.44,2091.38,2083.36,2088.05,52875.052,2026-05-26 02:30:00
1779764400000,2088.06,2088.99,2083.51,2087.7,35363.044,2026-05-26 03:00:00
1779766200000,2087.71,2093.3,2086.66,2092.49,42468.086,2026-05-26 03:30:00
1779768000000,2092.49,2094.3,2087.71,2093.01,35709.05,2026-05-26 04:00:00
1779769800000,2093.0,2095.5,2092.54,2092.67,25140.401,2026-05-26 04:30:00
1779771600000,2092.68,2098.8,2090.8,2097.74,37492.491,2026-05-26 05:00:00
1779773400000,2097.72,2102.68,2097.16,2099.81,46723.947,2026-05-26 05:30:00
1779775200000,2099.81,2100.08,2094.0,2096.1,28425.793,2026-05-26 06:00:00
1779777000000,2096.11,2103.81,2095.8,2100.98,28394.793,2026-05-26 06:30:00
1779778800000,2100.97,2101.67,2089.28,2096.21,54896.02,2026-05-26 07:00:00
1779780600000,2096.21,2100.56,2092.14,2094.31,46496.605,2026-05-26 07:30:00
1779782400000,2094.32,2099.0,2094.0,2097.37,19179.835,2026-05-26 08:00:00
1779784200000,2097.36,2099.0,2094.4,2096.33,12654.065,2026-05-26 08:30:00
1779786000000,2096.32,2098.78,2093.0,2096.86,21970.048,2026-05-26 09:00:00
1779787800000,2096.87,2098.5,2094.15,2095.59,13425.119,2026-05-26 09:30:00
1779789600000,2095.59,2122.0,2093.3,2120.29,152293.38,2026-05-26 10:00:00
1779791400000,2120.3,2136.6,2119.99,2126.71,294248.287,2026-05-26 10:30:00
1779793200000,2126.7,2130.88,2117.19,2119.5,131174.174,2026-05-26 11:00:00
1779795000000,2119.5,2122.98,2117.71,2119.83,42156.779,2026-05-26 11:30:00
1779796800000,2119.83,2122.16,2110.12,2115.78,110985.773,2026-05-26 12:00:00
1779798600000,2115.79,2126.1,2114.47,2125.65,65443.732,2026-05-26 12:30:00
1779800400000,2125.65,2125.8,2113.92,2115.01,70669.663,2026-05-26 13:00:00
1779802200000,2115.01,2130.94,2108.24,2124.27,199531.571,2026-05-26 13:30:00
1779804000000,2124.28,2139.62,2123.0,2137.05,141338.625,2026-05-26 14:00:00
1779805800000,2137.06,2138.0,2104.07,2108.32,328219.859,2026-05-26 14:30:00
1779807600000,2108.32,2111.22,2093.88,2097.71,183035.867,2026-05-26 15:00:00
1779809400000,2097.72,2099.06,2077.0,2086.31,277407.17,2026-05-26 15:30:00
1779811200000,2086.31,2089.3,2072.09,2081.63,156204.813,2026-05-26 16:00:00
1779813000000,2081.64,2084.3,2073.3,2078.7,97736.913,2026-05-26 16:30:00
1779814800000,2078.71,2083.25,2063.0,2063.67,153492.953,2026-05-26 17:00:00
1779816600000,2063.67,2072.92,2054.0,2069.67,216120.195,2026-05-26 17:30:00
1779818400000,2069.67,2080.7,2067.41,2074.84,94676.331,2026-05-26 18:00:00
1779820200000,2074.85,2075.51,2065.37,2068.08,50186.982,2026-05-26 18:30:00
1779822000000,2068.08,2071.42,2064.62,2070.46,28650.244,2026-05-26 19:00:00
1779823800000,2070.47,2076.27,2070.17,2073.74,30762.124,2026-05-26 19:30:00
1779825600000,2073.75,2077.36,2073.2,2077.04,17641.887,2026-05-26 20:00:00
1779827400000,2077.05,2077.74,2072.91,2077.55,20856.848,2026-05-26 20:30:00
1779829200000,2077.55,2077.93,2068.3,2074.61,16758.675,2026-05-26 21:00:00
1779831000000,2074.61,2077.9,2070.49,2072.1,23813.818,2026-05-26 21:30:00
1779832800000,2072.1,2075.7,2068.19,2069.43,34703.273,2026-05-26 22:00:00
1779834600000,2069.44,2070.93,2064.82,2067.99,29484.258,2026-05-26 22:30:00
1779836400000,2068.0,2073.78,2067.99,2072.96,23294.53,2026-05-26 23:00:00
1779838200000,2072.96,2076.16,2071.92,2072.99,17415.745,2026-05-26 23:30:00
1779840000000,2073.0,2079.88,2072.68,2077.03,32073.823,2026-05-27 00:00:00
1779841800000,2077.03,2083.93,2076.0,2082.53,49796.532,2026-05-27 00:30:00
1779843600000,2082.53,2083.12,2071.26,2073.99,47879.045,2026-05-27 01:00:00
1779845400000,2073.99,2076.31,2070.52,2073.57,33851.21,2026-05-27 01:30:00
1779847200000,2073.57,2074.5,2067.81,2070.43,39976.939,2026-05-27 02:00:00
1779849000000,2070.43,2075.3,2068.0,2075.29,24245.889,2026-05-27 02:30:00
1779850800000,2075.3,2079.59,2074.04,2076.23,40203.446,2026-05-27 03:00:00
1779852600000,2076.22,2077.26,2067.77,2069.0,42663.716,2026-05-27 03:30:00
1779854400000,2069.01,2070.39,2062.0,2064.01,66572.513,2026-05-27 04:00:00
1779856200000,2064.0,2072.49,2055.31,2071.24,107139.393,2026-05-27 04:30:00
1779858000000,2071.24,2076.69,2070.54,2074.88,40972.605,2026-05-27 05:00:00
1779859800000,2074.87,2078.8,2071.5,2076.18,45643.565,2026-05-27 05:30:00
1779861600000,2076.19,2078.51,2073.74,2077.13,32300.907,2026-05-27 06:00:00
1779863400000,2077.14,2080.4,2076.43,2078.69,51654.864,2026-05-27 06:30:00
1779865200000,2078.69,2079.82,2074.39,2079.16,37473.313,2026-05-27 07:00:00
1779867000000,2079.16,2083.46,2077.2,2082.71,52624.765,2026-05-27 07:30:00
1779868800000,2082.72,2095.93,2082.49,2092.8,147836.768,2026-05-27 08:00:00
1779870600000,2092.8,2093.74,2082.8,2084.0,93569.317,2026-05-27 08:30:00
1779872400000,2084.0,2084.56,2077.44,2080.48,75080.365,2026-05-27 09:00:00
1779874200000,2080.48,2087.2,2080.0,2082.55,44167.514,2026-05-27 09:30:00
1779876000000,2082.55,2087.24,2080.15,2084.54,32216.314,2026-05-27 10:00:00
1779877800000,2084.53,2085.81,2078.3,2078.7,30321.888,2026-05-27 10:30:00
1779879600000,2078.7,2084.42,2077.73,2082.08,36405.221,2026-05-27 11:00:00
1779881400000,2082.07,2084.34,2077.34,2079.74,33827.579,2026-05-27 11:30:00
1779883200000,2079.73,2096.78,2073.27,2084.14,171178.176,2026-05-27 12:00:00
1779885000000,2084.13,2087.49,2077.38,2077.8,58729.01,2026-05-27 12:30:00
1779886800000,2077.81,2080.0,2067.0,2067.82,107799.058,2026-05-27 13:00:00
1779888600000,2067.81,2071.37,2051.0,2063.85,262121.614,2026-05-27 13:30:00
1779890400000,2063.86,2071.18,2054.01,2056.59,148070.647,2026-05-27 14:00:00
1779892200000,2056.58,2063.45,2053.9,2061.89,88183.495,2026-05-27 14:30:00
1779894000000,2061.88,2075.94,2060.4,2072.4,105123.667,2026-05-27 15:00:00
1779895800000,2072.41,2079.18,2067.1,2070.82,95312.409,2026-05-27 15:30:00
1779897600000,2070.82,2073.84,2061.03,2064.56,67770.724,2026-05-27 16:00:00
1779899400000,2064.55,2070.5,2058.79,2069.34,46959.306,2026-05-27 16:30:00
1779901200000,2069.33,2069.56,2053.13,2058.0,92942.158,2026-05-27 17:00:00
1779903000000,2058.01,2059.18,2042.9,2051.5,146868.622,2026-05-27 17:30:00
1779904800000,2051.5,2053.45,2042.44,2051.59,88003.989,2026-05-27 18:00:00
1779906600000,2051.58,2056.3,2049.23,2055.89,37659.58,2026-05-27 18:30:00
1779908400000,2055.89,2059.62,2053.83,2057.34,35352.81,2026-05-27 19:00:00
1779910200000,2057.34,2060.58,2053.49,2056.88,27632.823,2026-05-27 19:30:00
1779912000000,2056.89,2065.8,2056.52,2060.0,38108.964,2026-05-27 20:00:00
1779913800000,2060.0,2063.84,2057.6,2062.31,14644.467,2026-05-27 20:30:00
1779915600000,2062.3,2062.3,2055.15,2055.15,15102.651,2026-05-27 21:00:00
1779917400000,2055.16,2055.21,2014.34,2020.44,274192.021,2026-05-27 21:30:00
1779919200000,2020.45,2034.4,2015.0,2028.06,143203.2,2026-05-27 22:00:00
1779921000000,2028.05,2033.01,2024.2,2024.63,50324.454,2026-05-27 22:30:00
1779922800000,2024.63,2029.53,2017.2,2018.63,74519.92,2026-05-27 23:00:00
1779924600000,2018.63,2025.46,2018.07,2024.02,53836.856,2026-05-27 23:30:00
1779926400000,2024.02,2027.37,2020.0,2023.79,48998.268,2026-05-28 00:00:00
1779928200000,2023.79,2028.65,2023.12,2027.62,30588.434,2026-05-28 00:30:00
1779930000000,2027.62,2028.5,2011.23,2016.37,106216.557,2026-05-28 01:00:00
1779931800000,2016.36,2023.11,2013.33,2019.73,63992.693,2026-05-28 01:30:00
1779933600000,2019.72,2021.26,2015.12,2016.9,44660.834,2026-05-28 02:00:00
1779935400000,2016.9,2019.86,2013.76,2016.91,34110.73,2026-05-28 02:30:00
1779937200000,2016.9,2020.27,1965.28,1987.99,569929.556,2026-05-28 03:00:00
1779939000000,1988.0,1993.12,1976.5,1980.87,211930.677,2026-05-28 03:30:00
1779940800000,1980.86,1985.74,1966.05,1979.8,231230.539,2026-05-28 04:00:00
1779942600000,1979.8,1984.6,1978.0,1981.31,61835.263,2026-05-28 04:30:00
1779944400000,1981.31,1982.44,1974.6,1975.09,58156.419,2026-05-28 05:00:00
1779946200000,1975.09,1979.99,1974.6,1978.0,46560.451,2026-05-28 05:30:00
1779948000000,1977.99,1980.15,1975.03,1977.0,32261.082,2026-05-28 06:00:00
1779949800000,1977.0,1984.04,1970.8,1983.25,93116.324,2026-05-28 06:30:00
1779951600000,1983.25,1991.47,1981.51,1988.28,75817.41,2026-05-28 07:00:00
1779953400000,1988.27,1996.0,1988.27,1994.3,82830.174,2026-05-28 07:30:00
1779955200000,1994.31,1995.23,1984.27,1985.8,68845.967,2026-05-28 08:00:00
1779957000000,1985.8,1991.25,1983.76,1987.2,39719.713,2026-05-28 08:30:00
1779958800000,1987.2,1990.41,1983.02,1990.11,33191.857,2026-05-28 09:00:00
1779960600000,1990.11,1994.4,1988.63,1992.99,53130.286,2026-05-28 09:30:00
1779962400000,1993.0,1997.76,1988.95,1992.13,63563.836,2026-05-28 10:00:00
1779964200000,1992.13,1994.42,1987.05,1989.27,38899.406,2026-05-28 10:30:00
1779966000000,1989.28,1991.96,1986.24,1986.91,55470.641,2026-05-28 11:00:00
1779967800000,1986.91,1990.31,1985.31,1989.0,22701.229,2026-05-28 11:30:00
1779969600000,1989.0,1990.0,1980.07,1985.29,66533.759,2026-05-28 12:00:00
1779971400000,1985.29,1993.9,1985.23,1991.19,57561.46,2026-05-28 12:30:00
1779973200000,1991.19,1994.5,1977.65,1985.89,114351.891,2026-05-28 13:00:00
1779975000000,1985.88,1986.25,1974.1,1980.67,154960.772,2026-05-28 13:30:00
1779976800000,1980.67,2001.76,1966.01,1988.98,401200.648,2026-05-28 14:00:00
1779978600000,1988.98,1993.0,1980.4,1992.34,128252.151,2026-05-28 14:30:00
1779980400000,1992.34,1998.4,1982.7,1991.67,114308.409,2026-05-28 15:00:00
1779982200000,1991.66,1994.9,1986.42,1989.57,44587.556,2026-05-28 15:30:00
1779984000000,1989.56,2004.01,1984.0,1997.98,141744.722,2026-05-28 16:00:00
1779985800000,1997.98,2014.89,1997.98,2012.48,150296.431,2026-05-28 16:30:00
1779987600000,2012.48,2016.23,2008.02,2013.83,93035.004,2026-05-28 17:00:00
1779989400000,2013.83,2026.4,2012.74,2018.27,127474.5,2026-05-28 17:30:00
1779991200000,2018.28,2027.46,2017.0,2020.81,72019.18,2026-05-28 18:00:00
1779993000000,2020.81,2029.49,2020.81,2023.9,54399.658,2026-05-28 18:30:00
1779994800000,2023.9,2024.0,2017.12,2022.53,44813.145,2026-05-28 19:00:00
1779996600000,2022.53,2023.62,2013.09,2013.86,53373.906,2026-05-28 19:30:00
1779998400000,2013.86,2019.33,2005.65,2019.0,122259.337,2026-05-28 20:00:00
1780000200000,2019.01,2019.43,2012.81,2013.41,23934.263,2026-05-28 20:30:00
1780002000000,2013.41,2022.78,2012.63,2020.01,30192.554,2026-05-28 21:00:00
1780003800000,2020.02,2023.82,2019.0,2019.02,17191.138,2026-05-28 21:30:00
1780005600000,2019.01,2022.06,2010.7,2010.7,31284.116,2026-05-28 22:00:00
1780007400000,2010.7,2011.26,2004.02,2004.76,43705.924,2026-05-28 22:30:00
1780009200000,2004.76,2011.91,2004.75,2010.21,32513.55,2026-05-28 23:00:00
1780011000000,2010.2,2011.68,2005.7,2009.05,23157.676,2026-05-28 23:30:00
1780012800000,2009.05,2016.39,2009.05,2013.7,39285.854,2026-05-29 00:00:00
1780014600000,2013.7,2016.5,2010.12,2011.65,22866.226,2026-05-29 00:30:00
1780016400000,2011.65,2015.59,2006.18,2007.03,38075.297,2026-05-29 01:00:00
1780018200000,2007.02,2010.0,2005.1,2007.36,29069.432,2026-05-29 01:30:00
1780020000000,2007.36,2009.84,2000.1,2000.83,47325.383,2026-05-29 02:00:00
1780021800000,2000.82,2005.2,1995.89,1998.31,74876.97,2026-05-29 02:30:00
1780023600000,1998.32,2007.0,1998.32,2003.65,34274.194,2026-05-29 03:00:00
1780025400000,2003.66,2004.42,2000.16,2001.88,15173.309,2026-05-29 03:30:00
1780027200000,2001.87,2004.14,1997.4,2003.7,39719.12,2026-05-29 04:00:00
1780029000000,2003.7,2007.73,2003.34,2007.48,28745.777,2026-05-29 04:30:00
1780030800000,2007.48,2015.0,2007.02,2010.29,69356.729,2026-05-29 05:00:00
1780032600000,2010.29,2014.27,2007.32,2013.41,35973.859,2026-05-29 05:30:00
1780034400000,2013.41,2020.71,2011.07,2014.39,80625.065,2026-05-29 06:00:00
1780036200000,2014.4,2018.21,2012.78,2017.14,33344.742,2026-05-29 06:30:00
1780038000000,2017.15,2019.0,2014.2,2015.3,41981.716,2026-05-29 07:00:00
1780039800000,2015.29,2015.3,2002.51,2006.77,120285.167,2026-05-29 07:30:00
1780041600000,2006.77,2013.0,2006.03,2009.39,65421.046,2026-05-29 08:00:00
1780043400000,2009.39,2010.0,2004.65,2005.64,32867.042,2026-05-29 08:30:00
1780045200000,2005.64,2015.18,2005.3,2014.79,37931.584,2026-05-29 09:00:00
1780047000000,2014.8,2015.2,2009.99,2013.74,42964.491,2026-05-29 09:30:00
1780048800000,2013.74,2013.91,2010.3,2011.11,18687.844,2026-05-29 10:00:00
1780050600000,2011.1,2013.38,2008.45,2010.1,31689.448,2026-05-29 10:30:00
1780052400000,2010.11,2013.58,2008.1,2009.22,23197.419,2026-05-29 11:00:00
1780054200000,2009.22,2009.93,2001.2,2006.42,58338.15,2026-05-29 11:30:00
1780056000000,2006.43,2006.43,1998.1,2000.9,72248.224,2026-05-29 12:00:00
1780057800000,2000.9,2002.47,1994.01,1998.8,85106.72,2026-05-29 12:30:00
1780059600000,1998.8,1998.92,1992.44,1995.94,61397.617,2026-05-29 13:00:00
1780061400000,1995.94,2005.36,1986.68,1998.69,165384.246,2026-05-29 13:30:00
1780063200000,1998.7,2001.46,1975.35,1986.46,211850.359,2026-05-29 14:00:00
1780065000000,1986.46,2003.3,1982.32,2000.79,197486.424,2026-05-29 14:30:00
1780066800000,2000.8,2028.0,1998.25,2024.27,362349.716,2026-05-29 15:00:00
1780068600000,2024.27,2045.55,2024.07,2030.87,471342.238,2026-05-29 15:30:00
1780070400000,2030.88,2040.75,2021.21,2024.22,143067.325,2026-05-29 16:00:00
1780072200000,2024.22,2042.58,2024.03,2039.53,170160.318,2026-05-29 16:30:00
1780074000000,2039.53,2043.34,2032.89,2039.03,87141.608,2026-05-29 17:00:00
1780075800000,2039.03,2040.45,2025.11,2027.4,85064.418,2026-05-29 17:30:00
1780077600000,2027.4,2030.88,2021.69,2023.2,69070.756,2026-05-29 18:00:00
1780079400000,2023.2,2026.4,2005.0,2010.56,164817.329,2026-05-29 18:30:00
1780081200000,2010.55,2016.2,2003.56,2010.22,71412.926,2026-05-29 19:00:00
1780083000000,2010.22,2021.55,2010.22,2016.02,67043.942,2026-05-29 19:30:00
1780084800000,2016.02,2023.0,2013.64,2020.2,44714.766,2026-05-29 20:00:00
1780086600000,2020.2,2022.0,2015.19,2017.48,25384.938,2026-05-29 20:30:00
1780088400000,2017.47,2023.36,2008.58,2011.5,36569.983,2026-05-29 21:00:00
1780090200000,2011.49,2015.68,2007.0,2008.75,25691.947,2026-05-29 21:30:00
1780092000000,2008.75,2016.87,2006.8,2014.2,31671.736,2026-05-29 22:00:00
1780093800000,2014.21,2015.13,2010.17,2012.84,20993.694,2026-05-29 22:30:00
1780095600000,2012.84,2013.76,2006.7,2008.4,37513.893,2026-05-29 23:00:00
1780097400000,2008.39,2014.91,2005.43,2013.44,37581.226,2026-05-29 23:30:00
1780099200000,2013.44,2015.38,2011.13,2011.73,20787.426,2026-05-30 00:00:00
1780101000000,2011.73,2015.5,2009.66,2013.95,19338.72,2026-05-30 00:30:00
1780102800000,2013.94,2019.8,2012.6,2019.39,27913.971,2026-05-30 01:00:00
1780104600000,2019.39,2020.8,2016.34,2018.65,29430.967,2026-05-30 01:30:00
1780106400000,2018.64,2020.2,2016.1,2017.01,16075.361,2026-05-30 02:00:00
1780108200000,2017.0,2020.47,2017.0,2020.47,13201.019,2026-05-30 02:30:00
1780110000000,2020.47,2022.7,2017.47,2019.37,24515.664,2026-05-30 03:00:00
1780111800000,2019.38,2019.38,2014.0,2015.77,31336.431,2026-05-30 03:30:00
1780113600000,2015.78,2017.65,2007.4,2008.2,57830.699,2026-05-30 04:00:00
1780115400000,2008.19,2010.33,2000.78,2010.18,94483.754,2026-05-30 04:30:00
1780117200000,2010.17,2018.19,2007.16,2012.21,65243.583,2026-05-30 05:00:00
1780119000000,2012.22,2016.43,2012.0,2014.92,19298.601,2026-05-30 05:30:00
1780120800000,2014.91,2016.31,2011.67,2015.85,17719.126,2026-05-30 06:00:00
1780122600000,2015.86,2019.99,2014.9,2016.01,33570.022,2026-05-30 06:30:00
1780124400000,2016.01,2016.9,2013.54,2016.32,13460.583,2026-05-30 07:00:00
1780126200000,2016.32,2016.7,2012.52,2015.31,15200.762,2026-05-30 07:30:00
1780128000000,2015.32,2015.32,2012.86,2014.19,7316.063,2026-05-30 08:00:00
1780129800000,2014.19,2014.87,2012.77,2013.42,7658.805,2026-05-30 08:30:00
1780131600000,2013.43,2016.23,2012.88,2015.5,13135.804,2026-05-30 09:00:00
1780133400000,2015.5,2016.44,2014.34,2015.75,14070.559,2026-05-30 09:30:00
1780135200000,2015.74,2021.8,2015.4,2017.99,46830.192,2026-05-30 10:00:00
1780137000000,2018.0,2019.68,2016.04,2017.1,16705.242,2026-05-30 10:30:00
1780138800000,2017.1,2017.18,2014.22,2015.76,15740.329,2026-05-30 11:00:00
1780140600000,2015.75,2018.44,2015.75,2016.6,11739.393,2026-05-30 11:30:00
1780142400000,2016.6,2018.8,2016.09,2017.95,11427.257,2026-05-30 12:00:00
1780144200000,2017.95,2019.42,2016.13,2019.01,12565.589,2026-05-30 12:30:00
1780146000000,2019.01,2021.99,2018.0,2019.69,30547.138,2026-05-30 13:00:00
1780147800000,2019.7,2019.97,2016.33,2019.92,22543.381,2026-05-30 13:30:00
1780149600000,2019.92,2029.09,2019.47,2026.61,72649.577,2026-05-30 14:00:00
1780151400000,2026.61,2029.99,2024.37,2025.74,55046.406,2026-05-30 14:30:00
1780153200000,2025.74,2031.51,2023.31,2025.93,46820.976,2026-05-30 15:00:00
1780155000000,2025.94,2026.8,2023.16,2025.69,22360.82,2026-05-30 15:30:00
1780156800000,2025.69,2027.44,2023.58,2024.82,21478.944,2026-05-30 16:00:00
1780158600000,2024.83,2027.4,2024.2,2026.14,15038.929,2026-05-30 16:30:00
1780160400000,2026.13,2028.0,2023.53,2025.4,34683.96,2026-05-30 17:00:00
1780162200000,2025.41,2026.52,2018.58,2026.21,39534.65,2026-05-30 17:30:00
1780164000000,2026.2,2028.7,2023.62,2024.0,16404.972,2026-05-30 18:00:00
1780165800000,2024.01,2029.29,2024.0,2026.58,16224.833,2026-05-30 18:30:00
1780167600000,2026.58,2027.0,2024.3,2024.5,12693.191,2026-05-30 19:00:00
1780169400000,2024.51,2028.14,2023.89,2027.72,17560.82,2026-05-30 19:30:00
1780171200000,2027.71,2028.6,2026.44,2026.76,10008.649,2026-05-30 20:00:00
1780173000000,2026.77,2026.89,2024.79,2026.03,5880.585,2026-05-30 20:30:00
1780174800000,2026.04,2030.41,2026.03,2029.42,13158.399,2026-05-30 21:00:00
1780176600000,2029.42,2030.5,2026.87,2027.57,9901.793,2026-05-30 21:30:00
1780178400000,2027.58,2027.58,2020.41,2023.73,24404.042,2026-05-30 22:00:00
1780180200000,2023.73,2023.86,2019.74,2022.51,14900.821,2026-05-30 22:30:00
1780182000000,2022.5,2025.3,2019.31,2021.27,21599.212,2026-05-30 23:00:00
1780183800000,2021.26,2021.72,2019.2,2021.41,14244.32,2026-05-30 23:30:00
1780185600000,2021.41,2027.0,2019.75,2024.22,19044.69,2026-05-31 00:00:00
1780187400000,2024.22,2026.26,2022.75,2026.03,15686.419,2026-05-31 00:30:00
1780189200000,2026.03,2033.44,2025.66,2029.01,52503.263,2026-05-31 01:00:00
1780191000000,2029.0,2032.62,2027.6,2028.27,23918.577,2026-05-31 01:30:00
1780192800000,2028.28,2037.4,2026.89,2027.21,63750.22,2026-05-31 02:00:00
1780194600000,2027.21,2034.28,2026.97,2033.36,44436.504,2026-05-31 02:30:00
1780196400000,2033.36,2036.0,2031.05,2035.25,25826.211,2026-05-31 03:00:00
1780198200000,2035.25,2035.56,2032.44,2032.44,11762.984,2026-05-31 03:30:00
1780200000000,2032.45,2034.2,2030.36,2032.66,12779.857,2026-05-31 04:00:00
1780201800000,2032.66,2033.56,2031.18,2032.78,9447.32,2026-05-31 04:30:00
1780203600000,2032.78,2032.99,2029.9,2030.96,10524.824,2026-05-31 05:00:00
1780205400000,2030.95,2032.0,2028.44,2029.41,11253.577,2026-05-31 05:30:00
1780207200000,2029.4,2030.18,2027.68,2028.51,12618.295,2026-05-31 06:00:00
1780209000000,2028.5,2030.0,2028.1,2029.0,10860.356,2026-05-31 06:30:00
1780210800000,2029.0,2029.0,2023.51,2024.37,28254.366,2026-05-31 07:00:00
1780212600000,2024.37,2024.95,2021.66,2023.12,36273.33,2026-05-31 07:30:00
1780214400000,2023.12,2027.5,2023.12,2025.78,27159.011,2026-05-31 08:00:00
1780216200000,2025.78,2028.51,2022.0,2026.8,33748.018,2026-05-31 08:30:00
1780218000000,2026.8,2027.0,2023.66,2025.94,18844.082,2026-05-31 09:00:00
1780219800000,2025.94,2027.39,2017.5,2020.35,47011.547,2026-05-31 09:30:00
1780221600000,2020.35,2020.99,2014.01,2017.58,86652.828,2026-05-31 10:00:00
1780223400000,2017.58,2020.56,2016.2,2020.29,24680.486,2026-05-31 10:30:00
1780225200000,2020.29,2023.62,2020.06,2022.15,26904.144,2026-05-31 11:00:00
1780227000000,2022.15,2023.1,2020.85,2022.32,10671.62,2026-05-31 11:30:00
1780228800000,2022.33,2024.31,2018.22,2022.49,30527.44,2026-05-31 12:00:00
1780230600000,2022.5,2024.18,2020.02,2021.41,13330.378,2026-05-31 12:30:00
1780232400000,2021.41,2025.58,2020.17,2023.42,22338.733,2026-05-31 13:00:00
1780234200000,2023.42,2024.5,2018.56,2019.39,19692.863,2026-05-31 13:30:00
1780236000000,2019.39,2020.46,2004.59,2010.19,150075.215,2026-05-31 14:00:00
1780237800000,2010.2,2012.87,2004.5,2007.05,87551.974,2026-05-31 14:30:00
1780239600000,2007.05,2014.25,2006.29,2012.56,62701.62,2026-05-31 15:00:00
1780241400000,2012.57,2013.99,2007.23,2009.36,34792.922,2026-05-31 15:30:00
1780243200000,2009.35,2011.6,2002.08,2006.1,62841.834,2026-05-31 16:00:00
1780245000000,2006.09,2006.09,1997.02,2001.54,95844.324,2026-05-31 16:30:00
1780246800000,2001.54,2003.33,1995.89,2002.0,45303.431,2026-05-31 17:00:00
1780248600000,2001.99,2007.31,2001.99,2005.14,47533.426,2026-05-31 17:30:00
1780250400000,2005.13,2005.47,2000.25,2002.11,24866.535,2026-05-31 18:00:00
1780252200000,2002.1,2004.56,1998.28,1999.86,27061.626,2026-05-31 18:30:00
1780254000000,1999.86,2002.03,1992.27,1996.92,41549.951,2026-05-31 19:00:00
1780255800000,1996.92,1999.34,1993.14,1999.0,21433.147,2026-05-31 19:30:00
1780257600000,1999.01,2004.33,1998.96,2002.26,40383.12,2026-05-31 20:00:00
1780259400000,2002.27,2008.93,2001.5,2006.57,20587.625,2026-05-31 20:30:00
1780261200000,2006.57,2009.48,2004.35,2006.44,25027.956,2026-05-31 21:00:00
1780263000000,2006.44,2013.9,2005.7,2011.49,60919.634,2026-05-31 21:30:00
1780264800000,2011.49,2013.64,2003.16,2009.07,44470.103,2026-05-31 22:00:00
1780266600000,2009.07,2013.67,2009.0,2011.76,20904.977,2026-05-31 22:30:00
1780268400000,2011.76,2022.4,2007.53,2008.25,70904.794,2026-05-31 23:00:00
1780270200000,2008.26,2008.44,1999.12,2006.39,47710.575,2026-05-31 23:30:00
1780272000000,2006.4,2016.85,2005.33,2016.14,70186.481,2026-06-01 00:00:00
1780273800000,2016.13,2020.83,2011.5,2014.71,52319.199,2026-06-01 00:30:00
1780275600000,2014.7,2016.16,2001.29,2003.75,61505.955,2026-06-01 01:00:00
1780277400000,2003.75,2006.4,1993.5,1994.19,80038.4,2026-06-01 01:30:00
1780279200000,1994.19,2005.41,1990.03,2003.81,86087.954,2026-06-01 02:00:00
1780281000000,2003.81,2017.21,2001.07,2010.63,83475.139,2026-06-01 02:30:00
1780282800000,2010.62,2017.61,2010.0,2014.27,57980.5,2026-06-01 03:00:00
1780284600000,2014.27,2016.2,2007.62,2008.19,36796.124,2026-06-01 03:30:00
1780286400000,2008.19,2011.17,1994.51,1995.16,94293.732,2026-06-01 04:00:00
1780288200000,1995.16,2001.57,1992.98,1999.08,55686.545,2026-06-01 04:30:00
1780290000000,1999.09,2000.7,1992.3,1992.57,45988.878,2026-06-01 05:00:00
1780291800000,1992.58,1997.4,1990.62,1993.86,44122.289,2026-06-01 05:30:00
1780293600000,1993.86,1994.58,1983.68,1985.71,114959.816,2026-06-01 06:00:00
1780295400000,1985.71,1988.51,1978.9,1987.06,130152.057,2026-06-01 06:30:00
1780297200000,1987.07,1989.99,1984.0,1984.73,44678.08,2026-06-01 07:00:00
1780299000000,1984.73,1985.18,1970.12,1975.53,160527.775,2026-06-01 07:30:00
1780300800000,1975.52,1979.03,1972.81,1975.23,53313.043,2026-06-01 08:00:00
1780302600000,1975.23,1984.66,1971.17,1983.21,85973.967,2026-06-01 08:30:00
1780304400000,1983.22,1989.58,1982.89,1986.01,56067.39,2026-06-01 09:00:00
1780306200000,1986.0,1988.92,1983.75,1986.81,41851.095,2026-06-01 09:30:00
1780308000000,1986.81,1988.08,1980.76,1982.83,48768.414,2026-06-01 10:00:00
1780309800000,1982.84,1986.22,1979.61,1983.76,38491.537,2026-06-01 10:30:00
1780311600000,1983.77,1985.33,1982.05,1983.07,14293.276,2026-06-01 11:00:00
1780313400000,1983.06,1986.03,1975.36,1980.6,54029.653,2026-06-01 11:30:00
1780315200000,1980.6,1987.92,1966.0,1986.15,206042.177,2026-06-01 12:00:00
1780317000000,1986.15,1993.83,1983.32,1988.49,95266.208,2026-06-01 12:30:00
1780318800000,1988.5,1989.42,1971.26,1976.26,191960.192,2026-06-01 13:00:00
1780320600000,1976.26,1983.0,1955.0,1970.59,299516.17,2026-06-01 13:30:00
1780322400000,1970.63,1976.7,1963.5,1968.06,125908.896,2026-06-01 14:00:00
1780324200000,1968.06,1971.0,1964.1,1968.0,58666.949,2026-06-01 14:30:00
1780326000000,1967.99,1973.86,1958.87,1960.86,95230.374,2026-06-01 15:00:00
1780327800000,1960.85,1979.79,1960.73,1967.73,133603.581,2026-06-01 15:30:00
1780329600000,1967.73,1971.32,1957.01,1970.67,128323.076,2026-06-01 16:00:00
1780331400000,1970.67,1978.35,1969.1,1977.49,74850.3,2026-06-01 16:30:00
1780333200000,1977.48,1991.49,1977.02,1990.37,116497.46,2026-06-01 17:00:00
1780335000000,1990.36,1995.93,1985.5,1989.68,129613.199,2026-06-01 17:30:00
1780336800000,1989.68,1991.78,1982.54,1991.36,59792.758,2026-06-01 18:00:00
1780338600000,1991.35,1994.96,1990.14,1991.65,42544.663,2026-06-01 18:30:00
1780340400000,1991.64,2002.0,1991.0,2001.44,49809.836,2026-06-01 19:00:00
1780342200000,2001.44,2008.0,2000.54,2003.92,72382.759,2026-06-01 19:30:00
1780344000000,2003.91,2005.77,2000.0,2004.28,30474.66,2026-06-01 20:00:00
1780345800000,2004.27,2007.72,2002.74,2004.74,24960.7,2026-06-01 20:30:00
1780347600000,2004.74,2008.53,1991.79,1994.58,66066.405,2026-06-01 21:00:00
1780349400000,1994.58,1998.79,1991.33,1993.63,30046.247,2026-06-01 21:30:00
1780351200000,1993.62,2002.62,1983.53,1998.99,93407.953,2026-06-01 22:00:00
1780353000000,1999.0,2005.42,1991.28,2003.49,48162.425,2026-06-01 22:30:00
1780354800000,2003.5,2006.68,1997.34,1997.84,49898.866,2026-06-01 23:00:00
1780356600000,1997.84,2007.99,1996.7,2005.83,50135.29,2026-06-01 23:30:00
1780358400000,2005.84,2006.0,1996.75,1999.99,33521.855,2026-06-02 00:00:00
1780360200000,2000.0,2001.49,1994.23,1995.52,41498.725,2026-06-02 00:30:00
1780362000000,1995.52,1998.49,1990.5,1991.45,39704.22,2026-06-02 01:00:00
1780363800000,1991.44,1992.72,1978.41,1979.55,98068.518,2026-06-02 01:30:00
1780365600000,1979.54,1989.83,1961.89,1988.04,233857.112,2026-06-02 02:00:00
1780367400000,1988.03,1996.81,1983.8,1996.2,116943.63,2026-06-02 02:30:00
1780369200000,1996.19,2001.89,1994.25,2000.11,85813.558,2026-06-02 03:00:00
1780371000000,2000.11,2004.25,1998.4,2003.09,52516.512,2026-06-02 03:30:00
1780372800000,2003.08,2005.85,1995.44,2003.58,70849.183,2026-06-02 04:00:00
1780374600000,2003.58,2004.6,1994.58,1996.01,36194.104,2026-06-02 04:30:00
1780376400000,1996.0,2000.5,1988.57,1991.28,64365.509,2026-06-02 05:00:00
1780378200000,1991.29,1995.0,1983.55,1984.21,73078.53,2026-06-02 05:30:00
1780380000000,1984.22,1988.0,1978.49,1984.07,73382.232,2026-06-02 06:00:00
1780381800000,1984.07,1988.41,1977.09,1981.75,75866.732,2026-06-02 06:30:00
1780383600000,1981.76,1989.31,1973.1,1977.98,115213.761,2026-06-02 07:00:00
1780385400000,1977.98,1988.67,1977.54,1981.08,59673.314,2026-06-02 07:30:00
1780387200000,1981.08,1988.85,1978.12,1985.1,65828.578,2026-06-02 08:00:00
1780389000000,1985.1,1988.0,1975.75,1978.68,55874.958,2026-06-02 08:30:00
1780390800000,1978.68,1979.24,1965.89,1968.65,146739.684,2026-06-02 09:00:00
1780392600000,1968.64,1976.57,1967.17,1974.55,65242.306,2026-06-02 09:30:00
1780394400000,1974.55,1979.38,1970.7,1978.81,55174.05,2026-06-02 10:00:00
1780396200000,1978.81,1983.19,1974.4,1982.66,47840.574,2026-06-02 10:30:00
1780398000000,1982.66,1983.08,1976.15,1976.98,32040.113,2026-06-02 11:00:00
1780399800000,1976.98,1981.3,1974.74,1977.65,32659.62,2026-06-02 11:30:00
1780401600000,1977.65,1981.93,1974.52,1979.21,58160.857,2026-06-02 12:00:00
1780403400000,1979.2,1979.21,1971.18,1975.4,75918.371,2026-06-02 12:30:00
1780405200000,1975.4,1980.53,1972.06,1978.8,96525.595,2026-06-02 13:00:00
1780407000000,1978.8,1980.99,1970.02,1973.62,121346.352,2026-06-02 13:30:00
1780408800000,1973.63,1974.54,1923.56,1936.01,693110.482,2026-06-02 14:00:00
1780410600000,1936.01,1947.07,1931.2,1940.85,253383.21,2026-06-02 14:30:00
1780412400000,1940.84,1941.13,1906.46,1912.36,436551.581,2026-06-02 15:00:00
1780414200000,1912.37,1918.18,1888.0,1914.12,513706.915,2026-06-02 15:30:00
1780416000000,1914.12,1944.21,1908.78,1930.49,314063.456,2026-06-02 16:00:00
1780417800000,1930.49,1931.67,1919.0,1919.97,108290.379,2026-06-02 16:30:00
1780419600000,1919.97,1930.97,1918.47,1927.14,72299.272,2026-06-02 17:00:00
1780421400000,1927.14,1930.42,1920.23,1923.61,43215.256,2026-06-02 17:30:00
1780423200000,1923.62,1927.46,1910.89,1912.84,73322.565,2026-06-02 18:00:00
1780425000000,1912.85,1915.0,1901.3,1912.51,130630.202,2026-06-02 18:30:00
1780426800000,1912.53,1915.86,1902.38,1903.59,65911.337,2026-06-02 19:00:00
1780428600000,1903.59,1917.52,1878.32,1911.48,298546.567,2026-06-02 19:30:00
1780430400000,1911.49,1917.99,1894.52,1895.73,88061.535,2026-06-02 20:00:00
1780432200000,1895.74,1910.57,1895.24,1905.86,71493.195,2026-06-02 20:30:00
1780434000000,1905.87,1910.86,1899.29,1908.94,50202.222,2026-06-02 21:00:00
1780435800000,1908.93,1909.82,1896.2,1899.68,37833.658,2026-06-02 21:30:00
1780437600000,1899.68,1908.8,1872.7,1900.11,253141.945,2026-06-02 22:00:00
1780439400000,1900.11,1900.95,1860.41,1867.65,223393.712,2026-06-02 22:30:00
1780441200000,1867.65,1872.64,1836.93,1847.46,339280.783,2026-06-02 23:00:00
1780443000000,1847.47,1861.65,1838.25,1858.82,145407.991,2026-06-02 23:30:00
1780444800000,1858.79,1874.23,1853.01,1862.99,151267.526,2026-06-03 00:00:00
1780446600000,1862.99,1871.98,1859.2,1866.23,55431.649,2026-06-03 00:30:00
1780448400000,1866.23,1867.79,1854.46,1867.13,98749.022,2026-06-03 01:00:00
1780450200000,1867.14,1869.24,1848.16,1863.54,105682.091,2026-06-03 01:30:00
1780452000000,1863.54,1864.0,1851.1,1852.87,66442.756,2026-06-03 02:00:00
1780453800000,1852.88,1859.0,1850.4,1853.61,50436.994,2026-06-03 02:30:00
1780455600000,1853.61,1856.25,1840.23,1843.13,115258.321,2026-06-03 03:00:00
1780457400000,1843.13,1847.54,1815.08,1827.22,386369.811,2026-06-03 03:30:00
1780459200000,1827.23,1846.83,1826.76,1843.96,141176.108,2026-06-03 04:00:00
1780461000000,1843.96,1851.52,1837.77,1849.92,91814.524,2026-06-03 04:30:00
1780462800000,1849.93,1873.75,1848.65,1869.5,205788.541,2026-06-03 05:00:00
1780464600000,1869.49,1875.77,1857.4,1872.28,120380.919,2026-06-03 05:30:00
1780466400000,1872.27,1874.6,1870.0,1871.5,58508.828,2026-06-03 06:00:00
1780468200000,1871.49,1883.4,1869.11,1870.92,153417.233,2026-06-03 06:30:00
1780470000000,1870.92,1879.17,1866.8,1876.12,83321.145,2026-06-03 07:00:00
1780471800000,1876.11,1879.57,1872.28,1877.45,37530.902,2026-06-03 07:30:00
1780473600000,1877.44,1878.99,1872.3,1874.3,43595.549,2026-06-03 08:00:00
1780475400000,1874.3,1882.81,1873.01,1879.07,61455.054,2026-06-03 08:30:00
1780477200000,1879.06,1882.2,1875.79,1876.25,49917.068,2026-06-03 09:00:00
1780479000000,1876.25,1886.94,1868.53,1875.59,115139.574,2026-06-03 09:30:00
1780480800000,1875.58,1892.79,1874.07,1885.79,128419.162,2026-06-03 10:00:00
1780482600000,1885.79,1887.7,1881.25,1883.91,42340.599,2026-06-03 10:30:00
1780484400000,1883.92,1887.94,1882.03,1885.88,38379.836,2026-06-03 11:00:00
1780486200000,1885.89,1885.89,1875.44,1877.49,58124.69,2026-06-03 11:30:00
1780488000000,1877.5,1878.5,1867.06,1872.78,89761.777,2026-06-03 12:00:00
1780489800000,1872.77,1879.51,1867.35,1875.81,56367.468,2026-06-03 12:30:00
1780491600000,1875.81,1878.95,1865.88,1866.68,75046.209,2026-06-03 13:00:00
1780493400000,1866.68,1876.26,1860.55,1866.75,144241.411,2026-06-03 13:30:00
1780495200000,1866.75,1868.0,1853.53,1857.69,125045.36,2026-06-03 14:00:00
1780497000000,1857.69,1861.56,1851.79,1857.79,98793.479,2026-06-03 14:30:00
1780498800000,1857.8,1859.18,1843.39,1852.96,160793.189,2026-06-03 15:00:00
1780500600000,1852.96,1855.11,1835.18,1836.33,150252.781,2026-06-03 15:30:00
1780502400000,1836.32,1843.22,1810.36,1818.22,402558.686,2026-06-03 16:00:00
1780504200000,1818.21,1832.39,1815.64,1831.78,179939.532,2026-06-03 16:30:00
1780506000000,1831.79,1832.99,1817.13,1828.67,108751.98,2026-06-03 17:00:00
1780507800000,1828.67,1838.69,1822.31,1827.3,113924.065,2026-06-03 17:30:00
1780509600000,1827.3,1831.95,1820.56,1824.98,66957.44,2026-06-03 18:00:00
1780511400000,1824.98,1833.77,1821.69,1831.58,48694.207,2026-06-03 18:30:00
1780513200000,1831.58,1833.06,1813.25,1814.83,105658.72,2026-06-03 19:00:00
1780515000000,1814.83,1822.49,1793.7,1802.59,244429.901,2026-06-03 19:30:00
1780516800000,1802.6,1812.62,1792.23,1809.53,175303.438,2026-06-03 20:00:00
1780518600000,1809.54,1809.54,1766.0,1780.4,285261.026,2026-06-03 20:30:00
1780520400000,1780.4,1803.09,1776.6,1801.08,151679.532,2026-06-03 21:00:00
1780522200000,1801.05,1849.55,1799.7,1849.49,291525.036,2026-06-03 21:30:00
1780524000000,1849.48,1852.47,1826.0,1828.66,162587.323,2026-06-03 22:00:00
1780525800000,1828.66,1836.1,1821.61,1828.29,101650.661,2026-06-03 22:30:00
1780527600000,1828.29,1830.24,1815.12,1821.6,106316.414,2026-06-03 23:00:00
1780529400000,1821.59,1824.76,1811.05,1812.56,88095.776,2026-06-03 23:30:00
1780531200000,1812.57,1820.0,1783.0,1783.73,207520.171,2026-06-04 00:00:00
1780533000000,1783.74,1803.9,1781.35,1793.25,230215.552,2026-06-04 00:30:00
1780534800000,1793.25,1800.57,1763.6,1773.21,248506.648,2026-06-04 01:00:00
1780536600000,1773.22,1788.99,1754.3,1759.36,268425.569,2026-06-04 01:30:00
1780538400000,1759.35,1771.74,1714.94,1765.51,708671.384,2026-06-04 02:00:00
1780540200000,1765.51,1777.8,1762.11,1765.99,179809.698,2026-06-04 02:30:00
1780542000000,1766.0,1800.77,1765.54,1794.1,268853.566,2026-06-04 03:00:00
1780543800000,1794.1,1813.67,1793.49,1808.35,170209.666,2026-06-04 03:30:00
1780545600000,1808.36,1817.64,1806.84,1809.81,108964.973,2026-06-04 04:00:00
1780547400000,1809.8,1811.98,1801.47,1804.44,101314.845,2026-06-04 04:30:00
1780549200000,1804.44,1804.49,1780.52,1783.64,205470.655,2026-06-04 05:00:00
1780551000000,1783.64,1794.08,1779.0,1783.11,118854.342,2026-06-04 05:30:00
1780552800000,1783.11,1801.8,1781.17,1796.78,113149.022,2026-06-04 06:00:00
1780554600000,1796.79,1800.8,1785.8,1789.25,95715.649,2026-06-04 06:30:00
1780556400000,1789.25,1790.19,1772.35,1777.14,152565.168,2026-06-04 07:00:00
1780558200000,1777.14,1786.63,1776.01,1776.48,74179.739,2026-06-04 07:30:00
1780560000000,1776.49,1783.02,1763.0,1770.9,175583.747,2026-06-04 08:00:00
1780561800000,1770.9,1778.49,1765.72,1772.81,100631.51,2026-06-04 08:30:00
1780563600000,1772.8,1773.5,1744.62,1748.59,242123.964,2026-06-04 09:00:00
1780565400000,1748.59,1766.0,1743.79,1765.89,189935.128,2026-06-04 09:30:00
1780567200000,1765.89,1766.43,1750.6,1754.01,107747.257,2026-06-04 10:00:00
1780569000000,1754.01,1762.66,1728.94,1736.07,342006.786,2026-06-04 10:30:00
1780570800000,1736.08,1751.8,1731.8,1747.33,151591.539,2026-06-04 11:00:00
1780572600000,1747.33,1754.37,1736.55,1750.77,123074.441,2026-06-04 11:30:00
1780574400000,1750.77,1768.87,1743.59,1766.94,185862.584,2026-06-04 12:00:00
1780576200000,1766.95,1782.0,1764.65,1777.3,204084.928,2026-06-04 12:30:00
1780578000000,1777.3,1779.83,1754.45,1762.25,173746.468,2026-06-04 13:00:00
1780579800000,1762.26,1789.75,1761.03,1784.68,268398.323,2026-06-04 13:30:00
1780581600000,1784.69,1794.06,1776.7,1781.07,162020.353,2026-06-04 14:00:00
1780583400000,1781.06,1781.28,1765.35,1773.69,123334.452,2026-06-04 14:30:00
1780585200000,1773.69,1790.88,1770.31,1778.01,142384.073,2026-06-04 15:00:00
1780587000000,1778.01,1779.79,1769.21,1776.01,68296.187,2026-06-04 15:30:00
1780588800000,1776.0,1777.74,1768.22,1769.59,53133.824,2026-06-04 16:00:00
1780590600000,1769.59,1780.65,1765.0,1771.35,94339.081,2026-06-04 16:30:00
1780592400000,1771.35,1775.35,1760.49,1763.88,88315.555,2026-06-04 17:00:00
1780594200000,1763.87,1774.65,1752.27,1767.06,135409.504,2026-06-04 17:30:00
1780596000000,1767.07,1778.88,1759.02,1778.76,83101.125,2026-06-04 18:00:00
1780597800000,1778.76,1783.48,1771.71,1775.26,83435.894,2026-06-04 18:30:00
1780599600000,1775.25,1786.77,1770.07,1783.93,69372.615,2026-06-04 19:00:00
1780601400000,1783.93,1785.0,1772.59,1776.13,49973.046,2026-06-04 19:30:00
1780603200000,1776.13,1776.68,1763.0,1769.48,61740.454,2026-06-04 20:00:00
1780605000000,1769.47,1774.17,1767.84,1773.9,29005.892,2026-06-04 20:30:00
1780606800000,1773.89,1782.54,1767.56,1769.21,53932.111,2026-06-04 21:00:00
1780608600000,1769.2,1769.82,1755.62,1760.27,61258.902,2026-06-04 21:30:00
1780610400000,1760.27,1767.94,1752.16,1758.74,94652.14,2026-06-04 22:00:00
1780612200000,1758.73,1769.91,1751.47,1767.91,87924.809,2026-06-04 22:30:00
1780614000000,1767.92,1776.37,1756.5,1760.39,74677.275,2026-06-04 23:00:00
1780615800000,1760.4,1771.83,1759.56,1770.01,42639.655,2026-06-04 23:30:00
1780617600000,1770.0,1772.57,1759.59,1772.05,57012.307,2026-06-05 00:00:00
1780619400000,1772.06,1774.0,1757.6,1758.74,59377.68,2026-06-05 00:30:00
1780621200000,1758.74,1759.11,1745.3,1754.75,131689.406,2026-06-05 01:00:00
1780623000000,1754.75,1763.56,1751.0,1752.67,67872.715,2026-06-05 01:30:00
1780624800000,1752.67,1754.32,1735.37,1735.7,132867.131,2026-06-05 02:00:00
1780626600000,1735.7,1741.47,1726.54,1729.6,165542.021,2026-06-05 02:30:00
1780628400000,1729.59,1738.85,1721.31,1729.69,177432.705,2026-06-05 03:00:00
1780630200000,1729.69,1739.0,1727.03,1729.2,90459.479,2026-06-05 03:30:00
1780632000000,1729.21,1736.0,1717.0,1735.91,254141.761,2026-06-05 04:00:00
1780633800000,1735.92,1745.55,1724.42,1743.72,162652.894,2026-06-05 04:30:00
1780635600000,1743.72,1747.0,1725.6,1734.19,147997.765,2026-06-05 05:00:00
1780637400000,1734.2,1735.11,1680.08,1683.41,693645.151,2026-06-05 05:30:00
1780639200000,1683.4,1688.25,1620.06,1643.89,1028135.05,2026-06-05 06:00:00
1780641000000,1643.9,1668.56,1642.2,1655.5,308191.918,2026-06-05 06:30:00
1780642800000,1655.51,1662.3,1632.12,1656.75,293771.938,2026-06-05 07:00:00
1780644600000,1656.75,1679.35,1652.27,1678.34,242887.629,2026-06-05 07:30:00
1780646400000,1678.35,1678.79,1662.0,1672.35,134460.717,2026-06-05 08:00:00
1780648200000,1672.35,1675.91,1658.0,1662.97,108990.863,2026-06-05 08:30:00
1780650000000,1662.98,1689.42,1661.76,1683.89,203166.956,2026-06-05 09:00:00
1780651800000,1683.9,1684.91,1676.14,1681.95,94447.789,2026-06-05 09:30:00
1780653600000,1681.95,1684.35,1671.17,1676.0,81608.656,2026-06-05 10:00:00
1780655400000,1676.0,1681.44,1671.59,1675.87,62099.174,2026-06-05 10:30:00
1780657200000,1675.86,1680.89,1667.11,1676.96,98544.118,2026-06-05 11:00:00
1780659000000,1676.97,1678.0,1661.87,1662.4,77710.401,2026-06-05 11:30:00
1780660800000,1662.41,1670.81,1651.02,1663.57,196823.423,2026-06-05 12:00:00
1780662600000,1663.57,1670.93,1645.03,1656.31,230057.213,2026-06-05 12:30:00
1780664400000,1656.31,1673.6,1655.73,1664.41,167982.336,2026-06-05 13:00:00
1780666200000,1664.4,1677.0,1611.08,1613.51,588019.392,2026-06-05 13:30:00
1780668000000,1613.51,1623.34,1588.0,1602.15,750144.539,2026-06-05 14:00:00
1780669800000,1602.15,1622.36,1594.01,1599.47,415698.885,2026-06-05 14:30:00
1780671600000,1599.47,1603.65,1577.0,1593.52,559271.458,2026-06-05 15:00:00
1780673400000,1593.51,1597.86,1570.16,1582.0,358470.607,2026-06-05 15:30:00
1780675200000,1582.0,1607.28,1545.78,1592.96,982830.131,2026-06-05 16:00:00
1780677000000,1592.95,1611.3,1577.62,1607.36,279512.214,2026-06-05 16:30:00
1780678800000,1607.35,1611.83,1586.53,1588.24,230805.888,2026-06-05 17:00:00
1780680600000,1588.25,1602.96,1587.05,1593.19,98649.992,2026-06-05 17:30:00
1780682400000,1593.2,1597.76,1562.0,1564.24,204455.542,2026-06-05 18:00:00
1780684200000,1564.25,1575.48,1543.8,1551.95,402440.439,2026-06-05 18:30:00
1780686000000,1551.96,1559.95,1538.33,1559.72,297481.737,2026-06-05 19:00:00
1780687800000,1559.72,1579.52,1544.24,1572.85,269674.857,2026-06-05 19:30:00
1780689600000,1572.85,1600.84,1555.7,1593.93,352657.002,2026-06-05 20:00:00
1780691400000,1593.93,1607.71,1589.62,1602.51,110796.315,2026-06-05 20:30:00
1780693200000,1602.5,1615.8,1601.3,1610.53,177987.386,2026-06-05 21:00:00
1780695000000,1610.53,1618.96,1606.03,1608.88,60671.123,2026-06-05 21:30:00
1780696800000,1608.87,1609.64,1588.52,1593.94,174543.278,2026-06-05 22:00:00
1780698600000,1593.94,1604.92,1591.01,1596.61,72343.754,2026-06-05 22:30:00
1780700400000,1596.62,1603.46,1567.88,1573.5,154423.67,2026-06-05 23:00:00
1780702200000,1573.51,1583.16,1559.12,1582.49,101568.072,2026-06-05 23:30:00
1780704000000,1582.5,1600.89,1581.84,1594.58,88271.349,2026-06-06 00:00:00
1780705800000,1594.58,1598.98,1590.0,1592.14,46270.033,2026-06-06 00:30:00
1780707600000,1592.13,1595.98,1576.7,1591.86,79667.614,2026-06-06 01:00:00
1780709400000,1591.85,1591.86,1578.7,1582.15,45609.061,2026-06-06 01:30:00
1780711200000,1582.16,1582.57,1565.44,1571.92,94602.432,2026-06-06 02:00:00
1780713000000,1571.91,1584.99,1570.2,1575.2,64661.952,2026-06-06 02:30:00
1780714800000,1575.17,1575.53,1560.91,1565.59,84721.886,2026-06-06 03:00:00
1780716600000,1565.59,1567.01,1553.25,1562.28,107280.74,2026-06-06 03:30:00
1780718400000,1562.29,1569.04,1526.0,1532.56,325849.075,2026-06-06 04:00:00
1780720200000,1532.56,1534.22,1507.82,1521.28,363274.974,2026-06-06 04:30:00
1780722000000,1521.29,1564.24,1503.6,1548.61,481616.046,2026-06-06 05:00:00
1780723800000,1548.61,1568.0,1548.08,1565.74,207621.596,2026-06-06 05:30:00
1780725600000,1565.74,1580.71,1565.62,1573.54,187202.594,2026-06-06 06:00:00
1780727400000,1573.54,1577.97,1553.63,1559.23,155179.313,2026-06-06 06:30:00
1780729200000,1559.23,1579.99,1555.1,1567.09,128213.236,2026-06-06 07:00:00
1780731000000,1567.09,1577.36,1566.04,1574.25,50413.88,2026-06-06 07:30:00
1780732800000,1574.24,1588.38,1568.7,1585.0,108203.255,2026-06-06 08:00:00
1780734600000,1585.0,1592.72,1580.45,1581.65,109168.085,2026-06-06 08:30:00
1780736400000,1581.65,1586.74,1575.35,1586.5,74361.02,2026-06-06 09:00:00
1780738200000,1586.5,1587.94,1564.31,1569.84,125661.616,2026-06-06 09:30:00
1780740000000,1569.84,1569.85,1551.33,1553.62,161682.139,2026-06-06 10:00:00
1780741800000,1553.63,1554.38,1534.4,1547.36,258110.117,2026-06-06 10:30:00
1780743600000,1547.37,1564.45,1546.34,1563.12,143428.828,2026-06-06 11:00:00
1780745400000,1563.12,1566.8,1554.64,1557.93,71881.732,2026-06-06 11:30:00
1780747200000,1557.94,1564.99,1553.44,1553.61,80160.413,2026-06-06 12:00:00
1780749000000,1553.61,1576.26,1550.16,1570.51,121882.947,2026-06-06 12:30:00
1780750800000,1570.51,1572.8,1561.0,1561.23,62561.547,2026-06-06 13:00:00
1780752600000,1561.22,1567.51,1553.39,1556.54,107460.012,2026-06-06 13:30:00
1780754400000,1556.53,1565.92,1555.39,1560.19,58673.851,2026-06-06 14:00:00
1780756200000,1560.18,1566.0,1556.29,1557.13,50861.253,2026-06-06 14:30:00
1780758000000,1557.13,1560.99,1543.1,1554.99,144292.272,2026-06-06 15:00:00
1780759800000,1554.99,1565.0,1552.16,1559.65,85656.154,2026-06-06 15:30:00
1780761600000,1559.64,1565.0,1553.57,1555.5,62427.373,2026-06-06 16:00:00
1780763400000,1555.51,1564.87,1551.68,1562.84,64785.186,2026-06-06 16:30:00
1780765200000,1562.84,1565.7,1555.58,1558.86,46987.255,2026-06-06 17:00:00
1780767000000,1558.86,1564.0,1545.7,1552.31,99278.493,2026-06-06 17:30:00
1780768800000,1552.3,1565.29,1548.87,1562.72,78266.023,2026-06-06 18:00:00
1780770600000,1562.73,1562.89,1551.63,1555.84,40076.01,2026-06-06 18:30:00
1780772400000,1555.84,1562.73,1554.08,1555.24,32784.499,2026-06-06 19:00:00
1780774200000,1555.25,1557.62,1552.6,1553.62,20495.041,2026-06-06 19:30:00
1780776000000,1553.62,1555.14,1550.01,1551.67,44187.107,2026-06-06 20:00:00
1780777800000,1551.68,1559.32,1550.0,1556.68,36922.383,2026-06-06 20:30:00
1780779600000,1556.68,1563.45,1556.63,1560.42,41544.709,2026-06-06 21:00:00
1780781400000,1560.41,1564.2,1556.54,1556.95,20054.217,2026-06-06 21:30:00
1780783200000,1556.94,1561.0,1550.56,1552.48,50299.068,2026-06-06 22:00:00
1780785000000,1552.48,1560.73,1552.01,1557.25,25692.227,2026-06-06 22:30:00
1780786800000,1557.25,1563.0,1555.75,1559.44,31509.897,2026-06-06 23:00:00
1780788600000,1559.44,1569.48,1559.04,1568.62,58577.552,2026-06-06 23:30:00
1780790400000,1568.62,1571.92,1563.03,1565.65,56255.085,2026-06-07 00:00:00
1780792200000,1565.65,1571.19,1564.0,1564.01,34648.828,2026-06-07 00:30:00
1780794000000,1564.01,1595.94,1563.26,1595.2,223504.693,2026-06-07 01:00:00
1780795800000,1595.21,1595.64,1584.11,1589.12,94260.803,2026-06-07 01:30:00
1780797600000,1589.12,1592.69,1581.74,1584.24,63437.735,2026-06-07 02:00:00
1780799400000,1584.24,1594.74,1581.26,1591.43,71668.94,2026-06-07 02:30:00
1780801200000,1591.43,1600.0,1588.33,1594.9,94993.134,2026-06-07 03:00:00
1780803000000,1594.89,1596.88,1589.74,1593.75,48148.491,2026-06-07 03:30:00
1780804800000,1593.75,1594.49,1583.66,1585.67,52532.136,2026-06-07 04:00:00
1780806600000,1585.68,1598.24,1585.14,1595.79,77055.956,2026-06-07 04:30:00
1780808400000,1595.79,1609.83,1592.14,1602.75,181148.497,2026-06-07 05:00:00
1780810200000,1602.76,1607.68,1598.77,1602.84,82800.123,2026-06-07 05:30:00
1780812000000,1602.84,1621.69,1597.19,1616.91,214982.387,2026-06-07 06:00:00
1780813800000,1616.91,1622.73,1609.49,1610.67,145196.449,2026-06-07 06:30:00
1780815600000,1610.68,1614.0,1606.49,1612.7,81781.525,2026-06-07 07:00:00
1780817400000,1612.7,1616.75,1609.4,1614.48,49691.343,2026-06-07 07:30:00
1780819200000,1614.48,1618.0,1607.5,1617.16,79738.61,2026-06-07 08:00:00
1780821000000,1617.15,1642.0,1614.27,1640.63,344219.093,2026-06-07 08:30:00
1780822800000,1640.63,1647.65,1635.45,1640.64,172309.213,2026-06-07 09:00:00
1780824600000,1640.64,1640.65,1627.05,1632.37,123316.592,2026-06-07 09:30:00
1780826400000,1632.37,1634.62,1626.74,1632.4,71878.28,2026-06-07 10:00:00
1780828200000,1632.4,1634.86,1623.42,1625.0,79160.626,2026-06-07 10:30:00
1780830000000,1625.0,1629.55,1621.25,1627.5,70450.14,2026-06-07 11:00:00
1780831800000,1627.5,1633.38,1625.06,1629.16,61590.424,2026-06-07 11:30:00
1780833600000,1629.16,1630.4,1607.54,1610.0,216489.471,2026-06-07 12:00:00
1780835400000,1610.0,1621.46,1605.13,1619.05,185450.827,2026-06-07 12:30:00
1780837200000,1619.04,1621.95,1612.2,1619.94,74169.492,2026-06-07 13:00:00
1780839000000,1619.94,1621.48,1613.52,1616.28,42297.633,2026-06-07 13:30:00
1780840800000,1616.27,1632.88,1615.63,1629.52,132264.037,2026-06-07 14:00:00
1780842600000,1629.52,1639.64,1620.5,1627.03,167656.258,2026-06-07 14:30:00
1780844400000,1627.04,1631.41,1620.0,1630.97,85475.231,2026-06-07 15:00:00
1780846200000,1630.98,1635.44,1626.0,1629.19,76344.303,2026-06-07 15:30:00
1780848000000,1629.19,1632.24,1622.3,1627.05,65578.948,2026-06-07 16:00:00
1780849800000,1627.06,1632.91,1624.64,1627.63,39247.657,2026-06-07 16:30:00
1780851600000,1627.64,1636.5,1626.57,1634.13,57433.819,2026-06-07 17:00:00
1780853400000,1634.14,1636.9,1627.6,1630.26,39669.299,2026-06-07 17:30:00
1780855200000,1630.27,1634.5,1627.6,1632.15,42967.282,2026-06-07 18:00:00
1780857000000,1632.15,1635.71,1628.35,1629.32,32193.883,2026-06-07 18:30:00
1780858800000,1629.33,1629.54,1602.0,1610.0,217901.301,2026-06-07 19:00:00
1780860600000,1609.99,1616.61,1604.03,1611.89,81568.992,2026-06-07 19:30:00
1780862400000,1611.88,1630.87,1608.11,1623.94,91565.797,2026-06-07 20:00:00
1780864200000,1623.94,1630.1,1621.45,1626.95,40903.382,2026-06-07 20:30:00
1780866000000,1626.96,1631.76,1622.6,1627.29,28969.887,2026-06-07 21:00:00
1780867800000,1627.29,1633.9,1624.1,1633.83,21867.229,2026-06-07 21:30:00
1780869600000,1633.83,1723.22,1628.06,1675.57,624534.115,2026-06-07 22:00:00
1780871400000,1675.57,1689.13,1668.89,1671.76,147558.005,2026-06-07 22:30:00
1780873200000,1671.77,1684.58,1669.86,1684.28,89827.358,2026-06-07 23:00:00
1780875000000,1684.28,1692.0,1678.13,1689.63,75466.669,2026-06-07 23:30:00
1780876800000,1689.62,1697.99,1682.3,1697.62,90746.972,2026-06-08 00:00:00
1780878600000,1697.62,1711.31,1692.59,1696.72,172854.377,2026-06-08 00:30:00
1780880400000,1696.71,1699.5,1671.96,1673.77,140307.187,2026-06-08 01:00:00
1780882200000,1673.77,1687.62,1670.31,1686.24,97984.62,2026-06-08 01:30:00
1780884000000,1686.25,1688.58,1678.71,1684.11,55903.264,2026-06-08 02:00:00
1780885800000,1684.11,1685.98,1675.91,1682.87,49312.636,2026-06-08 02:30:00
1780887600000,1682.88,1692.3,1678.08,1680.0,79628.053,2026-06-08 03:00:00
1780889400000,1680.0,1682.76,1676.01,1678.88,40996.598,2026-06-08 03:30:00
1780891200000,1678.89,1680.0,1661.35,1665.8,137003.962,2026-06-08 04:00:00
1780893000000,1665.8,1667.48,1654.72,1656.08,119797.418,2026-06-08 04:30:00
1780894800000,1656.01,1659.0,1646.16,1655.84,142963.041,2026-06-08 05:00:00
1780896600000,1655.84,1656.24,1643.54,1652.86,93456.935,2026-06-08 05:30:00
1780898400000,1652.86,1669.1,1651.69,1666.69,161087.49,2026-06-08 06:00:00
1780900200000,1666.69,1667.17,1661.38,1665.64,47219.782,2026-06-08 06:30:00
1780902000000,1665.64,1675.96,1660.61,1672.91,110236.435,2026-06-08 07:00:00
1780903800000,1672.91,1678.53,1670.52,1672.59,85418.382,2026-06-08 07:30:00
1780905600000,1672.58,1672.58,1661.2,1666.27,73741.748,2026-06-08 08:00:00
1780907400000,1666.28,1668.96,1656.18,1660.26,81801.908,2026-06-08 08:30:00
1780909200000,1660.26,1670.93,1656.55,1662.0,82749.594,2026-06-08 09:00:00
1780911000000,1662.0,1671.56,1656.24,1669.92,93593.646,2026-06-08 09:30:00
1780912800000,1669.93,1671.99,1661.16,1664.44,62313.46,2026-06-08 10:00:00
1780914600000,1664.45,1676.58,1660.58,1671.49,90390.224,2026-06-08 10:30:00
1780916400000,1671.48,1694.8,1666.56,1687.73,218757.511,2026-06-08 11:00:00
1780918200000,1687.73,1696.28,1680.57,1682.78,131487.774,2026-06-08 11:30:00
1780920000000,1682.77,1688.49,1665.0,1678.45,227143.152,2026-06-08 12:00:00
1780921800000,1678.45,1697.74,1676.87,1694.31,169848.45,2026-06-08 12:30:00
1780923600000,1694.31,1695.96,1685.59,1687.68,97822.527,2026-06-08 13:00:00
1780925400000,1687.68,1691.94,1677.39,1680.78,159627.829,2026-06-08 13:30:00
1780927200000,1680.77,1688.5,1675.8,1683.7,90223.844,2026-06-08 14:00:00
1780929000000,1683.7,1693.64,1681.6,1690.41,78505.08,2026-06-08 14:30:00
1780930800000,1690.42,1705.68,1689.66,1694.76,192931.187,2026-06-08 15:00:00
1780932600000,1694.77,1699.72,1687.5,1690.66,106790.905,2026-06-08 15:30:00
1780934400000,1690.66,1702.88,1686.63,1696.29,91762.059,2026-06-08 16:00:00
1780936200000,1696.28,1696.8,1681.45,1681.5,105957.516,2026-06-08 16:30:00
1780938000000,1681.5,1686.99,1673.99,1685.27,133585.901,2026-06-08 17:00:00
1780939800000,1685.28,1685.73,1676.22,1685.53,52459.556,2026-06-08 17:30:00
1780941600000,1685.53,1691.64,1683.67,1687.16,66672.358,2026-06-08 18:00:00
1780943400000,1687.16,1688.97,1677.6,1683.45,37860.858,2026-06-08 18:30:00
1780945200000,1683.45,1689.83,1680.2,1686.53,50597.214,2026-06-08 19:00:00
1780947000000,1686.53,1689.59,1681.16,1683.65,51433.981,2026-06-08 19:30:00
1780948800000,1683.66,1687.68,1677.04,1678.49,46622.147,2026-06-08 20:00:00
1780950600000,1678.49,1688.59,1678.0,1688.58,31409.171,2026-06-08 20:30:00
1780952400000,1688.59,1713.59,1688.59,1708.42,135504.94,2026-06-08 21:00:00
1780954200000,1708.43,1713.31,1702.44,1702.44,40534.707,2026-06-08 21:30:00
1780956000000,1702.44,1702.44,1687.21,1694.12,82241.168,2026-06-08 22:00:00
1780957800000,1694.12,1703.27,1690.49,1702.21,43058.76,2026-06-08 22:30:00
1780959600000,1702.2,1713.69,1693.74,1696.5,92893.236,2026-06-08 23:00:00
1780961400000,1696.5,1699.0,1685.28,1689.19,71541.59,2026-06-08 23:30:00
1780963200000,1689.18,1695.89,1670.1,1674.52,164733.561,2026-06-09 00:00:00
1780965000000,1674.52,1676.01,1657.6,1662.16,221995.256,2026-06-09 00:30:00
1780966800000,1662.15,1673.0,1657.64,1669.2,94516.201,2026-06-09 01:00:00
1780968600000,1669.2,1673.18,1665.38,1667.96,49773.368,2026-06-09 01:30:00
1780970400000,1667.95,1671.61,1659.54,1664.77,58709.34,2026-06-09 02:00:00
1780972200000,1664.77,1667.73,1653.6,1667.17,84758.251,2026-06-09 02:30:00
1780974000000,1667.16,1670.87,1664.27,1667.6,60155.591,2026-06-09 03:00:00
1780975800000,1667.59,1669.61,1662.9,1668.47,41469.778,2026-06-09 03:30:00
1780977600000,1668.46,1671.69,1664.01,1665.11,47168.838,2026-06-09 04:00:00
1780979400000,1665.12,1695.62,1663.27,1685.4,258533.056,2026-06-09 04:30:00
1780981200000,1685.4,1690.93,1680.5,1687.01,77834.677,2026-06-09 05:00:00
1780983000000,1687.01,1694.48,1686.0,1687.42,52244.948,2026-06-09 05:30:00
1780984800000,1687.42,1694.93,1684.32,1691.88,63919.406,2026-06-09 06:00:00
1780986600000,1691.87,1692.9,1682.66,1684.99,52964.101,2026-06-09 06:30:00
1780988400000,1684.99,1690.79,1673.22,1675.0,92547.496,2026-06-09 07:00:00
1780990200000,1675.01,1681.17,1674.78,1679.15,54005.394,2026-06-09 07:30:00
1780992000000,1679.16,1679.83,1667.34,1674.34,114642.815,2026-06-09 08:00:00
1780993800000,1674.33,1678.64,1672.63,1674.26,44860.899,2026-06-09 08:30:00
1780995600000,1674.25,1679.29,1671.71,1674.0,44290.975,2026-06-09 09:00:00
1780997400000,1674.0,1674.32,1664.0,1669.62,80360.675,2026-06-09 09:30:00
1780999200000,1669.61,1674.24,1666.01,1672.46,43322.783,2026-06-09 10:00:00
1781001000000,1672.47,1675.9,1668.3,1673.58,37248.224,2026-06-09 10:30:00
1781002800000,1673.58,1674.61,1665.01,1667.73,48570.518,2026-06-09 11:00:00
1781004600000,1667.73,1673.0,1666.55,1670.78,32612.987,2026-06-09 11:30:00
1781006400000,1670.77,1684.15,1670.14,1675.92,118781.429,2026-06-09 12:00:00
1781008200000,1675.91,1678.42,1670.2,1675.78,53621.272,2026-06-09 12:30:00
1781010000000,1675.79,1679.66,1666.01,1669.62,91613.815,2026-06-09 13:00:00
1781011800000,1669.62,1677.3,1662.56,1665.83,137453.134,2026-06-09 13:30:00
1781013600000,1665.82,1670.14,1637.0,1638.72,369383.624,2026-06-09 14:00:00
1781015400000,1638.72,1645.48,1631.88,1645.08,275030.902,2026-06-09 14:30:00
1781017200000,1645.08,1653.57,1638.51,1639.12,189777.952,2026-06-09 15:00:00
1781019000000,1639.11,1644.35,1633.9,1635.64,142452.143,2026-06-09 15:30:00
1781020800000,1635.63,1638.72,1621.43,1629.73,265699.041,2026-06-09 16:00:00
1781022600000,1629.73,1634.76,1612.68,1631.33,287367.31,2026-06-09 16:30:00
1781024400000,1631.33,1648.89,1631.33,1643.95,190166.031,2026-06-09 17:00:00
1781026200000,1643.96,1648.3,1638.7,1642.0,80961.679,2026-06-09 17:30:00
1781028000000,1642.0,1655.3,1638.96,1648.1,101379.419,2026-06-09 18:00:00
1781029800000,1648.11,1652.98,1645.79,1651.41,41804.347,2026-06-09 18:30:00
1781031600000,1651.42,1654.54,1647.25,1651.57,38126.201,2026-06-09 19:00:00
1781033400000,1651.57,1657.82,1646.72,1656.53,74063.815,2026-06-09 19:30:00
1781035200000,1656.53,1662.8,1654.75,1657.43,69521.248,2026-06-09 20:00:00
1781037000000,1657.43,1661.7,1654.47,1659.98,28229.811,2026-06-09 20:30:00
1781038800000,1659.97,1660.97,1650.13,1650.67,35495.725,2026-06-09 21:00:00
1781040600000,1650.68,1652.51,1646.35,1649.58,32054.761,2026-06-09 21:30:00
1781042400000,1649.59,1654.26,1644.75,1647.61,35746.89,2026-06-09 22:00:00
1781044200000,1647.61,1650.19,1638.05,1639.01,49206.705,2026-06-09 22:30:00
1781046000000,1639.01,1642.0,1633.76,1634.46,56137.823,2026-06-09 23:00:00
1781047800000,1634.45,1640.52,1629.0,1638.8,59843.715,2026-06-09 23:30:00
1781049600000,1638.81,1644.08,1637.5,1642.73,45482.913,2026-06-10 00:00:00
1781051400000,1642.74,1646.31,1628.3,1644.86,86835.419,2026-06-10 00:30:00
1781053200000,1644.86,1646.29,1638.0,1641.32,46114.473,2026-06-10 01:00:00
1781055000000,1641.32,1642.87,1632.46,1638.3,57020.92,2026-06-10 01:30:00
1781056800000,1638.3,1641.79,1624.24,1630.28,90209.172,2026-06-10 02:00:00
1781058600000,1630.29,1631.73,1620.5,1623.3,84764.68,2026-06-10 02:30:00
1781060400000,1623.3,1635.89,1622.61,1635.52,66569.84,2026-06-10 03:00:00
1781062200000,1635.53,1635.58,1628.02,1629.84,40526.278,2026-06-10 03:30:00
1781064000000,1629.83,1632.21,1625.2,1629.77,36376.614,2026-06-10 04:00:00
1781065800000,1629.76,1629.77,1621.2,1625.27,58530.192,2026-06-10 04:30:00
1781067600000,1625.28,1627.0,1615.23,1625.37,99925.246,2026-06-10 05:00:00
1781069400000,1625.37,1629.36,1621.13,1627.31,52006.397,2026-06-10 05:30:00
1781071200000,1627.32,1631.4,1625.2,1627.8,38869.883,2026-06-10 06:00:00
1781073000000,1627.79,1633.64,1621.75,1631.07,66160.839,2026-06-10 06:30:00
1781074800000,1631.07,1637.99,1629.87,1635.99,56212.989,2026-06-10 07:00:00
1781076600000,1636.0,1643.68,1635.07,1639.41,79411.078,2026-06-10 07:30:00
1781078400000,1639.42,1640.0,1631.51,1633.2,61247.773,2026-06-10 08:00:00
1781080200000,1633.19,1635.0,1617.19,1620.56,140386.244,2026-06-10 08:30:00
1781082000000,1620.56,1622.92,1605.0,1618.24,211166.003,2026-06-10 09:00:00
1781083800000,1618.24,1626.52,1615.7,1622.94,91595.367,2026-06-10 09:30:00
1781085600000,1622.93,1625.0,1617.12,1623.85,45552.737,2026-06-10 10:00:00
1781087400000,1623.85,1629.37,1623.34,1627.39,55615.197,2026-06-10 10:30:00
1781089200000,1627.4,1629.26,1610.41,1615.94,202190.051,2026-06-10 11:00:00
1781091000000,1615.97,1622.8,1614.17,1619.07,43467.816,2026-06-10 11:30:00
1781092800000,1619.08,1624.77,1614.7,1624.38,82410.163,2026-06-10 12:00:00
1781094600000,1624.37,1645.0,1622.74,1634.31,318657.867,2026-06-10 12:30:00
1781096400000,1634.3,1637.76,1630.64,1636.07,73589.986,2026-06-10 13:00:00
1781098200000,1636.07,1667.6,1634.14,1650.96,382777.568,2026-06-10 13:30:00
1781100000000,1650.96,1654.9,1641.33,1645.56,177306.119,2026-06-10 14:00:00
1781101800000,1645.56,1648.05,1636.33,1645.84,148926.344,2026-06-10 14:30:00
1781103600000,1645.85,1652.95,1635.17,1648.15,154742.445,2026-06-10 15:00:00
1781105400000,1648.16,1664.88,1641.1,1657.12,217297.358,2026-06-10 15:30:00
1781107200000,1657.11,1658.13,1642.05,1648.32,110986.7,2026-06-10 16:00:00
1781109000000,1648.32,1651.55,1631.34,1641.43,137665.645,2026-06-10 16:30:00
1781110800000,1641.43,1646.8,1626.32,1627.52,119676.081,2026-06-10 17:00:00
1781112600000,1627.53,1635.73,1621.68,1631.52,176213.642,2026-06-10 17:30:00
1781114400000,1631.52,1636.82,1626.05,1635.53,65374.134,2026-06-10 18:00:00
1781116200000,1635.54,1635.54,1621.65,1630.18,72703.925,2026-06-10 18:30:00
1781118000000,1630.19,1632.31,1622.19,1626.6,46620.487,2026-06-10 19:00:00
1781119800000,1626.61,1632.86,1624.79,1629.4,46059.039,2026-06-10 19:30:00
1781121600000,1629.4,1635.5,1622.47,1632.0,59775.913,2026-06-10 20:00:00
1781123400000,1631.99,1632.08,1624.52,1629.55,28801.589,2026-06-10 20:30:00
1781125200000,1629.56,1629.69,1614.48,1618.18,76130.866,2026-06-10 21:00:00
1781127000000,1618.18,1624.29,1601.29,1610.31,136555.523,2026-06-10 21:30:00
1781128800000,1610.31,1613.6,1603.28,1609.6,68757.283,2026-06-10 22:00:00
1781130600000,1609.59,1621.3,1608.96,1615.57,64667.672,2026-06-10 22:30:00
1781132400000,1615.58,1621.66,1608.14,1620.88,69891.597,2026-06-10 23:00:00
1781134200000,1620.88,1624.72,1618.1,1620.59,41220.266,2026-06-10 23:30:00
1781136000000,1620.6,1633.75,1620.6,1629.99,82598.841,2026-06-11 00:00:00
1781137800000,1629.99,1631.0,1625.31,1627.59,42122.685,2026-06-11 00:30:00
1781139600000,1627.58,1640.87,1627.49,1639.62,82105.799,2026-06-11 01:00:00
1781141400000,1639.62,1646.97,1637.75,1641.99,73767.043,2026-06-11 01:30:00
1781143200000,1642.0,1643.64,1633.28,1633.77,59925.027,2026-06-11 02:00:00
1781145000000,1633.78,1645.18,1629.52,1639.99,74903.815,2026-06-11 02:30:00
1781146800000,1639.99,1642.54,1634.88,1638.71,40440.741,2026-06-11 03:00:00
1781148600000,1638.72,1662.0,1638.5,1652.99,188824.317,2026-06-11 03:30:00
1781150400000,1652.99,1654.07,1649.54,1650.23,54559.106,2026-06-11 04:00:00
1781152200000,1650.22,1658.7,1648.7,1655.91,51440.555,2026-06-11 04:30:00
1781154000000,1655.91,1656.0,1646.35,1648.56,52300.275,2026-06-11 05:00:00
1781155800000,1648.56,1651.26,1646.75,1647.02,27522.566,2026-06-11 05:30:00
1781157600000,1647.04,1661.5,1645.12,1658.11,107989.59,2026-06-11 06:00:00
1781159400000,1658.11,1662.42,1653.59,1653.84,65506.933,2026-06-11 06:30:00
1781161200000,1653.84,1657.58,1651.04,1656.14,45277.075,2026-06-11 07:00:00
1781163000000,1656.13,1657.32,1650.6,1653.39,29901.782,2026-06-11 07:30:00
1781164800000,1653.38,1661.11,1653.38,1660.03,51127.097,2026-06-11 08:00:00
1781166600000,1660.03,1663.64,1658.0,1658.92,61852.586,2026-06-11 08:30:00
1781168400000,1658.92,1660.47,1655.32,1656.19,36890.659,2026-06-11 09:00:00
1781170200000,1656.2,1661.2,1656.1,1658.06,32745.953,2026-06-11 09:30:00
1781172000000,1658.05,1659.3,1652.89,1655.58,44061.217,2026-06-11 10:00:00
1781173800000,1655.58,1660.71,1655.5,1657.73,48849.768,2026-06-11 10:30:00
1781175600000,1657.72,1663.81,1654.7,1662.41,80258.636,2026-06-11 11:00:00
1781177400000,1662.41,1673.64,1660.06,1665.84,141738.838,2026-06-11 11:30:00
1781179200000,1665.83,1665.99,1644.72,1647.62,175868.637,2026-06-11 12:00:00
1781181000000,1647.63,1653.77,1641.67,1650.77,154412.396,2026-06-11 12:30:00
1781182800000,1650.77,1653.75,1646.41,1647.84,50922.865,2026-06-11 13:00:00
1781184600000,1647.84,1658.99,1643.16,1652.64,151992.362,2026-06-11 13:30:00
1781186400000,1652.64,1654.63,1638.0,1648.83,166530.072,2026-06-11 14:00:00
1781188200000,1648.83,1654.64,1641.8,1642.03,109235.923,2026-06-11 14:30:00
1781190000000,1642.03,1649.25,1635.22,1645.16,114588.821,2026-06-11 15:00:00
1781191800000,1645.16,1650.0,1640.26,1644.72,62136.454,2026-06-11 15:30:00
1781193600000,1644.72,1648.8,1638.62,1640.87,69305.121,2026-06-11 16:00:00
1781195400000,1640.87,1647.46,1637.2,1638.88,69569.179,2026-06-11 16:30:00
1781197200000,1638.88,1654.0,1631.29,1653.46,172332.789,2026-06-11 17:00:00
1781199000000,1653.46,1692.8,1653.17,1687.74,571795.672,2026-06-11 17:30:00
1781200800000,1687.75,1691.0,1676.08,1679.75,185489.469,2026-06-11 18:00:00
1781202600000,1679.74,1686.13,1679.01,1683.0,52989.501,2026-06-11 18:30:00
1781204400000,1683.0,1685.48,1675.15,1679.06,83648.823,2026-06-11 19:00:00
1781206200000,1679.07,1694.32,1679.06,1680.32,114240.092,2026-06-11 19:30:00
1781208000000,1680.32,1682.22,1668.1,1669.76,83811.728,2026-06-11 20:00:00
1781209800000,1669.76,1672.25,1666.41,1671.52,55034.896,2026-06-11 20:30:00
1781211600000,1671.52,1682.59,1671.36,1678.06,48357.264,2026-06-11 21:00:00
1781213400000,1678.06,1680.0,1674.78,1676.26,21120.406,2026-06-11 21:30:00
1781215200000,1676.26,1682.36,1674.32,1677.0,31911.167,2026-06-11 22:00:00
1781217000000,1676.99,1680.9,1674.12,1675.01,22997.798,2026-06-11 22:30:00
1781218800000,1675.01,1675.01,1669.2,1669.51,27117.758,2026-06-11 23:00:00
1781220600000,1669.51,1678.52,1669.5,1672.67,36910.778,2026-06-11 23:30:00
1781222400000,1672.67,1677.14,1668.84,1671.82,42577.076,2026-06-12 00:00:00
1781224200000,1671.81,1676.34,1670.65,1671.78,22713.137,2026-06-12 00:30:00
1781226000000,1671.78,1671.96,1658.5,1662.1,74343.87,2026-06-12 01:00:00
1781227800000,1662.1,1666.54,1661.32,1666.35,36506.547,2026-06-12 01:30:00
1781229600000,1666.35,1676.99,1666.02,1672.29,58109.718,2026-06-12 02:00:00
1781231400000,1672.29,1677.75,1671.57,1674.84,29266.859,2026-06-12 02:30:00
1781233200000,1674.84,1675.8,1667.56,1670.58,30391.927,2026-06-12 03:00:00
1781235000000,1670.57,1673.51,1669.18,1672.36,22671.11,2026-06-12 03:30:00
1781236800000,1672.36,1678.98,1668.12,1676.29,45854.649,2026-06-12 04:00:00
1781238600000,1676.29,1680.91,1676.0,1676.4,36005.308,2026-06-12 04:30:00
1781240400000,1676.4,1677.0,1666.18,1667.6,65984.557,2026-06-12 05:00:00
1781242200000,1667.59,1668.6,1661.03,1663.4,67107.981,2026-06-12 05:30:00
1781244000000,1663.39,1666.09,1657.2,1659.43,69301.629,2026-06-12 06:00:00
1781245800000,1659.42,1659.42,1651.02,1656.55,110133.923,2026-06-12 06:30:00
1781247600000,1656.54,1660.89,1655.24,1657.91,50759.966,2026-06-12 07:00:00
1781249400000,1657.91,1663.98,1657.75,1661.08,40938.616,2026-06-12 07:30:00
1781251200000,1661.08,1677.78,1661.04,1673.99,139523.352,2026-06-12 08:00:00
1781253000000,1674.0,1674.94,1668.49,1672.35,47492.684,2026-06-12 08:30:00
1781254800000,1672.32,1679.5,1670.23,1679.02,60277.8,2026-06-12 09:00:00
1781256600000,1679.01,1684.76,1678.59,1679.02,96046.684,2026-06-12 09:30:00
1781258400000,1679.03,1682.5,1670.6,1672.06,73736.236,2026-06-12 10:00:00
1781260200000,1672.07,1676.07,1672.01,1673.9,31108.29,2026-06-12 10:30:00
1781262000000,1673.9,1677.73,1673.06,1675.26,26067.511,2026-06-12 11:00:00
1781263800000,1675.27,1676.39,1671.1,1672.76,29984.606,2026-06-12 11:30:00
1781265600000,1672.77,1672.77,1665.51,1665.89,59997.124,2026-06-12 12:00:00
1781267400000,1665.88,1669.2,1662.07,1665.71,71866.122,2026-06-12 12:30:00
1781269200000,1665.71,1668.0,1663.0,1665.48,52654.749,2026-06-12 13:00:00
1781271000000,1665.49,1666.65,1652.52,1656.65,194586.522,2026-06-12 13:30:00
1781272800000,1656.66,1671.59,1655.14,1669.67,147297.883,2026-06-12 14:00:00
1781274600000,1669.67,1685.31,1666.2,1684.79,210293.842,2026-06-12 14:30:00
1781276400000,1684.79,1690.63,1679.0,1681.63,222684.501,2026-06-12 15:00:00
1781278200000,1681.63,1681.76,1657.47,1659.39,248084.277,2026-06-12 15:30:00
1781280000000,1659.39,1674.99,1656.47,1669.84,156168.82,2026-06-12 16:00:00
1781281800000,1669.84,1675.37,1665.02,1672.19,70785.664,2026-06-12 16:30:00
1781283600000,1672.19,1677.45,1666.54,1669.61,66192.451,2026-06-12 17:00:00
1781285400000,1669.6,1671.65,1667.04,1668.17,30369.807,2026-06-12 17:30:00
1781287200000,1668.17,1671.0,1662.64,1666.24,67353.929,2026-06-12 18:00:00
1781289000000,1666.24,1672.88,1664.88,1666.02,37824.563,2026-06-12 18:30:00
1781290800000,1666.02,1670.23,1665.7,1668.67,30779.25,2026-06-12 19:00:00
1781292600000,1668.67,1671.66,1663.87,1665.12,47228.982,2026-06-12 19:30:00
1781294400000,1665.13,1667.21,1663.21,1665.56,23981.566,2026-06-12 20:00:00
1781296200000,1665.56,1666.62,1661.12,1664.13,22250.902,2026-06-12 20:30:00
1781298000000,1664.14,1667.19,1662.28,1665.39,17453.744,2026-06-12 21:00:00
1781299800000,1665.38,1666.5,1662.29,1663.27,12942.932,2026-06-12 21:30:00
1781301600000,1663.26,1666.6,1662.1,1664.06,20224.327,2026-06-12 22:00:00
1781303400000,1664.05,1665.0,1660.53,1661.65,16008.419,2026-06-12 22:30:00
1781305200000,1661.65,1662.34,1657.77,1661.27,23321.746,2026-06-12 23:00:00
1781307000000,1661.27,1665.83,1660.64,1665.58,17321.439,2026-06-12 23:30:00
1781308800000,1665.58,1668.42,1664.35,1665.67,22352.335,2026-06-13 00:00:00
1781310600000,1665.68,1668.2,1664.73,1666.58,25871.351,2026-06-13 00:30:00
1781312400000,1666.59,1670.24,1665.78,1667.44,20290.413,2026-06-13 01:00:00
1781314200000,1667.45,1675.8,1666.66,1673.19,52061.685,2026-06-13 01:30:00
1781316000000,1673.2,1673.68,1668.68,1669.1,27670.285,2026-06-13 02:00:00
1781317800000,1669.1,1669.64,1664.17,1667.23,32463.073,2026-06-13 02:30:00
1781319600000,1667.22,1668.88,1662.04,1663.78,30087.509,2026-06-13 03:00:00
1781321400000,1663.77,1665.61,1663.21,1664.36,13248.708,2026-06-13 03:30:00
1781323200000,1664.35,1666.49,1662.6,1664.79,26880.591,2026-06-13 04:00:00
1781325000000,1664.8,1667.5,1663.52,1663.65,17934.257,2026-06-13 04:30:00
1781326800000,1663.65,1664.95,1662.66,1663.72,16141.346,2026-06-13 05:00:00
1781328600000,1663.72,1664.88,1661.3,1664.49,15676.613,2026-06-13 05:30:00
1781330400000,1664.49,1665.99,1663.0,1665.99,11958.802,2026-06-13 06:00:00
1781332200000,1665.99,1669.39,1665.51,1668.86,21297.803,2026-06-13 06:30:00
1781334000000,1668.86,1674.36,1667.44,1672.69,45043.581,2026-06-13 07:00:00
1781335800000,1672.68,1676.96,1671.56,1675.34,63466.07,2026-06-13 07:30:00
1781337600000,1675.34,1679.5,1672.26,1674.07,79640.731,2026-06-13 08:00:00
1781339400000,1674.06,1677.0,1673.04,1673.46,34917.151,2026-06-13 08:30:00
1781341200000,1673.45,1675.45,1672.16,1672.81,17031.384,2026-06-13 09:00:00
1781343000000,1672.82,1674.14,1671.6,1672.69,18119.105,2026-06-13 09:30:00
1781344800000,1672.7,1673.98,1671.9,1672.52,15061.847,2026-06-13 10:00:00
1781346600000,1672.52,1675.72,1671.96,1673.2,17891.846,2026-06-13 10:30:00
1781348400000,1673.23,1677.76,1672.36,1677.39,29345.568,2026-06-13 11:00:00
1781350200000,1677.38,1677.55,1675.81,1677.39,21053.453,2026-06-13 11:30:00
1781352000000,1677.38,1677.5,1676.0,1676.24,14277.082,2026-06-13 12:00:00
1781353800000,1676.23,1683.0,1676.23,1679.69,58133.323,2026-06-13 12:30:00
1781355600000,1679.7,1680.39,1677.18,1679.84,24337.397,2026-06-13 13:00:00
1781357400000,1679.83,1680.64,1675.66,1677.13,40905.849,2026-06-13 13:30:00
1781359200000,1677.13,1680.77,1676.57,1677.91,22133.939,2026-06-13 14:00:00
1781361000000,1677.91,1680.0,1677.82,1679.05,16524.833,2026-06-13 14:30:00
1781362800000,1679.06,1682.88,1677.57,1682.5,39902.689,2026-06-13 15:00:00
1781364600000,1682.51,1686.74,1678.14,1681.32,71289.77,2026-06-13 15:30:00
1781366400000,1681.32,1682.08,1670.39,1672.3,104091.878,2026-06-13 16:00:00
1781368200000,1672.3,1679.89,1671.2,1676.03,63251.487,2026-06-13 16:30:00
1781370000000,1676.03,1676.88,1673.2,1676.86,22222.867,2026-06-13 17:00:00
1781371800000,1676.87,1677.79,1672.36,1673.51,24951.084,2026-06-13 17:30:00
1781373600000,1673.5,1679.2,1673.3,1678.9,14662.67,2026-06-13 18:00:00
1781375400000,1678.9,1681.85,1675.01,1677.61,36511.54,2026-06-13 18:30:00
1781377200000,1677.6,1678.52,1674.83,1676.06,10189.697,2026-06-13 19:00:00
1781379000000,1676.06,1679.52,1675.61,1677.44,12705.653,2026-06-13 19:30:00
1781380800000,1677.45,1677.56,1675.01,1675.18,12213.367,2026-06-13 20:00:00
1781382600000,1675.18,1676.11,1674.18,1675.77,10693.986,2026-06-13 20:30:00
1781384400000,1675.77,1676.48,1673.83,1675.45,8246.172,2026-06-13 21:00:00
1781386200000,1675.44,1697.4,1675.39,1685.69,103810.706,2026-06-13 21:30:00
1781388000000,1685.68,1685.94,1681.43,1684.26,21650.472,2026-06-13 22:00:00
1781389800000,1684.26,1685.0,1680.46,1680.61,18068.417,2026-06-13 22:30:00
1781391600000,1680.61,1683.63,1679.11,1679.43,18618.968,2026-06-13 23:00:00
1781393400000,1679.43,1680.86,1677.0,1680.35,19414.818,2026-06-13 23:30:00
1781395200000,1680.36,1680.98,1677.88,1679.16,16182.425,2026-06-14 00:00:00
1781397000000,1679.16,1682.75,1679.0,1681.36,18535.226,2026-06-14 00:30:00
1781398800000,1681.35,1690.81,1679.35,1685.92,44844.395,2026-06-14 01:00:00
1781400600000,1685.92,1685.93,1682.68,1683.02,18751.117,2026-06-14 01:30:00
1781402400000,1683.03,1685.0,1681.51,1682.19,17293.939,2026-06-14 02:00:00
1781404200000,1682.19,1683.33,1680.59,1681.51,20231.895,2026-06-14 02:30:00
1781406000000,1681.51,1682.48,1680.61,1681.9,13724.411,2026-06-14 03:00:00
1781407800000,1681.89,1682.1,1679.0,1680.86,25102.773,2026-06-14 03:30:00
1781409600000,1680.85,1681.86,1679.0,1679.82,12311.111,2026-06-14 04:00:00
1781411400000,1679.83,1679.83,1675.01,1677.11,41303.021,2026-06-14 04:30:00
1781413200000,1677.11,1678.35,1674.14,1674.92,23757.445,2026-06-14 05:00:00
1781415000000,1674.92,1678.14,1672.62,1677.32,29594.269,2026-06-14 05:30:00
1781416800000,1677.33,1681.56,1675.68,1678.4,42668.992,2026-06-14 06:00:00
1781418600000,1678.4,1678.57,1674.56,1675.68,30883.453,2026-06-14 06:30:00
1781420400000,1675.68,1677.0,1673.0,1675.91,28302.609,2026-06-14 07:00:00
1781422200000,1675.91,1676.06,1673.2,1675.11,18763.967,2026-06-14 07:30:00
1781424000000,1675.11,1677.98,1673.68,1677.22,21862.671,2026-06-14 08:00:00
1781425800000,1677.22,1677.86,1674.2,1674.8,16908.408,2026-06-14 08:30:00
1781427600000,1674.8,1676.0,1667.45,1670.55,88511.006,2026-06-14 09:00:00
1781429400000,1670.54,1678.27,1670.16,1677.44,60206.593,2026-06-14 09:30:00
1781431200000,1677.44,1677.86,1674.5,1675.84,22940.276,2026-06-14 10:00:00
1781433000000,1675.85,1677.06,1672.32,1672.38,15344.985,2026-06-14 10:30:00
1781434800000,1672.37,1674.53,1671.61,1674.18,17402.014,2026-06-14 11:00:00
1781436600000,1674.19,1676.52,1672.74,1672.93,14039.835,2026-06-14 11:30:00
1781438400000,1672.94,1673.86,1672.0,1672.34,15657.274,2026-06-14 12:00:00
1781440200000,1672.34,1672.57,1664.14,1666.23,97177.122,2026-06-14 12:30:00
1781442000000,1666.22,1668.34,1664.56,1665.29,36248.423,2026-06-14 13:00:00
1781443800000,1665.29,1668.99,1663.12,1665.82,37716.826,2026-06-14 13:30:00
1781445600000,1665.82,1669.45,1662.37,1664.17,42511.605,2026-06-14 14:00:00
1781447400000,1664.17,1664.34,1653.61,1658.8,158431.644,2026-06-14 14:30:00
1781449200000,1658.79,1663.85,1658.68,1662.35,57037.842,2026-06-14 15:00:00
1781451000000,1662.36,1664.0,1660.22,1662.09,26710.209,2026-06-14 15:30:00
1781452800000,1662.09,1667.57,1661.36,1666.51,36862.97,2026-06-14 16:00:00
1781454600000,1666.5,1667.73,1658.56,1660.64,48505.502,2026-06-14 16:30:00
1781456400000,1660.63,1665.56,1660.01,1663.45,30047.538,2026-06-14 17:00:00
1781458200000,1663.46,1666.0,1660.66,1661.53,38160.488,2026-06-14 17:30:00
1781460000000,1661.54,1662.88,1658.06,1659.18,27079.734,2026-06-14 18:00:00
1781461800000,1659.17,1661.71,1658.62,1661.27,11067.981,2026-06-14 18:30:00
1781463600000,1661.26,1667.43,1660.28,1665.74,18643.154,2026-06-14 19:00:00
1781465400000,1665.74,1667.32,1664.25,1664.71,12167.89,2026-06-14 19:30:00
1781467200000,1664.71,1667.37,1661.78,1666.44,19543.879,2026-06-14 20:00:00
1781469000000,1666.43,1673.42,1666.43,1669.45,44428.276,2026-06-14 20:30:00
1781470800000,1669.44,1713.2,1668.89,1700.16,300642.874,2026-06-14 21:00:00
1781472600000,1700.16,1731.8,1698.04,1717.88,278611.781,2026-06-14 21:30:00
1781474400000,1717.89,1728.35,1710.75,1720.09,163886.898,2026-06-14 22:00:00
1781476200000,1720.09,1727.76,1717.14,1721.66,66931.513,2026-06-14 22:30:00
1781478000000,1721.66,1725.38,1715.54,1722.71,76939.234,2026-06-14 23:00:00
1781479800000,1722.72,1725.4,1718.18,1724.6,54120.664,2026-06-14 23:30:00
1781481600000,1724.6,1733.0,1722.79,1724.34,90997.953,2026-06-15 00:00:00
1781483400000,1724.32,1725.18,1718.81,1720.05,55278.837,2026-06-15 00:30:00
1781485200000,1720.05,1720.42,1708.54,1711.0,101211.982,2026-06-15 01:00:00
1781487000000,1711.0,1721.68,1710.18,1715.08,60293.014,2026-06-15 01:30:00
1781488800000,1715.08,1726.22,1713.35,1720.14,55868.297,2026-06-15 02:00:00
1781490600000,1720.13,1721.76,1715.13,1716.0,27552.416,2026-06-15 02:30:00
1781492400000,1716.0,1722.92,1714.74,1720.43,38864.69,2026-06-15 03:00:00
1781494200000,1720.44,1723.55,1719.1,1720.03,35000.32,2026-06-15 03:30:00
1781496000000,1720.04,1723.34,1716.7,1718.36,52026.231,2026-06-15 04:00:00
1781497800000,1718.36,1719.39,1715.15,1716.37,39764.986,2026-06-15 04:30:00
1781499600000,1716.37,1722.0,1715.25,1720.41,33586.317,2026-06-15 05:00:00
1781501400000,1720.42,1721.21,1716.15,1719.79,29070.68,2026-06-15 05:30:00
1781503200000,1719.8,1722.78,1719.06,1721.8,35926.336,2026-06-15 06:00:00
1781505000000,1721.8,1722.25,1717.49,1719.05,26982.699,2026-06-15 06:30:00
1781506800000,1719.06,1723.0,1716.1,1721.05,47452.298,2026-06-15 07:00:00
1781508600000,1721.06,1721.06,1715.56,1715.57,44460.964,2026-06-15 07:30:00
1781510400000,1715.58,1719.67,1714.8,1718.02,29853.213,2026-06-15 08:00:00
1781512200000,1718.02,1721.22,1717.66,1719.49,24441.634,2026-06-15 08:30:00
1781514000000,1719.49,1726.59,1718.5,1721.09,53452.088,2026-06-15 09:00:00
1781515800000,1721.1,1721.18,1711.34,1717.79,94442.191,2026-06-15 09:30:00
1781517600000,1717.8,1725.0,1717.28,1723.4,79762.704,2026-06-15 10:00:00
1781519400000,1723.4,1749.75,1723.03,1736.49,266859.177,2026-06-15 10:30:00
1781521200000,1736.5,1771.13,1733.18,1761.05,427732.761,2026-06-15 11:00:00
1781523000000,1761.05,1765.54,1758.07,1763.63,130599.293,2026-06-15 11:30:00
1781524800000,1763.63,1764.95,1759.27,1764.45,90940.103,2026-06-15 12:00:00
1781526600000,1764.44,1776.88,1761.93,1776.39,218660.926,2026-06-15 12:30:00
1781528400000,1776.4,1826.82,1773.33,1819.2,724000.083,2026-06-15 13:00:00
1781530200000,1819.2,1821.7,1807.02,1813.16,267022.529,2026-06-15 13:30:00
1781532000000,1813.17,1814.25,1803.44,1812.4,180991.478,2026-06-15 14:00:00
1781533800000,1812.4,1817.68,1807.95,1813.69,88361.831,2026-06-15 14:30:00
1781535600000,1813.69,1820.38,1812.66,1815.61,69186.383,2026-06-15 15:00:00
1781537400000,1815.62,1848.65,1812.25,1844.62,457208.514,2026-06-15 15:30:00
1781539200000,1844.61,1846.49,1836.56,1841.31,169526.134,2026-06-15 16:00:00
1781541000000,1841.31,1845.76,1838.68,1841.84,90161.834,2026-06-15 16:30:00
1781542800000,1841.84,1841.85,1825.06,1829.24,225396.255,2026-06-15 17:00:00
1781544600000,1829.24,1831.3,1822.59,1828.3,94107.71,2026-06-15 17:30:00
1781546400000,1828.29,1831.17,1825.21,1828.24,52963.609,2026-06-15 18:00:00
1781548200000,1828.25,1834.96,1824.75,1827.2,67906.625,2026-06-15 18:30:00
1781550000000,1827.21,1833.63,1810.3,1818.3,187075.679,2026-06-15 19:00:00
1781551800000,1818.3,1829.45,1817.43,1820.85,100595.339,2026-06-15 19:30:00
1781553600000,1820.83,1826.12,1817.47,1821.0,41417.611,2026-06-15 20:00:00
1781555400000,1821.0,1823.13,1814.3,1816.25,57079.133,2026-06-15 20:30:00
1781557200000,1816.25,1822.1,1814.29,1814.3,35556.41,2026-06-15 21:00:00
1781559000000,1814.3,1817.64,1808.58,1810.6,52813.915,2026-06-15 21:30:00
1781560800000,1810.6,1812.69,1788.31,1790.89,167089.048,2026-06-15 22:00:00
1781562600000,1790.9,1797.0,1786.0,1788.62,105019.071,2026-06-15 22:30:00
1781564400000,1788.62,1791.37,1784.44,1788.71,71474.579,2026-06-15 23:00:00
1781566200000,1788.71,1797.0,1781.59,1795.01,86821.484,2026-06-15 23:30:00
1781568000000,1795.01,1798.51,1790.0,1791.72,62007.763,2026-06-16 00:00:00
1781569800000,1791.73,1802.73,1787.29,1788.59,92470.724,2026-06-16 00:30:00
1781571600000,1788.59,1795.84,1788.13,1795.0,55717.19,2026-06-16 01:00:00
1781573400000,1794.99,1796.58,1790.46,1791.25,39887.096,2026-06-16 01:30:00
1781575200000,1791.25,1793.23,1771.86,1772.56,172305.561,2026-06-16 02:00:00
1781577000000,1772.55,1775.43,1766.15,1769.33,145914.781,2026-06-16 02:30:00
1781578800000,1769.32,1779.83,1763.65,1777.13,135779.327,2026-06-16 03:00:00
1781580600000,1777.13,1779.75,1776.0,1778.16,59150.889,2026-06-16 03:30:00
1781582400000,1778.16,1782.81,1767.22,1767.45,118770.039,2026-06-16 04:00:00
1781584200000,1767.45,1767.45,1757.2,1759.81,137600.217,2026-06-16 04:30:00
1781586000000,1759.8,1765.4,1759.8,1762.68,75155.975,2026-06-16 05:00:00
1781587800000,1762.69,1764.0,1759.5,1761.3,35762.103,2026-06-16 05:30:00
1781589600000,1761.29,1767.83,1761.29,1767.22,64137.021,2026-06-16 06:00:00
1781591400000,1767.21,1773.5,1765.22,1770.47,89085.755,2026-06-16 06:30:00
1781593200000,1770.48,1773.37,1768.0,1772.01,51124.971,2026-06-16 07:00:00
1781595000000,1772.02,1775.77,1770.55,1773.18,51316.09,2026-06-16 07:30:00
1781596800000,1773.18,1785.6,1772.09,1782.19,146656.677,2026-06-16 08:00:00
1781598600000,1782.18,1807.46,1780.55,1802.23,256656.86,2026-06-16 08:30:00
1781600400000,1802.23,1805.0,1786.98,1790.27,179518.986,2026-06-16 09:00:00
1781602200000,1790.28,1794.02,1786.14,1788.7,76772.218,2026-06-16 09:30:00
1781604000000,1788.71,1799.94,1787.67,1798.96,86662.281,2026-06-16 10:00:00
1781605800000,1798.96,1798.96,1791.62,1793.16,60918.462,2026-06-16 10:30:00
1781607600000,1793.17,1799.69,1790.21,1792.7,52016.383,2026-06-16 11:00:00
1781609400000,1792.7,1799.31,1790.41,1798.88,47424.739,2026-06-16 11:30:00
1781611200000,1798.88,1822.51,1795.75,1819.94,268096.559,2026-06-16 12:00:00
1781613000000,1819.94,1838.88,1808.47,1813.92,355097.721,2026-06-16 12:30:00
1781614800000,1813.93,1816.43,1790.17,1801.01,231812.92,2026-06-16 13:00:00
1781616600000,1801.02,1807.2,1793.96,1797.09,132522.071,2026-06-16 13:30:00
1781618400000,1797.1,1804.93,1770.13,1771.34,321142.776,2026-06-16 14:00:00
1781620200000,1771.34,1783.69,1762.53,1779.66,249666.179,2026-06-16 14:30:00
1781622000000,1779.66,1786.43,1775.18,1778.88,135425.907,2026-06-16 15:00:00
1781623800000,1778.88,1787.67,1773.76,1781.5,109007.743,2026-06-16 15:30:00
1781625600000,1781.5,1784.86,1772.01,1778.43,81677.824,2026-06-16 16:00:00
1781627400000,1778.42,1780.02,1772.9,1776.99,44740.494,2026-06-16 16:30:00
1781629200000,1777.0,1784.52,1776.5,1780.77,38481.91,2026-06-16 17:00:00
1781631000000,1780.77,1798.95,1779.0,1794.34,134885.74,2026-06-16 17:30:00
1781632800000,1794.35,1808.0,1792.16,1794.55,152984.981,2026-06-16 18:00:00
1781634600000,1794.56,1802.79,1791.64,1798.58,58514.7,2026-06-16 18:30:00
1781636400000,1798.57,1798.65,1789.01,1796.6,70625.526,2026-06-16 19:00:00
1781638200000,1796.6,1800.71,1791.26,1794.46,50069.334,2026-06-16 19:30:00
1781640000000,1794.46,1797.39,1788.12,1789.27,43314.195,2026-06-16 20:00:00
1781641800000,1789.28,1797.98,1788.77,1796.98,27136.405,2026-06-16 20:30:00
1781643600000,1796.97,1799.81,1792.5,1793.27,33839.657,2026-06-16 21:00:00
1781645400000,1793.26,1796.42,1789.3,1795.5,27745.795,2026-06-16 21:30:00
1781647200000,1795.49,1798.88,1790.5,1793.54,30211.406,2026-06-16 22:00:00
1781649000000,1793.54,1796.02,1790.22,1795.49,26336.2,2026-06-16 22:30:00
1781650800000,1795.49,1798.29,1791.05,1794.88,25186.903,2026-06-16 23:00:00
1781652600000,1794.88,1796.5,1790.28,1792.41,18322.892,2026-06-16 23:30:00
1781654400000,1792.41,1795.77,1791.5,1793.34,28061.56,2026-06-17 00:00:00
1781656200000,1793.35,1798.29,1791.21,1793.38,40209.596,2026-06-17 00:30:00
1781658000000,1793.38,1796.22,1778.03,1784.9,121941.085,2026-06-17 01:00:00
1781659800000,1784.9,1798.0,1781.15,1796.87,97059.72,2026-06-17 01:30:00
1781661600000,1796.88,1809.78,1794.55,1804.87,122652.125,2026-06-17 02:00:00
1781663400000,1804.88,1805.0,1787.5,1794.87,92425.934,2026-06-17 02:30:00
1781665200000,1794.87,1794.87,1786.3,1790.32,45526.118,2026-06-17 03:00:00
1781667000000,1790.33,1796.44,1790.21,1792.8,35941.338,2026-06-17 03:30:00
1781668800000,1792.8,1795.84,1791.33,1793.84,25260.337,2026-06-17 04:00:00
1781670600000,1793.83,1802.86,1792.83,1793.49,57173.129,2026-06-17 04:30:00
1781672400000,1793.5,1798.55,1788.07,1792.85,40669.282,2026-06-17 05:00:00
1781674200000,1792.85,1796.5,1790.86,1793.15,26459.536,2026-06-17 05:30:00
1781676000000,1793.16,1796.27,1787.62,1787.96,33766.575,2026-06-17 06:00:00
1781677800000,1787.96,1792.0,1785.36,1789.67,60125.871,2026-06-17 06:30:00
1781679600000,1789.66,1791.77,1782.05,1784.68,62205.136,2026-06-17 07:00:00
1781681400000,1784.67,1787.86,1778.1,1784.23,76131.702,2026-06-17 07:30:00
1781683200000,1784.23,1785.57,1773.06,1775.01,87375.541,2026-06-17 08:00:00
1781685000000,1775.01,1775.05,1759.08,1764.73,226642.863,2026-06-17 08:30:00
1781686800000,1764.74,1777.5,1764.21,1774.26,101883.844,2026-06-17 09:00:00
1781688600000,1774.27,1775.45,1768.68,1772.21,56547.132,2026-06-17 09:30:00
1781690400000,1772.21,1775.2,1768.18,1771.41,43332.408,2026-06-17 10:00:00
1781692200000,1771.41,1773.2,1765.09,1767.52,42919.198,2026-06-17 10:30:00
1781694000000,1767.52,1770.0,1758.32,1765.91,136226.954,2026-06-17 11:00:00
1781695800000,1765.92,1767.16,1763.33,1763.33,39090.403,2026-06-17 11:30:00
1781697600000,1763.34,1765.33,1742.66,1746.28,276860.856,2026-06-17 12:00:00
1781699400000,1746.29,1758.96,1742.02,1758.45,125620.311,2026-06-17 12:30:00
1781701200000,1758.45,1761.77,1753.7,1757.29,90666.633,2026-06-17 13:00:00
1781703000000,1757.28,1771.35,1754.0,1760.01,211754.573,2026-06-17 13:30:00
1781704800000,1760.0,1764.81,1751.35,1755.62,130003.409,2026-06-17 14:00:00
1781706600000,1755.63,1759.68,1739.5,1754.02,230671.504,2026-06-17 14:30:00
1781708400000,1754.02,1764.58,1750.0,1762.56,126889.79,2026-06-17 15:00:00
1781710200000,1762.56,1777.11,1760.44,1772.25,163954.639,2026-06-17 15:30:00
1781712000000,1772.24,1791.17,1769.73,1784.09,209130.23,2026-06-17 16:00:00
1781713800000,1784.1,1784.65,1768.19,1771.05,126465.226,2026-06-17 16:30:00
1781715600000,1771.05,1778.93,1766.33,1777.11,55547.637,2026-06-17 17:00:00
1781717400000,1777.12,1795.52,1772.37,1788.32,139627.878,2026-06-17 17:30:00
1781719200000,1788.31,1788.65,1745.03,1765.81,476109.267,2026-06-17 18:00:00
1781721000000,1765.81,1787.5,1760.4,1769.42,281879.111,2026-06-17 18:30:00
1781722800000,1769.41,1775.03,1734.46,1740.03,295727.544,2026-06-17 19:00:00
1781724600000,1740.04,1748.66,1728.0,1734.05,261626.349,2026-06-17 19:30:00
1781726400000,1734.06,1743.39,1732.31,1738.78,101287.794,2026-06-17 20:00:00
1781728200000,1738.79,1747.2,1734.06,1746.49,53230.661,2026-06-17 20:30:00
1781730000000,1746.49,1747.2,1741.12,1742.74,30622.135,2026-06-17 21:00:00
1781731800000,1742.74,1745.0,1735.47,1738.1,31229.576,2026-06-17 21:30:00
1781733600000,1738.1,1743.99,1724.83,1742.9,106632.123,2026-06-17 22:00:00
1781735400000,1742.89,1745.83,1739.13,1739.5,33493.812,2026-06-17 22:30:00
1781737200000,1739.51,1752.0,1739.14,1749.29,49838.769,2026-06-17 23:00:00
1781739000000,1749.3,1749.99,1745.84,1749.66,21997.644,2026-06-17 23:30:00
1781740800000,1749.67,1756.66,1749.23,1754.18,51980.274,2026-06-18 00:00:00
1781742600000,1754.18,1758.98,1750.94,1752.22,50399.118,2026-06-18 00:30:00
1781744400000,1752.22,1762.41,1751.95,1756.44,60883.53,2026-06-18 01:00:00
1781746200000,1756.43,1762.07,1752.0,1754.27,40543.806,2026-06-18 01:30:00
1781748000000,1754.27,1758.42,1749.4,1757.01,70690.403,2026-06-18 02:00:00
1781749800000,1757.01,1758.0,1754.12,1755.0,21080.078,2026-06-18 02:30:00
1781751600000,1755.0,1755.42,1743.77,1744.0,57229.863,2026-06-18 03:00:00
1781753400000,1744.01,1747.49,1740.31,1743.38,62895.726,2026-06-18 03:30:00
1781755200000,1743.38,1745.09,1729.04,1734.56,145676.31,2026-06-18 04:00:00
1781757000000,1734.57,1736.49,1728.69,1729.66,67601.463,2026-06-18 04:30:00
1781758800000,1729.67,1732.6,1721.21,1727.8,139208.914,2026-06-18 05:00:00
1781760600000,1727.8,1730.6,1724.5,1730.23,57096.583,2026-06-18 05:30:00
1781762400000,1730.23,1733.77,1724.69,1729.8,58387.448,2026-06-18 06:00:00
1781764200000,1729.79,1735.99,1729.32,1734.77,68506.567,2026-06-18 06:30:00
1781766000000,1734.78,1746.99,1732.03,1744.37,96360.528,2026-06-18 07:00:00
1781767800000,1744.37,1752.5,1742.63,1748.69,105559.602,2026-06-18 07:30:00
1781769600000,1748.69,1752.56,1745.12,1749.15,72894.288,2026-06-18 08:00:00
1781771400000,1749.15,1753.67,1745.88,1747.11,74010.425,2026-06-18 08:30:00
1781773200000,1747.11,1751.24,1742.44,1742.44,76421.026,2026-06-18 09:00:00
1781775000000,1742.45,1748.51,1741.46,1745.25,44429.814,2026-06-18 09:30:00
1781776800000,1745.26,1746.68,1738.48,1741.47,67352.214,2026-06-18 10:00:00
1781778600000,1741.47,1752.35,1738.57,1746.27,84742.052,2026-06-18 10:30:00
1781780400000,1746.26,1748.74,1740.08,1745.08,64774.49,2026-06-18 11:00:00
1781782200000,1745.07,1746.5,1738.1,1742.31,46839.395,2026-06-18 11:30:00
1781784000000,1742.31,1751.3,1740.7,1750.95,57503.561,2026-06-18 12:00:00
1781785800000,1750.96,1752.39,1745.8,1749.24,46485.265,2026-06-18 12:30:00
1781787600000,1749.24,1751.49,1747.18,1748.69,41865.427,2026-06-18 13:00:00
1781789400000,1748.69,1749.99,1727.7,1735.97,231335.804,2026-06-18 13:30:00
1781791200000,1735.97,1744.99,1728.68,1732.76,132300.678,2026-06-18 14:00:00
1781793000000,1732.75,1743.92,1730.81,1738.77,101197.033,2026-06-18 14:30:00
1781794800000,1738.77,1739.4,1715.12,1719.91,238183.321,2026-06-18 15:00:00
1781796600000,1719.91,1725.8,1677.01,1681.39,709151.77,2026-06-18 15:30:00
1781798400000,1681.39,1692.52,1679.43,1686.06,217796.461,2026-06-18 16:00:00
1781800200000,1686.05,1688.4,1681.73,1686.08,97053.083,2026-06-18 16:30:00
1781802000000,1686.08,1686.81,1670.38,1679.4,182290.478,2026-06-18 17:00:00
1781803800000,1679.4,1685.88,1676.02,1678.56,100734.679,2026-06-18 17:30:00
1781805600000,1678.55,1688.51,1675.42,1685.79,91028.766,2026-06-18 18:00:00
1781807400000,1685.79,1687.85,1680.25,1684.4,48028.179,2026-06-18 18:30:00
1781809200000,1684.41,1691.41,1681.76,1690.9,49354.705,2026-06-18 19:00:00
1781811000000,1690.89,1707.0,1690.0,1704.67,146735.686,2026-06-18 19:30:00
1781812800000,1704.67,1717.0,1704.67,1712.27,142967.196,2026-06-18 20:00:00
1781814600000,1712.26,1714.6,1708.55,1709.75,38379.653,2026-06-18 20:30:00
1781816400000,1709.76,1711.15,1700.71,1704.96,56431.08,2026-06-18 21:00:00
1781818200000,1704.96,1709.32,1704.17,1707.47,28317.612,2026-06-18 21:30:00
1781820000000,1707.46,1707.92,1700.85,1702.8,25063.151,2026-06-18 22:00:00
1781821800000,1702.81,1707.5,1698.0,1705.91,35736.166,2026-06-18 22:30:00
1781823600000,1705.9,1709.84,1702.0,1708.35,36715.878,2026-06-18 23:00:00
1781825400000,1708.36,1711.7,1707.34,1710.14,33013.54,2026-06-18 23:30:00
1781827200000,1710.15,1714.74,1707.72,1712.0,39760.15,2026-06-19 00:00:00
1781829000000,1712.0,1715.36,1711.53,1712.88,38991.651,2026-06-19 00:30:00
1781830800000,1712.88,1718.61,1708.1,1708.52,50583.152,2026-06-19 01:00:00
1781832600000,1708.52,1713.1,1705.04,1712.6,39180.624,2026-06-19 01:30:00
1781834400000,1712.6,1714.46,1703.12,1703.32,41527.856,2026-06-19 02:00:00
1781836200000,1703.31,1707.24,1700.04,1706.11,58504.621,2026-06-19 02:30:00
1781838000000,1706.11,1707.3,1681.1,1698.92,244553.02,2026-06-19 03:00:00
1781839800000,1698.91,1699.27,1691.34,1696.57,56582.379,2026-06-19 03:30:00
1781841600000,1696.56,1702.28,1688.37,1694.03,77078.84,2026-06-19 04:00:00
1781843400000,1694.03,1694.47,1685.0,1688.72,68055.954,2026-06-19 04:30:00
1781845200000,1688.73,1696.56,1688.5,1692.7,49861.216,2026-06-19 05:00:00
1781847000000,1692.7,1696.86,1690.5,1696.5,30634.267,2026-06-19 05:30:00
1781848800000,1696.5,1701.31,1695.13,1700.24,53289.835,2026-06-19 06:00:00
1781850600000,1700.25,1702.99,1695.58,1699.37,39281.02,2026-06-19 06:30:00
1781852400000,1699.36,1700.25,1692.98,1695.49,40886.128,2026-06-19 07:00:00
1781854200000,1695.5,1698.8,1689.11,1695.0,78701.628,2026-06-19 07:30:00
1781856000000,1695.0,1698.5,1692.56,1695.47,33485.063,2026-06-19 08:00:00
1781857800000,1695.48,1698.38,1693.0,1697.27,27294.882,2026-06-19 08:30:00
1781859600000,1697.28,1699.25,1688.82,1690.95,56470.766,2026-06-19 09:00:00
1781861400000,1690.94,1694.23,1687.66,1688.47,43965.593,2026-06-19 09:30:00
1781863200000,1688.48,1692.64,1685.77,1689.27,50054.114,2026-06-19 10:00:00
1781865000000,1689.27,1693.88,1686.2,1691.74,39012.449,2026-06-19 10:30:00
1781866800000,1691.73,1693.68,1688.0,1692.03,37393.048,2026-06-19 11:00:00
1781868600000,1692.03,1693.5,1690.4,1691.03,18582.328,2026-06-19 11:30:00
1781870400000,1691.04,1693.5,1686.25,1688.62,33711.705,2026-06-19 12:00:00
1781872200000,1688.62,1695.45,1678.24,1694.6,195363.767,2026-06-19 12:30:00
1781874000000,1694.61,1698.99,1686.79,1690.55,106676.143,2026-06-19 13:00:00
1781875800000,1690.56,1710.99,1689.55,1702.49,194893.095,2026-06-19 13:30:00
1781877600000,1702.49,1705.0,1695.5,1703.12,92822.581,2026-06-19 14:00:00
1781879400000,1703.12,1709.14,1701.0,1705.96,67046.844,2026-06-19 14:30:00
1781881200000,1705.96,1706.79,1697.14,1698.78,79632.302,2026-06-19 15:00:00
1781883000000,1698.79,1711.81,1698.78,1706.7,70749.512,2026-06-19 15:30:00
1781884800000,1706.68,1711.0,1703.65,1706.69,55001.211,2026-06-19 16:00:00
1781886600000,1706.7,1707.28,1693.84,1695.84,74102.75,2026-06-19 16:30:00
1781888400000,1695.84,1701.68,1692.57,1695.77,73070.294,2026-06-19 17:00:00
1781890200000,1695.78,1705.97,1695.5,1703.74,56338.872,2026-06-19 17:30:00
1781892000000,1703.74,1704.6,1701.55,1702.63,18562.619,2026-06-19 18:00:00
1781893800000,1702.64,1703.44,1697.38,1701.88,24772.563,2026-06-19 18:30:00
1781895600000,1701.88,1703.75,1697.2,1699.03,14931.441,2026-06-19 19:00:00
1781897400000,1699.02,1703.42,1697.72,1700.33,16925.315,2026-06-19 19:30:00
1781899200000,1700.33,1703.87,1697.73,1701.96,17420.397,2026-06-19 20:00:00
1781901000000,1701.96,1708.72,1700.33,1707.99,28287.065,2026-06-19 20:30:00
1781902800000,1707.99,1708.0,1703.6,1703.92,19327.208,2026-06-19 21:00:00
1781904600000,1703.92,1704.78,1700.39,1700.99,14387.216,2026-06-19 21:30:00
1781906400000,1700.99,1710.2,1699.2,1707.48,28331.59,2026-06-19 22:00:00
1781908200000,1707.48,1708.5,1705.0,1706.77,18705.47,2026-06-19 22:30:00
1781910000000,1706.78,1707.56,1704.01,1707.22,12733.086,2026-06-19 23:00:00
1781911800000,1707.21,1714.88,1705.65,1710.09,42095.964,2026-06-19 23:30:00
1781913600000,1710.09,1712.25,1707.44,1710.99,33831.323,2026-06-20 00:00:00
1781915400000,1711.0,1718.0,1707.67,1707.84,67621.688,2026-06-20 00:30:00
1781917200000,1707.84,1709.87,1705.41,1708.31,29711.105,2026-06-20 01:00:00
1781919000000,1708.31,1712.67,1707.6,1708.94,24262.272,2026-06-20 01:30:00
1781920800000,1708.94,1709.67,1703.0,1703.69,30013.925,2026-06-20 02:00:00
1781922600000,1703.69,1707.42,1703.69,1703.86,21172.598,2026-06-20 02:30:00
1781924400000,1703.86,1707.56,1703.6,1707.09,13381.022,2026-06-20 03:00:00
1781926200000,1707.09,1708.5,1705.63,1707.43,9502.194,2026-06-20 03:30:00
1781928000000,1707.44,1712.2,1705.72,1712.19,21093.882,2026-06-20 04:00:00
1781929800000,1712.18,1715.0,1710.24,1712.69,55694.224,2026-06-20 04:30:00
1781931600000,1712.69,1734.46,1711.43,1721.79,229621.042,2026-06-20 05:00:00
1781933400000,1721.79,1726.9,1721.03,1725.24,48678.291,2026-06-20 05:30:00
1781935200000,1725.25,1728.97,1723.0,1726.95,39643.086,2026-06-20 06:00:00
1781937000000,1726.96,1728.0,1723.55,1726.66,29257.257,2026-06-20 06:30:00
1781938800000,1726.66,1727.7,1722.01,1727.32,34616.82,2026-06-20 07:00:00
1781940600000,1727.32,1728.79,1724.32,1724.94,26661.101,2026-06-20 07:30:00
1781942400000,1724.93,1726.05,1721.4,1722.74,44095.673,2026-06-20 08:00:00
1781944200000,1722.75,1723.43,1720.33,1722.12,25213.428,2026-06-20 08:30:00
1781946000000,1722.12,1726.38,1722.12,1722.95,24485.079,2026-06-20 09:00:00
1781947800000,1722.94,1729.53,1722.72,1727.58,43933.792,2026-06-20 09:30:00
1781949600000,1727.59,1728.75,1725.47,1727.36,20276.656,2026-06-20 10:00:00
1781951400000,1727.36,1727.54,1724.56,1726.79,18517.557,2026-06-20 10:30:00
1781953200000,1726.8,1728.13,1724.77,1725.75,17462.805,2026-06-20 11:00:00
1781955000000,1725.75,1731.61,1725.25,1726.21,34487.627,2026-06-20 11:30:00
1781956800000,1726.2,1729.5,1725.91,1728.3,26660.128,2026-06-20 12:00:00
1781958600000,1728.3,1728.31,1722.59,1726.08,34855.833,2026-06-20 12:30:00
1781960400000,1726.08,1726.46,1711.67,1714.04,118923.139,2026-06-20 13:00:00
1781962200000,1714.03,1718.57,1713.51,1716.44,63334.61,2026-06-20 13:30:00
1781964000000,1716.44,1716.45,1707.01,1712.24,118611.687,2026-06-20 14:00:00
1781965800000,1712.24,1746.77,1711.07,1732.89,270167.802,2026-06-20 14:30:00
1781967600000,1732.89,1749.99,1728.72,1741.45,218470.972,2026-06-20 15:00:00
1781969400000,1741.45,1743.0,1736.5,1739.99,65976.737,2026-06-20 15:30:00
1781971200000,1739.99,1740.32,1732.0,1733.01,56286.967,2026-06-20 16:00:00
1781973000000,1733.0,1734.0,1730.08,1733.18,39722.012,2026-06-20 16:30:00
1781974800000,1733.18,1733.25,1725.61,1729.0,46172.059,2026-06-20 17:00:00
1781976600000,1729.0,1731.33,1720.17,1725.94,66890.412,2026-06-20 17:30:00
1781978400000,1725.94,1731.29,1725.72,1728.76,33055.556,2026-06-20 18:00:00
1781980200000,1728.76,1729.68,1725.06,1725.76,15811.868,2026-06-20 18:30:00
1781982000000,1725.76,1728.09,1724.06,1725.86,39682.458,2026-06-20 19:00:00
1781983800000,1725.85,1729.26,1725.21,1728.29,13848.046,2026-06-20 19:30:00
1781985600000,1728.29,1730.35,1727.63,1727.91,12581.917,2026-06-20 20:00:00
1781987400000,1727.91,1730.46,1725.5,1729.95,11794.845,2026-06-20 20:30:00
1781989200000,1729.95,1738.25,1729.36,1732.27,35611.06,2026-06-20 21:00:00
1781991000000,1732.27,1737.35,1731.86,1734.67,25671.928,2026-06-20 21:30:00
1781992800000,1734.67,1744.0,1732.23,1742.37,57076.845,2026-06-20 22:00:00
1781994600000,1742.36,1745.64,1739.84,1742.42,52863.26,2026-06-20 22:30:00
1781996400000,1742.43,1742.97,1739.55,1739.99,30839.641,2026-06-20 23:00:00
1781998200000,1739.99,1742.21,1739.5,1739.91,21748.866,2026-06-20 23:30:00
1782000000000,1739.9,1740.06,1735.03,1736.41,33435.018,2026-06-21 00:00:00
1782001800000,1736.41,1738.98,1735.68,1736.87,15455.247,2026-06-21 00:30:00
1782003600000,1736.88,1737.34,1733.29,1734.31,20563.468,2026-06-21 01:00:00
1782005400000,1734.32,1739.27,1733.61,1735.95,20660.135,2026-06-21 01:30:00
1782007200000,1735.95,1737.35,1734.61,1735.76,15758.729,2026-06-21 02:00:00
1782009000000,1735.76,1736.94,1734.78,1735.18,11060.825,2026-06-21 02:30:00
1782010800000,1735.18,1741.42,1731.68,1735.8,47625.695,2026-06-21 03:00:00
1782012600000,1735.8,1739.36,1735.33,1737.02,17102.613,2026-06-21 03:30:00
1782014400000,1737.01,1739.61,1734.45,1738.42,23616.789,2026-06-21 04:00:00
1782016200000,1738.42,1740.97,1730.43,1732.2,46172.805,2026-06-21 04:30:00
1782018000000,1732.21,1734.8,1727.31,1734.31,53380.34,2026-06-21 05:00:00
1782019800000,1734.3,1736.8,1730.84,1732.61,24071.682,2026-06-21 05:30:00
1782021600000,1732.61,1736.0,1731.54,1735.2,17897.479,2026-06-21 06:00:00
1782023400000,1735.19,1737.99,1734.36,1735.33,19382.127,2026-06-21 06:30:00
1782025200000,1735.34,1735.49,1732.06,1732.43,17163.061,2026-06-21 07:00:00
1782027000000,1732.44,1733.87,1731.05,1731.54,20731.775,2026-06-21 07:30:00
1782028800000,1731.54,1732.52,1728.11,1728.67,39105.101,2026-06-21 08:00:00
1782030600000,1728.67,1729.5,1722.51,1728.46,71811.925,2026-06-21 08:30:00
1782032400000,1728.46,1730.1,1725.03,1728.16,34344.329,2026-06-21 09:00:00
1782034200000,1728.17,1733.77,1728.17,1732.02,38355.88,2026-06-21 09:30:00
1782036000000,1732.02,1736.16,1730.83,1733.56,35290.97,2026-06-21 10:00:00
1782037800000,1733.56,1733.71,1729.87,1730.57,28725.302,2026-06-21 10:30:00
1782039600000,1730.57,1734.15,1717.3,1726.9,102901.584,2026-06-21 11:00:00
1782041400000,1726.89,1727.6,1722.27,1724.48,42641.135,2026-06-21 11:30:00
1782043200000,1724.48,1725.93,1715.18,1718.33,77025.726,2026-06-21 12:00:00
1782045000000,1718.33,1726.37,1716.5,1725.08,69297.895,2026-06-21 12:30:00
1782046800000,1725.07,1727.81,1723.04,1725.45,43102.311,2026-06-21 13:00:00
1782048600000,1725.46,1726.0,1721.16,1724.08,33731.965,2026-06-21 13:30:00
1782050400000,1724.08,1725.13,1720.59,1721.56,28891.744,2026-06-21 14:00:00
1782052200000,1721.57,1727.82,1721.28,1727.77,24527.369,2026-06-21 14:30:00
1782054000000,1727.77,1732.06,1726.14,1730.65,59021.927,2026-06-21 15:00:00
1782055800000,1730.66,1731.67,1728.72,1729.7,24653.475,2026-06-21 15:30:00
1782057600000,1729.69,1729.69,1724.74,1725.86,31945.792,2026-06-21 16:00:00
1782059400000,1725.86,1728.99,1721.05,1727.0,43682.819,2026-06-21 16:30:00
1782061200000,1726.99,1730.62,1725.66,1725.81,28277.394,2026-06-21 17:00:00
1782063000000,1725.81,1728.56,1725.03,1726.38,16635.953,2026-06-21 17:30:00
1782064800000,1726.37,1726.81,1720.66,1724.95,29167.867,2026-06-21 18:00:00
1782066600000,1724.96,1737.27,1724.71,1734.36,75351.046,2026-06-21 18:30:00
1782068400000,1734.35,1738.73,1732.44,1733.41,32898.423,2026-06-21 19:00:00
1782070200000,1733.42,1735.28,1732.74,1733.29,8906.9,2026-06-21 19:30:00
1782072000000,1733.3,1734.45,1728.01,1729.89,28216.475,2026-06-21 20:00:00
1782073800000,1729.88,1730.65,1716.01,1720.43,75575.332,2026-06-21 20:30:00
1782075600000,1720.43,1721.46,1700.02,1713.68,165697.706,2026-06-21 21:00:00
1782077400000,1713.69,1723.46,1713.44,1717.48,55568.784,2026-06-21 21:30:00
1782079200000,1717.47,1720.63,1712.0,1713.59,62227.314,2026-06-21 22:00:00
1782081000000,1713.6,1718.99,1707.41,1716.75,47936.34,2026-06-21 22:30:00
1782082800000,1716.75,1716.86,1709.07,1712.64,34659.731,2026-06-21 23:00:00
1782084600000,1712.64,1713.98,1703.18,1706.12,79367.319,2026-06-21 23:30:00
1782086400000,1706.13,1720.75,1705.97,1719.44,78233.783,2026-06-22 00:00:00
1782088200000,1719.45,1731.56,1718.31,1726.16,118840.923,2026-06-22 00:30:00
1782090000000,1726.17,1759.11,1723.63,1751.91,329902.526,2026-06-22 01:00:00
1782091800000,1751.9,1754.67,1741.03,1743.05,153704.572,2026-06-22 01:30:00
1782093600000,1743.06,1744.65,1737.67,1740.95,66952.878,2026-06-22 02:00:00
1782095400000,1740.96,1744.58,1736.4,1736.4,49518.899,2026-06-22 02:30:00
1782097200000,1736.4,1739.3,1725.6,1735.91,129231.204,2026-06-22 03:00:00
1782099000000,1735.92,1740.4,1726.36,1729.51,66408.907,2026-06-22 03:30:00
1782100800000,1729.5,1734.56,1727.0,1733.85,53756.006,2026-06-22 04:00:00
1782102600000,1733.84,1735.38,1730.07,1734.59,31108.446,2026-06-22 04:30:00
1782104400000,1734.58,1738.75,1733.4,1737.15,41146.617,2026-06-22 05:00:00
1782106200000,1737.16,1739.0,1734.9,1736.21,25588.009,2026-06-22 05:30:00
1782108000000,1736.21,1739.5,1732.88,1735.63,63408.544,2026-06-22 06:00:00
1782109800000,1735.63,1735.81,1732.35,1734.17,26613.778,2026-06-22 06:30:00
1782111600000,1734.17,1748.89,1733.7,1747.3,112936.717,2026-06-22 07:00:00
1782113400000,1747.29,1750.7,1744.27,1745.57,84685.741,2026-06-22 07:30:00
1782115200000,1745.58,1751.58,1742.64,1745.52,75737.455,2026-06-22 08:00:00
1782117000000,1745.51,1749.97,1742.82,1746.82,44908.252,2026-06-22 08:30:00
1782118800000,1746.82,1749.78,1744.51,1745.61,31034.735,2026-06-22 09:00:00
1782120600000,1745.61,1748.3,1742.47,1745.31,41112.841,2026-06-22 09:30:00
1782122400000,1745.32,1750.69,1744.17,1746.76,57878.311,2026-06-22 10:00:00
1782124200000,1746.76,1750.58,1745.91,1747.99,26200.565,2026-06-22 10:30:00
1782126000000,1747.99,1757.19,1746.5,1751.84,106651.489,2026-06-22 11:00:00
1782127800000,1751.85,1774.2,1751.85,1766.64,268723.492,2026-06-22 11:30:00
1782129600000,1766.65,1771.74,1762.43,1766.18,93631.773,2026-06-22 12:00:00
1782131400000,1766.19,1766.5,1760.05,1763.16,84424.875,2026-06-22 12:30:00
1782133200000,1763.16,1766.0,1761.26,1763.74,43559.635,2026-06-22 13:00:00
1782135000000,1763.75,1779.41,1761.0,1776.69,231563.077,2026-06-22 13:30:00
1782136800000,1776.69,1777.21,1753.5,1754.31,189511.078,2026-06-22 14:00:00
1782138600000,1754.31,1758.66,1748.41,1753.83,168141.107,2026-06-22 14:30:00
1782140400000,1753.83,1757.21,1750.45,1753.2,75053.197,2026-06-22 15:00:00
1782142200000,1753.21,1755.48,1741.24,1744.15,135725.381,2026-06-22 15:30:00
1782144000000,1744.15,1745.69,1736.1,1741.26,150493.9,2026-06-22 16:00:00
1782145800000,1741.25,1742.4,1732.4,1739.53,111147.593,2026-06-22 16:30:00
1782147600000,1739.54,1742.79,1733.39,1733.63,49192.339,2026-06-22 17:00:00
1782149400000,1733.62,1741.79,1730.6,1740.39,91913.859,2026-06-22 17:30:00
1782151200000,1740.4,1747.17,1739.56,1741.2,79502.113,2026-06-22 18:00:00
1782153000000,1741.2,1742.43,1728.31,1732.72,113833.895,2026-06-22 18:30:00
1782154800000,1732.69,1736.34,1728.37,1730.59,76240.913,2026-06-22 19:00:00
1782156600000,1730.59,1735.11,1729.29,1733.93,45075.613,2026-06-22 19:30:00
1782158400000,1733.93,1739.9,1731.21,1732.99,42073.034,2026-06-22 20:00:00
1782160200000,1733.0,1736.37,1730.35,1734.0,24436.083,2026-06-22 20:30:00
1782162000000,1733.99,1736.95,1730.4,1733.39,21612.472,2026-06-22 21:00:00
1782163800000,1733.39,1733.6,1726.0,1732.2,38129.892,2026-06-22 21:30:00
1782165600000,1732.2,1735.15,1716.7,1721.52,90489.599,2026-06-22 22:00:00
1782167400000,1721.53,1724.79,1715.58,1723.5,80009.431,2026-06-22 22:30:00
1782169200000,1723.49,1726.74,1720.38,1725.81,41349.332,2026-06-22 23:00:00
1782171000000,1725.81,1729.69,1723.8,1727.4,49418.649,2026-06-22 23:30:00
1782172800000,1727.39,1727.9,1718.85,1721.07,46901.381,2026-06-23 00:00:00
1782174600000,1721.06,1731.0,1721.06,1730.35,57999.15,2026-06-23 00:30:00
1782176400000,1730.36,1735.7,1730.25,1732.89,54919.875,2026-06-23 01:00:00
1782178200000,1732.88,1734.19,1720.2,1729.66,82864.331,2026-06-23 01:30:00
1782180000000,1729.66,1732.79,1725.21,1730.0,38367.652,2026-06-23 02:00:00
1782181800000,1730.0,1734.25,1729.36,1731.88,25706.547,2026-06-23 02:30:00
1782183600000,1731.87,1732.28,1724.64,1728.72,36213.503,2026-06-23 03:00:00
1782185400000,1728.72,1729.75,1725.87,1729.17,21252.08,2026-06-23 03:30:00
1782187200000,1729.17,1730.7,1723.69,1727.25,29952.059,2026-06-23 04:00:00
1782189000000,1727.25,1727.25,1717.12,1718.36,71311.153,2026-06-23 04:30:00
1782190800000,1718.36,1720.92,1708.59,1712.91,134222.006,2026-06-23 05:00:00
1782192600000,1712.91,1714.34,1709.4,1712.76,67910.724,2026-06-23 05:30:00
1782194400000,1712.75,1713.01,1679.49,1686.57,435120.923,2026-06-23 06:00:00
1782196200000,1686.56,1692.49,1682.49,1691.31,137499.6,2026-06-23 06:30:00
1782198000000,1691.31,1695.41,1690.26,1692.33,58965.687,2026-06-23 07:00:00
1782199800000,1692.32,1692.68,1680.85,1681.96,109256.661,2026-06-23 07:30:00
1782201600000,1681.96,1683.95,1633.34,1641.24,726021.323,2026-06-23 08:00:00
1782203400000,1641.23,1651.36,1640.67,1647.18,205556.83,2026-06-23 08:30:00
1782205200000,1647.18,1653.33,1646.94,1652.68,72710.97,2026-06-23 09:00:00
1782207000000,1652.67,1653.11,1646.76,1649.81,63186.868,2026-06-23 09:30:00
1782208800000,1649.8,1657.87,1649.69,1652.92,78136.536,2026-06-23 10:00:00
1782210600000,1652.93,1653.29,1648.01,1651.51,55712.179,2026-06-23 10:30:00
1782212400000,1651.51,1662.48,1651.51,1659.51,96000.734,2026-06-23 11:00:00
1782214200000,1659.51,1662.97,1657.0,1659.99,65714.2,2026-06-23 11:30:00
1782216000000,1659.99,1661.63,1655.09,1657.49,44395.725,2026-06-23 12:00:00
1782217800000,1657.5,1659.84,1652.15,1653.76,65200.187,2026-06-23 12:30:00
1782219600000,1653.75,1654.24,1646.24,1648.12,119506.857,2026-06-23 13:00:00
1782221400000,1648.11,1663.37,1644.01,1661.99,260445.812,2026-06-23 13:30:00
1782223200000,1661.93,1669.32,1657.02,1661.06,182385.062,2026-06-23 14:00:00
1782225000000,1661.06,1671.23,1658.58,1661.2,132129.616,2026-06-23 14:30:00
1782226800000,1661.21,1662.6,1650.41,1653.37,102177.55,2026-06-23 15:00:00
1782228600000,1653.36,1660.61,1650.26,1659.07,77733.218,2026-06-23 15:30:00
1782230400000,1659.07,1673.77,1656.88,1661.29,192966.375,2026-06-23 16:00:00
1782232200000,1661.28,1662.31,1657.25,1658.5,46343.61,2026-06-23 16:30:00
1782234000000,1658.5,1662.96,1654.01,1662.22,48979.062,2026-06-23 17:00:00
1782235800000,1662.23,1664.26,1653.6,1655.99,46099.188,2026-06-23 17:30:00
1782237600000,1656.0,1659.92,1654.12,1656.79,35119.552,2026-06-23 18:00:00
1782239400000,1656.78,1656.78,1648.5,1654.57,82787.492,2026-06-23 18:30:00
1782241200000,1654.56,1661.29,1654.48,1661.1,46294.39,2026-06-23 19:00:00
1782243000000,1661.09,1663.4,1656.52,1661.91,46241.987,2026-06-23 19:30:00
1782244800000,1661.91,1666.86,1661.41,1663.27,53169.907,2026-06-23 20:00:00
1782246600000,1663.27,1663.63,1660.53,1663.27,14137.417,2026-06-23 20:30:00
1782248400000,1663.27,1667.12,1662.8,1665.99,27323.776,2026-06-23 21:00:00
1782250200000,1666.0,1667.56,1664.71,1665.99,13347.139,2026-06-23 21:30:00
1782252000000,1665.99,1672.0,1663.06,1664.74,40531.036,2026-06-23 22:00:00
1782253800000,1664.74,1665.69,1662.03,1663.88,21637.691,2026-06-23 22:30:00
1782255600000,1663.88,1664.99,1659.31,1663.21,38691.489,2026-06-23 23:00:00
1782257400000,1663.21,1668.62,1661.06,1666.38,27797.764,2026-06-23 23:30:00
1782259200000,1666.37,1672.56,1665.94,1667.96,48373.201,2026-06-24 00:00:00
1782261000000,1667.97,1674.22,1666.8,1670.68,50897.217,2026-06-24 00:30:00
1782262800000,1670.68,1672.32,1665.07,1670.72,49096.341,2026-06-24 01:00:00
1782264600000,1670.72,1679.77,1670.57,1672.07,101906.484,2026-06-24 01:30:00
1782266400000,1672.07,1672.93,1664.16,1667.03,61428.726,2026-06-24 02:00:00
1782268200000,1667.02,1668.79,1662.58,1662.96,45670.498,2026-06-24 02:30:00
1782270000000,1662.99,1665.47,1656.81,1663.5,72618.118,2026-06-24 03:00:00
1782271800000,1663.5,1669.35,1663.1,1665.93,41561.045,2026-06-24 03:30:00
1782273600000,1665.94,1666.7,1657.3,1658.92,38468.795,2026-06-24 04:00:00
1782275400000,1658.93,1670.4,1658.84,1668.03,65348.791,2026-06-24 04:30:00
1782277200000,1668.04,1673.0,1666.99,1672.55,41750.693,2026-06-24 05:00:00
1782279000000,1672.54,1678.88,1671.68,1673.71,83312.537,2026-06-24 05:30:00
1782280800000,1673.71,1675.95,1669.34,1674.44,33173.959,2026-06-24 06:00:00
1782282600000,1674.44,1676.18,1671.72,1673.99,25986.265,2026-06-24 06:30:00
1782284400000,1673.99,1677.91,1672.0,1672.59,43189.41,2026-06-24 07:00:00
1782286200000,1672.58,1675.0,1670.01,1672.39,40001.025,2026-06-24 07:30:00
1782288000000,1672.39,1673.8,1668.3,1669.74,38014.765,2026-06-24 08:00:00
1782289800000,1669.75,1674.62,1669.19,1672.48,21736.011,2026-06-24 08:30:00
1782291600000,1672.48,1672.49,1666.71,1666.99,32173.879,2026-06-24 09:00:00
1782293400000,1666.99,1668.0,1664.22,1666.33,46379.8,2026-06-24 09:30:00
1782295200000,1666.32,1666.98,1661.81,1664.9,48331.543,2026-06-24 10:00:00
1782297000000,1664.91,1667.22,1661.69,1662.85,40540.157,2026-06-24 10:30:00
1782298800000,1662.85,1664.4,1654.52,1657.26,88861.812,2026-06-24 11:00:00
1782300600000,1657.27,1693.0,1657.27,1678.52,297249.784,2026-06-24 11:30:00
1782302400000,1678.51,1680.6,1674.56,1676.03,78790.547,2026-06-24 12:00:00
1782304200000,1676.03,1677.59,1669.6,1670.67,73706.592,2026-06-24 12:30:00
1782306000000,1670.66,1671.49,1640.8,1651.11,327406.002,2026-06-24 13:00:00
1782307800000,1651.1,1663.44,1640.1,1644.64,336737.626,2026-06-24 13:30:00
1782309600000,1644.64,1650.33,1637.19,1648.63,241972.99,2026-06-24 14:00:00
1782311400000,1648.62,1656.46,1642.09,1646.74,138073.589,2026-06-24 14:30:00
1782313200000,1646.77,1651.0,1636.33,1643.84,146616.93,2026-06-24 15:00:00
1782315000000,1643.85,1644.17,1615.74,1617.46,390564.276,2026-06-24 15:30:00
1782316800000,1617.45,1635.45,1615.28,1631.27,222941.259,2026-06-24 16:00:00
1782318600000,1631.28,1631.73,1583.8,1589.17,655627.754,2026-06-24 16:30:00
1782320400000,1589.17,1597.0,1566.65,1575.78,438783.047,2026-06-24 17:00:00
1782322200000,1575.78,1578.1,1551.23,1559.49,437360.958,2026-06-24 17:30:00
1782324000000,1559.5,1584.0,1555.44,1577.24,286844.303,2026-06-24 18:00:00
1782325800000,1577.23,1579.2,1567.24,1571.53,123995.676,2026-06-24 18:30:00
1782327600000,1571.54,1576.14,1566.1,1575.03,83912.99,2026-06-24 19:00:00
1782329400000,1575.03,1584.74,1571.19,1583.72,109541.775,2026-06-24 19:30:00
1782331200000,1583.72,1617.1,1579.01,1612.6,293721.205,2026-06-24 20:00:00
1782333000000,1612.6,1621.69,1607.76,1613.1,131815.095,2026-06-24 20:30:00
1782334800000,1613.1,1614.61,1605.12,1611.02,56933.812,2026-06-24 21:00:00
1782336600000,1611.01,1621.02,1609.5,1620.36,53482.809,2026-06-24 21:30:00
1782338400000,1620.37,1629.67,1614.36,1614.99,82657.179,2026-06-24 22:00:00
1782340200000,1614.99,1617.33,1612.71,1614.63,30894.589,2026-06-24 22:30:00
1782342000000,1614.64,1621.78,1612.81,1618.62,35979.432,2026-06-24 23:00:00
1782343800000,1618.61,1623.5,1617.04,1621.55,36947.882,2026-06-24 23:30:00
1782345600000,1621.56,1625.84,1619.36,1619.85,50875.01,2026-06-25 00:00:00
1782347400000,1619.85,1622.4,1615.44,1618.35,56154.205,2026-06-25 00:30:00
1782349200000,1618.35,1621.29,1613.49,1618.16,52575.456,2026-06-25 01:00:00
1782351000000,1618.17,1623.36,1617.68,1619.94,34617.968,2026-06-25 01:30:00
1782352800000,1619.95,1620.77,1614.0,1619.55,33628.958,2026-06-25 02:00:00
1782354600000,1619.55,1620.62,1614.63,1620.2,29100.546,2026-06-25 02:30:00
1782356400000,1620.21,1623.47,1615.22,1618.27,39711.981,2026-06-25 03:00:00
1782358200000,1618.26,1619.97,1615.78,1618.95,24565.271,2026-06-25 03:30:00
1782360000000,1618.96,1620.33,1616.56,1618.52,18782.673,2026-06-25 04:00:00
1782361800000,1618.52,1635.95,1616.39,1634.06,167887.56,2026-06-25 04:30:00
1782363600000,1634.05,1650.57,1632.64,1646.74,323527.239,2026-06-25 05:00:00
1782365400000,1646.75,1651.94,1643.28,1644.79,81585.267,2026-06-25 05:30:00
1782367200000,1644.79,1649.77,1643.32,1647.56,46738.939,2026-06-25 06:00:00
1782369000000,1647.56,1660.63,1645.91,1653.0,142654.862,2026-06-25 06:30:00
1782370800000,1653.0,1655.68,1650.02,1654.01,63149.201,2026-06-25 07:00:00
1782372600000,1654.01,1658.88,1653.68,1656.35,61331.296,2026-06-25 07:30:00
1782374400000,1656.35,1658.18,1650.05,1652.67,54988.834,2026-06-25 08:00:00
1782376200000,1652.67,1653.43,1650.56,1651.86,35095.056,2026-06-25 08:30:00
1782378000000,1651.87,1654.44,1646.26,1647.2,74960.178,2026-06-25 09:00:00
1782379800000,1647.21,1649.48,1646.0,1647.89,34522.014,2026-06-25 09:30:00
1782381600000,1647.88,1648.87,1641.72,1642.79,64667.004,2026-06-25 10:00:00
1782383400000,1642.8,1643.45,1632.11,1635.84,131929.212,2026-06-25 10:30:00
1782385200000,1635.83,1638.38,1626.86,1630.01,173399.246,2026-06-25 11:00:00
1782387000000,1630.02,1634.48,1627.54,1632.42,68214.192,2026-06-25 11:30:00
1782388800000,1632.42,1633.99,1623.0,1626.11,70363.679,2026-06-25 12:00:00
1782390600000,1626.11,1650.72,1626.1,1634.8,272712.933,2026-06-25 12:30:00
1782392400000,1634.8,1639.81,1632.52,1633.54,88302.686,2026-06-25 13:00:00
1782394200000,1633.53,1637.12,1530.01,1537.21,1195402.252,2026-06-25 13:30:00
1782396000000,1537.21,1574.68,1536.95,1562.95,738379.836,2026-06-25 14:00:00
1782397800000,1562.95,1592.59,1558.88,1567.47,457233.907,2026-06-25 14:30:00
1782399600000,1567.48,1568.01,1543.29,1560.75,334953.703,2026-06-25 15:00:00
1782401400000,1560.73,1572.99,1554.12,1569.33,193775.331,2026-06-25 15:30:00
1782403200000,1569.32,1587.03,1567.06,1575.59,242257.727,2026-06-25 16:00:00
1782405000000,1575.59,1575.6,1557.14,1561.18,173408.393,2026-06-25 16:30:00
1782406800000,1561.18,1574.64,1556.2,1569.42,147419.331,2026-06-25 17:00:00
1782408600000,1569.41,1574.07,1565.21,1574.05,83267.365,2026-06-25 17:30:00
1782410400000,1574.04,1576.94,1563.52,1572.72,99150.167,2026-06-25 18:00:00
1782412200000,1572.73,1572.73,1559.41,1566.98,89431.046,2026-06-25 18:30:00
1782414000000,1566.98,1567.16,1553.6,1559.24,86538.967,2026-06-25 19:00:00
1782415800000,1559.24,1561.91,1554.5,1558.89,43346.993,2026-06-25 19:30:00
1782417600000,1558.88,1570.18,1558.75,1566.78,65426.941,2026-06-25 20:00:00
1782419400000,1566.78,1567.87,1556.0,1559.61,51551.112,2026-06-25 20:30:00
1782421200000,1559.61,1568.24,1559.44,1567.55,28344.179,2026-06-25 21:00:00
1782423000000,1567.54,1582.5,1566.98,1579.93,70320.904,2026-06-25 21:30:00
1782424800000,1579.92,1582.8,1565.51,1567.93,88989.183,2026-06-25 22:00:00
1782426600000,1567.93,1572.46,1567.23,1569.3,31175.233,2026-06-25 22:30:00
1782428400000,1569.3,1578.57,1566.62,1576.64,57092.345,2026-06-25 23:00:00
1782430200000,1576.63,1578.96,1563.4,1567.09,65773.74,2026-06-25 23:30:00
1782432000000,1567.09,1570.98,1565.03,1567.99,42116.34,2026-06-26 00:00:00
1782433800000,1567.99,1570.58,1562.55,1563.73,32441.128,2026-06-26 00:30:00
1782435600000,1563.73,1567.73,1556.1,1556.64,62972.917,2026-06-26 01:00:00
1782437400000,1556.65,1561.93,1554.16,1559.18,66578.73,2026-06-26 01:30:00
1782439200000,1559.18,1560.1,1518.23,1536.56,462244.023,2026-06-26 02:00:00
1782441000000,1536.57,1540.98,1521.23,1523.71,188069.839,2026-06-26 02:30:00
1782442800000,1523.71,1535.52,1511.0,1531.66,296532.968,2026-06-26 03:00:00
1782444600000,1531.67,1563.33,1528.16,1557.1,296740.098,2026-06-26 03:30:00
1782446400000,1557.1,1559.88,1549.44,1551.99,121721.599,2026-06-26 04:00:00
1782448200000,1552.0,1553.56,1546.5,1549.03,65756.065,2026-06-26 04:30:00
1782450000000,1549.03,1558.69,1547.68,1556.26,75064.633,2026-06-26 05:00:00
1782451800000,1556.25,1558.5,1551.11,1554.86,53345.699,2026-06-26 05:30:00
1782453600000,1554.86,1560.59,1542.33,1559.6,181108.925,2026-06-26 06:00:00
1782455400000,1559.6,1573.6,1557.01,1570.23,198973.4,2026-06-26 06:30:00
1782457200000,1570.23,1580.72,1570.0,1577.79,134589.512,2026-06-26 07:00:00
1782459000000,1577.8,1585.74,1577.31,1579.79,141282.818,2026-06-26 07:30:00
1782460800000,1579.79,1581.23,1569.28,1572.21,126496.454,2026-06-26 08:00:00
1782462600000,1572.22,1572.73,1562.34,1565.75,97596.574,2026-06-26 08:30:00
1782464400000,1565.75,1566.33,1558.48,1561.85,82631.813,2026-06-26 09:00:00
1782466200000,1561.85,1566.4,1548.22,1552.0,161488.894,2026-06-26 09:30:00
1782468000000,1552.01,1555.62,1548.36,1552.38,83539.132,2026-06-26 10:00:00
1782469800000,1552.39,1554.25,1543.52,1547.53,109923.532,2026-06-26 10:30:00
1782471600000,1547.53,1554.64,1543.91,1545.69,98106.675,2026-06-26 11:00:00
1782473400000,1545.69,1549.21,1540.1,1544.42,98667.532,2026-06-26 11:30:00
1782475200000,1544.41,1551.53,1541.91,1551.06,107818.046,2026-06-26 12:00:00
1782477000000,1551.07,1560.26,1526.02,1535.5,425087.396,2026-06-26 12:30:00
1782478800000,1535.51,1541.08,1520.31,1533.02,235793.85,2026-06-26 13:00:00
1782480600000,1533.0,1570.89,1527.81,1568.56,431802.493,2026-06-26 13:30:00
1782482400000,1568.56,1574.66,1558.45,1569.35,255708.041,2026-06-26 14:00:00
1782484200000,1569.35,1570.89,1552.68,1559.2,231925.307,2026-06-26 14:30:00
1782486000000,1559.2,1586.63,1558.6,1579.14,264713.697,2026-06-26 15:00:00
1782487800000,1579.14,1587.98,1571.4,1579.27,204639.002,2026-06-26 15:30:00
1782489600000,1579.26,1594.95,1571.12,1575.0,223630.772,2026-06-26 16:00:00
1782491400000,1575.0,1587.65,1575.0,1576.94,99668.041,2026-06-26 16:30:00
1782493200000,1576.93,1588.59,1575.51,1585.43,72967.611,2026-06-26 17:00:00
1782495000000,1585.42,1587.4,1578.88,1581.1,72943.391,2026-06-26 17:30:00
1782496800000,1581.11,1584.79,1573.8,1574.83,52436.798,2026-06-26 18:00:00
1782498600000,1574.84,1577.13,1568.89,1572.45,56595.799,2026-06-26 18:30:00
1782500400000,1572.47,1583.5,1569.6,1577.83,74291.251,2026-06-26 19:00:00
1782502200000,1577.83,1582.52,1572.29,1573.92,68522.816,2026-06-26 19:30:00
1782504000000,1573.92,1582.72,1573.65,1578.07,54647.23,2026-06-26 20:00:00
1782505800000,1578.08,1578.18,1566.74,1570.06,71465.691,2026-06-26 20:30:00
1782507600000,1570.06,1574.22,1567.62,1573.88,26612.984,2026-06-26 21:00:00
1782509400000,1573.89,1578.96,1572.6,1574.29,21968.03,2026-06-26 21:30:00
1782511200000,1574.29,1575.6,1568.5,1572.44,32528.514,2026-06-26 22:00:00
1782513000000,1572.43,1578.62,1570.58,1577.0,18836.703,2026-06-26 22:30:00
1782514800000,1577.01,1579.47,1574.74,1574.75,24970.772,2026-06-26 23:00:00
1782516600000,1574.75,1580.33,1573.4,1577.89,25372.097,2026-06-26 23:30:00
1782518400000,1577.89,1581.51,1575.86,1576.5,34121.407,2026-06-27 00:00:00
1782520200000,1576.51,1576.93,1570.53,1576.05,43709.245,2026-06-27 00:30:00
1782522000000,1576.05,1576.37,1573.08,1576.36,15037.032,2026-06-27 01:00:00
1782523800000,1576.36,1576.96,1574.01,1575.05,13118.925,2026-06-27 01:30:00
1782525600000,1575.04,1586.44,1573.68,1584.03,82338.988,2026-06-27 02:00:00
1782527400000,1584.03,1585.17,1580.76,1582.22,44254.874,2026-06-27 02:30:00
1782529200000,1582.22,1584.2,1577.46,1581.52,57557.891,2026-06-27 03:00:00
1782531000000,1581.54,1582.6,1578.06,1579.7,26014.747,2026-06-27 03:30:00
1782532800000,1579.7,1584.8,1579.7,1581.85,34868.288,2026-06-27 04:00:00
1782534600000,1581.85,1583.22,1578.16,1578.89,20681.903,2026-06-27 04:30:00
1782536400000,1578.9,1580.64,1576.1,1576.64,33332.963,2026-06-27 05:00:00
1782538200000,1576.65,1580.22,1576.18,1577.82,18014.077,2026-06-27 05:30:00
1782540000000,1577.82,1578.9,1574.44,1578.19,30656.847,2026-06-27 06:00:00
1782541800000,1578.18,1583.96,1578.09,1581.96,45135.058,2026-06-27 06:30:00
1782543600000,1581.96,1583.0,1579.69,1582.14,24984.866,2026-06-27 07:00:00
1782545400000,1582.15,1585.47,1581.09,1584.71,39855.287,2026-06-27 07:30:00
1782547200000,1584.7,1585.0,1582.21,1582.8,27628.594,2026-06-27 08:00:00
1782549000000,1582.79,1584.77,1580.89,1583.32,21937.339,2026-06-27 08:30:00
1782550800000,1583.32,1584.27,1578.17,1579.98,32632.378,2026-06-27 09:00:00
1782552600000,1579.98,1582.35,1579.97,1581.98,13371.517,2026-06-27 09:30:00
1782554400000,1581.98,1583.74,1581.14,1582.2,17026.824,2026-06-27 10:00:00
1782556200000,1582.21,1584.1,1581.22,1583.4,14811.959,2026-06-27 10:30:00
1782558000000,1583.4,1584.4,1578.66,1579.68,27118.292,2026-06-27 11:00:00
1782559800000,1579.69,1584.0,1578.05,1583.09,32679.423,2026-06-27 11:30:00
1782561600000,1583.1,1583.6,1580.73,1583.21,16869.92,2026-06-27 12:00:00
1782563400000,1583.21,1585.59,1580.37,1585.02,39039.055,2026-06-27 12:30:00
1782565200000,1585.02,1587.84,1584.0,1585.93,50589.591,2026-06-27 13:00:00
1782567000000,1585.93,1592.37,1584.81,1591.22,81147.139,2026-06-27 13:30:00
1782568800000,1591.23,1597.9,1588.33,1593.22,102780.022,2026-06-27 14:00:00
1782570600000,1593.22,1595.68,1590.49,1593.69,55036.362,2026-06-27 14:30:00
1782572400000,1593.69,1607.99,1592.91,1601.7,209809.793,2026-06-27 15:00:00
1782574200000,1601.7,1610.57,1601.1,1604.97,104660.773,2026-06-27 15:30:00
1782576000000,1604.96,1605.39,1600.68,1602.41,44439.314,2026-06-27 16:00:00
1782577800000,1602.41,1607.52,1601.3,1606.38,30768.005,2026-06-27 16:30:00
1782579600000,1606.37,1606.37,1587.0,1594.09,200019.305,2026-06-27 17:00:00
1782581400000,1594.1,1596.0,1589.95,1590.52,60363.538,2026-06-27 17:30:00
1782583200000,1590.52,1592.85,1588.16,1591.91,43564.877,2026-06-27 18:00:00
1782585000000,1591.9,1594.0,1591.62,1593.19,15360.684,2026-06-27 18:30:00
1782586800000,1593.2,1594.52,1575.86,1580.93,149836.915,2026-06-27 19:00:00
1782588600000,1580.93,1580.93,1572.22,1577.59,81015.018,2026-06-27 19:30:00
1782590400000,1577.59,1582.42,1577.58,1580.6,32886.299,2026-06-27 20:00:00
1782592200000,1580.59,1581.97,1579.44,1580.74,15143.335,2026-06-27 20:30:00
1782594000000,1580.75,1584.85,1580.51,1583.84,26629.449,2026-06-27 21:00:00
1782595800000,1583.84,1584.56,1573.32,1574.51,69562.174,2026-06-27 21:30:00
1782597600000,1574.51,1575.71,1561.49,1574.5,147610.805,2026-06-27 22:00:00
1782599400000,1574.5,1578.94,1574.31,1578.28,39865.4,2026-06-27 22:30:00
1782601200000,1578.28,1580.96,1569.8,1571.66,66195.258,2026-06-27 23:00:00
1782603000000,1571.66,1574.52,1571.06,1573.19,26943.614,2026-06-27 23:30:00
1782604800000,1573.19,1577.36,1571.85,1577.06,26036.522,2026-06-28 00:00:00
1782606600000,1577.05,1577.21,1572.76,1574.1,23660.075,2026-06-28 00:30:00
1782608400000,1574.1,1575.5,1569.18,1574.85,43191.418,2026-06-28 01:00:00
1782610200000,1574.85,1576.29,1573.87,1574.47,18295.228,2026-06-28 01:30:00
1782612000000,1574.48,1579.44,1568.2,1571.21,78600.196,2026-06-28 02:00:00
1782613800000,1571.21,1572.6,1570.07,1571.25,26649.941,2026-06-28 02:30:00
1782615600000,1571.26,1575.6,1571.25,1574.02,20158.158,2026-06-28 03:00:00
1782617400000,1574.02,1574.74,1572.23,1574.26,15101.803,2026-06-28 03:30:00
1782619200000,1574.26,1575.0,1571.76,1573.72,14229.535,2026-06-28 04:00:00
1782621000000,1573.72,1576.79,1569.51,1573.45,29472.297,2026-06-28 04:30:00
1782622800000,1573.46,1573.76,1563.48,1565.07,106756.642,2026-06-28 05:00:00
1782624600000,1565.08,1570.14,1563.42,1568.24,47465.052,2026-06-28 05:30:00
1782626400000,1568.24,1569.77,1561.55,1564.79,58691.853,2026-06-28 06:00:00
1782628200000,1564.78,1568.45,1564.53,1567.03,24463.352,2026-06-28 06:30:00
1782630000000,1567.02,1572.99,1567.0,1570.41,39126.393,2026-06-28 07:00:00
1782631800000,1570.41,1576.64,1570.23,1574.97,47398.079,2026-06-28 07:30:00
1782633600000,1574.97,1578.37,1572.55,1574.26,46127.198,2026-06-28 08:00:00
1782635400000,1574.25,1584.48,1574.17,1580.37,125332.826,2026-06-28 08:30:00
1782637200000,1580.37,1585.69,1578.81,1581.19,47876.388,2026-06-28 09:00:00
1782639000000,1581.2,1583.7,1577.55,1578.12,38072.299,2026-06-28 09:30:00
1782640800000,1578.13,1580.66,1571.12,1572.91,71371.336,2026-06-28 10:00:00
1782642600000,1572.92,1576.78,1572.92,1576.53,26407.174,2026-06-28 10:30:00
1782644400000,1576.54,1583.2,1574.99,1581.14,45437.882,2026-06-28 11:00:00
1782646200000,1581.14,1583.3,1578.28,1582.07,32849.23,2026-06-28 11:30:00
1782648000000,1582.08,1584.38,1577.4,1583.99,31029.689,2026-06-28 12:00:00
1782649800000,1583.99,1588.59,1578.23,1582.72,57089.185,2026-06-28 12:30:00
1782651600000,1582.72,1582.83,1573.89,1579.79,70906.836,2026-06-28 13:00:00
1782653400000,1579.79,1582.4,1577.51,1578.85,36378.375,2026-06-28 13:30:00
1782655200000,1578.84,1585.85,1577.02,1581.81,52870.866,2026-06-28 14:00:00
1782657000000,1581.8,1585.63,1580.14,1580.77,40051.324,2026-06-28 14:30:00
1782658800000,1580.76,1584.77,1576.6,1581.56,47324.37,2026-06-28 15:00:00
1782660600000,1581.57,1584.0,1576.45,1580.1,50283.751,2026-06-28 15:30:00
1782662400000,1580.09,1581.13,1572.4,1575.65,58278.454,2026-06-28 16:00:00
1782664200000,1575.66,1576.23,1565.55,1572.0,138780.178,2026-06-28 16:30:00
1782666000000,1572.0,1576.8,1566.07,1566.93,70079.126,2026-06-28 17:00:00
1782667800000,1566.93,1572.67,1562.5,1571.39,91658.766,2026-06-28 17:30:00
1782669600000,1571.38,1574.45,1568.73,1569.22,39387.06,2026-06-28 18:00:00
1782671400000,1569.23,1572.12,1568.32,1570.9,18961.673,2026-06-28 18:30:00
1782673200000,1570.89,1571.12,1566.4,1569.79,19537.148,2026-06-28 19:00:00
1782675000000,1569.78,1573.79,1555.53,1563.8,126352.047,2026-06-28 19:30:00
1782676800000,1563.8,1575.88,1563.5,1573.28,55086.133,2026-06-28 20:00:00
1782678600000,1573.28,1574.21,1571.04,1572.54,28037.523,2026-06-28 20:30:00
1782680400000,1572.54,1572.55,1567.64,1569.63,23596.719,2026-06-28 21:00:00
1782682200000,1569.64,1573.26,1558.15,1562.91,58994.856,2026-06-28 21:30:00
1782684000000,1562.91,1581.74,1558.92,1566.81,165574.466,2026-06-28 22:00:00
1782685800000,1566.81,1569.39,1546.69,1556.01,169952.215,2026-06-28 22:30:00
1782687600000,1556.0,1570.66,1554.19,1569.14,102556.654,2026-06-28 23:00:00
1782689400000,1569.13,1579.43,1568.68,1571.25,93754.992,2026-06-28 23:30:00
1782691200000,1571.26,1573.68,1558.24,1559.38,121145.045,2026-06-29 00:00:00
1782693000000,1559.38,1574.17,1551.11,1572.48,174471.804,2026-06-29 00:30:00
1782694800000,1572.48,1573.59,1559.41,1562.12,71980.943,2026-06-29 01:00:00
1782696600000,1562.12,1573.2,1559.1,1567.81,66060.788,2026-06-29 01:30:00
1782698400000,1567.8,1574.67,1549.24,1572.1,198688.99,2026-06-29 02:00:00
1782700200000,1572.09,1578.3,1568.7,1575.69,111683.96,2026-06-29 02:30:00
1782702000000,1575.69,1589.46,1575.69,1586.39,143075.388,2026-06-29 03:00:00
1782703800000,1586.39,1587.19,1576.46,1583.94,66298.182,2026-06-29 03:30:00
1782705600000,1583.94,1584.32,1577.94,1581.68,45131.158,2026-06-29 04:00:00
1782707400000,1581.67,1582.05,1573.63,1574.72,50510.489,2026-06-29 04:30:00
1782709200000,1574.73,1575.82,1561.28,1569.67,152834.519,2026-06-29 05:00:00
1782711000000,1569.67,1582.67,1568.0,1582.49,79328.138,2026-06-29 05:30:00
1782712800000,1582.5,1588.6,1582.08,1582.44,100612.438,2026-06-29 06:00:00
1782714600000,1582.44,1583.84,1578.83,1582.15,36885.333,2026-06-29 06:30:00
1782716400000,1582.16,1584.22,1576.72,1580.34,43428.864,2026-06-29 07:00:00
1782718200000,1580.35,1582.22,1579.02,1579.32,20847.392,2026-06-29 07:30:00
1782720000000,1579.32,1581.52,1572.18,1572.8,54098.03,2026-06-29 08:00:00
1782721800000,1572.8,1576.1,1569.28,1572.3,70874.421,2026-06-29 08:30:00
1782723600000,1572.31,1579.8,1569.59,1575.98,68339.717,2026-06-29 09:00:00
1782725400000,1576.0,1577.49,1572.55,1575.51,49444.29,2026-06-29 09:30:00
1782727200000,1575.51,1586.24,1575.51,1580.89,90831.824,2026-06-29 10:00:00
1782729000000,1580.88,1581.12,1576.59,1577.73,35724.548,2026-06-29 10:30:00
1782730800000,1577.72,1578.37,1569.43,1573.2,70112.868,2026-06-29 11:00:00
1782732600000,1573.21,1581.79,1569.6,1574.21,89420.107,2026-06-29 11:30:00
1782734400000,1574.21,1596.3,1565.47,1589.59,378602.755,2026-06-29 12:00:00
1782736200000,1589.6,1590.08,1569.61,1575.41,205949.985,2026-06-29 12:30:00
1782738000000,1575.42,1588.56,1574.17,1574.36,127950.078,2026-06-29 13:00:00
1782739800000,1574.37,1584.12,1563.78,1572.11,285524.832,2026-06-29 13:30:00
1782741600000,1572.11,1573.0,1556.16,1570.77,258607.828,2026-06-29 14:00:00
1782743400000,1570.78,1578.81,1563.58,1572.22,149607.848,2026-06-29 14:30:00
1782745200000,1572.22,1573.58,1560.38,1573.56,111069.236,2026-06-29 15:00:00
1782747000000,1573.56,1584.94,1572.62,1579.31,201091.675,2026-06-29 15:30:00
1782748800000,1579.31,1583.0,1573.04,1573.92,77598.285,2026-06-29 16:00:00
1782750600000,1573.92,1587.44,1573.91,1584.41,100800.691,2026-06-29 16:30:00
1782752400000,1584.42,1631.59,1584.41,1625.89,515724.478,2026-06-29 17:00:00
1782754200000,1625.89,1637.54,1621.26,1627.21,211171.684,2026-06-29 17:30:00
1782756000000,1627.21,1627.93,1617.1,1618.32,90357.398,2026-06-29 18:00:00
1782757800000,1618.32,1623.53,1617.7,1620.43,63878.746,2026-06-29 18:30:00
1782759600000,1620.43,1626.36,1615.0,1625.05,79039.737,2026-06-29 19:00:00
1782761400000,1625.06,1626.63,1620.77,1624.78,49024.628,2026-06-29 19:30:00
1782763200000,1624.78,1625.99,1620.52,1621.85,31564.939,2026-06-29 20:00:00
1782765000000,1621.84,1625.02,1616.61,1617.0,32026.036,2026-06-29 20:30:00
1782766800000,1617.0,1621.24,1611.12,1615.59,63061.178,2026-06-29 21:00:00
1782768600000,1615.59,1622.56,1615.58,1619.44,22063.3,2026-06-29 21:30:00
1782770400000,1619.44,1621.29,1616.68,1617.25,18792.037,2026-06-29 22:00:00
1782772200000,1617.24,1617.5,1611.72,1612.37,42277.474,2026-06-29 22:30:00
1782774000000,1612.37,1613.55,1607.16,1607.91,56863.94,2026-06-29 23:00:00
1782775800000,1607.9,1612.67,1607.0,1612.26,38954.893,2026-06-29 23:30:00
1782777600000,1612.27,1614.27,1601.7,1602.64,73281.666,2026-06-30 00:00:00
1782779400000,1602.64,1602.78,1591.7,1593.8,191869.518,2026-06-30 00:30:00
1782781200000,1593.8,1599.38,1588.75,1598.69,95111.821,2026-06-30 01:00:00
1782783000000,1598.69,1598.69,1588.25,1593.21,72562.015,2026-06-30 01:30:00
1782784800000,1593.2,1593.3,1585.61,1590.88,74548.792,2026-06-30 02:00:00
1782786600000,1590.89,1593.3,1588.96,1590.1,35360.105,2026-06-30 02:30:00
1782788400000,1590.1,1595.6,1589.83,1591.31,44551.992,2026-06-30 03:00:00
1782790200000,1591.3,1591.55,1585.72,1586.45,50332.771,2026-06-30 03:30:00
1782792000000,1586.45,1588.12,1578.5,1586.88,129811.47,2026-06-30 04:00:00
1782793800000,1586.89,1590.4,1586.18,1587.11,48333.703,2026-06-30 04:30:00
1782795600000,1587.1,1589.67,1584.53,1585.02,42613.87,2026-06-30 05:00:00
1782797400000,1585.02,1591.54,1584.38,1590.65,62133.417,2026-06-30 05:30:00
1782799200000,1590.66,1594.01,1587.88,1593.36,43951.513,2026-06-30 06:00:00
1782801000000,1593.36,1593.74,1590.92,1592.77,51495.273,2026-06-30 06:30:00
1782802800000,1592.76,1595.29,1589.19,1590.5,49887.062,2026-06-30 07:00:00
1782804600000,1590.5,1593.46,1590.5,1591.54,34026.308,2026-06-30 07:30:00
1782806400000,1591.55,1593.5,1585.81,1588.61,52682.427,2026-06-30 08:00:00
1782808200000,1588.6,1589.03,1578.22,1583.41,187977.655,2026-06-30 08:30:00
1782810000000,1583.4,1586.7,1581.74,1583.13,44849.388,2026-06-30 09:00:00
1782811800000,1583.13,1586.56,1580.88,1584.87,40960.354,2026-06-30 09:30:00
1782813600000,1584.87,1586.3,1582.15,1583.12,30074.127,2026-06-30 10:00:00
1782815400000,1583.12,1586.0,1581.41,1583.8,50869.766,2026-06-30 10:30:00
1782817200000,1583.81,1585.63,1576.98,1578.28,79917.213,2026-06-30 11:00:00
1782819000000,1578.29,1582.94,1575.06,1577.9,99236.223,2026-06-30 11:30:00
1782820800000,1577.89,1577.92,1562.0,1564.55,202719.009,2026-06-30 12:00:00
1782822600000,1564.55,1565.49,1550.0,1551.95,218443.39,2026-06-30 12:30:00
1782824400000,1551.95,1561.94,1550.0,1559.87,175185.44,2026-06-30 13:00:00
1782826200000,1559.88,1567.38,1549.03,1566.69,305809.997,2026-06-30 13:30:00
1782828000000,1566.69,1577.6,1564.05,1573.28,245475.194,2026-06-30 14:00:00
1782829800000,1573.29,1575.0,1560.26,1562.76,166998.267,2026-06-30 14:30:00
1782831600000,1562.75,1567.8,1556.28,1565.14,148949.684,2026-06-30 15:00:00
1782833400000,1565.15,1576.31,1561.76,1564.55,121314.236,2026-06-30 15:30:00
1782835200000,1564.56,1571.6,1561.12,1562.99,74014.444,2026-06-30 16:00:00
1782837000000,1563.0,1574.31,1561.3,1571.75,69641.835,2026-06-30 16:30:00
1782838800000,1571.74,1576.48,1569.47,1570.43,58034.113,2026-06-30 17:00:00
1782840600000,1570.43,1572.39,1567.68,1570.34,45782.238,2026-06-30 17:30:00
1782842400000,1570.34,1581.9,1568.81,1576.21,75253.759,2026-06-30 18:00:00
1782844200000,1576.22,1579.79,1572.35,1578.34,34608.535,2026-06-30 18:30:00
1782846000000,1578.34,1580.64,1575.0,1577.26,49060.505,2026-06-30 19:00:00
1782847800000,1577.25,1581.26,1576.56,1580.03,44730.098,2026-06-30 19:30:00
1782849600000,1580.03,1582.72,1574.65,1576.66,50299.489,2026-06-30 20:00:00
1782851400000,1576.66,1577.82,1571.8,1575.38,35091.571,2026-06-30 20:30:00
1782853200000,1575.38,1576.6,1568.35,1570.79,35272.074,2026-06-30 21:00:00
1782855000000,1570.79,1572.5,1569.11,1571.11,15137.014,2026-06-30 21:30:00
1782856800000,1571.11,1574.65,1569.85,1570.35,22478.113,2026-06-30 22:00:00
1782858600000,1570.34,1570.35,1566.05,1566.94,38082.49,2026-06-30 22:30:00
1782860400000,1566.93,1570.4,1565.01,1569.33,35455.624,2026-06-30 23:00:00
1782862200000,1569.32,1571.99,1568.02,1571.35,18312.832,2026-06-30 23:30:00
1782864000000,1571.36,1574.84,1565.42,1567.89,46292.768,2026-07-01 00:00:00
1782865800000,1567.89,1576.32,1567.88,1574.19,31310.843,2026-07-01 00:30:00
1782867600000,1574.19,1574.5,1551.6,1569.03,223416.516,2026-07-01 01:00:00
1782869400000,1569.02,1586.0,1568.27,1577.13,173734.135,2026-07-01 01:30:00
1782871200000,1577.14,1584.48,1573.33,1582.0,73820.709,2026-07-01 02:00:00
1782873000000,1582.01,1588.85,1580.99,1585.53,126966.243,2026-07-01 02:30:00
1782874800000,1585.53,1589.69,1581.58,1583.76,74009.118,2026-07-01 03:00:00
1782876600000,1583.77,1598.71,1581.8,1593.92,176987.486,2026-07-01 03:30:00
1782878400000,1593.93,1594.32,1589.93,1593.33,47845.403,2026-07-01 04:00:00
1782880200000,1593.34,1604.21,1591.68,1598.48,124830.462,2026-07-01 04:30:00
1782882000000,1598.48,1600.0,1592.35,1592.94,83715.652,2026-07-01 05:00:00
1782883800000,1592.94,1593.68,1590.0,1591.94,54864.105,2026-07-01 05:30:00
1782885600000,1591.95,1592.3,1577.09,1580.11,166049.529,2026-07-01 06:00:00
1782887400000,1580.1,1581.17,1570.34,1575.54,164025.201,2026-07-01 06:30:00
1782889200000,1575.55,1579.43,1571.5,1576.73,87392.387,2026-07-01 07:00:00
1782891000000,1576.72,1580.63,1574.26,1577.75,38126.115,2026-07-01 07:30:00
1782892800000,1577.74,1578.17,1570.23,1571.38,67614.944,2026-07-01 08:00:00
1782894600000,1571.39,1581.9,1567.02,1581.9,103083.687,2026-07-01 08:30:00
1782896400000,1581.9,1584.8,1578.54,1579.53,75432.846,2026-07-01 09:00:00
1782898200000,1579.54,1582.46,1577.89,1580.5,35164.358,2026-07-01 09:30:00
1782900000000,1580.5,1581.0,1572.11,1575.05,68051.193,2026-07-01 10:00:00
1782901800000,1575.06,1575.3,1571.32,1572.72,37842.691,2026-07-01 10:30:00
1782903600000,1572.73,1575.28,1570.01,1572.01,46313.983,2026-07-01 11:00:00
1782905400000,1572.01,1573.44,1565.86,1569.25,61631.562,2026-07-01 11:30:00
1782907200000,1569.25,1571.95,1565.52,1569.55,77621.703,2026-07-01 12:00:00
1782909000000,1569.55,1570.79,1564.4,1569.46,77683.581,2026-07-01 12:30:00
1782910800000,1569.47,1578.88,1569.31,1577.56,110067.094,2026-07-01 13:00:00
1782912600000,1577.56,1597.41,1568.71,1596.48,341066.698,2026-07-01 13:30:00
1782914400000,1596.48,1616.55,1590.1,1604.77,428631.298,2026-07-01 14:00:00
1782916200000,1604.77,1606.38,1590.2,1600.31,218645.735,2026-07-01 14:30:00
1782918000000,1600.31,1630.58,1599.88,1622.81,359718.954,2026-07-01 15:00:00
1782919800000,1622.82,1626.0,1616.55,1619.28,135499.909,2026-07-01 15:30:00
1782921600000,1619.27,1628.94,1614.22,1622.47,116543.125,2026-07-01 16:00:00
1782923400000,1622.47,1623.2,1611.6,1613.82,78114.174,2026-07-01 16:30:00
1782925200000,1613.83,1624.31,1606.25,1621.86,145995.417,2026-07-01 17:00:00
1782927000000,1621.85,1624.0,1617.6,1622.16,59140.914,2026-07-01 17:30:00
1782928800000,1622.16,1623.9,1616.38,1617.28,60894.583,2026-07-01 18:00:00
1782930600000,1617.27,1619.71,1611.15,1615.93,69228.587,2026-07-01 18:30:00
1782932400000,1615.92,1623.32,1615.81,1618.05,54881.292,2026-07-01 19:00:00
1782934200000,1618.05,1621.4,1613.55,1617.18,62384.133,2026-07-01 19:30:00
1782936000000,1617.19,1617.69,1609.37,1615.14,91860.541,2026-07-01 20:00:00
1782937800000,1615.14,1619.89,1613.75,1617.08,55552.073,2026-07-01 20:30:00
1782939600000,1617.08,1626.67,1616.72,1623.52,62090.172,2026-07-01 21:00:00
1782941400000,1623.52,1638.47,1623.46,1631.2,119638.143,2026-07-01 21:30:00
1782943200000,1631.19,1645.87,1626.25,1626.88,179640.764,2026-07-01 22:00:00
1782945000000,1626.89,1630.0,1619.44,1621.0,82505.983,2026-07-01 22:30:00
1782946800000,1621.01,1621.01,1613.36,1613.87,70168.797,2026-07-01 23:00:00
1782948600000,1613.87,1615.61,1606.86,1608.82,82138.104,2026-07-01 23:30:00
1782950400000,1608.82,1608.99,1600.73,1602.09,107495.773,2026-07-02 00:00:00
1782952200000,1602.09,1605.32,1596.32,1602.82,111739.744,2026-07-02 00:30:00
1782954000000,1602.82,1612.47,1601.8,1611.06,90932.424,2026-07-02 01:00:00
1782955800000,1611.06,1624.66,1611.06,1619.87,123615.02,2026-07-02 01:30:00
1782957600000,1619.87,1620.69,1613.92,1618.24,59132.737,2026-07-02 02:00:00
1782959400000,1618.24,1623.88,1617.11,1620.19,51349.824,2026-07-02 02:30:00
1782961200000,1620.18,1635.97,1617.41,1628.59,128727.949,2026-07-02 03:00:00
1782963000000,1628.59,1641.98,1626.47,1638.69,186134.554,2026-07-02 03:30:00
1782964800000,1638.69,1639.15,1631.36,1633.58,70362.968,2026-07-02 04:00:00
1782966600000,1633.59,1633.76,1628.8,1631.87,51199.442,2026-07-02 04:30:00
1782968400000,1631.87,1634.36,1627.2,1631.62,49511.206,2026-07-02 05:00:00
1782970200000,1631.62,1631.68,1624.3,1625.94,67384.434,2026-07-02 05:30:00
1782972000000,1625.94,1628.81,1621.72,1623.76,65804.664,2026-07-02 06:00:00
1782973800000,1623.77,1629.21,1616.66,1618.31,81183.15,2026-07-02 06:30:00
1782975600000,1618.3,1619.43,1614.48,1616.1,71563.149,2026-07-02 07:00:00
1782977400000,1616.1,1617.73,1613.92,1615.46,57108.766,2026-07-02 07:30:00
1782979200000,1615.45,1620.87,1614.66,1619.0,64967.757,2026-07-02 08:00:00
1782981000000,1619.0,1625.88,1617.82,1624.36,80640.694,2026-07-02 08:30:00
1782982800000,1624.35,1629.97,1619.38,1628.69,69896.01,2026-07-02 09:00:00
1782984600000,1628.69,1652.1,1628.68,1642.33,380279.448,2026-07-02 09:30:00
1782986400000,1642.34,1647.11,1640.31,1645.0,78878.732,2026-07-02 10:00:00
1782988200000,1644.99,1649.33,1642.39,1645.58,72372.487,2026-07-02 10:30:00
1782990000000,1645.57,1654.65,1644.42,1647.24,106944.776,2026-07-02 11:00:00
1782991800000,1647.24,1652.11,1643.75,1649.4,86270.558,2026-07-02 11:30:00
1782993600000,1649.39,1666.0,1646.87,1663.34,194189.581,2026-07-02 12:00:00
1782995400000,1663.34,1670.53,1649.66,1661.7,304271.666,2026-07-02 12:30:00
1782997200000,1661.7,1690.77,1660.0,1681.87,426920.076,2026-07-02 13:00:00
1782999000000,1681.87,1713.63,1677.69,1709.99,624648.446,2026-07-02 13:30:00
1783000800000,1710.0,1725.4,1696.09,1700.73,492164.23,2026-07-02 14:00:00
1783002600000,1700.73,1707.23,1692.22,1700.88,224968.055,2026-07-02 14:30:00
1783004400000,1700.87,1702.94,1687.81,1699.04,151789.154,2026-07-02 15:00:00
1783006200000,1699.04,1702.57,1693.94,1696.19,81473.242,2026-07-02 15:30:00
1783008000000,1696.19,1700.91,1686.05,1688.89,130204.747,2026-07-02 16:00:00
1783009800000,1688.89,1703.73,1688.23,1698.99,123824.45,2026-07-02 16:30:00
1783011600000,1698.99,1705.5,1695.05,1703.78,80496.775,2026-07-02 17:00:00
1783013400000,1703.79,1703.79,1693.42,1695.08,66819.733,2026-07-02 17:30:00
1783015200000,1695.09,1703.2,1694.5,1703.1,41409.435,2026-07-02 18:00:00
1783017000000,1703.09,1706.51,1699.54,1701.3,47175.54,2026-07-02 18:30:00
1783018800000,1701.3,1702.58,1693.79,1698.61,47523.522,2026-07-02 19:00:00
1783020600000,1698.62,1704.54,1696.49,1699.27,51930.133,2026-07-02 19:30:00
1783022400000,1699.27,1701.86,1696.02,1696.09,32011.21,2026-07-02 20:00:00
1783024200000,1696.09,1706.36,1695.4,1704.98,57531.19,2026-07-02 20:30:00
1783026000000,1704.98,1705.25,1702.6,1703.13,20330.796,2026-07-02 21:00:00
1783027800000,1703.13,1703.13,1696.29,1699.37,28073.885,2026-07-02 21:30:00
1783029600000,1699.36,1699.98,1695.56,1695.64,23540.524,2026-07-02 22:00:00
1783031400000,1695.63,1700.34,1693.23,1696.01,28030.398,2026-07-02 22:30:00
1783033200000,1696.01,1699.0,1691.05,1697.5,39559.727,2026-07-02 23:00:00
1783035000000,1697.5,1700.98,1695.13,1700.0,35881.925,2026-07-02 23:30:00
1783036800000,1700.0,1702.47,1696.58,1696.61,43471.695,2026-07-03 00:00:00
1783038600000,1696.61,1700.0,1694.0,1696.03,33925.469,2026-07-03 00:30:00
1783040400000,1696.03,1718.69,1694.66,1708.0,158025.88,2026-07-03 01:00:00
1783042200000,1708.01,1717.86,1706.74,1711.7,80103.527,2026-07-03 01:30:00
1783044000000,1711.71,1714.69,1701.01,1701.12,76223.245,2026-07-03 02:00:00
1783045800000,1701.13,1705.12,1695.47,1704.11,76501.902,2026-07-03 02:30:00
1783047600000,1704.11,1711.64,1698.61,1710.35,55772.734,2026-07-03 03:00:00
1783049400000,1710.34,1710.5,1703.0,1705.82,34721.767,2026-07-03 03:30:00
1783051200000,1705.82,1707.99,1702.17,1704.39,27098.959,2026-07-03 04:00:00
1783053000000,1704.38,1706.83,1701.62,1702.51,32396.311,2026-07-03 04:30:00
1783054800000,1702.51,1710.82,1701.66,1709.2,39230.927,2026-07-03 05:00:00
1783056600000,1709.2,1721.52,1708.76,1714.16,118306.237,2026-07-03 05:30:00
1783058400000,1714.16,1720.96,1713.21,1716.16,72621.312,2026-07-03 06:00:00
1783060200000,1716.15,1718.89,1712.14,1715.28,40561.656,2026-07-03 06:30:00
1783062000000,1715.28,1718.2,1713.29,1716.93,29106.805,2026-07-03 07:00:00
1783063800000,1716.92,1721.84,1715.5,1717.05,57915.975,2026-07-03 07:30:00
1783065600000,1717.05,1722.96,1715.2,1719.26,59077.478,2026-07-03 08:00:00
1783067400000,1719.26,1734.99,1716.97,1719.04,238472.365,2026-07-03 08:30:00
1783069200000,1719.04,1729.16,1716.16,1725.32,103960.062,2026-07-03 09:00:00
1783071000000,1725.32,1730.84,1720.22,1725.55,69347.164,2026-07-03 09:30:00
1783072800000,1725.55,1740.0,1725.55,1735.79,217497.805,2026-07-03 10:00:00
1783074600000,1735.79,1748.5,1734.0,1741.44,225728.682,2026-07-03 10:30:00
1783076400000,1741.43,1747.54,1736.47,1741.72,143062.667,2026-07-03 11:00:00
1783078200000,1741.73,1744.66,1738.35,1741.66,59432.698,2026-07-03 11:30:00
1783080000000,1741.66,1744.4,1730.73,1733.88,115292.839,2026-07-03 12:00:00
1783081800000,1733.87,1736.47,1731.04,1735.85,47711.586,2026-07-03 12:30:00
1783083600000,1735.85,1746.94,1735.4,1744.06,81597.364,2026-07-03 13:00:00
1783085400000,1744.06,1753.5,1742.38,1747.46,156289.528,2026-07-03 13:30:00
1783087200000,1747.46,1747.46,1728.08,1733.2,178300.894,2026-07-03 14:00:00
1783089000000,1733.19,1739.77,1729.28,1736.49,84173.563,2026-07-03 14:30:00
1783090800000,1736.49,1745.93,1731.62,1732.76,156234.673,2026-07-03 15:00:00
1783092600000,1732.76,1736.81,1729.03,1730.47,73494.582,2026-07-03 15:30:00
1783094400000,1730.47,1735.03,1727.0,1733.5,89431.316,2026-07-03 16:00:00
1783096200000,1733.49,1734.88,1729.65,1732.92,28583.163,2026-07-03 16:30:00
1783098000000,1732.92,1737.8,1731.63,1735.73,55010.165,2026-07-03 17:00:00
1783099800000,1735.73,1741.0,1734.68,1737.58,48512.347,2026-07-03 17:30:00
1783101600000,1737.59,1738.15,1735.38,1737.58,15519.822,2026-07-03 18:00:00
1783103400000,1737.58,1740.47,1737.21,1737.96,31818.052,2026-07-03 18:30:00
1783105200000,1737.95,1747.17,1736.5,1746.04,89786.453,2026-07-03 19:00:00
1783107000000,1746.04,1752.94,1744.2,1744.65,82096.341,2026-07-03 19:30:00
1783108800000,1744.65,1757.28,1742.67,1753.26,111599.717,2026-07-03 20:00:00
1783110600000,1753.27,1773.64,1751.31,1765.54,262128.076,2026-07-03 20:30:00
1783112400000,1765.54,1776.0,1763.19,1763.19,107334.287,2026-07-03 21:00:00
1783114200000,1763.2,1766.91,1756.06,1762.69,64432.727,2026-07-03 21:30:00
1783116000000,1762.7,1763.7,1755.61,1759.47,53447.431,2026-07-03 22:00:00
1783117800000,1759.47,1760.73,1755.09,1756.8,29723.361,2026-07-03 22:30:00
1783119600000,1756.8,1761.45,1754.47,1757.66,41434.3,2026-07-03 23:00:00
1783121400000,1757.65,1760.2,1755.85,1757.25,37265.273,2026-07-03 23:30:00
1783123200000,1757.26,1763.38,1756.5,1758.01,65808.91,2026-07-04 00:00:00
1783125000000,1758.01,1759.6,1755.52,1757.73,37170.864,2026-07-04 00:30:00
1783126800000,1757.73,1757.73,1745.1,1748.79,114176.76,2026-07-04 01:00:00
1783128600000,1748.79,1750.0,1745.18,1747.32,35841.221,2026-07-04 01:30:00
1783130400000,1747.31,1749.4,1746.3,1747.06,24561.478,2026-07-04 02:00:00
1783132200000,1747.06,1750.33,1743.13,1748.69,40784.751,2026-07-04 02:30:00
1783134000000,1748.69,1750.01,1746.5,1748.3,22552.962,2026-07-04 03:00:00
1783135800000,1748.31,1755.99,1747.07,1753.0,41465.892,2026-07-04 03:30:00
1783137600000,1753.0,1756.54,1751.13,1753.04,36997.491,2026-07-04 04:00:00
1783139400000,1753.04,1763.99,1752.69,1760.92,77103.166,2026-07-04 04:30:00
1783141200000,1760.93,1761.06,1752.23,1754.24,60321.847,2026-07-04 05:00:00
1783143000000,1754.24,1759.0,1753.75,1755.42,33720.807,2026-07-04 05:30:00
1783144800000,1755.42,1760.83,1750.74,1753.54,54059.732,2026-07-04 06:00:00
1783146600000,1753.55,1756.49,1752.7,1754.08,26023.582,2026-07-04 06:30:00
1783148400000,1754.07,1757.72,1752.11,1754.94,39955.455,2026-07-04 07:00:00
1783150200000,1754.94,1758.91,1753.64,1757.48,33751.249,2026-07-04 07:30:00
1783152000000,1757.48,1760.49,1756.59,1756.6,26747.335,2026-07-04 08:00:00
1783153800000,1756.6,1764.74,1756.43,1761.35,64588.405,2026-07-04 08:30:00
1783155600000,1761.35,1762.29,1757.83,1758.99,29903.279,2026-07-04 09:00:00
1783157400000,1759.0,1759.0,1754.0,1757.36,31971.008,2026-07-04 09:30:00
1783159200000,1757.35,1760.3,1756.23,1758.32,20274.543,2026-07-04 10:00:00
1783161000000,1758.33,1759.8,1756.61,1758.35,16028.787,2026-07-04 10:30:00
1783162800000,1758.35,1758.35,1755.37,1757.09,23161.098,2026-07-04 11:00:00
1783164600000,1757.1,1759.44,1756.58,1757.27,16742.862,2026-07-04 11:30:00
1783166400000,1757.28,1762.9,1757.28,1762.26,30895.633,2026-07-04 12:00:00
1783168200000,1762.25,1765.72,1761.01,1763.42,42411.79,2026-07-04 12:30:00
1783170000000,1763.43,1778.7,1760.73,1767.88,142280.483,2026-07-04 13:00:00
1783171800000,1767.89,1768.31,1761.1,1763.16,61203.199,2026-07-04 13:30:00
1783173600000,1763.16,1774.31,1763.04,1770.08,88859.31,2026-07-04 14:00:00
1783175400000,1770.07,1772.1,1767.23,1771.36,38997.069,2026-07-04 14:30:00
1783177200000,1771.36,1803.33,1771.35,1792.97,483301.087,2026-07-04 15:00:00
1783179000000,1792.97,1795.86,1788.02,1790.57,108827.296,2026-07-04 15:30:00
1783180800000,1790.57,1791.74,1782.77,1786.67,115642.996,2026-07-04 16:00:00
1783182600000,1786.67,1790.98,1786.0,1786.52,45277.349,2026-07-04 16:30:00
1783184400000,1786.51,1787.01,1778.33,1786.66,87179.035,2026-07-04 17:00:00
1783186200000,1786.66,1808.58,1786.65,1799.03,225333.305,2026-07-04 17:30:00
1783188000000,1799.02,1805.48,1795.0,1796.09,83890.054,2026-07-04 18:00:00
1783189800000,1796.08,1796.08,1791.11,1793.17,45634.687,2026-07-04 18:30:00
1783191600000,1793.17,1795.86,1787.77,1794.39,47113.058,2026-07-04 19:00:00
1783193400000,1794.39,1797.48,1790.01,1792.02,31645.421,2026-07-04 19:30:00
1783195200000,1792.01,1795.2,1782.63,1783.99,62360.089,2026-07-04 20:00:00
1783197000000,1783.99,1789.67,1783.5,1786.32,25082.23,2026-07-04 20:30:00
1783198800000,1786.32,1792.39,1785.36,1791.89,31807.311,2026-07-04 21:00:00
1783200600000,1791.88,1793.77,1787.53,1788.48,23163.972,2026-07-04 21:30:00
1783202400000,1788.48,1788.7,1783.0,1784.88,22104.506,2026-07-04 22:00:00
1783204200000,1784.88,1785.5,1781.28,1783.94,21551.714,2026-07-04 22:30:00
1783206000000,1783.93,1784.95,1770.1,1778.41,105087.501,2026-07-04 23:00:00
1783207800000,1778.41,1782.32,1778.14,1780.0,27973.9,2026-07-04 23:30:00
1783209600000,1780.0,1780.05,1772.18,1774.47,46998.024,2026-07-05 00:00:00
1783211400000,1774.46,1776.05,1768.03,1771.97,48593.613,2026-07-05 00:30:00
1783213200000,1771.97,1773.91,1762.88,1767.77,83714.952,2026-07-05 01:00:00
1783215000000,1767.78,1767.78,1760.12,1765.73,62394.241,2026-07-05 01:30:00
1783216800000,1765.72,1767.23,1756.0,1763.41,81818.721,2026-07-05 02:00:00
1783218600000,1763.41,1765.46,1756.04,1760.08,50903.921,2026-07-05 02:30:00
1783220400000,1760.08,1763.35,1757.12,1757.79,36934.091,2026-07-05 03:00:00
1783222200000,1757.8,1762.5,1757.61,1760.8,29596.696,2026-07-05 03:30:00
1783224000000,1760.8,1767.99,1759.22,1766.57,53244.221,2026-07-05 04:00:00
1783225800000,1766.56,1772.63,1766.24,1766.64,70129.252,2026-07-05 04:30:00
1783227600000,1766.63,1767.01,1762.22,1764.09,32523.736,2026-07-05 05:00:00
1783229400000,1764.09,1766.39,1759.22,1765.29,41136.249,2026-07-05 05:30:00
1783231200000,1765.28,1765.38,1761.23,1764.34,18441.853,2026-07-05 06:00:00
1783233000000,1764.35,1767.45,1762.61,1763.98,26709.317,2026-07-05 06:30:00
1783234800000,1763.98,1764.8,1761.0,1762.42,22771.571,2026-07-05 07:00:00
1783236600000,1762.42,1772.12,1762.42,1769.19,60424.089,2026-07-05 07:30:00
1783238400000,1769.19,1772.52,1765.62,1766.5,36685.663,2026-07-05 08:00:00
1783240200000,1766.5,1769.78,1765.71,1766.77,17914.747,2026-07-05 08:30:00
1783242000000,1766.77,1766.98,1760.3,1760.51,34240.322,2026-07-05 09:00:00
1783243800000,1760.52,1761.99,1747.32,1757.35,182121.672,2026-07-05 09:30:00
1783245600000,1757.35,1761.4,1754.16,1758.19,47510.28,2026-07-05 10:00:00
1783247400000,1758.19,1761.35,1757.73,1760.84,26679.434,2026-07-05 10:30:00
1783249200000,1760.85,1764.65,1758.19,1758.46,47162.544,2026-07-05 11:00:00
1783251000000,1758.46,1762.19,1757.89,1759.34,20346.351,2026-07-05 11:30:00
1783252800000,1759.33,1766.21,1755.36,1765.24,59368.041,2026-07-05 12:00:00
1783254600000,1765.25,1768.77,1763.04,1764.03,45236.282,2026-07-05 12:30:00
1783256400000,1764.03,1766.64,1760.39,1762.74,42156.663,2026-07-05 13:00:00
1783258200000,1762.74,1766.28,1761.75,1765.6,28519.313,2026-07-05 13:30:00
1783260000000,1765.6,1767.99,1764.1,1766.51,39269.237,2026-07-05 14:00:00
1783261800000,1766.51,1772.63,1764.02,1771.68,65328.388,2026-07-05 14:30:00
1783263600000,1771.68,1781.79,1770.32,1774.09,142249.227,2026-07-05 15:00:00
1783265400000,1774.1,1778.44,1769.09,1773.99,55643.312,2026-07-05 15:30:00
1783267200000,1773.99,1776.89,1770.5,1770.78,38320.159,2026-07-05 16:00:00
1783269000000,1770.79,1772.94,1769.6,1772.14,31545.235,2026-07-05 16:30:00
1783270800000,1772.14,1786.11,1772.14,1778.07,104959.006,2026-07-05 17:00:00
1783272600000,1778.07,1782.01,1775.65,1778.66,43239.634,2026-07-05 17:30:00
1783274400000,1778.67,1780.71,1777.21,1779.01,19651.367,2026-07-05 18:00:00
1783276200000,1779.01,1786.43,1778.08,1780.56,36160.345,2026-07-05 18:30:00
1783278000000,1780.55,1783.99,1776.93,1779.61,22347.969,2026-07-05 19:00:00
1783279800000,1779.6,1782.3,1778.69,1780.84,10699.04,2026-07-05 19:30:00
1783281600000,1780.85,1782.99,1775.29,1776.79,24698.087,2026-07-05 20:00:00
1783283400000,1776.8,1777.7,1775.34,1776.63,12223.905,2026-07-05 20:30:00
1783285200000,1776.63,1782.72,1768.11,1780.1,66237.92,2026-07-05 21:00:00
1783287000000,1780.1,1792.92,1777.68,1786.0,87852.333,2026-07-05 21:30:00
1783288800000,1786.0,1803.55,1783.24,1801.0,153468.692,2026-07-05 22:00:00
1783290600000,1801.0,1807.66,1785.23,1789.13,143669.038,2026-07-05 22:30:00
1783292400000,1789.14,1801.88,1788.0,1790.95,110755.752,2026-07-05 23:00:00
1783294200000,1790.96,1792.35,1781.6,1784.86,53836.26,2026-07-05 23:30:00
1783296000000,1784.85,1789.6,1776.0,1777.07,91386.442,2026-07-06 00:00:00
1783297800000,1777.07,1793.39,1773.56,1792.55,103792.577,2026-07-06 00:30:00
1783299600000,1792.54,1794.59,1785.18,1789.02,54964.186,2026-07-06 01:00:00
1783301400000,1789.02,1798.37,1784.4,1785.53,90394.905,2026-07-06 01:30:00
1783303200000,1785.54,1789.77,1780.01,1784.37,73889.071,2026-07-06 02:00:00
1783305000000,1784.37,1787.65,1778.4,1783.01,42892.353,2026-07-06 02:30:00
1783306800000,1783.0,1784.6,1772.18,1776.98,73675.344,2026-07-06 03:00:00
1783308600000,1776.98,1779.78,1770.58,1779.04,75542.029,2026-07-06 03:30:00
1783310400000,1779.05,1781.91,1775.69,1777.32,38098.717,2026-07-06 04:00:00
1783312200000,1777.31,1785.0,1775.43,1777.29,53645.523,2026-07-06 04:30:00
1783314000000,1777.29,1777.66,1765.47,1766.99,100848.007,2026-07-06 05:00:00
1783315800000,1766.98,1775.46,1763.54,1773.35,78705.604,2026-07-06 05:30:00
1783317600000,1773.36,1774.62,1769.09,1771.83,39282.718,2026-07-06 06:00:00
1783319400000,1771.82,1774.06,1768.41,1768.8,38739.254,2026-07-06 06:30:00
1783321200000,1768.8,1772.82,1766.11,1770.0,48240.734,2026-07-06 07:00:00
1783323000000,1770.01,1774.78,1767.8,1771.59,43400.175,2026-07-06 07:30:00
1783324800000,1771.59,1777.8,1769.75,1771.27,53750.914,2026-07-06 08:00:00
1783326600000,1771.27,1771.27,1761.62,1765.11,79151.229,2026-07-06 08:30:00
1783328400000,1765.11,1765.59,1759.41,1762.02,74637.45,2026-07-06 09:00:00
1783330200000,1762.02,1762.02,1754.1,1757.99,110335.974,2026-07-06 09:30:00
1783332000000,1757.98,1767.32,1757.35,1766.42,77765.196,2026-07-06 10:00:00
1783333800000,1766.41,1773.49,1765.71,1770.35,78790.82,2026-07-06 10:30:00
1783335600000,1770.34,1772.94,1766.66,1768.56,48094.373,2026-07-06 11:00:00
1783337400000,1768.51,1774.98,1758.18,1758.51,94378.804,2026-07-06 11:30:00
1783339200000,1758.52,1759.82,1734.35,1749.01,464583.935,2026-07-06 12:00:00
1783341000000,1749.0,1751.88,1734.11,1740.02,185151.837,2026-07-06 12:30:00
1783342800000,1740.01,1741.09,1730.78,1734.4,153004.5,2026-07-06 13:00:00
1783344600000,1734.39,1752.88,1727.16,1744.0,253095.946,2026-07-06 13:30:00
1783346400000,1744.0,1762.49,1741.03,1750.97,208641.341,2026-07-06 14:00:00
1783348200000,1750.96,1755.38,1744.47,1750.91,112271.457,2026-07-06 14:30:00
1783350000000,1750.92,1766.59,1750.65,1764.83,161553.158,2026-07-06 15:00:00
1783351800000,1764.82,1788.76,1758.71,1787.78,337608.298,2026-07-06 15:30:00
1783353600000,1787.78,1804.49,1781.35,1787.19,408506.004,2026-07-06 16:00:00
1783355400000,1787.19,1796.72,1786.61,1791.83,105162.466,2026-07-06 16:30:00
1783357200000,1791.84,1799.78,1788.01,1795.15,82329.839,2026-07-06 17:00:00
1783359000000,1795.15,1796.47,1786.29,1787.51,83734.826,2026-07-06 17:30:00
1783360800000,1787.51,1795.49,1785.42,1791.86,45708.837,2026-07-06 18:00:00
1783362600000,1791.86,1795.24,1789.56,1791.8,32192.242,2026-07-06 18:30:00
1783364400000,1791.81,1798.3,1790.3,1796.32,42291.648,2026-07-06 19:00:00
1783366200000,1796.31,1796.6,1790.99,1791.83,25882.577,2026-07-06 19:30:00
1783368000000,1791.83,1792.64,1786.51,1790.73,43472.022,2026-07-06 20:00:00
1783369800000,1790.72,1795.96,1790.1,1792.46,28866.179,2026-07-06 20:30:00
1783371600000,1792.46,1834.0,1792.0,1812.64,378814.849,2026-07-06 21:00:00
1783373400000,1812.64,1819.3,1806.74,1814.52,84256.794,2026-07-06 21:30:00
1783375200000,1814.52,1816.13,1808.17,1808.42,37101.732,2026-07-06 22:00:00
1783377000000,1808.43,1809.14,1803.59,1805.66,46367.656,2026-07-06 22:30:00
1783378800000,1805.67,1809.77,1801.19,1802.87,41276.2,2026-07-06 23:00:00
1783380600000,1802.88,1804.0,1796.7,1798.99,65232.356,2026-07-06 23:30:00
1783382400000,1799.0,1809.99,1793.62,1805.21,106600.548,2026-07-07 00:00:00
1783384200000,1805.21,1807.18,1797.51,1802.88,46136.052,2026-07-07 00:30:00
1783386000000,1802.88,1802.88,1786.76,1790.95,112832.644,2026-07-07 01:00:00
1783387800000,1790.95,1797.53,1787.28,1791.96,61896.762,2026-07-07 01:30:00
1783389600000,1791.95,1793.78,1778.47,1779.19,103533.291,2026-07-07 02:00:00
1783391400000,1779.19,1784.0,1776.0,1777.45,97810.152,2026-07-07 02:30:00
1783393200000,1777.46,1780.91,1772.55,1773.17,74232.62,2026-07-07 03:00:00
1783395000000,1773.18,1775.2,1766.79,1770.7,87179.819,2026-07-07 03:30:00
1783396800000,1770.7,1772.97,1767.65,1771.01,54499.706,2026-07-07 04:00:00
1783398600000,1771.0,1771.38,1762.0,1765.78,77122.776,2026-07-07 04:30:00
1783400400000,1765.78,1766.69,1756.33,1760.81,78893.611,2026-07-07 05:00:00
1783402200000,1760.81,1773.45,1760.81,1769.77,114517.924,2026-07-07 05:30:00
1783404000000,1769.77,1773.62,1763.78,1770.27,61445.943,2026-07-07 06:00:00
1783405800000,1770.26,1781.99,1769.0,1778.31,106120.018,2026-07-07 06:30:00
1783407600000,1778.31,1781.94,1776.28,1777.2,50495.223,2026-07-07 07:00:00
1783409400000,1777.2,1778.0,1769.56,1770.32,87642.299,2026-07-07 07:30:00
1783411200000,1770.31,1774.85,1767.42,1771.3,48085.319,2026-07-07 08:00:00
1783413000000,1771.29,1771.69,1767.03,1769.82,27788.768,2026-07-07 08:30:00
1783414800000,1769.83,1774.0,1767.85,1772.56,29790.6,2026-07-07 09:00:00
1783416600000,1772.57,1783.37,1771.97,1777.16,91355.966,2026-07-07 09:30:00
1783418400000,1777.16,1784.93,1776.88,1778.4,58400.287,2026-07-07 10:00:00
1783420200000,1778.4,1778.4,1773.28,1775.18,42833.97,2026-07-07 10:30:00
1783422000000,1775.17,1779.7,1770.1,1776.31,49441.871,2026-07-07 11:00:00
1783423800000,1776.31,1784.7,1774.35,1779.82,59041.793,2026-07-07 11:30:00
1783425600000,1779.82,1794.03,1779.28,1790.46,144536.674,2026-07-07 12:00:00
1783427400000,1790.46,1790.46,1780.25,1781.15,75709.115,2026-07-07 12:30:00
1783429200000,1781.15,1782.54,1768.69,1770.84,101896.886,2026-07-07 13:00:00
1783431000000,1770.84,1781.46,1765.2,1768.22,234550.342,2026-07-07 13:30:00
1783432800000,1768.23,1777.95,1762.3,1771.55,134596.455,2026-07-07 14:00:00
1783434600000,1771.55,1792.67,1759.75,1788.83,276766.773,2026-07-07 14:30:00
1783436400000,1788.84,1794.9,1782.24,1792.04,132420.645,2026-07-07 15:00:00
1783438200000,1792.04,1802.95,1789.87,1796.67,167611.934,2026-07-07 15:30:00
1783440000000,1796.66,1804.6,1791.2,1801.68,100937.204,2026-07-07 16:00:00
1783441800000,1801.67,1812.97,1798.0,1801.5,132366.187,2026-07-07 16:30:00
1783443600000,1801.5,1806.79,1797.52,1805.48,69248.493,2026-07-07 17:00:00
1783445400000,1805.49,1809.81,1803.02,1809.67,55208.247,2026-07-07 17:30:00
1783447200000,1809.67,1809.99,1799.16,1799.95,54665.393,2026-07-07 18:00:00
1783449000000,1799.95,1804.36,1785.03,1785.68,113020.271,2026-07-07 18:30:00
1783450800000,1785.69,1788.79,1772.54,1782.26,151786.883,2026-07-07 19:00:00
1783452600000,1782.25,1791.71,1782.23,1789.79,61170.646,2026-07-07 19:30:00
1783454400000,1789.79,1792.54,1784.48,1786.85,38997.273,2026-07-07 20:00:00
1783456200000,1786.85,1786.91,1780.6,1783.49,25234.008,2026-07-07 20:30:00
1783458000000,1783.49,1788.85,1774.16,1777.75,53937.118,2026-07-07 21:00:00
1783459800000,1777.75,1777.75,1770.56,1772.95,43546.377,2026-07-07 21:30:00
1783461600000,1772.95,1776.76,1764.77,1771.99,77034.754,2026-07-07 22:00:00
1783463400000,1772.0,1777.96,1770.87,1774.54,28851.235,2026-07-07 22:30:00
1783465200000,1774.53,1780.3,1773.72,1779.09,30790.89,2026-07-07 23:00:00
1783467000000,1779.08,1780.49,1767.31,1770.58,36251.813,2026-07-07 23:30:00
1783468800000,1770.57,1781.23,1769.16,1779.13,56393.523,2026-07-08 00:00:00
1783470600000,1779.14,1785.16,1776.5,1779.78,68589.048,2026-07-08 00:30:00
1783472400000,1779.77,1780.27,1772.3,1772.31,34225.722,2026-07-08 01:00:00
1783474200000,1772.3,1772.8,1748.8,1755.31,245707.029,2026-07-08 01:30:00
1783476000000,1755.3,1756.61,1748.03,1751.39,120894.566,2026-07-08 02:00:00
1783477800000,1751.38,1759.0,1740.5,1756.97,146136.326,2026-07-08 02:30:00
1783479600000,1756.98,1763.27,1756.98,1762.5,67140.948,2026-07-08 03:00:00
1783481400000,1762.5,1762.5,1748.29,1750.95,63585.399,2026-07-08 03:30:00
1783483200000,1750.96,1757.35,1748.65,1756.48,42951.61,2026-07-08 04:00:00
1783485000000,1756.48,1757.0,1750.69,1755.45,34534.846,2026-07-08 04:30:00
1783486800000,1755.45,1758.88,1753.14,1754.82,27749.032,2026-07-08 05:00:00
1783488600000,1754.81,1755.11,1749.6,1753.3,34748.693,2026-07-08 05:30:00
1783490400000,1753.31,1753.66,1747.26,1750.67,42369.841,2026-07-08 06:00:00
1783492200000,1750.67,1754.36,1745.4,1750.9,55943.068,2026-07-08 06:30:00
1783494000000,1750.91,1752.82,1744.01,1752.27,64248.057,2026-07-08 07:00:00
1783495800000,1752.27,1756.65,1751.72,1755.8,52740.103,2026-07-08 07:30:00
1783497600000,1755.8,1758.29,1730.3,1730.48,263249.141,2026-07-08 08:00:00
1783499400000,1730.49,1742.78,1723.56,1734.76,274859.005,2026-07-08 08:30:00
1783501200000,1734.75,1737.27,1729.27,1734.42,91812.594,2026-07-08 09:00:00
1783503000000,1734.42,1739.98,1734.19,1735.48,61229.219,2026-07-08 09:30:00
1783504800000,1735.48,1739.93,1731.78,1739.15,48802.558,2026-07-08 10:00:00
1783506600000,1739.16,1741.67,1737.13,1738.49,47067.589,2026-07-08 10:30:00
1783508400000,1738.49,1739.76,1735.02,1737.83,32913.936,2026-07-08 11:00:00
1783510200000,1737.84,1751.46,1735.33,1747.19,124863.506,2026-07-08 11:30:00
1783512000000,1747.18,1750.85,1744.5,1746.4,79523.66,2026-07-08 12:00:00
1783513800000,1746.4,1746.81,1737.07,1737.71,83701.997,2026-07-08 12:30:00
1783515600000,1737.7,1742.58,1732.49,1735.82,129779.408,2026-07-08 13:00:00
1783517400000,1735.83,1743.58,1730.2,1736.86,159679.63,2026-07-08 13:30:00
1783519200000,1736.86,1740.78,1724.85,1732.06,158643.998,2026-07-08 14:00:00
1783521000000,1732.07,1733.12,1721.0,1729.08,167324.695,2026-07-08 14:30:00
1783522800000,1729.08,1729.98,1712.32,1716.7,242025.688,2026-07-08 15:00:00
1783524600000,1716.7,1723.3,1715.63,1722.27,71105.965,2026-07-08 15:30:00
1783526400000,1722.27,1733.6,1722.04,1730.67,102634.825,2026-07-08 16:00:00
1783528200000,1730.66,1737.98,1726.05,1735.83,96328.078,2026-07-08 16:30:00
1783530000000,1735.83,1742.54,1732.0,1742.51,65893.329,2026-07-08 17:00:00
1783531800000,1742.51,1746.0,1729.6,1732.47,124440.128,2026-07-08 17:30:00
1783533600000,1732.47,1739.62,1731.42,1736.03,49763.651,2026-07-08 18:00:00
1783535400000,1736.02,1740.35,1728.63,1736.41,47328.277,2026-07-08 18:30:00
1783537200000,1736.41,1739.47,1732.61,1737.45,22870.12,2026-07-08 19:00:00
1783539000000,1737.45,1740.79,1733.5,1740.12,36105.618,2026-07-08 19:30:00
1783540800000,1740.13,1740.5,1733.77,1738.39,25679.907,2026-07-08 20:00:00
1783542600000,1738.38,1738.58,1734.14,1735.74,17562.561,2026-07-08 20:30:00
1783544400000,1735.73,1736.79,1730.27,1734.54,22302.057,2026-07-08 21:00:00
1783546200000,1734.55,1739.33,1732.71,1737.25,20220.742,2026-07-08 21:30:00
1783548000000,1737.25,1743.31,1735.73,1738.95,24086.773,2026-07-08 22:00:00
1783549800000,1738.95,1740.78,1737.33,1740.42,14866.05,2026-07-08 22:30:00
1783551600000,1740.41,1743.3,1738.71,1739.86,18947.305,2026-07-08 23:00:00
1783553400000,1739.86,1744.47,1738.0,1742.58,22203.57,2026-07-08 23:30:00
1783555200000,1742.57,1743.5,1738.0,1740.78,32221.6,2026-07-09 00:00:00
1783557000000,1740.79,1743.83,1735.89,1737.36,21812.026,2026-07-09 00:30:00
1783558800000,1737.36,1755.73,1736.75,1745.8,116657.295,2026-07-09 01:00:00
1783560600000,1745.8,1746.51,1728.99,1730.81,90790.348,2026-07-09 01:30:00
1783562400000,1730.8,1738.95,1727.23,1734.4,65680.511,2026-07-09 02:00:00
1783564200000,1734.39,1734.65,1722.5,1726.36,86574.614,2026-07-09 02:30:00
1783566000000,1726.36,1729.5,1720.15,1728.56,88709.275,2026-07-09 03:00:00
1783567800000,1728.56,1733.87,1726.52,1729.74,50414.171,2026-07-09 03:30:00
1783569600000,1729.73,1733.43,1729.33,1732.72,32354.017,2026-07-09 04:00:00
1783571400000,1732.71,1742.93,1732.57,1741.57,94692.263,2026-07-09 04:30:00
1783573200000,1741.56,1748.0,1737.11,1738.6,84574.175,2026-07-09 05:00:00
1783575000000,1738.6,1748.69,1736.57,1748.44,62282.129,2026-07-09 05:30:00
1783576800000,1748.44,1754.77,1744.91,1751.99,137571.669,2026-07-09 06:00:00
1783578600000,1751.99,1754.8,1750.52,1754.44,71519.077,2026-07-09 06:30:00
1783580400000,1754.45,1761.84,1749.35,1751.68,134281.52,2026-07-09 07:00:00
1783582200000,1751.68,1760.74,1750.05,1752.39,62085.979,2026-07-09 07:30:00
1783584000000,1752.39,1757.43,1750.0,1757.43,46550.35,2026-07-09 08:00:00
1783585800000,1757.42,1757.93,1751.68,1753.49,33729.817,2026-07-09 08:30:00
1783587600000,1753.46,1754.0,1750.4,1752.84,33678.278,2026-07-09 09:00:00
1783589400000,1752.85,1755.64,1748.24,1754.77,48786.712,2026-07-09 09:30:00
1783591200000,1754.77,1756.67,1751.27,1751.85,28954.451,2026-07-09 10:00:00
1783593000000,1751.88,1753.58,1743.0,1745.52,65190.735,2026-07-09 10:30:00
1783594800000,1745.53,1747.6,1740.3,1741.7,52278.414,2026-07-09 11:00:00
1783596600000,1741.7,1744.65,1740.36,1743.27,35856.818,2026-07-09 11:30:00
1783598400000,1743.28,1744.87,1738.0,1740.28,124740.208,2026-07-09 12:00:00
1783600200000,1740.28,1746.78,1734.07,1741.0,116557.195,2026-07-09 12:30:00
1783602000000,1741.0,1749.81,1740.79,1743.06,70136.826,2026-07-09 13:00:00
1783603800000,1743.06,1751.77,1734.89,1746.42,143645.423,2026-07-09 13:30:00
1783605600000,1746.41,1749.26,1732.58,1739.49,119603.704,2026-07-09 14:00:00
1783607400000,1739.5,1743.55,1735.38,1742.49,65222.829,2026-07-09 14:30:00
1783609200000,1742.49,1748.88,1739.26,1741.93,70107.254,2026-07-09 15:00:00
1783611000000,1741.93,1744.92,1736.35,1738.71,41700.524,2026-07-09 15:30:00
1783612800000,1738.71,1743.14,1731.04,1735.5,70889.854,2026-07-09 16:00:00
1783614600000,1735.49,1739.62,1734.34,1738.35,40986.742,2026-07-09 16:30:00
1783616400000,1738.35,1743.87,1737.71,1742.13,39337.199,2026-07-09 17:00:00
1783618200000,1742.14,1751.93,1739.7,1747.8,86063.649,2026-07-09 17:30:00
1783620000000,1747.8,1759.3,1746.8,1753.92,116689.317,2026-07-09 18:00:00
1783621800000,1753.92,1754.0,1748.6,1750.63,41042.423,2026-07-09 18:30:00
1783623600000,1750.64,1751.0,1746.16,1749.08,27053.498,2026-07-09 19:00:00
1783625400000,1749.09,1752.34,1746.58,1747.83,25627.429,2026-07-09 19:30:00
1783627200000,1747.83,1748.98,1744.5,1747.14,33686.967,2026-07-09 20:00:00
1783629000000,1747.14,1749.86,1746.37,1747.92,9876.673,2026-07-09 20:30:00
1783630800000,1747.92,1750.4,1745.1,1745.69,15713.146,2026-07-09 21:00:00
1783632600000,1745.69,1748.0,1744.05,1747.54,12267.281,2026-07-09 21:30:00
1783634400000,1747.54,1750.61,1746.2,1748.36,17098.733,2026-07-09 22:00:00
1783636200000,1748.37,1750.21,1745.28,1746.59,14129.934,2026-07-09 22:30:00
1783638000000,1746.59,1748.48,1740.21,1745.55,37440.548,2026-07-09 23:00:00
1783639800000,1745.55,1747.0,1743.31,1744.33,12075.472,2026-07-09 23:30:00
1783641600000,1744.34,1745.66,1739.21,1741.11,38252.291,2026-07-10 00:00:00
1783643400000,1741.12,1743.09,1736.12,1742.13,61210.883,2026-07-10 00:30:00
1783645200000,1742.13,1751.0,1737.2,1749.7,59445.538,2026-07-10 01:00:00
1783647000000,1749.71,1777.4,1746.61,1767.03,312437.432,2026-07-10 01:30:00
1783648800000,1767.02,1769.96,1763.83,1765.91,98207.251,2026-07-10 02:00:00
1783650600000,1765.9,1774.69,1764.79,1772.15,66157.22,2026-07-10 02:30:00
1783652400000,1772.16,1772.83,1768.87,1769.83,36929.832,2026-07-10 03:00:00
1783654200000,1769.82,1779.63,1768.5,1775.34,72251.939,2026-07-10 03:30:00
1783656000000,1775.33,1779.59,1772.74,1772.99,51668.706,2026-07-10 04:00:00
1783657800000,1772.99,1777.23,1770.89,1773.87,44443.628,2026-07-10 04:30:00
1783659600000,1773.87,1774.22,1771.6,1772.87,25223.43,2026-07-10 05:00:00
1783661400000,1772.86,1779.22,1772.28,1778.31,66963.546,2026-07-10 05:30:00
1783663200000,1778.31,1779.3,1768.5,1769.77,66797.035,2026-07-10 06:00:00
1783665000000,1769.76,1773.45,1769.49,1770.49,38798.655,2026-07-10 06:30:00
1783666800000,1770.49,1776.84,1767.74,1775.28,51157.933,2026-07-10 07:00:00
1783668600000,1775.27,1775.27,1770.8,1772.66,24224.155,2026-07-10 07:30:00
1783670400000,1772.66,1789.38,1771.76,1785.08,140409.509,2026-07-10 08:00:00
1783672200000,1785.08,1788.88,1782.58,1783.27,73005.343,2026-07-10 08:30:00
1783674000000,1783.28,1787.96,1780.29,1787.71,55661.984,2026-07-10 09:00:00
1783675800000,1787.72,1794.56,1787.6,1791.67,107230.331,2026-07-10 09:30:00
1783677600000,1791.66,1802.57,1788.41,1799.68,131202.482,2026-07-10 10:00:00
1783679400000,1799.68,1801.9,1795.24,1795.94,58368.133,2026-07-10 10:30:00
1783681200000,1795.94,1801.35,1795.25,1796.49,43579.938,2026-07-10 11:00:00
1783683000000,1796.48,1801.79,1793.36,1800.57,64184.236,2026-07-10 11:30:00
1783684800000,1800.57,1807.69,1797.36,1800.0,93344.781,2026-07-10 12:00:00
1783686600000,1800.0,1800.25,1791.83,1793.23,70047.088,2026-07-10 12:30:00
1783688400000,1793.23,1798.04,1792.73,1794.88,45298.833,2026-07-10 13:00:00
1783690200000,1794.88,1812.82,1794.02,1802.87,173714.823,2026-07-10 13:30:00
1783692000000,1802.87,1803.88,1778.38,1787.88,227570.118,2026-07-10 14:00:00
1783693800000,1787.87,1794.0,1773.26,1784.12,191273.118,2026-07-10 14:30:00
1783695600000,1784.11,1796.58,1783.01,1792.94,90171.521,2026-07-10 15:00:00
1783697400000,1792.95,1793.76,1785.49,1790.35,52212.906,2026-07-10 15:30:00
1783699200000,1790.35,1795.4,1787.21,1790.51,49687.976,2026-07-10 16:00:00
1783701000000,1790.51,1799.3,1784.24,1796.75,80730.58,2026-07-10 16:30:00
1783702800000,1796.76,1798.44,1788.14,1792.53,59344.485,2026-07-10 17:00:00
1783704600000,1792.53,1792.54,1787.33,1787.49,39454.655,2026-07-10 17:30:00
1783706400000,1787.5,1792.87,1786.67,1789.28,32400.562,2026-07-10 18:00:00
1783708200000,1789.28,1789.6,1780.08,1784.2,52093.281,2026-07-10 18:30:00
1783710000000,1784.2,1788.87,1783.4,1787.3,24624.225,2026-07-10 19:00:00
1783711800000,1787.31,1796.53,1787.13,1791.76,76554.44,2026-07-10 19:30:00
1783713600000,1791.77,1793.52,1788.48,1790.61,36371.511,2026-07-10 20:00:00
1783715400000,1790.61,1793.59,1789.2,1789.2,17441.778,2026-07-10 20:30:00
1783717200000,1789.2,1793.52,1788.67,1792.61,19208.614,2026-07-10 21:00:00
1783719000000,1792.62,1796.26,1792.62,1793.71,19565.834,2026-07-10 21:30:00
1783720800000,1793.71,1795.64,1792.06,1794.28,20301.385,2026-07-10 22:00:00
1783722600000,1794.29,1796.07,1792.51,1794.34,17885.343,2026-07-10 22:30:00
1783724400000,1794.33,1797.52,1791.65,1795.33,19173.527,2026-07-10 23:00:00
1783726200000,1795.33,1796.64,1794.48,1795.99,9237.447,2026-07-10 23:30:00
1783728000000,1795.99,1796.31,1789.41,1792.93,24510.414,2026-07-11 00:00:00
1783729800000,1792.93,1793.37,1789.2,1792.3,11877.494,2026-07-11 00:30:00
1783731600000,1792.3,1798.5,1791.03,1795.05,20173.785,2026-07-11 01:00:00
1783733400000,1795.05,1796.53,1787.46,1788.19,32808.817,2026-07-11 01:30:00
1783735200000,1788.18,1791.31,1785.77,1790.86,21940.904,2026-07-11 02:00:00
1783737000000,1790.85,1795.32,1790.5,1794.79,19883.195,2026-07-11 02:30:00
1783738800000,1794.78,1796.6,1791.71,1794.18,28198.09,2026-07-11 03:00:00
1783740600000,1794.18,1797.39,1793.82,1795.5,15172.461,2026-07-11 03:30:00
1783742400000,1795.49,1797.39,1794.55,1795.64,17132.871,2026-07-11 04:00:00
1783744200000,1795.64,1799.98,1794.77,1795.55,26284.862,2026-07-11 04:30:00
1783746000000,1795.56,1799.3,1793.88,1798.4,16425.241,2026-07-11 05:00:00
1783747800000,1798.4,1801.94,1796.59,1798.45,30118.867,2026-07-11 05:30:00
1783749600000,1798.46,1802.86,1793.79,1799.06,32460.612,2026-07-11 06:00:00
1783751400000,1799.07,1801.56,1797.69,1798.22,15928.967,2026-07-11 06:30:00
1783753200000,1798.22,1801.0,1797.02,1799.9,15737.22,2026-07-11 07:00:00
1783755000000,1799.91,1800.89,1798.45,1798.99,13381.461,2026-07-11 07:30:00
1783756800000,1798.99,1801.05,1798.46,1800.2,12355.257,2026-07-11 08:00:00
1783758600000,1800.2,1802.5,1799.54,1800.49,14279.513,2026-07-11 08:30:00
1783760400000,1800.48,1801.71,1797.15,1798.73,18624.457,2026-07-11 09:00:00
1783762200000,1798.73,1799.77,1794.13,1794.59,28286.899,2026-07-11 09:30:00
1783764000000,1794.59,1797.91,1794.31,1797.91,16056.337,2026-07-11 10:00:00
1783765800000,1797.9,1798.49,1796.0,1797.52,13139.355,2026-07-11 10:30:00
1783767600000,1797.53,1798.6,1796.31,1798.27,11759.467,2026-07-11 11:00:00
1783769400000,1798.28,1800.21,1797.96,1799.59,13269.135,2026-07-11 11:30:00
1783771200000,1799.59,1800.87,1797.65,1799.16,10897.927,2026-07-11 12:00:00
1783773000000,1799.17,1800.42,1797.6,1799.22,10546.12,2026-07-11 12:30:00
1783774800000,1799.23,1801.72,1798.0,1800.8,17400.017,2026-07-11 13:00:00
1783776600000,1800.8,1807.85,1800.57,1801.82,54646.262,2026-07-11 13:30:00
1783778400000,1801.82,1806.5,1801.68,1805.2,31990.501,2026-07-11 14:00:00
1783780200000,1805.19,1819.0,1805.09,1809.76,167597.684,2026-07-11 14:30:00
1783782000000,1809.76,1827.78,1809.75,1823.49,182357.217,2026-07-11 15:00:00
1783783800000,1823.49,1823.79,1807.42,1813.9,156569.511,2026-07-11 15:30:00
1783785600000,1813.9,1819.73,1809.77,1818.76,65160.459,2026-07-11 16:00:00
1783787400000,1818.77,1823.36,1815.26,1822.44,74155.566,2026-07-11 16:30:00
1783789200000,1822.44,1822.99,1817.19,1821.81,32407.143,2026-07-11 17:00:00
1783791000000,1821.8,1829.5,1821.65,1823.8,82782.365,2026-07-11 17:30:00
1783792800000,1823.8,1828.8,1822.7,1824.96,29610.409,2026-07-11 18:00:00
1783794600000,1824.97,1828.14,1823.38,1825.36,35748.678,2026-07-11 18:30:00
1783796400000,1825.36,1826.34,1818.45,1819.1,36165.295,2026-07-11 19:00:00
1783798200000,1819.11,1823.76,1818.25,1823.63,29291.089,2026-07-11 19:30:00
1783800000000,1823.62,1825.0,1823.06,1825.0,9882.437,2026-07-11 20:00:00
1783801800000,1825.0,1827.69,1824.46,1824.98,17929.349,2026-07-11 20:30:00
1783803600000,1824.98,1828.5,1824.4,1824.84,15979.989,2026-07-11 21:00:00
1783805400000,1824.85,1826.07,1821.59,1822.88,12916.089,2026-07-11 21:30:00
1783807200000,1822.87,1823.28,1808.09,1812.66,75011.804,2026-07-11 22:00:00
1783809000000,1812.67,1816.39,1811.03,1812.87,34904.392,2026-07-11 22:30:00
1783810800000,1812.87,1814.77,1790.88,1794.89,149332.226,2026-07-11 23:00:00
1783812600000,1794.88,1795.74,1785.1,1786.91,127477.85,2026-07-11 23:30:00
1783814400000,1786.9,1790.62,1782.08,1787.03,110561.127,2026-07-12 00:00:00
1783816200000,1787.03,1789.98,1778.29,1788.25,100186.611,2026-07-12 00:30:00
1783818000000,1788.25,1801.41,1787.18,1799.71,110247.813,2026-07-12 01:00:00
1783819800000,1799.7,1807.73,1798.87,1805.71,80636.753,2026-07-12 01:30:00
1783821600000,1805.71,1806.68,1802.04,1804.6,41621.46,2026-07-12 02:00:00
1783823400000,1804.6,1806.45,1803.0,1804.03,20671.645,2026-07-12 02:30:00
1783825200000,1804.03,1807.95,1801.41,1806.39,23939.799,2026-07-12 03:00:00
1783827000000,1806.4,1812.9,1806.0,1810.62,60976.017,2026-07-12 03:30:00
1783828800000,1810.62,1811.8,1807.08,1808.86,26072.418,2026-07-12 04:00:00
1783830600000,1808.85,1809.46,1802.89,1804.78,46306.182,2026-07-12 04:30:00
1783832400000,1804.78,1806.36,1800.21,1800.64,31207.646,2026-07-12 05:00:00
1783834200000,1800.63,1804.91,1800.32,1802.28,19010.01,2026-07-12 05:30:00
1783836000000,1802.29,1802.29,1788.24,1790.12,114031.488,2026-07-12 06:00:00
1783837800000,1790.12,1795.34,1788.87,1794.32,39779.304,2026-07-12 06:30:00
1783839600000,1794.31,1798.24,1793.38,1796.19,32839.956,2026-07-12 07:00:00
1783841400000,1796.2,1798.32,1795.5,1797.92,18368.407,2026-07-12 07:30:00
1783843200000,1797.91,1808.38,1797.76,1802.87,81709.371,2026-07-12 08:00:00
1783845000000,1802.88,1804.73,1802.1,1804.16,21239.55,2026-07-12 08:30:00
1783846800000,1804.17,1805.14,1795.64,1798.61,64589.176,2026-07-12 09:00:00
1783848600000,1798.61,1803.87,1798.6,1801.58,28284.827,2026-07-12 09:30:00
1783850400000,1801.59,1801.75,1798.54,1799.87,20047.936,2026-07-12 10:00:00
1783852200000,1799.86,1800.97,1798.02,1798.63,24786.729,2026-07-12 10:30:00
1783854000000,1798.63,1800.39,1795.23,1800.3,22832.803,2026-07-12 11:00:00
1783855800000,1800.29,1805.99,1800.29,1802.81,39018.608,2026-07-12 11:30:00
1783857600000,1802.81,1807.29,1802.01,1806.5,30178.371,2026-07-12 12:00:00
1783859400000,1806.5,1808.73,1803.88,1806.08,25466.894,2026-07-12 12:30:00
1783861200000,1806.08,1808.87,1804.44,1806.79,23258.187,2026-07-12 13:00:00
1783863000000,1806.79,1808.0,1804.5,1805.0,18380.371,2026-07-12 13:30:00
1783864800000,1805.0,1806.26,1803.13,1804.73,19081.599,2026-07-12 14:00:00
1783866600000,1804.72,1822.63,1804.72,1818.54,135369.522,2026-07-12 14:30:00
1783868400000,1818.54,1826.0,1815.48,1825.2,112995.46,2026-07-12 15:00:00
1783870200000,1825.2,1826.0,1818.01,1819.9,59575.984,2026-07-12 15:30:00
1783872000000,1819.9,1823.33,1816.16,1821.69,73393.389,2026-07-12 16:00:00
1783873800000,1821.69,1821.69,1817.83,1820.82,27935.332,2026-07-12 16:30:00
1783875600000,1820.82,1821.55,1817.5,1817.81,19863.894,2026-07-12 17:00:00
1783877400000,1817.82,1821.38,1813.57,1817.35,48012.655,2026-07-12 17:30:00
1783879200000,1817.35,1820.0,1814.04,1817.76,40196.487,2026-07-12 18:00:00
1783881000000,1817.77,1821.5,1817.62,1820.66,17429.214,2026-07-12 18:30:00
1783882800000,1820.67,1822.15,1819.24,1820.71,12908.017,2026-07-12 19:00:00
1783884600000,1820.71,1822.66,1817.86,1820.5,14244.527,2026-07-12 19:30:00
1783886400000,1820.49,1821.26,1817.68,1818.98,13075.166,2026-07-12 20:00:00
1783888200000,1818.98,1823.58,1817.73,1820.31,17114.75,2026-07-12 20:30:00
1783890000000,1820.32,1822.5,1812.0,1814.38,41610.116,2026-07-12 21:00:00
1783891800000,1814.37,1814.38,1810.43,1811.65,35871.25,2026-07-12 21:30:00
1783893600000,1811.64,1811.64,1796.33,1801.59,133703.704,2026-07-12 22:00:00
1783895400000,1801.59,1805.85,1796.42,1804.11,44298.877,2026-07-12 22:30:00
1783897200000,1804.1,1804.64,1800.02,1803.92,29295.629,2026-07-12 23:00:00
1783899000000,1803.92,1808.54,1803.5,1805.86,39581.884,2026-07-12 23:30:00
1783900800000,1805.87,1846.36,1803.46,1830.87,392409.436,2026-07-13 00:00:00
1783902600000,1830.87,1832.66,1806.11,1825.59,225950.229,2026-07-13 00:30:00
1783904400000,1825.6,1829.49,1813.74,1815.85,126929.83,2026-07-13 01:00:00
1783906200000,1815.85,1819.49,1804.18,1805.9,125646.827,2026-07-13 01:30:00
1783908000000,1805.9,1811.09,1798.19,1809.22,162520.528,2026-07-13 02:00:00
1783909800000,1809.21,1814.32,1805.53,1805.87,59491.859,2026-07-13 02:30:00
1783911600000,1805.86,1805.86,1784.01,1794.22,305267.774,2026-07-13 03:00:00
1783913400000,1794.23,1794.25,1773.44,1779.96,215093.505,2026-07-13 03:30:00
1783915200000,1779.95,1784.77,1775.34,1784.08,74854.184,2026-07-13 04:00:00
1783917000000,1784.08,1784.08,1776.66,1778.16,47769.386,2026-07-13 04:30:00
1783918800000,1778.16,1786.0,1773.03,1778.79,111427.667,2026-07-13 05:00:00
1783920600000,1778.79,1784.56,1774.0,1780.96,61567.544,2026-07-13 05:30:00
1783922400000,1780.96,1782.8,1775.63,1778.94,62667.08,2026-07-13 06:00:00
1783924200000,1778.94,1780.19,1775.0,1777.18,32190.744,2026-07-13 06:30:00
1783926000000,1777.18,1787.69,1775.61,1786.11,70799.953,2026-07-13 07:00:00
1783927800000,1786.1,1790.65,1784.49,1786.56,62453.757,2026-07-13 07:30:00
1783929600000,1786.57,1788.5,1782.74,1785.69,38207.713,2026-07-13 08:00:00
1783931400000,1785.7,1792.86,1783.5,1789.33,65012.823,2026-07-13 08:30:00
1783933200000,1789.33,1789.5,1784.08,1786.64,28602.141,2026-07-13 09:00:00
1783935000000,1786.63,1787.0,1784.0,1784.86,22317.091,2026-07-13 09:30:00
1783936800000,1784.86,1786.0,1779.25,1781.54,50127.708,2026-07-13 10:00:00
1783938600000,1781.55,1783.48,1775.84,1778.85,58375.179,2026-07-13 10:30:00
1783940400000,1778.85,1784.24,1778.85,1781.25,43168.836,2026-07-13 11:00:00
1783942200000,1781.24,1783.15,1779.71,1779.99,19584.996,2026-07-13 11:30:00
1783944000000,1779.99,1782.58,1774.56,1776.3,73069.36,2026-07-13 12:00:00
1783945800000,1776.3,1777.76,1765.0,1771.41,172204.986,2026-07-13 12:30:00
1783947600000,1771.41,1772.82,1763.2,1768.74,79652.164,2026-07-13 13:00:00
1783949400000,1768.74,1775.8,1762.26,1770.51,162588.54,2026-07-13 13:30:00
1783951200000,1770.51,1775.5,1760.87,1770.85,159711.377,2026-07-13 14:00:00
1783953000000,1770.86,1781.16,1767.78,1780.73,124022.28,2026-07-13 14:30:00
1783954800000,1780.73,1785.82,1776.6,1781.83,96877.416,2026-07-13 15:00:00
1783956600000,1781.83,1782.09,1774.15,1775.87,55579.988,2026-07-13 15:30:00
1783958400000,1775.87,1779.99,1769.67,1771.27,68921.135,2026-07-13 16:00:00
1783960200000,1771.26,1775.55,1766.22,1770.93,74061.206,2026-07-13 16:30:00
1783962000000,1770.94,1775.88,1769.08,1770.73,39317.524,2026-07-13 17:00:00
1783963800000,1770.72,1771.89,1752.11,1752.61,204582.487,2026-07-13 17:30:00
1783965600000,1752.62,1759.95,1747.0,1757.49,153420.553,2026-07-13 18:00:00
1783967400000,1757.49,1766.33,1756.09,1764.0,60689.424,2026-07-13 18:30:00
1783969200000,1764.0,1768.86,1763.4,1764.46,57871.737,2026-07-13 19:00:00
1783971000000,1764.46,1774.59,1764.46,1774.13,68445.804,2026-07-13 19:30:00
1783972800000,1774.14,1776.79,1764.38,1769.06,58800.929,2026-07-13 20:00:00
1783974600000,1769.06,1769.65,1760.7,1766.53,29475.797,2026-07-13 20:30:00
1783976400000,1766.53,1766.53,1759.17,1759.63,23817.78,2026-07-13 21:00:00
1783978200000,1759.63,1761.71,1751.4,1760.82,63932.317,2026-07-13 21:30:00
1783980000000,1760.82,1767.77,1760.35,1765.31,41131.736,2026-07-13 22:00:00
1783981800000,1765.31,1766.0,1755.35,1757.35,31461.809,2026-07-13 22:30:00
1783983600000,1757.35,1770.16,1755.4,1766.42,39756.293,2026-07-13 23:00:00
1783985400000,1766.41,1777.81,1764.56,1775.82,67377.965,2026-07-13 23:30:00
1783987200000,1775.83,1781.38,1772.39,1777.72,70207.593,2026-07-14 00:00:00
1783989000000,1777.72,1788.72,1777.72,1785.22,87633.222,2026-07-14 00:30:00
1783990800000,1785.23,1793.8,1783.0,1786.77,104447.649,2026-07-14 01:00:00
1783992600000,1786.78,1787.48,1782.21,1783.95,41860.162,2026-07-14 01:30:00
1783994400000,1783.95,1788.31,1773.99,1777.09,85520.373,2026-07-14 02:00:00
1783996200000,1777.09,1785.5,1777.08,1781.67,49446.624,2026-07-14 02:30:00
1783998000000,1781.67,1783.2,1773.54,1779.22,54028.595,2026-07-14 03:00:00
1783999800000,1779.23,1783.18,1778.0,1782.78,32594.33,2026-07-14 03:30:00
1784001600000,1782.78,1788.33,1781.14,1786.7,55510.171,2026-07-14 04:00:00
1784003400000,1786.7,1788.9,1783.61,1784.82,46291.4,2026-07-14 04:30:00
1784005200000,1784.81,1792.94,1783.35,1789.57,62652.344,2026-07-14 05:00:00
1784007000000,1789.58,1791.15,1784.33,1786.12,33723.767,2026-07-14 05:30:00
1784008800000,1786.12,1786.68,1783.7,1784.66,28128.331,2026-07-14 06:00:00
1784010600000,1784.66,1786.48,1780.66,1782.42,32481.101,2026-07-14 06:30:00
1784012400000,1782.43,1785.76,1780.19,1784.7,38032.592,2026-07-14 07:00:00
1784014200000,1784.7,1784.7,1778.21,1780.12,35905.139,2026-07-14 07:30:00
1784016000000,1780.12,1787.0,1777.52,1785.43,34506.185,2026-07-14 08:00:00
1784017800000,1785.43,1788.76,1783.58,1785.04,42436.273,2026-07-14 08:30:00
1784019600000,1785.04,1788.68,1784.3,1786.75,34536.999,2026-07-14 09:00:00
1784021400000,1786.74,1787.91,1781.82,1785.15,36421.856,2026-07-14 09:30:00
1784023200000,1785.15,1790.96,1785.11,1787.34,61356.679,2026-07-14 10:00:00
1784025000000,1787.33,1804.4,1785.11,1799.4,205597.14,2026-07-14 10:30:00
1784026800000,1799.4,1802.54,1795.0,1799.94,77092.328,2026-07-14 11:00:00
1784028600000,1799.94,1800.5,1796.56,1797.09,31398.351,2026-07-14 11:30:00
1784030400000,1797.1,1808.0,1793.35,1800.71,120557.116,2026-07-14 12:00:00
1784032200000,1800.7,1867.45,1800.22,1860.39,988911.304,2026-07-14 12:30:00
1784034000000,1860.39,1883.38,1854.04,1878.92,450875.752,2026-07-14 13:00:00
1784035800000,1878.93,1879.99,1864.17,1870.79,234006.03,2026-07-14 13:30:00
1784037600000,1870.78,1871.52,1858.94,1864.89,161651.409,2026-07-14 14:00:00
1784039400000,1864.89,1884.97,1862.91,1880.23,157799.763,2026-07-14 14:30:00
1784041200000,1880.23,1883.8,1874.4,1882.3,119629.424,2026-07-14 15:00:00
1784043000000,1882.3,1888.48,1871.76,1874.52,176822.678,2026-07-14 15:30:00
1784044800000,1874.51,1876.5,1867.76,1874.37,95613.06,2026-07-14 16:00:00
1784046600000,1874.37,1876.0,1871.84,1873.26,33783.907,2026-07-14 16:30:00
1784048400000,1873.26,1873.27,1860.09,1868.96,105236.387,2026-07-14 17:00:00
1784050200000,1868.97,1872.58,1865.13,1870.96,41510.066,2026-07-14 17:30:00
1784052000000,1870.96,1871.84,1867.5,1869.55,22182.496,2026-07-14 18:00:00
1784053800000,1869.55,1876.0,1867.68,1873.89,38774.243,2026-07-14 18:30:00
1784055600000,1873.89,1880.88,1873.46,1875.77,42573.742,2026-07-14 19:00:00
1784057400000,1875.77,1880.1,1873.59,1875.94,32322.468,2026-07-14 19:30:00
1784059200000,1875.94,1877.87,1873.7,1874.99,22497.668,2026-07-14 20:00:00
1784061000000,1875.0,1876.92,1872.86,1874.46,20420.309,2026-07-14 20:30:00
1784062800000,1874.46,1878.84,1873.54,1877.29,22739.194,2026-07-14 21:00:00
1784064600000,1877.29,1878.78,1874.0,1875.41,15484.008,2026-07-14 21:30:00
1784066400000,1875.42,1885.35,1870.83,1880.7,71598.647,2026-07-14 22:00:00
1784068200000,1880.7,1897.99,1880.08,1881.16,155808.592,2026-07-14 22:30:00
1784070000000,1881.15,1887.5,1877.58,1885.0,54799.149,2026-07-14 23:00:00
1784071800000,1885.0,1892.98,1883.73,1891.12,38997.153,2026-07-14 23:30:00
1784073600000,1891.12,1892.58,1878.04,1879.98,70490.637,2026-07-15 00:00:00
1784075400000,1879.98,1882.64,1877.11,1880.8,40728.672,2026-07-15 00:30:00
1784077200000,1880.8,1881.3,1873.4,1878.27,50564.983,2026-07-15 01:00:00
1784079000000,1878.27,1878.6,1866.67,1869.64,77384.191,2026-07-15 01:30:00
1784080800000,1869.64,1872.41,1864.08,1864.27,49410.531,2026-07-15 02:00:00
1784082600000,1864.27,1867.21,1863.63,1863.92,36123.357,2026-07-15 02:30:00
1784084400000,1863.93,1870.65,1863.7,1868.21,36979.367,2026-07-15 03:00:00
1784086200000,1868.21,1878.78,1868.2,1875.48,74077.95,2026-07-15 03:30:00
1784088000000,1875.47,1879.47,1874.54,1874.54,37274.797,2026-07-15 04:00:00
1784089800000,1874.54,1879.7,1872.5,1875.69,29426.827,2026-07-15 04:30:00
1784091600000,1875.7,1877.68,1870.9,1871.48,33675.143,2026-07-15 05:00:00
1784093400000,1871.48,1882.97,1871.47,1881.93,50046.982,2026-07-15 05:30:00
1784095200000,1881.94,1889.01,1880.73,1884.99,101956.121,2026-07-15 06:00:00
1784097000000,1884.99,1891.45,1873.82,1874.76,124516.266,2026-07-15 06:30:00
1784098800000,1874.76,1876.48,1863.14,1865.52,138202.855,2026-07-15 07:00:00
1784100600000,1865.51,1870.8,1865.0,1869.25,55985.146,2026-07-15 07:30:00
1784102400000,1869.25,1874.59,1869.2,1873.6,39537.396,2026-07-15 08:00:00
1784104200000,1873.6,1879.0,1872.52,1878.2,54305.716,2026-07-15 08:30:00
1784106000000,1878.21,1885.69,1878.0,1881.77,74193.556,2026-07-15 09:00:00
1784107800000,1881.77,1881.99,1877.7,1878.78,54623.889,2026-07-15 09:30:00
1784109600000,1878.78,1885.34,1873.58,1875.21,68057.334,2026-07-15 10:00:00
1784111400000,1875.2,1878.94,1873.75,1877.02,39360.491,2026-07-15 10:30:00
1784113200000,1877.02,1881.7,1876.34,1877.39,36360.716,2026-07-15 11:00:00
1784115000000,1877.4,1885.0,1877.4,1883.61,56787.288,2026-07-15 11:30:00
1784116800000,1883.61,1885.75,1878.14,1884.8,65586.444,2026-07-15 12:00:00
1784118600000,1884.81,1928.87,1884.08,1926.41,636505.133,2026-07-15 12:30:00
1784120400000,1926.4,1946.0,1926.4,1936.28,452322.167,2026-07-15 13:00:00
1784122200000,1936.28,1942.61,1916.46,1925.21,291526.892,2026-07-15 13:30:00
1784124000000,1925.21,1934.79,1918.49,1928.32,184352.757,2026-07-15 14:00:00
1784125800000,1928.32,1933.92,1923.69,1932.28,96753.806,2026-07-15 14:30:00
1784127600000,1932.27,1938.53,1924.67,1930.79,94116.566,2026-07-15 15:00:00
1784129400000,1930.79,1935.25,1927.49,1930.79,65516.405,2026-07-15 15:30:00
1784131200000,1930.78,1932.0,1913.34,1921.45,159876.135,2026-07-15 16:00:00
1784133000000,1921.45,1922.0,1903.31,1918.89,196828.916,2026-07-15 16:30:00
1784134800000,1918.89,1924.3,1918.53,1922.46,75382.596,2026-07-15 17:00:00
1784136600000,1922.46,1931.71,1921.03,1927.13,92729.374,2026-07-15 17:30:00
1784138400000,1927.13,1936.0,1926.55,1930.43,83724.695,2026-07-15 18:00:00
1784140200000,1930.44,1934.45,1921.43,1923.69,58551.638,2026-07-15 18:30:00
1784142000000,1923.7,1928.38,1918.15,1923.17,46839.661,2026-07-15 19:00:00
1784143800000,1923.18,1927.07,1921.41,1923.12,31637.55,2026-07-15 19:30:00
1784145600000,1923.11,1926.2,1918.6,1925.6,35081.976,2026-07-15 20:00:00
1784147400000,1925.6,1929.9,1922.51,1922.52,28812.872,2026-07-15 20:30:00
1784149200000,1922.52,1924.89,1920.44,1923.03,15929.599,2026-07-15 21:00:00
1784151000000,1923.03,1923.04,1918.82,1921.31,24032.459,2026-07-15 21:30:00
1784152800000,1921.31,1924.77,1917.36,1923.4,39037.756,2026-07-15 22:00:00
1784154600000,1923.39,1928.32,1920.75,1922.33,32155.139,2026-07-15 22:30:00
1784156400000,1922.32,1926.28,1920.16,1920.94,18533.017,2026-07-15 23:00:00
1784158200000,1920.93,1922.67,1913.76,1917.04,44584.845,2026-07-15 23:30:00
1784160000000,1917.04,1924.44,1913.38,1915.0,53749.983,2026-07-16 00:00:00
1784161800000,1915.01,1917.93,1910.78,1914.15,59431.536,2026-07-16 00:30:00
1784163600000,1914.16,1917.6,1907.3,1913.82,55655.381,2026-07-16 01:00:00
1784165400000,1913.82,1925.29,1913.7,1921.85,71030.231,2026-07-16 01:30:00
1784167200000,1921.85,1923.4,1918.04,1921.49,26114.819,2026-07-16 02:00:00
1784169000000,1921.5,1925.69,1919.66,1924.38,27593.14,2026-07-16 02:30:00
1784170800000,1924.38,1928.55,1921.92,1924.65,42981.908,2026-07-16 03:00:00
1784172600000,1924.65,1925.93,1916.1,1917.86,43089.924,2026-07-16 03:30:00
1784174400000,1917.86,1920.12,1913.37,1918.33,40905.213,2026-07-16 04:00:00
1784176200000,1918.33,1919.67,1916.76,1917.65,20495.949,2026-07-16 04:30:00
1784178000000,1917.66,1925.5,1916.5,1924.49,46033.237,2026-07-16 05:00:00
1784179800000,1924.49,1926.87,1920.57,1924.53,38487.182,2026-07-16 05:30:00
1784181600000,1924.52,1929.38,1920.64,1921.41,44801.369,2026-07-16 06:00:00
1784183400000,1921.4,1922.0,1914.64,1921.8,51845.031,2026-07-16 06:30:00
1784185200000,1921.79,1921.8,1916.0,1916.55,29656.316,2026-07-16 07:00:00
1784187000000,1916.55,1917.03,1904.1,1909.92,176070.021,2026-07-16 07:30:00
1784188800000,1909.91,1912.5,1873.64,1891.21,570059.075,2026-07-16 08:00:00
1784190600000,1891.2,1895.67,1880.18,1885.49,151362.634,2026-07-16 08:30:00
1784192400000,1885.49,1888.76,1881.46,1882.25,57247.162,2026-07-16 09:00:00
1784194200000,1882.24,1885.31,1879.56,1883.95,57210.799,2026-07-16 09:30:00
1784196000000,1883.94,1888.82,1883.0,1888.14,50702.259,2026-07-16 10:00:00
1784197800000,1888.14,1890.89,1885.14,1887.62,42265.179,2026-07-16 10:30:00
1784199600000,1887.6,1887.63,1881.74,1882.59,43733.997,2026-07-16 11:00:00
1784201400000,1882.59,1887.0,1878.32,1884.24,58512.027,2026-07-16 11:30:00
1784203200000,1884.24,1884.24,1876.34,1881.82,74431.013,2026-07-16 12:00:00
1784205000000,1881.82,1882.81,1866.46,1871.72,192721.377,2026-07-16 12:30:00
1784206800000,1871.71,1883.5,1870.3,1882.99,112135.746,2026-07-16 13:00:00
1784208600000,1883.0,1889.73,1874.54,1881.62,154641.234,2026-07-16 13:30:00
1784210400000,1881.61,1892.5,1880.58,1886.7,136028.699,2026-07-16 14:00:00
1784212200000,1886.7,1890.2,1873.66,1882.6,101078.497,2026-07-16 14:30:00
1784214000000,1882.59,1893.79,1870.01,1890.25,175955.722,2026-07-16 15:00:00
1784215800000,1890.25,1890.36,1877.01,1881.16,95049.427,2026-07-16 15:30:00
1784217600000,1881.15,1881.68,1873.41,1879.01,69305.869,2026-07-16 16:00:00
1784219400000,1879.0,1882.51,1873.83,1878.19,56470.823,2026-07-16 16:30:00
1784221200000,1878.18,1878.64,1860.33,1871.25,160742.491,2026-07-16 17:00:00
1784223000000,1871.24,1875.37,1863.01,1868.32,72842.882,2026-07-16 17:30:00
1784224800000,1868.32,1879.34,1867.14,1874.89,58985.322,2026-07-16 18:00:00
1784226600000,1874.89,1877.48,1870.55,1875.13,33493.734,2026-07-16 18:30:00
1784228400000,1875.14,1877.08,1870.63,1873.81,26722.59,2026-07-16 19:00:00
1784230200000,1873.81,1875.73,1870.28,1874.82,25237.831,2026-07-16 19:30:00
1784232000000,1874.83,1875.0,1870.85,1872.69,15289.599,2026-07-16 20:00:00
1784233800000,1872.68,1874.0,1871.0,1871.06,12352.881,2026-07-16 20:30:00
1784235600000,1871.05,1878.99,1871.03,1876.86,24778.273,2026-07-16 21:00:00
1784237400000,1876.86,1881.0,1876.03,1877.79,23196.567,2026-07-16 21:30:00
1784239200000,1877.8,1880.8,1872.72,1873.57,22688.119,2026-07-16 22:00:00
1784241000000,1873.58,1876.43,1867.01,1868.19,42239.12,2026-07-16 22:30:00
1784242800000,1868.19,1869.99,1856.25,1860.34,115685.974,2026-07-16 23:00:00
1784244600000,1860.34,1866.07,1857.6,1863.86,54925.397,2026-07-16 23:30:00
1784246400000,1863.85,1866.17,1858.8,1860.25,52682.97,2026-07-17 00:00:00
1784248200000,1860.25,1865.0,1845.6,1865.0,166180.722,2026-07-17 00:30:00
1784250000000,1865.0,1870.31,1858.72,1863.63,102689.31,2026-07-17 01:00:00
1784251800000,1863.64,1863.89,1846.77,1850.42,110464.201,2026-07-17 01:30:00
1784253600000,1850.41,1855.11,1843.0,1850.0,110446.593,2026-07-17 02:00:00
1784255400000,1850.0,1851.5,1842.21,1847.47,77975.418,2026-07-17 02:30:00
1784257200000,1847.47,1858.87,1846.54,1857.25,75890.929,2026-07-17 03:00:00
1784259000000,1857.25,1857.9,1850.44,1851.89,42037.181,2026-07-17 03:30:00
1784260800000,1851.88,1852.06,1843.13,1846.46,70369.744,2026-07-17 04:00:00
1784262600000,1846.45,1852.67,1843.24,1849.21,65411.812,2026-07-17 04:30:00
1784264400000,1849.2,1849.2,1835.41,1837.07,105902.82,2026-07-17 05:00:00
1784266200000,1837.07,1839.34,1820.34,1823.3,301819.623,2026-07-17 05:30:00
1784268000000,1823.3,1834.37,1819.4,1833.74,171234.517,2026-07-17 06:00:00
1784269800000,1833.73,1835.84,1829.24,1831.5,72876.775,2026-07-17 06:30:00
1784271600000,1831.5,1831.9,1826.16,1830.95,46921.12,2026-07-17 07:00:00
1784273400000,1830.96,1833.13,1825.03,1827.36,63679.201,2026-07-17 07:30:00
1784275200000,1827.36,1829.96,1823.06,1824.48,53633.605,2026-07-17 08:00:00
1784277000000,1824.48,1831.83,1820.16,1829.26,92628.448,2026-07-17 08:30:00
1784278800000,1829.26,1832.29,1828.25,1830.99,34530.346,2026-07-17 09:00:00
1784280600000,1831.0,1835.53,1830.0,1834.28,51113.396,2026-07-17 09:30:00
1784282400000,1834.27,1839.52,1833.21,1836.87,89024.09,2026-07-17 10:00:00
1784284200000,1836.86,1838.68,1835.73,1835.98,24940.085,2026-07-17 10:30:00
1784286000000,1835.98,1837.61,1832.1,1835.62,39746.26,2026-07-17 11:00:00
1784287800000,1835.62,1842.29,1834.6,1838.31,56627.912,2026-07-17 11:30:00
1784289600000,1838.3,1839.38,1831.25,1833.0,52137.856,2026-07-17 12:00:00
1784291400000,1833.0,1834.22,1826.5,1827.77,67853.841,2026-07-17 12:30:00
1784293200000,1827.76,1828.43,1807.05,1815.39,285184.097,2026-07-17 13:00:00
1784295000000,1815.39,1826.46,1802.34,1824.84,252909.988,2026-07-17 13:30:00
1784296800000,1824.84,1833.41,1821.06,1822.72,168149.314,2026-07-17 14:00:00
1784298600000,1822.71,1826.63,1816.09,1821.32,112167.389,2026-07-17 14:30:00
1784300400000,1821.32,1821.51,1809.44,1821.12,128449.411,2026-07-17 15:00:00
1784302200000,1821.12,1830.99,1815.73,1829.95,106835.387,2026-07-17 15:30:00
1784304000000,1829.95,1836.5,1825.5,1834.54,117462.618,2026-07-17 16:00:00
1784305800000,1834.54,1839.98,1831.14,1835.01,83633.27,2026-07-17 16:30:00
1784307600000,1835.01,1855.65,1835.01,1845.69,206764.045,2026-07-17 17:00:00
1784309400000,1845.69,1847.4,1840.8,1842.79,47693.514,2026-07-17 17:30:00
1784311200000,1842.79,1843.49,1833.82,1836.47,57994.251,2026-07-17 18:00:00
1784313000000,1836.46,1848.73,1836.11,1845.94,68983.617,2026-07-17 18:30:00
1784314800000,1845.94,1846.0,1834.35,1839.99,48462.346,2026-07-17 19:00:00
1784316600000,1840.0,1845.19,1839.31,1842.69,38482.045,2026-07-17 19:30:00
1784318400000,1842.66,1842.66,1836.19,1839.65,28458.667,2026-07-17 20:00:00
1784320200000,1839.64,1845.32,1837.17,1841.88,25747.283,2026-07-17 20:30:00
1784322000000,1841.86,1845.82,1841.71,1843.85,17968.043,2026-07-17 21:00:00
1784323800000,1843.85,1843.85,1839.22,1840.6,20798.18,2026-07-17 21:30:00
1784325600000,1840.59,1843.01,1837.83,1838.39,12710.029,2026-07-17 22:00:00
1784327400000,1838.39,1839.48,1836.7,1839.0,14425.141,2026-07-17 22:30:00
1784329200000,1839.0,1840.46,1834.23,1840.46,20700.727,2026-07-17 23:00:00
1784331000000,1840.46,1843.77,1840.05,1840.99,22117.217,2026-07-17 23:30:00
1784332800000,1840.99,1844.36,1839.0,1841.9,18717.968,2026-07-18 00:00:00
1784334600000,1841.9,1842.53,1839.1,1839.88,11227.599,2026-07-18 00:30:00
1784336400000,1839.87,1842.65,1838.39,1842.26,13804.914,2026-07-18 01:00:00
1784338200000,1842.26,1842.47,1838.6,1841.75,12940.724,2026-07-18 01:30:00
1784340000000,1841.75,1844.47,1840.28,1843.13,20712.608,2026-07-18 02:00:00
1784341800000,1843.12,1846.01,1840.55,1840.91,20409.926,2026-07-18 02:30:00
1784343600000,1840.9,1843.5,1840.5,1842.49,11812.488,2026-07-18 03:00:00
1784345400000,1842.49,1845.54,1841.73,1845.08,18134.46,2026-07-18 03:30:00
1784347200000,1845.07,1845.2,1841.6,1843.38,14466.742,2026-07-18 04:00:00
1784349000000,1843.37,1844.17,1841.39,1843.86,11025.63,2026-07-18 04:30:00
1784350800000,1843.87,1845.67,1842.0,1844.71,11560.076,2026-07-18 05:00:00
1784352600000,1844.7,1848.69,1843.75,1844.94,34207.725,2026-07-18 05:30:00
1784354400000,1844.95,1847.0,1843.26,1845.04,16628.177,2026-07-18 06:00:00
1784356200000,1845.03,1845.1,1842.0,1843.92,16929.903,2026-07-18 06:30:00
1784358000000,1843.93,1845.09,1842.0,1844.48,11841.078,2026-07-18 07:00:00
1784359800000,1844.47,1844.73,1842.5,1843.31,11626.826,2026-07-18 07:30:00
1784361600000,1843.3,1846.0,1841.27,1845.67,21004.907,2026-07-18 08:00:00
1784363400000,1845.67,1848.35,1845.46,1846.55,24001.628,2026-07-18 08:30:00
1784365200000,1846.56,1847.1,1842.0,1842.68,25753.745,2026-07-18 09:00:00
1784367000000,1842.68,1844.61,1842.6,1844.11,9265.744,2026-07-18 09:30:00
1784368800000,1844.12,1845.47,1843.29,1845.47,10625.975,2026-07-18 10:00:00
1784370600000,1845.47,1845.77,1842.88,1844.5,6768.342,2026-07-18 10:30:00
1784372400000,1844.51,1844.91,1843.9,1844.39,6050.239,2026-07-18 11:00:00
1784374200000,1844.4,1845.83,1843.37,1844.51,7410.219,2026-07-18 11:30:00
1784376000000,1844.51,1849.79,1840.12,1840.31,58110.199,2026-07-18 12:00:00
1784377800000,1840.3,1847.0,1839.15,1843.83,39521.224,2026-07-18 12:30:00
1784379600000,1843.83,1843.83,1836.41,1840.77,56914.388,2026-07-18 13:00:00
1784381400000,1840.77,1841.85,1839.06,1840.72,16035.47,2026-07-18 13:30:00
1784383200000,1840.72,1844.85,1839.78,1844.78,23000.842,2026-07-18 14:00:00
1784385000000,1844.78,1845.36,1843.19,1845.0,33039.319,2026-07-18 14:30:00
1784386800000,1845.0,1845.33,1842.53,1842.63,15679.597,2026-07-18 15:00:00
1784388600000,1842.63,1844.96,1841.1,1843.07,10789.498,2026-07-18 15:30:00
1784390400000,1843.07,1843.86,1840.82,1842.82,10793.652,2026-07-18 16:00:00
1784392200000,1842.82,1846.48,1840.38,1845.26,25243.669,2026-07-18 16:30:00
1784394000000,1845.26,1848.0,1842.57,1843.19,21393.248,2026-07-18 17:00:00
1784395800000,1843.2,1852.66,1843.19,1851.75,77055.763,2026-07-18 17:30:00
1784397600000,1851.74,1868.85,1848.69,1858.02,148687.957,2026-07-18 18:00:00
1784399400000,1858.03,1858.54,1853.28,1856.52,43921.776,2026-07-18 18:30:00
1784401200000,1856.53,1860.59,1855.07,1855.83,31975.502,2026-07-18 19:00:00
1784403000000,1855.82,1858.19,1854.28,1857.43,14894.981,2026-07-18 19:30:00
1784404800000,1857.42,1862.61,1856.13,1858.49,28256.726,2026-07-18 20:00:00
1784406600000,1858.48,1858.48,1854.56,1856.1,13035.53,2026-07-18 20:30:00
1784408400000,1856.11,1862.48,1854.98,1858.5,23857.883,2026-07-18 21:00:00
1784410200000,1858.51,1862.0,1855.87,1860.01,23962.026,2026-07-18 21:30:00
1784412000000,1860.01,1864.82,1858.58,1860.31,36856.075,2026-07-18 22:00:00
1784413800000,1860.3,1863.69,1859.39,1862.57,12428.657,2026-07-18 22:30:00
1784415600000,1862.56,1863.48,1859.08,1862.15,17011.313,2026-07-18 23:00:00
1784417400000,1862.16,1862.26,1860.09,1861.76,10677.821,2026-07-18 23:30:00
1784419200000,1861.76,1863.05,1858.27,1858.55,18997.737,2026-07-19 00:00:00
1784421000000,1858.56,1862.23,1858.23,1860.44,15303.503,2026-07-19 00:30:00
1784422800000,1860.45,1860.69,1858.49,1858.72,15863.799,2026-07-19 01:00:00
1784424600000,1858.71,1859.75,1857.37,1858.21,19017.751,2026-07-19 01:30:00
1784426400000,1858.22,1872.59,1857.23,1867.0,104536.125,2026-07-19 02:00:00
1784428200000,1867.01,1876.88,1867.0,1870.64,86699.574,2026-07-19 02:30:00
1784430000000,1870.64,1872.18,1862.88,1864.55,58795.906,2026-07-19 03:00:00
1784431800000,1864.55,1866.6,1863.72,1866.42,19374.613,2026-07-19 03:30:00
1784433600000,1866.42,1867.9,1863.37,1865.99,26278.822,2026-07-19 04:00:00
1784435400000,1866.0,1869.83,1865.29,1866.38,26678.782,2026-07-19 04:30:00
1784437200000,1866.4,1869.42,1866.4,1867.26,16986.777,2026-07-19 05:00:00
1784439000000,1867.25,1869.26,1864.66,1867.58,21745.729,2026-07-19 05:30:00
1784440800000,1867.58,1869.85,1867.25,1868.6,18832.082,2026-07-19 06:00:00
1784442600000,1868.6,1870.93,1867.6,1868.25,15647.769,2026-07-19 06:30:00
1784444400000,1868.26,1868.75,1866.0,1868.4,15269.159,2026-07-19 07:00:00
1784446200000,1868.41,1871.2,1867.55,1869.18,23105.976,2026-07-19 07:30:00
1784448000000,1869.18,1870.0,1866.75,1868.06,16907.379,2026-07-19 08:00:00
1784449800000,1868.06,1874.88,1866.68,1872.7,38027.241,2026-07-19 08:30:00
1784451600000,1872.69,1873.02,1865.2,1867.81,40330.16,2026-07-19 09:00:00
1784453400000,1867.82,1869.54,1864.17,1865.51,34991.352,2026-07-19 09:30:00
1784455200000,1865.5,1867.97,1863.01,1867.58,21350.455,2026-07-19 10:00:00
1784457000000,1867.58,1879.81,1866.43,1871.45,99385.576,2026-07-19 10:30:00
1784458800000,1871.45,1878.18,1868.93,1874.77,57432.773,2026-07-19 11:00:00
1784460600000,1874.77,1876.66,1869.63,1870.51,35938.184,2026-07-19 11:30:00
1784462400000,1870.5,1874.0,1863.54,1868.05,104072.946,2026-07-19 12:00:00
1784464200000,1868.05,1873.6,1867.55,1869.74,30709.621,2026-07-19 12:30:00
1784466000000,1869.73,1870.0,1865.0,1868.31,30616.686,2026-07-19 13:00:00
1784467800000,1868.32,1873.21,1867.41,1871.06,28675.744,2026-07-19 13:30:00
1784469600000,1871.07,1873.6,1867.56,1870.66,26609.023,2026-07-19 14:00:00
1784471400000,1870.66,1878.96,1870.29,1873.82,56870.267,2026-07-19 14:30:00
1784473200000,1873.82,1875.23,1868.0,1868.59,27975.25,2026-07-19 15:00:00
1784475000000,1868.59,1873.0,1868.58,1870.2,22350.65,2026-07-19 15:30:00
1784476800000,1870.19,1873.26,1867.41,1869.52,28958.285,2026-07-19 16:00:00
1784478600000,1869.51,1869.52,1865.0,1865.88,40229.23,2026-07-19 16:30:00
1784480400000,1865.87,1873.62,1856.0,1869.16,137850.034,2026-07-19 17:00:00
1784482200000,1869.16,1872.83,1866.22,1866.23,29021.41,2026-07-19 17:30:00
1784484000000,1866.23,1866.95,1850.08,1857.1,131921.676,2026-07-19 18:00:00
1784485800000,1857.09,1860.56,1855.46,1860.17,30667.297,2026-07-19 18:30:00
1784487600000,1860.17,1860.75,1853.71,1859.51,21740.577,2026-07-19 19:00:00
1784489400000,1859.5,1862.26,1857.61,1861.62,15281.117,2026-07-19 19:30:00
1784491200000,1861.62,1865.7,1861.26,1863.54,26864.367,2026-07-19 20:00:00
1784493000000,1863.55,1866.47,1863.0,1866.46,12998.424,2026-07-19 20:30:00
1784494800000,1866.46,1867.86,1861.6,1863.35,20589.344,2026-07-19 21:00:00
1784496600000,1863.34,1863.35,1856.51,1861.02,26049.271,2026-07-19 21:30:00
1784498400000,1861.02,1876.36,1856.01,1870.41,125878.921,2026-07-19 22:00:00
1784500200000,1870.41,1874.39,1866.61,1869.61,33771.656,2026-07-19 22:30:00
1784502000000,1869.61,1870.71,1863.88,1868.13,35275.276,2026-07-19 23:00:00
1784503800000,1868.13,1874.63,1867.02,1871.31,34621.009,2026-07-19 23:30:00
1784505600000,1871.31,1891.45,1865.54,1879.02,206243.783,2026-07-20 00:00:00
1784507400000,1879.02,1885.0,1861.25,1871.31,131051.449,2026-07-20 00:30:00
1784509200000,1871.31,1889.5,1869.37,1879.76,125662.335,2026-07-20 01:00:00
1784511000000,1879.76,1880.84,1864.71,1868.55,78314.724,2026-07-20 01:30:00
1784512800000,1868.56,1881.93,1866.75,1870.78,99962.413,2026-07-20 02:00:00
1784514600000,1870.78,1882.72,1870.18,1878.0,60819.631,2026-07-20 02:30:00
1784516400000,1878.01,1881.45,1870.0,1872.09,47431.812,2026-07-20 03:00:00
1784518200000,1872.09,1879.82,1871.01,1878.99,38678.828,2026-07-20 03:30:00
1784520000000,1878.99,1879.18,1867.21,1873.17,51558.427,2026-07-20 04:00:00
1784521800000,1873.19,1878.0,1867.6,1868.04,55589.0,2026-07-20 04:30:00
1784523600000,1868.05,1869.21,1850.19,1858.33,178376.965,2026-07-20 05:00:00
1784525400000,1858.33,1859.88,1853.16,1854.55,48211.388,2026-07-20 05:30:00
1784527200000,1854.55,1859.37,1851.07,1855.61,53040.158,2026-07-20 06:00:00
1784529000000,1855.54,1856.27,1841.0,1848.57,178574.719,2026-07-20 06:30:00
1784530800000,1848.56,1858.51,1848.0,1857.05,81354.448,2026-07-20 07:00:00
1784532600000,1857.04,1864.93,1856.0,1862.99,76183.07,2026-07-20 07:30:00
1784534400000,1862.99,1867.58,1860.13,1863.08,67550.81,2026-07-20 08:00:00
1784536200000,1863.08,1863.9,1853.0,1859.74,100147.234,2026-07-20 08:30:00
1784538000000,1859.74,1863.48,1856.79,1863.0,30714.125,2026-07-20 09:00:00
1784539800000,1862.99,1866.69,1862.15,1863.25,38929.423,2026-07-20 09:30:00
1784541600000,1863.23,1872.46,1861.67,1869.29,61756.286,2026-07-20 10:00:00
1784543400000,1869.29,1869.85,1866.25,1868.0,26338.386,2026-07-20 10:30:00
1784545200000,1867.99,1876.32,1866.95,1873.3,72956.691,2026-07-20 11:00:00
1784547000000,1873.3,1897.0,1873.05,1892.35,308385.297,2026-07-20 11:30:00
1784548800000,1892.34,1893.1,1875.15,1876.47,156963.081,2026-07-20 12:00:00
1784550600000,1876.47,1877.98,1870.4,1872.43,85376.157,2026-07-20 12:30:00
1784552400000,1872.43,1874.66,1865.89,1869.41,81622.313,2026-07-20 13:00:00
1784554200000,1869.4,1879.95,1856.28,1861.8,243640.008,2026-07-20 13:30:00
1784556000000,1861.79,1866.61,1852.24,1866.57,138655.661,2026-07-20 14:00:00
1784557800000,1866.58,1871.3,1862.06,1867.38,88738.392,2026-07-20 14:30:00
1784559600000,1867.39,1887.43,1866.78,1884.25,176191.118,2026-07-20 15:00:00
1784561400000,1884.26,1905.0,1880.37,1901.5,263055.141,2026-07-20 15:30:00
1784563200000,1901.5,1906.56,1892.7,1899.51,157907.102,2026-07-20 16:00:00
1784565000000,1899.51,1903.36,1894.33,1898.43,102552.295,2026-07-20 16:30:00
1784566800000,1898.43,1902.3,1894.5,1899.12,51685.496,2026-07-20 17:00:00
1784568600000,1899.12,1909.96,1895.14,1906.62,100334.683,2026-07-20 17:30:00
1784570400000,1906.63,1917.55,1905.88,1907.39,204144.441,2026-07-20 18:00:00
1784572200000,1907.39,1907.58,1896.59,1898.55,82700.718,2026-07-20 18:30:00
1784574000000,1898.56,1899.26,1888.2,1895.73,94084.345,2026-07-20 19:00:00
1784575800000,1895.72,1900.41,1892.41,1897.65,52876.748,2026-07-20 19:30:00
1784577600000,1897.65,1902.26,1895.22,1900.57,25544.844,2026-07-20 20:00:00
1784579400000,1900.57,1906.24,1900.34,1904.06,33444.256,2026-07-20 20:30:00
1784581200000,1904.06,1906.93,1903.17,1904.1,19322.898,2026-07-20 21:00:00
1784583000000,1904.1,1906.28,1900.83,1901.51,17960.421,2026-07-20 21:30:00
1784584800000,1901.51,1901.75,1894.69,1895.66,38030.868,2026-07-20 22:00:00
1784586600000,1895.67,1897.13,1893.33,1894.78,28395.022,2026-07-20 22:30:00
1784588400000,1894.77,1902.58,1894.27,1902.53,23481.245,2026-07-20 23:00:00
1784590200000,1902.52,1904.67,1898.84,1903.75,23097.731,2026-07-20 23:30:00
1784592000000,1903.75,1909.69,1899.51,1906.36,46745.789,2026-07-21 00:00:00
1784593800000,1906.36,1916.99,1906.12,1913.94,70187.837,2026-07-21 00:30:00
1784595600000,1913.93,1917.84,1908.62,1909.2,78991.28,2026-07-21 01:00:00
1784597400000,1909.2,1914.44,1905.83,1906.38,44904.679,2026-07-21 01:30:00
1784599200000,1906.39,1912.94,1903.49,1906.71,41629.127,2026-07-21 02:00:00
1784601000000,1906.7,1924.0,1906.26,1916.3,104924.638,2026-07-21 02:30:00
1784602800000,1916.3,1927.93,1915.85,1923.99,109858.924,2026-07-21 03:00:00
1784604600000,1923.98,1927.99,1921.69,1925.63,48949.771,2026-07-21 03:30:00
1784606400000,1925.63,1930.78,1921.51,1922.38,116690.19,2026-07-21 04:00:00
1784608200000,1922.39,1924.86,1921.51,1923.5,30439.389,2026-07-21 04:30:00
1784610000000,1923.49,1925.34,1920.73,1923.92,37668.841,2026-07-21 05:00:00
1784611800000,1923.91,1935.99,1922.23,1929.55,106689.039,2026-07-21 05:30:00
1784613600000,1929.55,1933.26,1926.6,1931.27,76952.517,2026-07-21 06:00:00
1784615400000,1931.27,1939.08,1931.11,1934.01,120847.134,2026-07-21 06:30:00
1784617200000,1934.0,1937.88,1932.71,1934.31,42791.595,2026-07-21 07:00:00
1784619000000,1934.32,1939.99,1932.01,1933.04,71493.948,2026-07-21 07:30:00
1784620800000,1933.03,1952.66,1930.07,1939.59,264690.793,2026-07-21 08:00:00
1784622600000,1939.59,1942.0,1937.27,1938.89,75810.147,2026-07-21 08:30:00
1784624400000,1938.88,1940.2,1935.44,1937.7,56674.19,2026-07-21 09:00:00
1784626200000,1937.71,1942.63,1937.21,1940.93,32599.171,2026-07-21 09:30:00
1784628000000,1940.93,1946.21,1940.5,1941.26,64117.801,2026-07-21 10:00:00
1784629800000,1941.25,1942.79,1930.54,1933.03,85812.13,2026-07-21 10:30:00
1784631600000,1933.03,1933.6,1924.81,1928.83,101031.031,2026-07-21 11:00:00
1784633400000,1928.83,1936.7,1928.67,1934.87,67512.432,2026-07-21 11:30:00
1784635200000,1934.87,1942.73,1931.89,1939.32,88258.881,2026-07-21 12:00:00
1784637000000,1939.32,1944.46,1938.23,1941.64,52117.003,2026-07-21 12:30:00
1784638800000,1941.63,1942.5,1934.61,1936.03,56971.696,2026-07-21 13:00:00
1784640600000,1936.03,1940.5,1926.1,1939.39,163239.652,2026-07-21 13:30:00
1784642400000,1939.4,1943.32,1926.5,1931.71,147820.368,2026-07-21 14:00:00
1784644200000,1931.72,1937.62,1929.77,1930.95,71403.434,2026-07-21 14:30:00
1784646000000,1930.96,1930.96,1923.43,1925.1,106979.456,2026-07-21 15:00:00
1784647800000,1925.09,1931.6,1922.39,1930.88,71245.801,2026-07-21 15:30:00
1784649600000,1930.88,1934.5,1923.4,1923.9,62238.976,2026-07-21 16:00:00
1784651400000,1923.89,1927.55,1920.57,1925.5,64239.14,2026-07-21 16:30:00
1784653200000,1925.5,1927.41,1921.0,1924.45,31154.085,2026-07-21 17:00:00
1784655000000,1924.46,1926.89,1911.54,1917.81,122347.146,2026-07-21 17:30:00
1784656800000,1917.81,1922.04,1914.32,1919.36,57300.632,2026-07-21 18:00:00
1784658600000,1919.35,1921.5,1914.0,1919.06,45943.942,2026-07-21 18:30:00
1784660400000,1919.06,1923.5,1916.98,1922.97,30772.574,2026-07-21 19:00:00
1784662200000,1922.97,1925.29,1921.45,1922.45,35577.964,2026-07-21 19:30:00
1784664000000,1922.44,1923.2,1920.37,1922.03,13014.397,2026-07-21 20:00:00
1784665800000,1922.04,1925.25,1921.78,1922.0,18199.136,2026-07-21 20:30:00
1784667600000,1922.0,1924.0,1918.7,1922.89,21041.557,2026-07-21 21:00:00
1784669400000,1922.89,1925.84,1922.41,1923.06,18891.658,2026-07-21 21:30:00
1784671200000,1923.07,1923.07,1918.81,1920.87,20686.727,2026-07-21 22:00:00
1784673000000,1920.86,1922.65,1916.67,1919.73,16331.429,2026-07-21 22:30:00
1784674800000,1919.74,1921.7,1915.4,1921.7,26606.307,2026-07-21 23:00:00
1784676600000,1921.7,1931.97,1920.16,1929.21,66888.511,2026-07-21 23:30:00
1784678400000,1929.2,1943.5,1927.95,1936.0,144671.407,2026-07-22 00:00:00
1784680200000,1936.0,1941.76,1933.4,1938.13,54554.647,2026-07-22 00:30:00
1784682000000,1938.13,1939.6,1926.27,1930.16,76203.675,2026-07-22 01:00:00
1784683800000,1930.15,1936.6,1927.38,1932.54,48587.499,2026-07-22 01:30:00
1784685600000,1932.51,1935.43,1928.09,1931.2,38350.156,2026-07-22 02:00:00
1784687400000,1931.2,1931.2,1925.51,1929.24,37614.546,2026-07-22 02:30:00
1784689200000,1929.24,1932.75,1925.29,1931.0,45149.653,2026-07-22 03:00:00
1784691000000,1931.0,1934.95,1926.2,1927.41,45318.544,2026-07-22 03:30:00
1784692800000,1927.41,1936.31,1927.0,1934.17,39873.463,2026-07-22 04:00:00
1784694600000,1934.16,1938.17,1932.54,1935.43,37150.954,2026-07-22 04:30:00
1784696400000,1935.44,1935.7,1920.49,1921.82,93147.12,2026-07-22 05:00:00
1784698200000,1921.83,1925.4,1917.2,1918.71,85484.975,2026-07-22 05:30:00
1784700000000,1918.71,1920.33,1912.48,1913.64,90135.085,2026-07-22 06:00:00
1784701800000,1913.64,1918.78,1911.65,1916.66,63715.989,2026-07-22 06:30:00
1784703600000,1916.66,1918.16,1912.0,1917.31,45019.426,2026-07-22 07:00:00
1784705400000,1917.31,1918.0,1909.27,1913.51,78344.949,2026-07-22 07:30:00
1784707200000,1913.5,1924.51,1913.04,1920.87,83599.374,2026-07-22 08:00:00
1784709000000,1920.88,1922.79,1917.24,1920.2,37987.625,2026-07-22 08:30:00
1784710800000,1920.2,1925.81,1919.8,1924.22,57179.128,2026-07-22 09:00:00
1784712600000,1924.23,1924.23,1918.29,1923.66,39273.868,2026-07-22 09:30:00
1784714400000,1923.67,1927.98,1922.26,1927.61,46498.847,2026-07-22 10:00:00
1784716200000,1927.62,1933.3,1926.15,1929.79,87704.734,2026-07-22 10:30:00
1784718000000,1929.79,1930.7,1925.58,1927.25,36372.596,2026-07-22 11:00:00
1784719800000,1927.26,1928.2,1921.26,1926.5,62324.48,2026-07-22 11:30:00
1784721600000,1926.51,1926.62,1921.48,1922.74,48902.242,2026-07-22 12:00:00
1784723400000,1922.74,1924.57,1912.08,1916.18,108355.676,2026-07-22 12:30:00
1784725200000,1916.18,1921.83,1916.01,1920.71,46088.062,2026-07-22 13:00:00
1784727000000,1920.71,1941.67,1920.71,1938.74,281517.539,2026-07-22 13:30:00
1784728800000,1938.73,1956.86,1921.9,1924.02,444099.902,2026-07-22 14:00:00
1784730600000,1924.02,1934.41,1922.64,1932.15,114364.569,2026-07-22 14:30:00
1784732400000,1932.15,1951.48,1931.87,1947.52,258661.159,2026-07-22 15:00:00
1784734200000,1947.53,1949.14,1939.0,1941.95,113510.262,2026-07-22 15:30:00
1784736000000,1941.95,1946.6,1933.96,1938.66,101918.192,2026-07-22 16:00:00
1784737800000,1938.66,1955.41,1938.2,1948.75,176038.516,2026-07-22 16:30:00
1784739600000,1948.75,1949.2,1933.52,1935.61,86235.775,2026-07-22 17:00:00
1784741400000,1935.6,1945.45,1935.3,1937.46,71111.713,2026-07-22 17:30:00
1784743200000,1937.45,1939.0,1931.27,1932.36,80121.851,2026-07-22 18:00:00
1784745000000,1932.36,1932.36,1922.15,1929.73,138916.781,2026-07-22 18:30:00
1784746800000,1929.74,1931.12,1920.0,1926.5,61542.449,2026-07-22 19:00:00
1784748600000,1926.49,1928.0,1923.0,1924.1,38204.408,2026-07-22 19:30:00
1784750400000,1924.1,1929.37,1922.0,1926.77,49722.926,2026-07-22 20:00:00
1784752200000,1926.77,1928.39,1925.2,1925.89,10006.0,2026-07-22 20:30:00
1784754000000,1925.86,1929.1,1925.76,1927.21,18508.642,2026-07-22 21:00:00
1784755800000,1927.2,1939.47,1926.78,1937.89,56153.894,2026-07-22 21:30:00
1784757600000,1937.9,1938.38,1932.0,1935.32,21707.358,2026-07-22 22:00:00
1784759400000,1935.33,1938.09,1929.6,1937.5,31071.973,2026-07-22 22:30:00
1784761200000,1937.5,1937.74,1922.09,1927.84,73449.615,2026-07-22 23:00:00
1784763000000,1927.83,1933.86,1927.34,1933.48,21908.505,2026-07-22 23:30:00
1784764800000,1933.49,1940.97,1931.43,1937.46,68297.694,2026-07-23 00:00:00
1784766600000,1937.46,1939.34,1931.2,1931.2,37028.042,2026-07-23 00:30:00
1784768400000,1931.2,1935.89,1927.34,1932.69,48501.783,2026-07-23 01:00:00
1784770200000,1932.68,1933.58,1925.68,1927.59,42079.459,2026-07-23 01:30:00
1784772000000,1927.59,1928.71,1920.77,1923.61,54680.993,2026-07-23 02:00:00
1784773800000,1923.6,1927.5,1923.01,1926.78,32502.801,2026-07-23 02:30:00
1784775600000,1926.79,1927.17,1919.43,1921.74,56926.618,2026-07-23 03:00:00
1784777400000,1921.74,1924.21,1916.49,1919.58,66866.478,2026-07-23 03:30:00
1784779200000,1919.57,1925.29,1917.4,1924.22,48553.57,2026-07-23 04:00:00
1784781000000,1924.23,1924.32,1917.82,1918.93,30467.678,2026-07-23 04:30:00
1784782800000,1918.93,1925.0,1917.36,1924.99,45878.623,2026-07-23 05:00:00
1784784600000,1925.0,1927.92,1920.05,1921.84,52216.755,2026-07-23 05:30:00
1784786400000,1921.83,1925.55,1920.0,1925.35,38702.535,2026-07-23 06:00:00
1784788200000,1925.35,1925.96,1923.0,1924.4,15927.071,2026-07-23 06:30:00
1784790000000,1924.4,1924.41,1912.62,1915.17,111184.386,2026-07-23 07:00:00
1784791800000,1915.17,1915.91,1911.62,1914.9,52734.667,2026-07-23 07:30:00
1784793600000,1914.9,1921.94,1913.6,1921.19,63860.447,2026-07-23 08:00:00
1784795400000,1921.19,1926.53,1921.19,1925.41,76956.43,2026-07-23 08:30:00
1784797200000,1925.4,1930.97,1923.29,1928.5,95244.651,2026-07-23 09:00:00
1784799000000,1928.5,1928.74,1922.22,1923.13,66979.114,2026-07-23 09:30:00
1784800800000,1923.13,1927.99,1920.67,1927.07,44908.457,2026-07-23 10:00:00
1784802600000,1927.07,1929.37,1926.54,1926.99,27803.515,2026-07-23 10:30:00
1784804400000,1926.98,1928.0,1924.04,1925.14,21657.874,2026-07-23 11:00:00
1784806200000,1925.13,1927.29,1923.49,1924.7,22225.807,2026-07-23 11:30:00
1784808000000,1924.71,1926.9,1917.13,1918.01,72407.098,2026-07-23 12:00:00
1784809800000,1918.0,1918.0,1893.4,1903.59,387412.504,2026-07-23 12:30:00
1784811600000,1903.6,1906.58,1894.25,1897.25,111164.078,2026-07-23 13:00:00
1784813400000,1897.25,1908.21,1897.0,1897.78,158921.002,2026-07-23 13:30:00
1784815200000,1897.78,1906.5,1895.05,1902.95,119634.137,2026-07-23 14:00:00
1784817000000,1902.95,1906.18,1891.36,1895.71,131358.395,2026-07-23 14:30:00
1784818800000,1895.71,1897.01,1882.05,1891.89,313045.727,2026-07-23 15:00:00
1784820600000,1891.89,1897.38,1888.0,1894.68,78876.236,2026-07-23 15:30:00
1784822400000,1894.67,1894.82,1883.3,1889.15,117593.961,2026-07-23 16:00:00
1784824200000,1889.15,1890.83,1885.47,1887.22,41383.569,2026-07-23 16:30:00
1784826000000,1887.23,1891.31,1885.0,1890.39,52945.498,2026-07-23 17:00:00
1784827800000,1890.39,1891.29,1872.0,1877.6,124025.358,2026-07-23 17:30:00
1784829600000,1877.59,1879.94,1874.88,1879.52,82188.155,2026-07-23 18:00:00
1784831400000,1879.51,1883.54,1875.96,1879.99,55240.293,2026-07-23 18:30:00
1784833200000,1880.0,1882.5,1873.77,1880.5,32418.325,2026-07-23 19:00:00
1784835000000,1880.49,1881.8,1867.51,1874.67,86419.098,2026-07-23 19:30:00
1784836800000,1874.66,1887.93,1873.81,1886.7,62729.273,2026-07-23 20:00:00
1784838600000,1886.69,1886.7,1883.23,1884.93,17105.773,2026-07-23 20:30:00
1784840400000,1884.93,1888.31,1879.66,1881.84,36113.192,2026-07-23 21:00:00
1784842200000,1881.85,1883.26,1879.73,1881.8,22224.691,2026-07-23 21:30:00
1784844000000,1881.8,1883.26,1872.54,1879.19,61138.785,2026-07-23 22:00:00
1784845800000,1879.19,1882.89,1879.19,1882.53,17917.512,2026-07-23 22:30:00
1784847600000,1882.52,1883.78,1881.24,1881.99,19995.4,2026-07-23 23:00:00
1784849400000,1882.0,1883.19,1874.7,1877.45,33286.07,2026-07-23 23:30:00
1784851200000,1877.45,1878.3,1870.1,1870.4,57958.263,2026-07-24 00:00:00
1784853000000,1870.39,1871.34,1858.22,1870.36,167360.322,2026-07-24 00:30:00
1784854800000,1870.36,1876.69,1869.43,1872.28,64579.622,2026-07-24 01:00:00
1784856600000,1872.28,1876.59,1871.18,1871.73,31420.95,2026-07-24 01:30:00
1784858400000,1871.72,1877.46,1871.05,1874.69,38788.036,2026-07-24 02:00:00
1784860200000,1874.7,1874.9,1863.85,1868.84,67555.555,2026-07-24 02:30:00
1784862000000,1868.84,1880.81,1867.44,1877.97,75103.5,2026-07-24 03:00:00
1784863800000,1877.98,1880.48,1876.71,1879.6,33774.985,2026-07-24 03:30:00
1784865600000,1879.61,1881.18,1876.4,1879.0,32332.96,2026-07-24 04:00:00
1784867400000,1879.0,1879.99,1873.7,1875.07,30103.928,2026-07-24 04:30:00
1784869200000,1875.07,1880.36,1872.41,1878.87,43530.049,2026-07-24 05:00:00
1784871000000,1878.87,1881.21,1876.41,1879.92,27664.401,2026-07-24 05:30:00
1784872800000,1879.91,1885.94,1877.6,1883.18,62514.908,2026-07-24 06:00:00
1784874600000,1883.18,1887.5,1881.27,1887.04,50106.08,2026-07-24 06:30:00
1784876400000,1887.05,1908.99,1887.05,1897.01,294547.249,2026-07-24 07:00:00
1784878200000,1897.01,1901.16,1887.23,1895.15,157248.769,2026-07-24 07:30:00
1784880000000,1895.16,1895.29,1885.18,1889.36,68927.734,2026-07-24 08:00:00
1784881800000,1889.36,1891.89,1887.09,1887.22,29986.719,2026-07-24 08:30:00
1784883600000,1887.22,1888.35,1876.26,1881.81,108852.957,2026-07-24 09:00:00
1784885400000,1881.82,1887.82,1881.0,1887.23,48441.206,2026-07-24 09:30:00
1784887200000,1887.22,1887.78,1880.73,1884.15,32145.783,2026-07-24 10:00:00
1784889000000,1884.14,1885.7,1879.15,1882.67,30633.556,2026-07-24 10:30:00
1784890800000,1882.67,1883.38,1878.66,1880.55,31689.751,2026-07-24 11:00:00
1784892600000,1880.55,1883.6,1875.02,1882.9,66672.963,2026-07-24 11:30:00
1784894400000,1882.9,1885.08,1880.5,1881.88,32152.995,2026-07-24 12:00:00
1784896200000,1881.88,1883.44,1871.0,1871.78,95247.524,2026-07-24 12:30:00
1784898000000,1871.77,1874.52,1855.29,1865.99,260125.999,2026-07-24 13:00:00
1784899800000,1865.99,1867.65,1847.07,1857.13,260263.078,2026-07-24 13:30:00
1784901600000,1857.12,1862.38,1849.14,1857.07,166307.258,2026-07-24 14:00:00
1784903400000,1857.07,1862.4,1846.9,1862.02,131217.05,2026-07-24 14:30:00
1784905200000,1862.01,1867.5,1853.22,1864.43,145698.959,2026-07-24 15:00:00
1784907000000,1864.43,1868.58,1858.81,1861.17,94568.582,2026-07-24 15:30:00
1784908800000,1861.16,1865.33,1858.1,1860.0,48920.691,2026-07-24 16:00:00
1784910600000,1860.01,1860.01,1852.46,1856.57,76978.898,2026-07-24 16:30:00
1784912400000,1856.57,1863.61,1854.26,1862.2,53490.221,2026-07-24 17:00:00
1784914200000,1862.2,1865.76,1861.36,1865.73,34463.809,2026-07-24 17:30:00
1784916000000,1865.73,1866.15,1859.62,1860.5,30206.033,2026-07-24 18:00:00
1784917800000,1860.5,1863.23,1857.57,1861.78,32083.204,2026-07-24 18:30:00
1784919600000,1861.78,1862.89,1857.01,1860.38,20921.325,2026-07-24 19:00:00
1784921400000,1860.38,1863.5,1860.1,1862.71,17423.834,2026-07-24 19:30:00
1784923200000,1862.71,1864.47,1861.09,1862.19,17544.445,2026-07-24 20:00:00
1784925000000,1862.18,1862.32,1857.14,1859.95,24846.665,2026-07-24 20:30:00
1784926800000,1859.95,1860.96,1857.61,1859.16,19216.487,2026-07-24 21:00:00
1784928600000,1859.16,1860.45,1856.09,1856.88,28633.4,2026-07-24 21:30:00
1784930400000,1856.88,1859.08,1855.74,1858.6,16509.433,2026-07-24 22:00:00
1784932200000,1858.6,1860.8,1858.5,1858.65,14179.431,2026-07-24 22:30:00
1784934000000,1858.64,1860.65,1858.09,1860.18,9644.356,2026-07-24 23:00:00
1784935800000,1860.18,1861.2,1858.58,1860.75,9396.638,2026-07-24 23:30:00
1784937600000,1860.74,1863.55,1860.09,1863.0,14770.752,2026-07-25 00:00:00
1784939400000,1863.0,1863.95,1856.13,1859.5,54341.119,2026-07-25 00:30:00
1784941200000,1859.49,1862.92,1857.24,1859.01,36391.356,2026-07-25 01:00:00
1784943000000,1859.0,1861.59,1858.36,1859.31,15822.16,2026-07-25 01:30:00
1784944800000,1859.3,1860.99,1857.43,1860.0,14480.622,2026-07-25 02:00:00
1784946600000,1860.0,1860.39,1857.55,1858.71,12672.75,2026-07-25 02:30:00
1784948400000,1858.7,1859.78,1857.14,1858.48,13843.111,2026-07-25 03:00:00
1784950200000,1858.48,1859.4,1854.5,1857.87,23022.414,2026-07-25 03:30:00
1784952000000,1857.88,1860.77,1857.87,1859.06,15234.336,2026-07-25 04:00:00
1784953800000,1859.05,1861.75,1857.63,1860.5,15140.193,2026-07-25 04:30:00
1784955600000,1860.49,1862.15,1859.4,1859.9,18193.083,2026-07-25 05:00:00
1784957400000,1859.9,1859.94,1856.06,1857.81,24985.659,2026-07-25 05:30:00
1784959200000,1857.8,1859.5,1855.52,1856.07,19529.299,2026-07-25 06:00:00
1784961000000,1856.07,1858.0,1853.66,1857.7,25855.582,2026-07-25 06:30:00
1784962800000,1857.7,1857.9,1855.88,1856.31,15349.138,2026-07-25 07:00:00
1784964600000,1856.31,1857.27,1855.2,1855.2,12104.346,2026-07-25 07:30:00
1784966400000,1855.2,1855.49,1852.01,1855.15,24360.364,2026-07-25 08:00:00
1784968200000,1855.15,1855.4,1850.46,1853.1,27064.897,2026-07-25 08:30:00
1784970000000,1853.1,1855.1,1850.75,1855.1,27803.612,2026-07-25 09:00:00
1784971800000,1855.09,1858.29,1854.56,1857.56,25358.211,2026-07-25 09:30:00
1784973600000,1857.56,1858.67,1856.6,1857.3,20615.576,2026-07-25 10:00:00
1784975400000,1857.29,1858.13,1856.0,1857.89,12879.74,2026-07-25 10:30:00
1784977200000,1857.89,1859.4,1857.2,1857.45,20089.327,2026-07-25 11:00:00
1784979000000,1857.45,1858.85,1856.67,1856.98,12467.492,2026-07-25 11:30:00
1784980800000,1856.99,1857.97,1856.01,1857.15,15309.45,2026-07-25 12:00:00
1784982600000,1857.15,1859.66,1856.36,1859.33,11624.368,2026-07-25 12:30:00
1784984400000,1859.32,1864.72,1859.13,1863.19,58306.992,2026-07-25 13:00:00
1784986200000,1863.18,1871.98,1862.28,1866.39,102006.332,2026-07-25 13:30:00
1784988000000,1866.38,1867.38,1864.27,1865.82,33025.502,2026-07-25 14:00:00
1784989800000,1865.83,1868.56,1865.81,1867.89,19481.058,2026-07-25 14:30:00
1784991600000,1867.88,1870.76,1866.22,1867.51,26505.703,2026-07-25 15:00:00
1784993400000,1867.52,1870.22,1866.48,1867.06,20747.374,2026-07-25 15:30:00
1784995200000,1867.05,1868.6,1863.77,1864.93,28093.456,2026-07-25 16:00:00
1784997000000,1864.93,1870.04,1864.57,1867.32,20580.816,2026-07-25 16:30:00
1784998800000,1867.31,1871.7,1867.17,1870.61,20858.225,2026-07-25 17:00:00
1785000600000,1870.61,1874.88,1869.66,1872.25,56147.571,2026-07-25 17:30:00
1785002400000,1872.26,1876.79,1871.67,1874.62,45156.433,2026-07-25 18:00:00
1785004200000,1874.61,1875.67,1872.81,1874.54,18844.476,2026-07-25 18:30:00
1785006000000,1874.54,1875.68,1873.54,1874.34,12238.087,2026-07-25 19:00:00
1785007800000,1874.34,1875.77,1873.64,1873.91,7930.454,2026-07-25 19:30:00
1785009600000,1873.91,1874.0,1869.62,1871.66,17821.038,2026-07-25 20:00:00
1785011400000,1871.67,1871.67,1869.63,1871.23,10448.405,2026-07-25 20:30:00
1785013200000,1871.24,1871.5,1866.21,1869.81,15242.703,2026-07-25 21:00:00
1785015000000,1869.81,1874.95,1869.55,1871.6,20153.361,2026-07-25 21:30:00
1785016800000,1871.6,1874.71,1871.38,1874.2,8793.325,2026-07-25 22:00:00
1785018600000,1874.2,1876.35,1872.91,1874.84,15627.375,2026-07-25 22:30:00
1785020400000,1874.84,1875.36,1872.45,1873.34,14187.529,2026-07-25 23:00:00
1785022200000,1873.35,1874.6,1873.01,1873.8,7586.163,2026-07-25 23:30:00
1785024000000,1873.8,1879.9,1872.8,1878.37,42547.627,2026-07-26 00:00:00
1785025800000,1878.36,1881.13,1875.64,1880.27,32297.741,2026-07-26 00:30:00
1785027600000,1880.28,1881.08,1877.7,1878.44,25954.867,2026-07-26 01:00:00
1785029400000,1878.43,1879.44,1877.0,1877.77,17376.423,2026-07-26 01:30:00
1785031200000,1877.77,1879.6,1876.0,1878.45,15232.757,2026-07-26 02:00:00
1785033000000,1878.46,1880.58,1876.32,1879.86,15422.057,2026-07-26 02:30:00
1785034800000,1879.86,1883.62,1878.0,1880.47,33892.82,2026-07-26 03:00:00
1785036600000,1880.47,1883.48,1880.0,1881.46,22191.686,2026-07-26 03:30:00
1785038400000,1881.47,1884.52,1879.58,1883.56,30777.116,2026-07-26 04:00:00
1785040200000,1883.56,1888.81,1882.52,1885.39,56996.116,2026-07-26 04:30:00
1785042000000,1885.4,1886.65,1883.82,1883.87,23623.956,2026-07-26 05:00:00
1785043800000,1883.87,1885.49,1881.77,1882.57,22918.915,2026-07-26 05:30:00
1785045600000,1882.57,1884.14,1877.5,1877.81,47554.848,2026-07-26 06:00:00
1785047400000,1877.82,1884.63,1877.81,1884.07,27654.359,2026-07-26 06:30:00
1785049200000,1884.07,1885.61,1882.04,1882.23,21613.005,2026-07-26 07:00:00
1785051000000,1882.23,1882.27,1879.79,1880.98,19630.351,2026-07-26 07:30:00
1785052800000,1880.98,1880.98,1878.36,1879.97,16528.561,2026-07-26 08:00:00
1785054600000,1879.98,1881.85,1879.15,1880.68,16897.388,2026-07-26 08:30:00
1785056400000,1880.68,1883.99,1880.6,1883.46,20871.587,2026-07-26 09:00:00
1785058200000,1883.46,1884.99,1882.27,1882.87,14948.433,2026-07-26 09:30:00
1785060000000,1882.87,1885.54,1881.28,1884.49,14843.897,2026-07-26 10:00:00
1785061800000,1884.49,1886.9,1884.21,1885.18,23544.354,2026-07-26 10:30:00
1785063600000,1885.17,1886.92,1884.4,1886.08,19057.529,2026-07-26 11:00:00
1785065400000,1886.09,1886.72,1883.63,1884.98,15732.198,2026-07-26 11:30:00
1785067200000,1884.99,1893.34,1884.7,1888.99,80280.435,2026-07-26 12:00:00
1785069000000,1889.0,1889.53,1884.83,1885.51,19264.141,2026-07-26 12:30:00
1785070800000,1885.51,1887.38,1881.04,1885.16,53639.478,2026-07-26 13:00:00
1785072600000,1885.16,1888.33,1884.3,1885.75,18652.931,2026-07-26 13:30:00
1785074400000,1885.74,1897.57,1885.74,1891.76,122100.168,2026-07-26 14:00:00
1785076200000,1891.76,1899.55,1890.33,1897.81,75450.098,2026-07-26 14:30:00
1785078000000,1897.8,1908.91,1896.93,1906.29,162376.266,2026-07-26 15:00:00
1785079800000,1906.3,1916.78,1905.65,1913.71,186856.042,2026-07-26 15:30:00
1785081600000,1913.71,1921.55,1907.73,1919.0,119953.356,2026-07-26 16:00:00
1785083400000,1919.0,1927.5,1915.39,1915.55,155512.649,2026-07-26 16:30:00
1785085200000,1915.55,1917.0,1911.3,1913.45,57828.772,2026-07-26 17:00:00
1785087000000,1913.45,1914.99,1910.01,1910.44,31331.568,2026-07-26 17:30:00
1785088800000,1910.44,1915.0,1910.19,1912.36,25305.36,2026-07-26 18:00:00
1785090600000,1912.37,1916.1,1910.91,1913.63,18336.13,2026-07-26 18:30:00
1785092400000,1913.63,1915.11,1911.2,1913.2,14491.904,2026-07-26 19:00:00
1785094200000,1913.21,1915.0,1912.56,1913.45,6639.84,2026-07-26 19:30:00
1785096000000,1913.45,1913.9,1910.86,1912.3,8029.833,2026-07-26 20:00:00
1785097800000,1912.31,1913.2,1910.38,1912.77,6509.656,2026-07-26 20:30:00
1785099600000,1912.77,1924.29,1912.77,1920.93,41681.499,2026-07-26 21:00:00
1785101400000,1920.93,1930.0,1919.47,1925.19,63760.609,2026-07-26 21:30:00
1785103200000,1925.2,1940.27,1925.2,1937.93,164860.1,2026-07-26 22:00:00
1785105000000,1937.94,1952.0,1937.22,1948.9,170077.255,2026-07-26 22:30:00
1785106800000,1948.89,1966.0,1948.84,1952.93,257559.698,2026-07-26 23:00:00
1785108600000,1952.92,1956.35,1944.24,1953.75,96212.072,2026-07-26 23:30:00
1785110400000,1953.76,1954.47,1941.2,1944.0,97398.437,2026-07-27 00:00:00
1785112200000,1944.0,1944.5,1938.63,1941.52,63341.137,2026-07-27 00:30:00
1785114000000,1941.51,1947.23,1940.0,1940.49,70234.924,2026-07-27 01:00:00
1785115800000,1940.48,1947.7,1935.2,1947.49,69961.157,2026-07-27 01:30:00
1785117600000,1947.5,1948.5,1943.37,1945.12,42084.515,2026-07-27 02:00:00
1785119400000,1945.12,1948.34,1940.96,1942.55,32756.285,2026-07-27 02:30:00
1785121200000,1942.54,1946.07,1941.75,1945.26,25417.42,2026-07-27 03:00:00
1785123000000,1945.26,1949.8,1943.55,1948.8,25502.525,2026-07-27 03:30:00
1785124800000,1948.79,1962.6,1947.63,1953.0,168270.866,2026-07-27 04:00:00
1785126600000,1953.0,1958.71,1949.4,1952.55,52571.25,2026-07-27 04:30:00
1785128400000,1952.56,1959.9,1951.6,1958.79,54225.684,2026-07-27 05:00:00
1785130200000,1958.8,1969.99,1956.79,1964.34,110415.986,2026-07-27 05:30:00
1785132000000,1964.34,1982.29,1962.61,1965.39,236612.803,2026-07-27 06:00:00
1785133800000,1965.38,1972.84,1964.0,1967.6,55736.016,2026-07-27 06:30:00
1785135600000,1967.59,1970.99,1964.45,1968.45,46582.413,2026-07-27 07:00:00
1785137400000,1968.45,1969.02,1960.0,1963.51,82028.636,2026-07-27 07:30:00
1785139200000,1963.51,1967.16,1961.02,1967.14,50309.461,2026-07-27 08:00:00
1785141000000,1967.15,1968.0,1962.99,1963.0,38639.753,2026-07-27 08:30:00
1785142800000,1963.0,1963.0,1955.52,1959.44,102490.131,2026-07-27 09:00:00
1785144600000,1959.44,1967.25,1958.42,1964.23,52324.324,2026-07-27 09:30:00
1785146400000,1964.23,1968.8,1962.72,1965.56,46177.881,2026-07-27 10:00:00
1785148200000,1965.56,1971.74,1965.56,1966.59,44320.439,2026-07-27 10:30:00
1785150000000,1966.6,1966.6,1958.42,1958.52,35126.454,2026-07-27 11:00:00
1785151800000,1958.53,1960.87,1957.2,1958.8,34693.861,2026-07-27 11:30:00
1785153600000,1958.81,1963.77,1946.28,1947.46,141724.164,2026-07-27 12:00:00
1785155400000,1947.46,1957.69,1942.2,1956.64,139910.117,2026-07-27 12:30:00
1785157200000,1956.65,1959.38,1950.44,1951.11,52454.834,2026-07-27 13:00:00
1785159000000,1951.11,1977.48,1949.5,1959.98,338846.086,2026-07-27 13:30:00
1785160800000,1959.98,1965.91,1935.24,1936.88,267936.414,2026-07-27 14:00:00
1785162600000,1936.88,1937.8,1918.14,1931.45,358173.744,2026-07-27 14:30:00
1785164400000,1931.45,1937.43,1925.0,1930.33,123139.524,2026-07-27 15:00:00
1785166200000,1930.32,1933.11,1923.1,1926.73,69974.08,2026-07-27 15:30:00
1785168000000,1926.73,1938.4,1921.05,1936.0,127408.717,2026-07-27 16:00:00
1785169800000,1936.01,1945.98,1936.0,1939.7,119416.493,2026-07-27 16:30:00
1785171600000,1939.69,1945.41,1934.09,1941.25,58152.978,2026-07-27 17:00:00
1785173400000,1941.25,1945.17,1939.0,1942.84,32063.987,2026-07-27 17:30:00
1785175200000,1942.84,1943.72,1934.63,1937.99,33322.051,2026-07-27 18:00:00
1785177000000,1938.0,1938.76,1928.15,1938.27,69662.462,2026-07-27 18:30:00
1785178800000,1938.27,1951.5,1936.69,1949.84,81218.755,2026-07-27 19:00:00
1785180600000,1949.84,1954.65,1946.18,1947.49,49979.885,2026-07-27 19:30:00
1785182400000,1947.49,1949.6,1942.66,1946.9,25440.266,2026-07-27 20:00:00
1785184200000,1946.9,1947.92,1943.74,1945.87,14269.132,2026-07-27 20:30:00
1785186000000,1945.87,1949.44,1943.22,1943.41,21135.304,2026-07-27 21:00:00
1785187800000,1943.42,1944.69,1939.37,1941.23,31261.75,2026-07-27 21:30:00
1785189600000,1941.23,1941.24,1927.24,1928.68,58914.418,2026-07-27 22:00:00
1785191400000,1928.68,1930.35,1890.6,1892.63,328484.216,2026-07-27 22:30:00
1785193200000,1892.64,1895.4,1880.7,1892.19,211599.932,2026-07-27 23:00:00
1785195000000,1892.19,1895.17,1884.1,1891.55,76119.83,2026-07-27 23:30:00
1785196800000,1891.55,1893.56,1877.1,1882.5,129044.191,2026-07-28 00:00:00
1785198600000,1882.5,1886.18,1876.0,1877.94,76355.456,2026-07-28 00:30:00
1785200400000,1877.94,1879.98,1865.16,1877.42,171304.681,2026-07-28 01:00:00
1785202200000,1877.41,1881.86,1873.16,1874.98,61519.638,2026-07-28 01:30:00
1785204000000,1874.98,1879.73,1871.5,1876.99,44378.936,2026-07-28 02:00:00
1785205800000,1876.99,1878.21,1872.0,1874.85,42788.683,2026-07-28 02:30:00
1785207600000,1874.84,1880.6,1872.02,1877.26,51061.919,2026-07-28 03:00:00
1785209400000,1877.25,1882.64,1874.12,1880.28,46897.591,2026-07-28 03:30:00
1785211200000,1880.28,1881.8,1877.93,1878.61,34329.174,2026-07-28 04:00:00
1785213000000,1878.6,1880.62,1875.55,1878.35,29827.9,2026-07-28 04:30:00
1785214800000,1878.34,1888.74,1877.53,1885.45,66275.538,2026-07-28 05:00:00
1785216600000,1885.44,1888.0,1881.4,1882.15,37241.213,2026-07-28 05:30:00
1785218400000,1882.16,1882.5,1877.5,1882.42,48487.616,2026-07-28 06:00:00
1785220200000,1882.42,1887.99,1881.81,1887.52,41245.858,2026-07-28 06:30:00
1785222000000,1887.53,1887.95,1884.0,1884.17,28609.7,2026-07-28 07:00:00
1785223800000,1884.18,1885.11,1880.0,1882.76,32166.588,2026-07-28 07:30:00
1785225600000,1882.76,1884.49,1879.45,1883.75,31953.421,2026-07-28 08:00:00
1785227400000,1883.76,1884.85,1880.0,1883.49,29454.842,2026-07-28 08:30:00
1785229200000,1883.48,1884.0,1879.47,1883.09,22247.214,2026-07-28 09:00:00
1785231000000,1883.08,1883.87,1873.5,1875.34,53702.145,2026-07-28 09:30:00
1785232800000,1875.35,1879.73,1872.61,1876.62,57821.377,2026-07-28 10:00:00
1785234600000,1876.62,1880.0,1875.35,1877.7,37179.506,2026-07-28 10:30:00
1785236400000,1877.71,1881.5,1870.83,1873.64,84333.895,2026-07-28 11:00:00
1785238200000,1873.63,1879.0,1871.16,1875.78,36426.014,2026-07-28 11:30:00
1785240000000,1875.79,1879.29,1873.82,1878.25,28811.333,2026-07-28 12:00:00
1785241800000,1878.24,1892.43,1876.95,1891.39,119094.509,2026-07-28 12:30:00
1785243600000,1891.38,1895.22,1882.6,1882.76,105108.296,2026-07-28 13:00:00
1785245400000,1882.75,1886.24,1855.75,1872.94,397696.254,2026-07-28 13:30:00
1785247200000,1872.94,1881.1,1866.35,1876.03,175585.488,2026-07-28 14:00:00
1785249000000,1876.02,1892.5,1875.91,1887.72,172212.475,2026-07-28 14:30:00
1785250800000,1887.7,1924.01,1883.33,1911.07,405554.362,2026-07-28 15:00:00
1785252600000,1911.08,1921.48,1907.63,1918.89,169882.382,2026-07-28 15:30:00
1785254400000,1918.88,1923.45,1913.68,1916.96,91777.654,2026-07-28 16:00:00
1785256200000,1916.95,1928.53,1913.5,1924.74,115479.629,2026-07-28 16:30:00
1785258000000,1924.73,1924.74,1904.64,1907.3,171163.327,2026-07-28 17:00:00
1785259800000,1907.29,1907.62,1891.46,1900.9,186417.493,2026-07-28 17:30:00
1785261600000,1900.91,1912.81,1900.42,1908.2,100215.444,2026-07-28 18:00:00
1785263400000,1908.21,1914.5,1907.35,1910.32,44871.853,2026-07-28 18:30:00
1785265200000,1910.32,1915.85,1910.31,1914.93,29448.744,2026-07-28 19:00:00
1785267000000,1914.94,1921.32,1914.62,1921.19,60328.861,2026-07-28 19:30:00
1785268800000,1921.2,1923.0,1916.4,1917.54,43705.011,2026-07-28 20:00:00
1785270600000,1917.55,1919.69,1915.38,1917.51,18552.094,2026-07-28 20:30:00
1785272400000,1917.5,1922.54,1917.5,1919.24,15822.363,2026-07-28 21:00:00
1785274200000,1919.25,1929.96,1918.0,1923.13,48077.486,2026-07-28 21:30:00
1785276000000,1923.13,1926.4,1918.89,1918.94,27362.354,2026-07-28 22:00:00
1785277800000,1918.94,1918.94,1909.0,1910.86,61002.68,2026-07-28 22:30:00
1785279600000,1910.86,1911.45,1902.99,1907.61,58182.386,2026-07-28 23:00:00
1785281400000,1907.61,1922.45,1907.58,1921.15,76947.716,2026-07-28 23:30:00
1785283200000,1921.15,1928.22,1917.88,1919.51,85619.483,2026-07-29 00:00:00
1785285000000,1919.51,1924.57,1915.77,1916.26,42861.721,2026-07-29 00:30:00
1785286800000,1916.23,1917.38,1907.49,1914.01,71782.442,2026-07-29 01:00:00
1785288600000,1914.0,1915.04,1904.11,1904.63,50641.824,2026-07-29 01:30:00
1785290400000,1904.63,1915.2,1900.17,1915.0,84799.579,2026-07-29 02:00:00
1785292200000,1915.0,1918.85,1908.01,1910.19,57701.754,2026-07-29 02:30:00
1785294000000,1910.19,1912.47,1900.61,1901.08,49901.438,2026-07-29 03:00:00
1785295800000,1901.08,1901.98,1890.06,1891.95,143165.189,2026-07-29 03:30:00
1785297600000,1891.96,1895.85,1883.21,1894.87,133498.345,2026-07-29 04:00:00
1785299400000,1894.86,1905.48,1893.42,1904.56,86641.772,2026-07-29 04:30:00
1785301200000,1904.57,1909.71,1902.47,1907.54,72935.296,2026-07-29 05:00:00
1785303000000,1907.54,1914.34,1906.02,1911.45,54117.273,2026-07-29 05:30:00
1785304800000,1911.45,1919.2,1907.83,1917.85,67023.802,2026-07-29 06:00:00
1785306600000,1917.85,1920.84,1916.63,1919.18,59121.539,2026-07-29 06:30:00
1785308400000,1919.19,1921.8,1915.08,1917.59,51542.019,2026-07-29 07:00:00
1785310200000,1917.59,1924.32,1913.01,1923.48,86030.596,2026-07-29 07:30:00
1785312000000,1923.49,1924.07,1910.69,1912.0,76558.836,2026-07-29 08:00:00
1785313800000,1911.99,1918.59,1910.81,1914.23,35724.637,2026-07-29 08:30:00
1785315600000,1914.23,1920.0,1913.97,1919.01,30552.1,2026-07-29 09:00:00
1785317400000,1919.0,1923.65,1917.39,1921.22,61453.401,2026-07-29 09:30:00
1785319200000,1921.21,1921.46,1917.49,1918.04,28251.198,2026-07-29 10:00:00
1785321000000,1918.04,1919.86,1908.0,1910.96,64948.257,2026-07-29 10:30:00
1785322800000,1910.96,1915.88,1910.04,1912.67,52876.22,2026-07-29 11:00:00
1785324600000,1912.66,1914.94,1909.19,1914.16,29869.066,2026-07-29 11:30:00
1785326400000,1914.15,1914.16,1901.23,1905.3,66375.901,2026-07-29 12:00:00
1785328200000,1905.3,1907.71,1902.59,1904.32,31141.774,2026-07-29 12:30:00
1785330000000,1904.32,1905.98,1899.02,1903.63,49620.924,2026-07-29 13:00:00
1785331800000,1903.63,1910.79,1893.85,1908.52,162007.599,2026-07-29 13:30:00
1785333600000,1908.51,1910.53,1890.8,1896.89,126308.691,2026-07-29 14:00:00
1785335400000,1896.88,1902.77,1890.1,1894.31,91364.973,2026-07-29 14:30:00
1785337200000,1894.31,1897.82,1887.2,1894.12,72515.437,2026-07-29 15:00:00
1785339000000,1894.12,1897.8,1886.3,1891.21,68721.273,2026-07-29 15:30:00
1785340800000,1891.2,1899.0,1888.53,1895.04,61594.469,2026-07-29 16:00:00
1785342600000,1895.03,1897.11,1886.81,1894.46,57290.344,2026-07-29 16:30:00
1785344400000,1894.46,1901.7,1894.22,1895.14,58134.552,2026-07-29 17:00:00
1785346200000,1895.14,1917.67,1893.72,1915.45,127932.953,2026-07-29 17:30:00
1785348000000,1915.44,1936.6,1902.07,1907.35,373434.253,2026-07-29 18:00:00
1785349800000,1907.35,1927.88,1892.82,1919.59,251055.119,2026-07-29 18:30:00
1785351600000,1919.59,1921.96,1897.36,1903.49,154653.821,2026-07-29 19:00:00
1785353400000,1903.5,1906.6,1882.45,1887.78,216646.807,2026-07-29 19:30:00
1785355200000,1887.79,1890.76,1877.02,1883.15,156222.448,2026-07-29 20:00:00
1785357000000,1883.15,1891.1,1881.4,1883.29,60802.532,2026-07-29 20:30:00
1785358800000,1883.28,1889.18,1872.0,1888.84,96661.782,2026-07-29 21:00:00
1785360600000,1888.84,1897.74,1888.12,1897.73,54622.363,2026-07-29 21:30:00
1785362400000,1897.74,1911.16,1897.59,1907.82,103449.985,2026-07-29 22:00:00
1785364200000,1907.82,1908.72,1903.58,1906.34,32435.641,2026-07-29 22:30:00
1785366000000,1906.35,1910.29,1901.45,1907.48,42039.242,2026-07-29 23:00:00
1785367800000,1907.47,1912.91,1905.02,1909.77,33949.999,2026-07-29 23:30:00
1785369600000,1909.77,1914.54,1907.03,1910.48,44294.917,2026-07-30 00:00:00
1785371400000,1910.48,1910.66,1892.65,1897.37,90782.23,2026-07-30 00:30:00
1785373200000,1897.38,1910.85,1896.33,1906.26,93481.214,2026-07-30 01:00:00
1785375000000,1906.26,1921.79,1906.13,1915.99,101712.386,2026-07-30 01:30:00
1785376800000,1916.0,1919.3,1913.92,1914.67,51152.7,2026-07-30 02:00:00
1785378600000,1914.68,1914.74,1909.06,1910.19,51567.674,2026-07-30 02:30:00
1785380400000,1910.19,1914.29,1906.63,1913.1,40839.537,2026-07-30 03:00:00
1785382200000,1913.1,1913.1,1908.24,1909.19,20288.375,2026-07-30 03:30:00
1785384000000,1909.2,1910.2,1904.3,1905.4,34334.762,2026-07-30 04:00:00
1785385800000,1905.4,1907.73,1900.61,1901.26,38443.181,2026-07-30 04:30:00
1785387600000,1901.25,1903.91,1899.26,1902.43,50499.987,2026-07-30 05:00:00
1785389400000,1902.43,1908.85,1902.19,1905.51,45192.213,2026-07-30 05:30:00
1785391200000,1905.51,1905.9,1901.0,1905.06,21658.097,2026-07-30 06:00:00
1785393000000,1905.1,1905.19,1898.58,1900.34,33343.895,2026-07-30 06:30:00
1785394800000,1900.33,1907.49,1900.01,1904.36,50804.132,2026-07-30 07:00:00
1785396600000,1904.37,1905.43,1899.27,1902.38,32310.678,2026-07-30 07:30:00
1785398400000,1902.39,1917.2,1899.41,1913.29,71926.57,2026-07-30 08:00:00
1785400200000,1913.29,1915.97,1911.84,1913.99,53767.931,2026-07-30 08:30:00
1785402000000,1914.0,1919.63,1913.14,1919.31,49159.568,2026-07-30 09:00:00
1785403800000,1919.31,1923.79,1916.39,1917.26,83704.984,2026-07-30 09:30:00
1785405600000,1917.25,1919.55,1916.38,1919.25,27097.086,2026-07-30 10:00:00
1785407400000,1919.24,1920.84,1914.8,1917.28,37678.485,2026-07-30 10:30:00
1785409200000,1917.29,1920.34,1915.45,1919.7,24538.393,2026-07-30 11:00:00
1785411000000,1919.69,1925.9,1918.05,1922.28,62494.886,2026-07-30 11:30:00
1785412800000,1922.28,1926.98,1919.15,1921.73,67555.369,2026-07-30 12:00:00
1785414600000,1921.73,1925.52,1919.0,1924.26,55230.985,2026-07-30 12:30:00
1785416400000,1924.27,1927.99,1921.78,1924.3,49419.944,2026-07-30 13:00:00
1785418200000,1924.29,1936.33,1916.21,1928.79,218529.861,2026-07-30 13:30:00
1785420000000,1928.78,1929.29,1912.1,1920.3,177664.315,2026-07-30 14:00:00
1785421800000,1920.29,1923.95,1913.67,1916.67,62628.108,2026-07-30 14:30:00
1785423600000,1916.67,1923.53,1913.57,1916.32,59717.072,2026-07-30 15:00:00
1785425400000,1916.31,1919.69,1913.5,1918.18,37327.181,2026-07-30 15:30:00
1785427200000,1918.18,1925.24,1918.01,1921.99,54389.313,2026-07-30 16:00:00
1785429000000,1921.99,1922.48,1915.04,1918.44,28301.279,2026-07-30 16:30:00
1785430800000,1918.44,1922.14,1915.4,1921.27,31051.486,2026-07-30 17:00:00
1785432600000,1921.27,1924.46,1917.8,1919.84,17052.2,2026-07-30 17:30:00
1785434400000,1919.84,1921.8,1917.09,1919.38,15302.885,2026-07-30 18:00:00
1785436200000,1919.38,1920.0,1913.53,1915.49,19014.296,2026-07-30 18:30:00
1785438000000,1915.48,1928.62,1915.11,1925.61,47832.025,2026-07-30 19:00:00
1785439800000,1925.6,1926.67,1922.18,1922.85,21622.38,2026-07-30 19:30:00
1785441600000,1922.87,1926.62,1919.44,1921.41,26729.328,2026-07-30 20:00:00
1785443400000,1921.41,1924.84,1919.09,1920.77,13973.594,2026-07-30 20:30:00
1785445200000,1920.77,1923.59,1920.56,1921.19,7907.343,2026-07-30 21:00:00
1785447000000,1921.18,1922.26,1916.6,1917.84,20023.273,2026-07-30 21:30:00
1785448800000,1917.83,1932.51,1915.21,1931.18,52737.086,2026-07-30 22:00:00
1785450600000,1931.19,1932.55,1923.86,1924.8,32705.838,2026-07-30 22:30:00
1785452400000,1924.8,1928.02,1923.94,1926.49,15581.591,2026-07-30 23:00:00
1785454200000,1926.5,1935.9,1917.17,1917.53,119778.919,2026-07-30 23:30:00
1785456000000,1917.53,1921.49,1915.44,1917.0,50298.148,2026-07-31 00:00:00
1785457800000,1917.0,1918.9,1914.0,1916.16,41801.599,2026-07-31 00:30:00
1785459600000,1916.16,1935.44,1916.16,1929.0,143141.537,2026-07-31 01:00:00
1785461400000,1929.0,1929.57,1906.09,1909.59,152734.237,2026-07-31 01:30:00
1785463200000,1909.59,1911.38,1903.01,1903.71,102119.305,2026-07-31 02:00:00
1785465000000,1903.71,1906.4,1900.68,1903.44,60693.381,2026-07-31 02:30:00
1785466800000,1903.44,1909.1,1897.9,1907.06,83483.294,2026-07-31 03:00:00
1785468600000,1907.07,1910.59,1904.64,1907.83,39199.103,2026-07-31 03:30:00
1785470400000,1907.83,1908.46,1902.4,1905.19,35245.998,2026-07-31 04:00:00
1785472200000,1905.2,1906.4,1903.64,1905.02,15294.871,2026-07-31 04:30:00
1785474000000,1905.01,1908.32,1903.8,1904.11,25313.817,2026-07-31 05:00:00
1785475800000,1904.11,1905.47,1900.69,1905.39,29356.915,2026-07-31 05:30:00
1785477600000,1905.39,1910.51,1903.79,1909.82,27675.872,2026-07-31 06:00:00
1785479400000,1909.82,1910.09,1899.24,1901.75,45608.192,2026-07-31 06:30:00
1785481200000,1901.75,1901.75,1883.98,1883.99,202299.478,2026-07-31 07:00:00
1785483000000,1883.98,1891.43,1883.13,1889.11,77135.913,2026-07-31 07:30:00
1785484800000,1889.1,1892.43,1887.23,1891.05,57412.812,2026-07-31 08:00:00
1785486600000,1891.05,1891.88,1887.87,1889.55,23061.212,2026-07-31 08:30:00
1785488400000,1889.56,1890.36,1882.16,1883.52,49669.58,2026-07-31 09:00:00
1785490200000,1883.52,1884.85,1880.17,1882.83,56825.687,2026-07-31 09:30:00
1785492000000,1882.83,1886.5,1876.14,1886.0,88924.756,2026-07-31 10:00:00
1785493800000,1886.0,1889.43,1884.84,1886.05,43998.987,2026-07-31 10:30:00
1785495600000,1886.05,1888.8,1881.67,1883.6,35812.222,2026-07-31 11:00:00
1785497400000,1883.61,1884.33,1882.01,1883.71,18688.94,2026-07-31 11:30:00
1785499200000,1883.7,1884.01,1873.22,1878.2,100235.454,2026-07-31 12:00:00
1785501000000,1878.2,1883.01,1872.21,1882.02,79140.612,2026-07-31 12:30:00
1785502800000,1882.02,1889.68,1881.52,1888.19,57571.198,2026-07-31 13:00:00
1785504600000,1888.18,1888.18,1864.0,1866.43,227650.104,2026-07-31 13:30:00
1785506400000,1866.45,1869.5,1847.56,1861.4,444820.364,2026-07-31 14:00:00
1785508200000,1861.4,1867.36,1855.38,1859.39,146254.515,2026-07-31 14:30:00
1785510000000,1859.39,1861.76,1853.86,1857.0,70314.188,2026-07-31 15:00:00
1785511800000,1857.0,1865.84,1856.0,1862.01,69120.678,2026-07-31 15:30:00
1785513600000,1862.01,1866.88,1860.03,1865.76,44446.321,2026-07-31 16:00:00
1785515400000,1865.75,1866.19,1860.78,1863.8,25879.571,2026-07-31 16:30:00
1785517200000,1863.8,1871.19,1862.7,1870.83,41973.588,2026-07-31 17:00:00
1785519000000,1870.83,1877.49,1869.68,1874.06,76947.719,2026-07-31 17:30:00
1785520800000,1874.05,1875.92,1868.13,1868.14,37679.481,2026-07-31 18:00:00
1785522600000,1868.15,1872.89,1863.81,1870.91,40369.794,2026-07-31 18:30:00
1785524400000,1870.9,1873.3,1867.13,1867.72,24140.947,2026-07-31 19:00:00
1785526200000,1867.72,1869.93,1864.52,1867.3,33748.224,2026-07-31 19:30:00
1785528000000,1867.3,1869.81,1866.06,1867.87,28538.779,2026-07-31 20:00:00
1785529800000,1867.86,1867.95,1860.48,1861.42,46325.572,2026-07-31 20:30:00
1785531600000,1861.42,1862.87,1858.0,1861.7,53738.808,2026-07-31 21:00:00
1785533400000,1861.7,1864.09,1858.55,1860.94,41135.093,2026-07-31 21:30:00
1785535200000,1860.93,1863.36,1857.22,1862.61,26789.071,2026-07-31 22:00:00
1785537000000,1862.61,1864.54,1860.1,1860.51,16843.306,2026-07-31 22:30:00
1785538800000,1860.51,1863.75,1860.51,1863.09,14100.364,2026-07-31 23:00:00
1785540600000,1863.08,1863.86,1860.0,1861.69,10026.487,2026-07-31 23:30:00
1785542400000,1861.69,1866.23,1861.52,1865.0,22699.386,2026-08-01 00:00:00
1785544200000,1865.0,1867.0,1863.06,1863.99,18256.418,2026-08-01 00:30:00
1785546000000,1863.98,1866.56,1863.84,1865.41,17902.952,2026-08-01 01:00:00
1785547800000,1865.41,1866.46,1864.63,1865.96,12100.043,2026-08-01 01:30:00
1785549600000,1865.95,1869.0,1865.8,1867.77,17160.797,2026-08-01 02:00:00
1785551400000,1867.77,1868.7,1866.32,1867.18,12548.773,2026-08-01 02:30:00
1785553200000,1867.19,1868.0,1865.41,1866.91,9817.339,2026-08-01 03:00:00
1785555000000,1866.9,1869.0,1866.26,1868.99,13583.202,2026-08-01 03:30:00
1785556800000,1868.99,1869.78,1866.85,1868.5,17938.998,2026-08-01 04:00:00
1785558600000,1868.5,1869.76,1868.3,1868.68,13515.4,2026-08-01 04:30:00
1785560400000,1868.67,1870.19,1867.59,1867.84,20717.34,2026-08-01 05:00:00
1785562200000,1867.85,1868.2,1864.17,1866.65,20703.499,2026-08-01 05:30:00
1785564000000,1866.65,1869.65,1865.41,1869.14,13982.511,2026-08-01 06:00:00
1785565800000,1869.14,1869.99,1868.56,1869.49,9658.539,2026-08-01 06:30:00
1785567600000,1869.49,1871.0,1868.21,1868.7,14701.679,2026-08-01 07:00:00
1785569400000,1868.69,1869.19,1867.48,1868.94,9892.675,2026-08-01 07:30:00
1785571200000,1868.94,1869.43,1867.48,1868.12,11368.563,2026-08-01 08:00:00
1785573000000,1868.12,1868.75,1866.51,1868.35,8961.625,2026-08-01 08:30:00
1785574800000,1868.35,1869.8,1867.45,1868.87,9715.372,2026-08-01 09:00:00
1785576600000,1868.87,1869.88,1866.73,1867.16,11766.814,2026-08-01 09:30:00
1785578400000,1867.16,1868.19,1861.87,1864.39,41278.209,2026-08-01 10:00:00
1785580200000,1864.4,1867.66,1863.21,1866.41,20926.366,2026-08-01 10:30:00
1785582000000,1866.41,1866.8,1865.0,1866.28,11244.642,2026-08-01 11:00:00
1785583800000,1866.28,1866.47,1865.5,1866.15,6427.808,2026-08-01 11:30:00
1785585600000,1866.14,1867.7,1866.14,1866.85,15576.62,2026-08-01 12:00:00
1785587400000,1866.85,1869.0,1866.29,1868.16,13978.68,2026-08-01 12:30:00
1785589200000,1868.15,1868.68,1867.21,1867.4,9340.655,2026-08-01 13:00:00
1785591000000,1867.4,1868.52,1866.81,1868.32,8811.846,2026-08-01 13:30:00
1785592800000,1868.32,1872.68,1868.32,1872.01,42828.737,2026-08-01 14:00:00
1785594600000,1872.02,1874.44,1870.73,1874.2,27602.288,2026-08-01 14:30:00
1785596400000,1874.21,1874.41,1870.07,1870.8,25219.362,2026-08-01 15:00:00
1785598200000,1870.81,1871.73,1869.14,1869.14,14835.567,2026-08-01 15:30:00
1785600000000,1869.14,1870.36,1867.52,1869.6,20717.529,2026-08-01 16:00:00
1785601800000,1869.59,1872.7,1865.45,1867.99,20855.36,2026-08-01 16:30:00
1785603600000,1867.99,1869.4,1860.42,1862.91,47403.164,2026-08-01 17:00:00
1785605400000,1862.9,1863.0,1856.0,1861.17,67778.058,2026-08-01 17:30:00
1785607200000,1861.16,1862.21,1850.05,1852.77,105345.092,2026-08-01 18:00:00
1785609000000,1852.77,1852.81,1820.77,1835.73,473748.447,2026-08-01 18:30:00
1785610800000,1835.71,1839.5,1833.01,1837.0,71280.712,2026-08-01 19:00:00
1785612600000,1836.99,1838.55,1834.2,1836.23,22831.144,2026-08-01 19:30:00
1785614400000,1836.22,1839.3,1834.42,1836.79,27115.9,2026-08-01 20:00:00
1785616200000,1836.79,1837.45,1831.41,1837.32,30080.63,2026-08-01 20:30:00
1785618000000,1837.31,1843.43,1835.51,1842.2,57411.851,2026-08-01 21:00:00
1785619800000,1842.21,1845.41,1841.4,1844.82,30786.481,2026-08-01 21:30:00
1785621600000,1844.83,1848.44,1844.0,1848.44,26869.355,2026-08-01 22:00:00
1785623400000,1848.44,1848.5,1845.27,1846.43,15266.329,2026-08-01 22:30:00
1785625200000,1846.43,1848.08,1842.17,1842.8,19036.572,2026-08-01 23:00:00
1785627000000,1842.8,1845.8,1842.79,1844.06,29434.556,2026-08-01 23:30:00
1785628800000,1844.06,1848.87,1844.06,1844.56,32602.667,2026-08-02 00:00:00
1785630600000,1844.55,1846.0,1843.13,1845.87,22753.72,2026-08-02 00:30:00
1785632400000,1845.86,1859.78,1845.86,1854.03,101105.547,2026-08-02 01:00:00
1785634200000,1854.03,1857.22,1852.88,1856.01,32185.061,2026-08-02 01:30:00
1785636000000,1856.01,1883.98,1855.28,1874.55,287506.854,2026-08-02 02:00:00
1785637800000,1874.55,1877.19,1870.46,1875.99,55354.661,2026-08-02 02:30:00
1785639600000,1876.0,1878.52,1873.68,1874.84,41069.866,2026-08-02 03:00:00
1785641400000,1874.85,1879.52,1874.56,1876.53,29591.268,2026-08-02 03:30:00
1785643200000,1876.54,1880.31,1876.54,1878.27,44917.211,2026-08-02 04:00:00
1785645000000,1878.28,1881.67,1876.59,1880.0,25488.409,2026-08-02 04:30:00
1785646800000,1880.0,1881.67,1875.51,1876.91,42892.848,2026-08-02 05:00:00
1785648600000,1876.9,1877.22,1874.0,1875.56,26544.532,2026-08-02 05:30:00
1785650400000,1875.55,1877.29,1874.09,1876.81,18303.563,2026-08-02 06:00:00
1785652200000,1876.81,1878.45,1875.53,1876.81,15329.264,2026-08-02 06:30:00
1785654000000,1876.81,1877.87,1876.06,1876.79,8286.63,2026-08-02 07:00:00
1785655800000,1876.78,1877.19,1874.48,1875.35,15892.685,2026-08-02 07:30:00
1785657600000,1875.34,1878.19,1872.27,1872.48,33023.405,2026-08-02 08:00:00
1785659400000,1872.49,1872.5,1865.59,1867.33,75120.189,2026-08-02 08:30:00
1785661200000,1867.34,1872.57,1861.29,1869.42,80088.956,2026-08-02 09:00:00
1785663000000,1869.42,1871.96,1869.16,1869.99,18541.17,2026-08-02 09:30:00
1785664800000,1869.98,1870.22,1864.44,1865.26,28938.692,2026-08-02 10:00:00
1785666600000,1865.26,1868.69,1865.26,1867.54,13374.988,2026-08-02 10:30:00
1785668400000,1867.54,1868.68,1863.35,1863.58,26783.72,2026-08-02 11:00:00
1785670200000,1863.58,1864.58,1848.49,1851.9,165714.551,2026-08-02 11:30:00
1785672000000,1851.89,1859.76,1851.62,1857.46,70538.166,2026-08-02 12:00:00
1785673800000,1857.46,1858.72,1855.07,1855.84,21536.127,2026-08-02 12:30:00
1785675600000,1855.85,1857.0,1852.27,1855.01,24068.827,2026-08-02 13:00:00
1785677400000,1855.01,1856.5,1851.5,1854.0,28272.559,2026-08-02 13:30:00
1785679200000,1853.99,1857.48,1851.3,1856.29,37557.242,2026-08-02 14:00:00
1785681000000,1856.29,1858.8,1853.4,1854.01,31952.563,2026-08-02 14:30:00
1785682800000,1854.0,1858.3,1852.71,1857.86,29179.795,2026-08-02 15:00:00
1785684600000,1857.86,1863.32,1857.06,1857.87,40045.569,2026-08-02 15:30:00
1785686400000,1857.88,1859.0,1855.09,1858.08,18723.088,2026-08-02 16:00:00
1785688200000,1858.07,1864.93,1857.53,1862.16,45366.221,2026-08-02 16:30:00
1785690000000,1862.15,1869.86,1861.3,1865.56,37928.767,2026-08-02 17:00:00
1785691800000,1865.57,1869.25,1865.56,1867.72,28716.452,2026-08-02 17:30:00
1785693600000,1867.73,1870.55,1867.47,1868.15,21888.856,2026-08-02 18:00:00
1785695400000,1868.15,1887.56,1868.1,1875.25,151219.784,2026-08-02 18:30:00
1785697200000,1875.25,1877.78,1873.91,1875.25,24941.359,2026-08-02 19:00:00
1785699000000,1875.24,1882.91,1874.53,1881.3,29433.87,2026-08-02 19:30:00
1785700800000,1881.31,1883.48,1878.39,1879.3,28061.675,2026-08-02 20:00:00
1785702600000,1879.31,1884.83,1878.92,1882.77,20136.479,2026-08-02 20:30:00
1785704400000,1882.76,1886.41,1881.14,1885.91,34984.883,2026-08-02 21:00:00
1785706200000,1885.91,1898.0,1884.83,1889.55,112065.173,2026-08-02 21:30:00
1785708000000,1889.54,1897.0,1887.52,1888.97,57076.021,2026-08-02 22:00:00
1785709800000,1888.97,1889.57,1879.25,1881.12,66530.761,2026-08-02 22:30:00
1785711600000,1881.12,1883.48,1875.14,1882.92,49105.608,2026-08-02 23:00:00
1785713400000,1882.92,1885.41,1881.04,1884.16,27782.372,2026-08-02 23:30:00
1785715200000,1884.16,1884.93,1872.13,1873.29,53186.434,2026-08-03 00:00:00
1785717000000,1873.3,1877.99,1870.01,1873.17,41625.9,2026-08-03 00:30:00
1785718800000,1873.16,1874.67,1867.4,1869.75,47693.923,2026-08-03 01:00:00
1785720600000,1869.76,1871.95,1864.75,1866.09,45795.958,2026-08-03 01:30:00
1785722400000,1866.09,1871.29,1863.33,1865.06,52753.997,2026-08-03 02:00:00
1785724200000,1865.06,1867.93,1861.15,1863.2,38963.357,2026-08-03 02:30:00
1785726000000,1863.18,1864.91,1860.1,1861.64,42062.205,2026-08-03 03:00:00
1785727800000,1861.65,1862.0,1850.1,1856.06,111322.155,2026-08-03 03:30:00
1785729600000,1856.05,1860.95,1854.68,1860.62,43939.486,2026-08-03 04:00:00
1785731400000,1860.62,1862.29,1853.78,1853.99,60601.433,2026-08-03 04:30:00
1785733200000,1853.99,1858.05,1852.64,1856.08,38255.11,2026-08-03 05:00:00
1785735000000,1856.09,1859.9,1854.5,1858.88,26950.368,2026-08-03 05:30:00
1785736800000,1858.88,1860.55,1856.0,1856.4,26786.291,2026-08-03 06:00:00
1785738600000,1856.4,1857.43,1845.45,1848.45,122290.12,2026-08-03 06:30:00
1785740400000,1848.45,1849.01,1838.11,1844.45,123073.093,2026-08-03 07:00:00
1785742200000,1844.45,1846.8,1841.75,1843.0,71900.36,2026-08-03 07:30:00
1785744000000,1843.01,1844.88,1829.0,1831.66,142259.891,2026-08-03 08:00:00
1785745800000,1831.66,1840.42,1826.88,1839.58,126224.709,2026-08-03 08:30:00
1785747600000,1839.58,1842.93,1838.27,1841.99,51904.809,2026-08-03 09:00:00
1785749400000,1842.0,1853.5,1841.46,1851.56,84522.982,2026-08-03 09:30:00
1785751200000,1851.57,1853.6,1847.32,1847.54,55335.467,2026-08-03 10:00:00
1785753000000,1847.55,1847.81,1839.37,1845.54,73214.963,2026-08-03 10:30:00
1785754800000,1845.53,1847.3,1838.65,1843.02,76344.685,2026-08-03 11:00:00
1785756600000,1843.02,1846.74,1837.53,1838.86,51672.882,2026-08-03 11:30:00
1785758400000,1838.86,1842.99,1835.43,1841.69,60759.46,2026-08-03 12:00:00
1785760200000,1841.69,1844.8,1840.6,1842.71,27691.763,2026-08-03 12:30:00
1785762000000,1842.72,1853.0,1841.56,1843.39,88135.314,2026-08-03 13:00:00
1785763800000,1843.39,1859.86,1837.3,1858.34,183909.256,2026-08-03 13:30:00
1785765600000,1858.35,1868.6,1850.59,1866.07,185455.794,2026-08-03 14:00:00
1785767400000,1866.07,1873.71,1861.24,1872.79,171758.191,2026-08-03 14:30:00
1785769200000,1872.79,1873.0,1861.02,1862.44,103349.587,2026-08-03 15:00:00
1785771000000,1862.45,1865.86,1859.06,1862.61,62585.669,2026-08-03 15:30:00
1785772800000,1862.61,1871.28,1860.37,1868.97,77267.406,2026-08-03 16:00:00
1785774600000,1868.96,1868.97,1862.19,1865.3,36579.576,2026-08-03 16:30:00
1785776400000,1865.3,1873.78,1862.37,1867.0,49485.985,2026-08-03 17:00:00
1785778200000,1866.99,1870.76,1865.92,1867.88,42659.911,2026-08-03 17:30:00
1785780000000,1867.88,1873.26,1866.65,1867.85,28294.076,2026-08-03 18:00:00
1785781800000,1867.86,1870.14,1865.5,1867.93,19154.577,2026-08-03 18:30:00
1785783600000,1867.93,1873.0,1867.01,1871.34,21328.876,2026-08-03 19:00:00
1785785400000,1871.35,1875.61,1868.38,1869.0,50183.098,2026-08-03 19:30:00
1785787200000,1869.0,1874.99,1867.16,1871.38,17844.99,2026-08-03 20:00:00
1785789000000,1871.38,1872.06,1865.58,1868.0,26577.865,2026-08-03 20:30:00
1785790800000,1868.0,1868.09,1863.83,1866.11,26662.39,2026-08-03 21:00:00
1785792600000,1866.1,1868.39,1862.42,1862.8,15400.163,2026-08-03 21:30:00
1785794400000,1862.8,1865.46,1850.7,1858.91,88051.177,2026-08-03 22:00:00
1785796200000,1858.91,1860.31,1855.2,1859.41,27321.391,2026-08-03 22:30:00
1785798000000,1859.42,1859.42,1855.17,1858.74,17175.831,2026-08-03 23:00:00
1785799800000,1858.75,1859.77,1856.19,1859.77,16712.49,2026-08-03 23:30:00
1785801600000,1859.77,1862.33,1854.42,1855.98,40260.593,2026-08-04 00:00:00
1785803400000,1855.97,1855.97,1847.25,1850.32,76340.347,2026-08-04 00:30:00
1785805200000,1850.32,1856.74,1848.15,1854.86,38215.64,2026-08-04 01:00:00
1785807000000,1854.85,1868.88,1854.5,1866.59,94018.233,2026-08-04 01:30:00
1785808800000,1866.59,1867.96,1861.36,1861.87,28654.823,2026-08-04 02:00:00
1785810600000,1861.86,1871.94,1861.11,1865.22,42041.327,2026-08-04 02:30:00
1785812400000,1865.23,1865.83,1857.17,1861.65,51252.558,2026-08-04 03:00:00
1785814200000,1861.64,1866.34,1861.64,1863.4,25980.451,2026-08-04 03:30:00
1785816000000,1863.4,1866.66,1860.94,1865.23,22484.504,2026-08-04 04:00:00
1785817800000,1865.23,1873.91,1865.23,1867.06,57424.297,2026-08-04 04:30:00
1785819600000,1867.06,1869.76,1863.74,1864.23,34914.333,2026-08-04 05:00:00
1785821400000,1864.22,1865.53,1863.9,1863.91,22263.35,2026-08-04 05:30:00
1785823200000,1863.9,1868.04,1861.12,1861.64,44144.708,2026-08-04 06:00:00
1785825000000,1861.64,1862.65,1853.27,1856.55,61864.09,2026-08-04 06:30:00
1785826800000,1856.55,1858.19,1852.38,1857.51,40186.773,2026-08-04 07:00:00
1785828600000,1857.51,1864.29,1857.5,1862.95,49720.222,2026-08-04 07:30:00
1785830400000,1862.94,1865.65,1858.69,1859.62,32231.796,2026-08-04 08:00:00
1785832200000,1859.62,1859.72,1855.58,1857.09,24103.483,2026-08-04 08:30:00
1785834000000,1857.09,1857.94,1852.72,1856.25,27323.167,2026-08-04 09:00:00
1785835800000,1856.24,1858.31,1853.0,1858.15,20763.038,2026-08-04 09:30:00
1785837600000,1858.15,1859.99,1853.23,1855.03,35410.307,2026-08-04 10:00:00
1785839400000,1855.02,1872.24,1854.54,1865.89,93426.953,2026-08-04 10:30:00
1785841200000,1865.88,1870.5,1865.1,1867.97,38073.544,2026-08-04 11:00:00
1785843000000,1867.96,1873.99,1865.67,1871.77,68407.541,2026-08-04 11:30:00
1785844800000,1871.78,1871.99,1866.47,1871.04,43037.781,2026-08-04 12:00:00
1785846600000,1871.04,1881.62,1870.28,1874.08,113351.592,2026-08-04 12:30:00
1785848400000,1874.07,1876.63,1868.93,1869.51,62755.276,2026-08-04 13:00:00
1785850200000,1869.51,1875.29,1858.36,1860.99,176599.28,2026-08-04 13:30:00
1785852000000,1861.0,1868.0,1857.33,1866.61,122375.487,2026-08-04 14:00:00
1785853800000,1866.61,1874.77,1865.29,1871.94,112547.1,2026-08-04 14:30:00
1785855600000,1871.94,1874.5,1864.69,1865.71,60848.449,2026-08-04 15:00:00
1785857400000,1865.7,1877.1,1860.83,1871.99,96122.205,2026-08-04 15:30:00
1785859200000,1871.99,1872.71,1868.5,1868.65,35855.179,2026-08-04 16:00:00
1785861000000,1868.64,1870.66,1864.59,1868.86,29789.169,2026-08-04 16:30:00
1785862800000,1868.86,1876.98,1868.86,1874.5,43260.528,2026-08-04 17:00:00
1785864600000,1874.5,1876.61,1866.0,1868.73,39232.068,2026-08-04 17:30:00
1785866400000,1868.72,1880.0,1868.4,1878.14,81168.147,2026-08-04 18:00:00
1785868200000,1878.14,1878.4,1872.34,1874.3,35218.322,2026-08-04 18:30:00
1785870000000,1874.3,1877.5,1872.78,1874.08,21365.65,2026-08-04 19:00:00
1785871800000,1874.08,1880.73,1872.83,1874.08,28774.631,2026-08-04 19:30:00
1785873600000,1874.09,1874.49,1864.68,1870.59,48909.676,2026-08-04 20:00:00
1785875400000,1870.58,1878.82,1870.58,1875.5,40555.954,2026-08-04 20:30:00
1785877200000,1875.5,1875.59,1871.04,1872.89,17321.311,2026-08-04 21:00:00
1785879000000,1872.9,1873.17,1870.59,1871.13,11387.163,2026-08-04 21:30:00
1785880800000,1871.14,1875.97,1867.34,1875.11,22379.431,2026-08-04 22:00:00
1785882600000,1875.11,1875.96,1871.9,1874.76,7836.376,2026-08-04 22:30:00
1785884400000,1874.77,1880.36,1868.62,1869.13,42426.859,2026-08-04 23:00:00
1785886200000,1869.13,1872.28,1868.03,1868.76,31362.076,2026-08-04 23:30:00
1785888000000,1868.76,1869.57,1865.12,1867.27,34119.662,2026-08-05 00:00:00
1785889800000,1867.27,1873.0,1862.5,1863.2,63642.117,2026-08-05 00:30:00
1785891600000,1863.19,1866.86,1860.4,1866.38,43004.022,2026-08-05 01:00:00
1785893400000,1866.38,1873.61,1866.37,1872.44,41196.328,2026-08-05 01:30:00
1785895200000,1872.44,1877.0,1871.5,1873.09,57017.455,2026-08-05 02:00:00
1785897000000,1873.1,1875.51,1872.27,1873.49,16856.53,2026-08-05 02:30:00
1785898800000,1873.49,1875.2,1862.9,1864.37,70463.987,2026-08-05 03:00:00
1785900600000,1864.37,1867.68,1863.79,1867.07,28279.502,2026-08-05 03:30:00
1785902400000,1867.08,1867.8,1864.0,1867.09,21066.777,2026-08-05 04:00:00
1785904200000,1867.1,1869.18,1864.83,1866.52,18781.962,2026-08-05 04:30:00
1785906000000,1866.52,1876.88,1866.18,1873.41,48022.669,2026-08-05 05:00:00
1785907800000,1873.41,1873.43,1871.13,1872.48,20083.477,2026-08-05 05:30:00
1785909600000,1872.47,1872.78,1868.28,1868.87,18360.47,2026-08-05 06:00:00
1785911400000,1868.87,1872.0,1867.37,1869.1,29584.254,2026-08-05 06:30:00
1785913200000,1869.1,1869.53,1863.0,1863.3,62741.253,2026-08-05 07:00:00
1785915000000,1863.3,1872.23,1862.96,1872.12,67603.263,2026-08-05 07:30:00
1785916800000,1872.12,1874.0,1868.01,1871.15,49784.325,2026-08-05 08:00:00
1785918600000,1871.14,1871.39,1866.51,1868.76,16968.476,2026-08-05 08:30:00
1785920400000,1868.77,1873.66,1867.95,1871.6,29983.924,2026-08-05 09:00:00
1785922200000,1871.61,1873.44,1870.55,1870.76,19766.959,2026-08-05 09:30:00
1785924000000,1870.76,1873.43,1868.0,1872.65,29483.683,2026-08-05 10:00:00
1785925800000,1872.65,1875.0,1865.27,1867.49,51058.69,2026-08-05 10:30:00
1785927600000,1867.49,1870.25,1867.36,1867.59,20452.176,2026-08-05 11:00:00
1785929400000,1867.6,1870.18,1866.38,1868.07,17979.505,2026-08-05 11:30:00
1785931200000,1868.06,1884.0,1866.83,1881.89,168547.002,2026-08-05 12:00:00
1785933000000,1881.9,1884.0,1873.53,1875.01,77997.786,2026-08-05 12:30:00
1785934800000,1875.0,1876.5,1865.82,1868.74,105714.207,2026-08-05 13:00:00
1785936600000,1868.74,1879.0,1855.0,1877.84,341908.291,2026-08-05 13:30:00
1785938400000,1877.84,1882.0,1870.02,1871.01,177167.346,2026-08-05 14:00:00
1785940200000,1871.0,1877.66,1868.36,1874.8,88383.8,2026-08-05 14:30:00
1785942000000,1874.8,1881.8,1872.1,1876.0,100047.908,2026-08-05 15:00:00
1785943800000,1876.0,1881.2,1872.0,1872.81,58088.358,2026-08-05 15:30:00
1785945600000,1872.8,1896.39,1872.33,1895.0,244259.859,2026-08-05 16:00:00
1785947400000,1895.0,1896.46,1887.56,1894.89,136111.961,2026-08-05 16:30:00
1785949200000,1894.9,1897.92,1890.23,1891.85,84255.467,2026-08-05 17:00:00
1785951000000,1891.85,1917.24,1891.49,1916.13,295814.72,2026-08-05 17:30:00
1785952800000,1916.13,1927.76,1913.2,1918.68,221153.357,2026-08-05 18:00:00
1785954600000,1918.67,1920.66,1914.31,1917.23,53141.507,2026-08-05 18:30:00
1785956400000,1917.22,1920.0,1915.0,1918.33,58422.981,2026-08-05 19:00:00
1785958200000,1918.34,1920.0,1915.2,1916.08,36289.229,2026-08-05 19:30:00
1785960000000,1916.09,1921.98,1916.0,1919.43,57759.5,2026-08-05 20:00:00
1785961800000,1919.44,1924.11,1916.0,1916.31,36020.246,2026-08-05 20:30:00
1785963600000,1916.3,1916.75,1907.17,1910.0,67540.673,2026-08-05 21:00:00
1785965400000,1910.0,1911.49,1906.05,1908.03,38580.276,2026-08-05 21:30:00
1785967200000,1908.02,1912.79,1905.5,1911.39,30313.332,2026-08-05 22:00:00
1785969000000,1911.4,1912.0,1905.83,1906.1,23963.198,2026-08-05 22:30:00
1785970800000,1906.09,1911.65,1903.6,1909.24,35758.252,2026-08-05 23:00:00
1785972600000,1909.24,1910.5,1907.0,1907.99,19579.652,2026-08-05 23:30:00
1785974400000,1907.99,1913.33,1906.34,1910.89,52137.441,2026-08-06 00:00:00
1785976200000,1910.89,1911.7,1907.73,1909.58,17246.664,2026-08-06 00:30:00
1785978000000,1909.59,1910.44,1904.23,1904.23,32392.291,2026-08-06 01:00:00
1785979800000,1904.23,1909.16,1902.6,1906.15,40276.654,2026-08-06 01:30:00
1785981600000,1906.14,1910.27,1894.49,1897.91,126817.3,2026-08-06 02:00:00
1785983400000,1897.91,1900.9,1894.05,1898.5,45791.024,2026-08-06 02:30:00
1785985200000,1898.5,1898.55,1894.51,1896.06,27116.196,2026-08-06 03:00:00
1785987000000,1896.07,1898.88,1894.95,1898.13,24100.606,2026-08-06 03:30:00
1785988800000,1898.14,1905.8,1895.0,1905.48,58903.328,2026-08-06 04:00:00
1785990600000,1905.48,1907.84,1903.69,1906.85,42616.114,2026-08-06 04:30:00
1785992400000,1906.84,1917.8,1906.32,1910.96,143536.931,2026-08-06 05:00:00
1785994200000,1910.95,1913.46,1909.22,1913.45,31073.522,2026-08-06 05:30:00
1785996000000,1913.46,1913.67,1908.5,1912.11,29084.803,2026-08-06 06:00:00
1785997800000,1912.12,1913.5,1910.87,1912.66,15163.404,2026-08-06 06:30:00
1785999600000,1912.66,1914.4,1911.05,1911.52,18627.616,2026-08-06 07:00:00
1786001400000,1911.53,1911.7,1906.67,1908.54,39668.542,2026-08-06 07:30:00
1786003200000,1908.55,1912.81,1907.55,1912.81,36967.605,2026-08-06 08:00:00
1786005000000,1912.81,1921.18,1911.04,1915.33,68834.067,2026-08-06 08:30:00
1786006800000,1915.32,1916.0,1905.14,1908.15,81384.639,2026-08-06 09:00:00
1786008600000,1908.14,1908.39,1903.9,1907.01,43267.91,2026-08-06 09:30:00
1786010400000,1907.01,1907.01,1900.68,1904.92,58782.941,2026-08-06 10:00:00
1786012200000,1904.93,1905.32,1900.79,1901.98,34142.918,2026-08-06 10:30:00
1786014000000,1901.99,1906.47,1895.61,1904.75,75284.141,2026-08-06 11:00:00
1786015800000,1904.75,1908.41,1904.69,1906.91,27957.815,2026-08-06 11:30:00
1786017600000,1906.91,1907.0,1900.5,1904.15,41119.715,2026-08-06 12:00:00
1786019400000,1904.16,1905.77,1898.1,1898.23,27912.738,2026-08-06 12:30:00
1786021200000,1898.23,1899.89,1891.21,1897.02,106462.467,2026-08-06 13:00:00
1786023000000,1897.02,1910.4,1892.43,1906.49,135536.466,2026-08-06 13:30:00
1786024800000,1906.49,1912.0,1904.02,1905.99,78436.205,2026-08-06 14:00:00
1786026600000,1906.0,1918.0,1902.09,1914.0,112431.48,2026-08-06 14:30:00
1786028400000,1914.0,1919.4,1911.37,1915.99,97196.718,2026-08-06 15:00:00
1786030200000,1916.0,1918.43,1909.03,1909.8,56387.393,2026-08-06 15:30:00
1786032000000,1909.81,1912.8,1907.54,1910.97,60010.04,2026-08-06 16:00:00
1786033800000,1910.98,1916.0,1909.4,1914.84,31157.509,2026-08-06 16:30:00
1786035600000,1914.84,1917.5,1912.58,1913.3,21200.813,2026-08-06 17:00:00
1786037400000,1913.31,1916.19,1909.4,1913.21,24035.848,2026-08-06 17:30:00
1786039200000,1913.21,1913.4,1908.08,1910.77,19172.498,2026-08-06 18:00:00
1786041000000,1910.77,1910.9,1903.13,1905.28,35254.255,2026-08-06 18:30:00
1786042800000,1905.29,1908.92,1905.07,1906.0,18239.454,2026-08-06 19:00:00
1786044600000,1906.01,1910.45,1905.35,1909.02,14860.991,2026-08-06 19:30:00
1786046400000,1909.03,1910.02,1905.4,1906.19,12456.44,2026-08-06 20:00:00
1786048200000,1906.19,1908.19,1905.0,1906.26,7735.671,2026-08-06 20:30:00
1786050000000,1906.27,1908.81,1905.72,1906.72,10609.261,2026-08-06 21:00:00
1786051800000,1906.73,1908.18,1905.09,1905.37,7594.593,2026-08-06 21:30:00
1786053600000,1905.37,1906.66,1901.77,1903.41,15373.355,2026-08-06 22:00:00
1786055400000,1903.41,1904.72,1901.6,1904.16,11075.404,2026-08-06 22:30:00
1786057200000,1904.15,1905.2,1899.1,1900.84,26598.787,2026-08-06 23:00:00
1786059000000,1900.85,1903.81,1898.05,1903.35,23918.349,2026-08-06 23:30:00
1786060800000,1903.35,1904.61,1899.0,1901.0,26840.65,2026-08-07 00:00:00
1786062600000,1901.01,1903.91,1899.26,1903.06,20560.328,2026-08-07 00:30:00
1786064400000,1903.05,1906.8,1901.53,1904.46,30086.711,2026-08-07 01:00:00
1786066200000,1904.47,1905.5,1898.22,1902.61,30331.845,2026-08-07 01:30:00
1786068000000,1902.61,1908.0,1896.38,1899.75,55964.713,2026-08-07 02:00:00
1786069800000,1899.75,1904.32,1898.73,1902.0,26932.813,2026-08-07 02:30:00
1786071600000,1902.01,1903.22,1898.2,1899.49,21045.098,2026-08-07 03:00:00
1786073400000,1899.5,1901.43,1895.39,1896.78,25798.78,2026-08-07 03:30:00
1786075200000,1896.78,1900.0,1895.15,1898.37,29789.957,2026-08-07 04:00:00
1786077000000,1898.36,1899.98,1893.5,1896.65,38540.526,2026-08-07 04:30:00
1786078800000,1896.65,1897.95,1895.2,1895.7,21010.549,2026-08-07 05:00:00
1786080600000,1895.7,1901.87,1894.68,1900.7,30994.785,2026-08-07 05:30:00
1786082400000,1900.7,1906.66,1899.09,1904.9,65329.933,2026-08-07 06:00:00
1786084200000,1904.9,1905.8,1902.06,1903.69,29390.046,2026-08-07 06:30:00
1786086000000,1903.69,1906.45,1901.5,1904.71,31744.468,2026-08-07 07:00:00
1786087800000,1904.71,1904.75,1901.6,1901.61,15430.328,2026-08-07 07:30:00
1786089600000,1901.61,1906.2,1901.13,1905.31,29022.292,2026-08-07 08:00:00
1786091400000,1905.32,1914.33,1905.0,1909.75,65277.146,2026-08-07 08:30:00
1786093200000,1909.75,1914.25,1909.63,1910.42,66839.297,2026-08-07 09:00:00
1786095000000,1910.43,1917.21,1909.65,1912.48,65372.6,2026-08-07 09:30:00
1786096800000,1912.48,1915.2,1911.93,1913.93,18498.797,2026-08-07 10:00:00
1786098600000,1913.94,1914.03,1911.33,1911.93,14187.725,2026-08-07 10:30:00
1786100400000,1911.92,1920.52,1911.78,1916.05,69128.469,2026-08-07 11:00:00
1786102200000,1916.05,1916.94,1913.91,1915.58,17749.212,2026-08-07 11:30:00
1786104000000,1915.58,1937.16,1915.58,1932.33,282359.257,2026-08-07 12:00:00
1786105800000,1932.32,1944.0,1921.41,1931.15,233196.05,2026-08-07 12:30:00
1786107600000,1931.14,1933.0,1925.02,1927.2,49938.141,2026-08-07 13:00:00
1786109400000,1927.21,1933.99,1920.4,1922.61,113499.306,2026-08-07 13:30:00
1786111200000,1922.61,1924.0,1909.33,1922.76,220841.887,2026-08-07 14:00:00
1786113000000,1922.76,1925.8,1910.39,1912.8,104685.475,2026-08-07 14:30:00
1786114800000,1912.8,1918.9,1912.11,1915.94,43429.246,2026-08-07 15:00:00
1786116600000,1915.95,1920.6,1915.4,1917.14,42969.003,2026-08-07 15:30:00
1786118400000,1917.14,1924.34,1912.44,1914.15,87981.505,2026-08-07 16:00:00
1786120200000,1914.15,1915.79,1908.41,1908.71,45022.989,2026-08-07 16:30:00
1786122000000,1908.71,1910.77,1902.72,1907.29,73132.914,2026-08-07 17:00:00
1786123800000,1907.29,1912.79,1904.0,1911.67,56954.07,2026-08-07 17:30:00
1786125600000,1911.66,1914.65,1911.09,1911.71,33010.034,2026-08-07 18:00:00
1786127400000,1911.71,1913.12,1905.5,1909.04,24546.316,2026-08-07 18:30:00
1786129200000,1909.04,1917.63,1909.04,1916.1,43418.554,2026-08-07 19:00:00
1786131000000,1916.1,1919.56,1915.8,1917.87,25929.169,2026-08-07 19:30:00
1786132800000,1917.87,1919.99,1915.25,1916.0,13561.287,2026-08-07 20:00:00
1786134600000,1916.01,1916.01,1913.27,1913.93,10566.813,2026-08-07 20:30:00
1786136400000,1913.93,1915.44,1911.76,1912.99,11657.804,2026-08-07 21:00:00
1786138200000,1912.98,1922.9,1912.76,1915.73,37390.552,2026-08-07 21:30:00
1786140000000,1915.73,1915.81,1913.93,1914.36,6246.98,2026-08-07 22:00:00
1786141800000,1914.36,1914.8,1912.95,1913.96,6238.795,2026-08-07 22:30:00
1786143600000,1913.95,1915.45,1913.82,1914.11,5137.363,2026-08-07 23:00:00
1786145400000,1914.1,1915.64,1912.96,1912.97,8478.278,2026-08-07 23:30:00
1786147200000,1912.96,1914.02,1911.5,1913.36,11288.133,2026-08-08 00:00:00
1786149000000,1913.36,1913.98,1913.22,1913.66,5910.006,2026-08-08 00:30:00
1786150800000,1913.66,1915.57,1913.23,1914.0,12259.497,2026-08-08 01:00:00
1786152600000,1914.0,1915.09,1913.66,1914.04,6783.274,2026-08-08 01:30:00
1786154400000,1914.04,1914.04,1911.36,1912.61,10942.059,2026-08-08 02:00:00
1786156200000,1912.6,1913.83,1911.81,1912.34,8563.78,2026-08-08 02:30:00
1786158000000,1912.35,1915.7,1912.27,1915.7,13116.078,2026-08-08 03:00:00
1786159800000,1915.69,1918.45,1915.69,1917.0,23348.43,2026-08-08 03:30:00
1786161600000,1917.01,1918.51,1915.38,1916.33,10996.266,2026-08-08 04:00:00
1786163400000,1916.33,1917.97,1915.74,1916.09,7170.708,2026-08-08 04:30:00
1786165200000,1916.09,1916.78,1915.09,1916.35,7588.608,2026-08-08 05:00:00
1786167000000,1916.35,1918.0,1914.64,1916.66,11148.995,2026-08-08 05:30:00
1786168800000,1916.67,1917.0,1915.47,1915.78,4701.152,2026-08-08 06:00:00
1786170600000,1915.78,1917.12,1915.08,1915.72,7167.57,2026-08-08 06:30:00
1786172400000,1915.72,1916.08,1915.08,1915.08,4657.034,2026-08-08 07:00:00
1786174200000,1915.09,1915.09,1913.1,1914.4,9791.039,2026-08-08 07:30:00
1786176000000,1914.4,1915.37,1914.02,1915.37,5140.025,2026-08-08 08:00:00
1786177800000,1915.37,1917.0,1915.3,1916.13,11968.791,2026-08-08 08:30:00
1786179600000,1916.14,1916.71,1915.3,1915.66,7142.314,2026-08-08 09:00:00
1786181400000,1915.66,1922.18,1915.65,1917.81,29963.773,2026-08-08 09:30:00
1786183200000,1917.81,1921.89,1917.7,1921.58,18267.804,2026-08-08 10:00:00
1786185000000,1921.58,1921.59,1919.46,1920.14,9296.981,2026-08-08 10:30:00
1786186800000,1920.15,1922.8,1918.6,1919.06,16497.54,2026-08-08 11:00:00
1786188600000,1919.06,1920.29,1918.33,1919.75,8370.108,2026-08-08 11:30:00
1786190400000,1919.76,1921.57,1917.51,1919.01,21415.325,2026-08-08 12:00:00
1786192200000,1919.02,1919.97,1918.08,1918.21,7629.481,2026-08-08 12:30:00
1786194000000,1918.21,1919.65,1918.1,1918.18,7136.394,2026-08-08 13:00:00
1786195800000,1918.18,1919.27,1917.46,1919.27,6484.25,2026-08-08 13:30:00
1786197600000,1919.26,1923.38,1919.26,1922.76,23224.048,2026-08-08 14:00:00
1786199400000,1922.76,1925.71,1920.89,1922.86,45190.148,2026-08-08 14:30:00
1786201200000,1922.87,1923.7,1921.08,1921.7,13820.047,2026-08-08 15:00:00
1786203000000,1921.69,1922.93,1920.23,1921.77,12890.589,2026-08-08 15:30:00
1786204800000,1921.78,1924.02,1921.15,1921.48,9485.363,2026-08-08 16:00:00
1786206600000,1921.48,1921.64,1920.39,1921.61,8004.713,2026-08-08 16:30:00
1786208400000,1921.6,1923.0,1921.11,1922.98,7107.749,2026-08-08 17:00:00
1786210200000,1922.98,1925.57,1922.68,1922.89,15028.834,2026-08-08 17:30:00
1786212000000,1922.9,1922.9,1918.7,1919.67,17079.995,2026-08-08 18:00:00
1786213800000,1919.67,1920.88,1919.2,1920.44,6334.08,2026-08-08 18:30:00
1786215600000,1920.44,1920.5,1919.0,1919.01,4792.265,2026-08-08 19:00:00
1786217400000,1919.01,1920.69,1918.64,1919.51,9986.058,2026-08-08 19:30:00
1786219200000,1919.5,1919.71,1918.85,1918.91,3417.117,2026-08-08 20:00:00
1786221000000,1918.91,1920.3,1918.91,1919.4,2413.589,2026-08-08 20:30:00
1786222800000,1919.41,1920.72,1919.21,1920.02,3446.851,2026-08-08 21:00:00
1786224600000,1920.03,1921.97,1919.53,1920.0,5592.198,2026-08-08 21:30:00
1786226400000,1920.0,1920.8,1918.5,1919.82,6231.607,2026-08-08 22:00:00
1786228200000,1919.83,1919.83,1915.34,1915.94,14658.461,2026-08-08 22:30:00
1786230000000,1915.93,1916.59,1914.0,1916.0,18643.538,2026-08-08 23:00:00
1786231800000,1916.01,1918.21,1915.88,1916.29,17183.91,2026-08-08 23:30:00
1786233600000,1916.3,1918.08,1915.56,1916.88,19132.433,2026-08-09 00:00:00
1786235400000,1916.89,1918.05,1915.58,1917.16,9989.75,2026-08-09 00:30:00
1786237200000,1917.16,1919.49,1913.39,1913.56,14172.209,2026-08-09 01:00:00
1786239000000,1913.56,1916.0,1912.5,1915.46,21504.567,2026-08-09 01:30:00
1786240800000,1915.45,1916.31,1914.23,1915.73,9107.543,2026-08-09 02:00:00
1786242600000,1915.72,1915.73,1913.0,1914.23,13546.328,2026-08-09 02:30:00
1786244400000,1914.23,1914.23,1912.0,1913.36,19658.051,2026-08-09 03:00:00
1786246200000,1913.36,1914.0,1913.28,1913.29,12187.803,2026-08-09 03:30:00
1786248000000,1913.28,1915.2,1912.96,1913.71,18684.148,2026-08-09 04:00:00
1786249800000,1913.7,1913.71,1912.2,1912.66,7063.177,2026-08-09 04:30:00
1786251600000,1912.65,1914.37,1912.47,1913.43,10529.537,2026-08-09 05:00:00
1786253400000,1913.42,1914.0,1913.26,1913.92,5165.347,2026-08-09 05:30:00
1786255200000,1913.92,1916.4,1913.27,1916.34,14899.251,2026-08-09 06:00:00
1786257000000,1916.34,1918.67,1916.33,1918.37,19417.536,2026-08-09 06:30:00
1786258800000,1918.36,1918.37,1916.24,1917.12,16067.305,2026-08-09 07:00:00
1786260600000,1917.11,1918.19,1916.24,1918.19,10596.042,2026-08-09 07:30:00
1786262400000,1918.18,1924.43,1918.18,1920.57,48636.011,2026-08-09 08:00:00
1786264200000,1920.57,1920.67,1913.28,1915.31,44748.879,2026-08-09 08:30:00
1786266000000,1915.3,1915.94,1912.7,1913.51,19643.677,2026-08-09 09:00:00
1786267800000,1913.51,1920.78,1913.4,1920.65,24770.758,2026-08-09 09:30:00
1786269600000,1920.65,1922.45,1919.18,1919.56,30468.86,2026-08-09 10:00:00
1786271400000,1919.56,1920.0,1918.31,1919.19,9590.811,2026-08-09 10:30:00
1786273200000,1919.19,1920.71,1919.18,1919.99,6991.782,2026-08-09 11:00:00
1786275000000,1919.99,1920.52,1917.65,1918.4,9511.408,2026-08-09 11:30:00
1786276800000,1918.39,1918.47,1915.06,1917.3,16968.688,2026-08-09 12:00:00
1786278600000,1917.31,1917.61,1916.57,1916.91,6009.516,2026-08-09 12:30:00
1786280400000,1916.9,1925.77,1916.78,1924.25,50776.74,2026-08-09 13:00:00
1786282200000,1924.25,1924.54,1920.99,1922.38,50609.736,2026-08-09 13:30:00
1786284000000,1922.38,1925.89,1921.31,1922.52,22840.641,2026-08-09 14:00:00
1786285800000,1922.52,1925.5,1922.3,1924.16,16633.573,2026-08-09 14:30:00
1786287600000,1924.17,1926.74,1923.22,1925.54,30038.079,2026-08-09 15:00:00
1786289400000,1925.54,1926.35,1924.87,1925.56,15331.247,2026-08-09 15:30:00
1786291200000,1925.57,1925.98,1920.24,1921.57,24847.637,2026-08-09 16:00:00
1786293000000,1921.58,1924.58,1921.57,1923.21,11195.791,2026-08-09 16:30:00
1786294800000,1923.2,1923.92,1922.26,1923.57,9072.743,2026-08-09 17:00:00
1786296600000,1923.58,1923.79,1922.08,1922.18,10213.371,2026-08-09 17:30:00
1786298400000,1922.17,1922.98,1919.35,1921.35,17304.274,2026-08-09 18:00:00
1786300200000,1921.35,1921.49,1920.25,1920.61,6188.3,2026-08-09 18:30:00
1786302000000,1920.6,1921.4,1920.46,1921.17,4500.317,2026-08-09 19:00:00
1786303800000,1921.16,1921.75,1920.67,1921.09,3120.408,2026-08-09 19:30:00
1786305600000,1921.09,1921.47,1917.02,1919.43,15746.026,2026-08-09 20:00:00
1786307400000,1919.42,1920.47,1919.24,1920.0,4005.527,2026-08-09 20:30:00
1786309200000,1919.99,1923.61,1918.82,1923.48,6157.218,2026-08-09 21:00:00
1786311000000,1923.48,1926.4,1923.22,1923.81,17624.817,2026-08-09 21:30:00
1786312800000,1923.82,1937.91,1923.82,1928.97,90563.919,2026-08-09 22:00:00
1786314600000,1928.98,1929.83,1914.1,1918.91,79106.006,2026-08-09 22:30:00
1786316400000,1918.92,1919.84,1912.33,1913.8,53939.486,2026-08-09 23:00:00
1786318200000,1913.79,1913.79,1906.34,1910.01,102349.208,2026-08-09 23:30:00
1786320000000,1910.0,1927.94,1908.01,1913.5,109292.894,2026-08-10 00:00:00
1786321800000,1913.5,1916.8,1905.01,1912.0,84021.89,2026-08-10 00:30:00
1786323600000,1911.99,1918.0,1907.1,1914.26,61591.753,2026-08-10 01:00:00
1786325400000,1914.25,1931.92,1911.71,1924.48,114323.805,2026-08-10 01:30:00
1786327200000,1924.49,1925.35,1912.15,1914.82,67095.317,2026-08-10 02:00:00
1786329000000,1914.82,1926.0,1914.77,1922.65,48795.999,2026-08-10 02:30:00
1786330800000,1922.65,1923.99,1912.89,1917.35,64865.177,2026-08-10 03:00:00
1786332600000,1917.35,1920.29,1915.6,1916.69,19485.983,2026-08-10 03:30:00
1786334400000,1916.69,1920.4,1915.8,1918.6,15313.022,2026-08-10 04:00:00
1786336200000,1918.6,1919.68,1911.7,1914.98,38666.367,2026-08-10 04:30:00
1786338000000,1914.98,1919.78,1914.4,1919.45,18048.107,2026-08-10 05:00:00
1786339800000,1919.44,1924.0,1918.85,1922.36,33904.335,2026-08-10 05:30:00
1786341600000,1922.37,1928.5,1922.14,1924.5,56736.814,2026-08-10 06:00:00
1786343400000,1924.5,1928.1,1924.03,1927.0,18898.043,2026-08-10 06:30:00
1786345200000,1926.99,1928.88,1924.76,1928.48,20290.268,2026-08-10 07:00:00
1786347000000,1928.48,1930.03,1923.8,1924.5,64741.007,2026-08-10 07:30:00
1786348800000,1924.49,1928.8,1924.49,1927.26,20353.84,2026-08-10 08:00:00
1786350600000,1927.26,1927.68,1922.18,1925.91,21047.372,2026-08-10 08:30:00
1786352400000,1925.9,1926.3,1922.0,1922.01,11853.782,2026-08-10 09:00:00
1786354200000,1922.0,1922.01,1915.16,1915.7,57659.436,2026-08-10 09:30:00
1786356000000,1915.69,1920.27,1915.31,1918.75,34057.541,2026-08-10 10:00:00
1786357800000,1918.75,1918.8,1916.1,1916.99,15861.929,2026-08-10 10:30:00
1786359600000,1916.99,1919.21,1913.65,1918.38,32335.226,2026-08-10 11:00:00
1786361400000,1918.38,1920.61,1917.33,1919.74,16722.2,2026-08-10 11:30:00
1786363200000,1919.74,1922.7,1915.6,1916.21,31101.641,2026-08-10 12:00:00
1786365000000,1916.2,1916.21,1904.5,1905.38,134653.02,2026-08-10 12:30:00
1786366800000,1905.38,1909.93,1904.5,1907.73,79226.161,2026-08-10 13:00:00
1786368600000,1907.73,1908.17,1893.56,1897.0,204862.631,2026-08-10 13:30:00
1786370400000,1897.01,1902.48,1896.06,1898.69,64720.585,2026-08-10 14:00:00
1786372200000,1898.69,1901.78,1890.32,1892.81,69242.576,2026-08-10 14:30:00
1786374000000,1892.81,1892.81,1870.42,1876.38,362307.995,2026-08-10 15:00:00
1786375800000,1876.38,1879.8,1873.67,1876.13,100155.408,2026-08-10 15:30:00
1786377600000,1876.13,1878.19,1867.05,1874.3,97585.843,2026-08-10 16:00:00
1786379400000,1874.29,1877.41,1868.12,1871.6,75120.711,2026-08-10 16:30:00
1786381200000,1871.6,1876.42,1867.67,1873.55,54745.035,2026-08-10 17:00:00
1786383000000,1873.55,1876.74,1872.08,1873.11,31576.561,2026-08-10 17:30:00
1786384800000,1873.11,1874.56,1870.21,1871.5,27462.502,2026-08-10 18:00:00
1786386600000,1871.51,1872.81,1867.21,1872.01,33000.414,2026-08-10 18:30:00
1786388400000,1872.0,1877.5,1871.28,1877.5,27206.428,2026-08-10 19:00:00
1786390200000,1877.5,1879.68,1875.56,1877.58,32711.372,2026-08-10 19:30:00
1786392000000,1877.58,1878.92,1876.69,1878.66,14388.165,2026-08-10 20:00:00
1786393800000,1878.65,1881.23,1877.93,1878.98,16925.835,2026-08-10 20:30:00
1786395600000,1878.99,1878.99,1873.59,1876.58,21531.77,2026-08-10 21:00:00
1786397400000,1876.59,1877.36,1872.68,1873.74,12695.522,2026-08-10 21:30:00
1786399200000,1873.74,1877.44,1871.78,1876.22,14666.308,2026-08-10 22:00:00
1786401000000,1876.23,1876.23,1871.48,1875.57,11660.893,2026-08-10 22:30:00
1786402800000,1875.57,1875.58,1871.5,1873.15,12582.429,2026-08-10 23:00:00
1786404600000,1873.15,1873.15,1869.14,1872.29,35645.288,2026-08-10 23:30:00
1786406400000,1872.29,1875.17,1870.07,1875.17,22754.86,2026-08-11 00:00:00
1786408200000,1875.17,1875.31,1871.8,1874.46,19053.162,2026-08-11 00:30:00
1786410000000,1874.45,1878.0,1872.6,1877.14,25868.414,2026-08-11 01:00:00
1786411800000,1877.14,1877.98,1873.5,1877.2,16013.998,2026-08-11 01:30:00
1786413600000,1877.21,1878.63,1876.24,1876.62,17381.657,2026-08-11 02:00:00
1786415400000,1876.62,1877.89,1876.44,1877.66,10290.46,2026-08-11 02:30:00
1786417200000,1877.66,1880.48,1877.65,1879.57,22994.484,2026-08-11 03:00:00
1786419000000,1879.57,1880.98,1879.34,1880.06,13749.469,2026-08-11 03:30:00
1786420800000,1880.06,1881.19,1878.56,1879.01,14745.064,2026-08-11 04:00:00
1786422600000,1879.01,1879.02,1875.24,1875.41,18789.299,2026-08-11 04:30:00
1786424400000,1875.4,1876.37,1871.29,1873.21,27784.377,2026-08-11 05:00:00
1786426200000,1873.21,1876.22,1872.8,1873.37,20585.542,2026-08-11 05:30:00
1786428000000,1873.38,1874.61,1870.92,1871.97,30685.293,2026-08-11 06:00:00
1786429800000,1871.96,1874.0,1870.3,1873.73,26744.026,2026-08-11 06:30:00
1786431600000,1873.73,1875.18,1870.01,1871.26,22888.628,2026-08-11 07:00:00
1786433400000,1871.25,1878.59,1871.25,1876.92,37320.782,2026-08-11 07:30:00
1786435200000,1876.93,1878.3,1874.81,1875.91,13905.794,2026-08-11 08:00:00
1786437000000,1875.92,1879.64,1875.57,1878.33,18023.331,2026-08-11 08:30:00
1786438800000,1878.32,1879.4,1876.47,1878.62,18983.11,2026-08-11 09:00:00
1786440600000,1878.62,1884.78,1877.49,1884.53,48540.762,2026-08-11 09:30:00
1786442400000,1884.52,1889.0,1882.05,1886.48,83270.867,2026-08-11 10:00:00
1786444200000,1886.47,1887.42,1884.76,1885.22,24121.495,2026-08-11 10:30:00
1786446000000,1885.23,1894.8,1885.22,1890.82,90135.677,2026-08-11 11:00:00
1786447800000,1890.83,1893.34,1890.71,1892.2,23515.748,2026-08-11 11:30:00
1786449600000,1892.19,1897.55,1888.2,1889.17,78919.324,2026-08-11 12:00:00
1786451400000,1889.17,1891.71,1886.02,1887.0,65642.0,2026-08-11 12:30:00
1786453200000,1887.0,1890.88,1883.63,1886.0,32102.976,2026-08-11 13:00:00
1786455000000,1885.99,1892.0,1882.5,1889.23,84575.162,2026-08-11 13:30:00
1786456800000,1889.24,1891.0,1875.5,1880.0,87637.439,2026-08-11 14:00:00
1786458600000,1879.99,1881.02,1869.59,1873.02,121899.208,2026-08-11 14:30:00
1786460400000,1873.01,1877.17,1868.4,1876.67,81837.119,2026-08-11 15:00:00
1786462200000,1876.67,1876.85,1852.37,1862.07,268827.533,2026-08-11 15:30:00
1786464000000,1862.06,1867.0,1858.95,1863.4,95637.131,2026-08-11 16:00:00
1786465800000,1863.4,1865.67,1861.62,1864.26,20867.96,2026-08-11 16:30:00
1786467600000,1864.26,1867.79,1862.25,1864.86,20058.097,2026-08-11 17:00:00
1786469400000,1864.86,1866.21,1862.5,1864.0,11757.734,2026-08-11 17:30:00
1786471200000,1864.01,1865.43,1861.5,1861.5,14805.24,2026-08-11 18:00:00
1786473000000,1861.51,1866.29,1859.18,1865.31,43402.595,2026-08-11 18:30:00
1786474800000,1865.31,1869.75,1862.14,1869.08,22653.931,2026-08-11 19:00:00
1786476600000,1869.09,1884.44,1867.72,1881.01,86656.892,2026-08-11 19:30:00
1786478400000,1881.01,1884.87,1878.25,1880.49,48320.334,2026-08-11 20:00:00
1786480200000,1880.5,1883.4,1878.63,1881.44,20594.25,2026-08-11 20:30:00
1786482000000,1881.44,1884.53,1879.84,1880.3,17506.312,2026-08-11 21:00:00
1786483800000,1880.3,1884.4,1879.36,1883.73,14712.852,2026-08-11 21:30:00
1786485600000,1883.74,1886.94,1882.0,1883.06,23222.849,2026-08-11 22:00:00
1786487400000,1883.06,1884.04,1878.48,1881.38,17007.09,2026-08-11 22:30:00
1786489200000,1881.38,1881.39,1878.0,1880.13,12668.921,2026-08-11 23:00:00
1786491000000,1880.13,1883.66,1879.52,1881.7,11897.694,2026-08-11 23:30:00
1786492800000,1881.69,1882.87,1879.78,1881.2,15690.716,2026-08-12 00:00:00
1786494600000,1881.2,1882.82,1880.47,1881.67,11351.182,2026-08-12 00:30:00
1786496400000,1881.68,1885.78,1881.32,1882.16,23828.953,2026-08-12 01:00:00
1786498200000,1882.15,1885.85,1880.35,1883.86,20750.203,2026-08-12 01:30:00
1786500000000,1883.86,1887.46,1883.03,1885.99,23665.498,2026-08-12 02:00:00
1786501800000,1886.0,1886.46,1882.81,1883.69,11220.6,2026-08-12 02:30:00
1786503600000,1883.7,1885.0,1882.0,1883.3,16735.429,2026-08-12 03:00:00
1786505400000,1883.29,1886.67,1882.67,1885.97,15991.478,2026-08-12 03:30:00
1786507200000,1885.97,1893.47,1884.76,1888.9,65382.019,2026-08-12 04:00:00
1786509000000,1888.9,1890.56,1886.5,1888.6,22887.507,2026-08-12 04:30:00
1786510800000,1888.6,1890.0,1886.0,1889.39,24269.827,2026-08-12 05:00:00
1786512600000,1889.4,1891.62,1889.38,1890.9,19585.999,2026-08-12 05:30:00
1786514400000,1890.9,1890.9,1884.85,1885.79,30373.423,2026-08-12 06:00:00
1786516200000,1885.79,1887.01,1884.47,1887.01,22789.915,2026-08-12 06:30:00
1786518000000,1887.0,1890.47,1886.82,1888.55,20952.157,2026-08-12 07:00:00
1786519800000,1888.55,1891.05,1885.32,1890.72,22987.935,2026-08-12 07:30:00
1786521600000,1890.72,1895.48,1889.69,1891.8,53542.857,2026-08-12 08:00:00
1786523400000,1891.8,1891.8,1889.72,1889.98,17285.131,2026-08-12 08:30:00
1786525200000,1889.97,1904.99,1889.0,1902.8,117682.66,2026-08-12 09:00:00
1786527000000,1902.8,1909.0,1901.86,1905.0,124945.327,2026-08-12 09:30:00
1786528800000,1904.99,1916.0,1904.99,1909.92,124738.708,2026-08-12 10:00:00
1786530600000,1909.91,1912.23,1906.55,1908.31,36521.092,2026-08-12 10:30:00
1786532400000,1908.32,1912.63,1906.28,1912.44,32348.228,2026-08-12 11:00:00
1786534200000,1912.43,1915.5,1910.82,1914.7,44643.355,2026-08-12 11:30:00
1786536000000,1914.7,1927.0,1912.86,1921.91,132278.378,2026-08-12 12:00:00
1786537800000,1921.9,1925.82,1905.02,1910.68,220335.522,2026-08-12 12:30:00
1786539600000,1910.68,1911.8,1905.1,1906.84,54408.687,2026-08-12 13:00:00
1786541400000,1906.84,1907.6,1899.14,1900.5,108629.519,2026-08-12 13:30:00
1786543200000,1900.5,1903.0,1886.85,1891.4,223434.579,2026-08-12 14:00:00
1786545000000,1891.39,1894.6,1884.14,1887.0,159762.122,2026-08-12 14:30:00
1786546800000,1886.99,1894.99,1883.06,1893.49,77549.201,2026-08-12 15:00:00
1786548600000,1893.49,1895.51,1890.4,1891.93,36718.173,2026-08-12 15:30:00
1786550400000,1891.94,1895.2,1888.5,1894.25,40567.635,2026-08-12 16:00:00
1786552200000,1894.25,1894.65,1890.0,1890.1,22156.938,2026-08-12 16:30:00
1786554000000,1890.1,1891.3,1884.37,1886.33,44476.751,2026-08-12 17:00:00
1786555800000,1886.33,1889.96,1884.46,1887.57,20560.863,2026-08-12 17:30:00
1786557600000,1887.57,1889.86,1885.39,1886.55,18986.559,2026-08-12 18:00:00
1786559400000,1886.55,1890.82,1885.0,1885.0,22529.416,2026-08-12 18:30:00
1786561200000,1885.0,1886.21,1881.46,1884.05,36653.105,2026-08-12 19:00:00
1786563000000,1884.04,1884.87,1876.36,1878.84,55495.496,2026-08-12 19:30:00
1786564800000,1878.82,1883.77,1877.22,1883.77,30511.98,2026-08-12 20:00:00
1786566600000,1883.77,1887.28,1883.72,1886.08,23171.628,2026-08-12 20:30:00
1786568400000,1886.08,1888.88,1872.19,1877.76,52687.08,2026-08-12 21:00:00
1786570200000,1877.76,1883.5,1874.31,1877.39,39922.818,2026-08-12 21:30:00
1786572000000,1877.4,1880.65,1874.68,1879.01,17578.1,2026-08-12 22:00:00
1786573800000,1879.01,1879.45,1875.89,1877.71,12395.42,2026-08-12 22:30:00
1786575600000,1877.71,1878.45,1874.0,1876.34,43726.252,2026-08-12 23:00:00
1786577400000,1876.35,1879.69,1876.18,1878.99,15721.015,2026-08-12 23:30:00
1786579200000,1878.99,1884.63,1878.18,1881.7,36564.817,2026-08-13 00:00:00
1786581000000,1881.7,1882.72,1876.49,1879.39,31964.223,2026-08-13 00:30:00
1786582800000,1879.4,1882.29,1874.3,1875.72,35623.476,2026-08-13 01:00:00
1786584600000,1875.71,1879.87,1874.15,1877.32,25574.072,2026-08-13 01:30:00
1786586400000,1877.31,1878.37,1875.56,1876.51,15300.64,2026-08-13 02:00:00
1786588200000,1876.5,1882.45,1872.33,1881.08,46827.186,2026-08-13 02:30:00
1786590000000,1881.07,1884.09,1880.78,1882.16,35514.444,2026-08-13 03:00:00
1786591800000,1882.16,1887.8,1882.16,1886.59,48453.737,2026-08-13 03:30:00
1786593600000,1886.6,1887.0,1884.38,1884.97,23223.297,2026-08-13 04:00:00
1786595400000,1884.97,1894.41,1884.97,1891.54,80715.022,2026-08-13 04:30:00
1786597200000,1891.55,1899.48,1890.84,1897.91,98191.69,2026-08-13 05:00:00
1786599000000,1897.92,1898.34,1894.71,1894.8,27730.219,2026-08-13 05:30:00
1786600800000,1894.79,1895.14,1891.52,1893.95,34754.71,2026-08-13 06:00:00
1786602600000,1893.95,1897.76,1891.21,1897.75,31763.488,2026-08-13 06:30:00
1786604400000,1897.76,1898.0,1895.02,1896.94,15019.788,2026-08-13 07:00:00
1786606200000,1896.94,1897.0,1894.22,1894.54,13537.853,2026-08-13 07:30:00
1786608000000,1894.55,1896.0,1891.09,1891.52,26211.016,2026-08-13 08:00:00
1786609800000,1891.53,1892.0,1887.02,1889.2,32834.698,2026-08-13 08:30:00
1786611600000,1889.19,1889.2,1880.59,1885.06,70246.596,2026-08-13 09:00:00
1786613400000,1885.07,1890.0,1885.06,1889.01,30138.616,2026-08-13 09:30:00
1786615200000,1889.0,1889.6,1881.4,1884.34,87917.959,2026-08-13 10:00:00
1786617000000,1884.35,1884.35,1881.47,1882.58,24127.568,2026-08-13 10:30:00
1786618800000,1882.57,1883.1,1875.57,1876.24,57710.189,2026-08-13 11:00:00
1786620600000,1876.24,1880.73,1874.69,1879.79,50416.04,2026-08-13 11:30:00
1786622400000,1879.79,1884.55,1878.42,1884.03,31763.596,2026-08-13 12:00:00
1786624200000,1884.02,1889.8,1881.33,1888.11,75966.731,2026-08-13 12:30:00
1786626000000,1888.11,1894.78,1886.08,1887.35,75288.647,2026-08-13 13:00:00
1786627800000,1887.34,1894.67,1886.13,1889.67,59531.695,2026-08-13 13:30:00
1786629600000,1889.66,1894.07,1887.71,1890.5,45796.452,2026-08-13 14:00:00
1786631400000,1890.5,1896.61,1889.21,1892.63,67646.101,2026-08-13 14:30:00
1786633200000,1892.63,1895.25,1881.6,1884.92,71670.426,2026-08-13 15:00:00
1786635000000,1884.91,1891.35,1878.47,1879.28,85882.546,2026-08-13 15:30:00
1786636800000,1879.29,1884.37,1877.18,1878.72,87586.118,2026-08-13 16:00:00
1786638600000,1878.72,1881.0,1862.41,1874.24,267934.338,2026-08-13 16:30:00
1786640400000,1874.25,1879.14,1872.93,1876.6,46573.855,2026-08-13 17:00:00
1786642200000,1876.59,1880.67,1875.01,1876.28,29303.828,2026-08-13 17:30:00
1786644000000,1876.28,1882.08,1876.05,1876.67,28380.692,2026-08-13 18:00:00
1786645800000,1876.66,1887.27,1875.69,1884.85,46557.339,2026-08-13 18:30:00
1786647600000,1884.85,1892.0,1884.49,1887.44,65109.267,2026-08-13 19:00:00
1786649400000,1887.44,1888.89,1884.73,1886.81,18973.476,2026-08-13 19:30:00
1786651200000,1886.8,1888.8,1885.4,1886.86,19366.599,2026-08-13 20:00:00
1786653000000,1886.85,1888.87,1884.56,1885.56,10485.43,2026-08-13 20:30:00
1786654800000,1885.56,1888.28,1885.16,1887.79,10223.921,2026-08-13 21:00:00
1786656600000,1887.78,1888.88,1886.58,1888.02,10163.634,2026-08-13 21:30:00
1786658400000,1888.02,1892.6,1887.96,1890.24,18685.342,2026-08-13 22:00:00
1786660200000,1890.23,1890.43,1888.34,1888.59,11129.399,2026-08-13 22:30:00
1786662000000,1888.58,1888.66,1884.79,1885.47,15963.302,2026-08-13 23:00:00
1786663800000,1885.48,1886.74,1883.66,1885.38,11818.791,2026-08-13 23:30:00
1786665600000,1885.39,1888.0,1884.06,1885.23,15592.625,2026-08-14 00:00:00
1786667400000,1885.23,1888.8,1882.64,1888.63,17109.784,2026-08-14 00:30:00
1786669200000,1888.63,1888.77,1884.09,1885.76,19023.014,2026-08-14 01:00:00
1786671000000,1885.76,1889.47,1885.07,1888.63,15818.961,2026-08-14 01:30:00
1786672800000,1888.63,1890.71,1885.33,1886.0,19441.125,2026-08-14 02:00:00
1786674600000,1885.99,1888.5,1885.68,1885.93,11910.227,2026-08-14 02:30:00
1786676400000,1885.94,1888.45,1882.67,1886.15,25879.565,2026-08-14 03:00:00
1786678200000,1886.15,1886.16,1881.27,1882.41,22860.459,2026-08-14 03:30:00
1786680000000,1882.41,1887.45,1881.35,1885.34,20658.678,2026-08-14 04:00:00
1786681800000,1885.33,1886.0,1883.18,1884.2,8847.992,2026-08-14 04:30:00
1786683600000,1884.2,1884.9,1879.05,1882.04,33552.237,2026-08-14 05:00:00
1786685400000,1882.04,1884.0,1881.48,1883.27,10961.344,2026-08-14 05:30:00
1786687200000,1883.27,1883.27,1876.66,1876.7,41842.926,2026-08-14 06:00:00
1786689000000,1876.69,1878.65,1872.0,1872.1,80600.549,2026-08-14 06:30:00
1786690800000,1872.1,1878.0,1871.5,1877.01,45829.034,2026-08-14 07:00:00
1786692600000,1877.01,1877.06,1872.54,1872.55,25449.882,2026-08-14 07:30:00
1786694400000,1872.55,1874.88,1868.0,1871.28,65124.772,2026-08-14 08:00:00
1786696200000,1871.28,1878.12,1869.4,1878.11,46905.201,2026-08-14 08:30:00
1786698000000,1878.12,1878.3,1874.37,1874.47,22189.923,2026-08-14 09:00:00
1786699800000,1874.48,1874.79,1870.33,1872.5,29463.435,2026-08-14 09:30:00
1786701600000,1872.5,1877.49,1871.68,1876.34,20861.673,2026-08-14 10:00:00
1786703400000,1876.34,1878.0,1874.1,1875.48,19727.966,2026-08-14 10:30:00
1786705200000,1875.48,1878.0,1874.33,1876.93,18610.594,2026-08-14 11:00:00
1786707000000,1876.92,1880.76,1876.39,1877.41,29139.83,2026-08-14 11:30:00
1786708800000,1877.41,1877.97,1872.65,1877.68,29715.781,2026-08-14 12:00:00
1786710600000,1877.67,1878.91,1872.2,1872.64,23692.367,2026-08-14 12:30:00
1786712400000,1872.64,1873.08,1866.01,1871.03,76406.704,2026-08-14 13:00:00
1786714200000,1871.03,1872.23,1865.13,1869.4,57922.911,2026-08-14 13:30:00
1786716000000,1869.4,1871.21,1863.03,1868.04,66645.009,2026-08-14 14:00:00
1786717800000,1868.04,1872.73,1863.71,1866.12,67073.504,2026-08-14 14:30:00
1786719600000,1866.12,1878.88,1865.5,1878.87,56695.508,2026-08-14 15:00:00
1786721400000,1878.88,1883.97,1875.26,1880.55,91384.031,2026-08-14 15:30:00
1786723200000,1880.55,1884.51,1878.36,1883.19,40837.678,2026-08-14 16:00:00
1786725000000,1883.19,1887.59,1882.69,1884.57,54994.561,2026-08-14 16:30:00
1786726800000,1884.58,1886.88,1882.43,1884.71,21644.434,2026-08-14 17:00:00
1786728600000,1884.72,1886.08,1875.43,1877.94,49906.05,2026-08-14 17:30:00
1786730400000,1877.93,1878.27,1873.72,1875.12,33742.082,2026-08-14 18:00:00
1786732200000,1875.12,1877.5,1872.79,1875.0,20451.623,2026-08-14 18:30:00
1786734000000,1875.0,1877.46,1872.95,1877.03,22302.845,2026-08-14 19:00:00
1786735800000,1877.03,1881.48,1875.91,1879.96,37418.44,2026-08-14 19:30:00
1786737600000,1879.92,1880.97,1878.27,1879.15,11656.008,2026-08-14 20:00:00
1786739400000,1879.16,1879.73,1877.95,1879.65,6057.82,2026-08-14 20:30:00
1786741200000,1879.66,1880.46,1876.4,1879.06,9897.564,2026-08-14 21:00:00
1786743000000,1879.06,1879.29,1876.39,1878.62,9444.914,2026-08-14 21:30:00
1786744800000,1878.62,1880.33,1875.1,1875.66,9137.751,2026-08-14 22:00:00
1786746600000,1875.66,1879.67,1875.54,1878.81,8348.984,2026-08-14 22:30:00
1786748400000,1878.8,1880.47,1878.54,1880.14,7835.114,2026-08-14 23:00:00
1786750200000,1880.15,1881.86,1877.97,1881.26,11231.793,2026-08-14 23:30:00
1786752000000,1881.26,1882.46,1880.74,1882.08,12909.49,2026-08-15 00:00:00
1786753800000,1882.08,1882.81,1881.2,1881.59,9328.55,2026-08-15 00:30:00
1786755600000,1881.59,1883.82,1880.09,1883.33,13617.238,2026-08-15 01:00:00
1786757400000,1883.33,1883.89,1882.6,1883.3,6658.284,2026-08-15 01:30:00
1786759200000,1883.29,1884.97,1883.22,1883.97,13991.875,2026-08-15 02:00:00
1786761000000,1883.96,1884.7,1883.25,1884.0,11980.241,2026-08-15 02:30:00
1786762800000,1884.0,1885.75,1883.55,1883.87,16275.631,2026-08-15 03:00:00
1786764600000,1883.86,1883.94,1881.45,1881.88,15005.171,2026-08-15 03:30:00
1786766400000,1881.89,1883.54,1881.88,1883.51,7202.616,2026-08-15 04:00:00
1786768200000,1883.5,1884.66,1883.15,1883.35,7230.402,2026-08-15 04:30:00
1786770000000,1883.35,1884.33,1882.4,1882.49,10570.993,2026-08-15 05:00:00
1786771800000,1882.48,1882.79,1879.07,1879.92,22395.092,2026-08-15 05:30:00
1786773600000,1879.92,1881.23,1879.34,1879.77,8894.873,2026-08-15 06:00:00
1786775400000,1879.77,1882.89,1879.26,1881.49,10292.004,2026-08-15 06:30:00
1786777200000,1881.49,1881.74,1879.57,1880.37,12172.466,2026-08-15 07:00:00
1786779000000,1880.37,1880.65,1879.29,1879.5,6321.546,2026-08-15 07:30:00
1786780800000,1879.5,1880.67,1878.43,1880.2,8346.277,2026-08-15 08:00:00
1786782600000,1880.2,1880.2,1875.6,1876.18,24430.329,2026-08-15 08:30:00
1786784400000,1876.17,1877.78,1874.26,1877.55,30282.997,2026-08-15 09:00:00
1786786200000,1877.55,1880.53,1877.54,1879.62,21505.643,2026-08-15 09:30:00
1786788000000,1879.62,1879.88,1877.49,1878.65,7449.761,2026-08-15 10:00:00
1786789800000,1878.65,1880.65,1877.92,1880.26,9367.664,2026-08-15 10:30:00
1786791600000,1880.26,1880.5,1879.0,1879.01,5122.059,2026-08-15 11:00:00
1786793400000,1879.0,1879.68,1878.19,1878.49,6339.952,2026-08-15 11:30:00
1786795200000,1878.49,1878.65,1877.54,1877.75,6880.851,2026-08-15 12:00:00
1786797000000,1877.75,1883.36,1877.28,1882.88,21499.932,2026-08-15 12:30:00
1786798800000,1882.88,1884.29,1881.45,1882.08,25118.933,2026-08-15 13:00:00
1786800600000,1882.09,1884.13,1882.01,1882.78,10276.057,2026-08-15 13:30:00
1786802400000,1882.77,1882.92,1880.61,1881.4,12383.633,2026-08-15 14:00:00
1786804200000,1881.39,1883.75,1881.16,1882.61,9046.943,2026-08-15 14:30:00
1786806000000,1882.61,1884.37,1882.2,1883.32,11800.68,2026-08-15 15:00:00
1786807800000,1883.32,1884.98,1883.11,1883.97,15124.238,2026-08-15 15:30:00
1786809600000,1883.97,1884.85,1882.91,1884.71,11177.278,2026-08-15 16:00:00
1786811400000,1884.71,1884.89,1883.39,1883.85,6354.664,2026-08-15 16:30:00
1786813200000,1883.84,1885.52,1881.59,1882.43,22047.412,2026-08-15 17:00:00
1786815000000,1882.44,1883.68,1882.44,1883.66,17684.626,2026-08-15 17:30:00
1786816800000,1883.65,1885.32,1881.69,1881.83,15246.792,2026-08-15 18:00:00
1786818600000,1881.83,1882.26,1881.7,1882.0,3615.838,2026-08-15 18:30:00
1786820400000,1882.0,1883.89,1881.86,1883.29,5492.21,2026-08-15 19:00:00
1786822200000,1883.29,1884.21,1883.28,1883.8,3617.995,2026-08-15 19:30:00
1786824000000,1883.81,1883.81,1882.0,1882.4,3339.381,2026-08-15 20:00:00
1786825800000,1882.41,1882.78,1881.85,1882.51,3508.54,2026-08-15 20:30:00
1786827600000,1882.51,1883.96,1882.5,1883.79,3015.785,2026-08-15 21:00:00
1786829400000,1883.8,1884.77,1883.51,1884.2,3909.435,2026-08-15 21:30:00
1786831200000,1884.2,1884.77,1883.43,1884.77,4535.873,2026-08-15 22:00:00
1786833000000,1884.77,1884.77,1883.61,1883.61,2897.711,2026-08-15 22:30:00
1786834800000,1883.61,1883.72,1880.92,1882.2,10366.298,2026-08-15 23:00:00
1786836600000,1882.21,1882.99,1881.79,1881.98,3899.846,2026-08-15 23:30:00
1786838400000,1881.98,1882.6,1881.4,1881.97,4488.153,2026-08-16 00:00:00
1786840200000,1881.97,1882.23,1880.93,1881.76,6842.808,2026-08-16 00:30:00
1786842000000,1881.75,1881.75,1879.1,1879.64,14994.996,2026-08-16 01:00:00
1786843800000,1879.63,1880.0,1876.2,1879.83,19357.934,2026-08-16 01:30:00
1786845600000,1879.83,1884.74,1878.38,1883.3,25865.928,2026-08-16 02:00:00
1786847400000,1883.31,1884.29,1882.18,1882.86,13460.387,2026-08-16 02:30:00
1786849200000,1882.85,1883.43,1882.44,1882.44,5616.543,2026-08-16 03:00:00
1786851000000,1882.45,1883.0,1882.14,1882.27,4501.68,2026-08-16 03:30:00
1786852800000,1882.27,1883.96,1882.0,1883.32,6665.31,2026-08-16 04:00:00
1786854600000,1883.32,1883.32,1879.93,1880.86,9436.074,2026-08-16 04:30:00
1786856400000,1880.86,1881.35,1878.82,1879.85,7741.721,2026-08-16 05:00:00
1786858200000,1879.85,1880.84,1878.56,1879.26,6727.423,2026-08-16 05:30:00
1786860000000,1879.27,1880.0,1878.01,1879.4,9108.497,2026-08-16 06:00:00
1786861800000,1879.39,1881.17,1878.85,1880.05,8140.236,2026-08-16 06:30:00
1786863600000,1880.06,1881.06,1879.26,1880.72,5856.254,2026-08-16 07:00:00
1786865400000,1880.71,1880.88,1880.44,1880.77,2509.713,2026-08-16 07:30:00
1786867200000,1880.77,1880.77,1879.94,1879.94,3822.206,2026-08-16 08:00:00
1786869000000,1879.94,1880.65,1879.77,1880.2,3936.3,2026-08-16 08:30:00
1786870800000,1880.21,1881.7,1880.06,1880.96,6100.519,2026-08-16 09:00:00
1786872600000,1880.96,1881.37,1878.5,1879.61,9037.41,2026-08-16 09:30:00
1786874400000,1879.61,1880.0,1878.81,1879.92,8001.807,2026-08-16 10:00:00
1786876200000,1879.93,1880.54,1879.5,1880.25,3127.1,2026-08-16 10:30:00
1786878000000,1880.26,1880.57,1879.7,1880.09,3171.574,2026-08-16 11:00:00
1786879800000,1880.08,1880.23,1879.36,1880.15,3347.427,2026-08-16 11:30:00
1786881600000,1880.15,1880.16,1879.06,1880.01,4431.654,2026-08-16 12:00:00
1786883400000,1880.0,1880.01,1878.58,1879.17,6382.071,2026-08-16 12:30:00
1786885200000,1879.18,1880.86,1879.17,1880.4,6911.316,2026-08-16 13:00:00
1786887000000,1880.4,1881.33,1880.1,1881.11,6882.535,2026-08-16 13:30:00
1786888800000,1881.12,1883.61,1881.0,1881.08,14379.14,2026-08-16 14:00:00
1786890600000,1881.08,1882.76,1880.89,1882.64,7110.198,2026-08-16 14:30:00
1786892400000,1882.64,1883.0,1882.42,1882.97,5745.618,2026-08-16 15:00:00
1786894200000,1882.98,1884.0,1881.5,1883.05,13368.55,2026-08-16 15:30:00
1786896000000,1883.05,1888.32,1883.05,1887.2,44098.483,2026-08-16 16:00:00
1786897800000,1887.2,1891.9,1887.2,1888.56,49799.536,2026-08-16 16:30:00
1786899600000,1888.57,1890.34,1885.42,1886.37,21797.398,2026-08-16 17:00:00
1786901400000,1886.37,1886.37,1882.77,1884.3,21887.03,2026-08-16 17:30:00
1786903200000,1884.3,1885.81,1881.53,1885.45,15094.57,2026-08-16 18:00:00
1786905000000,1885.46,1885.81,1883.71,1884.84,5187.226,2026-08-16 18:30:00
1786906800000,1884.85,1887.2,1884.8,1887.2,6843.643,2026-08-16 19:00:00
1786908600000,1887.21,1888.32,1883.55,1885.11,12139.148,2026-08-16 19:30:00
1786910400000,1885.11,1886.78,1884.71,1885.49,5675.714,2026-08-16 20:00:00
1786912200000,1885.48,1885.62,1880.59,1881.08,17283.859,2026-08-16 20:30:00
1786914000000,1881.07,1882.4,1878.39,1879.31,19571.998,2026-08-16 21:00:00
1786915800000,1879.32,1880.63,1868.0,1874.6,74686.979,2026-08-16 21:30:00
1786917600000,1874.6,1877.47,1869.7,1874.65,38390.627,2026-08-16 22:00:00
1786919400000,1874.66,1875.56,1868.41,1875.48,35528.537,2026-08-16 22:30:00
1786921200000,1875.48,1876.98,1873.03,1873.3,17380.323,2026-08-16 23:00:00
1786923000000,1873.3,1876.59,1872.78,1875.32,14224.624,2026-08-16 23:30:00
1786924800000,1875.32,1876.15,1871.71,1876.12,21214.779,2026-08-17 00:00:00
1786926600000,1876.12,1879.69,1872.54,1878.2,27962.202,2026-08-17 00:30:00
1786928400000,1878.2,1896.33,1877.47,1893.7,182624.684,2026-08-17 01:00:00
1786930200000,1893.7,1896.55,1890.52,1890.62,45690.652,2026-08-17 01:30:00
1786932000000,1890.62,1894.23,1887.8,1892.83,39340.341,2026-08-17 02:00:00
1786933800000,1892.83,1907.65,1891.4,1901.62,155477.743,2026-08-17 02:30:00
1786935600000,1901.61,1903.69,1897.46,1897.83,51247.492,2026-08-17 03:00:00
1786937400000,1897.83,1902.23,1897.13,1900.09,30277.627,2026-08-17 03:30:00
1786939200000,1900.08,1903.97,1900.08,1901.77,25337.834,2026-08-17 04:00:00
1786941000000,1901.78,1903.72,1900.36,1902.48,19064.985,2026-08-17 04:30:00
1786942800000,1902.48,1903.0,1899.1,1900.39,25926.549,2026-08-17 05:00:00
1786944600000,1900.39,1900.46,1897.4,1898.82,31401.82,2026-08-17 05:30:00
1786946400000,1898.82,1901.0,1897.08,1900.5,29223.868,2026-08-17 06:00:00
1786948200000,1900.5,1911.8,1899.86,1905.94,103841.416,2026-08-17 06:30:00
1786950000000,1905.93,1906.92,1901.21,1904.34,67934.904,2026-08-17 07:00:00
1786951800000,1904.33,1904.34,1899.81,1899.99,21757.91,2026-08-17 07:30:00
1786953600000,1900.0,1900.89,1890.5,1894.74,93564.047,2026-08-17 08:00:00
1786955400000,1894.75,1894.95,1891.0,1893.67,53015.98,2026-08-17 08:30:00
1786957200000,1893.66,1896.76,1893.33,1895.16,33466.897,2026-08-17 09:00:00
1786959000000,1895.16,1895.2,1892.44,1893.31,15141.652,2026-08-17 09:30:00
1786960800000,1893.3,1898.31,1891.5,1898.27,27455.667,2026-08-17 10:00:00
1786962600000,1898.26,1908.9,1897.52,1906.19,90681.963,2026-08-17 10:30:00
1786964400000,1906.19,1906.9,1904.18,1905.12,27416.722,2026-08-17 11:00:00
1786966200000,1905.11,1908.0,1903.04,1903.56,31940.263,2026-08-17 11:30:00
1786968000000,1903.56,1905.77,1897.19,1898.14,50987.159,2026-08-17 12:00:00
1786969800000,1898.14,1900.34,1895.4,1898.16,31773.635,2026-08-17 12:30:00
1786971600000,1898.16,1899.98,1895.4,1897.73,33052.672,2026-08-17 13:00:00
1786973400000,1897.74,1908.44,1896.44,1904.0,103577.413,2026-08-17 13:30:00
1786975200000,1904.0,1904.25,1897.42,1899.01,42439.792,2026-08-17 14:00:00
1786977000000,1899.0,1909.99,1897.57,1908.63,65650.75,2026-08-17 14:30:00
1786978800000,1908.63,1909.98,1903.59,1908.35,86936.09,2026-08-17 15:00:00
1786980600000,1908.36,1914.85,1906.04,1912.23,82269.269,2026-08-17 15:30:00
1786982400000,1912.23,1913.0,1907.14,1907.14,40673.803,2026-08-17 16:00:00
1786984200000,1907.14,1909.96,1904.3,1906.07,24787.455,2026-08-17 16:30:00
1786986000000,1906.06,1913.24,1904.01,1907.68,49472.704,2026-08-17 17:00:00
1786987800000,1907.68,1908.96,1903.1,1907.86,26902.472,2026-08-17 17:30:00
1786989600000,1907.85,1912.0,1906.25,1909.56,25573.934,2026-08-17 18:00:00
1786991400000,1909.57,1910.34,1907.52,1909.04,22375.632,2026-08-17 18:30:00
1786993200000,1909.04,1909.5,1905.71,1908.91,15535.333,2026-08-17 19:00:00
1786995000000,1908.91,1909.88,1906.23,1906.38,9571.968,2026-08-17 19:30:00
1786996800000,1906.38,1908.33,1904.04,1907.96,14331.205,2026-08-17 20:00:00
1786998600000,1907.96,1909.87,1904.55,1905.84,14926.466,2026-08-17 20:30:00
1787000400000,1905.84,1907.95,1905.25,1905.28,8750.227,2026-08-17 21:00:00
1787002200000,1905.28,1906.83,1905.1,1905.49,7895.047,2026-08-17 21:30:00
1787004000000,1905.48,1907.0,1902.5,1903.27,12954.59,2026-08-17 22:00:00
1787005800000,1903.27,1904.41,1902.74,1903.63,9075.762,2026-08-17 22:30:00
1787007600000,1903.62,1914.62,1903.1,1914.57,27209.941,2026-08-17 23:00:00
1787009400000,1914.57,1917.99,1911.28,1912.81,61877.634,2026-08-17 23:30:00
1787011200000,1912.81,1913.56,1909.36,1911.19,23152.044,2026-08-18 00:00:00
1787013000000,1911.19,1911.24,1907.69,1909.21,18098.781,2026-08-18 00:30:00
1787014800000,1909.21,1909.42,1905.29,1906.55,18604.701,2026-08-18 01:00:00
1787016600000,1906.55,1907.09,1898.6,1900.77,60907.432,2026-08-18 01:30:00
1787018400000,1900.77,1902.77,1896.72,1896.97,45709.205,2026-08-18 02:00:00
1787020200000,1896.97,1897.69,1888.11,1892.5,133833.463,2026-08-18 02:30:00
1787022000000,1892.5,1894.5,1888.36,1890.4,51410.229,2026-08-18 03:00:00
1787023800000,1890.39,1895.01,1884.78,1893.89,123059.41,2026-08-18 03:30:00
1787025600000,1893.89,1894.96,1890.6,1894.28,27685.389,2026-08-18 04:00:00
1787027400000,1894.28,1896.8,1894.2,1895.75,25383.757,2026-08-18 04:30:00
1787029200000,1895.75,1897.8,1894.32,1895.21,22785.166,2026-08-18 05:00:00
1787031000000,1895.21,1896.04,1891.73,1894.62,19741.307,2026-08-18 05:30:00
1787032800000,1894.62,1899.76,1892.58,1899.16,29797.291,2026-08-18 06:00:00
1787034600000,1899.17,1906.01,1899.17,1901.98,64364.804,2026-08-18 06:30:00
1787036400000,1901.99,1902.5,1898.52,1898.53,20725.102,2026-08-18 07:00:00
1787038200000,1898.52,1901.39,1896.3,1897.84,28984.313,2026-08-18 07:30:00
1787040000000,1897.84,1899.59,1892.72,1897.07,42820.566,2026-08-18 08:00:00
1787041800000,1897.08,1901.3,1896.67,1899.43,21549.408,2026-08-18 08:30:00
1787043600000,1899.42,1899.42,1894.6,1895.31,18044.542,2026-08-18 09:00:00
1787045400000,1895.31,1896.77,1894.86,1896.03,16045.063,2026-08-18 09:30:00
1787047200000,1896.03,1897.62,1894.12,1895.98,18784.864,2026-08-18 10:00:00
1787049000000,1895.98,1898.33,1895.98,1897.36,9693.316,2026-08-18 10:30:00
1787050800000,1897.37,1904.87,1896.92,1903.85,40027.366,2026-08-18 11:00:00
1787052600000,1903.85,1904.47,1901.4,1902.21,26636.45,2026-08-18 11:30:00
1787054400000,1902.22,1903.19,1899.7,1900.69,17799.698,2026-08-18 12:00:00
1787056200000,1900.68,1901.0,1898.06,1898.51,16799.017,2026-08-18 12:30:00
1787058000000,1898.5,1898.5,1894.49,1894.98,31076.652,2026-08-18 13:00:00
1787059800000,1894.98,1899.27,1893.1,1897.04,59121.529,2026-08-18 13:30:00
1787061600000,1897.04,1919.7,1896.35,1917.34,178266.371,2026-08-18 14:00:00
1787063400000,1917.33,1922.25,1908.35,1910.16,174576.755,2026-08-18 14:30:00
1787065200000,1910.16,1915.97,1907.0,1914.86,118828.64,2026-08-18 15:00:00
1787067000000,1914.86,1918.57,1914.19,1916.7,61844.98,2026-08-18 15:30:00
1787068800000,1916.71,1918.39,1912.5,1912.57,39310.987,2026-08-18 16:00:00
1787070600000,1912.56,1921.5,1911.68,1917.45,44189.236,2026-08-18 16:30:00
1787072400000,1917.45,1917.69,1913.36,1915.31,24057.271,2026-08-18 17:00:00
1787074200000,1915.3,1915.46,1910.34,1910.39,23064.087,2026-08-18 17:30:00
1787076000000,1910.38,1915.5,1909.41,1915.5,24737.34,2026-08-18 18:00:00
1787077800000,1915.49,1916.5,1914.6,1915.57,15327.458,2026-08-18 18:30:00
1787079600000,1915.57,1916.84,1912.27,1915.92,10167.718,2026-08-18 19:00:00
1787081400000,1915.91,1916.0,1912.28,1912.61,10268.738,2026-08-18 19:30:00
1787083200000,1912.61,1914.01,1911.2,1911.98,19185.665,2026-08-18 20:00:00
1787085000000,1911.99,1914.95,1910.55,1911.88,12660.822,2026-08-18 20:30:00
1787086800000,1911.89,1914.0,1911.88,1912.45,8039.992,2026-08-18 21:00:00
1787088600000,1912.45,1912.6,1910.02,1911.3,10220.423,2026-08-18 21:30:00
1787090400000,1911.3,1914.27,1910.82,1913.77,11534.567,2026-08-18 22:00:00
1787092200000,1913.78,1914.64,1911.5,1912.53,12731.371,2026-08-18 22:30:00
1787094000000,1912.52,1918.45,1912.11,1917.61,26960.387,2026-08-18 23:00:00
1787095800000,1917.61,1919.33,1915.99,1916.94,21855.903,2026-08-18 23:30:00
1787097600000,1916.94,1918.3,1911.04,1915.5,45005.755,2026-08-19 00:00:00
1787099400000,1915.51,1917.09,1912.14,1912.67,28562.354,2026-08-19 00:30:00
1787101200000,1912.67,1917.33,1911.64,1914.68,58989.625,2026-08-19 01:00:00
1787103000000,1914.68,1914.93,1911.92,1912.8,27289.442,2026-08-19 01:30:00
1787104800000,1912.8,1913.35,1906.1,1909.6,56362.877,2026-08-19 02:00:00
1787106600000,1909.6,1910.0,1906.67,1907.04,31183.311,2026-08-19 02:30:00
1787108400000,1907.03,1914.8,1905.04,1911.72,47185.954,2026-08-19 03:00:00
1787110200000,1911.72,1913.39,1909.8,1911.2,15120.321,2026-08-19 03:30:00
1787112000000,1911.2,1913.16,1909.43,1911.77,12876.35,2026-08-19 04:00:00
1787113800000,1911.78,1913.8,1909.19,1909.85,12850.849,2026-08-19 04:30:00
1787115600000,1909.84,1913.2,1909.62,1912.7,14279.073,2026-08-19 05:00:00
1787117400000,1912.69,1913.01,1908.9,1909.44,11812.584,2026-08-19 05:30:00
1787119200000,1909.45,1912.29,1905.17,1910.08,45075.535,2026-08-19 06:00:00
1787121000000,1910.08,1916.72,1909.0,1916.71,43183.724,2026-08-19 06:30:00
1787122800000,1916.71,1920.06,1914.57,1916.84,63951.632,2026-08-19 07:00:00
1787124600000,1916.84,1920.41,1914.72,1915.02,52070.489,2026-08-19 07:30:00
1787126400000,1915.02,1917.29,1914.33,1916.44,19337.509,2026-08-19 08:00:00
1787128200000,1916.45,1929.72,1916.28,1920.66,134121.562,2026-08-19 08:30:00
1787130000000,1920.65,1923.14,1919.94,1920.34,23686.602,2026-08-19 09:00:00
1787131800000,1920.35,1920.52,1917.01,1918.41,24302.523,2026-08-19 09:30:00
1787133600000,1918.41,1918.75,1916.51,1917.6,20907.447,2026-08-19 10:00:00
1787135400000,1917.6,1919.66,1916.92,1919.42,16078.081,2026-08-19 10:30:00
1787137200000,1919.41,1925.19,1919.15,1921.38,44689.039,2026-08-19 11:00:00
1787139000000,1921.39,1923.3,1921.29,1922.23,18888.029,2026-08-19 11:30:00
1787140800000,1922.22,1923.41,1921.52,1922.58,12594.788,2026-08-19 12:00:00
1787142600000,1922.57,1942.6,1921.7,1936.14,262500.8,2026-08-19 12:30:00
1787144400000,1936.14,1938.0,1931.75,1936.47,58755.977,2026-08-19 13:00:00
1787146200000,1936.47,1940.73,1927.0,1931.99,155360.189,2026-08-19 13:30:00
1787148000000,1931.99,1938.57,1931.99,1935.36,77731.24,2026-08-19 14:00:00
1787149800000,1935.35,1979.83,1931.59,1969.61,487289.636,2026-08-19 14:30:00
1787151600000,1969.61,2133.21,1966.46,2076.0,1450073.63,2026-08-19 15:00:00
1787153400000,2075.99,2089.67,2056.73,2085.15,500519.544,2026-08-19 15:30:00
1787155200000,2085.14,2107.43,2081.5,2099.47,332599.804,2026-08-19 16:00:00
1787157000000,2099.47,2101.03,2083.5,2088.63,158975.369,2026-08-19 16:30:00
1787158800000,2088.64,2090.14,2066.35,2077.47,191360.998,2026-08-19 17:00:00
1787160600000,2077.46,2092.24,2070.05,2090.05,116805.489,2026-08-19 17:30:00
1787162400000,2090.06,2091.65,2078.26,2086.0,69908.039,2026-08-19 18:00:00
1787164200000,2085.99,2091.69,2085.0,2090.71,33239.244,2026-08-19 18:30:00
1787166000000,2090.71,2103.0,2088.04,2092.03,124079.736,2026-08-19 19:00:00
1787167800000,2092.02,2105.94,2090.67,2100.91,65566.728,2026-08-19 19:30:00
1787169600000,2100.9,2132.3,2100.9,2125.01,232719.805,2026-08-19 20:00:00
1787171400000,2125.0,2254.18,2120.69,2218.37,608120.156,2026-08-19 20:30:00
1787173200000,2218.37,2342.14,2216.16,2283.52,711961.306,2026-08-19 21:00:00
1787175000000,2283.52,2308.25,2267.44,2286.2,276504.799,2026-08-19 21:30:00
1787176800000,2286.21,2290.3,2256.37,2256.61,199531.8,2026-08-19 22:00:00
1787178600000,2256.61,2266.66,2240.18,2249.7,177429.313,2026-08-19 22:30:00
1787180400000,2249.71,2255.34,2242.25,2252.19,79701.573,2026-08-19 23:00:00
1787182200000,2252.2,2263.15,2245.69,2252.09,66768.613,2026-08-19 23:30:00
1787184000000,2252.1,2269.76,2251.1,2263.25,101532.038,2026-08-20 00:00:00
1787185800000,2263.26,2273.75,2256.98,2261.83,92992.122,2026-08-20 00:30:00
1787187600000,2261.84,2267.65,2248.57,2254.01,101142.084,2026-08-20 01:00:00
1787189400000,2254.01,2270.25,2251.8,2265.9,64017.29,2026-08-20 01:30:00
1787191200000,2265.91,2269.9,2256.65,2257.61,51012.265,2026-08-20 02:00:00
1787193000000,2257.62,2262.0,2249.35,2251.48,53821.346,2026-08-20 02:30:00
1787194800000,2251.47,2251.85,2220.88,2234.1,224645.94,2026-08-20 03:00:00
1787196600000,2234.1,2258.67,2233.88,2251.04,113768.777,2026-08-20 03:30:00
1787198400000,2251.04,2258.33,2249.1,2255.85,43289.905,2026-08-20 04:00:00
1787200200000,2255.84,2257.43,2247.4,2249.75,40220.467,2026-08-20 04:30:00
1787202000000,2249.75,2256.44,2249.01,2251.21,35874.355,2026-08-20 05:00:00
1787203800000,2251.21,2253.67,2243.02,2247.91,33436.163,2026-08-20 05:30:00
1787205600000,2247.91,2255.5,2238.48,2250.72,89412.016,2026-08-20 06:00:00
1787207400000,2250.73,2266.94,2250.51,2261.97,98429.258,2026-08-20 06:30:00
1787209200000,2261.97,2262.91,2247.73,2252.21,64297.387,2026-08-20 07:00:00
1787211000000,2252.22,2252.22,2244.25,2251.87,61049.01,2026-08-20 07:30:00
1787212800000,2251.86,2287.81,2248.84,2277.67,285774.399,2026-08-20 08:00:00
1787214600000,2277.66,2286.15,2264.74,2281.7,120267.882,2026-08-20 08:30:00
1787216400000,2281.69,2297.85,2275.9,2283.66,197819.46,2026-08-20 09:00:00
1787218200000,2283.63,2293.64,2274.47,2278.31,116845.319,2026-08-20 09:30:00
1787220000000,2278.3,2294.98,2275.01,2285.23,100394.329,2026-08-20 10:00:00
1787221800000,2285.23,2287.17,2279.69,2286.15,42922.485,2026-08-20 10:30:00
1787223600000,2286.15,2295.7,2281.28,2294.11,84931.309,2026-08-20 11:00:00
1787225400000,2294.11,2318.53,2292.53,2295.6,301529.933,2026-08-20 11:30:00
1787227200000,2295.59,2300.75,2267.27,2278.0,240984.866,2026-08-20 12:00:00
1787229000000,2278.0,2293.97,2265.9,2289.48,162345.272,2026-08-20 12:30:00
1787230800000,2289.49,2298.65,2285.85,2287.37,103718.385,2026-08-20 13:00:00
1787232600000,2287.37,2287.79,2255.0,2276.0,240739.329,2026-08-20 13:30:00
1787234400000,2275.99,2288.56,2270.6,2273.17,87604.045,2026-08-20 14:00:00
1787236200000,2273.17,2285.32,2270.4,2280.35,60686.936,2026-08-20 14:30:00
1787238000000,2280.34,2313.91,2280.31,2312.64,268403.506,2026-08-20 15:00:00
1787239800000,2312.65,2337.98,2296.45,2325.01,323839.585,2026-08-20 15:30:00
1787241600000,2325.01,2330.77,2312.63,2324.95,121600.349,2026-08-20 16:00:00
1787243400000,2324.95,2361.43,2319.28,2343.95,295550.525,2026-08-20 16:30:00
1787245200000,2343.95,2346.0,2331.01,2343.29,85486.409,2026-08-20 17:00:00
1787247000000,2343.3,2351.88,2338.33,2343.28,74464.48,2026-08-20 17:30:00
1787248800000,2343.28,2346.9,2318.2,2324.92,119436.661,2026-08-20 18:00:00
1787250600000,2324.91,2325.79,2308.28,2315.23,94606.593,2026-08-20 18:30:00
1787252400000,2315.23,2329.26,2310.71,2326.66,48134.599,2026-08-20 19:00:00
1787254200000,2326.65,2332.0,2319.15,2322.78,41492.508,2026-08-20 19:30:00
1787256000000,2322.78,2328.8,2316.24,2326.24,26132.033,2026-08-20 20:00:00
1787257800000,2326.28,2330.51,2312.63,2317.51,28054.782,2026-08-20 20:30:00
1787259600000,2317.5,2324.92,2312.31,2314.0,22221.322,2026-08-20 21:00:00
1787261400000,2314.0,2321.76,2313.42,2317.83,16396.08,2026-08-20 21:30:00
1787263200000,2317.84,2318.53,2305.13,2313.9,47391.093,2026-08-20 22:00:00
1787265000000,2313.9,2317.86,2309.2,2313.25,16949.456,2026-08-20 22:30:00
1787266800000,2313.25,2340.13,2312.03,2330.61,64292.705,2026-08-20 23:00:00
1787268600000,2330.6,2333.87,2322.54,2326.16,36016.283,2026-08-20 23:30:00
1787270400000,2326.15,2348.57,2324.3,2337.0,101651.064,2026-08-21 00:00:00
1787272200000,2337.0,2351.68,2331.28,2339.98,99708.748,2026-08-21 00:30:00
1787274000000,2339.98,2368.09,2337.24,2352.43,161523.506,2026-08-21 01:00:00
1787275800000,2352.44,2380.53,2347.68,2358.77,225397.622,2026-08-21 01:30:00
1787277600000,2358.77,2362.58,2341.8,2358.64,133546.481,2026-08-21 02:00:00
1787279400000,2358.63,2364.72,2343.28,2344.71,81817.853,2026-08-21 02:30:00
1787281200000,2344.71,2349.45,2335.63,2348.62,64194.799,2026-08-21 03:00:00
1787283000000,2348.62,2353.85,2339.4,2340.04,50432.867,2026-08-21 03:30:00
1787284800000,2340.04,2349.99,2340.04,2344.02,38090.315,2026-08-21 04:00:00
1787286600000,2344.01,2355.17,2342.48,2353.5,39112.593,2026-08-21 04:30:00
1787288400000,2353.49,2361.84,2348.32,2352.66,67889.846,2026-08-21 05:00:00
1787290200000,2352.66,2368.38,2350.24,2367.44,68273.111,2026-08-21 05:30:00
1787292000000,2367.43,2378.57,2354.02,2359.73,133610.63,2026-08-21 06:00:00
1787293800000,2359.72,2383.96,2359.42,2371.54,115249.476,2026-08-21 06:30:00
1787295600000,2371.53,2398.47,2369.84,2380.96,220291.916,2026-08-21 07:00:00
1787297400000,2380.96,2388.48,2368.0,2371.52,137192.997,2026-08-21 07:30:00
1787299200000,2371.52,2391.66,2370.22,2386.91,124823.12,2026-08-21 08:00:00
1787301000000,2386.92,2449.95,2385.7,2445.05,482650.977,2026-08-21 08:30:00
1787302800000,2445.05,2447.0,2375.39,2389.01,499945.074,2026-08-21 09:00:00
1787304600000,2389.01,2416.88,2385.33,2403.8,137185.556,2026-08-21 09:30:00
1787306400000,2403.79,2411.99,2390.3,2399.75,80323.695,2026-08-21 10:00:00
1787308200000,2399.75,2405.45,2391.11,2395.0,52183.899,2026-08-21 10:30:00
1787310000000,2395.0,2399.14,2372.72,2385.7,153702.705,2026-08-21 11:00:00
1787311800000,2385.7,2386.67,2355.7,2370.65,179841.665,2026-08-21 11:30:00
1787313600000,2370.65,2379.99,2365.2,2374.9,59735.669,2026-08-21 12:00:00
1787315400000,2374.9,2398.0,2372.7,2387.95,114376.46,2026-08-21 12:30:00
1787317200000,2387.95,2395.99,2381.1,2386.09,56419.255,2026-08-21 13:00:00
1787319000000,2386.08,2406.92,2367.14,2387.0,232909.089,2026-08-21 13:30:00
1787320800000,2387.01,2392.0,2368.6,2391.77,156398.027,2026-08-21 14:00:00
1787322600000,2391.76,2397.0,2375.0,2392.98,91498.613,2026-08-21 14:30:00
1787324400000,2392.99,2407.98,2390.58,2397.89,92126.112,2026-08-21 15:00:00
1787326200000,2397.89,2403.0,2391.77,2393.07,47791.732,2026-08-21 15:30:00
1787328000000,2393.07,2402.76,2383.17,2402.37,86842.6,2026-08-21 16:00:00
1787329800000,2402.37,2413.73,2398.08,2405.33,77502.057,2026-08-21 16:30:00
1787331600000,2405.34,2423.02,2401.0,2415.82,127861.484,2026-08-21 17:00:00
1787333400000,2415.82,2427.18,2413.53,2422.8,92249.18,2026-08-21 17:30:00
1787335200000,2422.81,2431.99,2416.0,2423.71,60437.149,2026-08-21 18:00:00
1787337000000,2423.72,2425.74,2394.8,2419.56,140188.95,2026-08-21 18:30:00
1787338800000,2419.56,2420.1,2406.48,2417.6,55343.685,2026-08-21 19:00:00
1787340600000,2417.61,2419.37,2411.55,2412.36,29576.449,2026-08-21 19:30:00
1787342400000,2412.38,2447.32,2407.5,2444.54,138390.55,2026-08-21 20:00:00
1787344200000,2444.55,2444.55,2426.3,2440.09,60221.846,2026-08-21 20:30:00
1787346000000,2440.1,2489.74,2433.7,2479.75,237597.669,2026-08-21 21:00:00
1787347800000,2479.75,2522.96,2476.21,2513.35,248702.659,2026-08-21 21:30:00
1787349600000,2513.35,2548.91,2506.77,2534.2,258033.729,2026-08-21 22:00:00
1787351400000,2534.21,2536.0,2510.53,2521.99,127852.63,2026-08-21 22:30:00
1787353200000,2522.0,2549.34,2515.02,2525.69,116482.289,2026-08-21 23:00:00
1787355000000,2525.69,2531.44,2508.17,2515.9,87187.747,2026-08-21 23:30:00
1787356800000,2515.91,2523.18,2490.38,2506.26,124675.446,2026-08-22 00:00:00
1787358600000,2506.25,2524.0,2503.36,2521.44,71774.861,2026-08-22 00:30:00
1787360400000,2521.45,2529.48,2515.01,2517.51,67443.095,2026-08-22 01:00:00
1787362200000,2517.52,2527.55,2506.2,2506.4,53949.74,2026-08-22 01:30:00
1787364000000,2506.39,2522.78,2503.22,2518.62,55498.594,2026-08-22 02:00:00
1787365800000,2518.62,2521.82,2495.11,2515.63,74149.683,2026-08-22 02:30:00
1787367600000,2515.63,2526.42,2511.89,2519.44,65988.412,2026-08-22 03:00:00
1787369400000,2519.44,2523.77,2513.09,2514.33,40140.877,2026-08-22 03:30:00
1787371200000,2514.33,2519.9,2505.57,2516.64,54790.822,2026-08-22 04:00:00
1787373000000,2516.64,2529.77,2513.01,2514.0,94105.322,2026-08-22 04:30:00
1787374800000,2514.0,2517.89,2380.25,2437.37,669125.988,2026-08-22 05:00:00
1787376600000,2437.37,2449.59,2422.01,2439.4,136464.569,2026-08-22 05:30:00
1787378400000,2439.38,2443.0,2426.34,2429.4,65337.619,2026-08-22 06:00:00
1787380200000,2429.4,2439.73,2410.7,2437.11,103911.112,2026-08-22 06:30:00
1787382000000,2437.11,2447.09,2426.0,2441.15,73513.449,2026-08-22 07:00:00
1787383800000,2441.15,2441.42,2430.77,2432.46,28568.247,2026-08-22 07:30:00
1787385600000,2432.46,2441.37,2423.0,2425.83,55720.321,2026-08-22 08:00:00
1787387400000,2425.83,2426.58,2411.0,2425.51,80109.91,2026-08-22 08:30:00
1787389200000,2425.51,2429.0,2412.4,2424.89,41928.71,2026-08-22 09:00:00
1787391000000,2424.89,2426.26,2413.51,2421.75,34971.722,2026-08-22 09:30:00
1787392800000,2421.75,2422.5,2386.01,2407.16,187833.532,2026-08-22 10:00:00
1787394600000,2407.1,2417.68,2403.0,2412.53,56766.717,2026-08-22 10:30:00
1787396400000,2412.53,2415.92,2405.03,2414.34,35981.709,2026-08-22 11:00:00
1787398200000,2414.34,2426.64,2412.93,2423.7,46631.596,2026-08-22 11:30:00
1787400000000,2423.71,2437.82,2418.65,2435.01,68751.728,2026-08-22 12:00:00
1787401800000,2435.01,2437.29,2426.65,2427.5,27741.611,2026-08-22 12:30:00
1787403600000,2427.5,2429.74,2421.68,2425.86,28097.45,2026-08-22 13:00:00
1787405400000,2425.87,2433.0,2420.09,2429.79,23701.003,2026-08-22 13:30:00
1787407200000,2429.8,2431.6,2410.0,2420.34,56869.936,2026-08-22 14:00:00
1787409000000,2420.34,2424.29,2408.34,2413.47,35871.257,2026-08-22 14:30:00
1787410800000,2413.46,2416.5,2405.02,2411.01,33741.237,2026-08-22 15:00:00
1787412600000,2411.0,2415.0,2409.11,2410.81,19090.923,2026-08-22 15:30:00
1787414400000,2410.81,2422.97,2408.86,2420.27,37205.987,2026-08-22 16:00:00
1787416200000,2420.27,2430.76,2419.02,2422.27,39034.5,2026-08-22 16:30:00
1787418000000,2422.26,2429.66,2417.07,2418.92,23449.04,2026-08-22 17:00:00
1787419800000,2418.93,2431.68,2418.93,2426.11,21077.042,2026-08-22 17:30:00
1787421600000,2426.11,2434.95,2424.72,2430.67,20296.837,2026-08-22 18:00:00
1787423400000,2430.68,2434.0,2421.31,2426.72,24999.469,2026-08-22 18:30:00
1787425200000,2426.67,2431.08,2423.47,2427.79,10318.512,2026-08-22 19:00:00
1787427000000,2427.79,2444.65,2427.79,2438.22,45128.357,2026-08-22 19:30:00
1787428800000,2438.22,2443.48,2435.66,2437.0,14574.323,2026-08-22 20:00:00
1787430600000,2437.01,2438.75,2427.39,2430.89,19896.12,2026-08-22 20:30:00
1787432400000,2430.89,2431.12,2411.27,2420.84,40867.802,2026-08-22 21:00:00
1787434200000,2420.84,2422.13,2401.39,2406.68,41313.478,2026-08-22 21:30:00
1787436000000,2406.68,2424.62,2403.47,2422.41,32395.891,2026-08-22 22:00:00
1787437800000,2422.42,2423.08,2407.44,2413.55,25291.488,2026-08-22 22:30:00
1787439600000,2413.59,2419.55,2410.03,2416.96,12264.768,2026-08-22 23:00:00
1787441400000,2416.96,2426.53,2414.75,2421.74,16593.456,2026-08-22 23:30:00
1787443200000,2421.73,2429.6,2418.79,2426.13,27572.012,2026-08-23 00:00:00
1787445000000,2426.12,2435.6,2425.22,2430.55,43789.843,2026-08-23 00:30:00
1787446800000,2430.55,2432.65,2423.35,2429.28,27367.504,2026-08-23 01:00:00
1787448600000,2429.28,2432.46,2419.26,2422.45,31856.514,2026-08-23 01:30:00
1787450400000,2422.48,2423.98,2407.49,2415.35,53481.138,2026-08-23 02:00:00
1787452200000,2415.36,2423.8,2414.77,2416.53,22466.009,2026-08-23 02:30:00
1787454000000,2416.53,2418.93,2411.38,2412.89,18014.633,2026-08-23 03:00:00
1787455800000,2412.89,2414.58,2408.0,2413.71,29904.501,2026-08-23 03:30:00
1787457600000,2413.72,2417.0,2401.04,2410.2,60434.511,2026-08-23 04:00:00
1787459400000,2410.2,2410.63,2371.0,2378.42,244936.106,2026-08-23 04:30:00
1787461200000,2378.42,2387.64,2355.06,2380.05,269437.809,2026-08-23 05:00:00
1787463000000,2380.05,2384.17,2372.53,2373.11,52509.361,2026-08-23 05:30:00
1787464800000,2373.11,2393.65,2369.0,2389.92,100468.064,2026-08-23 06:00:00
1787466600000,2389.91,2397.19,2385.61,2389.56,54461.911,2026-08-23 06:30:00
1787468400000,2389.56,2397.12,2387.34,2392.73,32435.108,2026-08-23 07:00:00
1787470200000,2392.72,2393.0,2386.0,2388.55,24538.722,2026-08-23 07:30:00
1787472000000,2388.54,2414.54,2386.27,2406.69,108317.824,2026-08-23 08:00:00
1787473800000,2406.69,2427.96,2406.69,2412.87,107816.552,2026-08-23 08:30:00
1787475600000,2412.88,2416.56,2406.94,2411.26,34207.855,2026-08-23 09:00:00
1787477400000,2411.25,2416.29,2403.86,2411.45,34382.185,2026-08-23 09:30:00
1787479200000,2411.45,2422.0,2411.05,2413.89,32502.118,2026-08-23 10:00:00
1787481000000,2413.9,2418.18,2412.43,2415.36,20134.494,2026-08-23 10:30:00
1787482800000,2415.35,2433.66,2414.88,2427.23,73346.793,2026-08-23 11:00:00
1787484600000,2427.22,2438.92,2425.81,2433.38,77815.903,2026-08-23 11:30:00
1787486400000,2433.38,2433.39,2418.34,2422.81,51556.995,2026-08-23 12:00:00
1787488200000,2422.81,2429.27,2422.67,2426.72,20303.593,2026-08-23 12:30:00
1787490000000,2426.73,2485.35,2426.72,2454.25,282036.693,2026-08-23 13:00:00
1787491800000,2454.25,2459.97,2448.59,2459.25,84093.903,2026-08-23 13:30:00
1787493600000,2459.26,2470.17,2452.43,2456.16,89748.28,2026-08-23 14:00:00
1787495400000,2456.15,2457.25,2385.78,2438.1,310975.499,2026-08-23 14:30:00
1787497200000,2438.09,2440.46,2420.19,2436.25,94466.24,2026-08-23 15:00:00
1787499000000,2436.25,2451.96,2434.3,2437.95,68273.462,2026-08-23 15:30:00
1787500800000,2437.96,2446.0,2437.96,2445.71,26085.48,2026-08-23 16:00:00
1787502600000,2445.71,2458.67,2444.0,2449.71,53772.973,2026-08-23 16:30:00
1787504400000,2449.71,2453.47,2430.07,2440.29,80483.004,2026-08-23 17:00:00
1787506200000,2440.29,2445.71,2433.02,2439.53,36627.959,2026-08-23 17:30:00
1787508000000,2439.52,2448.74,2433.6,2445.83,30224.835,2026-08-23 18:00:00
1787509800000,2445.83,2448.63,2443.3,2447.49,15283.541,2026-08-23 18:30:00
1787511600000,2447.49,2449.47,2440.21,2441.86,13136.3,2026-08-23 19:00:00
1787513400000,2441.85,2455.22,2436.12,2444.0,27476.885,2026-08-23 19:30:00
1787515200000,2444.01,2448.59,2435.12,2444.93,23293.899,2026-08-23 20:00:00
1787517000000,2444.93,2449.5,2444.93,2449.19,10401.229,2026-08-23 20:30:00
1787518800000,2449.18,2479.0,2449.18,2475.89,122986.985,2026-08-23 21:00:00
1787520600000,2475.89,2484.86,2458.5,2469.1,104419.147,2026-08-23 21:30:00
1787522400000,2469.1,2473.97,2453.74,2459.57,49475.954,2026-08-23 22:00:00
1787524200000,2459.55,2462.59,2450.45,2454.38,27485.797,2026-08-23 22:30:00
1787526000000,2454.38,2459.55,2440.21,2457.55,45548.408,2026-08-23 23:00:00
1787527800000,2457.54,2471.0,2447.8,2462.67,56679.154,2026-08-23 23:30:00
1787529600000,2462.66,2463.37,2442.93,2450.45,45681.41,2026-08-24 00:00:00
1787531400000,2450.46,2465.4,2441.23,2464.6,57276.08,2026-08-24 00:30:00
1787533200000,2464.61,2466.56,2441.15,2444.24,60727.828,2026-08-24 01:00:00
1787535000000,2444.23,2449.28,2426.1,2428.74,87254.578,2026-08-24 01:30:00
1787536800000,2428.73,2449.6,2423.0,2446.69,78095.617,2026-08-24 02:00:00
1787538600000,2446.7,2451.74,2433.1,2442.99,47594.017,2026-08-24 02:30:00
1787540400000,2443.0,2444.42,2431.92,2433.4,34087.574,2026-08-24 03:00:00
1787542200000,2433.4,2440.56,2424.76,2430.13,45356.662,2026-08-24 03:30:00
1787544000000,2430.12,2446.63,2430.04,2445.23,35047.21,2026-08-24 04:00:00
1787545800000,2445.22,2445.97,2427.35,2437.29,42733.629,2026-08-24 04:30:00
1787547600000,2437.3,2459.73,2432.81,2449.67,90044.985,2026-08-24 05:00:00
1787549400000,2449.67,2451.93,2437.42,2448.22,51274.686,2026-08-24 05:30:00
1787551200000,2448.23,2457.8,2443.48,2453.07,45885.454,2026-08-24 06:00:00
1787553000000,2453.08,2463.64,2444.41,2455.81,55102.054,2026-08-24 06:30:00
1787554800000,2455.82,2474.0,2454.57,2461.05,80543.668,2026-08-24 07:00:00
1787556600000,2461.05,2461.05,2450.48,2453.87,43912.99,2026-08-24 07:30:00
1787558400000,2453.88,2458.5,2435.02,2439.06,78513.248,2026-08-24 08:00:00
1787560200000,2439.06,2456.08,2438.51,2453.63,53882.078,2026-08-24 08:30:00
1787562000000,2453.63,2462.68,2452.43,2459.2,54821.106,2026-08-24 09:00:00
1787563800000,2459.21,2464.48,2458.05,2462.04,27373.571,2026-08-24 09:30:00
1787565600000,2462.04,2492.68,2461.05,2471.33,211764.712,2026-08-24 10:00:00
1787567400000,2471.33,2477.35,2460.8,2464.38,73946.258,2026-08-24 10:30:00
1787569200000,2464.39,2472.84,2453.02,2471.29,77701.295,2026-08-24 11:00:00
1787571000000,2471.3,2508.6,2470.45,2493.54,247253.174,2026-08-24 11:30:00
1787572800000,2493.54,2493.85,2473.57,2492.53,96490.314,2026-08-24 12:00:00
1787574600000,2492.54,2519.93,2486.48,2511.66,202464.434,2026-08-24 12:30:00
1787576400000,2511.67,2519.94,2500.11,2506.2,139875.699,2026-08-24 13:00:00
1787578200000,2506.19,2506.32,2474.62,2492.81,238838.881,2026-08-24 13:30:00
1787580000000,2492.8,2527.68,2490.5,2516.04,225209.507,2026-08-24 14:00:00
1787581800000,2516.03,2531.4,2506.88,2514.8,186022.857,2026-08-24 14:30:00
1787583600000,2514.79,2533.32,2509.41,2524.3,121266.496,2026-08-24 15:00:00
1787585400000,2524.3,2524.46,2477.85,2486.95,252289.616,2026-08-24 15:30:00
1787587200000,2486.94,2506.37,2485.0,2498.63,121512.867,2026-08-24 16:00:00
1787589000000,2498.62,2500.42,2466.56,2477.29,135934.291,2026-08-24 16:30:00
1787590800000,2477.3,2483.81,2453.1,2457.59,233215.676,2026-08-24 17:00:00
1787592600000,2457.6,2469.74,2455.74,2468.27,71882.505,2026-08-24 17:30:00
1787594400000,2468.26,2483.4,2468.15,2478.73,68848.147,2026-08-24 18:00:00
1787596200000,2478.73,2481.82,2466.26,2473.4,42797.055,2026-08-24 18:30:00
1787598000000,2473.4,2476.96,2461.01,2469.73,57503.072,2026-08-24 19:00:00
1787599800000,2469.72,2473.99,2463.53,2470.43,28200.055,2026-08-24 19:30:00
1787601600000,2470.43,2474.87,2464.61,2467.7,20066.014,2026-08-24 20:00:00
1787603400000,2467.7,2478.29,2465.16,2474.33,19112.017,2026-08-24 20:30:00
1787605200000,2474.32,2483.63,2474.32,2480.8,22467.304,2026-08-24 21:00:00
1787607000000,2480.8,2489.89,2479.0,2482.95,20325.552,2026-08-24 21:30:00
1787608800000,2482.95,2484.72,2474.31,2476.82,14057.951,2026-08-24 22:00:00
1787610600000,2476.81,2483.96,2471.2,2473.53,17352.891,2026-08-24 22:30:00
1787612400000,2473.53,2484.03,2469.5,2481.91,17186.425,2026-08-24 23:00:00
1787614200000,2481.9,2486.51,2476.0,2481.08,24995.0,2026-08-24 23:30:00
1787616000000,2481.08,2483.86,2470.94,2478.21,33778.137,2026-08-25 00:00:00
1787617800000,2478.2,2504.53,2475.59,2492.51,115395.64,2026-08-25 00:30:00
1787619600000,2492.5,2504.53,2483.68,2497.54,66694.009,2026-08-25 01:00:00
1787621400000,2497.54,2501.53,2488.16,2495.09,39641.601,2026-08-25 01:30:00
1787623200000,2495.1,2532.45,2491.45,2528.66,149722.379,2026-08-25 02:00:00
1787625000000,2528.66,2531.45,2501.0,2506.62,142447.265,2026-08-25 02:30:00
1787626800000,2506.62,2513.82,2503.35,2504.82,60371.883,2026-08-25 03:00:00
1787628600000,2504.82,2508.78,2487.3,2498.3,89868.537,2026-08-25 03:30:00
1787630400000,2498.31,2503.34,2490.9,2493.63,49494.864,2026-08-25 04:00:00
1787632200000,2493.63,2497.19,2487.72,2494.0,47235.33,2026-08-25 04:30:00
1787634000000,2494.01,2511.36,2492.82,2507.95,56523.178,2026-08-25 05:00:00
1787635800000,2507.95,2510.87,2504.19,2507.74,44939.685,2026-08-25 05:30:00
1787637600000,2507.74,2514.75,2506.0,2509.4,30985.775,2026-08-25 06:00:00
1787639400000,2509.4,2509.4,2494.62,2499.97,53276.505,2026-08-25 06:30:00
1787641200000,2499.98,2512.77,2499.15,2503.67,41761.831,2026-08-25 07:00:00
1787643000000,2503.66,2503.66,2462.57,2477.97,199810.414,2026-08-25 07:30:00
1787644800000,2477.97,2497.35,2473.44,2492.76,88636.367,2026-08-25 08:00:00
1787646600000,2492.77,2495.28,2480.11,2484.33,51430.465,2026-08-25 08:30:00
1787648400000,2484.34,2491.32,2478.23,2486.33,35190.185,2026-08-25 09:00:00
1787650200000,2486.34,2490.47,2461.71,2473.95,88830.525,2026-08-25 09:30:00
1787652000000,2473.94,2479.65,2468.89,2475.23,36945.801,2026-08-25 10:00:00
1787653800000,2475.24,2487.24,2473.6,2480.85,30202.453,2026-08-25 10:30:00
1787655600000,2480.86,2483.27,2473.68,2477.5,39004.062,2026-08-25 11:00:00
1787657400000,2477.5,2486.23,2476.43,2477.35,36081.733,2026-08-25 11:30:00
1787659200000,2477.35,2480.89,2457.04,2467.32,118933.101,2026-08-25 12:00:00
1787661000000,2467.32,2476.02,2459.65,2473.0,53228.827,2026-08-25 12:30:00
1787662800000,2473.01,2475.67,2453.8,2457.01,90043.615,2026-08-25 13:00:00
1787664600000,2457.01,2476.52,2437.84,2460.33,221197.127,2026-08-25 13:30:00
1787666400000,2460.32,2480.36,2453.52,2474.79,117419.551,2026-08-25 14:00:00
1787668200000,2474.79,2483.34,2469.34,2475.99,66749.33,2026-08-25 14:30:00
1787670000000,2476.0,2477.0,2465.0,2473.55,63795.966,2026-08-25 15:00:00
1787671800000,2473.55,2482.59,2469.24,2481.54,49342.876,2026-08-25 15:30:00
1787673600000,2481.54,2484.99,2465.0,2471.0,64528.268,2026-08-25 16:00:00
1787675400000,2471.0,2478.49,2468.02,2469.68,29548.146,2026-08-25 16:30:00
1787677200000,2469.67,2470.33,2454.84,2457.35,76489.795,2026-08-25 17:00:00
1787679000000,2457.35,2470.32,2457.35,2469.76,34569.154,2026-08-25 17:30:00
1787680800000,2469.77,2473.86,2469.0,2471.88,24951.976,2026-08-25 18:00:00
1787682600000,2471.87,2471.88,2463.05,2466.29,26687.913,2026-08-25 18:30:00
1787684400000,2466.29,2468.98,2461.24,2461.43,17623.966,2026-08-25 19:00:00
1787686200000,2461.43,2463.13,2454.84,2462.16,30583.747,2026-08-25 19:30:00
1787688000000,2462.15,2463.27,2445.01,2455.29,41952.324,2026-08-25 20:00:00
1787689800000,2455.28,2455.87,2433.1,2435.56,89693.541,2026-08-25 20:30:00
1787691600000,2435.55,2440.69,2413.56,2433.0,155972.887,2026-08-25 21:00:00
1787693400000,2433.0,2443.0,2431.36,2441.04,52562.859,2026-08-25 21:30:00
1787695200000,2441.04,2452.4,2441.04,2445.53,42599.4,2026-08-25 22:00:00
1787697000000,2445.53,2454.88,2443.3,2452.94,21166.265,2026-08-25 22:30:00
1787698800000,2452.94,2456.03,2447.81,2451.48,22046.432,2026-08-25 23:00:00
1787700600000,2451.48,2451.52,2436.0,2441.9,38371.839,2026-08-25 23:30:00
1787702400000,2441.9,2444.81,2434.56,2443.03,38317.646,2026-08-26 00:00:00
1787704200000,2443.03,2449.92,2436.39,2445.39,30975.661,2026-08-26 00:30:00
1787706000000,2445.4,2458.96,2444.28,2452.38,43014.665,2026-08-26 01:00:00
1787707800000,2452.39,2461.68,2452.22,2455.24,30231.199,2026-08-26 01:30:00
1787709600000,2455.25,2467.75,2453.15,2466.98,47064.689,2026-08-26 02:00:00
1787711400000,2466.99,2469.99,2463.6,2464.56,42338.499,2026-08-26 02:30:00
1787713200000,2464.56,2467.4,2459.23,2462.62,31138.779,2026-08-26 03:00:00
1787715000000,2462.61,2467.5,2457.24,2464.81,34697.792,2026-08-26 03:30:00
1787716800000,2464.82,2471.94,2461.27,2465.37,33526.545,2026-08-26 04:00:00
1787718600000,2465.37,2466.5,2454.1,2456.04,39887.771,2026-08-26 04:30:00
1787720400000,2456.04,2463.49,2450.36,2462.15,47966.997,2026-08-26 05:00:00
1787722200000,2462.13,2467.27,2460.3,2463.71,29223.996,2026-08-26 05:30:00
1787724000000,2463.72,2466.38,2453.52,2456.03,32659.357,2026-08-26 06:00:00
1787725800000,2456.02,2460.76,2452.6,2459.16,38993.634,2026-08-26 06:30:00
1787727600000,2459.15,2467.6,2456.43,2462.3,32004.449,2026-08-26 07:00:00
1787729400000,2462.31,2465.9,2460.01,2460.5,23058.693,2026-08-26 07:30:00
1787731200000,2460.51,2468.39,2456.98,2461.59,36646.089,2026-08-26 08:00:00
1787733000000,2461.59,2463.38,2452.36,2455.58,33126.263,2026-08-26 08:30:00
1787734800000,2455.59,2459.91,2444.44,2449.88,70099.247,2026-08-26 09:00:00
1787736600000,2449.87,2452.61,2441.76,2447.24,45633.087,2026-08-26 09:30:00
1787738400000,2447.24,2454.23,2444.01,2453.76,33139.199,2026-08-26 10:00:00
1787740200000,2453.76,2474.75,2453.32,2467.68,112889.813,2026-08-26 10:30:00
1787742000000,2467.68,2472.0,2463.68,2464.85,35419.782,2026-08-26 11:00:00
1787743800000,2464.85,2467.79,2455.29,2461.86,53895.649,2026-08-26 11:30:00
1787745600000,2461.86,2470.95,2456.09,2469.8,54297.398,2026-08-26 12:00:00
1787747400000,2469.81,2470.02,2443.0,2454.14,139603.376,2026-08-26 12:30:00
1787749200000,2454.15,2457.5,2437.0,2443.68,124739.272,2026-08-26 13:00:00
1787751000000,2443.68,2462.92,2442.83,2456.28,124205.937,2026-08-26 13:30:00
1787752800000,2456.34,2461.0,2447.45,2449.44,56156.217,2026-08-26 14:00:00
1787754600000,2449.43,2451.84,2437.34,2438.57,83930.986,2026-08-26 14:30:00
1787756400000,2438.58,2454.36,2431.01,2453.18,127688.494,2026-08-26 15:00:00
1787758200000,2453.19,2453.89,2439.41,2448.93,48071.438,2026-08-26 15:30:00
1787760000000,2448.93,2454.66,2446.21,2448.25,33265.903,2026-08-26 16:00:00
1787761800000,2448.24,2452.94,2437.01,2443.46,54519.195,2026-08-26 16:30:00
1787763600000,2443.46,2462.93,2442.83,2461.9,60994.748,2026-08-26 17:00:00
1787765400000,2461.9,2466.87,2454.55,2459.64,57839.015,2026-08-26 17:30:00
1787767200000,2459.64,2472.0,2457.5,2461.78,50744.849,2026-08-26 18:00:00
1787769000000,2461.78,2473.62,2461.19,2471.62,40857.032,2026-08-26 18:30:00
1787770800000,2471.63,2483.41,2468.0,2479.17,64338.55,2026-08-26 19:00:00
1787772600000,2479.17,2479.69,2466.63,2469.51,42191.878,2026-08-26 19:30:00
1787774400000,2469.5,2473.7,2458.91,2467.93,41702.769,2026-08-26 20:00:00
1787776200000,2467.94,2472.0,2463.01,2471.25,18039.869,2026-08-26 20:30:00
1787778000000,2471.24,2504.99,2469.4,2499.46,125945.613,2026-08-26 21:00:00
1787779800000,2499.46,2500.46,2490.48,2495.74,38709.138,2026-08-26 21:30:00
1787781600000,2495.73,2514.37,2493.38,2505.4,85425.462,2026-08-26 22:00:00
1787783400000,2505.4,2505.83,2488.36,2492.62,49333.62,2026-08-26 22:30:00
1787785200000,2492.62,2499.9,2487.27,2498.01,35589.659,2026-08-26 23:00:00
1787787000000,2498.02,2511.47,2496.94,2505.65,72819.566,2026-08-26 23:30:00
1787788800000,2505.66,2509.93,2497.86,2499.99,47426.563,2026-08-27 00:00:00
1787790600000,2499.99,2500.86,2490.5,2490.92,34037.846,2026-08-27 00:30:00
1787792400000,2490.91,2504.68,2486.18,2502.12,62872.218,2026-08-27 01:00:00
1787794200000,2502.12,2504.97,2491.65,2497.0,67146.869,2026-08-27 01:30:00
1787796000000,2496.99,2504.0,2493.42,2495.15,33544.451,2026-08-27 02:00:00
1787797800000,2495.15,2497.58,2492.3,2493.87,15831.416,2026-08-27 02:30:00
1787799600000,2493.86,2498.16,2488.13,2496.76,43576.585,2026-08-27 03:00:00
1787801400000,2496.75,2497.34,2487.84,2492.28,38075.084,2026-08-27 03:30:00
1787803200000,2492.28,2494.74,2490.45,2490.88,14405.98,2026-08-27 04:00:00
1787805000000,2490.87,2490.87,2483.01,2486.39,48659.555,2026-08-27 04:30:00
1787806800000,2486.38,2490.68,2482.52,2484.19,39828.731,2026-08-27 05:00:00
1787808600000,2484.19,2497.0,2480.56,2495.46,48355.661,2026-08-27 05:30:00
1787810400000,2495.45,2495.45,2483.36,2484.89,31101.608,2026-08-27 06:00:00
1787812200000,2484.9,2492.43,2484.87,2491.88,19995.325,2026-08-27 06:30:00
1787814000000,2491.88,2494.34,2487.66,2489.65,20927.303,2026-08-27 07:00:00
1787815800000,2489.65,2498.1,2489.34,2495.92,32633.357,2026-08-27 07:30:00
1787817600000,2495.93,2537.48,2495.93,2533.28,283024.653,2026-08-27 08:00:00
1787819400000,2533.27,2545.88,2525.66,2529.91,194849.988,2026-08-27 08:30:00
1787821200000,2529.92,2566.26,2524.23,2553.33,256807.333,2026-08-27 09:00:00
1787823000000,2553.34,2555.48,2531.51,2534.03,125369.319,2026-08-27 09:30:00
1787824800000,2534.03,2539.29,2484.16,2509.56,261757.036,2026-08-27 10:00:00
1787826600000,2509.55,2512.0,2495.55,2502.95,111500.68,2026-08-27 10:30:00
1787828400000,2502.95,2509.23,2498.0,2500.24,60570.996,2026-08-27 11:00:00
1787830200000,2500.24,2504.5,2491.0,2500.69,60421.772,2026-08-27 11:30:00
1787832000000,2500.68,2506.28,2498.42,2504.73,32983.563,2026-08-27 12:00:00
1787833800000,2504.72,2504.73,2490.05,2494.25,43894.653,2026-08-27 12:30:00
1787835600000,2494.25,2505.85,2493.89,2502.02,43770.878,2026-08-27 13:00:00
1787837400000,2502.01,2502.02,2481.57,2495.29,145689.344,2026-08-27 13:30:00
1787839200000,2495.29,2508.32,2487.58,2507.41,120740.435,2026-08-27 14:00:00
1787841000000,2507.4,2523.3,2503.39,2516.15,153075.747,2026-08-27 14:30:00
1787842800000,2516.14,2529.32,2512.2,2521.98,100908.611,2026-08-27 15:00:00
1787844600000,2521.99,2530.48,2513.61,2520.45,73383.515,2026-08-27 15:30:00
1787846400000,2520.46,2527.0,2515.0,2520.93,56301.824,2026-08-27 16:00:00
1787848200000,2520.93,2532.0,2517.33,2521.11,56710.291,2026-08-27 16:30:00
1787850000000,2521.11,2533.15,2514.3,2523.08,61660.143,2026-08-27 17:00:00
1787851800000,2523.08,2526.0,2514.54,2517.29,34430.917,2026-08-27 17:30:00
1787853600000,2517.3,2517.63,2487.32,2492.6,140787.702,2026-08-27 18:00:00
1787855400000,2492.6,2506.01,2490.01,2505.78,48543.35,2026-08-27 18:30:00
1787857200000,2505.78,2511.28,2504.0,2510.49,36696.525,2026-08-27 19:00:00
1787859000000,2510.5,2513.06,2496.23,2496.78,38402.712,2026-08-27 19:30:00
1787860800000,2496.78,2504.8,2493.69,2502.12,28366.776,2026-08-27 20:00:00
1787862600000,2502.11,2507.03,2500.66,2506.75,14924.565,2026-08-27 20:30:00
1787864400000,2506.75,2508.48,2499.2,2500.81,15905.945,2026-08-27 21:00:00
1787866200000,2500.82,2503.9,2497.93,2503.18,17080.487,2026-08-27 21:30:00
1787868000000,2503.18,2516.32,2503.17,2511.75,29290.761,2026-08-27 22:00:00
1787869800000,2511.76,2514.62,2509.28,2514.01,13838.506,2026-08-27 22:30:00
1787871600000,2514.0,2517.96,2508.02,2513.01,25474.127,2026-08-27 23:00:00
1787873400000,2513.0,2513.28,2508.02,2509.78,12735.996,2026-08-27 23:30:00
1787875200000,2509.79,2513.06,2504.63,2511.99,24766.674,2026-08-28 00:00:00
1787877000000,2511.98,2518.92,2508.83,2514.48,44914.247,2026-08-28 00:30:00
1787878800000,2514.48,2529.18,2514.24,2527.55,62147.018,2026-08-28 01:00:00
1787880600000,2527.55,2535.35,2506.5,2511.21,131601.515,2026-08-28 01:30:00
1787882400000,2511.2,2511.52,2490.0,2493.59,100077.576,2026-08-28 02:00:00
1787884200000,2493.6,2499.03,2485.0,2491.27,91629.995,2026-08-28 02:30:00
1787886000000,2491.27,2494.7,2485.01,2491.53,47486.821,2026-08-28 03:00:00
1787887800000,2491.53,2493.88,2488.0,2488.98,24766.438,2026-08-28 03:30:00
1787889600000,2488.97,2495.0,2474.0,2489.21,119135.559,2026-08-28 04:00:00
1787891400000,2489.2,2490.0,2482.13,2485.01,31036.733,2026-08-28 04:30:00
1787893200000,2485.0,2490.0,2480.55,2488.97,28967.975,2026-08-28 05:00:00
1787895000000,2488.96,2496.79,2488.36,2492.19,45980.86,2026-08-28 05:30:00
1787896800000,2492.2,2502.71,2492.19,2499.7,50252.994,2026-08-28 06:00:00
1787898600000,2499.7,2504.52,2497.79,2501.85,30457.822,2026-08-28 06:30:00
1787900400000,2501.86,2502.27,2492.5,2497.42,45023.208,2026-08-28 07:00:00
1787902200000,2497.42,2498.21,2494.21,2495.7,25230.971,2026-08-28 07:30:00
1787904000000,2495.7,2503.52,2495.7,2497.01,28995.562,2026-08-28 08:00:00
1787905800000,2497.0,2497.8,2485.51,2487.36,39816.098,2026-08-28 08:30:00
1787907600000,2487.36,2492.29,2482.18,2490.61,38543.267,2026-08-28 09:00:00
1787909400000,2490.61,2492.3,2487.36,2488.87,23324.129,2026-08-28 09:30:00
1787911200000,2488.87,2489.64,2481.05,2488.33,40968.023,2026-08-28 10:00:00
1787913000000,2488.33,2509.07,2488.32,2505.6,67276.027,2026-08-28 10:30:00
1787914800000,2505.6,2510.73,2503.46,2504.5,57475.077,2026-08-28 11:00:00
1787916600000,2504.49,2507.09,2501.03,2504.01,27515.68,2026-08-28 11:30:00
1787918400000,2504.02,2507.71,2498.68,2499.75,31440.791,2026-08-28 12:00:00
1787920200000,2499.75,2500.0,2493.48,2498.14,35479.768,2026-08-28 12:30:00
1787922000000,2498.14,2503.67,2494.04,2497.77,33350.024,2026-08-28 13:00:00
1787923800000,2497.76,2518.8,2495.11,2508.31,100220.183,2026-08-28 13:30:00
1787925600000,2508.31,2525.75,2465.0,2490.61,378483.034,2026-08-28 14:00:00
1787927400000,2490.61,2525.46,2485.13,2511.73,238603.461,2026-08-28 14:30:00
1787929200000,2511.73,2518.56,2501.03,2506.21,79326.128,2026-08-28 15:00:00
1787931000000,2506.21,2507.13,2468.2,2470.83,175580.712,2026-08-28 15:30:00
1787932800000,2470.82,2473.49,2405.17,2429.72,609049.839,2026-08-28 16:00:00
1787934600000,2429.72,2447.1,2428.39,2441.19,154108.737,2026-08-28 16:30:00
1787936400000,2441.18,2447.89,2436.33,2441.79,71349.743,2026-08-28 17:00:00
1787938200000,2441.78,2445.8,2436.5,2442.98,39930.394,2026-08-28 17:30:00
1787940000000,2442.97,2444.27,2428.0,2430.81,63340.721,2026-08-28 18:00:00
1787941800000,2430.81,2432.26,2417.01,2428.0,90628.437,2026-08-28 18:30:00
1787943600000,2428.0,2442.99,2427.87,2437.69,49349.326,2026-08-28 19:00:00
1787945400000,2437.69,2438.2,2430.09,2434.9,25058.552,2026-08-28 19:30:00
1787947200000,2434.9,2435.4,2429.88,2431.67,16223.981,2026-08-28 20:00:00
1787949000000,2431.66,2431.66,2423.27,2426.98,24070.064,2026-08-28 20:30:00
1787950800000,2426.99,2429.32,2423.67,2427.71,12692.156,2026-08-28 21:00:00
1787952600000,2427.71,2431.45,2421.33,2424.12,18743.901,2026-08-28 21:30:00
1787954400000,2424.12,2436.74,2422.0,2433.48,18383.325,2026-08-28 22:00:00
1787956200000,2433.47,2445.0,2432.98,2441.11,29503.116,2026-08-28 22:30:00
1787958000000,2441.12,2441.46,2435.75,2437.21,16195.438,2026-08-28 23:00:00
1787959800000,2437.2,2441.89,2436.28,2441.89,15124.915,2026-08-28 23:30:00
1787961600000,2441.89,2447.99,2441.15,2444.8,24424.996,2026-08-29 00:00:00
1787963400000,2444.8,2444.8,2440.0,2441.55,15894.189,2026-08-29 00:30:00
1787965200000,2441.55,2443.12,2438.1,2443.11,13808.466,2026-08-29 01:00:00
1787967000000,2443.11,2445.0,2441.11,2442.65,10005.623,2026-08-29 01:30:00
1787968800000,2442.65,2443.88,2436.07,2437.57,17348.186,2026-08-29 02:00:00
1787970600000,2437.57,2439.05,2433.35,2437.54,20008.986,2026-08-29 02:30:00
1787972400000,2437.54,2440.42,2436.01,2439.26,11567.993,2026-08-29 03:00:00
1787974200000,2439.27,2440.0,2433.29,2434.22,15494.167,2026-08-29 03:30:00
1787976000000,2434.22,2437.58,2433.59,2437.08,10503.203,2026-08-29 04:00:00
1787977800000,2437.08,2440.34,2436.86,2439.41,11267.71,2026-08-29 04:30:00
1787979600000,2439.41,2441.79,2438.32,2438.92,15723.534,2026-08-29 05:00:00
1787981400000,2438.91,2440.81,2437.24,2438.1,9970.525,2026-08-29 05:30:00
1787983200000,2438.11,2438.11,2428.76,2430.49,36879.723,2026-08-29 06:00:00
1787985000000,2430.49,2434.51,2430.48,2434.23,13833.393,2026-08-29 06:30:00
1787986800000,2434.22,2436.42,2433.15,2434.33,10116.75,2026-08-29 07:00:00
1787988600000,2434.32,2436.91,2433.48,2435.25,11352.93,2026-08-29 07:30:00
1787990400000,2435.25,2435.25,2430.38,2434.79,17702.245,2026-08-29 08:00:00
1787992200000,2434.78,2434.79,2430.08,2433.17,11528.378,2026-08-29 08:30:00
1787994000000,2433.17,2435.68,2432.4,2433.17,10333.514,2026-08-29 09:00:00
1787995800000,2433.17,2436.52,2433.15,2434.51,8375.779,2026-08-29 09:30:00
1787997600000,2434.5,2437.65,2430.56,2435.79,21029.416,2026-08-29 10:00:00
1787999400000,2435.79,2436.0,2433.91,2433.91,6254.367,2026-08-29 10:30:00
1788001200000,2433.91,2437.5,2432.64,2436.69,10262.989,2026-08-29 11:00:00
1788003000000,2436.7,2436.7,2434.29,2434.94,4814.225,2026-08-29 11:30:00
1788004800000,2434.95,2438.4,2433.0,2434.7,10950.323,2026-08-29 12:00:00
1788006600000,2434.71,2435.47,2432.3,2433.65,7411.473,2026-08-29 12:30:00
1788008400000,2433.65,2435.1,2431.45,2433.38,9572.527,2026-08-29 13:00:00
1788010200000,2433.38,2435.5,2432.67,2434.6,5599.649,2026-08-29 13:30:00
1788012000000,2434.6,2436.51,2434.06,2435.18,9096.792,2026-08-29 14:00:00
1788013800000,2435.18,2452.67,2435.05,2447.39,90380.218,2026-08-29 14:30:00
1788015600000,2447.4,2448.27,2440.0,2443.63,33560.749,2026-08-29 15:00:00
1788017400000,2443.63,2445.73,2441.12,2443.57,14036.378,2026-08-29 15:30:00
1788019200000,2443.57,2459.39,2443.57,2446.93,61423.279,2026-08-29 16:00:00
1788021000000,2446.93,2453.64,2444.53,2449.65,26712.974,2026-08-29 16:30:00
1788022800000,2449.64,2454.07,2447.0,2447.19,20022.236,2026-08-29 17:00:00
1788024600000,2447.19,2449.3,2444.17,2449.3,15288.712,2026-08-29 17:30:00
1788026400000,2449.29,2450.66,2444.67,2445.86,9599.787,2026-08-29 18:00:00
1788028200000,2445.86,2454.52,2444.46,2451.14,21065.617,2026-08-29 18:30:00
1788030000000,2451.14,2457.33,2451.13,2456.3,17875.296,2026-08-29 19:00:00
1788031800000,2456.3,2458.9,2450.61,2452.27,14800.67,2026-08-29 19:30:00
1788033600000,2452.27,2457.13,2451.25,2451.84,11577.93,2026-08-29 20:00:00
1788035400000,2451.83,2452.66,2450.34,2451.38,7628.44,2026-08-29 20:30:00
1788037200000,2451.38,2452.74,2447.74,2449.03,10260.337,2026-08-29 21:00:00
1788039000000,2449.02,2451.7,2448.48,2450.37,4072.981,2026-08-29 21:30:00
1788040800000,2450.36,2452.0,2447.72,2449.61,5198.848,2026-08-29 22:00:00
1788042600000,2449.6,2452.0,2449.6,2451.55,2797.506,2026-08-29 22:30:00
1788044400000,2451.56,2455.44,2451.55,2453.88,11507.568,2026-08-29 23:00:00
1788046200000,2453.92,2458.68,2452.19,2456.4,14210.999,2026-08-29 23:30:00
1788048000000,2456.41,2466.9,2453.14,2461.29,45277.098,2026-08-30 00:00:00
1788049800000,2461.29,2464.0,2457.57,2457.64,19600.166,2026-08-30 00:30:00
1788051600000,2457.64,2459.59,2452.1,2453.12,20013.877,2026-08-30 01:00:00
1788053400000,2453.13,2458.37,2452.1,2455.47,15702.22,2026-08-30 01:30:00
1788055200000,2455.47,2457.57,2452.58,2454.44,11387.808,2026-08-30 02:00:00
1788057000000,2454.44,2457.89,2452.77,2453.84,16798.724,2026-08-30 02:30:00
1788058800000,2453.83,2457.87,2453.0,2457.87,8741.506,2026-08-30 03:00:00
1788060600000,2457.87,2459.88,2455.74,2455.95,13780.778,2026-08-30 03:30:00
1788062400000,2455.96,2457.7,2453.31,2454.5,10312.718,2026-08-30 04:00:00
1788064200000,2454.51,2455.01,2450.04,2455.0,19694.308,2026-08-30 04:30:00
1788066000000,2455.01,2459.0,2454.62,2455.0,16735.286,2026-08-30 05:00:00
1788067800000,2454.99,2455.88,2454.21,2455.24,4022.508,2026-08-30 05:30:00
1788069600000,2455.24,2456.8,2454.13,2455.79,5978.549,2026-08-30 06:00:00
1788071400000,2455.79,2460.5,2455.78,2459.9,21217.674,2026-08-30 06:30:00
1788073200000,2459.91,2460.0,2456.73,2456.77,8250.529,2026-08-30 07:00:00
1788075000000,2456.77,2457.99,2453.81,2454.28,15348.243,2026-08-30 07:30:00
1788076800000,2454.28,2458.8,2454.27,2457.5,11839.926,2026-08-30 08:00:00
1788078600000,2457.5,2457.74,2453.19,2455.76,9456.693,2026-08-30 08:30:00
1788080400000,2455.75,2457.0,2451.91,2452.28,11154.754,2026-08-30 09:00:00
1788082200000,2452.28,2454.97,2451.0,2452.56,17994.4,2026-08-30 09:30:00
1788084000000,2452.55,2457.55,2451.34,2454.56,18665.266,2026-08-30 10:00:00
1788085800000,2454.56,2458.86,2454.12,2458.33,13989.897,2026-08-30 10:30:00
1788087600000,2458.32,2460.64,2456.54,2460.0,13130.261,2026-08-30 11:00:00
1788089400000,2460.0,2460.28,2455.38,2458.99,14022.02,2026-08-30 11:30:00
1788091200000,2458.99,2472.76,2458.98,2465.35,102365.378,2026-08-30 12:00:00
1788093000000,2465.36,2468.52,2457.55,2467.99,47271.13,2026-08-30 12:30:00
1788094800000,2467.99,2469.12,2458.99,2465.36,30498.587,2026-08-30 13:00:00
1788096600000,2465.36,2478.77,2463.96,2474.03,66121.641,2026-08-30 13:30:00
1788098400000,2474.03,2478.8,2469.69,2475.42,43109.445,2026-08-30 14:00:00
1788100200000,2475.43,2478.6,2472.2,2475.8,24318.656,2026-08-30 14:30:00
1788102000000,2475.81,2480.71,2470.4,2476.24,43708.446,2026-08-30 15:00:00
1788103800000,2476.24,2483.24,2474.96,2479.68,32235.292,2026-08-30 15:30:00
1788105600000,2479.68,2519.34,2478.0,2512.79,293868.64,2026-08-30 16:00:00
1788107400000,2512.8,2534.48,2511.37,2528.75,199492.631,2026-08-30 16:30:00
1788109200000,2528.75,2528.75,2493.24,2497.49,146752.433,2026-08-30 17:00:00
1788111000000,2497.49,2508.87,2493.68,2504.65,78395.726,2026-08-30 17:30:00
1788112800000,2504.64,2512.92,2495.04,2511.0,50581.394,2026-08-30 18:00:00
1788114600000,2510.99,2516.77,2508.22,2509.73,42383.254,2026-08-30 18:30:00
1788116400000,2509.73,2512.4,2504.33,2505.11,30834.74,2026-08-30 19:00:00
1788118200000,2505.1,2506.39,2495.24,2502.7,34572.369,2026-08-30 19:30:00
1788120000000,2502.7,2507.87,2502.18,2502.53,18983.76,2026-08-30 20:00:00
1788121800000,2502.53,2503.63,2483.01,2489.71,72626.618,2026-08-30 20:30:00
1788123600000,2489.71,2489.72,2457.06,2476.25,159268.721,2026-08-30 21:00:00
1788125400000,2476.25,2482.1,2473.64,2480.59,29401.838,2026-08-30 21:30:00
1788127200000,2480.59,2487.73,2464.0,2466.16,60488.118,2026-08-30 22:00:00
1788129000000,2466.15,2474.32,2458.0,2469.79,51047.782,2026-08-30 22:30:00
1788130800000,2469.79,2469.79,2421.0,2425.71,206182.355,2026-08-30 23:00:00
1788132600000,2425.71,2434.94,2386.0,2415.7,342637.398,2026-08-30 23:30:00
1788134400000,2415.7,2432.56,2404.43,2429.46,130888.02,2026-08-31 00:00:00
1788136200000,2429.45,2438.82,2425.5,2427.29,70357.486,2026-08-31 00:30:00
1788138000000,2427.3,2429.69,2412.45,2419.41,69272.071,2026-08-31 01:00:00
1788139800000,2419.41,2426.0,2408.22,2412.37,66331.898,2026-08-31 01:30:00
1788141600000,2412.37,2424.8,2406.25,2415.93,73711.281,2026-08-31 02:00:00
1788143400000,2415.93,2418.2,2400.63,2407.26,80834.182,2026-08-31 02:30:00
1788145200000,2407.26,2421.45,2404.26,2419.04,55428.758,2026-08-31 03:00:00
1788147000000,2419.04,2423.63,2417.08,2419.8,41878.32,2026-08-31 03:30:00
1788148800000,2419.8,2420.5,2410.0,2411.56,52259.14,2026-08-31 04:00:00
1788150600000,2411.56,2417.7,2410.52,2416.49,42092.907,2026-08-31 04:30:00
1788152400000,2416.5,2441.88,2413.12,2434.32,117055.919,2026-08-31 05:00:00
1788154200000,2434.32,2437.6,2428.08,2434.9,60414.95,2026-08-31 05:30:00
1788156000000,2434.89,2443.97,2430.06,2440.48,67487.406,2026-08-31 06:00:00
1788157800000,2440.48,2443.32,2435.64,2437.31,44598.42,2026-08-31 06:30:00
1788159600000,2437.31,2445.44,2434.44,2441.47,46994.352,2026-08-31 07:00:00
1788161400000,2441.48,2442.0,2437.01,2439.25,23579.806,2026-08-31 07:30:00
1788163200000,2439.25,2444.71,2432.27,2435.19,47246.179,2026-08-31 08:00:00
1788165000000,2435.2,2449.93,2434.43,2444.99,45304.399,2026-08-31 08:30:00
1788166800000,2444.99,2452.69,2442.24,2445.88,59684.148,2026-08-31 09:00:00
1788168600000,2445.88,2456.84,2445.01,2445.53,52594.067,2026-08-31 09:30:00
1788170400000,2445.53,2448.61,2439.65,2447.76,53078.911,2026-08-31 10:00:00
1788172200000,2447.76,2455.68,2444.69,2454.33,44088.678,2026-08-31 10:30:00
1788174000000,2454.33,2456.8,2449.5,2451.01,35876.848,2026-08-31 11:00:00
1788175800000,2451.02,2451.2,2442.37,2445.04,31660.132,2026-08-31 11:30:00
1788177600000,2445.05,2464.0,2443.6,2453.53,119427.486,2026-08-31 12:00:00
1788179400000,2453.53,2457.85,2443.23,2450.68,72314.273,2026-08-31 12:30:00
1788181200000,2450.69,2458.42,2444.12,2449.82,48183.214,2026-08-31 13:00:00
1788183000000,2449.82,2458.09,2435.5,2439.33,115197.59,2026-08-31 13:30:00
1788184800000,2439.33,2448.0,2436.17,2444.75,64391.404,2026-08-31 14:00:00
1788186600000,2444.74,2474.99,2442.77,2466.67,193742.628,2026-08-31 14:30:00
1788188400000,2466.69,2469.98,2456.96,2467.46,66314.987,2026-08-31 15:00:00
1788190200000,2467.46,2478.14,2464.56,2466.52,72518.902,2026-08-31 15:30:00
1788192000000,2466.53,2471.69,2460.62,2463.86,50406.862,2026-08-31 16:00:00
1788193800000,2463.89,2475.6,2462.96,2467.96,37528.248,2026-08-31 16:30:00
1788195600000,2467.95,2472.9,2459.52,2462.77,35529.481,2026-08-31 17:00:00
1788197400000,2462.78,2476.57,2460.98,2474.09,41998.187,2026-08-31 17:30:00
1788199200000,2474.08,2479.63,2468.0,2470.11,48115.572,2026-08-31 18:00:00
1788201000000,2470.11,2489.76,2469.02,2476.84,73554.01,2026-08-31 18:30:00
1788202800000,2476.84,2489.7,2476.83,2484.35,32582.195,2026-08-31 19:00:00
1788204600000,2484.36,2484.82,2476.37,2480.84,27708.547,2026-08-31 19:30:00
1788206400000,2480.85,2485.82,2473.65,2474.91,19170.183,2026-08-31 20:00:00
1788208200000,2474.92,2476.89,2469.0,2471.71,27609.246,2026-08-31 20:30:00
1788210000000,2471.7,2477.5,2466.14,2477.5,26212.997,2026-08-31 21:00:00
1788211800000,2477.51,2482.58,2476.89,2477.33,15744.388,2026-08-31 21:30:00
1788213600000,2477.33,2479.7,2469.31,2470.16,16537.569,2026-08-31 22:00:00
1788215400000,2470.16,2470.93,2466.67,2468.31,16326.114,2026-08-31 22:30:00
1788217200000,2468.3,2468.31,2460.36,2465.3,20071.924,2026-08-31 23:00:00
1788219000000,2465.3,2467.27,2463.34,2466.54,10666.791,2026-08-31 23:30:00
1788220800000,2466.52,2476.98,2464.47,2474.18,43893.247,2026-09-01 00:00:00
1788222600000,2474.18,2475.66,2467.67,2470.86,18711.907,2026-09-01 00:30:00
1788224400000,2470.86,2475.0,2456.39,2460.16,42151.316,2026-09-01 01:00:00
1788226200000,2460.17,2467.11,2457.17,2461.82,25200.852,2026-09-01 01:30:00
1788228000000,2461.82,2461.82,2452.92,2457.82,49648.794,2026-09-01 02:00:00
1788229800000,2457.83,2464.32,2457.83,2463.87,15413.743,2026-09-01 02:30:00
1788231600000,2463.86,2466.6,2462.33,2465.68,23417.296,2026-09-01 03:00:00
1788233400000,2465.68,2481.88,2465.25,2471.46,71979.344,2026-09-01 03:30:00
1788235200000,2471.46,2477.53,2468.93,2475.13,28364.722,2026-09-01 04:00:00
1788237000000,2475.13,2476.12,2467.59,2469.03,22935.243,2026-09-01 04:30:00
1788238800000,2469.03,2475.99,2467.96,2474.42,22509.232,2026-09-01 05:00:00
1788240600000,2474.41,2484.7,2474.19,2483.49,50342.09,2026-09-01 05:30:00
1788242400000,2483.5,2483.5,2472.57,2474.78,35632.454,2026-09-01 06:00:00
1788244200000,2474.78,2476.81,2470.58,2470.59,16571.312,2026-09-01 06:30:00
1788246000000,2470.58,2476.25,2470.06,2474.33,25803.021,2026-09-01 07:00:00
1788247800000,2474.33,2475.33,2465.32,2471.73,34683.888,2026-09-01 07:30:00
1788249600000,2471.73,2472.63,2446.23,2447.09,122555.623,2026-09-01 08:00:00
1788251400000,2447.09,2454.89,2443.59,2447.27,96654.232,2026-09-01 08:30:00
1788253200000,2447.27,2453.0,2442.33,2450.59,63540.664,2026-09-01 09:00:00
1788255000000,2450.59,2454.8,2448.54,2451.24,28982.657,2026-09-01 09:30:00
1788256800000,2451.24,2458.86,2447.33,2456.59,39381.935,2026-09-01 10:00:00
1788258600000,2456.59,2462.5,2455.0,2456.01,37334.59,2026-09-01 10:30:00
1788260400000,2456.0,2456.01,2451.47,2455.49,22577.337,2026-09-01 11:00:00
1788262200000,2455.48,2463.0,2453.72,2457.98,35293.257,2026-09-01 11:30:00
1788264000000,2457.98,2458.16,2451.01,2454.38,30815.504,2026-09-01 12:00:00
1788265800000,2454.37,2454.38,2436.96,2445.53,103491.38,2026-09-01 12:30:00
1788267600000,2445.54,2446.6,2423.0,2443.1,122952.029,2026-09-01 13:00:00
1788269400000,2443.11,2449.57,2430.01,2443.27,105047.194,2026-09-01 13:30:00
1788271200000,2443.28,2456.12,2441.2,2450.15,93552.84,2026-09-01 14:00:00
1788273000000,2450.14,2456.77,2446.37,2448.47,40862.564,2026-09-01 14:30:00
1788274800000,2448.48,2448.59,2433.07,2442.92,78524.156,2026-09-01 15:00:00
1788276600000,2442.92,2454.1,2440.43,2448.0,46400.219,2026-09-01 15:30:00
1788278400000,2448.01,2448.91,2424.91,2432.95,123790.194,2026-09-01 16:00:00
1788280200000,2432.94,2435.29,2416.89,2431.85,115575.958,2026-09-01 16:30:00
1788282000000,2431.84,2436.0,2427.33,2432.29,32011.562,2026-09-01 17:00:00
1788283800000,2432.3,2438.43,2415.01,2417.71,71467.769,2026-09-01 17:30:00
1788285600000,2417.72,2421.45,2400.0,2413.79,158344.046,2026-09-01 18:00:00
1788287400000,2413.8,2416.39,2382.19,2411.8,247489.236,2026-09-01 18:30:00
1788289200000,2411.81,2424.0,2411.14,2419.45,97884.884,2026-09-01 19:00:00
1788291000000,2419.46,2421.11,2411.5,2417.98,35469.098,2026-09-01 19:30:00
1788292800000,2418.0,2422.0,2411.85,2419.28,27539.397,2026-09-01 20:00:00
1788294600000,2419.29,2422.16,2415.71,2420.03,19453.089,2026-09-01 20:30:00
1788296400000,2420.03,2422.22,2398.27,2413.86,75724.129,2026-09-01 21:00:00
1788298200000,2413.86,2416.7,2406.67,2414.58,22749.571,2026-09-01 21:30:00
1788300000000,2414.57,2417.83,2406.1,2406.43,18214.53,2026-09-01 22:00:00
1788301800000,2406.42,2415.36,2404.39,2412.1,24340.991,2026-09-01 22:30:00
1788303600000,2412.09,2416.78,2410.0,2416.33,13762.833,2026-09-01 23:00:00
1788305400000,2416.33,2427.29,2415.6,2417.5,61699.736,2026-09-01 23:30:00
1788307200000,2417.51,2421.58,2408.0,2411.59,32796.684,2026-09-02 00:00:00
1788309000000,2411.58,2414.6,2405.18,2408.24,46980.673,2026-09-02 00:30:00
1788310800000,2408.24,2414.91,2406.4,2408.48,28435.656,2026-09-02 01:00:00
1788312600000,2408.49,2410.99,2385.05,2398.46,164928.526,2026-09-02 01:30:00
1788314400000,2398.45,2410.0,2394.34,2408.77,63929.36,2026-09-02 02:00:00
1788316200000,2408.77,2409.57,2403.51,2409.0,28974.554,2026-09-02 02:30:00
1788318000000,2408.99,2423.64,2407.6,2419.0,112680.649,2026-09-02 03:00:00
1788319800000,2419.01,2419.48,2410.71,2413.22,56187.644,2026-09-02 03:30:00
1788321600000,2413.21,2414.38,2404.08,2411.51,40458.982,2026-09-02 04:00:00
1788323400000,2411.52,2415.3,2411.0,2414.03,21109.935,2026-09-02 04:30:00
1788325200000,2414.03,2422.89,2408.16,2421.28,52031.821,2026-09-02 05:00:00
1788327000000,2421.28,2424.89,2417.84,2421.23,42696.68,2026-09-02 05:30:00
1788328800000,2421.24,2423.64,2415.19,2416.93,35883.344,2026-09-02 06:00:00
1788330600000,2416.94,2424.72,2413.58,2419.7,46645.408,2026-09-02 06:30:00
1788332400000,2419.7,2429.0,2419.21,2420.84,38856.149,2026-09-02 07:00:00
1788334200000,2420.84,2423.0,2415.64,2416.69,35154.509,2026-09-02 07:30:00
1788336000000,2416.69,2419.5,2412.41,2412.99,27677.436,2026-09-02 08:00:00
1788337800000,2413.0,2413.0,2389.01,2392.63,151563.256,2026-09-02 08:30:00
1788339600000,2392.63,2399.58,2376.66,2387.59,174450.392,2026-09-02 09:00:00
1788341400000,2387.59,2387.95,2366.03,2375.92,219972.941,2026-09-02 09:30:00
1788343200000,2375.91,2376.35,2368.64,2369.22,53798.285,2026-09-02 10:00:00
1788345000000,2369.22,2372.5,2355.56,2371.96,212322.792,2026-09-02 10:30:00
1788346800000,2371.96,2376.67,2366.62,2373.63,70595.786,2026-09-02 11:00:00
1788348600000,2373.63,2381.53,2372.65,2380.8,62447.616,2026-09-02 11:30:00
1788350400000,2380.8,2389.8,2376.71,2385.55,86771.506,2026-09-02 12:00:00
1788352200000,2385.55,2386.15,2376.0,2376.82,49312.039,2026-09-02 12:30:00
1788354000000,2376.82,2388.99,2376.8,2386.95,40041.547,2026-09-02 13:00:00
1788355800000,2386.95,2418.64,2378.73,2401.99,275971.511,2026-09-02 13:30:00
1788357600000,2402.0,2410.0,2393.85,2403.13,85736.657,2026-09-02 14:00:00
1788359400000,2403.12,2403.58,2392.0,2393.43,57234.825,2026-09-02 14:30:00
1788361200000,2393.43,2396.67,2377.51,2387.58,147773.306,2026-09-02 15:00:00
1788363000000,2387.58,2398.06,2382.3,2390.08,95469.178,2026-09-02 15:30:00
1788364800000,2390.08,2403.7,2385.75,2397.23,84093.56,2026-09-02 16:00:00
1788366600000,2397.23,2401.77,2383.72,2385.43,55340.145,2026-09-02 16:30:00
1788368400000,2385.42,2387.38,2371.07,2378.79,100781.881,2026-09-02 17:00:00
1788370200000,2378.79,2393.0,2377.5,2392.65,58617.383,2026-09-02 17:30:00
1788372000000,2392.65,2399.0,2390.41,2395.47,45492.79,2026-09-02 18:00:00
1788373800000,2395.46,2396.88,2389.53,2394.14,29935.308,2026-09-02 18:30:00
1788375600000,2394.14,2395.91,2385.64,2385.68,24597.815,2026-09-02 19:00:00
1788377400000,2385.69,2392.43,2382.2,2392.31,34872.508,2026-09-02 19:30:00
1788379200000,2392.31,2399.19,2385.6,2390.67,37912.63,2026-09-02 20:00:00
1788381000000,2390.67,2394.96,2387.64,2392.69,20764.931,2026-09-02 20:30:00
1788382800000,2392.69,2393.57,2389.72,2390.22,10617.691,2026-09-02 21:00:00
1788384600000,2390.22,2394.24,2388.26,2389.41,14028.495,2026-09-02 21:30:00
1788386400000,2389.42,2389.42,2377.5,2378.32,32947.964,2026-09-02 22:00:00
1788388200000,2378.32,2384.37,2378.31,2378.97,25654.101,2026-09-02 22:30:00
1788390000000,2378.96,2386.0,2376.1,2385.19,26543.335,2026-09-02 23:00:00
1788391800000,2385.2,2392.6,2382.28,2390.96,25541.003,2026-09-02 23:30:00
1788393600000,2390.96,2394.4,2379.7,2380.02,42194.779,2026-09-03 00:00:00
1788395400000,2380.02,2384.89,2378.05,2379.01,34316.201,2026-09-03 00:30:00
1788397200000,2379.0,2391.47,2368.73,2391.47,112006.31,2026-09-03 01:00:00
1788399000000,2391.47,2393.32,2383.55,2385.59,44624.839,2026-09-03 01:30:00
1788400800000,2385.58,2395.66,2381.09,2394.62,33783.923,2026-09-03 02:00:00
1788402600000,2394.61,2408.88,2392.9,2404.92,92305.111,2026-09-03 02:30:00
1788404400000,2404.93,2410.0,2402.0,2402.7,39883.53,2026-09-03 03:00:00
1788406200000,2402.7,2404.5,2398.29,2402.31,22825.963,2026-09-03 03:30:00
1788408000000,2402.31,2406.49,2395.5,2397.27,34151.504,2026-09-03 04:00:00
1788409800000,2397.26,2407.71,2396.32,2407.38,29507.768,2026-09-03 04:30:00
1788411600000,2407.38,2408.95,2378.01,2384.42,112066.362,2026-09-03 05:00:00
1788413400000,2384.42,2404.41,2383.02,2403.87,89390.701,2026-09-03 05:30:00
1788415200000,2403.86,2407.78,2399.16,2406.82,56149.805,2026-09-03 06:00:00
1788417000000,2406.82,2409.66,2404.69,2407.21,34978.999,2026-09-03 06:30:00
1788418800000,2407.21,2419.99,2403.69,2406.59,122572.65,2026-09-03 07:00:00
1788420600000,2406.58,2411.94,2394.01,2397.51,81248.811,2026-09-03 07:30:00
1788422400000,2397.51,2412.47,2397.51,2407.79,68701.487,2026-09-03 08:00:00
1788424200000,2407.79,2408.77,2400.0,2402.61,24336.485,2026-09-03 08:30:00
1788426000000,2402.62,2407.02,2397.85,2398.08,31038.88,2026-09-03 09:00:00
1788427800000,2398.08,2399.0,2392.42,2392.67,41535.849,2026-09-03 09:30:00
1788429600000,2392.66,2398.0,2388.61,2395.38,45834.863,2026-09-03 10:00:00
1788431400000,2395.37,2396.67,2389.0,2395.86,29066.003,2026-09-03 10:30:00
1788433200000,2395.86,2405.49,2394.5,2404.56,43423.198,2026-09-03 11:00:00
1788435000000,2404.56,2410.0,2401.28,2405.89,46272.175,2026-09-03 11:30:00
1788436800000,2405.9,2410.95,2404.05,2406.66,31656.268,2026-09-03 12:00:00
1788438600000,2406.66,2426.53,2406.66,2422.19,162689.351,2026-09-03 12:30:00
1788440400000,2422.2,2423.63,2414.16,2418.64,53978.879,2026-09-03 13:00:00
1788442200000,2418.65,2434.99,2417.13,2428.81,149426.79,2026-09-03 13:30:00
1788444000000,2428.81,2450.95,2424.42,2449.4,163653.122,2026-09-03 14:00:00
1788445800000,2449.4,2489.55,2447.0,2488.36,375417.716,2026-09-03 14:30:00
1788447600000,2488.35,2505.84,2478.11,2489.48,283722.968,2026-09-03 15:00:00
1788449400000,2489.48,2516.98,2486.04,2516.15,199526.663,2026-09-03 15:30:00
1788451200000,2516.15,2518.8,2487.4,2491.23,190224.529,2026-09-03 16:00:00
1788453000000,2491.22,2497.45,2487.55,2493.44,62740.004,2026-09-03 16:30:00
1788454800000,2493.44,2502.85,2491.0,2498.87,45727.104,2026-09-03 17:00:00
1788456600000,2498.87,2505.38,2497.64,2499.36,37765.793,2026-09-03 17:30:00
1788458400000,2499.35,2512.63,2498.42,2499.25,52419.329,2026-09-03 18:00:00
1788460200000,2499.26,2513.97,2497.18,2512.18,39481.866,2026-09-03 18:30:00
1788462000000,2512.17,2530.5,2506.57,2514.01,173629.166,2026-09-03 19:00:00
1788463800000,2514.0,2517.88,2507.4,2517.41,39421.386,2026-09-03 19:30:00
1788465600000,2517.41,2517.67,2504.45,2509.48,44861.904,2026-09-03 20:00:00
1788467400000,2509.49,2510.75,2501.46,2504.13,31742.461,2026-09-03 20:30:00
1788469200000,2504.13,2512.93,2498.37,2512.48,34417.014,2026-09-03 21:00:00
1788471000000,2512.48,2526.47,2505.53,2510.3,62354.87,2026-09-03 21:30:00
1788472800000,2510.29,2511.79,2493.44,2493.84,37323.27,2026-09-03 22:00:00
1788474600000,2493.84,2500.5,2488.05,2495.56,45350.135,2026-09-03 22:30:00
1788476400000,2495.56,2500.94,2494.04,2500.94,22984.979,2026-09-03 23:00:00
1788478200000,2500.94,2508.5,2496.7,2506.23,33698.477,2026-09-03 23:30:00
1788480000000,2506.23,2511.45,2501.72,2505.08,39071.258,2026-09-04 00:00:00
1788481800000,2505.08,2514.97,2499.47,2500.7,56091.859,2026-09-04 00:30:00
1788483600000,2500.69,2509.0,2495.77,2503.65,40607.46,2026-09-04 01:00:00
1788485400000,2503.65,2507.81,2497.36,2505.99,37255.256,2026-09-04 01:30:00
1788487200000,2506.0,2506.0,2497.6,2498.49,24516.749,2026-09-04 02:00:00
1788489000000,2498.5,2507.0,2497.04,2506.98,23668.678,2026-09-04 02:30:00
1788490800000,2506.98,2516.8,2506.28,2506.39,64898.819,2026-09-04 03:00:00
1788492600000,2506.4,2508.0,2504.0,2504.0,20568.936,2026-09-04 03:30:00
1788494400000,2504.0,2523.0,2501.2,2522.38,83200.536,2026-09-04 04:00:00
1788496200000,2522.38,2524.0,2507.15,2508.43,63437.845,2026-09-04 04:30:00
1788498000000,2508.43,2515.48,2505.5,2509.72,44196.183,2026-09-04 05:00:00
1788499800000,2509.71,2513.2,2503.5,2508.06,42557.355,2026-09-04 05:30:00
1788501600000,2508.06,2518.27,2503.29,2504.51,39735.148,2026-09-04 06:00:00
1788503400000,2504.52,2507.83,2498.66,2506.71,41545.523,2026-09-04 06:30:00
1788505200000,2506.72,2515.0,2506.36,2510.13,51565.779,2026-09-04 07:00:00
1788507000000,2510.14,2511.64,2503.09,2503.59,40596.61,2026-09-04 07:30:00
1788508800000,2503.59,2516.0,2502.41,2515.53,63125.107,2026-09-04 08:00:00
1788510600000,2515.52,2539.68,2512.39,2526.33,192727.219,2026-09-04 08:30:00
1788512400000,2526.33,2548.37,2518.18,2521.31,199897.201,2026-09-04 09:00:00
1788514200000,2521.31,2532.43,2518.88,2520.21,63704.117,2026-09-04 09:30:00
1788516000000,2520.2,2524.0,2513.01,2520.22,51620.76,2026-09-04 10:00:00
1788517800000,2520.22,2527.8,2518.63,2525.4,36115.73,2026-09-04 10:30:00
1788519600000,2525.4,2526.0,2519.0,2524.45,28386.789,2026-09-04 11:00:00
1788521400000,2524.45,2527.0,2521.08,2521.99,29778.487,2026-09-04 11:30:00
1788523200000,2521.98,2531.45,2518.1,2529.11,56009.975,2026-09-04 12:00:00
1788525000000,2529.1,2529.1,2432.51,2450.32,780586.543,2026-09-04 12:30:00
1788526800000,2450.31,2454.32,2443.45,2448.99,99596.345,2026-09-04 13:00:00
1788528600000,2448.99,2463.33,2434.33,2451.12,184483.809,2026-09-04 13:30:00
1788530400000,2451.11,2457.5,2442.0,2452.59,71878.01,2026-09-04 14:00:00
1788532200000,2452.6,2457.0,2428.03,2439.14,143539.35,2026-09-04 14:30:00
1788534000000,2439.15,2455.3,2436.67,2453.65,66026.797,2026-09-04 15:00:00
1788535800000,2453.66,2457.65,2448.88,2451.0,43382.071,2026-09-04 15:30:00
1788537600000,2451.0,2453.48,2449.24,2453.18,25682.702,2026-09-04 16:00:00
1788539400000,2453.17,2463.62,2452.98,2459.22,57331.232,2026-09-04 16:30:00
1788541200000,2459.19,2459.78,2445.0,2446.63,45083.975,2026-09-04 17:00:00
1788543000000,2446.64,2449.26,2441.87,2444.16,35408.037,2026-09-04 17:30:00
1788544800000,2444.15,2449.11,2443.63,2447.19,17448.268,2026-09-04 18:00:00
1788546600000,2447.19,2451.36,2447.19,2449.42,13551.276,2026-09-04 18:30:00
1788548400000,2449.42,2456.53,2449.42,2456.18,13925.884,2026-09-04 19:00:00
1788550200000,2456.18,2456.18,2452.48,2454.8,17591.465,2026-09-04 19:30:00
1788552000000,2454.81,2457.99,2451.49,2452.18,12988.771,2026-09-04 20:00:00
1788553800000,2452.18,2454.5,2449.6,2450.39,11318.128,2026-09-04 20:30:00
1788555600000,2450.38,2454.18,2449.52,2451.69,9659.194,2026-09-04 21:00:00
1788557400000,2451.68,2455.92,2448.54,2450.67,13128.469,2026-09-04 21:30:00
1788559200000,2450.67,2453.29,2450.0,2451.6,6457.36,2026-09-04 22:00:00
1788561000000,2451.61,2453.33,2449.52,2450.07,6756.376,2026-09-04 22:30:00
1788562800000,2450.08,2454.19,2449.0,2452.74,7155.653,2026-09-04 23:00:00
1788564600000,2452.75,2455.11,2451.5,2454.98,7085.226,2026-09-04 23:30:00
1788566400000,2454.98,2455.88,2451.66,2452.11,9236.246,2026-09-05 00:00:00
1788568200000,2452.11,2454.84,2450.6,2451.16,12682.169,2026-09-05 00:30:00
1788570000000,2451.16,2455.0,2450.33,2454.99,15476.464,2026-09-05 01:00:00
1788571800000,2455.0,2455.0,2450.91,2450.91,9259.346,2026-09-05 01:30:00
1788573600000,2450.9,2452.18,2449.0,2449.81,13882.117,2026-09-05 02:00:00
1788575400000,2449.81,2452.48,2449.26,2452.38,10528.9,2026-09-05 02:30:00
1788577200000,2452.39,2453.91,2450.06,2452.48,8438.023,2026-09-05 03:00:00
1788579000000,2452.47,2454.8,2451.31,2451.55,9216.774,2026-09-05 03:30:00
1788580800000,2451.54,2451.9,2449.55,2451.45,13662.225,2026-09-05 04:00:00
1788582600000,2451.46,2451.53,2447.39,2448.21,15431.443,2026-09-05 04:30:00
1788584400000,2448.21,2450.29,2443.61,2450.28,34077.125,2026-09-05 05:00:00
1788586200000,2450.29,2451.34,2447.66,2450.0,11599.946,2026-09-05 05:30:00
1788588000000,2450.0,2451.97,2449.49,2450.27,8042.11,2026-09-05 06:00:00
1788589800000,2450.27,2453.8,2450.23,2452.31,13965.638,2026-09-05 06:30:00
1788591600000,2452.31,2456.99,2452.0,2455.34,18526.909,2026-09-05 07:00:00
1788593400000,2455.33,2457.95,2454.75,2456.01,28944.474,2026-09-05 07:30:00
1788595200000,2456.01,2456.2,2452.02,2453.94,16576.015,2026-09-05 08:00:00
1788597000000,2453.94,2455.95,2451.66,2455.6,9800.488,2026-09-05 08:30:00
1788598800000,2455.59,2458.88,2455.42,2456.75,17239.13,2026-09-05 09:00:00
1788600600000,2456.75,2459.0,2456.41,2457.23,14613.703,2026-09-05 09:30:00
1788602400000,2457.23,2457.42,2453.54,2453.55,11464.83,2026-09-05 10:00:00
1788604200000,2453.55,2455.64,2452.74,2453.1,10461.772,2026-09-05 10:30:00
1788606000000,2453.09,2454.58,2451.95,2452.8,8144.478,2026-09-05 11:00:00
1788607800000,2452.8,2455.12,2452.29,2452.88,8314.542,2026-09-05 11:30:00
1788609600000,2452.88,2454.86,2452.87,2453.76,5998.842,2026-09-05 12:00:00
1788611400000,2453.76,2462.03,2452.27,2457.48,38761.329,2026-09-05 12:30:00
1788613200000,2457.49,2460.75,2456.5,2458.48,15106.146,2026-09-05 13:00:00
1788615000000,2458.48,2459.2,2448.0,2453.02,40616.722,2026-09-05 13:30:00
1788616800000,2453.02,2455.92,2452.5,2455.85,10811.811,2026-09-05 14:00:00
1788618600000,2455.84,2457.74,2454.05,2456.06,9689.493,2026-09-05 14:30:00
1788620400000,2456.06,2458.7,2454.63,2456.23,14622.34,2026-09-05 15:00:00
1788622200000,2456.23,2458.7,2456.23,2458.48,6953.068,2026-09-05 15:30:00
1788624000000,2458.48,2462.64,2457.52,2462.2,16954.841,2026-09-05 16:00:00
1788625800000,2462.21,2473.16,2462.2,2469.86,89690.021,2026-09-05 16:30:00
1788627600000,2469.86,2483.18,2469.77,2476.71,89239.802,2026-09-05 17:00:00
1788629400000,2476.7,2484.99,2474.1,2479.95,35675.814,2026-09-05 17:30:00
1788631200000,2479.96,2480.99,2475.3,2475.3,21404.092,2026-09-05 18:00:00
1788633000000,2475.3,2479.33,2474.91,2479.27,11218.074,2026-09-05 18:30:00
1788634800000,2479.26,2481.59,2474.64,2478.5,11861.945,2026-09-05 19:00:00
1788636600000,2478.51,2480.12,2471.51,2476.21,25565.43,2026-09-05 19:30:00
1788638400000,2476.21,2482.88,2473.93,2475.5,29874.763,2026-09-05 20:00:00
1788640200000,2475.51,2479.33,2473.85,2476.29,15960.187,2026-09-05 20:30:00
1788642000000,2476.28,2480.7,2475.45,2480.02,8396.09,2026-09-05 21:00:00
1788643800000,2480.02,2493.38,2479.65,2488.0,47621.161,2026-09-05 21:30:00
1788645600000,2488.0,2490.0,2477.76,2479.64,20291.979,2026-09-05 22:00:00
1788647400000,2479.64,2483.46,2478.58,2479.68,15767.663,2026-09-05 22:30:00
1788649200000,2479.67,2481.3,2476.92,2479.56,13171.352,2026-09-05 23:00:00
1788651000000,2479.55,2482.5,2475.79,2479.07,20726.844,2026-09-05 23:30:00
1788652800000,2479.07,2487.76,2478.02,2485.77,12378.962,2026-09-06 00:00:00
1788654600000,2485.77,2491.55,2483.92,2488.94,28331.548,2026-09-06 00:30:00
1788656400000,2488.95,2498.77,2487.89,2492.57,69564.79,2026-09-06 01:00:00
1788658200000,2492.56,2507.58,2492.5,2504.49,82345.906,2026-09-06 01:30:00
1788660000000,2504.5,2511.85,2500.2,2501.01,65064.164,2026-09-06 02:00:00
1788661800000,2501.01,2503.71,2500.06,2502.27,18384.203,2026-09-06 02:30:00
1788663600000,2502.26,2506.15,2499.1,2500.59,26136.932,2026-09-06 03:00:00
1788665400000,2500.59,2513.96,2500.59,2508.64,54666.912,2026-09-06 03:30:00
1788667200000,2508.63,2508.94,2496.55,2502.1,38296.087,2026-09-06 04:00:00
1788669000000,2502.09,2504.79,2500.16,2503.29,17369.576,2026-09-06 04:30:00
1788670800000,2503.29,2505.85,2500.06,2504.07,25510.695,2026-09-06 05:00:00
1788672600000,2504.07,2523.42,2504.07,2512.59,99048.871,2026-09-06 05:30:00
1788674400000,2512.59,2512.59,2505.0,2505.55,22779.701,2026-09-06 06:00:00
1788676200000,2505.55,2508.11,2502.27,2504.85,26715.0,2026-09-06 06:30:00
1788678000000,2504.85,2506.74,2482.0,2494.59,122760.205,2026-09-06 07:00:00
1788679800000,2494.58,2497.28,2491.25,2495.71,25668.955,2026-09-06 07:30:00
1788681600000,2495.71,2498.89,2493.99,2494.0,18380.137,2026-09-06 08:00:00
1788683400000,2493.99,2496.47,2490.63,2494.75,24142.794,2026-09-06 08:30:00
1788685200000,2494.74,2502.95,2492.89,2501.17,35552.302,2026-09-06 09:00:00
1788687000000,2501.16,2502.65,2492.53,2497.92,24471.155,2026-09-06 09:30:00
1788688800000,2497.92,2501.3,2497.0,2497.02,17715.383,2026-09-06 10:00:00
1788690600000,2497.02,2501.21,2496.63,2500.6,11881.607,2026-09-06 10:30:00
1788692400000,2500.61,2503.8,2498.21,2499.27,23121.526,2026-09-06 11:00:00
1788694200000,2499.26,2501.99,2498.61,2500.67,14347.622,2026-09-06 11:30:00
1788696000000,2500.67,2503.87,2498.08,2500.74,18195.44,2026-09-06 12:00:00
1788697800000,2500.73,2503.53,2496.0,2499.3,25609.623,2026-09-06 12:30:00
1788699600000,2499.31,2499.69,2490.1,2490.5,35858.06,2026-09-06 13:00:00
1788701400000,2490.51,2494.94,2485.37,2493.56,48309.184,2026-09-06 13:30:00
1788703200000,2493.56,2494.1,2471.56,2480.67,111435.438,2026-09-06 14:00:00
1788705000000,2480.67,2484.7,2457.38,2477.28,141654.74,2026-09-06 14:30:00
1788706800000,2477.29,2480.42,2468.5,2478.03,45148.918,2026-09-06 15:00:00
1788708600000,2478.03,2481.83,2475.0,2478.58,23088.474,2026-09-06 15:30:00
1788710400000,2478.57,2482.99,2474.2,2481.62,29295.725,2026-09-06 16:00:00
1788712200000,2481.62,2487.8,2480.0,2483.24,24035.403,2026-09-06 16:30:00
1788714000000,2483.24,2494.28,2478.96,2488.36,60159.023,2026-09-06 17:00:00
1788715800000,2488.36,2493.14,2487.04,2490.24,22345.362,2026-09-06 17:30:00
1788717600000,2490.25,2496.91,2490.25,2494.85,22985.023,2026-09-06 18:00:00
1788719400000,2494.85,2499.76,2492.12,2493.41,23487.477,2026-09-06 18:30:00
1788721200000,2493.42,2493.53,2489.27,2491.32,13674.923,2026-09-06 19:00:00
1788723000000,2491.32,2491.34,2488.69,2489.62,5339.6,2026-09-06 19:30:00
1788724800000,2489.62,2496.44,2487.71,2494.93,14155.654,2026-09-06 20:00:00
1788726600000,2494.92,2499.48,2493.54,2498.26,13449.213,2026-09-06 20:30:00
1788728400000,2498.27,2515.0,2498.27,2504.89,71355.568,2026-09-06 21:00:00
1788730200000,2504.89,2511.13,2502.97,2507.16,18635.845,2026-09-06 21:30:00
1788732000000,2507.16,2507.37,2486.51,2497.9,46293.189,2026-09-06 22:00:00
1788733800000,2497.9,2509.81,2497.55,2507.09,33235.77,2026-09-06 22:30:00
1788735600000,2507.09,2516.98,2505.42,2511.76,32958.954,2026-09-06 23:00:00
1788737400000,2511.76,2525.64,2511.15,2513.22,81928.143,2026-09-06 23:30:00
1788739200000,2513.22,2517.72,2507.83,2516.71,45831.242,2026-09-07 00:00:00
1788741000000,2516.7,2521.82,2508.3,2511.93,44025.694,2026-09-07 00:30:00
1788742800000,2511.94,2515.11,2499.39,2503.63,68256.57,2026-09-07 01:00:00
1788744600000,2503.63,2507.02,2497.17,2503.01,30229.206,2026-09-07 01:30:00
1788746400000,2503.01,2510.73,2497.32,2509.89,33954.497,2026-09-07 02:00:00
1788748200000,2509.89,2536.88,2508.24,2510.64,156349.725,2026-09-07 02:30:00
1788750000000,2510.65,2515.35,2503.0,2503.32,71256.754,2026-09-07 03:00:00
1788751800000,2503.31,2505.38,2495.01,2496.12,51392.573,2026-09-07 03:30:00
1788753600000,2496.11,2498.88,2492.62,2495.54,34693.44,2026-09-07 04:00:00
1788755400000,2495.53,2498.28,2490.18,2497.0,29436.122,2026-09-07 04:30:00
1788757200000,2496.99,2513.35,2496.0,2511.42,53867.863,2026-09-07 05:00:00
1788759000000,2511.43,2512.5,2502.53,2503.61,29685.844,2026-09-07 05:30:00
1788760800000,2503.62,2509.0,2502.5,2502.74,19245.164,2026-09-07 06:00:00
1788762600000,2502.74,2503.77,2496.44,2497.0,26194.693,2026-09-07 06:30:00
1788764400000,2496.99,2501.4,2483.75,2487.67,58089.878,2026-09-07 07:00:00
1788766200000,2487.66,2492.15,2473.0,2488.0,134195.41,2026-09-07 07:30:00
1788768000000,2488.0,2491.78,2487.6,2489.59,34249.92,2026-09-07 08:00:00
1788769800000,2489.59,2492.9,2488.62,2490.0,31353.75,2026-09-07 08:30:00
1788771600000,2490.01,2496.61,2489.25,2493.61,28425.818,2026-09-07 09:00:00
1788773400000,2493.61,2493.73,2483.0,2483.58,37983.548,2026-09-07 09:30:00
1788775200000,2483.58,2489.0,2483.58,2488.54,24395.459,2026-09-07 10:00:00
1788777000000,2488.53,2491.46,2486.67,2487.61,15328.776,2026-09-07 10:30:00
1788778800000,2487.61,2492.0,2485.2,2491.08,15191.064,2026-09-07 11:00:00
1788780600000,2491.07,2492.37,2486.4,2487.94,15238.118,2026-09-07 11:30:00
1788782400000,2487.94,2493.11,2487.51,2492.5,14427.758,2026-09-07 12:00:00
1788784200000,2492.49,2507.53,2492.0,2504.38,65915.645,2026-09-07 12:30:00
1788786000000,2504.37,2510.84,2501.56,2507.53,52929.77,2026-09-07 13:00:00
1788787800000,2507.52,2507.78,2493.92,2497.82,61366.816,2026-09-07 13:30:00
1788789600000,2497.81,2498.62,2481.37,2482.02,100955.679,2026-09-07 14:00:00
1788791400000,2482.01,2490.95,2475.01,2489.15,86927.651,2026-09-07 14:30:00
1788793200000,2489.14,2489.3,2474.13,2481.22,56807.675,2026-09-07 15:00:00
1788795000000,2481.23,2481.57,2463.56,2469.11,140107.683,2026-09-07 15:30:00
1788796800000,2469.11,2475.59,2468.99,2470.11,42606.922,2026-09-07 16:00:00
1788798600000,2470.11,2482.0,2469.0,2481.7,47224.368,2026-09-07 16:30:00
1788800400000,2481.71,2490.99,2481.0,2487.38,49131.232,2026-09-07 17:00:00
1788802200000,2487.37,2498.79,2484.4,2494.44,45673.314,2026-09-07 17:30:00
1788804000000,2494.44,2496.12,2488.49,2489.43,28200.918,2026-09-07 18:00:00
1788805800000,2489.43,2493.45,2486.04,2490.72,21004.54,2026-09-07 18:30:00
1788807600000,2490.72,2492.42,2488.22,2491.42,10455.081,2026-09-07 19:00:00
1788809400000,2491.44,2496.9,2491.44,2494.99,15290.284,2026-09-07 19:30:00
1788811200000,2494.99,2496.25,2486.09,2488.53,20372.714,2026-09-07 20:00:00
1788813000000,2488.53,2495.44,2488.3,2493.94,16729.211,2026-09-07 20:30:00
1788814800000,2493.95,2496.08,2490.99,2491.73,11162.391,2026-09-07 21:00:00
1788816600000,2491.73,2492.56,2489.03,2490.0,8572.674,2026-09-07 21:30:00
1788818400000,2490.0,2491.08,2480.93,2485.4,35778.037,2026-09-07 22:00:00
1788820200000,2485.41,2485.41,2473.57,2481.6,38307.086,2026-09-07 22:30:00
1788822000000,2481.6,2488.82,2480.95,2483.47,20701.643,2026-09-07 23:00:00
1788823800000,2483.47,2492.9,2482.17,2488.99,18954.387,2026-09-07 23:30:00
1788825600000,2489.0,2490.0,2482.1,2482.7,25779.876,2026-09-08 00:00:00
1788827400000,2482.7,2494.98,2482.4,2494.97,27129.609,2026-09-08 00:30:00
1788829200000,2494.97,2505.26,2492.39,2501.56,62551.99,2026-09-08 01:00:00
1788831000000,2501.56,2503.47,2498.0,2503.18,22017.321,2026-09-08 01:30:00
1788832800000,2503.18,2507.43,2493.28,2495.9,50638.804,2026-09-08 02:00:00
1788834600000,2495.9,2496.5,2483.4,2483.49,52400.842,2026-09-08 02:30:00
1788836400000,2483.5,2486.45,2476.52,2480.0,52858.229,2026-09-08 03:00:00
1788838200000,2480.0,2487.59,2479.51,2485.1,29525.167,2026-09-08 03:30:00
1788840000000,2485.1,2485.47,2479.12,2481.71,26254.695,2026-09-08 04:00:00
1788841800000,2481.71,2485.2,2478.0,2478.21,26079.073,2026-09-08 04:30:00
1788843600000,2478.2,2484.03,2474.69,2481.35,48777.905,2026-09-08 05:00:00
1788845400000,2481.35,2481.44,2471.67,2472.45,47033.305,2026-09-08 05:30:00
1788847200000,2472.44,2476.44,2461.46,2465.5,94594.629,2026-09-08 06:00:00
1788849000000,2465.5,2468.82,2462.28,2467.62,54299.154,2026-09-08 06:30:00
1788850800000,2467.61,2478.59,2466.86,2477.18,40674.751,2026-09-08 07:00:00
1788852600000,2477.18,2484.24,2470.15,2478.49,67892.06,2026-09-08 07:30:00
1788854400000,2478.49,2478.5,2467.85,2474.99,50124.207,2026-09-08 08:00:00
1788856200000,2474.99,2482.42,2473.5,2476.66,32642.002,2026-09-08 08:30:00
1788858000000,2476.66,2481.16,2474.55,2479.92,25556.239,2026-09-08 09:00:00
1788859800000,2479.91,2494.44,2479.44,2490.87,96619.273,2026-09-08 09:30:00
1788861600000,2490.86,2499.36,2485.63,2491.12,63441.821,2026-09-08 10:00:00
1788863400000,2491.12,2491.76,2478.94,2480.16,43801.815,2026-09-08 10:30:00
1788865200000,2480.16,2481.57,2470.5,2473.9,69772.556,2026-09-08 11:00:00
1788867000000,2473.91,2476.7,2470.5,2473.63,30186.817,2026-09-08 11:30:00
1788868800000,2473.63,2475.13,2467.26,2474.68,40306.33,2026-09-08 12:00:00
1788870600000,2474.68,2475.3,2469.79,2472.07,24887.962,2026-09-08 12:30:00
1788872400000,2472.07,2474.86,2465.0,2468.68,29012.259,2026-09-08 13:00:00
1788874200000,2468.68,2469.04,2440.43,2458.57,301384.797,2026-09-08 13:30:00
1788876000000,2458.58,2482.87,2455.88,2478.09,153022.632,2026-09-08 14:00:00
1788877800000,2478.09,2485.55,2474.65,2484.58,70073.218,2026-09-08 14:30:00
1788879600000,2484.59,2491.46,2478.88,2481.13,84641.554,2026-09-08 15:00:00
1788881400000,2481.12,2500.67,2481.12,2497.42,111737.271,2026-09-08 15:30:00
1788883200000,2497.42,2497.66,2485.73,2488.99,62093.983,2026-09-08 16:00:00
