timestamp,open,high,low,close,volume,datetime
1773291600000,0.09195,0.09218,0.09183,0.09201,72094620.0,2026-03-12 05:00:00
1773295200000,0.092,0.09211,0.09172,0.09199,79922540.0,2026-03-12 06:00:00
1773298800000,0.09198,0.09293,0.0918,0.09284,207534620.0,2026-03-12 07:00:00
1773302400000,0.09283,0.09324,0.09248,0.09285,193695280.0,2026-03-12 08:00:00
1773306000000,0.09284,0.09357,0.09234,0.09301,224869200.0,2026-03-12 09:00:00
1773309600000,0.09302,0.09446,0.09286,0.09427,349904580.0,2026-03-12 10:00:00
1773313200000,0.09427,0.09517,0.09407,0.09463,302150130.0,2026-03-12 11:00:00
1773316800000,0.09464,0.0958,0.09451,0.09509,475184830.0,2026-03-12 12:00:00
1773320400000,0.09509,0.09558,0.09391,0.09483,556803760.0,2026-03-12 13:00:00
1773324000000,0.09483,0.09577,0.09321,0.09366,572893300.0,2026-03-12 14:00:00
1773327600000,0.09365,0.0947,0.09307,0.09406,411829320.0,2026-03-12 15:00:00
1773331200000,0.09406,0.09485,0.0933,0.09468,333956380.0,2026-03-12 16:00:00
1773334800000,0.09468,0.09488,0.09406,0.09434,183185590.0,2026-03-12 17:00:00
1773338400000,0.09434,0.0945,0.09372,0.09379,143250420.0,2026-03-12 18:00:00
1773342000000,0.09379,0.0947,0.09364,0.0944,154875710.0,2026-03-12 19:00:00
1773345600000,0.0944,0.09457,0.094,0.09408,97250990.0,2026-03-12 20:00:00
1773349200000,0.09409,0.09474,0.09406,0.09464,73401170.0,2026-03-12 21:00:00
1773352800000,0.09463,0.0948,0.09421,0.09436,87868350.0,2026-03-12 22:00:00
1773356400000,0.09436,0.09529,0.09434,0.0947,220548000.0,2026-03-12 23:00:00
1773360000000,0.09469,0.09805,0.09448,0.09681,725994250.0,2026-03-13 00:00:00
1773363600000,0.0968,0.09718,0.09622,0.09704,232684370.0,2026-03-13 01:00:00
1773367200000,0.09704,0.09715,0.09567,0.09593,262485110.0,2026-03-13 02:00:00
1773370800000,0.09594,0.09696,0.0959,0.09675,139178580.0,2026-03-13 03:00:00
1773374400000,0.09674,0.09681,0.09613,0.09621,118925780.0,2026-03-13 04:00:00
1773378000000,0.09621,0.09686,0.09575,0.09648,131651480.0,2026-03-13 05:00:00
1773381600000,0.09647,0.09671,0.09602,0.09658,116263270.0,2026-03-13 06:00:00
1773385200000,0.09657,0.0967,0.09621,0.09647,106421840.0,2026-03-13 07:00:00
1773388800000,0.09647,0.09766,0.09604,0.0973,298923340.0,2026-03-13 08:00:00
1773392400000,0.09729,0.09907,0.09713,0.09857,371843580.0,2026-03-13 09:00:00
1773396000000,0.09856,0.09948,0.09843,0.09897,302470590.0,2026-03-13 10:00:00
1773399600000,0.09897,0.10036,0.09891,0.09998,508780380.0,2026-03-13 11:00:00
1773403200000,0.09998,0.10194,0.09934,0.10064,860188390.0,2026-03-13 12:00:00
1773406800000,0.10064,0.10114,0.09953,0.10032,577097700.0,2026-03-13 13:00:00
1773410400000,0.10033,0.10069,0.09728,0.09777,869374340.0,2026-03-13 14:00:00
1773414000000,0.09778,0.09889,0.09754,0.09794,526041880.0,2026-03-13 15:00:00
1773417600000,0.09793,0.09844,0.09736,0.0977,417817870.0,2026-03-13 16:00:00
1773421200000,0.0977,0.09774,0.09561,0.09606,517480360.0,2026-03-13 17:00:00
1773424800000,0.09605,0.09634,0.09561,0.0958,259234620.0,2026-03-13 18:00:00
1773428400000,0.09581,0.09614,0.09531,0.09598,170638090.0,2026-03-13 19:00:00
1773432000000,0.09599,0.09646,0.09587,0.09646,90523770.0,2026-03-13 20:00:00
1773435600000,0.09646,0.09672,0.09585,0.09613,113708600.0,2026-03-13 21:00:00
1773439200000,0.09615,0.09624,0.09536,0.09591,188826900.0,2026-03-13 22:00:00
1773442800000,0.09592,0.09601,0.09571,0.09591,60308400.0,2026-03-13 23:00:00
1773446400000,0.09591,0.09597,0.09508,0.09536,171204550.0,2026-03-14 00:00:00
1773450000000,0.09537,0.09579,0.09525,0.09567,130913780.0,2026-03-14 01:00:00
1773453600000,0.09567,0.09585,0.09538,0.09578,74059780.0,2026-03-14 02:00:00
1773457200000,0.09579,0.09623,0.09556,0.096,158159950.0,2026-03-14 03:00:00
1773460800000,0.096,0.09641,0.09555,0.0957,144214280.0,2026-03-14 04:00:00
1773464400000,0.09571,0.09573,0.09529,0.09564,96260220.0,2026-03-14 05:00:00
1773468000000,0.09563,0.09563,0.09414,0.09469,324195870.0,2026-03-14 06:00:00
1773471600000,0.0947,0.09486,0.09446,0.09458,90485220.0,2026-03-14 07:00:00
1773475200000,0.09457,0.09476,0.09431,0.09439,110171960.0,2026-03-14 08:00:00
1773478800000,0.09439,0.09461,0.09408,0.0942,149964370.0,2026-03-14 09:00:00
1773482400000,0.09419,0.09439,0.0939,0.09436,144002730.0,2026-03-14 10:00:00
1773486000000,0.09435,0.09547,0.09434,0.0952,213072220.0,2026-03-14 11:00:00
1773489600000,0.0952,0.09527,0.09468,0.09489,126897590.0,2026-03-14 12:00:00
1773493200000,0.09489,0.09543,0.09481,0.0952,108802100.0,2026-03-14 13:00:00
1773496800000,0.09521,0.09564,0.09438,0.09452,207122300.0,2026-03-14 14:00:00
1773500400000,0.09453,0.09498,0.09449,0.09487,127595280.0,2026-03-14 15:00:00
1773504000000,0.09487,0.09546,0.09463,0.09526,114038870.0,2026-03-14 16:00:00
1773507600000,0.09526,0.09526,0.09458,0.09462,78199450.0,2026-03-14 17:00:00
1773511200000,0.09462,0.09475,0.09431,0.09463,86139710.0,2026-03-14 18:00:00
1773514800000,0.09463,0.09474,0.09449,0.09473,30185570.0,2026-03-14 19:00:00
1773518400000,0.09474,0.09497,0.09454,0.09475,37920230.0,2026-03-14 20:00:00
1773522000000,0.09476,0.09506,0.0946,0.095,50528490.0,2026-03-14 21:00:00
1773525600000,0.09501,0.09518,0.09484,0.09507,40202200.0,2026-03-14 22:00:00
1773529200000,0.09508,0.09619,0.09508,0.09598,177271580.0,2026-03-14 23:00:00
1773532800000,0.09598,0.09622,0.09536,0.09553,116183430.0,2026-03-15 00:00:00
1773536400000,0.09553,0.09593,0.09542,0.09553,110162290.0,2026-03-15 01:00:00
1773540000000,0.09553,0.0974,0.09553,0.09684,288596710.0,2026-03-15 02:00:00
1773543600000,0.09684,0.09723,0.09589,0.09597,191063260.0,2026-03-15 03:00:00
1773547200000,0.09597,0.09625,0.09562,0.09594,133374380.0,2026-03-15 04:00:00
1773550800000,0.09595,0.09643,0.09565,0.09604,137785580.0,2026-03-15 05:00:00
1773554400000,0.09605,0.09616,0.0955,0.09567,114054690.0,2026-03-15 06:00:00
1773558000000,0.09568,0.0959,0.09546,0.09557,72753330.0,2026-03-15 07:00:00
1773561600000,0.09557,0.09648,0.09555,0.09639,151813840.0,2026-03-15 08:00:00
1773565200000,0.09639,0.09655,0.09607,0.0961,120072510.0,2026-03-15 09:00:00
1773568800000,0.0961,0.0963,0.09587,0.09619,94119790.0,2026-03-15 10:00:00
1773572400000,0.09618,0.09649,0.09596,0.09633,67784770.0,2026-03-15 11:00:00
1773576000000,0.09634,0.09643,0.09598,0.09631,92734610.0,2026-03-15 12:00:00
1773579600000,0.0963,0.09659,0.0946,0.09528,497160300.0,2026-03-15 13:00:00
1773583200000,0.09529,0.09556,0.09504,0.09554,122902860.0,2026-03-15 14:00:00
1773586800000,0.09554,0.09554,0.09487,0.09492,114256670.0,2026-03-15 15:00:00
1773590400000,0.09493,0.09506,0.09436,0.09464,191085850.0,2026-03-15 16:00:00
1773594000000,0.09464,0.09577,0.09459,0.09544,96593080.0,2026-03-15 17:00:00
1773597600000,0.09545,0.09554,0.09462,0.09475,127754480.0,2026-03-15 18:00:00
1773601200000,0.09475,0.0953,0.09465,0.09513,77483380.0,2026-03-15 19:00:00
1773604800000,0.09513,0.09583,0.09489,0.09531,95726520.0,2026-03-15 20:00:00
1773608400000,0.09532,0.09599,0.09498,0.09581,112350880.0,2026-03-15 21:00:00
1773612000000,0.09581,0.09763,0.0952,0.0973,419661070.0,2026-03-15 22:00:00
1773615600000,0.0973,0.09804,0.09656,0.09733,356330820.0,2026-03-15 23:00:00
1773619200000,0.09733,0.09821,0.09717,0.09793,283109990.0,2026-03-16 00:00:00
1773622800000,0.09792,0.09814,0.09726,0.09759,178683620.0,2026-03-16 01:00:00
1773626400000,0.09759,0.09845,0.09702,0.09808,289079660.0,2026-03-16 02:00:00
1773630000000,0.09808,0.1014,0.09775,0.09994,922010150.0,2026-03-16 03:00:00
1773633600000,0.09995,0.10112,0.09974,0.10067,393680490.0,2026-03-16 04:00:00
1773637200000,0.10067,0.10177,0.10045,0.10155,356036650.0,2026-03-16 05:00:00
1773640800000,0.10154,0.10257,0.10118,0.10164,421107430.0,2026-03-16 06:00:00
1773644400000,0.10164,0.10268,0.1016,0.10198,336856480.0,2026-03-16 07:00:00
1773648000000,0.10198,0.10293,0.10016,0.10034,603127580.0,2026-03-16 08:00:00
1773651600000,0.10035,0.10136,0.09975,0.10109,348292110.0,2026-03-16 09:00:00
1773655200000,0.10108,0.10129,0.1001,0.10066,291711730.0,2026-03-16 10:00:00
1773658800000,0.10066,0.10069,0.09936,0.09993,333309280.0,2026-03-16 11:00:00
1773662400000,0.09993,0.10052,0.0997,0.10005,266441610.0,2026-03-16 12:00:00
1773666000000,0.10006,0.10168,0.0999,0.1005,509641360.0,2026-03-16 13:00:00
1773669600000,0.1005,0.10353,0.09985,0.10307,920679850.0,2026-03-16 14:00:00
1773673200000,0.10307,0.10328,0.09991,0.10003,648350710.0,2026-03-16 15:00:00
1773676800000,0.10004,0.10133,0.09981,0.10111,404158150.0,2026-03-16 16:00:00
1773680400000,0.10112,0.10166,0.10085,0.1014,200411960.0,2026-03-16 17:00:00
1773684000000,0.1014,0.10239,0.10121,0.10171,186637810.0,2026-03-16 18:00:00
1773687600000,0.10172,0.10294,0.10143,0.10196,167220580.0,2026-03-16 19:00:00
1773691200000,0.10196,0.10208,0.10143,0.1015,106523370.0,2026-03-16 20:00:00
1773694800000,0.1015,0.10265,0.10116,0.10195,166047810.0,2026-03-16 21:00:00
1773698400000,0.10194,0.1034,0.10192,0.10321,269648330.0,2026-03-16 22:00:00
1773702000000,0.10321,0.1037,0.10218,0.10298,224986270.0,2026-03-16 23:00:00
1773705600000,0.10299,0.10402,0.1025,0.10318,330254290.0,2026-03-17 00:00:00
1773709200000,0.10319,0.10387,0.10254,0.10319,315780670.0,2026-03-17 01:00:00
1773712800000,0.10319,0.10443,0.10218,0.10348,404123630.0,2026-03-17 02:00:00
1773716400000,0.10348,0.10356,0.10059,0.10121,528312760.0,2026-03-17 03:00:00
1773720000000,0.10121,0.10162,0.09979,0.10048,387804930.0,2026-03-17 04:00:00
1773723600000,0.10048,0.10067,0.0994,0.09994,324197470.0,2026-03-17 05:00:00
1773727200000,0.09994,0.10054,0.09953,0.10003,216265130.0,2026-03-17 06:00:00
1773730800000,0.10003,0.1011,0.09996,0.10051,185227930.0,2026-03-17 07:00:00
1773734400000,0.10051,0.10139,0.10035,0.10079,195919880.0,2026-03-17 08:00:00
1773738000000,0.1008,0.10124,0.10028,0.1007,206074060.0,2026-03-17 09:00:00
1773741600000,0.10069,0.10072,0.09986,0.10013,220401720.0,2026-03-17 10:00:00
1773745200000,0.10013,0.10047,0.0999,0.10009,148719670.0,2026-03-17 11:00:00
1773748800000,0.10008,0.10017,0.09864,0.09878,442199480.0,2026-03-17 12:00:00
1773752400000,0.09877,0.09968,0.09833,0.0989,495206930.0,2026-03-17 13:00:00
1773756000000,0.0989,0.09976,0.09825,0.09965,413599090.0,2026-03-17 14:00:00
1773759600000,0.09965,0.10047,0.09875,0.0996,425801650.0,2026-03-17 15:00:00
1773763200000,0.09961,0.10033,0.09935,0.09986,211914970.0,2026-03-17 16:00:00
1773766800000,0.09987,0.10062,0.09954,0.10057,128347120.0,2026-03-17 17:00:00
1773770400000,0.10057,0.10109,0.1003,0.10094,130506330.0,2026-03-17 18:00:00
1773774000000,0.10095,0.10106,0.10012,0.10019,99607330.0,2026-03-17 19:00:00
1773777600000,0.10019,0.10062,0.09989,0.10051,57983650.0,2026-03-17 20:00:00
1773781200000,0.10051,0.10128,0.10034,0.10113,93909120.0,2026-03-17 21:00:00
1773784800000,0.10113,0.10171,0.1003,0.10081,139961300.0,2026-03-17 22:00:00
1773788400000,0.10082,0.10113,0.09997,0.10009,109165040.0,2026-03-17 23:00:00
1773792000000,0.1001,0.10038,0.09961,0.10006,141287480.0,2026-03-18 00:00:00
1773795600000,0.10007,0.10082,0.10005,0.10027,113979550.0,2026-03-18 01:00:00
1773799200000,0.10028,0.10136,0.10024,0.10085,131622440.0,2026-03-18 02:00:00
1773802800000,0.10085,0.10179,0.10058,0.10109,220644070.0,2026-03-18 03:00:00
1773806400000,0.10108,0.10118,0.09961,0.10014,220860320.0,2026-03-18 04:00:00
1773810000000,0.10015,0.1011,0.1,0.10018,192313750.0,2026-03-18 05:00:00
1773813600000,0.10019,0.10088,0.10008,0.10009,101333770.0,2026-03-18 06:00:00
1773817200000,0.10009,0.10009,0.09915,0.09952,259558920.0,2026-03-18 07:00:00
1773820800000,0.09951,0.10002,0.09946,0.09974,115651010.0,2026-03-18 08:00:00
1773824400000,0.09974,0.10005,0.0996,0.09983,106853130.0,2026-03-18 09:00:00
1773828000000,0.09983,0.09997,0.09874,0.09912,164027280.0,2026-03-18 10:00:00
1773831600000,0.09911,0.09934,0.09654,0.09705,838196300.0,2026-03-18 11:00:00
1773835200000,0.09704,0.0971,0.09561,0.09588,588269650.0,2026-03-18 12:00:00
1773838800000,0.09589,0.0963,0.09532,0.09574,452252920.0,2026-03-18 13:00:00
1773842400000,0.09575,0.09579,0.09423,0.09447,436455780.0,2026-03-18 14:00:00
1773846000000,0.09447,0.09477,0.09391,0.09431,261670070.0,2026-03-18 15:00:00
1773849600000,0.0943,0.0943,0.09342,0.09378,353990650.0,2026-03-18 16:00:00
1773853200000,0.09378,0.09476,0.09323,0.0943,289915310.0,2026-03-18 17:00:00
1773856800000,0.09431,0.09552,0.09413,0.09443,388820660.0,2026-03-18 18:00:00
1773860400000,0.09442,0.09533,0.0944,0.09459,154651200.0,2026-03-18 19:00:00
1773864000000,0.09459,0.0952,0.09387,0.0951,133625730.0,2026-03-18 20:00:00
1773867600000,0.09509,0.09557,0.09493,0.09528,101946150.0,2026-03-18 21:00:00
1773871200000,0.09528,0.09528,0.09481,0.09492,68215440.0,2026-03-18 22:00:00
1773874800000,0.09493,0.09522,0.0947,0.09519,72304950.0,2026-03-18 23:00:00
1773878400000,0.09519,0.09542,0.09491,0.095,97164560.0,2026-03-19 00:00:00
1773882000000,0.095,0.09519,0.09479,0.09482,61971300.0,2026-03-19 01:00:00
1773885600000,0.09481,0.09491,0.09437,0.0945,89665880.0,2026-03-19 02:00:00
1773889200000,0.0945,0.09605,0.09449,0.09539,190227800.0,2026-03-19 03:00:00
1773892800000,0.09538,0.09546,0.09465,0.09472,121941930.0,2026-03-19 04:00:00
1773896400000,0.09473,0.09491,0.09421,0.09449,123837030.0,2026-03-19 05:00:00
1773900000000,0.09449,0.09486,0.09415,0.09456,94880510.0,2026-03-19 06:00:00
1773903600000,0.09455,0.0948,0.09311,0.09433,452643870.0,2026-03-19 07:00:00
1773907200000,0.09432,0.09461,0.09406,0.09415,98424090.0,2026-03-19 08:00:00
1773910800000,0.09415,0.09537,0.09414,0.095,205102600.0,2026-03-19 09:00:00
1773914400000,0.095,0.09509,0.09407,0.09414,127984440.0,2026-03-19 10:00:00
1773918000000,0.09414,0.09421,0.09369,0.09394,152912140.0,2026-03-19 11:00:00
1773921600000,0.09394,0.09395,0.09242,0.09248,379868400.0,2026-03-19 12:00:00
1773925200000,0.09247,0.09362,0.09207,0.09331,386118690.0,2026-03-19 13:00:00
1773928800000,0.09331,0.09372,0.09245,0.093,184764400.0,2026-03-19 14:00:00
1773932400000,0.093,0.09344,0.09226,0.09283,181745910.0,2026-03-19 15:00:00
1773936000000,0.09282,0.09286,0.09201,0.09234,189980910.0,2026-03-19 16:00:00
1773939600000,0.09234,0.09295,0.09166,0.09285,206893900.0,2026-03-19 17:00:00
1773943200000,0.09284,0.09304,0.09241,0.09271,65885390.0,2026-03-19 18:00:00
1773946800000,0.09271,0.09389,0.09268,0.09327,171935020.0,2026-03-19 19:00:00
1773950400000,0.09327,0.09375,0.09321,0.09351,50877600.0,2026-03-19 20:00:00
1773954000000,0.09352,0.09375,0.09342,0.09356,43948770.0,2026-03-19 21:00:00
1773957600000,0.09356,0.09361,0.09292,0.09323,79691050.0,2026-03-19 22:00:00
1773961200000,0.09324,0.09366,0.09314,0.09347,114767810.0,2026-03-19 23:00:00
1773964800000,0.09348,0.09393,0.09342,0.09387,105819310.0,2026-03-20 00:00:00
1773968400000,0.09387,0.09463,0.09386,0.0942,137008100.0,2026-03-20 01:00:00
1773972000000,0.09419,0.09428,0.09349,0.09393,122924080.0,2026-03-20 02:00:00
1773975600000,0.09393,0.0945,0.09377,0.09403,100133800.0,2026-03-20 03:00:00
1773979200000,0.09403,0.09464,0.09372,0.09458,111476990.0,2026-03-20 04:00:00
1773982800000,0.09457,0.09538,0.09447,0.09471,215972870.0,2026-03-20 05:00:00
1773986400000,0.0947,0.09483,0.09427,0.09436,86551790.0,2026-03-20 06:00:00
1773990000000,0.09435,0.09435,0.09356,0.09404,184063550.0,2026-03-20 07:00:00
1773993600000,0.09404,0.09509,0.09401,0.09445,149165790.0,2026-03-20 08:00:00
1773997200000,0.09445,0.09445,0.09364,0.09387,94151420.0,2026-03-20 09:00:00
1774000800000,0.09387,0.09442,0.09344,0.09432,112823400.0,2026-03-20 10:00:00
1774004400000,0.09431,0.09471,0.09379,0.09402,100155440.0,2026-03-20 11:00:00
1774008000000,0.09402,0.09438,0.09359,0.0938,123786700.0,2026-03-20 12:00:00
1774011600000,0.0938,0.0942,0.09316,0.09334,208609120.0,2026-03-20 13:00:00
1774015200000,0.09334,0.09423,0.09302,0.09368,245068820.0,2026-03-20 14:00:00
1774018800000,0.09367,0.09429,0.09346,0.09416,122451930.0,2026-03-20 15:00:00
1774022400000,0.09416,0.09441,0.09352,0.09388,112695010.0,2026-03-20 16:00:00
1774026000000,0.09388,0.09409,0.09338,0.09398,93994100.0,2026-03-20 17:00:00
1774029600000,0.09399,0.0942,0.09316,0.09349,89435800.0,2026-03-20 18:00:00
1774033200000,0.0935,0.09372,0.09282,0.09366,117813540.0,2026-03-20 19:00:00
1774036800000,0.09366,0.09375,0.09314,0.09369,62131850.0,2026-03-20 20:00:00
1774040400000,0.09368,0.09442,0.09337,0.09414,85589540.0,2026-03-20 21:00:00
1774044000000,0.09415,0.09492,0.09414,0.09431,120143490.0,2026-03-20 22:00:00
1774047600000,0.09431,0.09432,0.09383,0.09411,56044710.0,2026-03-20 23:00:00
1774051200000,0.09412,0.09434,0.09399,0.09428,48497860.0,2026-03-21 00:00:00
1774054800000,0.09428,0.09454,0.09386,0.09396,69978020.0,2026-03-21 01:00:00
1774058400000,0.09396,0.09477,0.09394,0.09465,128178480.0,2026-03-21 02:00:00
1774062000000,0.09465,0.09492,0.09455,0.09467,82387500.0,2026-03-21 03:00:00
1774065600000,0.09467,0.09482,0.09448,0.09454,53118600.0,2026-03-21 04:00:00
1774069200000,0.09453,0.09487,0.09453,0.09465,73302920.0,2026-03-21 05:00:00
1774072800000,0.09466,0.0949,0.0944,0.09457,81499540.0,2026-03-21 06:00:00
1774076400000,0.09457,0.09469,0.09424,0.09434,101303680.0,2026-03-21 07:00:00
1774080000000,0.09434,0.0944,0.09416,0.09432,66277420.0,2026-03-21 08:00:00
1774083600000,0.09433,0.09446,0.0942,0.09427,35300090.0,2026-03-21 09:00:00
1774087200000,0.09427,0.09431,0.09386,0.09394,80605750.0,2026-03-21 10:00:00
1774090800000,0.09395,0.09404,0.09372,0.09396,47644610.0,2026-03-21 11:00:00
1774094400000,0.09397,0.09411,0.09386,0.09394,49431520.0,2026-03-21 12:00:00
1774098000000,0.09393,0.09397,0.09347,0.09364,95423450.0,2026-03-21 13:00:00
1774101600000,0.09365,0.09422,0.09355,0.09365,106410310.0,2026-03-21 14:00:00
1774105200000,0.09365,0.0946,0.09359,0.0946,135663080.0,2026-03-21 15:00:00
1774108800000,0.0946,0.09463,0.09415,0.09425,128492590.0,2026-03-21 16:00:00
1774112400000,0.09425,0.09429,0.09383,0.09399,79178540.0,2026-03-21 17:00:00
1774116000000,0.094,0.09421,0.09387,0.09401,32813930.0,2026-03-21 18:00:00
1774119600000,0.09401,0.09408,0.09382,0.09401,42923540.0,2026-03-21 19:00:00
1774123200000,0.094,0.09435,0.09394,0.09428,47048570.0,2026-03-21 20:00:00
1774126800000,0.09428,0.0943,0.09399,0.0941,43106730.0,2026-03-21 21:00:00
1774130400000,0.0941,0.09416,0.09386,0.09395,32872920.0,2026-03-21 22:00:00
1774134000000,0.09395,0.09396,0.09043,0.09127,752413050.0,2026-03-21 23:00:00
1774137600000,0.09127,0.09193,0.08981,0.09138,527848330.0,2026-03-22 00:00:00
1774141200000,0.09138,0.0918,0.091,0.09141,187076960.0,2026-03-22 01:00:00
1774144800000,0.09141,0.09232,0.09141,0.09198,156432680.0,2026-03-22 02:00:00
1774148400000,0.09198,0.09281,0.09167,0.09227,197494180.0,2026-03-22 03:00:00
1774152000000,0.09226,0.09276,0.09211,0.09259,131701600.0,2026-03-22 04:00:00
1774155600000,0.09259,0.0926,0.09207,0.0921,88176720.0,2026-03-22 05:00:00
1774159200000,0.0921,0.09211,0.09168,0.09182,119895200.0,2026-03-22 06:00:00
1774162800000,0.09183,0.09198,0.09125,0.09128,139205480.0,2026-03-22 07:00:00
1774166400000,0.09128,0.09135,0.09067,0.09113,223863530.0,2026-03-22 08:00:00
1774170000000,0.09113,0.09157,0.09097,0.09116,110287530.0,2026-03-22 09:00:00
1774173600000,0.09117,0.09117,0.09086,0.09095,60082170.0,2026-03-22 10:00:00
1774177200000,0.09094,0.09122,0.09081,0.09105,90678490.0,2026-03-22 11:00:00
1774180800000,0.09105,0.09198,0.09104,0.09144,189906190.0,2026-03-22 12:00:00
1774184400000,0.09144,0.09188,0.09106,0.09131,103339350.0,2026-03-22 13:00:00
1774188000000,0.09132,0.09176,0.09106,0.09137,101159170.0,2026-03-22 14:00:00
1774191600000,0.09137,0.09162,0.09124,0.09156,76999670.0,2026-03-22 15:00:00
1774195200000,0.09157,0.0917,0.09132,0.09154,76179770.0,2026-03-22 16:00:00
1774198800000,0.09155,0.09157,0.09132,0.09138,57854250.0,2026-03-22 17:00:00
1774202400000,0.09138,0.09138,0.09016,0.09071,218222480.0,2026-03-22 18:00:00
1774206000000,0.09072,0.09072,0.09002,0.09043,125309870.0,2026-03-22 19:00:00
1774209600000,0.09044,0.09073,0.09002,0.09017,85895350.0,2026-03-22 20:00:00
1774213200000,0.09017,0.09025,0.08908,0.08988,391465230.0,2026-03-22 21:00:00
1774216800000,0.08987,0.09059,0.08925,0.09048,154272990.0,2026-03-22 22:00:00
1774220400000,0.09048,0.09074,0.08999,0.09009,92730070.0,2026-03-22 23:00:00
1774224000000,0.0901,0.09055,0.08972,0.09027,137966860.0,2026-03-23 00:00:00
1774227600000,0.09028,0.09089,0.0901,0.09045,91696300.0,2026-03-23 01:00:00
1774231200000,0.09046,0.09123,0.09031,0.09095,127929070.0,2026-03-23 02:00:00
1774234800000,0.09095,0.09143,0.09056,0.09057,79031190.0,2026-03-23 03:00:00
1774238400000,0.09057,0.0911,0.09056,0.09098,55273630.0,2026-03-23 04:00:00
1774242000000,0.09099,0.09119,0.09057,0.0909,114047320.0,2026-03-23 05:00:00
1774245600000,0.0909,0.0909,0.09001,0.09032,185147520.0,2026-03-23 06:00:00
1774249200000,0.09033,0.09065,0.08967,0.09038,233268320.0,2026-03-23 07:00:00
1774252800000,0.09038,0.09076,0.08978,0.08983,146889510.0,2026-03-23 08:00:00
1774256400000,0.08982,0.08999,0.08919,0.08999,229489510.0,2026-03-23 09:00:00
1774260000000,0.08998,0.09035,0.08972,0.08993,148178730.0,2026-03-23 10:00:00
1774263600000,0.08993,0.09535,0.08993,0.0925,2310418780.0,2026-03-23 11:00:00
1774267200000,0.0925,0.09341,0.09182,0.09326,450018040.0,2026-03-23 12:00:00
1774270800000,0.09326,0.09441,0.09286,0.09421,341968170.0,2026-03-23 13:00:00
1774274400000,0.0942,0.09498,0.09393,0.09487,355511370.0,2026-03-23 14:00:00
1774278000000,0.09488,0.09575,0.09364,0.09377,537661490.0,2026-03-23 15:00:00
1774281600000,0.09376,0.09427,0.09303,0.09394,310518760.0,2026-03-23 16:00:00
1774285200000,0.09394,0.09507,0.09373,0.09496,189813800.0,2026-03-23 17:00:00
1774288800000,0.09496,0.09558,0.09464,0.09543,142469150.0,2026-03-23 18:00:00
1774292400000,0.09543,0.09576,0.09475,0.09486,137725120.0,2026-03-23 19:00:00
1774296000000,0.09485,0.09545,0.09475,0.09498,83104980.0,2026-03-23 20:00:00
1774299600000,0.09498,0.09526,0.0948,0.09495,53723560.0,2026-03-23 21:00:00
1774303200000,0.09495,0.09504,0.09407,0.09426,109294830.0,2026-03-23 22:00:00
1774306800000,0.09425,0.09434,0.09342,0.0941,177930320.0,2026-03-23 23:00:00
1774310400000,0.0941,0.09435,0.09308,0.09362,172133290.0,2026-03-24 00:00:00
1774314000000,0.09361,0.09364,0.09266,0.09316,165926970.0,2026-03-24 01:00:00
1774317600000,0.09316,0.09385,0.09301,0.0931,90829110.0,2026-03-24 02:00:00
1774321200000,0.0931,0.09384,0.09304,0.09374,83558310.0,2026-03-24 03:00:00
1774324800000,0.09373,0.0939,0.09326,0.09355,99264400.0,2026-03-24 04:00:00
1774328400000,0.09355,0.09379,0.09313,0.09355,87787860.0,2026-03-24 05:00:00
1774332000000,0.09355,0.09382,0.09325,0.0937,77027980.0,2026-03-24 06:00:00
1774335600000,0.0937,0.09538,0.09359,0.09519,336470520.0,2026-03-24 07:00:00
1774339200000,0.09518,0.09557,0.09492,0.09504,224657600.0,2026-03-24 08:00:00
1774342800000,0.09504,0.09524,0.09463,0.09501,187610380.0,2026-03-24 09:00:00
1774346400000,0.09501,0.09501,0.09383,0.09417,266850840.0,2026-03-24 10:00:00
1774350000000,0.09417,0.09441,0.09353,0.09418,204875390.0,2026-03-24 11:00:00
1774353600000,0.09418,0.09454,0.09397,0.09429,85294840.0,2026-03-24 12:00:00
1774357200000,0.09429,0.09463,0.09343,0.09362,272011180.0,2026-03-24 13:00:00
1774360800000,0.09362,0.09426,0.09261,0.09344,402998370.0,2026-03-24 14:00:00
1774364400000,0.09345,0.09393,0.09328,0.09332,139156620.0,2026-03-24 15:00:00
1774368000000,0.09332,0.09373,0.09305,0.09326,106372350.0,2026-03-24 16:00:00
1774371600000,0.09326,0.09336,0.09236,0.09257,212680440.0,2026-03-24 17:00:00
1774375200000,0.09257,0.09322,0.09249,0.09291,93847580.0,2026-03-24 18:00:00
1774378800000,0.09291,0.09338,0.09289,0.09307,56569420.0,2026-03-24 19:00:00
1774382400000,0.09307,0.09488,0.09299,0.09454,189474140.0,2026-03-24 20:00:00
1774386000000,0.09453,0.09477,0.09404,0.09452,86487470.0,2026-03-24 21:00:00
1774389600000,0.09453,0.09488,0.09436,0.09467,102745440.0,2026-03-24 22:00:00
1774393200000,0.09467,0.0954,0.09464,0.09506,144956940.0,2026-03-24 23:00:00
1774396800000,0.09506,0.09544,0.09456,0.09496,158404780.0,2026-03-25 00:00:00
1774400400000,0.09495,0.09533,0.09475,0.09509,123441430.0,2026-03-25 01:00:00
1774404000000,0.09509,0.09518,0.09464,0.09469,101291270.0,2026-03-25 02:00:00
1774407600000,0.0947,0.09526,0.09435,0.09516,117806930.0,2026-03-25 03:00:00
1774411200000,0.09515,0.09566,0.09492,0.0955,96268520.0,2026-03-25 04:00:00
1774414800000,0.0955,0.09686,0.09549,0.09619,423916480.0,2026-03-25 05:00:00
1774418400000,0.09618,0.09767,0.09615,0.09691,417961230.0,2026-03-25 06:00:00
1774422000000,0.09692,0.09758,0.09641,0.09676,222676660.0,2026-03-25 07:00:00
1774425600000,0.09676,0.09744,0.09676,0.09693,194321850.0,2026-03-25 08:00:00
1774429200000,0.09693,0.09695,0.09638,0.0968,183679270.0,2026-03-25 09:00:00
1774432800000,0.0968,0.09709,0.09676,0.09695,95923970.0,2026-03-25 10:00:00
1774436400000,0.09695,0.09743,0.09672,0.09693,162350550.0,2026-03-25 11:00:00
1774440000000,0.09693,0.09791,0.09643,0.09767,264367010.0,2026-03-25 12:00:00
1774443600000,0.09768,0.09784,0.09711,0.09733,195160580.0,2026-03-25 13:00:00
1774447200000,0.09733,0.09778,0.09683,0.09687,181166750.0,2026-03-25 14:00:00
1774450800000,0.09688,0.09692,0.09553,0.09594,466538720.0,2026-03-25 15:00:00
1774454400000,0.09594,0.09707,0.09578,0.09656,258218800.0,2026-03-25 16:00:00
1774458000000,0.09655,0.09677,0.09606,0.09617,135296770.0,2026-03-25 17:00:00
1774461600000,0.09617,0.09656,0.09596,0.09615,87113090.0,2026-03-25 18:00:00
1774465200000,0.09614,0.09649,0.09597,0.0964,54974200.0,2026-03-25 19:00:00
1774468800000,0.09641,0.09644,0.09571,0.09617,84187830.0,2026-03-25 20:00:00
1774472400000,0.09617,0.09649,0.09602,0.0961,42877050.0,2026-03-25 21:00:00
1774476000000,0.09611,0.09677,0.0959,0.09636,107908120.0,2026-03-25 22:00:00
1774479600000,0.09637,0.09639,0.09584,0.09615,59353910.0,2026-03-25 23:00:00
1774483200000,0.09614,0.09624,0.09573,0.09585,74129890.0,2026-03-26 00:00:00
1774486800000,0.09585,0.09601,0.09545,0.09565,109986460.0,2026-03-26 01:00:00
1774490400000,0.09565,0.09567,0.0945,0.09482,309491070.0,2026-03-26 02:00:00
1774494000000,0.09482,0.09484,0.094,0.09455,159283430.0,2026-03-26 03:00:00
1774497600000,0.09455,0.09459,0.09416,0.09424,104786400.0,2026-03-26 04:00:00
1774501200000,0.09423,0.09425,0.09259,0.0927,414850880.0,2026-03-26 05:00:00
1774504800000,0.0927,0.0928,0.09215,0.0926,330105020.0,2026-03-26 06:00:00
1774508400000,0.0926,0.09281,0.09225,0.09269,116914260.0,2026-03-26 07:00:00
1774512000000,0.09269,0.09271,0.09205,0.09225,183920680.0,2026-03-26 08:00:00
1774515600000,0.09225,0.09231,0.09103,0.09158,429845660.0,2026-03-26 09:00:00
1774519200000,0.09158,0.09176,0.09134,0.09174,122985410.0,2026-03-26 10:00:00
1774522800000,0.09174,0.09176,0.09123,0.09127,157245100.0,2026-03-26 11:00:00
1774526400000,0.09128,0.09158,0.09109,0.09153,91633370.0,2026-03-26 12:00:00
1774530000000,0.09154,0.09215,0.09125,0.09169,222063290.0,2026-03-26 13:00:00
1774533600000,0.09169,0.09187,0.09123,0.09154,126940590.0,2026-03-26 14:00:00
1774537200000,0.09153,0.09154,0.09039,0.0909,278994920.0,2026-03-26 15:00:00
1774540800000,0.0909,0.09132,0.09078,0.09098,139581890.0,2026-03-26 16:00:00
1774544400000,0.09098,0.09149,0.09071,0.09088,172556520.0,2026-03-26 17:00:00
1774548000000,0.09088,0.0911,0.09052,0.09098,169102020.0,2026-03-26 18:00:00
1774551600000,0.09099,0.09123,0.09084,0.09104,59550710.0,2026-03-26 19:00:00
1774555200000,0.09105,0.09265,0.09089,0.09172,385824760.0,2026-03-26 20:00:00
1774558800000,0.09172,0.09274,0.09161,0.09225,133471070.0,2026-03-26 21:00:00
1774562400000,0.09226,0.09243,0.09183,0.0921,99750400.0,2026-03-26 22:00:00
1774566000000,0.09211,0.09225,0.09179,0.09199,63832720.0,2026-03-26 23:00:00
1774569600000,0.09199,0.09218,0.09172,0.092,71938020.0,2026-03-27 00:00:00
1774573200000,0.09199,0.09245,0.09192,0.09244,75932890.0,2026-03-27 01:00:00
1774576800000,0.09244,0.09266,0.09216,0.09231,93612710.0,2026-03-27 02:00:00
1774580400000,0.0923,0.09237,0.09185,0.09191,79528510.0,2026-03-27 03:00:00
1774584000000,0.09191,0.09209,0.09132,0.09191,183886130.0,2026-03-27 04:00:00
1774587600000,0.0919,0.09231,0.09176,0.09189,87392910.0,2026-03-27 05:00:00
1774591200000,0.09188,0.09205,0.09178,0.0919,57148360.0,2026-03-27 06:00:00
1774594800000,0.0919,0.09227,0.09179,0.09216,88082170.0,2026-03-27 07:00:00
1774598400000,0.09216,0.09239,0.09105,0.09178,258890530.0,2026-03-27 08:00:00
1774602000000,0.09177,0.09178,0.09087,0.09099,167121180.0,2026-03-27 09:00:00
1774605600000,0.09099,0.09108,0.08919,0.08956,692217260.0,2026-03-27 10:00:00
1774609200000,0.08955,0.09022,0.08921,0.09004,190739300.0,2026-03-27 11:00:00
1774612800000,0.09005,0.09029,0.08972,0.09009,135684500.0,2026-03-27 12:00:00
1774616400000,0.09009,0.09034,0.08951,0.08981,205419020.0,2026-03-27 13:00:00
1774620000000,0.0898,0.09012,0.08925,0.0899,209812360.0,2026-03-27 14:00:00
1774623600000,0.0899,0.0909,0.08962,0.0903,254870420.0,2026-03-27 15:00:00
1774627200000,0.0903,0.09045,0.08982,0.09003,129435270.0,2026-03-27 16:00:00
1774630800000,0.09003,0.09047,0.08969,0.08974,123822850.0,2026-03-27 17:00:00
1774634400000,0.08974,0.09006,0.08941,0.08996,75195370.0,2026-03-27 18:00:00
1774638000000,0.08996,0.09032,0.08973,0.09002,81519230.0,2026-03-27 19:00:00
1774641600000,0.09002,0.0902,0.0896,0.09001,53195680.0,2026-03-27 20:00:00
1774645200000,0.09001,0.09027,0.08983,0.0899,45505550.0,2026-03-27 21:00:00
1774648800000,0.0899,0.09005,0.08972,0.08994,41770280.0,2026-03-27 22:00:00
1774652400000,0.08994,0.09018,0.08962,0.09006,57962200.0,2026-03-27 23:00:00
1774656000000,0.09005,0.09027,0.09001,0.09022,59559500.0,2026-03-28 00:00:00
1774659600000,0.09023,0.09042,0.08982,0.09032,93558830.0,2026-03-28 01:00:00
1774663200000,0.09032,0.09062,0.09003,0.09017,78457220.0,2026-03-28 02:00:00
1774666800000,0.09016,0.0902,0.08976,0.08985,48647840.0,2026-03-28 03:00:00
1774670400000,0.08984,0.09005,0.08963,0.08999,58509250.0,2026-03-28 04:00:00
1774674000000,0.08998,0.0903,0.08975,0.09028,71893240.0,2026-03-28 05:00:00
1774677600000,0.09028,0.09067,0.09018,0.09031,90488820.0,2026-03-28 06:00:00
1774681200000,0.09031,0.09126,0.09027,0.09117,120365590.0,2026-03-28 07:00:00
1774684800000,0.09118,0.09138,0.09087,0.09096,119722500.0,2026-03-28 08:00:00
1774688400000,0.09096,0.09109,0.09078,0.09097,55070150.0,2026-03-28 09:00:00
1774692000000,0.09096,0.09215,0.09095,0.09107,228103740.0,2026-03-28 10:00:00
1774695600000,0.09107,0.09146,0.09099,0.09132,93658890.0,2026-03-28 11:00:00
1774699200000,0.09133,0.0917,0.0911,0.09132,77581110.0,2026-03-28 12:00:00
1774702800000,0.09131,0.09288,0.09114,0.09264,349019310.0,2026-03-28 13:00:00
1774706400000,0.09265,0.09408,0.0925,0.09357,428669710.0,2026-03-28 14:00:00
1774710000000,0.09356,0.09531,0.09346,0.094,529812930.0,2026-03-28 15:00:00
1774713600000,0.09401,0.09428,0.09281,0.09284,384471880.0,2026-03-28 16:00:00
1774717200000,0.09283,0.09323,0.09233,0.09252,203701650.0,2026-03-28 17:00:00
1774720800000,0.09251,0.09277,0.09231,0.09256,80780990.0,2026-03-28 18:00:00
1774724400000,0.09255,0.09267,0.09181,0.09223,185443430.0,2026-03-28 19:00:00
1774728000000,0.09223,0.09242,0.09196,0.0922,63944870.0,2026-03-28 20:00:00
1774731600000,0.0922,0.09227,0.09151,0.09174,97928010.0,2026-03-28 21:00:00
1774735200000,0.09174,0.09182,0.09135,0.09162,97676640.0,2026-03-28 22:00:00
1774738800000,0.09161,0.09161,0.09027,0.09093,272506960.0,2026-03-28 23:00:00
1774742400000,0.09093,0.09095,0.09048,0.09083,88959080.0,2026-03-29 00:00:00
1774746000000,0.09083,0.09121,0.09067,0.09103,130023110.0,2026-03-29 01:00:00
1774749600000,0.09104,0.09133,0.09085,0.09114,98728250.0,2026-03-29 02:00:00
1774753200000,0.09114,0.09161,0.09099,0.09137,133972010.0,2026-03-29 03:00:00
1774756800000,0.09138,0.09138,0.09096,0.09102,72055720.0,2026-03-29 04:00:00
1774760400000,0.09102,0.09111,0.09064,0.091,128586330.0,2026-03-29 05:00:00
1774764000000,0.091,0.09144,0.09089,0.09132,94576220.0,2026-03-29 06:00:00
1774767600000,0.09132,0.09132,0.09095,0.09115,64815030.0,2026-03-29 07:00:00
1774771200000,0.09115,0.09132,0.09101,0.0911,49617220.0,2026-03-29 08:00:00
1774774800000,0.0911,0.09112,0.09075,0.09091,80181390.0,2026-03-29 09:00:00
1774778400000,0.0909,0.0909,0.09036,0.0906,133375230.0,2026-03-29 10:00:00
1774782000000,0.0906,0.09124,0.09058,0.09092,117301090.0,2026-03-29 11:00:00
1774785600000,0.09092,0.09093,0.09056,0.09087,82155660.0,2026-03-29 12:00:00
1774789200000,0.09087,0.09089,0.09011,0.09028,161281800.0,2026-03-29 13:00:00
1774792800000,0.09029,0.09074,0.09006,0.09035,153880230.0,2026-03-29 14:00:00
1774796400000,0.09036,0.09068,0.08988,0.09012,296035470.0,2026-03-29 15:00:00
1774800000000,0.09011,0.09044,0.09003,0.09014,126061680.0,2026-03-29 16:00:00
1774803600000,0.09015,0.09037,0.08984,0.09034,127450500.0,2026-03-29 17:00:00
1774807200000,0.09035,0.09078,0.09014,0.09054,64919800.0,2026-03-29 18:00:00
1774810800000,0.09055,0.09065,0.09038,0.09057,65091480.0,2026-03-29 19:00:00
1774814400000,0.09056,0.09144,0.09055,0.09099,91165060.0,2026-03-29 20:00:00
1774818000000,0.09099,0.09149,0.09099,0.09131,55404160.0,2026-03-29 21:00:00
1774821600000,0.0913,0.0913,0.08774,0.08991,768681320.0,2026-03-29 22:00:00
1774825200000,0.08991,0.09074,0.08977,0.09039,262060390.0,2026-03-29 23:00:00
1774828800000,0.0904,0.09221,0.09018,0.09124,322504140.0,2026-03-30 00:00:00
1774832400000,0.09124,0.09189,0.09122,0.09153,180384600.0,2026-03-30 01:00:00
1774836000000,0.09153,0.09287,0.09147,0.09244,266744050.0,2026-03-30 02:00:00
1774839600000,0.09244,0.09262,0.09203,0.09244,136523810.0,2026-03-30 03:00:00
1774843200000,0.09244,0.09309,0.09244,0.09291,179908730.0,2026-03-30 04:00:00
1774846800000,0.09291,0.09364,0.09291,0.093,251756390.0,2026-03-30 05:00:00
1774850400000,0.09301,0.0934,0.09253,0.09254,258705640.0,2026-03-30 06:00:00
1774854000000,0.09254,0.09358,0.09247,0.09331,194626900.0,2026-03-30 07:00:00
1774857600000,0.0933,0.09387,0.09305,0.09316,183421570.0,2026-03-30 08:00:00
1774861200000,0.09316,0.0932,0.09254,0.09272,153261280.0,2026-03-30 09:00:00
1774864800000,0.09272,0.0929,0.09201,0.0927,214738120.0,2026-03-30 10:00:00
1774868400000,0.09271,0.09356,0.09265,0.09285,206076600.0,2026-03-30 11:00:00
1774872000000,0.09285,0.09313,0.09273,0.09286,102139860.0,2026-03-30 12:00:00
1774875600000,0.09286,0.09331,0.09266,0.09282,138185990.0,2026-03-30 13:00:00
1774879200000,0.09282,0.09325,0.09223,0.09297,236690650.0,2026-03-30 14:00:00
1774882800000,0.09297,0.09319,0.0924,0.09285,128345070.0,2026-03-30 15:00:00
1774886400000,0.09285,0.09301,0.09245,0.09271,93271180.0,2026-03-30 16:00:00
1774890000000,0.09271,0.09284,0.09141,0.0916,271777690.0,2026-03-30 17:00:00
1774893600000,0.09159,0.09174,0.09075,0.09097,204600560.0,2026-03-30 18:00:00
1774897200000,0.09097,0.09103,0.09042,0.09087,121912590.0,2026-03-30 19:00:00
1774900800000,0.09086,0.09107,0.09078,0.09079,71091420.0,2026-03-30 20:00:00
1774904400000,0.09079,0.09147,0.09058,0.09121,129319230.0,2026-03-30 21:00:00
1774908000000,0.09121,0.0914,0.09083,0.091,88894770.0,2026-03-30 22:00:00
1774911600000,0.091,0.091,0.09031,0.09079,168110640.0,2026-03-30 23:00:00
1774915200000,0.09079,0.09134,0.09046,0.09109,198872660.0,2026-03-31 00:00:00
1774918800000,0.09109,0.09275,0.09096,0.09219,321420510.0,2026-03-31 01:00:00
1774922400000,0.09219,0.09233,0.0918,0.09211,112555070.0,2026-03-31 02:00:00
1774926000000,0.09212,0.09213,0.09146,0.09165,135547260.0,2026-03-31 03:00:00
1774929600000,0.09165,0.09192,0.09133,0.09136,116209690.0,2026-03-31 04:00:00
1774933200000,0.09136,0.09149,0.09112,0.09139,98554040.0,2026-03-31 05:00:00
1774936800000,0.09139,0.09175,0.09097,0.09167,109341060.0,2026-03-31 06:00:00
1774940400000,0.09168,0.09176,0.091,0.09125,135674950.0,2026-03-31 07:00:00
1774944000000,0.09125,0.09147,0.09063,0.09076,161720750.0,2026-03-31 08:00:00
1774947600000,0.09075,0.09095,0.08926,0.08967,506500700.0,2026-03-31 09:00:00
1774951200000,0.08967,0.09026,0.08959,0.09001,194164930.0,2026-03-31 10:00:00
1774954800000,0.09002,0.09058,0.08988,0.09029,206734620.0,2026-03-31 11:00:00
1774958400000,0.0903,0.09068,0.09019,0.09026,120954260.0,2026-03-31 12:00:00
1774962000000,0.09026,0.09155,0.09026,0.09116,203996160.0,2026-03-31 13:00:00
1774965600000,0.09115,0.09186,0.09006,0.09039,370556830.0,2026-03-31 14:00:00
1774969200000,0.09039,0.09135,0.09033,0.09038,221915060.0,2026-03-31 15:00:00
1774972800000,0.09038,0.09212,0.09026,0.09147,396512540.0,2026-03-31 16:00:00
1774976400000,0.09147,0.09263,0.09123,0.0915,337224140.0,2026-03-31 17:00:00
1774980000000,0.09149,0.09232,0.09149,0.09229,128452350.0,2026-03-31 18:00:00
1774983600000,0.09229,0.0925,0.09182,0.09211,94363680.0,2026-03-31 19:00:00
1774987200000,0.0921,0.09266,0.09209,0.09265,117525900.0,2026-03-31 20:00:00
1774990800000,0.09266,0.09279,0.09211,0.09239,83959620.0,2026-03-31 21:00:00
1774994400000,0.09238,0.09243,0.09132,0.09174,164394950.0,2026-03-31 22:00:00
1774998000000,0.09175,0.09237,0.0917,0.09229,85376410.0,2026-03-31 23:00:00
1775001600000,0.09229,0.09273,0.09198,0.09254,98695030.0,2026-04-01 00:00:00
1775005200000,0.09255,0.09263,0.09169,0.09182,112059100.0,2026-04-01 01:00:00
1775008800000,0.09182,0.09214,0.09158,0.09177,116660270.0,2026-04-01 02:00:00
1775012400000,0.09177,0.09259,0.09177,0.09243,127987180.0,2026-04-01 03:00:00
1775016000000,0.09243,0.09259,0.09223,0.09238,80540040.0,2026-04-01 04:00:00
1775019600000,0.09238,0.0933,0.09213,0.09317,208783970.0,2026-04-01 05:00:00
1775023200000,0.09317,0.09439,0.09315,0.09425,320328150.0,2026-04-01 06:00:00
1775026800000,0.09425,0.09449,0.09314,0.09322,310747040.0,2026-04-01 07:00:00
1775030400000,0.09321,0.09337,0.09227,0.09245,306392500.0,2026-04-01 08:00:00
1775034000000,0.09244,0.09257,0.09182,0.09236,209816660.0,2026-04-01 09:00:00
1775037600000,0.09237,0.09263,0.09195,0.09242,120674730.0,2026-04-01 10:00:00
1775041200000,0.09243,0.09281,0.09223,0.09247,110902020.0,2026-04-01 11:00:00
1775044800000,0.09248,0.09322,0.09225,0.09254,217213210.0,2026-04-01 12:00:00
1775048400000,0.09254,0.09289,0.09204,0.09236,197188890.0,2026-04-01 13:00:00
1775052000000,0.09235,0.09301,0.09227,0.09278,151951680.0,2026-04-01 14:00:00
1775055600000,0.09279,0.0932,0.0925,0.09302,132369200.0,2026-04-01 15:00:00
1775059200000,0.09303,0.09364,0.09253,0.09337,198166620.0,2026-04-01 16:00:00
1775062800000,0.09337,0.09426,0.0927,0.09278,330307440.0,2026-04-01 17:00:00
1775066400000,0.09277,0.09285,0.09233,0.09248,117016040.0,2026-04-01 18:00:00
1775070000000,0.09248,0.09293,0.09244,0.0928,61744210.0,2026-04-01 19:00:00
1775073600000,0.09281,0.09286,0.09222,0.09257,135696520.0,2026-04-01 20:00:00
1775077200000,0.09257,0.0933,0.09254,0.09307,82977080.0,2026-04-01 21:00:00
1775080800000,0.09307,0.09315,0.09233,0.09238,116635840.0,2026-04-01 22:00:00
1775084400000,0.09237,0.09262,0.09203,0.09215,153907910.0,2026-04-01 23:00:00
1775088000000,0.09215,0.09267,0.09197,0.09246,190630250.0,2026-04-02 00:00:00
1775091600000,0.09247,0.09251,0.09,0.0905,905897140.0,2026-04-02 01:00:00
1775095200000,0.0905,0.09053,0.08971,0.09007,331882260.0,2026-04-02 02:00:00
1775098800000,0.09008,0.09043,0.08946,0.09006,255505500.0,2026-04-02 03:00:00
1775102400000,0.09006,0.09006,0.08958,0.08968,118090270.0,2026-04-02 04:00:00
1775106000000,0.08968,0.09015,0.08913,0.09004,229318720.0,2026-04-02 05:00:00
1775109600000,0.09004,0.09032,0.08987,0.09003,103046110.0,2026-04-02 06:00:00
1775113200000,0.09004,0.09038,0.08985,0.0902,106365100.0,2026-04-02 07:00:00
1775116800000,0.0902,0.09027,0.08998,0.09005,72347650.0,2026-04-02 08:00:00
1775120400000,0.09005,0.09049,0.08976,0.09016,128581490.0,2026-04-02 09:00:00
1775124000000,0.09017,0.09018,0.08968,0.08983,109390140.0,2026-04-02 10:00:00
1775127600000,0.08984,0.09003,0.08945,0.0899,151159710.0,2026-04-02 11:00:00
1775131200000,0.08991,0.08995,0.08928,0.08935,145234100.0,2026-04-02 12:00:00
1775134800000,0.08936,0.0898,0.08892,0.08973,239939540.0,2026-04-02 13:00:00
1775138400000,0.08974,0.09116,0.08954,0.09056,408942850.0,2026-04-02 14:00:00
1775142000000,0.09056,0.09072,0.09001,0.09031,140009460.0,2026-04-02 15:00:00
1775145600000,0.09031,0.09081,0.08998,0.0901,163221040.0,2026-04-02 16:00:00
1775149200000,0.0901,0.09076,0.08964,0.08973,224186150.0,2026-04-02 17:00:00
1775152800000,0.08973,0.09031,0.08958,0.09012,84610610.0,2026-04-02 18:00:00
1775156400000,0.09013,0.09027,0.08988,0.09024,63795070.0,2026-04-02 19:00:00
1775160000000,0.09024,0.09068,0.09004,0.09055,79410170.0,2026-04-02 20:00:00
1775163600000,0.09056,0.09062,0.09019,0.09043,40440010.0,2026-04-02 21:00:00
1775167200000,0.09043,0.09055,0.09014,0.09038,45709380.0,2026-04-02 22:00:00
1775170800000,0.09038,0.09041,0.09015,0.09035,35770330.0,2026-04-02 23:00:00
1775174400000,0.09035,0.09049,0.09014,0.09025,58982150.0,2026-04-03 00:00:00
1775178000000,0.09025,0.09073,0.09002,0.09026,145527900.0,2026-04-03 01:00:00
1775181600000,0.09026,0.09064,0.08986,0.09032,146708640.0,2026-04-03 02:00:00
1775185200000,0.09032,0.0906,0.0901,0.09053,116626630.0,2026-04-03 03:00:00
1775188800000,0.09054,0.09067,0.09025,0.09061,91307750.0,2026-04-03 04:00:00
1775192400000,0.09062,0.0915,0.09035,0.09108,243016030.0,2026-04-03 05:00:00
1775196000000,0.09108,0.09134,0.09073,0.09113,124452580.0,2026-04-03 06:00:00
1775199600000,0.09113,0.09141,0.0909,0.09115,162291860.0,2026-04-03 07:00:00
1775203200000,0.09115,0.09154,0.09114,0.09139,113266340.0,2026-04-03 08:00:00
1775206800000,0.0914,0.09146,0.09091,0.0914,129753870.0,2026-04-03 09:00:00
1775210400000,0.09139,0.09164,0.09108,0.09143,117348080.0,2026-04-03 10:00:00
1775214000000,0.09143,0.09149,0.09128,0.09141,57103280.0,2026-04-03 11:00:00
1775217600000,0.09141,0.09217,0.09109,0.09122,300456010.0,2026-04-03 12:00:00
1775221200000,0.09122,0.09139,0.09073,0.09134,213969000.0,2026-04-03 13:00:00
1775224800000,0.09134,0.09173,0.09114,0.09143,97574110.0,2026-04-03 14:00:00
1775228400000,0.09143,0.09198,0.09135,0.09147,236142130.0,2026-04-03 15:00:00
1775232000000,0.09148,0.09201,0.09147,0.09195,118409440.0,2026-04-03 16:00:00
1775235600000,0.09196,0.09256,0.0918,0.09202,269533460.0,2026-04-03 17:00:00
1775239200000,0.09202,0.09242,0.09175,0.09176,86149290.0,2026-04-03 18:00:00
1775242800000,0.09176,0.09183,0.09119,0.09174,197189090.0,2026-04-03 19:00:00
1775246400000,0.09174,0.09203,0.09168,0.09192,45655200.0,2026-04-03 20:00:00
1775250000000,0.09192,0.09235,0.09188,0.09208,52136020.0,2026-04-03 21:00:00
1775253600000,0.09207,0.09214,0.09147,0.09157,66957430.0,2026-04-03 22:00:00
1775257200000,0.09156,0.09156,0.0912,0.09149,93139670.0,2026-04-03 23:00:00
1775260800000,0.09149,0.09149,0.09124,0.09131,59869160.0,2026-04-04 00:00:00
1775264400000,0.09132,0.09132,0.09103,0.09115,86082790.0,2026-04-04 01:00:00
1775268000000,0.09115,0.09119,0.09086,0.09102,74492790.0,2026-04-04 02:00:00
1775271600000,0.09102,0.09126,0.09102,0.09117,42963370.0,2026-04-04 03:00:00
1775275200000,0.09117,0.09145,0.0911,0.09126,59751210.0,2026-04-04 04:00:00
1775278800000,0.09126,0.09127,0.09104,0.09109,65668010.0,2026-04-04 05:00:00
1775282400000,0.0911,0.09145,0.09095,0.09138,84624750.0,2026-04-04 06:00:00
1775286000000,0.09139,0.09142,0.09112,0.09131,54825270.0,2026-04-04 07:00:00
1775289600000,0.09132,0.09132,0.09097,0.09104,69922610.0,2026-04-04 08:00:00
1775293200000,0.09104,0.0911,0.09086,0.09088,60731470.0,2026-04-04 09:00:00
1775296800000,0.09088,0.09106,0.09069,0.09101,100173360.0,2026-04-04 10:00:00
1775300400000,0.09101,0.09118,0.09094,0.09109,57623630.0,2026-04-04 11:00:00
1775304000000,0.09109,0.09113,0.09081,0.09092,64320830.0,2026-04-04 12:00:00
1775307600000,0.09092,0.09113,0.0908,0.09095,82703600.0,2026-04-04 13:00:00
1775311200000,0.09095,0.09111,0.0907,0.09106,121122790.0,2026-04-04 14:00:00
1775314800000,0.09107,0.0919,0.09102,0.09171,233836140.0,2026-04-04 15:00:00
1775318400000,0.09171,0.09209,0.09148,0.0918,135557170.0,2026-04-04 16:00:00
1775322000000,0.09181,0.09245,0.09163,0.0922,193550530.0,2026-04-04 17:00:00
1775325600000,0.0922,0.09244,0.09215,0.09221,100176580.0,2026-04-04 18:00:00
1775329200000,0.09222,0.0931,0.09213,0.09225,271979780.0,2026-04-04 19:00:00
1775332800000,0.09225,0.09238,0.09195,0.092,76788020.0,2026-04-04 20:00:00
1775336400000,0.09201,0.09238,0.09194,0.09209,63859400.0,2026-04-04 21:00:00
1775340000000,0.09209,0.09219,0.09197,0.09202,43739660.0,2026-04-04 22:00:00
1775343600000,0.09201,0.09204,0.09177,0.09201,44935350.0,2026-04-04 23:00:00
1775347200000,0.09202,0.09211,0.09167,0.09174,58395000.0,2026-04-05 00:00:00
1775350800000,0.09174,0.09177,0.09137,0.09149,148348960.0,2026-04-05 01:00:00
1775354400000,0.09149,0.09152,0.09124,0.09149,136092360.0,2026-04-05 02:00:00
1775358000000,0.09149,0.09151,0.09127,0.09135,51755900.0,2026-04-05 03:00:00
1775361600000,0.09135,0.09135,0.09098,0.09106,156685620.0,2026-04-05 04:00:00
1775365200000,0.09106,0.09112,0.09042,0.09065,196655600.0,2026-04-05 05:00:00
1775368800000,0.09066,0.09068,0.08982,0.09024,370596160.0,2026-04-05 06:00:00
1775372400000,0.09024,0.09034,0.08994,0.09003,118021490.0,2026-04-05 07:00:00
1775376000000,0.09003,0.09029,0.08992,0.0902,97356900.0,2026-04-05 08:00:00
1775379600000,0.0902,0.09038,0.0901,0.09029,88695740.0,2026-04-05 09:00:00
1775383200000,0.09029,0.09058,0.09018,0.0902,86953110.0,2026-04-05 10:00:00
1775386800000,0.09019,0.09037,0.09014,0.0903,40123730.0,2026-04-05 11:00:00
1775390400000,0.0903,0.0903,0.08965,0.08997,223331600.0,2026-04-05 12:00:00
1775394000000,0.08996,0.09027,0.08963,0.09026,163346400.0,2026-04-05 13:00:00
1775397600000,0.09026,0.09054,0.09012,0.09024,153935920.0,2026-04-05 14:00:00
1775401200000,0.09024,0.09143,0.08997,0.09064,349426900.0,2026-04-05 15:00:00
1775404800000,0.09063,0.09079,0.09024,0.09034,112113550.0,2026-04-05 16:00:00
1775408400000,0.09035,0.09063,0.09018,0.09054,70625340.0,2026-04-05 17:00:00
1775412000000,0.09055,0.09063,0.09023,0.09057,70672560.0,2026-04-05 18:00:00
1775415600000,0.09058,0.09083,0.09025,0.09049,64199370.0,2026-04-05 19:00:00
1775419200000,0.09049,0.09085,0.09041,0.09064,122846590.0,2026-04-05 20:00:00
1775422800000,0.09065,0.0907,0.09033,0.09052,100664070.0,2026-04-05 21:00:00
1775426400000,0.09053,0.09151,0.0902,0.09137,224291230.0,2026-04-05 22:00:00
1775430000000,0.09137,0.0924,0.09126,0.09234,377545550.0,2026-04-05 23:00:00
1775433600000,0.09235,0.09352,0.09235,0.09273,571589530.0,2026-04-06 00:00:00
1775437200000,0.09274,0.09296,0.09142,0.09226,368689240.0,2026-04-06 01:00:00
1775440800000,0.09226,0.09362,0.09222,0.09283,306757290.0,2026-04-06 02:00:00
1775444400000,0.09284,0.0931,0.09213,0.09231,159774050.0,2026-04-06 03:00:00
1775448000000,0.09231,0.09296,0.09225,0.09254,160606960.0,2026-04-06 04:00:00
1775451600000,0.09254,0.09275,0.09222,0.09242,83743580.0,2026-04-06 05:00:00
1775455200000,0.09241,0.09269,0.09188,0.09214,172244010.0,2026-04-06 06:00:00
1775458800000,0.09215,0.09224,0.0917,0.09207,148822030.0,2026-04-06 07:00:00
1775462400000,0.09207,0.09259,0.09191,0.09213,116572600.0,2026-04-06 08:00:00
1775466000000,0.09212,0.09346,0.09212,0.09289,332881010.0,2026-04-06 09:00:00
1775469600000,0.0929,0.09337,0.09289,0.09305,175067060.0,2026-04-06 10:00:00
1775473200000,0.09304,0.0931,0.09277,0.09302,73076950.0,2026-04-06 11:00:00
1775476800000,0.09302,0.0931,0.09224,0.09241,213895720.0,2026-04-06 12:00:00
1775480400000,0.09241,0.09273,0.0922,0.09233,144382750.0,2026-04-06 13:00:00
1775484000000,0.09233,0.09293,0.09205,0.09276,237401660.0,2026-04-06 14:00:00
1775487600000,0.09275,0.09296,0.09247,0.0928,91480760.0,2026-04-06 15:00:00
1775491200000,0.0928,0.09285,0.09214,0.09228,164107530.0,2026-04-06 16:00:00
1775494800000,0.09228,0.09229,0.09153,0.09191,228690450.0,2026-04-06 17:00:00
1775498400000,0.09192,0.09219,0.09178,0.09212,70785230.0,2026-04-06 18:00:00
1775502000000,0.09212,0.09212,0.0916,0.09189,66287080.0,2026-04-06 19:00:00
1775505600000,0.09189,0.09192,0.09167,0.09179,56032160.0,2026-04-06 20:00:00
1775509200000,0.0918,0.0918,0.09131,0.09138,93749580.0,2026-04-06 21:00:00
1775512800000,0.09138,0.09138,0.09033,0.09034,342187780.0,2026-04-06 22:00:00
1775516400000,0.09033,0.09059,0.08984,0.09053,394387830.0,2026-04-06 23:00:00
1775520000000,0.09052,0.09087,0.0904,0.09064,128919150.0,2026-04-07 00:00:00
1775523600000,0.09064,0.09092,0.09032,0.09037,88477940.0,2026-04-07 01:00:00
1775527200000,0.09037,0.09068,0.09018,0.0905,80948680.0,2026-04-07 02:00:00
1775530800000,0.0905,0.09058,0.09037,0.09047,53321410.0,2026-04-07 03:00:00
1775534400000,0.09047,0.09077,0.09024,0.0907,108027630.0,2026-04-07 04:00:00
1775538000000,0.09071,0.09071,0.09034,0.0905,70942720.0,2026-04-07 05:00:00
1775541600000,0.09049,0.09069,0.0902,0.09063,111432000.0,2026-04-07 06:00:00
1775545200000,0.09063,0.09076,0.09053,0.09057,60238740.0,2026-04-07 07:00:00
1775548800000,0.09057,0.09101,0.09054,0.09095,97276950.0,2026-04-07 08:00:00
1775552400000,0.09095,0.09145,0.0909,0.09124,171738730.0,2026-04-07 09:00:00
1775556000000,0.09124,0.09135,0.09028,0.09051,413707340.0,2026-04-07 10:00:00
1775559600000,0.09052,0.09075,0.09025,0.09048,101700520.0,2026-04-07 11:00:00
1775563200000,0.09049,0.09082,0.09005,0.0906,162638480.0,2026-04-07 12:00:00
1775566800000,0.0906,0.09079,0.09032,0.09041,87773230.0,2026-04-07 13:00:00
1775570400000,0.09042,0.09057,0.09001,0.09014,201621550.0,2026-04-07 14:00:00
1775574000000,0.09015,0.09065,0.09003,0.09035,117032670.0,2026-04-07 15:00:00
1775577600000,0.09036,0.0908,0.09031,0.09058,121316710.0,2026-04-07 16:00:00
1775581200000,0.09059,0.09206,0.09051,0.09169,251592490.0,2026-04-07 17:00:00
1775584800000,0.09168,0.09186,0.09084,0.09112,177455910.0,2026-04-07 18:00:00
1775588400000,0.09112,0.09232,0.091,0.09224,202479130.0,2026-04-07 19:00:00
1775592000000,0.09224,0.0927,0.09202,0.09207,171271710.0,2026-04-07 20:00:00
1775595600000,0.09206,0.09299,0.09204,0.09283,229576880.0,2026-04-07 21:00:00
1775599200000,0.09284,0.09504,0.09279,0.09498,760790760.0,2026-04-07 22:00:00
1775602800000,0.09498,0.09604,0.09473,0.09491,673900480.0,2026-04-07 23:00:00
1775606400000,0.0949,0.09523,0.09364,0.09421,424741530.0,2026-04-08 00:00:00
1775610000000,0.09421,0.0946,0.09402,0.09442,121474200.0,2026-04-08 01:00:00
1775613600000,0.09443,0.09496,0.09426,0.09462,130806610.0,2026-04-08 02:00:00
1775617200000,0.09462,0.0948,0.09443,0.09454,72877320.0,2026-04-08 03:00:00
1775620800000,0.09454,0.09507,0.0945,0.09451,153232880.0,2026-04-08 04:00:00
1775624400000,0.09451,0.09494,0.09443,0.09493,171624320.0,2026-04-08 05:00:00
1775628000000,0.09493,0.09496,0.09448,0.09457,139444100.0,2026-04-08 06:00:00
1775631600000,0.09457,0.0948,0.0943,0.09454,124792750.0,2026-04-08 07:00:00
1775635200000,0.09454,0.09486,0.09427,0.09483,126101470.0,2026-04-08 08:00:00
1775638800000,0.09483,0.0949,0.09439,0.09471,189970860.0,2026-04-08 09:00:00
1775642400000,0.09472,0.09556,0.09433,0.09434,274552810.0,2026-04-08 10:00:00
1775646000000,0.09434,0.0946,0.09361,0.09419,329841130.0,2026-04-08 11:00:00
1775649600000,0.0942,0.09444,0.09378,0.09439,160968120.0,2026-04-08 12:00:00
1775653200000,0.0944,0.09506,0.09433,0.09446,277002710.0,2026-04-08 13:00:00
1775656800000,0.09445,0.09456,0.09259,0.09286,491274880.0,2026-04-08 14:00:00
1775660400000,0.09286,0.09345,0.09265,0.09336,186506270.0,2026-04-08 15:00:00
1775664000000,0.09336,0.09358,0.09317,0.09347,121051470.0,2026-04-08 16:00:00
1775667600000,0.09347,0.09416,0.09321,0.09399,207941010.0,2026-04-08 17:00:00
1775671200000,0.094,0.09405,0.09302,0.09308,285324180.0,2026-04-08 18:00:00
1775674800000,0.09308,0.09317,0.09271,0.09305,115051680.0,2026-04-08 19:00:00
1775678400000,0.09305,0.09324,0.09284,0.09309,47648370.0,2026-04-08 20:00:00
1775682000000,0.0931,0.09373,0.09296,0.09353,80293530.0,2026-04-08 21:00:00
1775685600000,0.09354,0.09358,0.09271,0.09276,96260660.0,2026-04-08 22:00:00
1775689200000,0.09276,0.09276,0.09203,0.09236,220857300.0,2026-04-08 23:00:00
1775692800000,0.09236,0.09242,0.09164,0.092,206436760.0,2026-04-09 00:00:00
1775696400000,0.092,0.09207,0.09105,0.09155,280121490.0,2026-04-09 01:00:00
1775700000000,0.09155,0.09186,0.09141,0.0916,130183470.0,2026-04-09 02:00:00
1775703600000,0.0916,0.09173,0.09143,0.09148,81693480.0,2026-04-09 03:00:00
1775707200000,0.09148,0.09148,0.09116,0.09117,88589860.0,2026-04-09 04:00:00
1775710800000,0.09117,0.09215,0.09087,0.09138,355650710.0,2026-04-09 05:00:00
1775714400000,0.09139,0.09157,0.09118,0.09146,77571780.0,2026-04-09 06:00:00
1775718000000,0.09147,0.0916,0.09133,0.09134,64288190.0,2026-04-09 07:00:00
1775721600000,0.09135,0.09155,0.09115,0.09143,102360670.0,2026-04-09 08:00:00
1775725200000,0.09144,0.09202,0.09124,0.09191,131597280.0,2026-04-09 09:00:00
1775728800000,0.09191,0.09194,0.09165,0.09167,101383890.0,2026-04-09 10:00:00
1775732400000,0.09167,0.09182,0.0915,0.09163,88982660.0,2026-04-09 11:00:00
1775736000000,0.09163,0.09179,0.0914,0.09156,101756340.0,2026-04-09 12:00:00
1775739600000,0.09156,0.09164,0.091,0.09124,166929250.0,2026-04-09 13:00:00
1775743200000,0.09124,0.09153,0.09092,0.09139,180676270.0,2026-04-09 14:00:00
1775746800000,0.09139,0.09326,0.09125,0.09285,474256740.0,2026-04-09 15:00:00
1775750400000,0.09286,0.09338,0.09205,0.09246,320402530.0,2026-04-09 16:00:00
1775754000000,0.09245,0.09349,0.09244,0.09338,223342390.0,2026-04-09 17:00:00
1775757600000,0.09338,0.09354,0.09286,0.09322,165935320.0,2026-04-09 18:00:00
1775761200000,0.09322,0.09384,0.09303,0.09376,158779690.0,2026-04-09 19:00:00
1775764800000,0.09377,0.09434,0.09372,0.09395,162288560.0,2026-04-09 20:00:00
1775768400000,0.09395,0.09434,0.09365,0.09382,106665270.0,2026-04-09 21:00:00
1775772000000,0.09383,0.09498,0.09317,0.09336,294153740.0,2026-04-09 22:00:00
1775775600000,0.09337,0.09343,0.09228,0.09256,191512120.0,2026-04-09 23:00:00
1775779200000,0.09255,0.09262,0.09201,0.09242,152868450.0,2026-04-10 00:00:00
1775782800000,0.09241,0.09278,0.09187,0.09231,163347410.0,2026-04-10 01:00:00
1775786400000,0.0923,0.09279,0.09222,0.09249,127823600.0,2026-04-10 02:00:00
1775790000000,0.09249,0.09272,0.09208,0.09216,112231640.0,2026-04-10 03:00:00
1775793600000,0.09216,0.09291,0.09216,0.09274,69540050.0,2026-04-10 04:00:00
1775797200000,0.09275,0.09315,0.09254,0.09271,127470850.0,2026-04-10 05:00:00
1775800800000,0.09272,0.09301,0.09237,0.09261,89789230.0,2026-04-10 06:00:00
1775804400000,0.09261,0.0928,0.09208,0.09224,126807550.0,2026-04-10 07:00:00
1775808000000,0.09225,0.09254,0.09193,0.09206,164958090.0,2026-04-10 08:00:00
1775811600000,0.09206,0.09249,0.09205,0.09232,80406760.0,2026-04-10 09:00:00
1775815200000,0.09231,0.09233,0.09204,0.09216,69138330.0,2026-04-10 10:00:00
1775818800000,0.09216,0.09264,0.09211,0.09242,130535230.0,2026-04-10 11:00:00
1775822400000,0.09243,0.09308,0.09231,0.0928,230050180.0,2026-04-10 12:00:00
1775826000000,0.0928,0.09309,0.09226,0.09285,146755070.0,2026-04-10 13:00:00
1775829600000,0.09285,0.09418,0.09274,0.09396,423658900.0,2026-04-10 14:00:00
1775833200000,0.09395,0.09457,0.09302,0.09329,406474060.0,2026-04-10 15:00:00
1775836800000,0.0933,0.09404,0.0933,0.09388,168716340.0,2026-04-10 16:00:00
1775840400000,0.09388,0.0939,0.09337,0.09364,90975070.0,2026-04-10 17:00:00
1775844000000,0.09365,0.09417,0.09353,0.09409,131361820.0,2026-04-10 18:00:00
1775847600000,0.0941,0.09525,0.09408,0.09498,430394320.0,2026-04-10 19:00:00
1775851200000,0.09499,0.09519,0.09416,0.09453,162195890.0,2026-04-10 20:00:00
1775854800000,0.09454,0.09461,0.09394,0.09426,103841290.0,2026-04-10 21:00:00
1775858400000,0.09427,0.09431,0.09361,0.09384,94613220.0,2026-04-10 22:00:00
1775862000000,0.09384,0.09387,0.09351,0.09364,94213510.0,2026-04-10 23:00:00
1775865600000,0.09365,0.09376,0.09331,0.09354,87542650.0,2026-04-11 00:00:00
1775869200000,0.09353,0.0937,0.09321,0.09356,123419920.0,2026-04-11 01:00:00
1775872800000,0.09356,0.09398,0.09343,0.09361,105231680.0,2026-04-11 02:00:00
1775876400000,0.09362,0.09404,0.09358,0.09362,112603640.0,2026-04-11 03:00:00
1775880000000,0.09362,0.09381,0.09334,0.09353,84080690.0,2026-04-11 04:00:00
1775883600000,0.09353,0.09354,0.09272,0.09287,192301800.0,2026-04-11 05:00:00
1775887200000,0.09287,0.09289,0.09261,0.09273,109226820.0,2026-04-11 06:00:00
1775890800000,0.09274,0.09293,0.09268,0.09283,79014340.0,2026-04-11 07:00:00
1775894400000,0.09284,0.09295,0.09269,0.09278,87707530.0,2026-04-11 08:00:00
1775898000000,0.09278,0.093,0.09254,0.09291,218916490.0,2026-04-11 09:00:00
1775901600000,0.0929,0.09293,0.09264,0.09282,72086610.0,2026-04-11 10:00:00
1775905200000,0.09281,0.09294,0.09271,0.09288,54845010.0,2026-04-11 11:00:00
1775908800000,0.09288,0.093,0.09275,0.09291,95054450.0,2026-04-11 12:00:00
1775912400000,0.09292,0.09292,0.09221,0.09255,228093070.0,2026-04-11 13:00:00
1775916000000,0.09256,0.09273,0.09244,0.09259,88983840.0,2026-04-11 14:00:00
1775919600000,0.0926,0.093,0.09257,0.09271,163061540.0,2026-04-11 15:00:00
1775923200000,0.09271,0.0937,0.09265,0.09334,215549480.0,2026-04-11 16:00:00
1775926800000,0.09334,0.09336,0.09296,0.09299,127476130.0,2026-04-11 17:00:00
1775930400000,0.09299,0.09414,0.09268,0.0939,320006620.0,2026-04-11 18:00:00
1775934000000,0.09391,0.09475,0.09391,0.09467,301719200.0,2026-04-11 19:00:00
1775937600000,0.09467,0.09487,0.09352,0.09385,322211440.0,2026-04-11 20:00:00
1775941200000,0.09384,0.09417,0.09356,0.09388,89110790.0,2026-04-11 21:00:00
1775944800000,0.09387,0.09428,0.09338,0.09365,126490380.0,2026-04-11 22:00:00
1775948400000,0.09364,0.09364,0.09274,0.09304,150509040.0,2026-04-11 23:00:00
1775952000000,0.09304,0.09308,0.09259,0.09299,124858210.0,2026-04-12 00:00:00
1775955600000,0.09299,0.0932,0.09056,0.09102,859529370.0,2026-04-12 01:00:00
1775959200000,0.09102,0.09163,0.09074,0.09148,312133990.0,2026-04-12 02:00:00
1775962800000,0.09148,0.09161,0.09111,0.09111,146049980.0,2026-04-12 03:00:00
1775966400000,0.09111,0.09123,0.09095,0.09113,105603210.0,2026-04-12 04:00:00
1775970000000,0.09113,0.09143,0.091,0.09138,75508170.0,2026-04-12 05:00:00
1775973600000,0.09137,0.09158,0.0913,0.09136,162064490.0,2026-04-12 06:00:00
1775977200000,0.09136,0.09146,0.0913,0.09133,108666830.0,2026-04-12 07:00:00
1775980800000,0.09133,0.09139,0.0912,0.09127,75068490.0,2026-04-12 08:00:00
1775984400000,0.09126,0.09127,0.09112,0.09118,60157100.0,2026-04-12 09:00:00
1775988000000,0.09118,0.09121,0.09086,0.09104,112268850.0,2026-04-12 10:00:00
1775991600000,0.09104,0.09133,0.09099,0.09127,82107420.0,2026-04-12 11:00:00
1775995200000,0.09126,0.09138,0.0909,0.09098,104893240.0,2026-04-12 12:00:00
1775998800000,0.09098,0.09115,0.0906,0.09068,188936450.0,2026-04-12 13:00:00
1776002400000,0.09067,0.09088,0.09032,0.09044,183966390.0,2026-04-12 14:00:00
1776006000000,0.09044,0.09067,0.09021,0.09058,118719160.0,2026-04-12 15:00:00
1776009600000,0.09058,0.09075,0.09049,0.09066,87081480.0,2026-04-12 16:00:00
1776013200000,0.09066,0.09116,0.09059,0.09104,107235840.0,2026-04-12 17:00:00
1776016800000,0.09105,0.09134,0.09095,0.09103,95292650.0,2026-04-12 18:00:00
1776020400000,0.09103,0.09125,0.09082,0.09086,58509130.0,2026-04-12 19:00:00
1776024000000,0.09086,0.09167,0.09081,0.09149,128605570.0,2026-04-12 20:00:00
1776027600000,0.09149,0.09172,0.09116,0.09132,69934530.0,2026-04-12 21:00:00
1776031200000,0.09131,0.09131,0.0905,0.09097,173663020.0,2026-04-12 22:00:00
1776034800000,0.09097,0.09097,0.09044,0.09078,113282380.0,2026-04-12 23:00:00
1776038400000,0.09078,0.09144,0.0907,0.09128,82825150.0,2026-04-13 00:00:00
1776042000000,0.09128,0.09145,0.09097,0.09134,160421390.0,2026-04-13 01:00:00
1776045600000,0.09134,0.0915,0.09099,0.09107,79242790.0,2026-04-13 02:00:00
1776049200000,0.09107,0.09127,0.091,0.09115,56973310.0,2026-04-13 03:00:00
1776052800000,0.09115,0.09121,0.09085,0.09092,54678370.0,2026-04-13 04:00:00
1776056400000,0.09092,0.09125,0.09079,0.0912,80431660.0,2026-04-13 05:00:00
1776060000000,0.09121,0.09148,0.09119,0.09141,106665320.0,2026-04-13 06:00:00
1776063600000,0.09141,0.09145,0.0908,0.09087,149304260.0,2026-04-13 07:00:00
1776067200000,0.09087,0.091,0.09068,0.09089,100157920.0,2026-04-13 08:00:00
1776070800000,0.09089,0.09125,0.09088,0.09097,79749870.0,2026-04-13 09:00:00
1776074400000,0.09097,0.09102,0.09079,0.09087,45880160.0,2026-04-13 10:00:00
1776078000000,0.09088,0.091,0.0908,0.0909,47000340.0,2026-04-13 11:00:00
1776081600000,0.09089,0.0919,0.09081,0.09159,251179740.0,2026-04-13 12:00:00
1776085200000,0.09159,0.09182,0.09077,0.09178,385718180.0,2026-04-13 13:00:00
1776088800000,0.09178,0.09259,0.09144,0.09246,310230500.0,2026-04-13 14:00:00
1776092400000,0.09246,0.09252,0.09151,0.09167,184964730.0,2026-04-13 15:00:00
1776096000000,0.09166,0.0921,0.0913,0.09192,174191540.0,2026-04-13 16:00:00
1776099600000,0.09192,0.09225,0.09118,0.09154,178681950.0,2026-04-13 17:00:00
1776103200000,0.09153,0.09176,0.09134,0.09176,102727730.0,2026-04-13 18:00:00
1776106800000,0.09175,0.09324,0.09168,0.09305,346137350.0,2026-04-13 19:00:00
1776110400000,0.09306,0.09319,0.09241,0.09249,202019250.0,2026-04-13 20:00:00
1776114000000,0.09249,0.09278,0.09242,0.09266,87767740.0,2026-04-13 21:00:00
1776117600000,0.09266,0.09432,0.09266,0.09402,541653910.0,2026-04-13 22:00:00
1776121200000,0.09402,0.09428,0.09366,0.09408,351318950.0,2026-04-13 23:00:00
1776124800000,0.09408,0.09425,0.09337,0.0935,262441910.0,2026-04-14 00:00:00
1776128400000,0.09349,0.09364,0.09302,0.09352,208645340.0,2026-04-14 01:00:00
1776132000000,0.09352,0.09389,0.09336,0.09347,167211410.0,2026-04-14 02:00:00
1776135600000,0.09347,0.09378,0.09335,0.09352,94955750.0,2026-04-14 03:00:00
1776139200000,0.09352,0.0937,0.0932,0.09334,106485950.0,2026-04-14 04:00:00
1776142800000,0.09333,0.09334,0.09264,0.09274,223208540.0,2026-04-14 05:00:00
1776146400000,0.09274,0.09333,0.09274,0.09318,189392300.0,2026-04-14 06:00:00
1776150000000,0.09319,0.09363,0.09315,0.09357,157766630.0,2026-04-14 07:00:00
1776153600000,0.09357,0.09462,0.09334,0.09434,310171990.0,2026-04-14 08:00:00
1776157200000,0.09435,0.09478,0.09418,0.09445,261724190.0,2026-04-14 09:00:00
1776160800000,0.09445,0.09459,0.09371,0.09437,299801250.0,2026-04-14 10:00:00
1776164400000,0.09437,0.09575,0.09382,0.09427,662696290.0,2026-04-14 11:00:00
1776168000000,0.09428,0.09436,0.09358,0.0941,212197360.0,2026-04-14 12:00:00
1776171600000,0.09409,0.09719,0.09402,0.09701,754618840.0,2026-04-14 13:00:00
1776175200000,0.09701,0.098,0.09573,0.09604,1028608860.0,2026-04-14 14:00:00
1776178800000,0.09603,0.09635,0.09519,0.09536,403542480.0,2026-04-14 15:00:00
1776182400000,0.09535,0.09598,0.0947,0.09508,268377070.0,2026-04-14 16:00:00
1776186000000,0.09508,0.09528,0.09416,0.09464,219587050.0,2026-04-14 17:00:00
1776189600000,0.09464,0.09492,0.09282,0.09307,396585890.0,2026-04-14 18:00:00
1776193200000,0.09306,0.09329,0.09229,0.09278,222868620.0,2026-04-14 19:00:00
1776196800000,0.09279,0.09291,0.09233,0.0926,110236030.0,2026-04-14 20:00:00
1776200400000,0.09259,0.09325,0.09259,0.0932,102296400.0,2026-04-14 21:00:00
1776204000000,0.09319,0.09332,0.09255,0.09284,131832400.0,2026-04-14 22:00:00
1776207600000,0.09285,0.09315,0.09269,0.09291,107262570.0,2026-04-14 23:00:00
1776211200000,0.09292,0.09352,0.0929,0.09325,206788190.0,2026-04-15 00:00:00
1776214800000,0.09325,0.09358,0.0931,0.09342,112834170.0,2026-04-15 01:00:00
1776218400000,0.09341,0.09357,0.09289,0.09312,93359640.0,2026-04-15 02:00:00
1776222000000,0.09313,0.09334,0.09305,0.09311,52976290.0,2026-04-15 03:00:00
1776225600000,0.09312,0.09365,0.09306,0.0936,104303120.0,2026-04-15 04:00:00
1776229200000,0.0936,0.09388,0.09306,0.09343,129825280.0,2026-04-15 05:00:00
1776232800000,0.09343,0.09347,0.09262,0.09267,169704560.0,2026-04-15 06:00:00
1776236400000,0.09267,0.09324,0.09259,0.09278,196083840.0,2026-04-15 07:00:00
1776240000000,0.09277,0.09315,0.09272,0.09305,193197210.0,2026-04-15 08:00:00
1776243600000,0.09306,0.09314,0.09279,0.09286,95029730.0,2026-04-15 09:00:00
1776247200000,0.09286,0.09323,0.09256,0.09288,129543010.0,2026-04-15 10:00:00
1776250800000,0.09288,0.09373,0.09287,0.0935,147458610.0,2026-04-15 11:00:00
1776254400000,0.09351,0.09372,0.0933,0.09345,89282950.0,2026-04-15 12:00:00
1776258000000,0.09345,0.0936,0.09304,0.09337,167415990.0,2026-04-15 13:00:00
1776261600000,0.09336,0.0941,0.09312,0.09388,243030710.0,2026-04-15 14:00:00
1776265200000,0.09388,0.09397,0.09308,0.09354,188198620.0,2026-04-15 15:00:00
1776268800000,0.09354,0.09447,0.09344,0.09441,340811270.0,2026-04-15 16:00:00
1776272400000,0.0944,0.09508,0.09433,0.09475,236139190.0,2026-04-15 17:00:00
1776276000000,0.09475,0.0953,0.09469,0.09518,139427180.0,2026-04-15 18:00:00
1776279600000,0.09517,0.09694,0.09509,0.09603,565146030.0,2026-04-15 19:00:00
1776283200000,0.09604,0.09614,0.09494,0.09513,212823520.0,2026-04-15 20:00:00
1776286800000,0.09512,0.09534,0.09451,0.09524,148302440.0,2026-04-15 21:00:00
1776290400000,0.09523,0.09592,0.09503,0.09508,161273740.0,2026-04-15 22:00:00
1776294000000,0.09508,0.09509,0.09434,0.09484,200585940.0,2026-04-15 23:00:00
1776297600000,0.09485,0.09495,0.09446,0.09487,83255670.0,2026-04-16 00:00:00
1776301200000,0.09487,0.09496,0.09446,0.09481,80341500.0,2026-04-16 01:00:00
1776304800000,0.09481,0.09654,0.09477,0.09592,352323060.0,2026-04-16 02:00:00
1776308400000,0.09591,0.09739,0.09585,0.09696,359415570.0,2026-04-16 03:00:00
1776312000000,0.09696,0.09789,0.09657,0.09686,513335450.0,2026-04-16 04:00:00
1776315600000,0.09686,0.09704,0.09604,0.09655,283441430.0,2026-04-16 05:00:00
1776319200000,0.09656,0.09676,0.09606,0.09659,152194920.0,2026-04-16 06:00:00
1776322800000,0.09659,0.09688,0.09615,0.09642,148699330.0,2026-04-16 07:00:00
1776326400000,0.09642,0.09646,0.09588,0.0959,160373520.0,2026-04-16 08:00:00
1776330000000,0.09589,0.09655,0.09576,0.09596,150467410.0,2026-04-16 09:00:00
1776333600000,0.09595,0.09598,0.09526,0.09574,259919870.0,2026-04-16 10:00:00
1776337200000,0.09573,0.0964,0.09558,0.09628,190806020.0,2026-04-16 11:00:00
1776340800000,0.09628,0.09723,0.09624,0.09667,283170560.0,2026-04-16 12:00:00
1776344400000,0.09668,0.09768,0.09481,0.09577,632912680.0,2026-04-16 13:00:00
1776348000000,0.09577,0.09608,0.09439,0.09539,596558460.0,2026-04-16 14:00:00
1776351600000,0.09538,0.09729,0.09523,0.09724,534074010.0,2026-04-16 15:00:00
1776355200000,0.09725,0.09851,0.09633,0.09679,763220730.0,2026-04-16 16:00:00
1776358800000,0.09679,0.09782,0.09644,0.09772,324967980.0,2026-04-16 17:00:00
1776362400000,0.09771,0.09984,0.09742,0.09916,713347900.0,2026-04-16 18:00:00
1776366000000,0.09916,0.09971,0.09896,0.09938,368668830.0,2026-04-16 19:00:00
1776369600000,0.09939,0.0997,0.09796,0.09849,325065810.0,2026-04-16 20:00:00
1776373200000,0.0985,0.09913,0.0982,0.09855,198359160.0,2026-04-16 21:00:00
1776376800000,0.09855,0.09913,0.09854,0.09883,132922050.0,2026-04-16 22:00:00
1776380400000,0.09883,0.09974,0.09869,0.09913,183801830.0,2026-04-16 23:00:00
1776384000000,0.09913,0.09934,0.09833,0.09886,297761800.0,2026-04-17 00:00:00
1776387600000,0.09885,0.09959,0.09785,0.09828,383200900.0,2026-04-17 01:00:00
1776391200000,0.09827,0.09843,0.09728,0.09786,302939110.0,2026-04-17 02:00:00
1776394800000,0.09785,0.09809,0.09752,0.0977,109190640.0,2026-04-17 03:00:00
1776398400000,0.0977,0.09786,0.09734,0.09745,137778210.0,2026-04-17 04:00:00
1776402000000,0.09745,0.09749,0.09667,0.09674,220393650.0,2026-04-17 05:00:00
1776405600000,0.09674,0.09769,0.09666,0.09756,184690210.0,2026-04-17 06:00:00
1776409200000,0.09757,0.09847,0.09756,0.09802,272135200.0,2026-04-17 07:00:00
1776412800000,0.09801,0.09871,0.09771,0.09847,332194110.0,2026-04-17 08:00:00
1776416400000,0.09848,0.09947,0.09796,0.09886,336734290.0,2026-04-17 09:00:00
1776420000000,0.09886,0.09893,0.09763,0.09793,272173520.0,2026-04-17 10:00:00
1776423600000,0.09793,0.09897,0.09791,0.09869,224236870.0,2026-04-17 11:00:00
1776427200000,0.09869,0.10016,0.09839,0.10003,463801850.0,2026-04-17 12:00:00
1776430800000,0.10004,0.10146,0.09984,0.10096,1109606450.0,2026-04-17 13:00:00
1776434400000,0.10096,0.10155,0.10047,0.10097,459886040.0,2026-04-17 14:00:00
1776438000000,0.10097,0.10139,0.09981,0.10052,476458770.0,2026-04-17 15:00:00
1776441600000,0.10053,0.10217,0.10048,0.10193,411078760.0,2026-04-17 16:00:00
1776445200000,0.10193,0.10204,0.10005,0.10102,441103530.0,2026-04-17 17:00:00
1776448800000,0.10102,0.10117,0.09981,0.10013,206886530.0,2026-04-17 18:00:00
1776452400000,0.10014,0.10056,0.09972,0.09995,130829050.0,2026-04-17 19:00:00
1776456000000,0.09995,0.10021,0.09929,0.10016,149953850.0,2026-04-17 20:00:00
1776459600000,0.10015,0.10059,0.09974,0.1001,96180580.0,2026-04-17 21:00:00
1776463200000,0.10009,0.10056,0.09995,0.10021,96187990.0,2026-04-17 22:00:00
1776466800000,0.1002,0.1002,0.09868,0.09938,197566640.0,2026-04-17 23:00:00
1776470400000,0.09937,0.09974,0.09905,0.09927,115257360.0,2026-04-18 00:00:00
1776474000000,0.09927,0.09974,0.09888,0.09913,111783160.0,2026-04-18 01:00:00
1776477600000,0.09913,0.09955,0.09875,0.09907,124559820.0,2026-04-18 02:00:00
1776481200000,0.09907,0.0991,0.0981,0.09852,245224380.0,2026-04-18 03:00:00
1776484800000,0.09853,0.0987,0.09804,0.09833,150659380.0,2026-04-18 04:00:00
1776488400000,0.09832,0.09894,0.0983,0.09884,132687570.0,2026-04-18 05:00:00
1776492000000,0.09884,0.09893,0.0985,0.09875,85143670.0,2026-04-18 06:00:00
1776495600000,0.09874,0.09904,0.09866,0.09883,98206390.0,2026-04-18 07:00:00
1776499200000,0.09884,0.09884,0.09664,0.09705,743851890.0,2026-04-18 08:00:00
1776502800000,0.09705,0.09725,0.09653,0.09703,295197120.0,2026-04-18 09:00:00
1776506400000,0.09703,0.09703,0.09632,0.09647,290016620.0,2026-04-18 10:00:00
1776510000000,0.09647,0.09649,0.09546,0.09596,322729910.0,2026-04-18 11:00:00
1776513600000,0.09596,0.09622,0.09564,0.09605,187570400.0,2026-04-18 12:00:00
1776517200000,0.09605,0.09615,0.09538,0.09575,184488510.0,2026-04-18 13:00:00
1776520800000,0.09574,0.09614,0.09549,0.09612,105538780.0,2026-04-18 14:00:00
1776524400000,0.09611,0.0964,0.0958,0.09596,197559530.0,2026-04-18 15:00:00
1776528000000,0.09596,0.09616,0.09544,0.0956,161111330.0,2026-04-18 16:00:00
1776531600000,0.0956,0.09569,0.09522,0.09541,126125980.0,2026-04-18 17:00:00
1776535200000,0.09541,0.09551,0.09413,0.09446,361453650.0,2026-04-18 18:00:00
1776538800000,0.09446,0.09504,0.09443,0.09474,115046080.0,2026-04-18 19:00:00
1776542400000,0.09473,0.09513,0.09455,0.09495,99167400.0,2026-04-18 20:00:00
1776546000000,0.09496,0.0953,0.09477,0.09518,63801810.0,2026-04-18 21:00:00
1776549600000,0.09517,0.09522,0.09481,0.09507,47848820.0,2026-04-18 22:00:00
1776553200000,0.09507,0.09521,0.09467,0.09474,58161870.0,2026-04-18 23:00:00
1776556800000,0.09474,0.09497,0.09458,0.09481,89924870.0,2026-04-19 00:00:00
1776560400000,0.09482,0.09505,0.09462,0.09495,70012080.0,2026-04-19 01:00:00
1776564000000,0.09495,0.095,0.09432,0.09469,185598890.0,2026-04-19 02:00:00
1776567600000,0.09469,0.09503,0.09442,0.09471,124089580.0,2026-04-19 03:00:00
1776571200000,0.09472,0.0948,0.09408,0.09456,130634280.0,2026-04-19 04:00:00
1776574800000,0.09456,0.09515,0.09447,0.09478,135862420.0,2026-04-19 05:00:00
1776578400000,0.09478,0.095,0.09446,0.09483,119559950.0,2026-04-19 06:00:00
1776582000000,0.09483,0.09484,0.0934,0.09408,476657950.0,2026-04-19 07:00:00
1776585600000,0.09407,0.09423,0.09387,0.09407,95337230.0,2026-04-19 08:00:00
1776589200000,0.09406,0.0941,0.0935,0.09369,141578380.0,2026-04-19 09:00:00
1776592800000,0.09369,0.09389,0.09341,0.09385,90506040.0,2026-04-19 10:00:00
1776596400000,0.09385,0.09492,0.09381,0.0945,293740330.0,2026-04-19 11:00:00
1776600000000,0.09451,0.09525,0.09445,0.09451,277034720.0,2026-04-19 12:00:00
1776603600000,0.09451,0.0964,0.09445,0.0953,651112780.0,2026-04-19 13:00:00
1776607200000,0.0953,0.09615,0.09478,0.09531,411979560.0,2026-04-19 14:00:00
1776610800000,0.09532,0.09558,0.09416,0.09553,427675390.0,2026-04-19 15:00:00
1776614400000,0.09554,0.09562,0.09425,0.09453,281620550.0,2026-04-19 16:00:00
1776618000000,0.09453,0.09463,0.09368,0.09403,292242850.0,2026-04-19 17:00:00
1776621600000,0.09403,0.09435,0.09383,0.0941,114356010.0,2026-04-19 18:00:00
1776625200000,0.0941,0.09452,0.09405,0.09445,100160540.0,2026-04-19 19:00:00
1776628800000,0.09444,0.09444,0.09358,0.09402,104659140.0,2026-04-19 20:00:00
1776632400000,0.09401,0.0943,0.09372,0.09378,61469630.0,2026-04-19 21:00:00
1776636000000,0.09377,0.09377,0.09252,0.09305,472256270.0,2026-04-19 22:00:00
1776639600000,0.09304,0.09307,0.09246,0.09298,144790110.0,2026-04-19 23:00:00
1776643200000,0.09299,0.09399,0.09286,0.09387,139534630.0,2026-04-20 00:00:00
1776646800000,0.09386,0.09425,0.09364,0.09403,92577680.0,2026-04-20 01:00:00
1776650400000,0.09402,0.09411,0.09362,0.09401,68321130.0,2026-04-20 02:00:00
1776654000000,0.09402,0.09428,0.0937,0.09418,61601070.0,2026-04-20 03:00:00
1776657600000,0.09418,0.09458,0.09395,0.09454,88567290.0,2026-04-20 04:00:00
1776661200000,0.09454,0.09462,0.09355,0.09389,207357520.0,2026-04-20 05:00:00
1776664800000,0.0939,0.09445,0.09377,0.09417,162118240.0,2026-04-20 06:00:00
1776668400000,0.09418,0.0955,0.0941,0.09449,331353610.0,2026-04-20 07:00:00
1776672000000,0.0945,0.09459,0.0941,0.09419,143471930.0,2026-04-20 08:00:00
1776675600000,0.09419,0.09465,0.094,0.09447,168101080.0,2026-04-20 09:00:00
1776679200000,0.09448,0.09495,0.09441,0.09444,107841850.0,2026-04-20 10:00:00
1776682800000,0.09443,0.09471,0.09409,0.09445,130754440.0,2026-04-20 11:00:00
1776686400000,0.09445,0.09498,0.09433,0.09479,193107820.0,2026-04-20 12:00:00
1776690000000,0.0948,0.09496,0.09442,0.09483,155867980.0,2026-04-20 13:00:00
1776693600000,0.09484,0.09531,0.09414,0.09434,315259330.0,2026-04-20 14:00:00
1776697200000,0.09435,0.09542,0.09403,0.09491,345689940.0,2026-04-20 15:00:00
1776700800000,0.09491,0.09492,0.09432,0.09452,186736990.0,2026-04-20 16:00:00
1776704400000,0.09452,0.09521,0.09447,0.09505,110902520.0,2026-04-20 17:00:00
1776708000000,0.09505,0.09576,0.09505,0.0956,308298680.0,2026-04-20 18:00:00
1776711600000,0.0956,0.09569,0.09519,0.09549,84352540.0,2026-04-20 19:00:00
1776715200000,0.09549,0.09584,0.09526,0.09579,75744550.0,2026-04-20 20:00:00
1776718800000,0.09579,0.0961,0.09537,0.09569,125833940.0,2026-04-20 21:00:00
1776722400000,0.09569,0.0959,0.09553,0.09555,73822280.0,2026-04-20 22:00:00
1776726000000,0.09554,0.09554,0.09495,0.09518,105587450.0,2026-04-20 23:00:00
1776729600000,0.09517,0.09559,0.0951,0.09548,80438960.0,2026-04-21 00:00:00
1776733200000,0.09547,0.09582,0.09533,0.09539,92772700.0,2026-04-21 01:00:00
1776736800000,0.09539,0.09544,0.09503,0.09506,94212190.0,2026-04-21 02:00:00
1776740400000,0.09505,0.09512,0.09458,0.09484,210095810.0,2026-04-21 03:00:00
1776744000000,0.09485,0.09538,0.09484,0.09518,164336430.0,2026-04-21 04:00:00
1776747600000,0.09517,0.09551,0.095,0.0954,135446320.0,2026-04-21 05:00:00
1776751200000,0.0954,0.09578,0.09509,0.09532,149990370.0,2026-04-21 06:00:00
1776754800000,0.09532,0.09562,0.09512,0.09523,90831400.0,2026-04-21 07:00:00
1776758400000,0.09523,0.09582,0.09514,0.09533,109642600.0,2026-04-21 08:00:00
1776762000000,0.09534,0.09569,0.09519,0.09562,95998360.0,2026-04-21 09:00:00
1776765600000,0.09563,0.0959,0.09545,0.09572,109835000.0,2026-04-21 10:00:00
1776769200000,0.09572,0.09576,0.09529,0.0954,140323620.0,2026-04-21 11:00:00
1776772800000,0.0954,0.09547,0.09462,0.09497,190097580.0,2026-04-21 12:00:00
1776776400000,0.09497,0.09531,0.09479,0.09516,92516670.0,2026-04-21 13:00:00
1776780000000,0.09516,0.09569,0.09478,0.0949,169199240.0,2026-04-21 14:00:00
1776783600000,0.0949,0.09523,0.09438,0.09473,173897530.0,2026-04-21 15:00:00
1776787200000,0.09473,0.09513,0.09454,0.0946,86311950.0,2026-04-21 16:00:00
1776790800000,0.0946,0.09482,0.0936,0.09436,281570730.0,2026-04-21 17:00:00
1776794400000,0.09436,0.09449,0.09399,0.09445,75539890.0,2026-04-21 18:00:00
1776798000000,0.09445,0.09479,0.0935,0.0938,154288770.0,2026-04-21 19:00:00
1776801600000,0.0938,0.09489,0.09373,0.09457,180865990.0,2026-04-21 20:00:00
1776805200000,0.09456,0.0947,0.09439,0.09461,48501470.0,2026-04-21 21:00:00
1776808800000,0.0946,0.09468,0.09411,0.0944,49305690.0,2026-04-21 22:00:00
1776812400000,0.0944,0.09522,0.09436,0.09514,79934190.0,2026-04-21 23:00:00
1776816000000,0.09515,0.09533,0.09503,0.09513,85708580.0,2026-04-22 00:00:00
1776819600000,0.09513,0.09524,0.09483,0.09493,61078200.0,2026-04-22 01:00:00
1776823200000,0.09494,0.09657,0.09485,0.09652,406327300.0,2026-04-22 02:00:00
1776826800000,0.09652,0.0969,0.09609,0.09625,207196110.0,2026-04-22 03:00:00
1776830400000,0.09626,0.09652,0.09595,0.09622,114451630.0,2026-04-22 04:00:00
1776834000000,0.09623,0.09762,0.09614,0.0971,399235140.0,2026-04-22 05:00:00
1776837600000,0.0971,0.09762,0.09693,0.0976,141841990.0,2026-04-22 06:00:00
1776841200000,0.09761,0.09828,0.0969,0.09748,434842200.0,2026-04-22 07:00:00
1776844800000,0.09748,0.09815,0.09742,0.09781,245903430.0,2026-04-22 08:00:00
1776848400000,0.09781,0.09809,0.09748,0.09751,131042870.0,2026-04-22 09:00:00
1776852000000,0.09751,0.0984,0.0972,0.09816,219913720.0,2026-04-22 10:00:00
1776855600000,0.09816,0.09856,0.09769,0.09798,201142000.0,2026-04-22 11:00:00
1776859200000,0.09798,0.09819,0.09731,0.09758,197568770.0,2026-04-22 12:00:00
1776862800000,0.09757,0.0982,0.09733,0.09794,206449730.0,2026-04-22 13:00:00
1776866400000,0.09795,0.09826,0.09761,0.09797,256606170.0,2026-04-22 14:00:00
1776870000000,0.09797,0.09823,0.09747,0.09785,239967400.0,2026-04-22 15:00:00
1776873600000,0.09785,0.09816,0.09677,0.09693,262255340.0,2026-04-22 16:00:00
1776877200000,0.09692,0.09748,0.0969,0.09722,97292990.0,2026-04-22 17:00:00
1776880800000,0.09721,0.09754,0.097,0.09704,52083480.0,2026-04-22 18:00:00
1776884400000,0.09705,0.09707,0.09625,0.09664,180368430.0,2026-04-22 19:00:00
1776888000000,0.09663,0.09667,0.09618,0.09627,93551240.0,2026-04-22 20:00:00
1776891600000,0.09627,0.09683,0.09625,0.09667,165775110.0,2026-04-22 21:00:00
1776895200000,0.09666,0.09677,0.09621,0.09639,69084250.0,2026-04-22 22:00:00
1776898800000,0.09639,0.09641,0.0955,0.09556,185383190.0,2026-04-22 23:00:00
1776902400000,0.09555,0.09647,0.09554,0.0962,439593380.0,2026-04-23 00:00:00
1776906000000,0.0962,0.0965,0.09567,0.09627,156508460.0,2026-04-23 01:00:00
1776909600000,0.09627,0.09628,0.0956,0.09581,171610740.0,2026-04-23 02:00:00
1776913200000,0.09582,0.09594,0.09514,0.09553,213561030.0,2026-04-23 03:00:00
1776916800000,0.09553,0.09595,0.09547,0.09584,115630190.0,2026-04-23 04:00:00
1776920400000,0.09585,0.09611,0.09561,0.09594,110350380.0,2026-04-23 05:00:00
1776924000000,0.09595,0.09641,0.09591,0.09602,135232620.0,2026-04-23 06:00:00
1776927600000,0.09603,0.09609,0.0955,0.09586,183314180.0,2026-04-23 07:00:00
1776931200000,0.09587,0.09623,0.09569,0.09591,213513420.0,2026-04-23 08:00:00
1776934800000,0.09592,0.09592,0.0953,0.09559,198066670.0,2026-04-23 09:00:00
1776938400000,0.09558,0.09571,0.09524,0.09566,140879380.0,2026-04-23 10:00:00
1776942000000,0.09567,0.0962,0.09566,0.09609,113112290.0,2026-04-23 11:00:00
1776945600000,0.0961,0.09686,0.09609,0.09645,318502990.0,2026-04-23 12:00:00
1776949200000,0.09644,0.09659,0.09577,0.09614,201732640.0,2026-04-23 13:00:00
1776952800000,0.09614,0.09709,0.09596,0.09702,156130600.0,2026-04-23 14:00:00
1776956400000,0.09702,0.09797,0.09693,0.09732,415264740.0,2026-04-23 15:00:00
1776960000000,0.09731,0.09739,0.09675,0.09682,123284870.0,2026-04-23 16:00:00
1776963600000,0.09682,0.09698,0.09507,0.09604,520509910.0,2026-04-23 17:00:00
1776967200000,0.09604,0.09634,0.09583,0.09583,131278530.0,2026-04-23 18:00:00
1776970800000,0.09583,0.09633,0.09574,0.09614,67658560.0,2026-04-23 19:00:00
1776974400000,0.09614,0.09684,0.09608,0.0966,62569920.0,2026-04-23 20:00:00
1776978000000,0.0966,0.09745,0.09655,0.09706,73571310.0,2026-04-23 21:00:00
1776981600000,0.09706,0.09764,0.09705,0.09718,83923470.0,2026-04-23 22:00:00
1776985200000,0.09718,0.0973,0.09693,0.09705,63360790.0,2026-04-23 23:00:00
1776988800000,0.09706,0.09766,0.09697,0.09757,83717480.0,2026-04-24 00:00:00
1776992400000,0.09757,0.09796,0.09699,0.09787,183093810.0,2026-04-24 01:00:00
1776996000000,0.09787,0.09797,0.09757,0.09766,130556280.0,2026-04-24 02:00:00
1776999600000,0.09765,0.09775,0.09682,0.09716,199832500.0,2026-04-24 03:00:00
1777003200000,0.09716,0.09735,0.09691,0.09726,85612930.0,2026-04-24 04:00:00
1777006800000,0.09725,0.0974,0.0969,0.09715,174691800.0,2026-04-24 05:00:00
1777010400000,0.09715,0.09765,0.09692,0.09736,223488200.0,2026-04-24 06:00:00
1777014000000,0.09736,0.09807,0.09736,0.09775,289542860.0,2026-04-24 07:00:00
1777017600000,0.09775,0.098,0.09738,0.0978,153948980.0,2026-04-24 08:00:00
1777021200000,0.09779,0.09784,0.09678,0.09712,249082490.0,2026-04-24 09:00:00
1777024800000,0.09713,0.09803,0.097,0.09775,282540540.0,2026-04-24 10:00:00
1777028400000,0.09775,0.09847,0.09774,0.09812,273150290.0,2026-04-24 11:00:00
1777032000000,0.09812,0.09848,0.09762,0.09789,219694880.0,2026-04-24 12:00:00
1777035600000,0.09789,0.09844,0.09762,0.09782,193200700.0,2026-04-24 13:00:00
1777039200000,0.09782,0.09793,0.09726,0.09764,204894360.0,2026-04-24 14:00:00
1777042800000,0.09765,0.09827,0.09716,0.09804,191095560.0,2026-04-24 15:00:00
1777046400000,0.09804,0.09828,0.09762,0.09793,168525760.0,2026-04-24 16:00:00
1777050000000,0.09793,0.09816,0.0976,0.0981,93522460.0,2026-04-24 17:00:00
1777053600000,0.0981,0.09825,0.09761,0.09819,81071370.0,2026-04-24 18:00:00
1777057200000,0.0982,0.09842,0.09806,0.09833,68963170.0,2026-04-24 19:00:00
1777060800000,0.09833,0.09884,0.09802,0.09879,175603730.0,2026-04-24 20:00:00
1777064400000,0.09878,0.09945,0.09839,0.0986,177018090.0,2026-04-24 21:00:00
1777068000000,0.0986,0.09864,0.09778,0.09796,124337240.0,2026-04-24 22:00:00
1777071600000,0.09796,0.09843,0.09794,0.09836,69313830.0,2026-04-24 23:00:00
1777075200000,0.09836,0.09839,0.09798,0.09833,78618910.0,2026-04-25 00:00:00
1777078800000,0.09833,0.09905,0.0983,0.0984,226102650.0,2026-04-25 01:00:00
1777082400000,0.0984,0.09861,0.09815,0.09846,123547470.0,2026-04-25 02:00:00
1777086000000,0.09846,0.09886,0.09824,0.09874,89278060.0,2026-04-25 03:00:00
1777089600000,0.09875,0.09887,0.09848,0.09853,86999740.0,2026-04-25 04:00:00
1777093200000,0.09852,0.09854,0.09828,0.09838,59724020.0,2026-04-25 05:00:00
1777096800000,0.09838,0.09856,0.09804,0.09829,144299960.0,2026-04-25 06:00:00
1777100400000,0.09829,0.09903,0.09818,0.09837,249736610.0,2026-04-25 07:00:00
1777104000000,0.09837,0.09859,0.09814,0.09853,156128240.0,2026-04-25 08:00:00
1777107600000,0.09854,0.09863,0.0983,0.0985,56222200.0,2026-04-25 09:00:00
1777111200000,0.0985,0.09859,0.09839,0.09847,42967810.0,2026-04-25 10:00:00
1777114800000,0.09848,0.09848,0.0978,0.09791,162941360.0,2026-04-25 11:00:00
1777118400000,0.09792,0.09805,0.09767,0.09792,142516360.0,2026-04-25 12:00:00
1777122000000,0.09792,0.09835,0.09784,0.09822,104727710.0,2026-04-25 13:00:00
1777125600000,0.09823,0.09849,0.09801,0.09823,97182460.0,2026-04-25 14:00:00
1777129200000,0.09823,0.09874,0.09802,0.09813,160196170.0,2026-04-25 15:00:00
1777132800000,0.09813,0.09828,0.0975,0.09781,199267550.0,2026-04-25 16:00:00
1777136400000,0.09782,0.09794,0.09755,0.09773,128856520.0,2026-04-25 17:00:00
1777140000000,0.09773,0.09785,0.09724,0.09765,156167880.0,2026-04-25 18:00:00
1777143600000,0.09764,0.09776,0.09742,0.09763,36372180.0,2026-04-25 19:00:00
1777147200000,0.09764,0.09789,0.09753,0.09788,38948880.0,2026-04-25 20:00:00
1777150800000,0.09787,0.09801,0.09774,0.09792,47607130.0,2026-04-25 21:00:00
1777154400000,0.09793,0.09818,0.0978,0.09798,43744420.0,2026-04-25 22:00:00
1777158000000,0.09798,0.09815,0.09782,0.09794,37638210.0,2026-04-25 23:00:00
1777161600000,0.09795,0.09796,0.09764,0.09779,70256010.0,2026-04-26 00:00:00
1777165200000,0.0978,0.098,0.09771,0.09779,42725530.0,2026-04-26 01:00:00
1777168800000,0.09778,0.09807,0.09751,0.09785,113233840.0,2026-04-26 02:00:00
1777172400000,0.09786,0.09836,0.09761,0.09774,231613240.0,2026-04-26 03:00:00
1777176000000,0.09773,0.09822,0.09743,0.09799,202093450.0,2026-04-26 04:00:00
1777179600000,0.098,0.09864,0.09797,0.09824,219647140.0,2026-04-26 05:00:00
1777183200000,0.09824,0.0985,0.09823,0.0984,54046110.0,2026-04-26 06:00:00
1777186800000,0.0984,0.09854,0.09831,0.0985,55299380.0,2026-04-26 07:00:00
1777190400000,0.0985,0.09855,0.09824,0.09829,75598700.0,2026-04-26 08:00:00
1777194000000,0.09828,0.09849,0.09822,0.0984,48098590.0,2026-04-26 09:00:00
1777197600000,0.09839,0.09866,0.09824,0.09858,83960670.0,2026-04-26 10:00:00
1777201200000,0.09859,0.0991,0.09853,0.09895,134648090.0,2026-04-26 11:00:00
1777204800000,0.09896,0.09908,0.09854,0.09862,192011890.0,2026-04-26 12:00:00
1777208400000,0.09861,0.09868,0.09806,0.09854,192448100.0,2026-04-26 13:00:00
1777212000000,0.09853,0.09892,0.09838,0.09876,95140820.0,2026-04-26 14:00:00
1777215600000,0.09876,0.09907,0.09867,0.09896,64693010.0,2026-04-26 15:00:00
1777219200000,0.09896,0.09899,0.09856,0.0986,58622210.0,2026-04-26 16:00:00
1777222800000,0.0986,0.09887,0.0984,0.09878,53719170.0,2026-04-26 17:00:00
1777226400000,0.09877,0.09967,0.09862,0.09904,184887080.0,2026-04-26 18:00:00
1777230000000,0.09904,0.09962,0.09903,0.09915,128463350.0,2026-04-26 19:00:00
1777233600000,0.09916,0.09988,0.09902,0.09902,154166220.0,2026-04-26 20:00:00
1777237200000,0.09903,0.09941,0.09863,0.09934,206135660.0,2026-04-26 21:00:00
1777240800000,0.09934,0.0997,0.09891,0.09908,110580960.0,2026-04-26 22:00:00
1777244400000,0.09907,0.0995,0.09873,0.09914,88875490.0,2026-04-26 23:00:00
1777248000000,0.09915,0.0999,0.0988,0.09986,140862220.0,2026-04-27 00:00:00
1777251600000,0.09987,0.10049,0.09933,0.10024,291148080.0,2026-04-27 01:00:00
1777255200000,0.10023,0.10066,0.09983,0.10033,176861540.0,2026-04-27 02:00:00
1777258800000,0.10033,0.10078,0.10012,0.10014,137855400.0,2026-04-27 03:00:00
1777262400000,0.10014,0.1005,0.09977,0.09996,146799780.0,2026-04-27 04:00:00
1777266000000,0.09996,0.09999,0.09813,0.09834,530149360.0,2026-04-27 05:00:00
1777269600000,0.09834,0.09837,0.09755,0.09793,276495780.0,2026-04-27 06:00:00
1777273200000,0.09793,0.09805,0.0976,0.09774,117502960.0,2026-04-27 07:00:00
1777276800000,0.09775,0.09826,0.09762,0.09821,172978680.0,2026-04-27 08:00:00
1777280400000,0.09822,0.09837,0.09789,0.09819,206990030.0,2026-04-27 09:00:00
1777284000000,0.09818,0.09834,0.098,0.09804,61898700.0,2026-04-27 10:00:00
1777287600000,0.09804,0.09845,0.09773,0.09842,127803180.0,2026-04-27 11:00:00
1777291200000,0.09842,0.09843,0.09802,0.09808,75921710.0,2026-04-27 12:00:00
1777294800000,0.09808,0.09845,0.09785,0.09811,99907960.0,2026-04-27 13:00:00
1777298400000,0.09811,0.0992,0.09804,0.09873,307878900.0,2026-04-27 14:00:00
1777302000000,0.09874,0.09876,0.09687,0.09719,551301870.0,2026-04-27 15:00:00
1777305600000,0.09718,0.09792,0.09701,0.09745,192620090.0,2026-04-27 16:00:00
1777309200000,0.09745,0.09795,0.09745,0.09772,91609980.0,2026-04-27 17:00:00
1777312800000,0.09771,0.09808,0.09763,0.09778,56819490.0,2026-04-27 18:00:00
1777316400000,0.09777,0.09807,0.09736,0.09781,43243920.0,2026-04-27 19:00:00
1777320000000,0.09781,0.09809,0.09781,0.09801,32234430.0,2026-04-27 20:00:00
1777323600000,0.098,0.0982,0.09785,0.09791,40590630.0,2026-04-27 21:00:00
1777327200000,0.09792,0.0987,0.09787,0.0987,77294540.0,2026-04-27 22:00:00
1777330800000,0.0987,0.09912,0.09856,0.09888,119167040.0,2026-04-27 23:00:00
1777334400000,0.09887,0.09919,0.09851,0.09891,134773870.0,2026-04-28 00:00:00
1777338000000,0.09891,0.0994,0.09884,0.09915,174047380.0,2026-04-28 01:00:00
1777341600000,0.09915,0.09948,0.09872,0.09911,195353350.0,2026-04-28 02:00:00
1777345200000,0.09911,0.09937,0.09888,0.09926,157581600.0,2026-04-28 03:00:00
1777348800000,0.09927,0.10091,0.09922,0.09954,638976480.0,2026-04-28 04:00:00
1777352400000,0.09955,0.10044,0.09952,0.10019,463112440.0,2026-04-28 05:00:00
1777356000000,0.10019,0.10038,0.09905,0.09947,377726170.0,2026-04-28 06:00:00
1777359600000,0.09946,0.0997,0.09888,0.0996,174270560.0,2026-04-28 07:00:00
1777363200000,0.0996,0.09994,0.0992,0.09971,166025380.0,2026-04-28 08:00:00
1777366800000,0.09971,0.09987,0.09896,0.0992,159767150.0,2026-04-28 09:00:00
1777370400000,0.09919,0.09936,0.09904,0.09917,92455020.0,2026-04-28 10:00:00
1777374000000,0.09918,0.09924,0.09847,0.09859,296503520.0,2026-04-28 11:00:00
1777377600000,0.09858,0.09899,0.09821,0.09898,262089040.0,2026-04-28 12:00:00
1777381200000,0.09898,0.09915,0.09836,0.09866,248349140.0,2026-04-28 13:00:00
1777384800000,0.09866,0.09886,0.09802,0.09885,240272070.0,2026-04-28 14:00:00
1777388400000,0.09886,0.09953,0.09869,0.09949,195424590.0,2026-04-28 15:00:00
1777392000000,0.09949,0.09976,0.09914,0.09965,187841680.0,2026-04-28 16:00:00
1777395600000,0.09965,0.09966,0.09914,0.09928,110896900.0,2026-04-28 17:00:00
1777399200000,0.09928,0.09958,0.09915,0.09946,50738210.0,2026-04-28 18:00:00
1777402800000,0.09946,0.09979,0.09923,0.09965,87017970.0,2026-04-28 19:00:00
1777406400000,0.09966,0.09982,0.09952,0.09965,50324550.0,2026-04-28 20:00:00
1777410000000,0.09966,0.09989,0.09907,0.0994,126602000.0,2026-04-28 21:00:00
1777413600000,0.09941,0.10011,0.09934,0.09941,191329360.0,2026-04-28 22:00:00
1777417200000,0.09941,0.09941,0.0988,0.09928,169315090.0,2026-04-28 23:00:00
1777420800000,0.09928,0.09999,0.09919,0.09982,259245910.0,2026-04-29 00:00:00
1777424400000,0.09981,0.10019,0.09936,0.10006,198414520.0,2026-04-29 01:00:00
1777428000000,0.10007,0.10027,0.09969,0.09989,103802290.0,2026-04-29 02:00:00
1777431600000,0.0999,0.10143,0.09986,0.1013,451379960.0,2026-04-29 03:00:00
1777435200000,0.1013,0.10265,0.1011,0.10174,557470090.0,2026-04-29 04:00:00
1777438800000,0.10175,0.10233,0.10154,0.10221,268059030.0,2026-04-29 05:00:00
1777442400000,0.10222,0.10237,0.10171,0.10208,218817900.0,2026-04-29 06:00:00
1777446000000,0.10208,0.10563,0.10201,0.10486,1062894910.0,2026-04-29 07:00:00
1777449600000,0.10486,0.10595,0.10457,0.10536,777878690.0,2026-04-29 08:00:00
1777453200000,0.10535,0.1124,0.10513,0.1094,2071403800.0,2026-04-29 09:00:00
1777456800000,0.10939,0.11059,0.10917,0.11003,908552580.0,2026-04-29 10:00:00
1777460400000,0.11003,0.11054,0.1094,0.10964,507262950.0,2026-04-29 11:00:00
1777464000000,0.10965,0.10969,0.10639,0.10712,1060504080.0,2026-04-29 12:00:00
1777467600000,0.10713,0.10764,0.10513,0.10633,661886150.0,2026-04-29 13:00:00
1777471200000,0.10633,0.10653,0.1042,0.10511,542795370.0,2026-04-29 14:00:00
1777474800000,0.10512,0.10536,0.10288,0.10334,885119820.0,2026-04-29 15:00:00
1777478400000,0.10334,0.10385,0.10172,0.10222,725640550.0,2026-04-29 16:00:00
1777482000000,0.10223,0.10433,0.10206,0.1039,642622780.0,2026-04-29 17:00:00
1777485600000,0.10389,0.104,0.10083,0.10213,687443530.0,2026-04-29 18:00:00
1777489200000,0.10213,0.10219,0.10101,0.10141,158039630.0,2026-04-29 19:00:00
1777492800000,0.1014,0.10252,0.10139,0.10209,170119950.0,2026-04-29 20:00:00
1777496400000,0.10209,0.10366,0.10192,0.10317,177013870.0,2026-04-29 21:00:00
1777500000000,0.10317,0.10378,0.1029,0.10345,146023510.0,2026-04-29 22:00:00
1777503600000,0.10345,0.10418,0.10333,0.10401,175528780.0,2026-04-29 23:00:00
1777507200000,0.10401,0.10826,0.10388,0.10791,799669090.0,2026-04-30 00:00:00
1777510800000,0.10791,0.10835,0.10628,0.10686,611235270.0,2026-04-30 01:00:00
1777514400000,0.10686,0.10727,0.1045,0.10536,734270970.0,2026-04-30 02:00:00
1777518000000,0.10535,0.10739,0.10504,0.10671,441105950.0,2026-04-30 03:00:00
1777521600000,0.10672,0.10677,0.10474,0.10496,390397370.0,2026-04-30 04:00:00
1777525200000,0.10496,0.10589,0.10426,0.10537,439767880.0,2026-04-30 05:00:00
1777528800000,0.10537,0.10636,0.10522,0.1062,213923270.0,2026-04-30 06:00:00
1777532400000,0.10619,0.107,0.10593,0.10694,265954310.0,2026-04-30 07:00:00
1777536000000,0.10694,0.10726,0.10633,0.10688,336920580.0,2026-04-30 08:00:00
1777539600000,0.10687,0.10807,0.10669,0.10741,409026860.0,2026-04-30 09:00:00
1777543200000,0.10742,0.10778,0.10616,0.10663,318613750.0,2026-04-30 10:00:00
1777546800000,0.10664,0.10684,0.10554,0.10633,291279340.0,2026-04-30 11:00:00
1777550400000,0.10633,0.10676,0.10609,0.10632,206040090.0,2026-04-30 12:00:00
1777554000000,0.10631,0.10746,0.1059,0.1067,287130570.0,2026-04-30 13:00:00
1777557600000,0.10671,0.10727,0.10582,0.10642,330990850.0,2026-04-30 14:00:00
1777561200000,0.10641,0.10749,0.10597,0.10704,239869030.0,2026-04-30 15:00:00
1777564800000,0.10704,0.10712,0.10606,0.10624,188108800.0,2026-04-30 16:00:00
1777568400000,0.10625,0.10645,0.10539,0.10568,358392220.0,2026-04-30 17:00:00
1777572000000,0.10567,0.10615,0.10534,0.10554,178985390.0,2026-04-30 18:00:00
1777575600000,0.10553,0.10623,0.10539,0.10609,103599120.0,2026-04-30 19:00:00
1777579200000,0.10608,0.10671,0.10576,0.1065,132568240.0,2026-04-30 20:00:00
1777582800000,0.1065,0.10682,0.10625,0.10625,77403350.0,2026-04-30 21:00:00
1777586400000,0.10625,0.1066,0.10595,0.10623,129336840.0,2026-04-30 22:00:00
1777590000000,0.10623,0.10659,0.10604,0.10645,80055750.0,2026-04-30 23:00:00
1777593600000,0.10645,0.10787,0.10635,0.10754,401541610.0,2026-05-01 00:00:00
1777597200000,0.10754,0.10925,0.10747,0.10897,577668340.0,2026-05-01 01:00:00
1777600800000,0.10897,0.10934,0.10825,0.10833,309306250.0,2026-05-01 02:00:00
1777604400000,0.10833,0.10979,0.108,0.10903,452525020.0,2026-05-01 03:00:00
1777608000000,0.10903,0.10936,0.10816,0.10877,251007920.0,2026-05-01 04:00:00
1777611600000,0.10877,0.10939,0.10877,0.10905,163369090.0,2026-05-01 05:00:00
1777615200000,0.10905,0.10915,0.10827,0.10834,228417990.0,2026-05-01 06:00:00
1777618800000,0.10834,0.10846,0.10786,0.10821,239149520.0,2026-05-01 07:00:00
1777622400000,0.10821,0.10888,0.10796,0.10845,243966380.0,2026-05-01 08:00:00
1777626000000,0.10846,0.10863,0.10722,0.10769,360681440.0,2026-05-01 09:00:00
1777629600000,0.10769,0.10833,0.10725,0.10827,215514790.0,2026-05-01 10:00:00
1777633200000,0.10827,0.10913,0.10823,0.10876,317463390.0,2026-05-01 11:00:00
1777636800000,0.10876,0.10927,0.10854,0.10887,335492760.0,2026-05-01 12:00:00
1777640400000,0.10887,0.1105,0.10887,0.10967,780401330.0,2026-05-01 13:00:00
1777644000000,0.10968,0.10984,0.10892,0.10957,360264860.0,2026-05-01 14:00:00
1777647600000,0.10957,0.10988,0.10876,0.10935,379538290.0,2026-05-01 15:00:00
1777651200000,0.10935,0.10964,0.1078,0.10889,448768760.0,2026-05-01 16:00:00
1777654800000,0.10888,0.10907,0.10843,0.10891,175286970.0,2026-05-01 17:00:00
1777658400000,0.1089,0.10897,0.1085,0.10889,108147360.0,2026-05-01 18:00:00
1777662000000,0.1089,0.1092,0.10867,0.10903,117290930.0,2026-05-01 19:00:00
1777665600000,0.10904,0.10912,0.10817,0.10843,101446470.0,2026-05-01 20:00:00
1777669200000,0.10842,0.10964,0.10834,0.10933,148423510.0,2026-05-01 21:00:00
1777672800000,0.10934,0.10951,0.10832,0.10841,102393880.0,2026-05-01 22:00:00
1777676400000,0.1084,0.10847,0.10762,0.10846,259947950.0,2026-05-01 23:00:00
1777680000000,0.10847,0.1093,0.10841,0.10865,250495240.0,2026-05-02 00:00:00
1777683600000,0.10866,0.10892,0.10841,0.10859,134637900.0,2026-05-02 01:00:00
1777687200000,0.10858,0.10871,0.10814,0.10844,135330170.0,2026-05-02 02:00:00
1777690800000,0.10843,0.10858,0.10803,0.10813,137223990.0,2026-05-02 03:00:00
1777694400000,0.10813,0.10834,0.10777,0.10803,154466640.0,2026-05-02 04:00:00
1777698000000,0.10803,0.1081,0.10735,0.10748,171430180.0,2026-05-02 05:00:00
1777701600000,0.10748,0.10806,0.10747,0.10801,110932850.0,2026-05-02 06:00:00
1777705200000,0.10801,0.10807,0.10782,0.10784,75640220.0,2026-05-02 07:00:00
1777708800000,0.10784,0.10795,0.1076,0.10762,83512560.0,2026-05-02 08:00:00
1777712400000,0.10762,0.10793,0.1075,0.10772,133477100.0,2026-05-02 09:00:00
1777716000000,0.10772,0.10802,0.10768,0.10771,58340740.0,2026-05-02 10:00:00
1777719600000,0.1077,0.10786,0.10733,0.10768,117435390.0,2026-05-02 11:00:00
1777723200000,0.10768,0.10783,0.107,0.10756,194956790.0,2026-05-02 12:00:00
1777726800000,0.10756,0.10879,0.10755,0.10854,256876530.0,2026-05-02 13:00:00
1777730400000,0.10855,0.10909,0.10821,0.10864,290614100.0,2026-05-02 14:00:00
1777734000000,0.10865,0.10915,0.10861,0.10895,160067510.0,2026-05-02 15:00:00
1777737600000,0.10895,0.10928,0.10854,0.10891,185006430.0,2026-05-02 16:00:00
1777741200000,0.10891,0.10905,0.10856,0.10869,77660580.0,2026-05-02 17:00:00
1777744800000,0.10868,0.10868,0.10817,0.10832,141927840.0,2026-05-02 18:00:00
1777748400000,0.10832,0.1085,0.10822,0.10836,47448070.0,2026-05-02 19:00:00
1777752000000,0.10837,0.10879,0.10828,0.10873,46365190.0,2026-05-02 20:00:00
1777755600000,0.10874,0.109,0.10793,0.1087,203110510.0,2026-05-02 21:00:00
1777759200000,0.1087,0.10913,0.10837,0.10873,144730140.0,2026-05-02 22:00:00
1777762800000,0.10873,0.10877,0.10818,0.10845,125794990.0,2026-05-02 23:00:00
1777766400000,0.10845,0.10852,0.10783,0.10815,133541220.0,2026-05-03 00:00:00
1777770000000,0.10815,0.10818,0.10744,0.10759,156990140.0,2026-05-03 01:00:00
1777773600000,0.10758,0.10775,0.10701,0.10746,205218900.0,2026-05-03 02:00:00
1777777200000,0.10746,0.10794,0.1073,0.10779,165262310.0,2026-05-03 03:00:00
1777780800000,0.10778,0.10822,0.10768,0.10784,136207260.0,2026-05-03 04:00:00
1777784400000,0.10783,0.10808,0.10772,0.10789,56289700.0,2026-05-03 05:00:00
1777788000000,0.10788,0.10792,0.10744,0.10778,125500120.0,2026-05-03 06:00:00
1777791600000,0.10778,0.10817,0.10777,0.10786,104562990.0,2026-05-03 07:00:00
1777795200000,0.10786,0.10812,0.10785,0.10793,39204430.0,2026-05-03 08:00:00
1777798800000,0.10794,0.10829,0.10782,0.10812,75958830.0,2026-05-03 09:00:00
1777802400000,0.10813,0.10819,0.10751,0.10762,107080020.0,2026-05-03 10:00:00
1777806000000,0.10762,0.10872,0.10743,0.10865,209550010.0,2026-05-03 11:00:00
1777809600000,0.10864,0.10938,0.10863,0.10871,288754380.0,2026-05-03 12:00:00
1777813200000,0.10872,0.10896,0.10842,0.10855,104805950.0,2026-05-03 13:00:00
1777816800000,0.10855,0.10883,0.10841,0.10858,80312780.0,2026-05-03 14:00:00
1777820400000,0.10857,0.10889,0.1082,0.10841,115584370.0,2026-05-03 15:00:00
1777824000000,0.10842,0.10857,0.10803,0.10826,118524710.0,2026-05-03 16:00:00
1777827600000,0.10825,0.10872,0.10795,0.10843,93959760.0,2026-05-03 17:00:00
1777831200000,0.10843,0.10856,0.10822,0.10835,32443830.0,2026-05-03 18:00:00
1777834800000,0.10835,0.10872,0.1083,0.10856,36661500.0,2026-05-03 19:00:00
1777838400000,0.10855,0.10923,0.1085,0.10875,92067660.0,2026-05-03 20:00:00
1777842000000,0.10875,0.10909,0.1075,0.10806,127172760.0,2026-05-03 21:00:00
1777845600000,0.10807,0.10961,0.10807,0.10922,195549910.0,2026-05-03 22:00:00
1777849200000,0.10921,0.1094,0.10813,0.10822,190707660.0,2026-05-03 23:00:00
1777852800000,0.10822,0.10901,0.1076,0.10894,191466540.0,2026-05-04 00:00:00
1777856400000,0.10894,0.11322,0.10892,0.11247,977377370.0,2026-05-04 01:00:00
1777860000000,0.11248,0.11342,0.11143,0.11296,610851620.0,2026-05-04 02:00:00
1777863600000,0.11297,0.11372,0.11204,0.11289,403024710.0,2026-05-04 03:00:00
1777867200000,0.11289,0.11347,0.11273,0.11301,245894800.0,2026-05-04 04:00:00
1777870800000,0.11301,0.11314,0.1123,0.11244,187863010.0,2026-05-04 05:00:00
1777874400000,0.11243,0.11255,0.11084,0.11197,406772250.0,2026-05-04 06:00:00
1777878000000,0.11197,0.11264,0.11182,0.11226,117391130.0,2026-05-04 07:00:00
1777881600000,0.11225,0.11237,0.1118,0.11186,124622330.0,2026-05-04 08:00:00
1777885200000,0.11186,0.11231,0.11142,0.11184,145096190.0,2026-05-04 09:00:00
1777888800000,0.11185,0.1119,0.1086,0.11021,1125488860.0,2026-05-04 10:00:00
1777892400000,0.11022,0.11065,0.10995,0.11043,184588140.0,2026-05-04 11:00:00
1777896000000,0.11043,0.11088,0.1102,0.11032,141899620.0,2026-05-04 12:00:00
1777899600000,0.11031,0.11124,0.10984,0.11064,242527940.0,2026-05-04 13:00:00
1777903200000,0.11064,0.1126,0.11011,0.11196,470956380.0,2026-05-04 14:00:00
1777906800000,0.11197,0.11206,0.10956,0.1102,655527950.0,2026-05-04 15:00:00
1777910400000,0.1102,0.1109,0.1098,0.11048,273392280.0,2026-05-04 16:00:00
1777914000000,0.11048,0.11153,0.11039,0.1111,179463300.0,2026-05-04 17:00:00
1777917600000,0.11111,0.1113,0.11065,0.11103,90634180.0,2026-05-04 18:00:00
1777921200000,0.11103,0.11104,0.11017,0.11036,102099540.0,2026-05-04 19:00:00
1777924800000,0.11037,0.11039,0.10995,0.11021,77057820.0,2026-05-04 20:00:00
1777928400000,0.11021,0.11091,0.11012,0.11052,61603600.0,2026-05-04 21:00:00
1777932000000,0.11051,0.11088,0.11007,0.11026,74981900.0,2026-05-04 22:00:00
1777935600000,0.11025,0.11029,0.10994,0.11005,66081950.0,2026-05-04 23:00:00
1777939200000,0.11004,0.1109,0.1099,0.11072,108246100.0,2026-05-05 00:00:00
1777942800000,0.11073,0.11124,0.11046,0.11091,130462920.0,2026-05-05 01:00:00
1777946400000,0.1109,0.11163,0.11088,0.11125,123193810.0,2026-05-05 02:00:00
1777950000000,0.11125,0.11174,0.11105,0.11132,160831030.0,2026-05-05 03:00:00
1777953600000,0.11132,0.11174,0.11117,0.11135,150701690.0,2026-05-05 04:00:00
1777957200000,0.11134,0.11189,0.11122,0.11157,247963830.0,2026-05-05 05:00:00
1777960800000,0.11158,0.1117,0.11116,0.11165,120786430.0,2026-05-05 06:00:00
1777964400000,0.11165,0.11184,0.11126,0.11139,109723470.0,2026-05-05 07:00:00
1777968000000,0.1114,0.11163,0.11124,0.11157,142212780.0,2026-05-05 08:00:00
1777971600000,0.11157,0.11159,0.11066,0.11106,194948220.0,2026-05-05 09:00:00
1777975200000,0.11105,0.11177,0.11094,0.11173,194731480.0,2026-05-05 10:00:00
1777978800000,0.11172,0.1121,0.1113,0.11189,206547800.0,2026-05-05 11:00:00
1777982400000,0.11188,0.11213,0.11171,0.11195,103089540.0,2026-05-05 12:00:00
1777986000000,0.11196,0.11279,0.11183,0.11233,295898850.0,2026-05-05 13:00:00
1777989600000,0.11234,0.11275,0.11146,0.11225,280464920.0,2026-05-05 14:00:00
1777993200000,0.11225,0.11288,0.11216,0.11231,158046950.0,2026-05-05 15:00:00
1777996800000,0.11232,0.11257,0.11158,0.11248,261034600.0,2026-05-05 16:00:00
1778000400000,0.11248,0.11444,0.11239,0.11361,507939810.0,2026-05-05 17:00:00
1778004000000,0.11362,0.11408,0.1132,0.11333,204653390.0,2026-05-05 18:00:00
1778007600000,0.11333,0.114,0.1132,0.11348,106005660.0,2026-05-05 19:00:00
1778011200000,0.11347,0.11418,0.11304,0.11393,133131750.0,2026-05-05 20:00:00
1778014800000,0.11394,0.11562,0.11348,0.11535,342336870.0,2026-05-05 21:00:00
1778018400000,0.11535,0.1165,0.11477,0.11528,533611910.0,2026-05-05 22:00:00
1778022000000,0.11528,0.11587,0.1143,0.11478,310536810.0,2026-05-05 23:00:00
1778025600000,0.11479,0.11504,0.11373,0.11428,268307420.0,2026-05-06 00:00:00
1778029200000,0.11428,0.11536,0.11413,0.11493,226168500.0,2026-05-06 01:00:00
1778032800000,0.11493,0.11559,0.11444,0.11556,245617560.0,2026-05-06 02:00:00
1778036400000,0.11556,0.11609,0.11488,0.11587,341981090.0,2026-05-06 03:00:00
1778040000000,0.11587,0.11594,0.1149,0.11495,196631920.0,2026-05-06 04:00:00
1778043600000,0.11496,0.11607,0.11471,0.1158,286133710.0,2026-05-06 05:00:00
1778047200000,0.11581,0.11597,0.11508,0.11531,212632460.0,2026-05-06 06:00:00
1778050800000,0.1153,0.1166,0.11474,0.11565,491689370.0,2026-05-06 07:00:00
1778054400000,0.11564,0.11681,0.11552,0.11675,251046720.0,2026-05-06 08:00:00
1778058000000,0.11674,0.11678,0.1157,0.11629,473976640.0,2026-05-06 09:00:00
1778061600000,0.11629,0.11658,0.11588,0.11638,167810020.0,2026-05-06 10:00:00
1778065200000,0.11638,0.11699,0.11617,0.11651,226219330.0,2026-05-06 11:00:00
1778068800000,0.11651,0.1167,0.11591,0.11604,186621510.0,2026-05-06 12:00:00
1778072400000,0.11603,0.11603,0.11133,0.11275,1181183880.0,2026-05-06 13:00:00
1778076000000,0.11275,0.11379,0.11184,0.11284,487325440.0,2026-05-06 14:00:00
1778079600000,0.11284,0.11356,0.11273,0.11304,161155250.0,2026-05-06 15:00:00
1778083200000,0.11304,0.1136,0.11255,0.11316,165009670.0,2026-05-06 16:00:00
1778086800000,0.11317,0.11354,0.1129,0.11309,79373900.0,2026-05-06 17:00:00
1778090400000,0.11309,0.11332,0.1127,0.1127,99062770.0,2026-05-06 18:00:00
1778094000000,0.1127,0.11299,0.11253,0.11292,50273070.0,2026-05-06 19:00:00
1778097600000,0.11293,0.11324,0.11228,0.11273,104063560.0,2026-05-06 20:00:00
1778101200000,0.11273,0.11308,0.11256,0.11298,53155810.0,2026-05-06 21:00:00
1778104800000,0.11299,0.113,0.11215,0.11237,76767740.0,2026-05-06 22:00:00
1778108400000,0.11237,0.11247,0.1119,0.11242,96200910.0,2026-05-06 23:00:00
1778112000000,0.11242,0.11248,0.11127,0.11143,176158610.0,2026-05-07 00:00:00
1778115600000,0.11143,0.11152,0.11031,0.11107,316713830.0,2026-05-07 01:00:00
1778119200000,0.11108,0.11117,0.11011,0.11057,201813430.0,2026-05-07 02:00:00
1778122800000,0.11056,0.11081,0.11012,0.11027,138067470.0,2026-05-07 03:00:00
1778126400000,0.11026,0.11069,0.11003,0.1106,132146860.0,2026-05-07 04:00:00
1778130000000,0.1106,0.11132,0.11038,0.11069,264967580.0,2026-05-07 05:00:00
1778133600000,0.11069,0.11146,0.11037,0.11142,221162520.0,2026-05-07 06:00:00
1778137200000,0.11142,0.11174,0.11119,0.11164,177079690.0,2026-05-07 07:00:00
1778140800000,0.11163,0.11178,0.11127,0.11141,133670510.0,2026-05-07 08:00:00
1778144400000,0.11142,0.11178,0.1112,0.11133,176840580.0,2026-05-07 09:00:00
1778148000000,0.11132,0.11177,0.11068,0.11097,178731430.0,2026-05-07 10:00:00
1778151600000,0.11098,0.11137,0.11076,0.11106,120420680.0,2026-05-07 11:00:00
1778155200000,0.11105,0.11154,0.11102,0.11147,79149340.0,2026-05-07 12:00:00
1778158800000,0.11147,0.11147,0.10782,0.10938,559226020.0,2026-05-07 13:00:00
1778162400000,0.10939,0.10971,0.10833,0.10897,314096910.0,2026-05-07 14:00:00
1778166000000,0.10896,0.10949,0.1066,0.10793,655690440.0,2026-05-07 15:00:00
1778169600000,0.10793,0.10827,0.10742,0.10763,183186030.0,2026-05-07 16:00:00
1778173200000,0.10763,0.10805,0.10707,0.10796,132320230.0,2026-05-07 17:00:00
1778176800000,0.10796,0.10854,0.10778,0.10803,125368880.0,2026-05-07 18:00:00
1778180400000,0.10803,0.10831,0.10772,0.10793,68156180.0,2026-05-07 19:00:00
1778184000000,0.10793,0.10845,0.10776,0.10776,47938340.0,2026-05-07 20:00:00
1778187600000,0.10777,0.10812,0.10736,0.10771,83787530.0,2026-05-07 21:00:00
1778191200000,0.10771,0.10787,0.10737,0.10768,104938330.0,2026-05-07 22:00:00
1778194800000,0.10768,0.10793,0.10752,0.10783,72020630.0,2026-05-07 23:00:00
1778198400000,0.10783,0.10803,0.10678,0.10694,242195230.0,2026-05-08 00:00:00
1778202000000,0.10694,0.10705,0.10611,0.10665,222064990.0,2026-05-08 01:00:00
1778205600000,0.10666,0.10667,0.10573,0.1063,190981560.0,2026-05-08 02:00:00
1778209200000,0.10631,0.1066,0.10581,0.10637,98578270.0,2026-05-08 03:00:00
1778212800000,0.10638,0.10661,0.10618,0.10644,55432590.0,2026-05-08 04:00:00
1778216400000,0.10644,0.1065,0.10587,0.10591,68821820.0,2026-05-08 05:00:00
1778220000000,0.1059,0.10638,0.10557,0.10624,190172170.0,2026-05-08 06:00:00
1778223600000,0.10624,0.10646,0.10584,0.10626,205785330.0,2026-05-08 07:00:00
1778227200000,0.10627,0.10723,0.10615,0.10696,218151170.0,2026-05-08 08:00:00
1778230800000,0.10697,0.10772,0.10678,0.1071,215386560.0,2026-05-08 09:00:00
1778234400000,0.10709,0.10759,0.10671,0.10735,160698300.0,2026-05-08 10:00:00
1778238000000,0.10736,0.10761,0.10717,0.10735,92317270.0,2026-05-08 11:00:00
1778241600000,0.10734,0.10761,0.10639,0.10664,163385590.0,2026-05-08 12:00:00
1778245200000,0.10663,0.1069,0.10623,0.10672,158578630.0,2026-05-08 13:00:00
1778248800000,0.10672,0.10784,0.10667,0.10773,246207470.0,2026-05-08 14:00:00
1778252400000,0.10772,0.10819,0.10685,0.10804,177227190.0,2026-05-08 15:00:00
1778256000000,0.10805,0.10812,0.10724,0.10737,104116370.0,2026-05-08 16:00:00
1778259600000,0.10738,0.10843,0.10732,0.10803,141990430.0,2026-05-08 17:00:00
1778263200000,0.10803,0.10906,0.10803,0.10846,196880460.0,2026-05-08 18:00:00
1778266800000,0.10846,0.10906,0.10822,0.10892,157135910.0,2026-05-08 19:00:00
1778270400000,0.10893,0.10944,0.10841,0.10862,177747880.0,2026-05-08 20:00:00
1778274000000,0.10862,0.10928,0.10851,0.10926,78243550.0,2026-05-08 21:00:00
1778277600000,0.10925,0.1096,0.10914,0.10952,75925900.0,2026-05-08 22:00:00
1778281200000,0.10952,0.10954,0.10909,0.10947,96839740.0,2026-05-08 23:00:00
1778284800000,0.10948,0.10982,0.10934,0.10944,117586290.0,2026-05-09 00:00:00
1778288400000,0.10944,0.11084,0.1094,0.11043,219101420.0,2026-05-09 01:00:00
1778292000000,0.11043,0.11114,0.11036,0.11045,174259370.0,2026-05-09 02:00:00
1778295600000,0.11045,0.11092,0.11012,0.11031,112052180.0,2026-05-09 03:00:00
1778299200000,0.11032,0.11125,0.1103,0.11059,181766440.0,2026-05-09 04:00:00
1778302800000,0.1106,0.11075,0.10988,0.11062,162281270.0,2026-05-09 05:00:00
1778306400000,0.11062,0.11128,0.1103,0.1106,157978610.0,2026-05-09 06:00:00
1778310000000,0.11061,0.11065,0.10975,0.11016,194285480.0,2026-05-09 07:00:00
1778313600000,0.11016,0.11061,0.11012,0.11031,63886770.0,2026-05-09 08:00:00
1778317200000,0.1103,0.11033,0.10954,0.1099,139858480.0,2026-05-09 09:00:00
1778320800000,0.1099,0.1099,0.1092,0.10963,124680830.0,2026-05-09 10:00:00
1778324400000,0.10964,0.10986,0.1095,0.10954,70025140.0,2026-05-09 11:00:00
1778328000000,0.10954,0.10971,0.10914,0.10938,65183040.0,2026-05-09 12:00:00
1778331600000,0.10939,0.10942,0.10861,0.10917,168029090.0,2026-05-09 13:00:00
1778335200000,0.10918,0.10919,0.10826,0.10845,184267570.0,2026-05-09 14:00:00
1778338800000,0.10845,0.10877,0.10803,0.10858,162774920.0,2026-05-09 15:00:00
1778342400000,0.10858,0.10916,0.10844,0.10886,115611910.0,2026-05-09 16:00:00
1778346000000,0.10886,0.10964,0.10886,0.10939,109918430.0,2026-05-09 17:00:00
1778349600000,0.1094,0.10994,0.10939,0.10959,59183270.0,2026-05-09 18:00:00
1778353200000,0.10959,0.10973,0.10945,0.10967,40256490.0,2026-05-09 19:00:00
1778356800000,0.10967,0.10968,0.10923,0.10932,29419060.0,2026-05-09 20:00:00
1778360400000,0.10933,0.10949,0.10903,0.10927,35407710.0,2026-05-09 21:00:00
1778364000000,0.10928,0.10936,0.10895,0.10902,41614180.0,2026-05-09 22:00:00
1778367600000,0.10903,0.10919,0.10853,0.10869,63775320.0,2026-05-09 23:00:00
1778371200000,0.1087,0.10894,0.1082,0.10839,119526470.0,2026-05-10 00:00:00
1778374800000,0.10838,0.10839,0.10773,0.10805,149469550.0,2026-05-10 01:00:00
1778378400000,0.10805,0.10892,0.10786,0.10854,173464570.0,2026-05-10 02:00:00
1778382000000,0.10854,0.1088,0.10839,0.10842,90556430.0,2026-05-10 03:00:00
1778385600000,0.10843,0.10866,0.1083,0.10843,64896450.0,2026-05-10 04:00:00
1778389200000,0.10842,0.10863,0.10828,0.10836,49349470.0,2026-05-10 05:00:00
1778392800000,0.10836,0.10845,0.10814,0.10838,63318180.0,2026-05-10 06:00:00
1778396400000,0.10837,0.10871,0.10825,0.10847,68948720.0,2026-05-10 07:00:00
1778400000000,0.10847,0.10893,0.10843,0.10868,88020870.0,2026-05-10 08:00:00
1778403600000,0.10868,0.10911,0.10846,0.10851,174672250.0,2026-05-10 09:00:00
1778407200000,0.10851,0.10872,0.10779,0.10868,220869550.0,2026-05-10 10:00:00
1778410800000,0.10868,0.10878,0.1079,0.10816,167866590.0,2026-05-10 11:00:00
1778414400000,0.10816,0.10829,0.10787,0.10806,92885570.0,2026-05-10 12:00:00
1778418000000,0.10807,0.10843,0.10797,0.10826,142988850.0,2026-05-10 13:00:00
1778421600000,0.10826,0.10845,0.10786,0.10826,185980710.0,2026-05-10 14:00:00
1778425200000,0.10827,0.10908,0.1082,0.10907,219795140.0,2026-05-10 15:00:00
1778428800000,0.10906,0.1097,0.10879,0.10959,341260960.0,2026-05-10 16:00:00
1778432400000,0.10958,0.11109,0.1094,0.11085,413462840.0,2026-05-10 17:00:00
1778436000000,0.11086,0.11162,0.11062,0.11097,306731780.0,2026-05-10 18:00:00
1778439600000,0.11097,0.11148,0.11024,0.11104,201628350.0,2026-05-10 19:00:00
1778443200000,0.11105,0.11154,0.10622,0.10787,704288660.0,2026-05-10 20:00:00
1778446800000,0.10787,0.1089,0.10761,0.10823,247478140.0,2026-05-10 21:00:00
1778450400000,0.10822,0.11212,0.10803,0.11182,635924310.0,2026-05-10 22:00:00
1778454000000,0.11183,0.11281,0.11129,0.1124,584860780.0,2026-05-10 23:00:00
1778457600000,0.1124,0.1127,0.10979,0.11043,682513640.0,2026-05-11 00:00:00
1778461200000,0.11043,0.11174,0.10996,0.11059,421562860.0,2026-05-11 01:00:00
1778464800000,0.11058,0.11086,0.10936,0.10975,345536880.0,2026-05-11 02:00:00
1778468400000,0.10974,0.10978,0.10832,0.10906,355396140.0,2026-05-11 03:00:00
1778472000000,0.10905,0.11,0.10875,0.10946,244227900.0,2026-05-11 04:00:00
1778475600000,0.10946,0.10997,0.10932,0.10978,112376190.0,2026-05-11 05:00:00
1778479200000,0.10979,0.11008,0.10912,0.10949,178605340.0,2026-05-11 06:00:00
1778482800000,0.10949,0.1095,0.10855,0.10921,225599890.0,2026-05-11 07:00:00
1778486400000,0.10922,0.1097,0.10869,0.10941,215608980.0,2026-05-11 08:00:00
1778490000000,0.1094,0.10997,0.10938,0.10968,130303940.0,2026-05-11 09:00:00
1778493600000,0.10967,0.11035,0.10959,0.10991,178913530.0,2026-05-11 10:00:00
1778497200000,0.10992,0.11033,0.10949,0.11025,142313730.0,2026-05-11 11:00:00
1778500800000,0.11025,0.11047,0.10928,0.1095,274482170.0,2026-05-11 12:00:00
1778504400000,0.10951,0.11,0.109,0.10985,329330810.0,2026-05-11 13:00:00
1778508000000,0.10985,0.11068,0.10883,0.10963,540371290.0,2026-05-11 14:00:00
1778511600000,0.10964,0.11096,0.10934,0.11087,415419810.0,2026-05-11 15:00:00
1778515200000,0.11087,0.11155,0.11061,0.11111,438793640.0,2026-05-11 16:00:00
1778518800000,0.11112,0.11182,0.11065,0.11132,312796840.0,2026-05-11 17:00:00
1778522400000,0.11132,0.11143,0.11048,0.1105,214271620.0,2026-05-11 18:00:00
1778526000000,0.1105,0.11176,0.11031,0.1115,188815300.0,2026-05-11 19:00:00
1778529600000,0.11151,0.11172,0.11117,0.11138,174964860.0,2026-05-11 20:00:00
1778533200000,0.11137,0.11157,0.11091,0.11104,98372210.0,2026-05-11 21:00:00
1778536800000,0.11105,0.11156,0.11092,0.11137,110627530.0,2026-05-11 22:00:00
1778540400000,0.11136,0.1114,0.11088,0.11123,73337430.0,2026-05-11 23:00:00
1778544000000,0.11123,0.11153,0.11098,0.11125,121590020.0,2026-05-12 00:00:00
1778547600000,0.11125,0.11145,0.1096,0.11074,347299590.0,2026-05-12 01:00:00
1778551200000,0.11074,0.11144,0.11042,0.1107,251832130.0,2026-05-12 02:00:00
1778554800000,0.1107,0.11087,0.10991,0.11003,133412610.0,2026-05-12 03:00:00
1778558400000,0.11002,0.11038,0.10971,0.10981,159827270.0,2026-05-12 04:00:00
1778562000000,0.10981,0.11049,0.10978,0.11032,209598470.0,2026-05-12 05:00:00
1778565600000,0.11033,0.11121,0.11019,0.1105,312817770.0,2026-05-12 06:00:00
1778569200000,0.1105,0.11052,0.1097,0.10983,278595220.0,2026-05-12 07:00:00
1778572800000,0.10984,0.11024,0.10915,0.10975,351928570.0,2026-05-12 08:00:00
1778576400000,0.10975,0.10978,0.10917,0.10972,205327570.0,2026-05-12 09:00:00
1778580000000,0.10972,0.10973,0.10885,0.10911,183362680.0,2026-05-12 10:00:00
1778583600000,0.10912,0.10944,0.10847,0.10938,217173410.0,2026-05-12 11:00:00
1778587200000,0.10938,0.10958,0.1087,0.10914,177087220.0,2026-05-12 12:00:00
1778590800000,0.10913,0.10932,0.10809,0.10839,186049710.0,2026-05-12 13:00:00
1778594400000,0.1084,0.10919,0.10782,0.10877,262848600.0,2026-05-12 14:00:00
1778598000000,0.10876,0.10906,0.10811,0.10862,207226600.0,2026-05-12 15:00:00
1778601600000,0.10862,0.10905,0.10743,0.10787,267860890.0,2026-05-12 16:00:00
1778605200000,0.10787,0.1092,0.10784,0.10901,179555090.0,2026-05-12 17:00:00
1778608800000,0.109,0.10946,0.10881,0.10921,81306050.0,2026-05-12 18:00:00
1778612400000,0.10922,0.1102,0.10913,0.10979,127016570.0,2026-05-12 19:00:00
1778616000000,0.1098,0.11023,0.1097,0.11012,65140250.0,2026-05-12 20:00:00
1778619600000,0.11011,0.11063,0.10983,0.10993,141660570.0,2026-05-12 21:00:00
1778623200000,0.10993,0.11035,0.10991,0.1102,55517600.0,2026-05-12 22:00:00
1778626800000,0.11021,0.1104,0.10979,0.11008,97064090.0,2026-05-12 23:00:00
1778630400000,0.11008,0.11069,0.10986,0.11061,107097530.0,2026-05-13 00:00:00
1778634000000,0.11061,0.11168,0.11059,0.11106,265342170.0,2026-05-13 01:00:00
1778637600000,0.11107,0.11144,0.11074,0.11102,135446730.0,2026-05-13 02:00:00
1778641200000,0.11103,0.11165,0.11099,0.11163,132562040.0,2026-05-13 03:00:00
1778644800000,0.11163,0.11277,0.11121,0.11212,355469650.0,2026-05-13 04:00:00
1778648400000,0.11213,0.11264,0.11152,0.11199,215720100.0,2026-05-13 05:00:00
1778652000000,0.11199,0.11238,0.11167,0.11175,133369510.0,2026-05-13 06:00:00
1778655600000,0.11174,0.11232,0.11133,0.11224,217064790.0,2026-05-13 07:00:00
1778659200000,0.11225,0.11238,0.1119,0.11226,118448670.0,2026-05-13 08:00:00
1778662800000,0.11226,0.1145,0.11225,0.11417,592970310.0,2026-05-13 09:00:00
1778666400000,0.11417,0.11449,0.11347,0.11371,279538400.0,2026-05-13 10:00:00
1778670000000,0.11371,0.11401,0.11233,0.11261,349032530.0,2026-05-13 11:00:00
1778673600000,0.11262,0.11311,0.11085,0.11176,502860640.0,2026-05-13 12:00:00
1778677200000,0.11176,0.11233,0.1104,0.1105,363470590.0,2026-05-13 13:00:00
1778680800000,0.11049,0.11183,0.10987,0.11178,351132140.0,2026-05-13 14:00:00
1778684400000,0.11179,0.11218,0.10956,0.10989,436899310.0,2026-05-13 15:00:00
1778688000000,0.10989,0.11213,0.10985,0.11193,379007530.0,2026-05-13 16:00:00
1778691600000,0.11194,0.11329,0.11191,0.11308,298562140.0,2026-05-13 17:00:00
1778695200000,0.11309,0.11471,0.11309,0.11332,330334330.0,2026-05-13 18:00:00
1778698800000,0.11332,0.11349,0.11225,0.11292,226331150.0,2026-05-13 19:00:00
1778702400000,0.11291,0.11346,0.1127,0.11334,92479540.0,2026-05-13 20:00:00
1778706000000,0.11335,0.11343,0.11227,0.11283,103756690.0,2026-05-13 21:00:00
1778709600000,0.11283,0.11364,0.1123,0.11351,107594610.0,2026-05-13 22:00:00
1778713200000,0.11352,0.11396,0.11258,0.11259,206234740.0,2026-05-13 23:00:00
1778716800000,0.1126,0.11539,0.11226,0.11432,626334690.0,2026-05-14 00:00:00
1778720400000,0.11431,0.11492,0.11374,0.11446,298586890.0,2026-05-14 01:00:00
1778724000000,0.11445,0.11484,0.11316,0.1134,230058880.0,2026-05-14 02:00:00
1778727600000,0.1134,0.11378,0.11209,0.11237,327531190.0,2026-05-14 03:00:00
1778731200000,0.11237,0.11308,0.11184,0.11299,206260970.0,2026-05-14 04:00:00
1778734800000,0.11298,0.11519,0.11289,0.11502,373904980.0,2026-05-14 05:00:00
1778738400000,0.11502,0.11536,0.11362,0.11451,327557790.0,2026-05-14 06:00:00
1778742000000,0.1145,0.11499,0.11373,0.11383,292077740.0,2026-05-14 07:00:00
1778745600000,0.11383,0.11395,0.11305,0.11329,252136020.0,2026-05-14 08:00:00
1778749200000,0.11329,0.11355,0.1127,0.11325,173006790.0,2026-05-14 09:00:00
1778752800000,0.11324,0.11373,0.11291,0.11363,197282240.0,2026-05-14 10:00:00
1778756400000,0.11362,0.11374,0.11303,0.11308,135995020.0,2026-05-14 11:00:00
1778760000000,0.11308,0.11568,0.11298,0.11521,451116370.0,2026-05-14 12:00:00
1778763600000,0.11522,0.11662,0.11407,0.11427,761930870.0,2026-05-14 13:00:00
1778767200000,0.11427,0.1154,0.11398,0.1149,491851230.0,2026-05-14 14:00:00
1778770800000,0.11491,0.1152,0.11355,0.11389,605488570.0,2026-05-14 15:00:00
1778774400000,0.11389,0.11609,0.1133,0.11599,799658190.0,2026-05-14 16:00:00
1778778000000,0.11598,0.11627,0.11495,0.11584,336909110.0,2026-05-14 17:00:00
1778781600000,0.11584,0.11858,0.11561,0.11727,722750200.0,2026-05-14 18:00:00
1778785200000,0.11728,0.11777,0.11573,0.11608,209644460.0,2026-05-14 19:00:00
1778788800000,0.11609,0.11623,0.11489,0.11595,175998600.0,2026-05-14 20:00:00
1778792400000,0.11596,0.11672,0.11551,0.11666,101248870.0,2026-05-14 21:00:00
1778796000000,0.11667,0.11679,0.11621,0.11633,80580740.0,2026-05-14 22:00:00
1778799600000,0.11633,0.11633,0.11501,0.1154,154569570.0,2026-05-14 23:00:00
1778803200000,0.1154,0.11697,0.11538,0.11665,227583060.0,2026-05-15 00:00:00
1778806800000,0.11664,0.1174,0.11592,0.116,293149290.0,2026-05-15 01:00:00
1778810400000,0.11601,0.1167,0.11514,0.11638,347997840.0,2026-05-15 02:00:00
1778814000000,0.11638,0.11668,0.1155,0.11607,142011050.0,2026-05-15 03:00:00
1778817600000,0.11608,0.11608,0.11419,0.11427,275374720.0,2026-05-15 04:00:00
1778821200000,0.11428,0.11464,0.11266,0.11344,520161170.0,2026-05-15 05:00:00
1778824800000,0.11343,0.11472,0.11332,0.11456,277757480.0,2026-05-15 06:00:00
1778828400000,0.11456,0.11513,0.11407,0.11481,361026630.0,2026-05-15 07:00:00
1778832000000,0.11481,0.11539,0.11377,0.11523,321037440.0,2026-05-15 08:00:00
1778835600000,0.11523,0.1156,0.11414,0.11433,305290220.0,2026-05-15 09:00:00
1778839200000,0.11432,0.11543,0.11415,0.11523,155105540.0,2026-05-15 10:00:00
1778842800000,0.11524,0.11527,0.1143,0.11438,98103550.0,2026-05-15 11:00:00
1778846400000,0.11437,0.11442,0.11364,0.11413,230953450.0,2026-05-15 12:00:00
1778850000000,0.11414,0.11414,0.11086,0.11137,809245050.0,2026-05-15 13:00:00
1778853600000,0.11138,0.11262,0.111,0.1118,533176000.0,2026-05-15 14:00:00
1778857200000,0.1118,0.11206,0.11068,0.11153,322672980.0,2026-05-15 15:00:00
1778860800000,0.11153,0.11303,0.11145,0.11264,333087660.0,2026-05-15 16:00:00
1778864400000,0.11264,0.11305,0.11208,0.11259,155046530.0,2026-05-15 17:00:00
1778868000000,0.1126,0.1134,0.1126,0.11308,145584640.0,2026-05-15 18:00:00
1778871600000,0.11308,0.11335,0.1126,0.11296,96049950.0,2026-05-15 19:00:00
1778875200000,0.11296,0.1133,0.11254,0.11312,79714160.0,2026-05-15 20:00:00
1778878800000,0.11312,0.11341,0.11268,0.11287,76610870.0,2026-05-15 21:00:00
1778882400000,0.11287,0.11375,0.11275,0.11358,81888980.0,2026-05-15 22:00:00
1778886000000,0.11359,0.11375,0.11318,0.1133,66068860.0,2026-05-15 23:00:00
1778889600000,0.11329,0.11343,0.11271,0.11286,126087050.0,2026-05-16 00:00:00
1778893200000,0.11286,0.1129,0.11212,0.11262,120582060.0,2026-05-16 01:00:00
1778896800000,0.11262,0.11284,0.11227,0.11246,72479620.0,2026-05-16 02:00:00
1778900400000,0.11247,0.11278,0.11231,0.11255,69566420.0,2026-05-16 03:00:00
1778904000000,0.11256,0.1126,0.11089,0.11168,348166050.0,2026-05-16 04:00:00
1778907600000,0.11167,0.11207,0.11127,0.1116,194936660.0,2026-05-16 05:00:00
1778911200000,0.1116,0.1117,0.11018,0.11057,291317910.0,2026-05-16 06:00:00
1778914800000,0.11056,0.11058,0.10903,0.11007,408829570.0,2026-05-16 07:00:00
1778918400000,0.11006,0.11041,0.10992,0.10999,94554000.0,2026-05-16 08:00:00
1778922000000,0.11,0.11022,0.10867,0.10922,307015300.0,2026-05-16 09:00:00
1778925600000,0.10921,0.10937,0.10814,0.10873,340461920.0,2026-05-16 10:00:00
1778929200000,0.10872,0.10942,0.10872,0.10892,144033970.0,2026-05-16 11:00:00
1778932800000,0.10893,0.1091,0.10845,0.10864,104715610.0,2026-05-16 12:00:00
1778936400000,0.10863,0.10869,0.10773,0.10856,314935040.0,2026-05-16 13:00:00
1778940000000,0.10857,0.10973,0.1083,0.10892,190439290.0,2026-05-16 14:00:00
1778943600000,0.10893,0.10993,0.10887,0.10964,194162230.0,2026-05-16 15:00:00
1778947200000,0.10965,0.11007,0.10937,0.10975,160469900.0,2026-05-16 16:00:00
1778950800000,0.10975,0.11,0.10946,0.10951,60873690.0,2026-05-16 17:00:00
1778954400000,0.1095,0.10965,0.10923,0.10938,67479170.0,2026-05-16 18:00:00
1778958000000,0.10939,0.10973,0.10932,0.10955,50194860.0,2026-05-16 19:00:00
1778961600000,0.10956,0.10982,0.10936,0.10955,36461620.0,2026-05-16 20:00:00
1778965200000,0.10955,0.11018,0.10941,0.10975,68880390.0,2026-05-16 21:00:00
1778968800000,0.10975,0.10976,0.10938,0.1094,38718940.0,2026-05-16 22:00:00
1778972400000,0.1094,0.10949,0.10916,0.10931,45423360.0,2026-05-16 23:00:00
1778976000000,0.10931,0.1096,0.10881,0.10909,91093680.0,2026-05-17 00:00:00
1778979600000,0.10909,0.10917,0.10802,0.10805,232332830.0,2026-05-17 01:00:00
1778983200000,0.10805,0.10876,0.10802,0.10859,116406670.0,2026-05-17 02:00:00
1778986800000,0.10859,0.10948,0.10859,0.10915,102210770.0,2026-05-17 03:00:00
1778990400000,0.10914,0.10984,0.10908,0.10963,103901560.0,2026-05-17 04:00:00
1778994000000,0.10964,0.11038,0.10959,0.10992,155533180.0,2026-05-17 05:00:00
1778997600000,0.10993,0.11014,0.10941,0.10961,107107490.0,2026-05-17 06:00:00
1779001200000,0.10962,0.11025,0.10951,0.11013,84941110.0,2026-05-17 07:00:00
1779004800000,0.11013,0.11033,0.10972,0.1102,104914030.0,2026-05-17 08:00:00
1779008400000,0.1102,0.11108,0.11008,0.111,188613520.0,2026-05-17 09:00:00
1779012000000,0.111,0.11188,0.11097,0.11164,288624760.0,2026-05-17 10:00:00
1779015600000,0.11165,0.1117,0.11113,0.11143,128953870.0,2026-05-17 11:00:00
1779019200000,0.11144,0.11275,0.11142,0.11201,319357930.0,2026-05-17 12:00:00
1779022800000,0.11201,0.11202,0.1109,0.11159,342204420.0,2026-05-17 13:00:00
1779026400000,0.11158,0.11166,0.11046,0.11076,268632780.0,2026-05-17 14:00:00
1779030000000,0.11075,0.11108,0.11022,0.1104,178032370.0,2026-05-17 15:00:00
1779033600000,0.1104,0.11066,0.10985,0.11,168109790.0,2026-05-17 16:00:00
1779037200000,0.11,0.11019,0.1095,0.10991,172693300.0,2026-05-17 17:00:00
1779040800000,0.10991,0.11037,0.10956,0.11031,115594100.0,2026-05-17 18:00:00
1779044400000,0.1103,0.11095,0.1103,0.11068,122665590.0,2026-05-17 19:00:00
1779048000000,0.11067,0.11086,0.1104,0.11052,66953780.0,2026-05-17 20:00:00
1779051600000,0.11052,0.11127,0.11031,0.11116,80712010.0,2026-05-17 21:00:00
1779055200000,0.11116,0.11123,0.10923,0.10946,257170920.0,2026-05-17 22:00:00
1779058800000,0.10946,0.10954,0.10536,0.10893,1179357020.0,2026-05-17 23:00:00
1779062400000,0.10892,0.109,0.10651,0.10694,562808670.0,2026-05-18 00:00:00
1779066000000,0.10693,0.10705,0.10583,0.10669,321799470.0,2026-05-18 01:00:00
1779069600000,0.10669,0.10717,0.10636,0.10663,177417050.0,2026-05-18 02:00:00
1779073200000,0.10663,0.10714,0.10619,0.10656,166071530.0,2026-05-18 03:00:00
1779076800000,0.10655,0.10694,0.10597,0.10682,143240430.0,2026-05-18 04:00:00
1779080400000,0.10683,0.10704,0.10589,0.1061,170972250.0,2026-05-18 05:00:00
1779084000000,0.10609,0.10622,0.10352,0.10468,890700070.0,2026-05-18 06:00:00
1779087600000,0.10468,0.10498,0.10361,0.10425,303792760.0,2026-05-18 07:00:00
1779091200000,0.10426,0.10465,0.10396,0.10435,147413390.0,2026-05-18 08:00:00
1779094800000,0.10435,0.10445,0.1039,0.10401,135727240.0,2026-05-18 09:00:00
1779098400000,0.10401,0.10443,0.1037,0.104,158764370.0,2026-05-18 10:00:00
1779102000000,0.104,0.106,0.10374,0.105,347456150.0,2026-05-18 11:00:00
1779105600000,0.105,0.10635,0.105,0.10627,403516800.0,2026-05-18 12:00:00
1779109200000,0.10628,0.10638,0.10407,0.10502,482174140.0,2026-05-18 13:00:00
1779112800000,0.10502,0.10502,0.10381,0.10418,415062730.0,2026-05-18 14:00:00
1779116400000,0.10419,0.10439,0.10301,0.10387,490894470.0,2026-05-18 15:00:00
1779120000000,0.10387,0.10435,0.10321,0.1036,200367240.0,2026-05-18 16:00:00
1779123600000,0.1036,0.10423,0.10345,0.10397,112368300.0,2026-05-18 17:00:00
1779127200000,0.10396,0.10403,0.10237,0.1026,317467140.0,2026-05-18 18:00:00
1779130800000,0.1026,0.10492,0.10255,0.1047,294476290.0,2026-05-18 19:00:00
1779134400000,0.10471,0.1052,0.10394,0.10412,162227140.0,2026-05-18 20:00:00
1779138000000,0.10413,0.10508,0.10384,0.105,145107840.0,2026-05-18 21:00:00
1779141600000,0.10501,0.1055,0.1046,0.10493,166529280.0,2026-05-18 22:00:00
1779145200000,0.10492,0.10516,0.10454,0.10472,87226080.0,2026-05-18 23:00:00
1779148800000,0.10472,0.10547,0.10458,0.10515,112536220.0,2026-05-19 00:00:00
1779152400000,0.10515,0.10515,0.10413,0.1042,138256410.0,2026-05-19 01:00:00
1779156000000,0.1042,0.10472,0.10376,0.10407,115753900.0,2026-05-19 02:00:00
1779159600000,0.10408,0.1046,0.10393,0.10427,82034100.0,2026-05-19 03:00:00
1779163200000,0.10428,0.10529,0.10412,0.10524,159705190.0,2026-05-19 04:00:00
1779166800000,0.10525,0.10534,0.10415,0.10448,227948330.0,2026-05-19 05:00:00
1779170400000,0.10449,0.10465,0.10404,0.10442,114862790.0,2026-05-19 06:00:00
1779174000000,0.10441,0.10515,0.10414,0.10513,206689720.0,2026-05-19 07:00:00
1779177600000,0.10514,0.10519,0.1044,0.10443,167850700.0,2026-05-19 08:00:00
1779181200000,0.10443,0.10467,0.10365,0.10413,178678730.0,2026-05-19 09:00:00
1779184800000,0.10413,0.10443,0.1035,0.10418,148165970.0,2026-05-19 10:00:00
1779188400000,0.10418,0.10433,0.10362,0.10367,89640820.0,2026-05-19 11:00:00
1779192000000,0.10367,0.10425,0.10345,0.10409,120342890.0,2026-05-19 12:00:00
1779195600000,0.1041,0.10458,0.10348,0.10427,230184590.0,2026-05-19 13:00:00
1779199200000,0.10427,0.10445,0.10272,0.10337,340497460.0,2026-05-19 14:00:00
1779202800000,0.10336,0.10388,0.1032,0.10356,127556600.0,2026-05-19 15:00:00
1779206400000,0.10356,0.1042,0.10334,0.10406,118445930.0,2026-05-19 16:00:00
1779210000000,0.10406,0.10418,0.10343,0.10364,121518370.0,2026-05-19 17:00:00
1779213600000,0.10364,0.10376,0.10328,0.10341,107556790.0,2026-05-19 18:00:00
1779217200000,0.10341,0.10385,0.1031,0.10323,68802060.0,2026-05-19 19:00:00
1779220800000,0.10323,0.10366,0.10323,0.10358,46606340.0,2026-05-19 20:00:00
1779224400000,0.10358,0.10375,0.10342,0.10347,29092390.0,2026-05-19 21:00:00
1779228000000,0.10346,0.10346,0.10259,0.1027,163870520.0,2026-05-19 22:00:00
1779231600000,0.10271,0.10328,0.10259,0.10296,97267730.0,2026-05-19 23:00:00
1779235200000,0.10295,0.10305,0.10179,0.10272,317803240.0,2026-05-20 00:00:00
1779238800000,0.10272,0.10299,0.10221,0.10273,151720720.0,2026-05-20 01:00:00
1779242400000,0.10273,0.10303,0.1024,0.10254,79050380.0,2026-05-20 02:00:00
1779246000000,0.10254,0.10307,0.10235,0.10284,76558050.0,2026-05-20 03:00:00
1779249600000,0.10284,0.10292,0.10212,0.10243,147295670.0,2026-05-20 04:00:00
1779253200000,0.10243,0.10371,0.10243,0.1035,274008720.0,2026-05-20 05:00:00
1779256800000,0.1035,0.10407,0.10343,0.10399,123349150.0,2026-05-20 06:00:00
1779260400000,0.10399,0.10402,0.10338,0.10354,122062420.0,2026-05-20 07:00:00
1779264000000,0.10355,0.10402,0.10341,0.10373,127464150.0,2026-05-20 08:00:00
1779267600000,0.10373,0.10387,0.10343,0.10359,64235640.0,2026-05-20 09:00:00
1779271200000,0.1036,0.10407,0.10359,0.10383,85940590.0,2026-05-20 10:00:00
1779274800000,0.10382,0.10394,0.10342,0.10363,99363610.0,2026-05-20 11:00:00
1779278400000,0.10363,0.10442,0.10345,0.10409,153688260.0,2026-05-20 12:00:00
1779282000000,0.1041,0.10423,0.10297,0.1036,232967270.0,2026-05-20 13:00:00
1779285600000,0.1036,0.10452,0.10318,0.10431,271644610.0,2026-05-20 14:00:00
1779289200000,0.1043,0.10492,0.10383,0.10416,261818920.0,2026-05-20 15:00:00
1779292800000,0.10415,0.10455,0.1036,0.10435,181512680.0,2026-05-20 16:00:00
1779296400000,0.10435,0.10481,0.10411,0.10443,147969250.0,2026-05-20 17:00:00
1779300000000,0.10444,0.10459,0.10395,0.10403,93048190.0,2026-05-20 18:00:00
1779303600000,0.10403,0.10446,0.10398,0.10421,64546140.0,2026-05-20 19:00:00
1779307200000,0.1042,0.10437,0.10369,0.10411,105004550.0,2026-05-20 20:00:00
1779310800000,0.10411,0.10421,0.10372,0.10373,45235570.0,2026-05-20 21:00:00
1779314400000,0.10372,0.10374,0.10289,0.10353,170843780.0,2026-05-20 22:00:00
1779318000000,0.10353,0.1037,0.10322,0.10365,66988940.0,2026-05-20 23:00:00
1779321600000,0.10365,0.10459,0.10362,0.10449,143747040.0,2026-05-21 00:00:00
1779325200000,0.1045,0.1049,0.10435,0.10458,158192730.0,2026-05-21 01:00:00
1779328800000,0.10459,0.10523,0.10452,0.10504,171921880.0,2026-05-21 02:00:00
1779332400000,0.10504,0.1058,0.10487,0.10559,187529050.0,2026-05-21 03:00:00
1779336000000,0.10558,0.10608,0.10503,0.10554,223640010.0,2026-05-21 04:00:00
1779339600000,0.10554,0.10589,0.10529,0.10585,148031680.0,2026-05-21 05:00:00
1779343200000,0.10586,0.10603,0.10478,0.10502,296708860.0,2026-05-21 06:00:00
1779346800000,0.10502,0.10573,0.10483,0.10558,116856880.0,2026-05-21 07:00:00
1779350400000,0.10558,0.10638,0.10552,0.10577,256481440.0,2026-05-21 08:00:00
1779354000000,0.10577,0.10583,0.105,0.10519,140540800.0,2026-05-21 09:00:00
1779357600000,0.10518,0.1053,0.10376,0.10403,347449760.0,2026-05-21 10:00:00
1779361200000,0.10403,0.10458,0.10385,0.10426,113558520.0,2026-05-21 11:00:00
1779364800000,0.10426,0.10476,0.10402,0.10453,116800520.0,2026-05-21 12:00:00
1779368400000,0.10454,0.10483,0.10378,0.10471,203753900.0,2026-05-21 13:00:00
1779372000000,0.10471,0.10487,0.10382,0.10418,200327570.0,2026-05-21 14:00:00
1779375600000,0.10419,0.10495,0.10391,0.10466,189107260.0,2026-05-21 15:00:00
1779379200000,0.10466,0.10488,0.1042,0.10448,109244960.0,2026-05-21 16:00:00
1779382800000,0.10449,0.10647,0.10434,0.10614,408194130.0,2026-05-21 17:00:00
1779386400000,0.10613,0.1063,0.10489,0.10543,210098630.0,2026-05-21 18:00:00
1779390000000,0.10543,0.10592,0.10534,0.10572,130012680.0,2026-05-21 19:00:00
1779393600000,0.10573,0.10605,0.10555,0.1056,40878900.0,2026-05-21 20:00:00
1779397200000,0.10561,0.10572,0.10536,0.10545,36190450.0,2026-05-21 21:00:00
1779400800000,0.10544,0.10557,0.10515,0.10538,73882400.0,2026-05-21 22:00:00
1779404400000,0.10537,0.10577,0.10514,0.10562,64238370.0,2026-05-21 23:00:00
1779408000000,0.10563,0.10566,0.10508,0.1051,52804490.0,2026-05-22 00:00:00
1779411600000,0.10509,0.10598,0.10499,0.10595,83967390.0,2026-05-22 01:00:00
1779415200000,0.10594,0.10623,0.10569,0.10593,87455610.0,2026-05-22 02:00:00
1779418800000,0.10592,0.10618,0.10567,0.10584,65193000.0,2026-05-22 03:00:00
1779422400000,0.10585,0.10613,0.10559,0.10569,67983650.0,2026-05-22 04:00:00
1779426000000,0.10569,0.10608,0.10545,0.10557,74449650.0,2026-05-22 05:00:00
1779429600000,0.10557,0.10567,0.10515,0.10524,98047060.0,2026-05-22 06:00:00
1779433200000,0.10523,0.10578,0.10487,0.10552,115787360.0,2026-05-22 07:00:00
1779436800000,0.10553,0.10598,0.10537,0.10575,116660590.0,2026-05-22 08:00:00
1779440400000,0.10574,0.106,0.10547,0.1057,87139820.0,2026-05-22 09:00:00
1779444000000,0.1057,0.10584,0.10548,0.10576,46992020.0,2026-05-22 10:00:00
1779447600000,0.10577,0.10639,0.10554,0.10635,127758780.0,2026-05-22 11:00:00
1779451200000,0.10636,0.10675,0.1061,0.10654,208181000.0,2026-05-22 12:00:00
1779454800000,0.10654,0.10666,0.10594,0.10644,174710960.0,2026-05-22 13:00:00
1779458400000,0.10644,0.10644,0.1052,0.1054,255124430.0,2026-05-22 14:00:00
1779462000000,0.10539,0.10635,0.10517,0.10602,245669110.0,2026-05-22 15:00:00
1779465600000,0.10603,0.10633,0.10564,0.10599,100392500.0,2026-05-22 16:00:00
1779469200000,0.106,0.10622,0.10539,0.10541,146096510.0,2026-05-22 17:00:00
1779472800000,0.1054,0.1055,0.10312,0.10423,521466930.0,2026-05-22 18:00:00
1779476400000,0.10422,0.10445,0.10263,0.10341,410274500.0,2026-05-22 19:00:00
1779480000000,0.10342,0.10408,0.10339,0.10395,153017640.0,2026-05-22 20:00:00
1779483600000,0.10395,0.10434,0.10387,0.10426,58621180.0,2026-05-22 21:00:00
1779487200000,0.10426,0.10435,0.10314,0.10344,96272490.0,2026-05-22 22:00:00
1779490800000,0.10345,0.10376,0.1015,0.1023,335149700.0,2026-05-22 23:00:00
1779494400000,0.1023,0.10235,0.10062,0.10131,458131850.0,2026-05-23 00:00:00
1779498000000,0.10131,0.10184,0.10131,0.10177,126618740.0,2026-05-23 01:00:00
1779501600000,0.10177,0.10183,0.10146,0.10172,71755070.0,2026-05-23 02:00:00
1779505200000,0.10172,0.10189,0.1016,0.10167,51297480.0,2026-05-23 03:00:00
1779508800000,0.10168,0.10174,0.10128,0.10149,78995690.0,2026-05-23 04:00:00
1779512400000,0.10149,0.10166,0.10111,0.10121,136487720.0,2026-05-23 05:00:00
1779516000000,0.10122,0.1013,0.10034,0.10086,258087940.0,2026-05-23 06:00:00
1779519600000,0.10085,0.10098,0.09656,0.09885,909182470.0,2026-05-23 07:00:00
1779523200000,0.09885,0.09973,0.09874,0.09965,327668750.0,2026-05-23 08:00:00
1779526800000,0.09965,0.09981,0.09928,0.09934,143299300.0,2026-05-23 09:00:00
1779530400000,0.09934,0.09967,0.09931,0.09946,56843570.0,2026-05-23 10:00:00
1779534000000,0.09946,0.09965,0.09918,0.0992,46713300.0,2026-05-23 11:00:00
1779537600000,0.09919,0.09922,0.09888,0.09913,94460060.0,2026-05-23 12:00:00
1779541200000,0.09912,0.1006,0.09912,0.10048,261701600.0,2026-05-23 13:00:00
1779544800000,0.10049,0.1011,0.10012,0.10096,231830900.0,2026-05-23 14:00:00
1779548400000,0.10096,0.10198,0.10079,0.10102,365307040.0,2026-05-23 15:00:00
1779552000000,0.10102,0.10139,0.10072,0.10111,174921520.0,2026-05-23 16:00:00
1779555600000,0.10112,0.10136,0.10095,0.1013,66400580.0,2026-05-23 17:00:00
1779559200000,0.1013,0.10275,0.10124,0.10229,201406850.0,2026-05-23 18:00:00
1779562800000,0.10229,0.10265,0.1021,0.10251,78474060.0,2026-05-23 19:00:00
1779566400000,0.10251,0.1048,0.10222,0.10477,365904180.0,2026-05-23 20:00:00
1779570000000,0.10477,0.10508,0.10314,0.10357,227922530.0,2026-05-23 21:00:00
1779573600000,0.10357,0.10391,0.10245,0.10293,158767700.0,2026-05-23 22:00:00
1779577200000,0.10292,0.10328,0.10281,0.10304,82759780.0,2026-05-23 23:00:00
1779580800000,0.10305,0.10331,0.10273,0.1031,90371640.0,2026-05-24 00:00:00
1779584400000,0.10309,0.10331,0.10303,0.10322,52403910.0,2026-05-24 01:00:00
1779588000000,0.10322,0.10333,0.10276,0.10308,55938780.0,2026-05-24 02:00:00
1779591600000,0.10308,0.10325,0.10271,0.10292,51152120.0,2026-05-24 03:00:00
1779595200000,0.10292,0.10323,0.10286,0.10306,43130320.0,2026-05-24 04:00:00
1779598800000,0.10305,0.10305,0.10232,0.10284,101786090.0,2026-05-24 05:00:00
1779602400000,0.10283,0.10318,0.10266,0.10308,41599910.0,2026-05-24 06:00:00
1779606000000,0.10309,0.1032,0.10277,0.10283,57738850.0,2026-05-24 07:00:00
1779609600000,0.10282,0.1029,0.10257,0.1028,59427310.0,2026-05-24 08:00:00
1779613200000,0.10281,0.10324,0.1027,0.10323,109012360.0,2026-05-24 09:00:00
1779616800000,0.10323,0.10388,0.10284,0.10302,188295920.0,2026-05-24 10:00:00
1779620400000,0.10302,0.10359,0.10285,0.10325,195050070.0,2026-05-24 11:00:00
1779624000000,0.10326,0.10329,0.10272,0.10291,77504000.0,2026-05-24 12:00:00
1779627600000,0.10291,0.10324,0.10253,0.10285,82692590.0,2026-05-24 13:00:00
1779631200000,0.10286,0.10292,0.10103,0.1021,334215460.0,2026-05-24 14:00:00
1779634800000,0.1021,0.10219,0.1018,0.1019,73922520.0,2026-05-24 15:00:00
1779638400000,0.10191,0.10241,0.10184,0.10222,96204550.0,2026-05-24 16:00:00
1779642000000,0.10221,0.10246,0.10201,0.10229,54310620.0,2026-05-24 17:00:00
1779645600000,0.1023,0.1024,0.10185,0.10194,60617510.0,2026-05-24 18:00:00
1779649200000,0.10194,0.10215,0.10175,0.10205,36016430.0,2026-05-24 19:00:00
1779652800000,0.10206,0.10212,0.10162,0.10174,51530510.0,2026-05-24 20:00:00
1779656400000,0.10174,0.10201,0.10045,0.1006,170746900.0,2026-05-24 21:00:00
1779660000000,0.1006,0.10206,0.1006,0.10163,158567720.0,2026-05-24 22:00:00
1779663600000,0.10164,0.10246,0.10164,0.10221,89810720.0,2026-05-24 23:00:00
1779667200000,0.10221,0.10281,0.10221,0.1025,116234480.0,2026-05-25 00:00:00
1779670800000,0.1025,0.10264,0.10165,0.10175,91188720.0,2026-05-25 01:00:00
1779674400000,0.10174,0.1026,0.10174,0.10214,99536060.0,2026-05-25 02:00:00
1779678000000,0.10213,0.10227,0.10165,0.10195,89584550.0,2026-05-25 03:00:00
1779681600000,0.10196,0.10271,0.10173,0.10252,111249380.0,2026-05-25 04:00:00
1779685200000,0.10251,0.10305,0.10243,0.10291,103910680.0,2026-05-25 05:00:00
1779688800000,0.10291,0.10312,0.10236,0.1029,87448550.0,2026-05-25 06:00:00
1779692400000,0.10291,0.10328,0.10243,0.10276,101346820.0,2026-05-25 07:00:00
1779696000000,0.10276,0.10283,0.10253,0.10272,36120670.0,2026-05-25 08:00:00
1779699600000,0.10271,0.10287,0.10231,0.10263,172484880.0,2026-05-25 09:00:00
1779703200000,0.10264,0.10298,0.10259,0.10289,71647710.0,2026-05-25 10:00:00
1779706800000,0.10288,0.10301,0.10261,0.10283,65380230.0,2026-05-25 11:00:00
1779710400000,0.10283,0.10308,0.10262,0.10277,63699200.0,2026-05-25 12:00:00
1779714000000,0.10277,0.10288,0.10265,0.10287,53334180.0,2026-05-25 13:00:00
1779717600000,0.10288,0.10326,0.10286,0.10319,104548080.0,2026-05-25 14:00:00
1779721200000,0.10319,0.10357,0.10277,0.10295,131961330.0,2026-05-25 15:00:00
1779724800000,0.10295,0.10378,0.10277,0.10344,111694890.0,2026-05-25 16:00:00
1779728400000,0.10345,0.10357,0.10311,0.10321,93076660.0,2026-05-25 17:00:00
1779732000000,0.10321,0.10349,0.10298,0.10304,40578380.0,2026-05-25 18:00:00
1779735600000,0.10304,0.10308,0.10263,0.10273,60905840.0,2026-05-25 19:00:00
1779739200000,0.10273,0.10288,0.10227,0.10232,80074630.0,2026-05-25 20:00:00
1779742800000,0.10232,0.10261,0.10211,0.10228,48860410.0,2026-05-25 21:00:00
1779746400000,0.10228,0.10243,0.10162,0.10169,98084620.0,2026-05-25 22:00:00
1779750000000,0.10168,0.10224,0.10158,0.10208,65454620.0,2026-05-25 23:00:00
1779753600000,0.10209,0.10216,0.10066,0.10125,192968290.0,2026-05-26 00:00:00
1779757200000,0.10125,0.10131,0.10034,0.10062,185214220.0,2026-05-26 01:00:00
1779760800000,0.10063,0.10094,0.10046,0.10088,129209860.0,2026-05-26 02:00:00
1779764400000,0.10088,0.10107,0.10047,0.10106,74305010.0,2026-05-26 03:00:00
1779768000000,0.10106,0.10145,0.10093,0.10131,71619390.0,2026-05-26 04:00:00
1779771600000,0.1013,0.10209,0.10118,0.10172,107317730.0,2026-05-26 05:00:00
1779775200000,0.10173,0.10175,0.10125,0.10152,80623730.0,2026-05-26 06:00:00
1779778800000,0.10153,0.10159,0.10085,0.1011,94484690.0,2026-05-26 07:00:00
1779782400000,0.10111,0.10133,0.10094,0.10122,82375870.0,2026-05-26 08:00:00
1779786000000,0.10122,0.10143,0.10102,0.10113,52249900.0,2026-05-26 09:00:00
1779789600000,0.10113,0.10252,0.10096,0.10229,258248690.0,2026-05-26 10:00:00
1779793200000,0.10229,0.10254,0.10209,0.10237,113176580.0,2026-05-26 11:00:00
1779796800000,0.10237,0.10275,0.10212,0.10268,150402550.0,2026-05-26 12:00:00
1779800400000,0.10267,0.10296,0.10181,0.10273,213954330.0,2026-05-26 13:00:00
1779804000000,0.10273,0.10381,0.1023,0.10283,414160070.0,2026-05-26 14:00:00
1779807600000,0.10282,0.10299,0.10131,0.10198,300291150.0,2026-05-26 15:00:00
1779811200000,0.10197,0.10208,0.10109,0.10144,201106400.0,2026-05-26 16:00:00
1779814800000,0.10144,0.10168,0.10017,0.10097,322479900.0,2026-05-26 17:00:00
1779818400000,0.10098,0.10142,0.10063,0.10079,73985720.0,2026-05-26 18:00:00
1779822000000,0.10079,0.10128,0.10041,0.10105,69955520.0,2026-05-26 19:00:00
1779825600000,0.10106,0.10134,0.10095,0.10116,37526910.0,2026-05-26 20:00:00
1779829200000,0.10116,0.10121,0.10054,0.10073,48516530.0,2026-05-26 21:00:00
1779832800000,0.10073,0.10118,0.1006,0.10088,63909500.0,2026-05-26 22:00:00
1779836400000,0.10088,0.10125,0.10088,0.10097,34935350.0,2026-05-26 23:00:00
1779840000000,0.10098,0.10182,0.10097,0.10178,84196230.0,2026-05-27 00:00:00
1779843600000,0.10178,0.10183,0.10132,0.1015,50681130.0,2026-05-27 01:00:00
1779847200000,0.1015,0.10154,0.10103,0.10152,71853400.0,2026-05-27 02:00:00
1779850800000,0.10153,0.1017,0.10096,0.10116,65312570.0,2026-05-27 03:00:00
1779854400000,0.10116,0.1016,0.1002,0.10151,194584770.0,2026-05-27 04:00:00
1779858000000,0.10151,0.1017,0.10127,0.10164,102493930.0,2026-05-27 05:00:00
1779861600000,0.10165,0.10224,0.10136,0.10216,101586060.0,2026-05-27 06:00:00
1779865200000,0.10216,0.1023,0.10186,0.10211,86625640.0,2026-05-27 07:00:00
1779868800000,0.10211,0.1025,0.10193,0.10209,107134880.0,2026-05-27 08:00:00
1779872400000,0.10209,0.10216,0.10157,0.10189,101409680.0,2026-05-27 09:00:00
1779876000000,0.10188,0.10215,0.10155,0.10166,77951200.0,2026-05-27 10:00:00
1779879600000,0.10166,0.10194,0.10161,0.10167,61795350.0,2026-05-27 11:00:00
1779883200000,0.10167,0.10239,0.10112,0.10199,235696250.0,2026-05-27 12:00:00
1779886800000,0.10199,0.1021,0.10065,0.10133,246917210.0,2026-05-27 13:00:00
1779890400000,0.10134,0.10188,0.10081,0.10154,216542760.0,2026-05-27 14:00:00
1779894000000,0.10154,0.10332,0.10148,0.10253,357727410.0,2026-05-27 15:00:00
1779897600000,0.10253,0.10283,0.10153,0.10196,177233440.0,2026-05-27 16:00:00
1779901200000,0.10197,0.102,0.10095,0.10121,158055760.0,2026-05-27 17:00:00
1779904800000,0.1012,0.10182,0.10092,0.10175,76563600.0,2026-05-27 18:00:00
1779908400000,0.10175,0.10225,0.10172,0.10215,68205580.0,2026-05-27 19:00:00
1779912000000,0.10215,0.10238,0.10184,0.10208,57646720.0,2026-05-27 20:00:00
1779915600000,0.10208,0.10209,0.09915,0.10035,294318840.0,2026-05-27 21:00:00
1779919200000,0.10035,0.10096,0.10006,0.10038,180260010.0,2026-05-27 22:00:00
1779922800000,0.10038,0.10069,0.09992,0.10043,109037110.0,2026-05-27 23:00:00
1779926400000,0.10042,0.10081,0.10027,0.10049,62743550.0,2026-05-28 00:00:00
1779930000000,0.10048,0.10058,0.09978,0.10048,126002730.0,2026-05-28 01:00:00
1779933600000,0.10048,0.10061,0.10006,0.10018,90361840.0,2026-05-28 02:00:00
1779937200000,0.10018,0.1002,0.09793,0.09818,666121030.0,2026-05-28 03:00:00
1779940800000,0.09818,0.09829,0.09702,0.09819,371073410.0,2026-05-28 04:00:00
1779944400000,0.09818,0.09827,0.09713,0.09748,198984710.0,2026-05-28 05:00:00
1779948000000,0.09748,0.09812,0.09737,0.09794,112652240.0,2026-05-28 06:00:00
1779951600000,0.09794,0.09877,0.09775,0.09865,144050030.0,2026-05-28 07:00:00
1779955200000,0.09866,0.0987,0.09805,0.09823,68260280.0,2026-05-28 08:00:00
1779958800000,0.09824,0.09873,0.09823,0.09864,57461340.0,2026-05-28 09:00:00
1779962400000,0.09864,0.09881,0.09805,0.09807,88462190.0,2026-05-28 10:00:00
1779966000000,0.09806,0.09817,0.09773,0.09803,82263240.0,2026-05-28 11:00:00
1779969600000,0.09802,0.09811,0.09736,0.09806,113097800.0,2026-05-28 12:00:00
1779973200000,0.09805,0.09835,0.09731,0.09768,153815330.0,2026-05-28 13:00:00
1779976800000,0.09768,0.09868,0.09635,0.09824,501755170.0,2026-05-28 14:00:00
1779980400000,0.09824,0.09865,0.09752,0.0984,138498080.0,2026-05-28 15:00:00
1779984000000,0.0984,0.09942,0.0979,0.0994,172385580.0,2026-05-28 16:00:00
1779987600000,0.0994,0.10038,0.09915,0.0999,189060730.0,2026-05-28 17:00:00
1779991200000,0.0999,0.10047,0.09986,0.10016,114011330.0,2026-05-28 18:00:00
1779994800000,0.10017,0.10019,0.09945,0.09948,77456050.0,2026-05-28 19:00:00
1779998400000,0.09948,0.10002,0.09908,0.09972,77530150.0,2026-05-28 20:00:00
1780002000000,0.09973,0.10047,0.09965,0.09995,81327140.0,2026-05-28 21:00:00
1780005600000,0.09995,0.10017,0.09923,0.09942,59359880.0,2026-05-28 22:00:00
1780009200000,0.09942,0.0998,0.09936,0.09952,53712130.0,2026-05-28 23:00:00
1780012800000,0.09951,0.10006,0.09951,0.09985,70836110.0,2026-05-29 00:00:00
1780016400000,0.09986,0.10004,0.09932,0.09951,59921580.0,2026-05-29 01:00:00
1780020000000,0.09951,0.09967,0.09883,0.09893,90346800.0,2026-05-29 02:00:00
1780023600000,0.09894,0.09954,0.09894,0.09905,66429990.0,2026-05-29 03:00:00
1780027200000,0.09904,0.09923,0.0986,0.09921,97896620.0,2026-05-29 04:00:00
1780030800000,0.09921,0.0996,0.09914,0.09953,72648720.0,2026-05-29 05:00:00
1780034400000,0.09953,0.09982,0.09926,0.09956,58985360.0,2026-05-29 06:00:00
1780038000000,0.09956,0.09972,0.09902,0.09958,66760900.0,2026-05-29 07:00:00
1780041600000,0.09957,0.09986,0.09939,0.09945,70784090.0,2026-05-29 08:00:00
1780045200000,0.09945,0.09983,0.09938,0.09969,47813240.0,2026-05-29 09:00:00
1780048800000,0.09968,0.09973,0.09935,0.09967,43134720.0,2026-05-29 10:00:00
1780052400000,0.09966,0.09968,0.09865,0.09905,114405330.0,2026-05-29 11:00:00
1780056000000,0.09905,0.09911,0.09836,0.0986,124824560.0,2026-05-29 12:00:00
1780059600000,0.09859,0.09874,0.09793,0.09836,201962640.0,2026-05-29 13:00:00
1780063200000,0.09836,0.09907,0.09734,0.09883,317190760.0,2026-05-29 14:00:00
1780066800000,0.09884,0.10113,0.0987,0.10033,573018870.0,2026-05-29 15:00:00
1780070400000,0.10034,0.10087,0.09983,0.10052,233091230.0,2026-05-29 16:00:00
1780074000000,0.10052,0.10083,0.10015,0.10032,139973620.0,2026-05-29 17:00:00
1780077600000,0.10032,0.10053,0.09925,0.09962,142776170.0,2026-05-29 18:00:00
1780081200000,0.09962,0.10015,0.09913,0.10003,130741230.0,2026-05-29 19:00:00
1780084800000,0.10003,0.10027,0.09984,0.10005,48672060.0,2026-05-29 20:00:00
1780088400000,0.10006,0.10046,0.09952,0.09952,61881720.0,2026-05-29 21:00:00
1780092000000,0.09953,0.0999,0.09935,0.09976,49891560.0,2026-05-29 22:00:00
1780095600000,0.09976,0.09996,0.09942,0.09965,42602790.0,2026-05-29 23:00:00
1780099200000,0.09965,0.10016,0.09942,0.10008,58007350.0,2026-05-30 00:00:00
1780102800000,0.10008,0.10088,0.09996,0.10087,117364660.0,2026-05-30 01:00:00
1780106400000,0.10088,0.10155,0.10088,0.10154,182005590.0,2026-05-30 02:00:00
1780110000000,0.10153,0.10176,0.10095,0.10104,151607700.0,2026-05-30 03:00:00
1780113600000,0.10105,0.10133,0.10014,0.10074,193340350.0,2026-05-30 04:00:00
1780117200000,0.10074,0.10143,0.10063,0.1014,91612550.0,2026-05-30 05:00:00
1780120800000,0.1014,0.10168,0.10116,0.10133,87762540.0,2026-05-30 06:00:00
1780124400000,0.10132,0.10139,0.10094,0.10123,63812560.0,2026-05-30 07:00:00
1780128000000,0.10123,0.10125,0.10076,0.10078,42739740.0,2026-05-30 08:00:00
1780131600000,0.10078,0.10099,0.10065,0.10089,35751540.0,2026-05-30 09:00:00
1780135200000,0.10088,0.10097,0.1007,0.10076,35846620.0,2026-05-30 10:00:00
1780138800000,0.10076,0.10091,0.10051,0.10081,38965720.0,2026-05-30 11:00:00
1780142400000,0.10081,0.10091,0.10066,0.1009,35093250.0,2026-05-30 12:00:00
1780146000000,0.1009,0.10109,0.10067,0.10093,44384850.0,2026-05-30 13:00:00
1780149600000,0.10093,0.10142,0.10093,0.10114,76869720.0,2026-05-30 14:00:00
1780153200000,0.10114,0.10148,0.10102,0.10128,58072100.0,2026-05-30 15:00:00
1780156800000,0.10129,0.10162,0.10125,0.10148,55732950.0,2026-05-30 16:00:00
1780160400000,0.10149,0.10155,0.1011,0.10152,47059490.0,2026-05-30 17:00:00
1780164000000,0.10152,0.10165,0.10121,0.10145,35536600.0,2026-05-30 18:00:00
1780167600000,0.10145,0.10145,0.10118,0.10135,28083300.0,2026-05-30 19:00:00
1780171200000,0.10135,0.10148,0.10113,0.10123,43710350.0,2026-05-30 20:00:00
1780174800000,0.10124,0.10147,0.10118,0.10124,32950030.0,2026-05-30 21:00:00
1780178400000,0.10124,0.10124,0.10039,0.10064,97942110.0,2026-05-30 22:00:00
1780182000000,0.10064,0.10078,0.10035,0.10056,71640820.0,2026-05-30 23:00:00
1780185600000,0.10057,0.10088,0.10041,0.10083,77937880.0,2026-05-31 00:00:00
1780189200000,0.10083,0.10116,0.10077,0.1008,72017520.0,2026-05-31 01:00:00
1780192800000,0.10081,0.10137,0.10076,0.10112,91939220.0,2026-05-31 02:00:00
1780196400000,0.10112,0.10134,0.10103,0.10126,45589970.0,2026-05-31 03:00:00
1780200000000,0.10125,0.10131,0.10104,0.1012,35892520.0,2026-05-31 04:00:00
1780203600000,0.1012,0.10123,0.10078,0.10089,42681690.0,2026-05-31 05:00:00
1780207200000,0.10089,0.10092,0.10068,0.10087,43646710.0,2026-05-31 06:00:00
1780210800000,0.10087,0.10087,0.10014,0.10054,113627420.0,2026-05-31 07:00:00
1780214400000,0.10054,0.10073,0.10039,0.10058,51293740.0,2026-05-31 08:00:00
1780218000000,0.10059,0.10079,0.10038,0.10051,56713900.0,2026-05-31 09:00:00
1780221600000,0.10051,0.1006,0.10019,0.1006,58543990.0,2026-05-31 10:00:00
1780225200000,0.10059,0.10098,0.10059,0.10073,67706310.0,2026-05-31 11:00:00
1780228800000,0.10072,0.10091,0.10058,0.10082,47639440.0,2026-05-31 12:00:00
1780232400000,0.10083,0.10117,0.10075,0.10083,63625730.0,2026-05-31 13:00:00
1780236000000,0.10082,0.10085,0.09949,0.09998,284655150.0,2026-05-31 14:00:00
1780239600000,0.09998,0.10034,0.0998,0.09982,67473070.0,2026-05-31 15:00:00
1780243200000,0.09981,0.09995,0.09894,0.09931,253592940.0,2026-05-31 16:00:00
1780246800000,0.0993,0.09953,0.099,0.09941,100787420.0,2026-05-31 17:00:00
1780250400000,0.09941,0.09953,0.09921,0.09945,33975240.0,2026-05-31 18:00:00
1780254000000,0.09944,0.09956,0.09911,0.09948,72615760.0,2026-05-31 19:00:00
1780257600000,0.09949,0.09988,0.09939,0.09982,60277070.0,2026-05-31 20:00:00
1780261200000,0.09981,0.10037,0.0996,0.10025,63585940.0,2026-05-31 21:00:00
1780264800000,0.10026,0.10062,0.09998,0.10038,85057910.0,2026-05-31 22:00:00
1780268400000,0.1004,0.10094,0.09984,0.10036,124636050.0,2026-05-31 23:00:00
1780272000000,0.10037,0.10109,0.10023,0.10089,134463070.0,2026-06-01 00:00:00
1780275600000,0.10089,0.10093,0.09981,0.09982,126459240.0,2026-06-01 01:00:00
1780279200000,0.09982,0.10116,0.09965,0.10098,162062630.0,2026-06-01 02:00:00
1780282800000,0.10097,0.1015,0.10094,0.10104,139589340.0,2026-06-01 03:00:00
1780286400000,0.10105,0.10125,0.10007,0.10066,177104590.0,2026-06-01 04:00:00
1780290000000,0.10065,0.10072,0.09995,0.10027,121133870.0,2026-06-01 05:00:00
1780293600000,0.10027,0.10033,0.09967,0.10014,198988930.0,2026-06-01 06:00:00
1780297200000,0.10014,0.1002,0.09905,0.09917,250048710.0,2026-06-01 07:00:00
1780300800000,0.09917,0.09984,0.09905,0.09979,161259170.0,2026-06-01 08:00:00
1780304400000,0.09979,0.10024,0.09973,0.10002,187311690.0,2026-06-01 09:00:00
1780308000000,0.10002,0.10028,0.0997,0.10015,101029430.0,2026-06-01 10:00:00
1780311600000,0.10016,0.10025,0.09962,0.09987,82488690.0,2026-06-01 11:00:00
1780315200000,0.09988,0.1001,0.09916,0.09992,216464070.0,2026-06-01 12:00:00
1780318800000,0.09992,0.10002,0.09836,0.09912,453052940.0,2026-06-01 13:00:00
1780322400000,0.09912,0.09939,0.09848,0.09869,270134510.0,2026-06-01 14:00:00
1780326000000,0.09869,0.09892,0.09795,0.09828,341174410.0,2026-06-01 15:00:00
1780329600000,0.09828,0.09955,0.09773,0.09953,291670960.0,2026-06-01 16:00:00
1780333200000,0.09953,0.1004,0.09943,0.10008,320924050.0,2026-06-01 17:00:00
1780336800000,0.10007,0.10035,0.09972,0.09989,106352810.0,2026-06-01 18:00:00
1780340400000,0.09989,0.1006,0.09971,0.10055,122463610.0,2026-06-01 19:00:00
1780344000000,0.10056,0.10075,0.10025,0.10058,75367260.0,2026-06-01 20:00:00
1780347600000,0.10057,0.10058,0.09972,0.09984,89372390.0,2026-06-01 21:00:00
1780351200000,0.09984,0.10087,0.09947,0.10077,130811120.0,2026-06-01 22:00:00
1780354800000,0.10078,0.10106,0.10042,0.10102,135157250.0,2026-06-01 23:00:00
1780358400000,0.10103,0.10118,0.10053,0.10084,130136610.0,2026-06-02 00:00:00
1780362000000,0.10084,0.10098,0.09992,0.10008,184398000.0,2026-06-02 01:00:00
1780365600000,0.10007,0.10077,0.09937,0.10077,286762150.0,2026-06-02 02:00:00
1780369200000,0.10076,0.10095,0.10051,0.10087,128689450.0,2026-06-02 03:00:00
1780372800000,0.10087,0.10098,0.10016,0.1002,166641030.0,2026-06-02 04:00:00
1780376400000,0.1002,0.10029,0.09942,0.09952,197955700.0,2026-06-02 05:00:00
1780380000000,0.09951,0.09967,0.09883,0.09924,297910050.0,2026-06-02 06:00:00
1780383600000,0.09924,0.0995,0.09859,0.09917,237054030.0,2026-06-02 07:00:00
1780387200000,0.09917,0.09944,0.09898,0.09918,90577720.0,2026-06-02 08:00:00
1780390800000,0.09919,0.09922,0.09841,0.09875,159779260.0,2026-06-02 09:00:00
1780394400000,0.09875,0.09933,0.09858,0.09928,101979350.0,2026-06-02 10:00:00
1780398000000,0.09927,0.09928,0.09865,0.09872,102618250.0,2026-06-02 11:00:00
1780401600000,0.09872,0.09894,0.09836,0.09869,137893720.0,2026-06-02 12:00:00
1780405200000,0.0987,0.09895,0.09828,0.09843,150233080.0,2026-06-02 13:00:00
1780408800000,0.09844,0.09848,0.09527,0.09629,927083770.0,2026-06-02 14:00:00
1780412400000,0.09628,0.0964,0.09344,0.09481,778737820.0,2026-06-02 15:00:00
1780416000000,0.09482,0.09633,0.09456,0.09525,364171750.0,2026-06-02 16:00:00
1780419600000,0.09526,0.09605,0.09521,0.09557,143949860.0,2026-06-02 17:00:00
1780423200000,0.09558,0.09585,0.09397,0.09444,214514610.0,2026-06-02 18:00:00
1780426800000,0.09444,0.09464,0.09243,0.09402,382630360.0,2026-06-02 19:00:00
1780430400000,0.09403,0.09447,0.09327,0.09416,118065710.0,2026-06-02 20:00:00
1780434000000,0.09416,0.09489,0.09387,0.09422,111510250.0,2026-06-02 21:00:00
1780437600000,0.09421,0.09421,0.09176,0.09219,428641280.0,2026-06-02 22:00:00
1780441200000,0.09219,0.09286,0.0911,0.09272,444093030.0,2026-06-02 23:00:00
1780444800000,0.09272,0.09354,0.09251,0.09317,164689110.0,2026-06-03 00:00:00
1780448400000,0.09317,0.09332,0.09231,0.09309,169175400.0,2026-06-03 01:00:00
1780452000000,0.09309,0.09313,0.09245,0.09269,96801430.0,2026-06-03 02:00:00
1780455600000,0.09269,0.09283,0.09075,0.09152,287991930.0,2026-06-03 03:00:00
1780459200000,0.09152,0.09283,0.09151,0.09283,178143930.0,2026-06-03 04:00:00
1780462800000,0.09282,0.09416,0.09282,0.09396,312067660.0,2026-06-03 05:00:00
1780466400000,0.09395,0.0945,0.09374,0.09385,168797370.0,2026-06-03 06:00:00
1780470000000,0.09386,0.09449,0.09365,0.09413,84966910.0,2026-06-03 07:00:00
1780473600000,0.09412,0.09417,0.09366,0.09392,103679460.0,2026-06-03 08:00:00
1780477200000,0.09392,0.09419,0.09339,0.09376,102625900.0,2026-06-03 09:00:00
1780480800000,0.09376,0.09443,0.0937,0.09424,98167960.0,2026-06-03 10:00:00
1780484400000,0.09424,0.09449,0.09366,0.09392,92154890.0,2026-06-03 11:00:00
1780488000000,0.09392,0.09429,0.09363,0.09406,87283370.0,2026-06-03 12:00:00
1780491600000,0.09407,0.09435,0.09373,0.09415,100438820.0,2026-06-03 13:00:00
1780495200000,0.09414,0.0942,0.09309,0.09367,167076580.0,2026-06-03 14:00:00
1780498800000,0.09367,0.09382,0.09272,0.09277,230176870.0,2026-06-03 15:00:00
1780502400000,0.09278,0.09302,0.09153,0.09238,310511030.0,2026-06-03 16:00:00
1780506000000,0.09238,0.09303,0.09157,0.09257,191875100.0,2026-06-03 17:00:00
1780509600000,0.09257,0.09298,0.09197,0.09284,108042970.0,2026-06-03 18:00:00
1780513200000,0.09284,0.09292,0.09151,0.09173,170256780.0,2026-06-03 19:00:00
1780516800000,0.09172,0.09233,0.0905,0.09109,276386510.0,2026-06-03 20:00:00
1780520400000,0.09109,0.09308,0.09083,0.09292,187574950.0,2026-06-03 21:00:00
1780524000000,0.09292,0.09322,0.09175,0.09204,131417350.0,2026-06-03 22:00:00
1780527600000,0.09205,0.09208,0.09107,0.09135,132566960.0,2026-06-03 23:00:00
1780531200000,0.09134,0.09183,0.08977,0.09065,367360240.0,2026-06-04 00:00:00
1780534800000,0.09065,0.09105,0.08818,0.08847,552575960.0,2026-06-04 01:00:00
1780538400000,0.08848,0.08988,0.08561,0.08931,1005547950.0,2026-06-04 02:00:00
1780542000000,0.08931,0.09145,0.08931,0.09127,327950820.0,2026-06-04 03:00:00
1780545600000,0.09127,0.09154,0.0906,0.09072,190288470.0,2026-06-04 04:00:00
1780549200000,0.09071,0.09072,0.08946,0.09001,288568910.0,2026-06-04 05:00:00
1780552800000,0.09001,0.09091,0.08963,0.08976,212424090.0,2026-06-04 06:00:00
1780556400000,0.08977,0.08985,0.08868,0.08871,242724890.0,2026-06-04 07:00:00
1780560000000,0.08871,0.08915,0.08789,0.08874,257064650.0,2026-06-04 08:00:00
1780563600000,0.08874,0.08876,0.0869,0.08797,339971310.0,2026-06-04 09:00:00
1780567200000,0.08797,0.08798,0.08661,0.08701,416269730.0,2026-06-04 10:00:00
1780570800000,0.08701,0.08804,0.08678,0.08789,236891580.0,2026-06-04 11:00:00
1780574400000,0.08789,0.08964,0.0876,0.08948,297135570.0,2026-06-04 12:00:00
1780578000000,0.08948,0.08956,0.08794,0.08937,328342610.0,2026-06-04 13:00:00
1780581600000,0.08937,0.08967,0.08889,0.0893,169578290.0,2026-06-04 14:00:00
1780585200000,0.08929,0.09014,0.08909,0.08949,178688900.0,2026-06-04 15:00:00
1780588800000,0.08949,0.08955,0.08871,0.08916,132012100.0,2026-06-04 16:00:00
1780592400000,0.08916,0.08959,0.08838,0.08932,207378150.0,2026-06-04 17:00:00
1780596000000,0.08933,0.08999,0.08851,0.08945,167612790.0,2026-06-04 18:00:00
1780599600000,0.08945,0.08979,0.08876,0.08903,106416050.0,2026-06-04 19:00:00
1780603200000,0.08904,0.08907,0.08831,0.08869,88004160.0,2026-06-04 20:00:00
1780606800000,0.08869,0.08899,0.08695,0.08721,166904350.0,2026-06-04 21:00:00
1780610400000,0.08721,0.08814,0.0869,0.08805,201699530.0,2026-06-04 22:00:00
1780614000000,0.08804,0.08861,0.08745,0.08851,128591310.0,2026-06-04 23:00:00
1780617600000,0.0885,0.08873,0.08768,0.08776,149969160.0,2026-06-05 00:00:00
1780621200000,0.08775,0.08827,0.08693,0.08789,215516800.0,2026-06-05 01:00:00
1780624800000,0.08789,0.08795,0.08605,0.08616,291087930.0,2026-06-05 02:00:00
1780628400000,0.08617,0.08691,0.08583,0.08589,260230000.0,2026-06-05 03:00:00
1780632000000,0.0859,0.08714,0.08565,0.08681,437148880.0,2026-06-05 04:00:00
1780635600000,0.08681,0.08703,0.08478,0.08502,462881150.0,2026-06-05 05:00:00
1780639200000,0.08503,0.08523,0.08194,0.08369,1033509090.0,2026-06-05 06:00:00
1780642800000,0.0837,0.08503,0.08223,0.08495,523921010.0,2026-06-05 07:00:00
1780646400000,0.08495,0.08496,0.08326,0.08355,235156680.0,2026-06-05 08:00:00
1780650000000,0.08355,0.08496,0.08353,0.08493,279935150.0,2026-06-05 09:00:00
1780653600000,0.08493,0.08542,0.08439,0.08468,168381800.0,2026-06-05 10:00:00
1780657200000,0.08468,0.08493,0.08396,0.08397,200799940.0,2026-06-05 11:00:00
1780660800000,0.08396,0.08422,0.0828,0.08358,421757970.0,2026-06-05 12:00:00
1780664400000,0.08357,0.08486,0.08192,0.08197,542365670.0,2026-06-05 13:00:00
1780668000000,0.08197,0.08353,0.08127,0.0827,614855110.0,2026-06-05 14:00:00
1780671600000,0.0827,0.08281,0.08087,0.08148,654475970.0,2026-06-05 15:00:00
1780675200000,0.08147,0.08338,0.08018,0.08316,919521800.0,2026-06-05 16:00:00
1780678800000,0.08316,0.08341,0.08211,0.08255,267393750.0,2026-06-05 17:00:00
1780682400000,0.08256,0.08294,0.07961,0.07995,691475190.0,2026-06-05 18:00:00
1780686000000,0.07996,0.08179,0.0789,0.08098,630316750.0,2026-06-05 19:00:00
1780689600000,0.08098,0.08279,0.08002,0.08247,383940530.0,2026-06-05 20:00:00
1780693200000,0.08246,0.0836,0.08235,0.08309,219801750.0,2026-06-05 21:00:00
1780696800000,0.08309,0.08312,0.08199,0.08277,165364470.0,2026-06-05 22:00:00
1780700400000,0.08277,0.08312,0.08044,0.08143,215265470.0,2026-06-05 23:00:00
1780704000000,0.08142,0.08299,0.0814,0.08273,171670360.0,2026-06-06 00:00:00
1780707600000,0.08273,0.08295,0.08177,0.08185,114243400.0,2026-06-06 01:00:00
1780711200000,0.08184,0.08193,0.08102,0.08141,153705460.0,2026-06-06 02:00:00
1780714800000,0.0814,0.0814,0.08046,0.08101,171538960.0,2026-06-06 03:00:00
1780718400000,0.081,0.08144,0.07777,0.07855,691365770.0,2026-06-06 04:00:00
1780722000000,0.07855,0.08076,0.07757,0.08047,617750850.0,2026-06-06 05:00:00
1780725600000,0.08048,0.08146,0.0802,0.08031,284954610.0,2026-06-06 06:00:00
1780729200000,0.08031,0.08175,0.08018,0.08145,216462310.0,2026-06-06 07:00:00
1780732800000,0.08145,0.08243,0.08109,0.08218,231155560.0,2026-06-06 08:00:00
1780736400000,0.08218,0.08251,0.08105,0.0813,227088990.0,2026-06-06 09:00:00
1780740000000,0.0813,0.08131,0.07984,0.08053,386278860.0,2026-06-06 10:00:00
1780743600000,0.08053,0.08157,0.08045,0.08122,184466560.0,2026-06-06 11:00:00
1780747200000,0.08122,0.08235,0.08086,0.082,275478800.0,2026-06-06 12:00:00
1780750800000,0.08199,0.08238,0.08142,0.08182,168470860.0,2026-06-06 13:00:00
1780754400000,0.08182,0.08252,0.0817,0.08191,241163620.0,2026-06-06 14:00:00
1780758000000,0.08192,0.08208,0.08084,0.08162,301846860.0,2026-06-06 15:00:00
1780761600000,0.08162,0.08203,0.08063,0.08119,213343890.0,2026-06-06 16:00:00
1780765200000,0.08119,0.08133,0.08037,0.08058,179054280.0,2026-06-06 17:00:00
1780768800000,0.08057,0.08127,0.08048,0.08091,107632990.0,2026-06-06 18:00:00
1780772400000,0.08091,0.08134,0.08062,0.08064,110696350.0,2026-06-06 19:00:00
1780776000000,0.08063,0.08092,0.08041,0.08082,108492120.0,2026-06-06 20:00:00
1780779600000,0.08083,0.08175,0.08082,0.08114,108588580.0,2026-06-06 21:00:00
1780783200000,0.08114,0.0816,0.08096,0.08128,103496420.0,2026-06-06 22:00:00
1780786800000,0.08127,0.08188,0.08121,0.08185,82678630.0,2026-06-06 23:00:00
1780790400000,0.08186,0.08209,0.08158,0.0817,75173120.0,2026-06-07 00:00:00
1780794000000,0.08169,0.08385,0.08162,0.08345,342570960.0,2026-06-07 01:00:00
1780797600000,0.08346,0.08364,0.08277,0.0834,150173220.0,2026-06-07 02:00:00
1780801200000,0.0834,0.08368,0.08316,0.08347,103746310.0,2026-06-07 03:00:00
1780804800000,0.08347,0.08391,0.08291,0.08381,164686350.0,2026-06-07 04:00:00
1780808400000,0.08381,0.0842,0.08357,0.08384,172548080.0,2026-06-07 05:00:00
1780812000000,0.08384,0.08481,0.08355,0.08451,231051630.0,2026-06-07 06:00:00
1780815600000,0.0845,0.08495,0.08435,0.0849,135064990.0,2026-06-07 07:00:00
1780819200000,0.0849,0.08563,0.08446,0.08549,239998080.0,2026-06-07 08:00:00
1780822800000,0.08549,0.08593,0.08467,0.08474,306792720.0,2026-06-07 09:00:00
1780826400000,0.08474,0.08484,0.08407,0.08433,173690230.0,2026-06-07 10:00:00
1780830000000,0.08433,0.08479,0.08411,0.08453,101704610.0,2026-06-07 11:00:00
1780833600000,0.08454,0.08459,0.08315,0.08372,324435110.0,2026-06-07 12:00:00
1780837200000,0.08372,0.08397,0.08358,0.08381,84489440.0,2026-06-07 13:00:00
1780840800000,0.0838,0.08492,0.08379,0.08452,182080050.0,2026-06-07 14:00:00
1780844400000,0.08452,0.0849,0.08422,0.0846,113946980.0,2026-06-07 15:00:00
1780848000000,0.0846,0.08492,0.08445,0.08475,91788800.0,2026-06-07 16:00:00
1780851600000,0.08475,0.08527,0.08456,0.08478,107035900.0,2026-06-07 17:00:00
1780855200000,0.08478,0.08492,0.08426,0.0843,50744390.0,2026-06-07 18:00:00
1780858800000,0.08431,0.08433,0.08293,0.0833,255882850.0,2026-06-07 19:00:00
1780862400000,0.08329,0.08428,0.08306,0.08412,116116610.0,2026-06-07 20:00:00
1780866000000,0.08411,0.08417,0.08351,0.08397,54240270.0,2026-06-07 21:00:00
1780869600000,0.08398,0.08755,0.08377,0.08549,587652420.0,2026-06-07 22:00:00
1780873200000,0.08549,0.0864,0.08542,0.08622,173196320.0,2026-06-07 23:00:00
1780876800000,0.08623,0.08678,0.08573,0.08635,232151130.0,2026-06-08 00:00:00
1780880400000,0.08635,0.08648,0.08477,0.08565,255305880.0,2026-06-08 01:00:00
1780884000000,0.08566,0.0859,0.08534,0.08584,113654510.0,2026-06-08 02:00:00
1780887600000,0.08583,0.08626,0.0855,0.08586,81642940.0,2026-06-08 03:00:00
1780891200000,0.08587,0.08594,0.0848,0.08489,143880920.0,2026-06-08 04:00:00
1780894800000,0.08489,0.08509,0.08428,0.08476,142704430.0,2026-06-08 05:00:00
1780898400000,0.08475,0.08538,0.08473,0.08524,104364640.0,2026-06-08 06:00:00
1780902000000,0.08523,0.08573,0.08491,0.08562,108340000.0,2026-06-08 07:00:00
1780905600000,0.08561,0.08561,0.08487,0.08511,128195410.0,2026-06-08 08:00:00
1780909200000,0.08512,0.08589,0.08507,0.08587,155791830.0,2026-06-08 09:00:00
1780912800000,0.08586,0.08598,0.08524,0.08564,144338740.0,2026-06-08 10:00:00
1780916400000,0.08564,0.0868,0.08543,0.08635,187367780.0,2026-06-08 11:00:00
1780920000000,0.08635,0.08697,0.08576,0.0868,251242930.0,2026-06-08 12:00:00
1780923600000,0.08681,0.08689,0.086,0.08629,221809010.0,2026-06-08 13:00:00
1780927200000,0.08629,0.08677,0.08609,0.08664,128318920.0,2026-06-08 14:00:00
1780930800000,0.08663,0.0874,0.08661,0.08692,194402930.0,2026-06-08 15:00:00
1780934400000,0.08692,0.08748,0.08631,0.08639,155841980.0,2026-06-08 16:00:00
1780938000000,0.08639,0.08678,0.08609,0.08678,102711660.0,2026-06-08 17:00:00
1780941600000,0.08678,0.08722,0.08655,0.08679,69155160.0,2026-06-08 18:00:00
1780945200000,0.08679,0.08707,0.08661,0.08676,59149740.0,2026-06-08 19:00:00
1780948800000,0.08677,0.08679,0.08627,0.08671,59155590.0,2026-06-08 20:00:00
1780952400000,0.08672,0.08742,0.08671,0.08699,94798450.0,2026-06-08 21:00:00
1780956000000,0.08699,0.08706,0.08657,0.08695,100082800.0,2026-06-08 22:00:00
1780959600000,0.08696,0.08716,0.08606,0.08627,127966670.0,2026-06-08 23:00:00
1780963200000,0.08627,0.08642,0.08457,0.08478,350836050.0,2026-06-09 00:00:00
1780966800000,0.08477,0.08533,0.0847,0.08509,98409810.0,2026-06-09 01:00:00
1780970400000,0.08508,0.08529,0.08451,0.08529,143314040.0,2026-06-09 02:00:00
1780974000000,0.0853,0.08546,0.0849,0.08528,67159420.0,2026-06-09 03:00:00
1780977600000,0.08527,0.08643,0.08501,0.08612,203595120.0,2026-06-09 04:00:00
1780981200000,0.08612,0.08669,0.0859,0.08643,117742290.0,2026-06-09 05:00:00
1780984800000,0.08644,0.0867,0.08624,0.0863,72383670.0,2026-06-09 06:00:00
1780988400000,0.0863,0.0866,0.0859,0.08636,113952970.0,2026-06-09 07:00:00
1780992000000,0.08637,0.0864,0.0857,0.08582,154383290.0,2026-06-09 08:00:00
1780995600000,0.08582,0.08602,0.08521,0.08538,138901480.0,2026-06-09 09:00:00
1780999200000,0.08538,0.08556,0.08514,0.08545,128949510.0,2026-06-09 10:00:00
1781002800000,0.08545,0.08554,0.08512,0.08548,116292370.0,2026-06-09 11:00:00
1781006400000,0.08547,0.0859,0.08544,0.08581,117448310.0,2026-06-09 12:00:00
1781010000000,0.08582,0.08609,0.08516,0.08565,185631920.0,2026-06-09 13:00:00
1781013600000,0.08565,0.08586,0.08425,0.08498,367611780.0,2026-06-09 14:00:00
1781017200000,0.08498,0.08526,0.08402,0.08407,322567820.0,2026-06-09 15:00:00
1781020800000,0.08406,0.08442,0.08307,0.0843,493621270.0,2026-06-09 16:00:00
1781024400000,0.0843,0.08543,0.08426,0.08473,225765730.0,2026-06-09 17:00:00
1781028000000,0.08473,0.08522,0.08455,0.08486,108061070.0,2026-06-09 18:00:00
1781031600000,0.08485,0.08532,0.08466,0.08516,97443140.0,2026-06-09 19:00:00
1781035200000,0.08516,0.08557,0.08508,0.08552,91383100.0,2026-06-09 20:00:00
1781038800000,0.08552,0.08565,0.0846,0.0848,89079010.0,2026-06-09 21:00:00
1781042400000,0.0848,0.08509,0.08447,0.08449,52457430.0,2026-06-09 22:00:00
1781046000000,0.08449,0.08489,0.08439,0.08474,70572560.0,2026-06-09 23:00:00
1781049600000,0.08475,0.08512,0.08416,0.08503,77672850.0,2026-06-10 00:00:00
1781053200000,0.08503,0.0851,0.08443,0.08463,89936250.0,2026-06-10 01:00:00
1781056800000,0.08464,0.08478,0.08362,0.08376,118916630.0,2026-06-10 02:00:00
1781060400000,0.08375,0.08423,0.08374,0.08392,65445790.0,2026-06-10 03:00:00
1781064000000,0.08391,0.08407,0.08343,0.08358,87105900.0,2026-06-10 04:00:00
1781067600000,0.08358,0.0837,0.08321,0.08353,97992440.0,2026-06-10 05:00:00
1781071200000,0.08354,0.08381,0.08323,0.0836,77606770.0,2026-06-10 06:00:00
1781074800000,0.0836,0.08433,0.08354,0.0842,112312190.0,2026-06-10 07:00:00
1781078400000,0.0842,0.08422,0.08316,0.08338,152587770.0,2026-06-10 08:00:00
1781082000000,0.08338,0.08363,0.08283,0.08351,190376740.0,2026-06-10 09:00:00
1781085600000,0.08351,0.08386,0.08322,0.08365,73561840.0,2026-06-10 10:00:00
1781089200000,0.08365,0.08371,0.08277,0.08326,212754370.0,2026-06-10 11:00:00
1781092800000,0.08326,0.08457,0.083,0.08387,291390290.0,2026-06-10 12:00:00
1781096400000,0.08386,0.08515,0.08369,0.08455,265261170.0,2026-06-10 13:00:00
1781100000000,0.08456,0.0847,0.08392,0.08447,211512970.0,2026-06-10 14:00:00
1781103600000,0.08447,0.08543,0.08395,0.08508,371628810.0,2026-06-10 15:00:00
1781107200000,0.08509,0.08517,0.08358,0.08411,263647580.0,2026-06-10 16:00:00
1781110800000,0.08411,0.08444,0.08332,0.08385,154045840.0,2026-06-10 17:00:00
1781114400000,0.08385,0.08401,0.08324,0.08385,93973060.0,2026-06-10 18:00:00
1781118000000,0.08384,0.08388,0.08295,0.08311,98277630.0,2026-06-10 19:00:00
1781121600000,0.0831,0.08326,0.08261,0.08281,145106600.0,2026-06-10 20:00:00
1781125200000,0.0828,0.0828,0.08179,0.08211,163598440.0,2026-06-10 21:00:00
1781128800000,0.08212,0.08265,0.08181,0.0823,128008660.0,2026-06-10 22:00:00
1781132400000,0.0823,0.08307,0.08209,0.08289,130913920.0,2026-06-10 23:00:00
1781136000000,0.0829,0.08361,0.0829,0.08336,87939550.0,2026-06-11 00:00:00
1781139600000,0.08336,0.08442,0.08335,0.0842,135140710.0,2026-06-11 01:00:00
1781143200000,0.0842,0.08429,0.08357,0.08408,97443810.0,2026-06-11 02:00:00
1781146800000,0.08407,0.08524,0.08384,0.08496,192361940.0,2026-06-11 03:00:00
1781150400000,0.08496,0.08537,0.08474,0.08512,134177270.0,2026-06-11 04:00:00
1781154000000,0.08512,0.08513,0.08474,0.08476,71806110.0,2026-06-11 05:00:00
1781157600000,0.08475,0.08513,0.08454,0.08472,108889280.0,2026-06-11 06:00:00
1781161200000,0.08471,0.085,0.08461,0.08483,67551240.0,2026-06-11 07:00:00
1781164800000,0.08483,0.08545,0.0848,0.08519,110628850.0,2026-06-11 08:00:00
1781168400000,0.0852,0.0852,0.08474,0.08503,92281950.0,2026-06-11 09:00:00
1781172000000,0.08504,0.08518,0.0849,0.08512,62555230.0,2026-06-11 10:00:00
1781175600000,0.08511,0.08554,0.08488,0.08525,107354950.0,2026-06-11 11:00:00
1781179200000,0.08525,0.0853,0.0842,0.08474,248209540.0,2026-06-11 12:00:00
1781182800000,0.08473,0.0852,0.08447,0.08496,134145760.0,2026-06-11 13:00:00
1781186400000,0.08496,0.0854,0.08461,0.08496,136551710.0,2026-06-11 14:00:00
1781190000000,0.08496,0.08517,0.08453,0.0849,133469120.0,2026-06-11 15:00:00
1781193600000,0.08491,0.0851,0.08456,0.08468,74904620.0,2026-06-11 16:00:00
1781197200000,0.08468,0.08683,0.08434,0.0867,405713260.0,2026-06-11 17:00:00
1781200800000,0.0867,0.08699,0.08621,0.08647,178512150.0,2026-06-11 18:00:00
1781204400000,0.08646,0.08705,0.08617,0.08646,129661860.0,2026-06-11 19:00:00
1781208000000,0.08645,0.0866,0.08596,0.08628,76252110.0,2026-06-11 20:00:00
1781211600000,0.08628,0.0867,0.08626,0.0864,55397640.0,2026-06-11 21:00:00
1781215200000,0.08639,0.08667,0.08623,0.08635,52302780.0,2026-06-11 22:00:00
1781218800000,0.08635,0.08647,0.08593,0.08603,65384410.0,2026-06-11 23:00:00
1781222400000,0.08603,0.08617,0.0858,0.08585,65275400.0,2026-06-12 00:00:00
1781226000000,0.08585,0.0861,0.08555,0.08585,100186440.0,2026-06-12 01:00:00
1781229600000,0.08586,0.08652,0.08585,0.08634,108485510.0,2026-06-12 02:00:00
1781233200000,0.08635,0.08654,0.08611,0.08654,50725540.0,2026-06-12 03:00:00
1781236800000,0.08654,0.08708,0.08635,0.08695,165188480.0,2026-06-12 04:00:00
1781240400000,0.08696,0.08738,0.08665,0.08672,249884930.0,2026-06-12 05:00:00
1781244000000,0.08672,0.08705,0.08502,0.08534,475378770.0,2026-06-12 06:00:00
1781247600000,0.08534,0.08596,0.08534,0.08589,114320730.0,2026-06-12 07:00:00
1781251200000,0.08589,0.0867,0.08589,0.08662,153564390.0,2026-06-12 08:00:00
1781254800000,0.08662,0.08724,0.08648,0.08696,137657300.0,2026-06-12 09:00:00
1781258400000,0.08696,0.08703,0.08628,0.08653,138048840.0,2026-06-12 10:00:00
1781262000000,0.08654,0.08692,0.08642,0.08691,62187990.0,2026-06-12 11:00:00
1781265600000,0.08691,0.08723,0.08672,0.08694,163850630.0,2026-06-12 12:00:00
1781269200000,0.08695,0.08734,0.08662,0.08696,292012250.0,2026-06-12 13:00:00
1781272800000,0.08696,0.09246,0.08689,0.09055,1807535010.0,2026-06-12 14:00:00
1781276400000,0.09055,0.09079,0.08711,0.08741,793048660.0,2026-06-12 15:00:00
1781280000000,0.0874,0.08876,0.08716,0.08875,395212010.0,2026-06-12 16:00:00
1781283600000,0.08875,0.08904,0.08772,0.08784,178661060.0,2026-06-12 17:00:00
1781287200000,0.08784,0.08807,0.08742,0.08754,96073640.0,2026-06-12 18:00:00
1781290800000,0.08755,0.0881,0.08728,0.0874,90470000.0,2026-06-12 19:00:00
1781294400000,0.0874,0.08781,0.0873,0.08743,66026210.0,2026-06-12 20:00:00
1781298000000,0.08744,0.0877,0.08643,0.08667,126662780.0,2026-06-12 21:00:00
1781301600000,0.08667,0.08682,0.08614,0.08631,134403280.0,2026-06-12 22:00:00
1781305200000,0.08632,0.08633,0.08554,0.08594,180043400.0,2026-06-12 23:00:00
1781308800000,0.08593,0.08616,0.08578,0.08606,100396800.0,2026-06-13 00:00:00
1781312400000,0.08607,0.08674,0.08604,0.08672,128165930.0,2026-06-13 01:00:00
1781316000000,0.08672,0.08688,0.08618,0.08641,124226910.0,2026-06-13 02:00:00
1781319600000,0.08641,0.08653,0.08603,0.08623,75026100.0,2026-06-13 03:00:00
1781323200000,0.08624,0.08644,0.08596,0.08604,75444180.0,2026-06-13 04:00:00
1781326800000,0.08604,0.08626,0.08572,0.08612,101101040.0,2026-06-13 05:00:00
1781330400000,0.08612,0.08673,0.08603,0.08658,120863970.0,2026-06-13 06:00:00
1781334000000,0.08658,0.08721,0.0864,0.08701,179929130.0,2026-06-13 07:00:00
1781337600000,0.087,0.08735,0.08685,0.08708,85131390.0,2026-06-13 08:00:00
1781341200000,0.08709,0.08741,0.08698,0.08711,98406250.0,2026-06-13 09:00:00
1781344800000,0.08711,0.08747,0.08707,0.08727,70045050.0,2026-06-13 10:00:00
1781348400000,0.08727,0.08791,0.0872,0.0879,127688780.0,2026-06-13 11:00:00
1781352000000,0.08791,0.0887,0.0877,0.08851,177916090.0,2026-06-13 12:00:00
1781355600000,0.08851,0.08854,0.08796,0.08806,154317830.0,2026-06-13 13:00:00
1781359200000,0.08807,0.08839,0.088,0.08832,105435860.0,2026-06-13 14:00:00
1781362800000,0.08832,0.08878,0.08821,0.08831,156723760.0,2026-06-13 15:00:00
1781366400000,0.08831,0.08833,0.08747,0.08787,261535470.0,2026-06-13 16:00:00
1781370000000,0.08787,0.08791,0.08734,0.08756,129648820.0,2026-06-13 17:00:00
1781373600000,0.08756,0.08782,0.08751,0.08763,40424160.0,2026-06-13 18:00:00
1781377200000,0.08763,0.08784,0.08746,0.08757,54625160.0,2026-06-13 19:00:00
1781380800000,0.08757,0.08772,0.08746,0.08761,49226560.0,2026-06-13 20:00:00
1781384400000,0.08762,0.08857,0.08757,0.08812,96359160.0,2026-06-13 21:00:00
1781388000000,0.08812,0.08815,0.08776,0.0878,46506110.0,2026-06-13 22:00:00
1781391600000,0.08781,0.08801,0.0877,0.08784,39892370.0,2026-06-13 23:00:00
1781395200000,0.08784,0.0879,0.08754,0.08765,52272280.0,2026-06-14 00:00:00
1781398800000,0.08765,0.08797,0.08754,0.08779,87305900.0,2026-06-14 01:00:00
1781402400000,0.08779,0.08808,0.08773,0.0879,64521380.0,2026-06-14 02:00:00
1781406000000,0.08789,0.08813,0.08777,0.08804,47449070.0,2026-06-14 03:00:00
1781409600000,0.08804,0.08809,0.08739,0.08756,79747390.0,2026-06-14 04:00:00
1781413200000,0.08756,0.08774,0.08718,0.0876,93405660.0,2026-06-14 05:00:00
1781416800000,0.08759,0.08783,0.08737,0.08747,62647800.0,2026-06-14 06:00:00
1781420400000,0.08747,0.08749,0.08693,0.08713,83199160.0,2026-06-14 07:00:00
1781424000000,0.08714,0.08744,0.087,0.08717,79088650.0,2026-06-14 08:00:00
1781427600000,0.08717,0.08744,0.08664,0.08741,112145650.0,2026-06-14 09:00:00
1781431200000,0.08741,0.08746,0.08705,0.08709,50683400.0,2026-06-14 10:00:00
1781434800000,0.08709,0.08724,0.08698,0.08699,55100160.0,2026-06-14 11:00:00
1781438400000,0.087,0.08707,0.08633,0.08654,143891350.0,2026-06-14 12:00:00
1781442000000,0.08653,0.08666,0.08615,0.08648,125056270.0,2026-06-14 13:00:00
1781445600000,0.08649,0.08652,0.08565,0.086,178858200.0,2026-06-14 14:00:00
1781449200000,0.08599,0.08631,0.08587,0.08625,112563740.0,2026-06-14 15:00:00
1781452800000,0.08625,0.08661,0.08623,0.08639,111423710.0,2026-06-14 16:00:00
1781456400000,0.08638,0.08658,0.0862,0.0863,77083040.0,2026-06-14 17:00:00
1781460000000,0.08629,0.08641,0.08608,0.08631,39257260.0,2026-06-14 18:00:00
1781463600000,0.08629,0.08657,0.08617,0.08636,53979070.0,2026-06-14 19:00:00
1781467200000,0.08635,0.08692,0.08624,0.08657,70756340.0,2026-06-14 20:00:00
1781470800000,0.08658,0.08906,0.08654,0.08851,321396170.0,2026-06-14 21:00:00
1781474400000,0.08851,0.08876,0.08793,0.08834,210131400.0,2026-06-14 22:00:00
1781478000000,0.08834,0.08895,0.08798,0.08885,154452420.0,2026-06-14 23:00:00
1781481600000,0.08885,0.08911,0.08845,0.08876,136188280.0,2026-06-15 00:00:00
1781485200000,0.08877,0.08884,0.08821,0.08838,110944580.0,2026-06-15 01:00:00
1781488800000,0.08839,0.08918,0.08831,0.08871,90998000.0,2026-06-15 02:00:00
1781492400000,0.08871,0.0891,0.08863,0.08893,68901390.0,2026-06-15 03:00:00
1781496000000,0.08894,0.089,0.08852,0.08854,63407690.0,2026-06-15 04:00:00
1781499600000,0.08853,0.08891,0.08842,0.08869,84585450.0,2026-06-15 05:00:00
1781503200000,0.08869,0.08896,0.08858,0.08868,55937690.0,2026-06-15 06:00:00
1781506800000,0.08868,0.08872,0.08833,0.08848,88204430.0,2026-06-15 07:00:00
1781510400000,0.08849,0.08891,0.08837,0.0885,86223510.0,2026-06-15 08:00:00
1781514000000,0.0885,0.08871,0.08806,0.08855,94999910.0,2026-06-15 09:00:00
1781517600000,0.08855,0.08943,0.08841,0.08916,161334010.0,2026-06-15 10:00:00
1781521200000,0.08916,0.09006,0.08895,0.08966,318096960.0,2026-06-15 11:00:00
1781524800000,0.08967,0.09018,0.08947,0.09002,189411970.0,2026-06-15 12:00:00
1781528400000,0.09002,0.09089,0.08991,0.09027,362603960.0,2026-06-15 13:00:00
1781532000000,0.09026,0.09028,0.08907,0.08948,315632820.0,2026-06-15 14:00:00
1781535600000,0.08947,0.09074,0.08918,0.09063,278898970.0,2026-06-15 15:00:00
1781539200000,0.09063,0.09064,0.08996,0.09002,169359140.0,2026-06-15 16:00:00
1781542800000,0.09003,0.09005,0.08923,0.08962,204934880.0,2026-06-15 17:00:00
1781546400000,0.08962,0.08968,0.08919,0.08928,122823780.0,2026-06-15 18:00:00
1781550000000,0.08928,0.08968,0.08845,0.08892,247532720.0,2026-06-15 19:00:00
1781553600000,0.08892,0.08919,0.08864,0.08893,79303540.0,2026-06-15 20:00:00
1781557200000,0.08894,0.08911,0.0885,0.08878,83071360.0,2026-06-15 21:00:00
1781560800000,0.08878,0.08892,0.08768,0.08798,250522930.0,2026-06-15 22:00:00
1781564400000,0.08798,0.08823,0.08774,0.0881,121959690.0,2026-06-15 23:00:00
1781568000000,0.0881,0.08827,0.08765,0.0877,127719370.0,2026-06-16 00:00:00
1781571600000,0.0877,0.08809,0.08769,0.08783,82799420.0,2026-06-16 01:00:00
1781575200000,0.08783,0.08794,0.08672,0.08695,291337480.0,2026-06-16 02:00:00
1781578800000,0.08695,0.08752,0.08684,0.08743,110366400.0,2026-06-16 03:00:00
1781582400000,0.08743,0.08755,0.08666,0.0869,120433990.0,2026-06-16 04:00:00
1781586000000,0.0869,0.08729,0.08689,0.08723,91267580.0,2026-06-16 05:00:00
1781589600000,0.08722,0.08766,0.0872,0.08756,87494530.0,2026-06-16 06:00:00
1781593200000,0.08756,0.08778,0.08739,0.08778,89792950.0,2026-06-16 07:00:00
1781596800000,0.08778,0.08903,0.08754,0.08877,315130320.0,2026-06-16 08:00:00
1781600400000,0.08878,0.08889,0.08832,0.08848,154934740.0,2026-06-16 09:00:00
1781604000000,0.08848,0.08861,0.08817,0.08821,111540070.0,2026-06-16 10:00:00
1781607600000,0.08821,0.08839,0.08778,0.08815,132902270.0,2026-06-16 11:00:00
1781611200000,0.08815,0.08889,0.08787,0.08838,216307970.0,2026-06-16 12:00:00
1781614800000,0.08839,0.08845,0.08721,0.08739,306241040.0,2026-06-16 13:00:00
1781618400000,0.0874,0.08774,0.08617,0.08664,433134540.0,2026-06-16 14:00:00
1781622000000,0.08664,0.08738,0.08652,0.08712,200410260.0,2026-06-16 15:00:00
1781625600000,0.08713,0.08726,0.08635,0.08651,203545560.0,2026-06-16 16:00:00
1781629200000,0.08652,0.08734,0.08647,0.08723,194158110.0,2026-06-16 17:00:00
1781632800000,0.08724,0.08784,0.08718,0.08754,148688150.0,2026-06-16 18:00:00
1781636400000,0.08754,0.08767,0.08692,0.08724,137869980.0,2026-06-16 19:00:00
1781640000000,0.08724,0.08775,0.08706,0.08763,79825600.0,2026-06-16 20:00:00
1781643600000,0.08764,0.08774,0.08722,0.08743,66672900.0,2026-06-16 21:00:00
1781647200000,0.08742,0.08759,0.08715,0.0873,44248790.0,2026-06-16 22:00:00
1781650800000,0.08731,0.08739,0.08696,0.08713,41263720.0,2026-06-16 23:00:00
1781654400000,0.08713,0.08746,0.08708,0.08735,52038320.0,2026-06-17 00:00:00
1781658000000,0.08736,0.08781,0.08694,0.08773,95573890.0,2026-06-17 01:00:00
1781661600000,0.08772,0.08808,0.08746,0.08774,107996710.0,2026-06-17 02:00:00
1781665200000,0.08774,0.08774,0.08723,0.08744,78855750.0,2026-06-17 03:00:00
1781668800000,0.08744,0.08781,0.08733,0.08747,47815900.0,2026-06-17 04:00:00
1781672400000,0.08747,0.08765,0.08716,0.08736,57173410.0,2026-06-17 05:00:00
1781676000000,0.08736,0.08747,0.08665,0.08698,142331410.0,2026-06-17 06:00:00
1781679600000,0.08697,0.0872,0.08655,0.08686,108902910.0,2026-06-17 07:00:00
1781683200000,0.08686,0.08688,0.08569,0.08592,264209410.0,2026-06-17 08:00:00
1781686800000,0.08592,0.08621,0.08585,0.08602,97432490.0,2026-06-17 09:00:00
1781690400000,0.08602,0.08611,0.08583,0.08594,34082230.0,2026-06-17 10:00:00
1781694000000,0.08593,0.08606,0.08541,0.08577,162127130.0,2026-06-17 11:00:00
1781697600000,0.08577,0.08622,0.08542,0.0862,143458760.0,2026-06-17 12:00:00
1781701200000,0.0862,0.08655,0.08588,0.08622,127179220.0,2026-06-17 13:00:00
1781704800000,0.08622,0.08653,0.08557,0.08603,150353360.0,2026-06-17 14:00:00
1781708400000,0.08603,0.08725,0.08594,0.08723,169590050.0,2026-06-17 15:00:00
1781712000000,0.08724,0.08773,0.08698,0.08702,210095300.0,2026-06-17 16:00:00
1781715600000,0.08702,0.08754,0.08689,0.08754,89565790.0,2026-06-17 17:00:00
1781719200000,0.08755,0.08785,0.08581,0.08701,398833700.0,2026-06-17 18:00:00
1781722800000,0.08701,0.08721,0.08486,0.08537,379701790.0,2026-06-17 19:00:00
1781726400000,0.08537,0.08622,0.08523,0.08616,103201020.0,2026-06-17 20:00:00
1781730000000,0.08617,0.08621,0.08539,0.08556,51975110.0,2026-06-17 21:00:00
1781733600000,0.08555,0.08592,0.08462,0.0858,123300940.0,2026-06-17 22:00:00
1781737200000,0.0858,0.08612,0.08572,0.08588,42250220.0,2026-06-17 23:00:00
1781740800000,0.08587,0.08631,0.08586,0.08617,47535300.0,2026-06-18 00:00:00
1781744400000,0.08618,0.08653,0.08602,0.0862,54353980.0,2026-06-18 01:00:00
1781748000000,0.08621,0.08633,0.086,0.08615,37805820.0,2026-06-18 02:00:00
1781751600000,0.08615,0.08616,0.08516,0.08528,112272660.0,2026-06-18 03:00:00
1781755200000,0.08529,0.08538,0.08433,0.08463,231772990.0,2026-06-18 04:00:00
1781758800000,0.08462,0.08464,0.08391,0.08424,196114770.0,2026-06-18 05:00:00
1781762400000,0.08423,0.08474,0.08408,0.08463,98162240.0,2026-06-18 06:00:00
1781766000000,0.08464,0.08509,0.08439,0.08488,112118610.0,2026-06-18 07:00:00
1781769600000,0.08489,0.08519,0.08474,0.08503,92886550.0,2026-06-18 08:00:00
1781773200000,0.08503,0.08517,0.08483,0.08504,59223540.0,2026-06-18 09:00:00
1781776800000,0.08505,0.08505,0.08451,0.08483,91323730.0,2026-06-18 10:00:00
1781780400000,0.08484,0.08498,0.08426,0.08449,83953080.0,2026-06-18 11:00:00
1781784000000,0.08449,0.08483,0.0844,0.08478,50327750.0,2026-06-18 12:00:00
1781787600000,0.08479,0.08486,0.0835,0.08403,218038910.0,2026-06-18 13:00:00
1781791200000,0.08403,0.08446,0.08359,0.08385,153207220.0,2026-06-18 14:00:00
1781794800000,0.08386,0.08388,0.08175,0.08193,642155420.0,2026-06-18 15:00:00
1781798400000,0.08193,0.08271,0.08185,0.08263,229021910.0,2026-06-18 16:00:00
1781802000000,0.08264,0.08266,0.08196,0.08232,130242520.0,2026-06-18 17:00:00
1781805600000,0.08233,0.08262,0.08221,0.08238,79804440.0,2026-06-18 18:00:00
1781809200000,0.08238,0.08299,0.08231,0.08284,78944420.0,2026-06-18 19:00:00
1781812800000,0.08285,0.0835,0.08285,0.08338,144978360.0,2026-06-18 20:00:00
1781816400000,0.08339,0.0835,0.08305,0.08336,74374750.0,2026-06-18 21:00:00
1781820000000,0.08336,0.08346,0.08297,0.08341,42459960.0,2026-06-18 22:00:00
1781823600000,0.0834,0.08355,0.08308,0.08347,34908090.0,2026-06-18 23:00:00
1781827200000,0.08347,0.08374,0.08333,0.0836,56962370.0,2026-06-19 00:00:00
1781830800000,0.08361,0.08386,0.0834,0.0838,74188330.0,2026-06-19 01:00:00
1781834400000,0.0838,0.08392,0.08344,0.0836,40037250.0,2026-06-19 02:00:00
1781838000000,0.08359,0.08369,0.08253,0.08285,215207980.0,2026-06-19 03:00:00
1781841600000,0.08285,0.08301,0.08201,0.08221,149461370.0,2026-06-19 04:00:00
1781845200000,0.08221,0.08269,0.08218,0.08259,83496240.0,2026-06-19 05:00:00
1781848800000,0.08258,0.08276,0.08242,0.08269,41615380.0,2026-06-19 06:00:00
1781852400000,0.08268,0.08272,0.0819,0.08229,93671470.0,2026-06-19 07:00:00
1781856000000,0.0823,0.08263,0.08226,0.08251,38413990.0,2026-06-19 08:00:00
1781859600000,0.08252,0.08259,0.08203,0.08219,49642910.0,2026-06-19 09:00:00
1781863200000,0.0822,0.0824,0.08202,0.08228,42675620.0,2026-06-19 10:00:00
1781866800000,0.08229,0.08246,0.08211,0.08237,44723960.0,2026-06-19 11:00:00
1781870400000,0.08238,0.08268,0.08183,0.08262,137180580.0,2026-06-19 12:00:00
1781874000000,0.08263,0.08348,0.08242,0.08318,166458420.0,2026-06-19 13:00:00
1781877600000,0.08318,0.08337,0.08293,0.08308,103333430.0,2026-06-19 14:00:00
1781881200000,0.08308,0.08335,0.08295,0.08317,59042260.0,2026-06-19 15:00:00
1781884800000,0.08316,0.08337,0.08279,0.08284,70692930.0,2026-06-19 16:00:00
1781888400000,0.08284,0.08342,0.08271,0.0833,70334260.0,2026-06-19 17:00:00
1781892000000,0.08331,0.08335,0.08288,0.08312,39046600.0,2026-06-19 18:00:00
1781895600000,0.08312,0.08312,0.08266,0.08287,52482440.0,2026-06-19 19:00:00
1781899200000,0.08288,0.0832,0.08266,0.08319,33007020.0,2026-06-19 20:00:00
1781902800000,0.08318,0.08325,0.08273,0.08281,33773650.0,2026-06-19 21:00:00
1781906400000,0.0828,0.08324,0.08275,0.0832,30172250.0,2026-06-19 22:00:00
1781910000000,0.0832,0.08368,0.08306,0.08351,45955860.0,2026-06-19 23:00:00
1781913600000,0.0835,0.08389,0.08338,0.08341,61701280.0,2026-06-20 00:00:00
1781917200000,0.08342,0.08356,0.08324,0.08345,41347900.0,2026-06-20 01:00:00
1781920800000,0.08344,0.08352,0.08297,0.08301,50036590.0,2026-06-20 02:00:00
1781924400000,0.08302,0.08332,0.083,0.08322,28643400.0,2026-06-20 03:00:00
1781928000000,0.08322,0.08349,0.08317,0.08349,40289320.0,2026-06-20 04:00:00
1781931600000,0.08349,0.08418,0.08341,0.08391,121906780.0,2026-06-20 05:00:00
1781935200000,0.08392,0.08424,0.08384,0.08413,73990760.0,2026-06-20 06:00:00
1781938800000,0.08414,0.08428,0.08387,0.08405,83412470.0,2026-06-20 07:00:00
1781942400000,0.08404,0.08409,0.08374,0.08392,57869170.0,2026-06-20 08:00:00
1781946000000,0.08392,0.08427,0.08391,0.08414,55653530.0,2026-06-20 09:00:00
1781949600000,0.08414,0.08418,0.08381,0.08391,46168210.0,2026-06-20 10:00:00
1781953200000,0.08391,0.08398,0.08372,0.08382,50414890.0,2026-06-20 11:00:00
1781956800000,0.08382,0.08399,0.08366,0.0838,54626520.0,2026-06-20 12:00:00
1781960400000,0.08379,0.08384,0.08316,0.08325,100949230.0,2026-06-20 13:00:00
1781964000000,0.08325,0.08414,0.08255,0.08368,212941500.0,2026-06-20 14:00:00
1781967600000,0.08368,0.08419,0.08349,0.0837,132562800.0,2026-06-20 15:00:00
1781971200000,0.08371,0.08372,0.08326,0.08346,80292430.0,2026-06-20 16:00:00
1781974800000,0.08346,0.08346,0.08279,0.08304,81557210.0,2026-06-20 17:00:00
1781978400000,0.08303,0.0834,0.08303,0.08311,44828490.0,2026-06-20 18:00:00
1781982000000,0.0831,0.08342,0.08308,0.08329,23625520.0,2026-06-20 19:00:00
1781985600000,0.0833,0.08341,0.08319,0.08335,16532240.0,2026-06-20 20:00:00
1781989200000,0.08336,0.08359,0.08331,0.08346,28659580.0,2026-06-20 21:00:00
1781992800000,0.08346,0.084,0.08336,0.08379,69761080.0,2026-06-20 22:00:00
1781996400000,0.08379,0.084,0.08361,0.08366,54764620.0,2026-06-20 23:00:00
1782000000000,0.08366,0.0837,0.0835,0.08364,30517360.0,2026-06-21 00:00:00
1782003600000,0.08365,0.08366,0.08346,0.08359,33355160.0,2026-06-21 01:00:00
1782007200000,0.08358,0.08364,0.08351,0.08351,21997920.0,2026-06-21 02:00:00
1782010800000,0.08351,0.08383,0.08339,0.08364,44706120.0,2026-06-21 03:00:00
1782014400000,0.08364,0.08377,0.08323,0.08328,54222910.0,2026-06-21 04:00:00
1782018000000,0.08328,0.08339,0.08308,0.08319,50232720.0,2026-06-21 05:00:00
1782021600000,0.08319,0.08345,0.08316,0.08337,45161720.0,2026-06-21 06:00:00
1782025200000,0.08338,0.08362,0.08326,0.08345,32671610.0,2026-06-21 07:00:00
1782028800000,0.08345,0.08354,0.08285,0.08312,80965440.0,2026-06-21 08:00:00
1782032400000,0.08313,0.08335,0.08296,0.08331,60788680.0,2026-06-21 09:00:00
1782036000000,0.08331,0.08352,0.08323,0.08325,51490420.0,2026-06-21 10:00:00
1782039600000,0.08325,0.08331,0.08272,0.083,99108340.0,2026-06-21 11:00:00
1782043200000,0.08301,0.08337,0.0829,0.08331,55701860.0,2026-06-21 12:00:00
1782046800000,0.08331,0.08344,0.08311,0.08341,63692530.0,2026-06-21 13:00:00
1782050400000,0.08342,0.08349,0.08321,0.08341,46413870.0,2026-06-21 14:00:00
1782054000000,0.08341,0.08359,0.08337,0.08338,48350350.0,2026-06-21 15:00:00
1782057600000,0.08338,0.08355,0.08306,0.08354,72130640.0,2026-06-21 16:00:00
1782061200000,0.08354,0.08373,0.08317,0.08335,80002620.0,2026-06-21 17:00:00
1782064800000,0.08334,0.08364,0.0831,0.08344,38776700.0,2026-06-21 18:00:00
1782068400000,0.08344,0.08363,0.0834,0.08359,28130380.0,2026-06-21 19:00:00
1782072000000,0.08358,0.08364,0.08301,0.08312,48236520.0,2026-06-21 20:00:00
1782075600000,0.08312,0.08317,0.08224,0.08285,179386840.0,2026-06-21 21:00:00
1782079200000,0.08284,0.08308,0.0826,0.08287,53999320.0,2026-06-21 22:00:00
1782082800000,0.08286,0.08286,0.08207,0.08218,106523490.0,2026-06-21 23:00:00
1782086400000,0.08219,0.08316,0.08218,0.0831,125122860.0,2026-06-22 00:00:00
1782090000000,0.0831,0.0842,0.08296,0.08366,183560660.0,2026-06-22 01:00:00
1782093600000,0.08366,0.08375,0.08327,0.08327,49202020.0,2026-06-22 02:00:00
1782097200000,0.08327,0.08349,0.08279,0.08289,85216290.0,2026-06-22 03:00:00
1782100800000,0.08289,0.08321,0.08273,0.08321,57030130.0,2026-06-22 04:00:00
1782104400000,0.08321,0.08346,0.08315,0.08329,53183160.0,2026-06-22 05:00:00
1782108000000,0.0833,0.0835,0.08307,0.08317,64532730.0,2026-06-22 06:00:00
1782111600000,0.08316,0.08371,0.08312,0.08348,79274720.0,2026-06-22 07:00:00
1782115200000,0.08348,0.08378,0.08331,0.08355,65561170.0,2026-06-22 08:00:00
1782118800000,0.08355,0.08373,0.08351,0.08367,37660640.0,2026-06-22 09:00:00
1782122400000,0.08366,0.08395,0.08346,0.08363,55133480.0,2026-06-22 10:00:00
1782126000000,0.08364,0.08442,0.0836,0.0842,180164250.0,2026-06-22 11:00:00
1782129600000,0.0842,0.08462,0.08414,0.08456,123631260.0,2026-06-22 12:00:00
1782133200000,0.08457,0.08501,0.08431,0.08498,148044150.0,2026-06-22 13:00:00
1782136800000,0.08499,0.08505,0.08365,0.08392,259182960.0,2026-06-22 14:00:00
1782140400000,0.08392,0.0841,0.08348,0.0836,143202200.0,2026-06-22 15:00:00
1782144000000,0.0836,0.08363,0.08306,0.08334,140194870.0,2026-06-22 16:00:00
1782147600000,0.08334,0.08341,0.0829,0.08328,76416470.0,2026-06-22 17:00:00
1782151200000,0.08327,0.08344,0.08274,0.08285,70464060.0,2026-06-22 18:00:00
1782154800000,0.08286,0.08289,0.08243,0.08271,97532740.0,2026-06-22 19:00:00
1782158400000,0.0827,0.08298,0.0826,0.0828,41182720.0,2026-06-22 20:00:00
1782162000000,0.0828,0.08283,0.08227,0.08268,55341640.0,2026-06-22 21:00:00
1782165600000,0.08268,0.08283,0.08181,0.0822,213707120.0,2026-06-22 22:00:00
1782169200000,0.08219,0.0825,0.0821,0.08242,62066470.0,2026-06-22 23:00:00
1782172800000,0.08241,0.08255,0.08194,0.08254,74047600.0,2026-06-23 00:00:00
1782176400000,0.08254,0.08268,0.08113,0.08186,228156820.0,2026-06-23 01:00:00
1782180000000,0.08186,0.08234,0.08171,0.08225,80414910.0,2026-06-23 02:00:00
1782183600000,0.08226,0.08226,0.08182,0.08217,68975120.0,2026-06-23 03:00:00
1782187200000,0.08217,0.08221,0.08159,0.08165,78744940.0,2026-06-23 04:00:00
1782190800000,0.08166,0.0818,0.08131,0.08166,103842730.0,2026-06-23 05:00:00
1782194400000,0.08167,0.08168,0.07961,0.08021,650152790.0,2026-06-23 06:00:00
1782198000000,0.08021,0.08039,0.07991,0.07993,113263850.0,2026-06-23 07:00:00
1782201600000,0.07994,0.08,0.07833,0.07906,580453660.0,2026-06-23 08:00:00
1782205200000,0.07906,0.07925,0.07891,0.07897,105637090.0,2026-06-23 09:00:00
1782208800000,0.07898,0.07931,0.07892,0.07906,82238460.0,2026-06-23 10:00:00
1782212400000,0.07907,0.07957,0.07905,0.07954,113264090.0,2026-06-23 11:00:00
1782216000000,0.07954,0.07961,0.07924,0.07939,68062620.0,2026-06-23 12:00:00
1782219600000,0.07939,0.0798,0.07898,0.07958,167661920.0,2026-06-23 13:00:00
1782223200000,0.07958,0.07979,0.07883,0.07894,137295120.0,2026-06-23 14:00:00
1782226800000,0.07895,0.07901,0.07832,0.0788,167991760.0,2026-06-23 15:00:00
1782230400000,0.07879,0.07933,0.07867,0.07886,142492820.0,2026-06-23 16:00:00
1782234000000,0.07886,0.07906,0.07847,0.07854,84618710.0,2026-06-23 17:00:00
1782237600000,0.07854,0.07882,0.07822,0.07855,89450400.0,2026-06-23 18:00:00
1782241200000,0.07854,0.07874,0.07831,0.07842,63485660.0,2026-06-23 19:00:00
1782244800000,0.07842,0.0788,0.07834,0.07847,44956870.0,2026-06-23 20:00:00
1782248400000,0.07848,0.07877,0.07847,0.07874,46546330.0,2026-06-23 21:00:00
1782252000000,0.07874,0.0791,0.07867,0.07895,47035930.0,2026-06-23 22:00:00
1782255600000,0.07894,0.07907,0.0787,0.07884,53596520.0,2026-06-23 23:00:00
1782259200000,0.07884,0.07922,0.07881,0.0791,80788860.0,2026-06-24 00:00:00
1782262800000,0.07911,0.07973,0.07889,0.07952,127372660.0,2026-06-24 01:00:00
1782266400000,0.07953,0.07959,0.07903,0.07905,83846580.0,2026-06-24 02:00:00
1782270000000,0.07906,0.07929,0.07873,0.07904,69769000.0,2026-06-24 03:00:00
1782273600000,0.07905,0.07918,0.07844,0.07911,88736130.0,2026-06-24 04:00:00
1782277200000,0.07911,0.07942,0.07905,0.07915,49205780.0,2026-06-24 05:00:00
1782280800000,0.07916,0.0792,0.07891,0.07896,33220030.0,2026-06-24 06:00:00
1782284400000,0.07897,0.07901,0.07871,0.07881,69079760.0,2026-06-24 07:00:00
1782288000000,0.07882,0.07918,0.07879,0.07914,50314220.0,2026-06-24 08:00:00
1782291600000,0.07914,0.07914,0.07866,0.07892,72208370.0,2026-06-24 09:00:00
1782295200000,0.07892,0.07892,0.07846,0.07855,64056850.0,2026-06-24 10:00:00
1782298800000,0.07855,0.07959,0.0779,0.07899,289111990.0,2026-06-24 11:00:00
1782302400000,0.07899,0.07904,0.07851,0.07856,78572750.0,2026-06-24 12:00:00
1782306000000,0.07856,0.07861,0.0766,0.07675,634870190.0,2026-06-24 13:00:00
1782309600000,0.07675,0.07711,0.07642,0.07672,257780610.0,2026-06-24 14:00:00
1782313200000,0.07673,0.07695,0.07451,0.07474,744624070.0,2026-06-24 15:00:00
1782316800000,0.07473,0.07561,0.07354,0.07417,495409200.0,2026-06-24 16:00:00
1782320400000,0.07416,0.07451,0.07271,0.07301,540445270.0,2026-06-24 17:00:00
1782324000000,0.07301,0.07438,0.07285,0.07385,203534380.0,2026-06-24 18:00:00
1782327600000,0.07386,0.07415,0.07357,0.07409,114384470.0,2026-06-24 19:00:00
1782331200000,0.07409,0.07578,0.07395,0.07554,184071800.0,2026-06-24 20:00:00
1782334800000,0.07555,0.07611,0.07508,0.07602,98147150.0,2026-06-24 21:00:00
1782338400000,0.07602,0.07644,0.07572,0.07584,110999590.0,2026-06-24 22:00:00
1782342000000,0.07583,0.07615,0.07571,0.07609,43342930.0,2026-06-24 23:00:00
1782345600000,0.07609,0.0764,0.07593,0.07609,104033970.0,2026-06-25 00:00:00
1782349200000,0.07609,0.07635,0.07602,0.07624,63574300.0,2026-06-25 01:00:00
1782352800000,0.07624,0.07635,0.07597,0.07615,62115580.0,2026-06-25 02:00:00
1782356400000,0.07615,0.07627,0.07588,0.07599,63003910.0,2026-06-25 03:00:00
1782360000000,0.07598,0.07674,0.07575,0.07671,119898790.0,2026-06-25 04:00:00
1782363600000,0.07671,0.07746,0.07665,0.07722,209847570.0,2026-06-25 05:00:00
1782367200000,0.07723,0.07747,0.07702,0.07725,69265760.0,2026-06-25 06:00:00
1782370800000,0.07726,0.07733,0.07701,0.07731,44958020.0,2026-06-25 07:00:00
1782374400000,0.07732,0.07734,0.07697,0.077,60985500.0,2026-06-25 08:00:00
1782378000000,0.07701,0.07713,0.07675,0.07694,71697500.0,2026-06-25 09:00:00
1782381600000,0.07694,0.07695,0.07606,0.07615,126255700.0,2026-06-25 10:00:00
1782385200000,0.07616,0.0763,0.07569,0.0759,136442330.0,2026-06-25 11:00:00
1782388800000,0.0759,0.07637,0.07533,0.076,230666650.0,2026-06-25 12:00:00
1782392400000,0.07601,0.07642,0.07141,0.07171,892648870.0,2026-06-25 13:00:00
1782396000000,0.0717,0.0745,0.0717,0.07312,714525490.0,2026-06-25 14:00:00
1782399600000,0.07312,0.07349,0.07213,0.07339,241385300.0,2026-06-25 15:00:00
1782403200000,0.07339,0.07417,0.07304,0.07334,221214990.0,2026-06-25 16:00:00
1782406800000,0.07335,0.07523,0.07334,0.0749,256884450.0,2026-06-25 17:00:00
1782410400000,0.0749,0.07494,0.0734,0.07357,189075450.0,2026-06-25 18:00:00
1782414000000,0.07358,0.07361,0.07285,0.07334,129740170.0,2026-06-25 19:00:00
1782417600000,0.07335,0.07402,0.07335,0.07354,82352920.0,2026-06-25 20:00:00
1782421200000,0.07355,0.07487,0.07353,0.07486,74669430.0,2026-06-25 21:00:00
1782424800000,0.07486,0.07496,0.07448,0.07467,84707460.0,2026-06-25 22:00:00
1782428400000,0.07466,0.07529,0.07456,0.07487,69027890.0,2026-06-25 23:00:00
1782432000000,0.07488,0.07508,0.0746,0.07463,52718870.0,2026-06-26 00:00:00
1782435600000,0.07463,0.07474,0.0738,0.07399,119585370.0,2026-06-26 01:00:00
1782439200000,0.07399,0.07403,0.07243,0.07267,325322710.0,2026-06-26 02:00:00
1782442800000,0.07266,0.07476,0.07208,0.07462,332676130.0,2026-06-26 03:00:00
1782446400000,0.07462,0.07476,0.07409,0.07422,98547820.0,2026-06-26 04:00:00
1782450000000,0.07422,0.07448,0.07391,0.07436,62100960.0,2026-06-26 05:00:00
1782453600000,0.07436,0.07519,0.07393,0.07471,216228820.0,2026-06-26 06:00:00
1782457200000,0.0747,0.07526,0.07464,0.07505,137422820.0,2026-06-26 07:00:00
1782460800000,0.07506,0.07514,0.07422,0.0744,118078340.0,2026-06-26 08:00:00
1782464400000,0.0744,0.07452,0.07385,0.07398,93305920.0,2026-06-26 09:00:00
1782468000000,0.07398,0.07411,0.07356,0.07368,99277100.0,2026-06-26 10:00:00
1782471600000,0.07368,0.07398,0.07327,0.07343,105052910.0,2026-06-26 11:00:00
1782475200000,0.07343,0.0743,0.07288,0.07332,230960810.0,2026-06-26 12:00:00
1782478800000,0.07332,0.07472,0.07277,0.07467,288390390.0,2026-06-26 13:00:00
1782482400000,0.07468,0.07488,0.0738,0.07392,191514410.0,2026-06-26 14:00:00
1782486000000,0.07392,0.07533,0.07381,0.07494,225181730.0,2026-06-26 15:00:00
1782489600000,0.07494,0.07564,0.07457,0.07526,297476670.0,2026-06-26 16:00:00
1782493200000,0.07527,0.07571,0.07516,0.07555,131946840.0,2026-06-26 17:00:00
1782496800000,0.07555,0.07579,0.07505,0.07516,77134190.0,2026-06-26 18:00:00
1782500400000,0.07516,0.07608,0.07501,0.07551,125988790.0,2026-06-26 19:00:00
1782504000000,0.07552,0.07612,0.07529,0.07544,142432850.0,2026-06-26 20:00:00
1782507600000,0.07544,0.07587,0.0752,0.07541,44903560.0,2026-06-26 21:00:00
1782511200000,0.0754,0.07567,0.07511,0.07564,42309980.0,2026-06-26 22:00:00
1782514800000,0.07565,0.07589,0.07557,0.07573,50331130.0,2026-06-26 23:00:00
1782518400000,0.07574,0.07595,0.07507,0.0754,115939570.0,2026-06-27 00:00:00
1782522000000,0.0754,0.07545,0.07519,0.07537,40555180.0,2026-06-27 01:00:00
1782525600000,0.07537,0.07601,0.07534,0.07585,76931440.0,2026-06-27 02:00:00
1782529200000,0.07586,0.07593,0.07555,0.07561,46764250.0,2026-06-27 03:00:00
1782532800000,0.07561,0.07596,0.07551,0.07557,48555700.0,2026-06-27 04:00:00
1782536400000,0.07557,0.07575,0.07535,0.0757,45376970.0,2026-06-27 05:00:00
1782540000000,0.07571,0.07581,0.0754,0.07566,47369720.0,2026-06-27 06:00:00
1782543600000,0.07566,0.07584,0.07553,0.07577,35270580.0,2026-06-27 07:00:00
1782547200000,0.07578,0.07578,0.07538,0.07552,50088490.0,2026-06-27 08:00:00
1782550800000,0.07553,0.07562,0.07524,0.07536,57515770.0,2026-06-27 09:00:00
1782554400000,0.07535,0.07541,0.07521,0.07533,32064270.0,2026-06-27 10:00:00
1782558000000,0.07532,0.07534,0.07491,0.07529,71909600.0,2026-06-27 11:00:00
1782561600000,0.07528,0.07559,0.07521,0.07552,49783210.0,2026-06-27 12:00:00
1782565200000,0.07552,0.07593,0.07542,0.07577,89031660.0,2026-06-27 13:00:00
1782568800000,0.07577,0.07603,0.07566,0.07594,102535750.0,2026-06-27 14:00:00
1782572400000,0.07594,0.07641,0.07581,0.07619,126756810.0,2026-06-27 15:00:00
1782576000000,0.07619,0.07633,0.0759,0.07621,116709140.0,2026-06-27 16:00:00
1782579600000,0.0762,0.07624,0.07556,0.07563,142014550.0,2026-06-27 17:00:00
1782583200000,0.07562,0.07566,0.07518,0.07534,104553040.0,2026-06-27 18:00:00
1782586800000,0.07533,0.0754,0.07446,0.07472,170648590.0,2026-06-27 19:00:00
1782590400000,0.07472,0.07491,0.07465,0.07472,30190150.0,2026-06-27 20:00:00
1782594000000,0.07473,0.07496,0.07426,0.07454,84126160.0,2026-06-27 21:00:00
1782597600000,0.07454,0.07481,0.07403,0.07478,75466950.0,2026-06-27 22:00:00
1782601200000,0.07478,0.07484,0.07437,0.07445,32949870.0,2026-06-27 23:00:00
1782604800000,0.07445,0.07466,0.07442,0.07455,44726960.0,2026-06-28 00:00:00
1782608400000,0.07455,0.07461,0.07432,0.07442,48338400.0,2026-06-28 01:00:00
1782612000000,0.07442,0.07458,0.07402,0.07411,96974290.0,2026-06-28 02:00:00
1782615600000,0.07411,0.07444,0.07407,0.07425,40042350.0,2026-06-28 03:00:00
1782619200000,0.07424,0.07424,0.07393,0.07397,58379770.0,2026-06-28 04:00:00
1782622800000,0.07398,0.074,0.07339,0.07381,129081460.0,2026-06-28 05:00:00
1782626400000,0.07382,0.07386,0.07318,0.07345,136579100.0,2026-06-28 06:00:00
1782630000000,0.07344,0.07374,0.07341,0.07374,74452820.0,2026-06-28 07:00:00
1782633600000,0.07373,0.07424,0.07363,0.07403,85703210.0,2026-06-28 08:00:00
1782637200000,0.07404,0.07426,0.07347,0.07351,99519460.0,2026-06-28 09:00:00
1782640800000,0.07351,0.0737,0.07325,0.07344,152803750.0,2026-06-28 10:00:00
1782644400000,0.07344,0.07385,0.07329,0.0738,83911080.0,2026-06-28 11:00:00
1782648000000,0.07379,0.07399,0.07338,0.07372,82856230.0,2026-06-28 12:00:00
1782651600000,0.07372,0.07375,0.07334,0.07347,78692990.0,2026-06-28 13:00:00
1782655200000,0.07347,0.07396,0.07346,0.0736,59972300.0,2026-06-28 14:00:00
1782658800000,0.0736,0.07384,0.07332,0.07355,105253740.0,2026-06-28 15:00:00
1782662400000,0.07354,0.07358,0.07292,0.07313,176832520.0,2026-06-28 16:00:00
1782666000000,0.07312,0.0734,0.07268,0.07317,115529010.0,2026-06-28 17:00:00
1782669600000,0.07316,0.07327,0.07293,0.07323,40560400.0,2026-06-28 18:00:00
1782673200000,0.07322,0.07332,0.07254,0.07289,77740300.0,2026-06-28 19:00:00
1782676800000,0.07288,0.0734,0.07284,0.07316,55963460.0,2026-06-28 20:00:00
1782680400000,0.07316,0.0732,0.07241,0.07273,63838780.0,2026-06-28 21:00:00
1782684000000,0.07273,0.07369,0.07206,0.07239,226505630.0,2026-06-28 22:00:00
1782687600000,0.07239,0.07337,0.07233,0.07316,95882650.0,2026-06-28 23:00:00
1782691200000,0.07315,0.07332,0.07215,0.07327,135340050.0,2026-06-29 00:00:00
1782694800000,0.07328,0.07331,0.0725,0.07277,71719990.0,2026-06-29 01:00:00
1782698400000,0.07277,0.07317,0.07187,0.07308,225536500.0,2026-06-29 02:00:00
1782702000000,0.07309,0.07361,0.073,0.07325,140423870.0,2026-06-29 03:00:00
1782705600000,0.07326,0.0733,0.07228,0.07253,125962640.0,2026-06-29 04:00:00
1782709200000,0.07253,0.07306,0.07201,0.07306,181138790.0,2026-06-29 05:00:00
1782712800000,0.07306,0.07346,0.07297,0.07315,134705800.0,2026-06-29 06:00:00
1782716400000,0.07316,0.07329,0.07274,0.07274,87238870.0,2026-06-29 07:00:00
1782720000000,0.07275,0.0729,0.0722,0.0725,140395990.0,2026-06-29 08:00:00
1782723600000,0.0725,0.07294,0.07247,0.07278,68780920.0,2026-06-29 09:00:00
1782727200000,0.07278,0.07319,0.07278,0.07289,73469460.0,2026-06-29 10:00:00
1782730800000,0.07289,0.07311,0.07244,0.0728,112221140.0,2026-06-29 11:00:00
1782734400000,0.0728,0.07385,0.07242,0.07292,342843470.0,2026-06-29 12:00:00
1782738000000,0.07293,0.07348,0.07219,0.07271,251607530.0,2026-06-29 13:00:00
1782741600000,0.07271,0.0729,0.07196,0.07256,235641610.0,2026-06-29 14:00:00
1782745200000,0.07257,0.07296,0.07197,0.07277,221350670.0,2026-06-29 15:00:00
1782748800000,0.07277,0.07295,0.07208,0.07277,169611800.0,2026-06-29 16:00:00
1782752400000,0.07278,0.07424,0.07274,0.07388,304699990.0,2026-06-29 17:00:00
1782756000000,0.07389,0.07406,0.0737,0.07382,48235550.0,2026-06-29 18:00:00
1782759600000,0.07383,0.07409,0.07366,0.07386,57418400.0,2026-06-29 19:00:00
1782763200000,0.07387,0.07392,0.07367,0.07368,44079890.0,2026-06-29 20:00:00
1782766800000,0.07367,0.0741,0.07354,0.07393,73350360.0,2026-06-29 21:00:00
1782770400000,0.07393,0.07398,0.07339,0.07339,53041200.0,2026-06-29 22:00:00
1782774000000,0.07339,0.07347,0.07317,0.0734,52004580.0,2026-06-29 23:00:00
1782777600000,0.07339,0.07353,0.07247,0.07251,141890870.0,2026-06-30 00:00:00
1782781200000,0.07251,0.07274,0.07224,0.07252,100767940.0,2026-06-30 01:00:00
1782784800000,0.07251,0.0727,0.07226,0.0726,73438960.0,2026-06-30 02:00:00
1782788400000,0.07259,0.07277,0.07233,0.07241,67870340.0,2026-06-30 03:00:00
1782792000000,0.0724,0.07257,0.07209,0.0724,84795560.0,2026-06-30 04:00:00
1782795600000,0.0724,0.07244,0.07205,0.07241,104388890.0,2026-06-30 05:00:00
1782799200000,0.07241,0.07256,0.07227,0.07244,40998400.0,2026-06-30 06:00:00
1782802800000,0.07245,0.07259,0.07227,0.07237,51489230.0,2026-06-30 07:00:00
1782806400000,0.07236,0.07243,0.07198,0.07232,130426610.0,2026-06-30 08:00:00
1782810000000,0.07232,0.07255,0.07219,0.07252,72894600.0,2026-06-30 09:00:00
1782813600000,0.07252,0.07262,0.07226,0.07244,87903720.0,2026-06-30 10:00:00
1782817200000,0.07245,0.07253,0.07087,0.07139,419016520.0,2026-06-30 11:00:00
1782820800000,0.07139,0.07139,0.06945,0.06961,817581920.0,2026-06-30 12:00:00
1782824400000,0.06962,0.07082,0.06962,0.0707,382526980.0,2026-06-30 13:00:00
1782828000000,0.0707,0.07126,0.07018,0.07031,313794440.0,2026-06-30 14:00:00
1782831600000,0.07031,0.07106,0.07015,0.07068,195127930.0,2026-06-30 15:00:00
1782835200000,0.07068,0.07152,0.07053,0.07136,188980610.0,2026-06-30 16:00:00
1782838800000,0.07137,0.0716,0.07109,0.0713,100618020.0,2026-06-30 17:00:00
1782842400000,0.07131,0.07287,0.07122,0.07233,378048910.0,2026-06-30 18:00:00
1782846000000,0.07233,0.0725,0.07207,0.07225,95515450.0,2026-06-30 19:00:00
1782849600000,0.07224,0.07234,0.07186,0.07201,91588010.0,2026-06-30 20:00:00
1782853200000,0.072,0.07222,0.07187,0.07213,62751830.0,2026-06-30 21:00:00
1782856800000,0.07213,0.0723,0.07178,0.07193,52366970.0,2026-06-30 22:00:00
1782860400000,0.07194,0.07211,0.0718,0.07204,42343600.0,2026-06-30 23:00:00
1782864000000,0.07204,0.07214,0.07158,0.07177,143474820.0,2026-07-01 00:00:00
1782867600000,0.07177,0.07207,0.07044,0.07183,330116020.0,2026-07-01 01:00:00
1782871200000,0.07183,0.07227,0.0717,0.07196,109756380.0,2026-07-01 02:00:00
1782874800000,0.07196,0.07247,0.07182,0.0723,122165610.0,2026-07-01 03:00:00
1782878400000,0.07229,0.07267,0.07224,0.0725,84903090.0,2026-07-01 04:00:00
1782882000000,0.0725,0.07255,0.0722,0.07229,50393260.0,2026-07-01 05:00:00
1782885600000,0.07229,0.07233,0.07103,0.07137,235002570.0,2026-07-01 06:00:00
1782889200000,0.07137,0.07158,0.07124,0.07145,66007680.0,2026-07-01 07:00:00
1782892800000,0.07145,0.07153,0.07085,0.07147,138274050.0,2026-07-01 08:00:00
1782896400000,0.07147,0.07159,0.07112,0.07126,105321250.0,2026-07-01 09:00:00
1782900000000,0.07125,0.07134,0.07071,0.07093,118942050.0,2026-07-01 10:00:00
1782903600000,0.07094,0.07124,0.07078,0.07112,81211570.0,2026-07-01 11:00:00
1782907200000,0.07112,0.07141,0.07082,0.07141,86596880.0,2026-07-01 12:00:00
1782910800000,0.07141,0.07245,0.07116,0.07234,287079080.0,2026-07-01 13:00:00
1782914400000,0.07234,0.07296,0.0721,0.07264,290734730.0,2026-07-01 14:00:00
1782918000000,0.07264,0.07355,0.07261,0.07332,266171850.0,2026-07-01 15:00:00
1782921600000,0.07333,0.07352,0.07288,0.07303,110802260.0,2026-07-01 16:00:00
1782925200000,0.07303,0.07359,0.07273,0.07344,116085630.0,2026-07-01 17:00:00
1782928800000,0.07344,0.07357,0.07296,0.07309,53033760.0,2026-07-01 18:00:00
1782932400000,0.07308,0.07334,0.07266,0.07279,86401040.0,2026-07-01 19:00:00
1782936000000,0.0728,0.07288,0.07247,0.07278,64193470.0,2026-07-01 20:00:00
1782939600000,0.07277,0.07356,0.07277,0.07344,134922470.0,2026-07-01 21:00:00
1782943200000,0.07343,0.07396,0.07295,0.07302,158488270.0,2026-07-01 22:00:00
1782946800000,0.07302,0.07302,0.07211,0.07218,168781430.0,2026-07-01 23:00:00
1782950400000,0.07218,0.07227,0.07162,0.0719,148874100.0,2026-07-02 00:00:00
1782954000000,0.07191,0.07282,0.07185,0.07252,136499170.0,2026-07-02 01:00:00
1782957600000,0.07253,0.0728,0.07222,0.07272,79680990.0,2026-07-02 02:00:00
1782961200000,0.07272,0.07352,0.07229,0.07336,264091790.0,2026-07-02 03:00:00
1782964800000,0.07337,0.0734,0.07286,0.07324,125866120.0,2026-07-02 04:00:00
1782968400000,0.07325,0.07326,0.07255,0.07271,75959760.0,2026-07-02 05:00:00
1782972000000,0.0727,0.07283,0.07237,0.07244,71246480.0,2026-07-02 06:00:00
1782975600000,0.07244,0.07261,0.07227,0.07251,99428070.0,2026-07-02 07:00:00
1782979200000,0.07252,0.07307,0.07247,0.07303,107071560.0,2026-07-02 08:00:00
1782982800000,0.07303,0.07378,0.07274,0.07343,253158820.0,2026-07-02 09:00:00
1782986400000,0.07343,0.07408,0.07335,0.07393,157580710.0,2026-07-02 10:00:00
1782990000000,0.07394,0.07432,0.07376,0.07413,166587390.0,2026-07-02 11:00:00
1782993600000,0.07412,0.07499,0.07401,0.07431,322562910.0,2026-07-02 12:00:00
1782997200000,0.0743,0.07554,0.0742,0.07502,433297310.0,2026-07-02 13:00:00
1783000800000,0.07503,0.07545,0.07424,0.07445,344710840.0,2026-07-02 14:00:00
1783004400000,0.07446,0.07473,0.07397,0.07449,159440370.0,2026-07-02 15:00:00
1783008000000,0.0745,0.07475,0.07405,0.07427,123443190.0,2026-07-02 16:00:00
1783011600000,0.07427,0.07456,0.07408,0.0742,70564730.0,2026-07-02 17:00:00
1783015200000,0.0742,0.07452,0.07418,0.07434,55663790.0,2026-07-02 18:00:00
1783018800000,0.07434,0.07446,0.07407,0.07419,53822850.0,2026-07-02 19:00:00
1783022400000,0.07418,0.07423,0.07391,0.07407,68251580.0,2026-07-02 20:00:00
1783026000000,0.07407,0.07414,0.07381,0.07404,50610030.0,2026-07-02 21:00:00
1783029600000,0.07403,0.0741,0.07371,0.07395,68194490.0,2026-07-02 22:00:00
1783033200000,0.07394,0.07434,0.07383,0.07413,63404250.0,2026-07-02 23:00:00
1783036800000,0.07413,0.07427,0.0739,0.07395,71012750.0,2026-07-03 00:00:00
1783040400000,0.07395,0.07494,0.07392,0.07477,128528900.0,2026-07-03 01:00:00
1783044000000,0.07478,0.0749,0.07435,0.07469,98685670.0,2026-07-03 02:00:00
1783047600000,0.07468,0.07481,0.07418,0.07474,95994290.0,2026-07-03 03:00:00
1783051200000,0.07475,0.07478,0.07442,0.07446,50490200.0,2026-07-03 04:00:00
1783054800000,0.07446,0.07538,0.07441,0.07502,147404530.0,2026-07-03 05:00:00
1783058400000,0.07502,0.07532,0.07498,0.07519,88257770.0,2026-07-03 06:00:00
1783062000000,0.07518,0.07536,0.07504,0.07526,79534610.0,2026-07-03 07:00:00
1783065600000,0.07527,0.07558,0.07479,0.07486,227093600.0,2026-07-03 08:00:00
1783069200000,0.07487,0.07511,0.0747,0.07497,85301470.0,2026-07-03 09:00:00
1783072800000,0.07497,0.07556,0.07493,0.07535,137020070.0,2026-07-03 10:00:00
1783076400000,0.07536,0.07609,0.07524,0.07589,205282390.0,2026-07-03 11:00:00
1783080000000,0.07589,0.0761,0.0756,0.07599,135839630.0,2026-07-03 12:00:00
1783083600000,0.076,0.07667,0.0759,0.07657,180481310.0,2026-07-03 13:00:00
1783087200000,0.07658,0.07679,0.07588,0.07671,220005870.0,2026-07-03 14:00:00
1783090800000,0.07672,0.07734,0.07614,0.07632,384844340.0,2026-07-03 15:00:00
1783094400000,0.07631,0.07675,0.07611,0.07642,131789370.0,2026-07-03 16:00:00
1783098000000,0.07642,0.07701,0.07637,0.07692,94903420.0,2026-07-03 17:00:00
1783101600000,0.07693,0.07699,0.07665,0.07687,52202570.0,2026-07-03 18:00:00
1783105200000,0.07686,0.07764,0.07672,0.07715,115981070.0,2026-07-03 19:00:00
1783108800000,0.07715,0.0782,0.07711,0.07797,176685360.0,2026-07-03 20:00:00
1783112400000,0.07798,0.07845,0.07745,0.07812,141310660.0,2026-07-03 21:00:00
1783116000000,0.07812,0.07819,0.0775,0.07777,82050820.0,2026-07-03 22:00:00
1783119600000,0.07777,0.07778,0.07719,0.07751,84391770.0,2026-07-03 23:00:00
1783123200000,0.0775,0.07771,0.07725,0.07732,90012680.0,2026-07-04 00:00:00
1783126800000,0.07732,0.07732,0.07668,0.07682,159064490.0,2026-07-04 01:00:00
1783130400000,0.07683,0.07701,0.07658,0.07697,123470140.0,2026-07-04 02:00:00
1783134000000,0.07697,0.07743,0.07674,0.07729,85669540.0,2026-07-04 03:00:00
1783137600000,0.07729,0.07814,0.07713,0.07776,149954570.0,2026-07-04 04:00:00
1783141200000,0.07777,0.07777,0.07702,0.07714,95324490.0,2026-07-04 05:00:00
1783144800000,0.07714,0.07746,0.07665,0.07703,130130240.0,2026-07-04 06:00:00
1783148400000,0.07704,0.07707,0.07672,0.0769,99920490.0,2026-07-04 07:00:00
1783152000000,0.0769,0.07701,0.07674,0.07699,68983070.0,2026-07-04 08:00:00
1783155600000,0.07698,0.0772,0.07655,0.07681,141629000.0,2026-07-04 09:00:00
1783159200000,0.07681,0.07713,0.0767,0.07708,58190440.0,2026-07-04 10:00:00
1783162800000,0.07707,0.07714,0.07687,0.07688,69766450.0,2026-07-04 11:00:00
1783166400000,0.07688,0.07714,0.07681,0.07711,58841440.0,2026-07-04 12:00:00
1783170000000,0.07711,0.07744,0.07691,0.07713,91735330.0,2026-07-04 13:00:00
1783173600000,0.07712,0.07777,0.0771,0.07768,106219730.0,2026-07-04 14:00:00
1783177200000,0.07768,0.07872,0.07764,0.07852,247533950.0,2026-07-04 15:00:00
1783180800000,0.07852,0.07889,0.07816,0.07844,188726800.0,2026-07-04 16:00:00
1783184400000,0.07845,0.07922,0.07802,0.07905,175989650.0,2026-07-04 17:00:00
1783188000000,0.07906,0.07927,0.07885,0.07914,131936760.0,2026-07-04 18:00:00
1783191600000,0.07913,0.07934,0.07842,0.07851,91543410.0,2026-07-04 19:00:00
1783195200000,0.07851,0.07868,0.07788,0.07801,104890390.0,2026-07-04 20:00:00
1783198800000,0.07801,0.0785,0.07797,0.07821,69844810.0,2026-07-04 21:00:00
1783202400000,0.0782,0.07824,0.07776,0.0779,38221850.0,2026-07-04 22:00:00
1783206000000,0.0779,0.07792,0.07731,0.07762,101799550.0,2026-07-04 23:00:00
1783209600000,0.07762,0.07764,0.07694,0.07714,125445160.0,2026-07-05 00:00:00
1783213200000,0.07715,0.07732,0.07666,0.0768,140890390.0,2026-07-05 01:00:00
1783216800000,0.0768,0.0768,0.0756,0.07583,306258550.0,2026-07-05 02:00:00
1783220400000,0.07583,0.07622,0.0758,0.07594,116397040.0,2026-07-05 03:00:00
1783224000000,0.07594,0.07634,0.07582,0.07606,142797990.0,2026-07-05 04:00:00
1783227600000,0.07605,0.07605,0.07558,0.0758,119605560.0,2026-07-05 05:00:00
1783231200000,0.0758,0.07596,0.0756,0.07586,61895300.0,2026-07-05 06:00:00
1783234800000,0.07585,0.07623,0.0757,0.07612,109895960.0,2026-07-05 07:00:00
1783238400000,0.07612,0.07623,0.07593,0.07597,81000180.0,2026-07-05 08:00:00
1783242000000,0.07597,0.076,0.07531,0.07553,171085580.0,2026-07-05 09:00:00
1783245600000,0.07552,0.07594,0.07526,0.07581,89650220.0,2026-07-05 10:00:00
1783249200000,0.07581,0.07596,0.07571,0.07589,51285430.0,2026-07-05 11:00:00
1783252800000,0.07589,0.07654,0.07564,0.07647,170483820.0,2026-07-05 12:00:00
1783256400000,0.07648,0.07665,0.07631,0.07657,83780770.0,2026-07-05 13:00:00
1783260000000,0.07657,0.07716,0.07644,0.07703,152993000.0,2026-07-05 14:00:00
1783263600000,0.07703,0.07733,0.07675,0.07712,233808790.0,2026-07-05 15:00:00
1783267200000,0.07712,0.07746,0.07684,0.07701,139338780.0,2026-07-05 16:00:00
1783270800000,0.077,0.07784,0.07698,0.07727,159762480.0,2026-07-05 17:00:00
1783274400000,0.07727,0.07775,0.07718,0.07757,76529080.0,2026-07-05 18:00:00
1783278000000,0.07757,0.07777,0.07716,0.07727,83237790.0,2026-07-05 19:00:00
1783281600000,0.07726,0.07746,0.07692,0.07707,83067200.0,2026-07-05 20:00:00
1783285200000,0.07708,0.0783,0.07687,0.07789,139477290.0,2026-07-05 21:00:00
1783288800000,0.07789,0.07877,0.07771,0.07835,198700910.0,2026-07-05 22:00:00
1783292400000,0.07834,0.07879,0.07769,0.07784,126071040.0,2026-07-05 23:00:00
1783296000000,0.07784,0.07809,0.07698,0.07808,164701850.0,2026-07-06 00:00:00
1783299600000,0.07809,0.07826,0.07761,0.07768,125561350.0,2026-07-06 01:00:00
1783303200000,0.07768,0.07803,0.07739,0.07765,95555960.0,2026-07-06 02:00:00
1783306800000,0.07764,0.07775,0.07715,0.07744,74638030.0,2026-07-06 03:00:00
1783310400000,0.07745,0.07745,0.07704,0.07707,66175160.0,2026-07-06 04:00:00
1783314000000,0.07707,0.07707,0.07638,0.07661,175223020.0,2026-07-06 05:00:00
1783317600000,0.07661,0.07672,0.07648,0.07661,56387670.0,2026-07-06 06:00:00
1783321200000,0.07661,0.07708,0.07648,0.07689,107729490.0,2026-07-06 07:00:00
1783324800000,0.0769,0.07718,0.07679,0.077,97470450.0,2026-07-06 08:00:00
1783328400000,0.077,0.07703,0.07649,0.07668,121504020.0,2026-07-06 09:00:00
1783332000000,0.07667,0.07729,0.07663,0.07711,107075930.0,2026-07-06 10:00:00
1783335600000,0.07711,0.07742,0.07666,0.07667,129945460.0,2026-07-06 11:00:00
1783339200000,0.07667,0.07667,0.07486,0.07491,588186650.0,2026-07-06 12:00:00
1783342800000,0.07492,0.07551,0.07432,0.07523,445985010.0,2026-07-06 13:00:00
1783346400000,0.07524,0.0759,0.07502,0.07553,149627560.0,2026-07-06 14:00:00
1783350000000,0.07554,0.07653,0.07554,0.07622,353529800.0,2026-07-06 15:00:00
1783353600000,0.07622,0.07706,0.07595,0.07677,283938720.0,2026-07-06 16:00:00
1783357200000,0.07678,0.07712,0.07639,0.07658,134938910.0,2026-07-06 17:00:00
1783360800000,0.07658,0.07699,0.07642,0.07678,68672350.0,2026-07-06 18:00:00
1783364400000,0.07679,0.07716,0.07672,0.0769,60964400.0,2026-07-06 19:00:00
1783368000000,0.0769,0.07703,0.07662,0.07684,47809770.0,2026-07-06 20:00:00
1783371600000,0.07683,0.07834,0.07683,0.07754,247250850.0,2026-07-06 21:00:00
1783375200000,0.07754,0.0776,0.07696,0.07703,56851930.0,2026-07-06 22:00:00
1783378800000,0.07702,0.07713,0.0765,0.07663,113200400.0,2026-07-06 23:00:00
1783382400000,0.07662,0.07699,0.07644,0.07676,87315150.0,2026-07-07 00:00:00
1783386000000,0.07675,0.07676,0.07586,0.07602,149518610.0,2026-07-07 01:00:00
1783389600000,0.07602,0.07617,0.0752,0.0753,154375100.0,2026-07-07 02:00:00
1783393200000,0.07529,0.07539,0.07492,0.07512,121893210.0,2026-07-07 03:00:00
1783396800000,0.07511,0.07515,0.07446,0.07467,200813420.0,2026-07-07 04:00:00
1783400400000,0.07468,0.07494,0.07421,0.07481,202690940.0,2026-07-07 05:00:00
1783404000000,0.07481,0.07546,0.07469,0.07541,170716920.0,2026-07-07 06:00:00
1783407600000,0.07542,0.07559,0.07489,0.07493,134270260.0,2026-07-07 07:00:00
1783411200000,0.07493,0.075,0.07466,0.07477,116880740.0,2026-07-07 08:00:00
1783414800000,0.07477,0.07504,0.0747,0.07491,95337910.0,2026-07-07 09:00:00
1783418400000,0.07491,0.07517,0.07456,0.07462,125170640.0,2026-07-07 10:00:00
1783422000000,0.07462,0.07492,0.07428,0.07475,209496130.0,2026-07-07 11:00:00
1783425600000,0.07476,0.0754,0.07471,0.07483,184931700.0,2026-07-07 12:00:00
1783429200000,0.07483,0.07487,0.07404,0.07425,321590260.0,2026-07-07 13:00:00
1783432800000,0.07426,0.07494,0.07366,0.07479,348979970.0,2026-07-07 14:00:00
1783436400000,0.07479,0.07537,0.07453,0.07515,228213830.0,2026-07-07 15:00:00
1783440000000,0.07515,0.07571,0.07476,0.07534,143820060.0,2026-07-07 16:00:00
1783443600000,0.07534,0.07554,0.07512,0.07543,83514380.0,2026-07-07 17:00:00
1783447200000,0.07543,0.07543,0.07439,0.07448,155452090.0,2026-07-07 18:00:00
1783450800000,0.07447,0.0749,0.07405,0.07469,112453420.0,2026-07-07 19:00:00
1783454400000,0.07469,0.07482,0.07421,0.07434,46235080.0,2026-07-07 20:00:00
1783458000000,0.07433,0.07454,0.07386,0.07399,114220690.0,2026-07-07 21:00:00
1783461600000,0.07398,0.07449,0.07353,0.07443,112826010.0,2026-07-07 22:00:00
1783465200000,0.07442,0.07468,0.07406,0.07413,63891600.0,2026-07-07 23:00:00
1783468800000,0.07414,0.07443,0.07409,0.07431,79778160.0,2026-07-08 00:00:00
1783472400000,0.07432,0.07436,0.07275,0.07302,335438990.0,2026-07-08 01:00:00
1783476000000,0.07302,0.07305,0.07227,0.07289,307083350.0,2026-07-08 02:00:00
1783479600000,0.0729,0.07309,0.07251,0.07256,101120540.0,2026-07-08 03:00:00
1783483200000,0.07256,0.07269,0.07232,0.07257,105873810.0,2026-07-08 04:00:00
1783486800000,0.07257,0.07275,0.07234,0.07251,74703440.0,2026-07-08 05:00:00
1783490400000,0.07252,0.07253,0.07171,0.07209,305141210.0,2026-07-08 06:00:00
1783494000000,0.0721,0.07261,0.07186,0.0724,140814480.0,2026-07-08 07:00:00
1783497600000,0.0724,0.07252,0.07095,0.07127,499224340.0,2026-07-08 08:00:00
1783501200000,0.07127,0.07162,0.07104,0.07127,146328160.0,2026-07-08 09:00:00
1783504800000,0.07128,0.07171,0.0711,0.0716,86484000.0,2026-07-08 10:00:00
1783508400000,0.07161,0.07213,0.0715,0.07202,116287220.0,2026-07-08 11:00:00
1783512000000,0.07203,0.07218,0.07178,0.07179,131542600.0,2026-07-08 12:00:00
1783515600000,0.07179,0.07228,0.07165,0.07195,198795930.0,2026-07-08 13:00:00
1783519200000,0.07194,0.07215,0.07142,0.07184,172787920.0,2026-07-08 14:00:00
1783522800000,0.07184,0.07188,0.0712,0.07183,138039860.0,2026-07-08 15:00:00
1783526400000,0.07182,0.07254,0.07179,0.07252,169116790.0,2026-07-08 16:00:00
1783530000000,0.07251,0.0729,0.07226,0.07246,87469050.0,2026-07-08 17:00:00
1783533600000,0.07245,0.07275,0.07213,0.07242,68988170.0,2026-07-08 18:00:00
1783537200000,0.07242,0.07267,0.07224,0.07262,26003860.0,2026-07-08 19:00:00
1783540800000,0.07263,0.07268,0.0723,0.07236,37798900.0,2026-07-08 20:00:00
1783544400000,0.07237,0.07254,0.07202,0.07248,48232410.0,2026-07-08 21:00:00
1783548000000,0.07249,0.07275,0.07228,0.0724,38866420.0,2026-07-08 22:00:00
1783551600000,0.0724,0.07244,0.07213,0.07237,42526910.0,2026-07-08 23:00:00
1783555200000,0.07238,0.07242,0.07207,0.07224,43925990.0,2026-07-09 00:00:00
1783558800000,0.07224,0.07297,0.07206,0.07208,115120920.0,2026-07-09 01:00:00
1783562400000,0.07208,0.07259,0.07191,0.07211,100175570.0,2026-07-09 02:00:00
1783566000000,0.07212,0.07237,0.07195,0.07224,46849790.0,2026-07-09 03:00:00
1783569600000,0.07224,0.07264,0.07217,0.07261,59213090.0,2026-07-09 04:00:00
1783573200000,0.0726,0.07286,0.07228,0.07274,104731370.0,2026-07-09 05:00:00
1783576800000,0.07275,0.073,0.07252,0.07296,90588410.0,2026-07-09 06:00:00
1783580400000,0.07296,0.07317,0.07263,0.07276,117847810.0,2026-07-09 07:00:00
1783584000000,0.07276,0.07303,0.07268,0.07283,59684820.0,2026-07-09 08:00:00
1783587600000,0.07283,0.07283,0.07252,0.07274,61466350.0,2026-07-09 09:00:00
1783591200000,0.07275,0.0728,0.07223,0.07236,92043930.0,2026-07-09 10:00:00
1783594800000,0.07237,0.07248,0.07219,0.07246,79920100.0,2026-07-09 11:00:00
1783598400000,0.07247,0.07253,0.07199,0.07224,201143010.0,2026-07-09 12:00:00
1783602000000,0.07224,0.07272,0.07199,0.07257,111693220.0,2026-07-09 13:00:00
1783605600000,0.07256,0.0727,0.07215,0.07263,93868750.0,2026-07-09 14:00:00
1783609200000,0.07264,0.07288,0.07248,0.07261,72511130.0,2026-07-09 15:00:00
1783612800000,0.0726,0.07277,0.07231,0.07268,77310690.0,2026-07-09 16:00:00
1783616400000,0.07268,0.07305,0.07262,0.07291,78405290.0,2026-07-09 17:00:00
1783620000000,0.07292,0.07339,0.07286,0.07313,117505820.0,2026-07-09 18:00:00
1783623600000,0.07313,0.07332,0.07286,0.07302,49980060.0,2026-07-09 19:00:00
1783627200000,0.07303,0.07337,0.07293,0.07325,46555430.0,2026-07-09 20:00:00
1783630800000,0.07325,0.07354,0.07317,0.07333,66185140.0,2026-07-09 21:00:00
1783634400000,0.07332,0.07341,0.07301,0.07303,53746470.0,2026-07-09 22:00:00
1783638000000,0.07303,0.07315,0.07276,0.07286,53731010.0,2026-07-09 23:00:00
1783641600000,0.07286,0.07294,0.07261,0.07287,75199850.0,2026-07-10 00:00:00
1783645200000,0.07287,0.07419,0.07269,0.07381,239968000.0,2026-07-10 01:00:00
1783648800000,0.07382,0.07412,0.07375,0.07402,104673540.0,2026-07-10 02:00:00
1783652400000,0.07402,0.07413,0.0738,0.07399,64694260.0,2026-07-10 03:00:00
1783656000000,0.074,0.0742,0.07382,0.07399,98555680.0,2026-07-10 04:00:00
1783659600000,0.07398,0.07418,0.0738,0.07412,61973170.0,2026-07-10 05:00:00
1783663200000,0.07411,0.07424,0.07382,0.0739,52482810.0,2026-07-10 06:00:00
1783666800000,0.07389,0.07404,0.07368,0.07374,74030150.0,2026-07-10 07:00:00
1783670400000,0.07374,0.07444,0.07372,0.0742,123398830.0,2026-07-10 08:00:00
1783674000000,0.0742,0.07443,0.07398,0.07434,72286320.0,2026-07-10 09:00:00
1783677600000,0.07435,0.07465,0.07422,0.0744,110210030.0,2026-07-10 10:00:00
1783681200000,0.0744,0.0746,0.07412,0.07432,79836850.0,2026-07-10 11:00:00
1783684800000,0.07433,0.07448,0.07394,0.07396,155012350.0,2026-07-10 12:00:00
1783688400000,0.07395,0.07448,0.07387,0.0743,102443010.0,2026-07-10 13:00:00
1783692000000,0.0743,0.07438,0.07328,0.07382,275067340.0,2026-07-10 14:00:00
1783695600000,0.07382,0.0741,0.07369,0.07401,79655310.0,2026-07-10 15:00:00
1783699200000,0.074,0.07431,0.07384,0.07421,95280040.0,2026-07-10 16:00:00
1783702800000,0.07422,0.07435,0.07378,0.07384,107174880.0,2026-07-10 17:00:00
1783706400000,0.07385,0.07411,0.07362,0.07374,115258670.0,2026-07-10 18:00:00
1783710000000,0.07374,0.07434,0.07368,0.07414,90527460.0,2026-07-10 19:00:00
1783713600000,0.07414,0.07426,0.07393,0.07417,52259520.0,2026-07-10 20:00:00
1783717200000,0.07417,0.07423,0.07406,0.07408,50131380.0,2026-07-10 21:00:00
1783720800000,0.07409,0.07424,0.07397,0.07411,28636130.0,2026-07-10 22:00:00
1783724400000,0.07411,0.07418,0.07391,0.07409,31163090.0,2026-07-10 23:00:00
1783728000000,0.07409,0.07421,0.07387,0.07419,45263390.0,2026-07-11 00:00:00
1783731600000,0.0742,0.07436,0.07402,0.07402,45747570.0,2026-07-11 01:00:00
1783735200000,0.07402,0.07426,0.07401,0.07419,24652330.0,2026-07-11 02:00:00
1783738800000,0.07419,0.07438,0.07406,0.07425,24182760.0,2026-07-11 03:00:00
1783742400000,0.07425,0.07442,0.07419,0.07429,39673620.0,2026-07-11 04:00:00
1783746000000,0.07429,0.07453,0.0742,0.07441,51028040.0,2026-07-11 05:00:00
1783749600000,0.0744,0.07463,0.07429,0.07432,53932640.0,2026-07-11 06:00:00
1783753200000,0.07433,0.0744,0.07415,0.07424,50460190.0,2026-07-11 07:00:00
1783756800000,0.07424,0.07428,0.07407,0.0742,34440420.0,2026-07-11 08:00:00
1783760400000,0.07419,0.0744,0.0741,0.07412,47007870.0,2026-07-11 09:00:00
1783764000000,0.07412,0.07472,0.0741,0.07446,86012330.0,2026-07-11 10:00:00
1783767600000,0.07446,0.07455,0.07439,0.07444,40564220.0,2026-07-11 11:00:00
1783771200000,0.07444,0.07462,0.07434,0.07455,27234030.0,2026-07-11 12:00:00
1783774800000,0.07456,0.07497,0.07446,0.07463,78228700.0,2026-07-11 13:00:00
1783778400000,0.07463,0.07544,0.07463,0.07512,192652130.0,2026-07-11 14:00:00
1783782000000,0.07513,0.07555,0.07485,0.07528,258017240.0,2026-07-11 15:00:00
1783785600000,0.07528,0.07532,0.07488,0.075,82346200.0,2026-07-11 16:00:00
1783789200000,0.075,0.0753,0.07491,0.07508,63843160.0,2026-07-11 17:00:00
1783792800000,0.07507,0.07525,0.07498,0.07516,28811260.0,2026-07-11 18:00:00
1783796400000,0.07517,0.07552,0.07515,0.07531,65841290.0,2026-07-11 19:00:00
1783800000000,0.07531,0.0754,0.07511,0.07511,22840880.0,2026-07-11 20:00:00
1783803600000,0.07511,0.0753,0.07506,0.07515,26357740.0,2026-07-11 21:00:00
1783807200000,0.07514,0.07516,0.07454,0.07459,115950840.0,2026-07-11 22:00:00
1783810800000,0.07459,0.07467,0.07314,0.07317,398456810.0,2026-07-11 23:00:00
1783814400000,0.07316,0.07329,0.07223,0.07264,375654950.0,2026-07-12 00:00:00
1783818000000,0.07263,0.07335,0.07255,0.07334,159505180.0,2026-07-12 01:00:00
1783821600000,0.07334,0.07335,0.07304,0.07318,70116400.0,2026-07-12 02:00:00
1783825200000,0.07318,0.07345,0.07301,0.07338,59949510.0,2026-07-12 03:00:00
1783828800000,0.07337,0.0735,0.073,0.07309,67561580.0,2026-07-12 04:00:00
1783832400000,0.0731,0.07325,0.07298,0.07311,41246440.0,2026-07-12 05:00:00
1783836000000,0.0731,0.0731,0.07252,0.07284,123358580.0,2026-07-12 06:00:00
1783839600000,0.07283,0.07301,0.07274,0.0729,49413090.0,2026-07-12 07:00:00
1783843200000,0.07289,0.07322,0.07287,0.073,76845040.0,2026-07-12 08:00:00
1783846800000,0.07301,0.07312,0.07269,0.07297,63254730.0,2026-07-12 09:00:00
1783850400000,0.07297,0.07301,0.07286,0.07298,23711040.0,2026-07-12 10:00:00
1783854000000,0.07299,0.07325,0.07283,0.0732,56150490.0,2026-07-12 11:00:00
1783857600000,0.0732,0.07346,0.07312,0.07336,56994970.0,2026-07-12 12:00:00
1783861200000,0.07336,0.07352,0.07322,0.07322,67722660.0,2026-07-12 13:00:00
1783864800000,0.07322,0.07387,0.07315,0.07367,110164840.0,2026-07-12 14:00:00
1783868400000,0.07368,0.07384,0.07355,0.07369,102993610.0,2026-07-12 15:00:00
1783872000000,0.07369,0.07374,0.07341,0.07359,65806970.0,2026-07-12 16:00:00
1783875600000,0.0736,0.07363,0.07326,0.07336,45355460.0,2026-07-12 17:00:00
1783879200000,0.07337,0.07365,0.0733,0.07362,50316250.0,2026-07-12 18:00:00
1783882800000,0.07362,0.0737,0.07341,0.07362,29261870.0,2026-07-12 19:00:00
1783886400000,0.07362,0.07365,0.07338,0.07342,24804090.0,2026-07-12 20:00:00
1783890000000,0.07342,0.07355,0.07281,0.07304,112996620.0,2026-07-12 21:00:00
1783893600000,0.07304,0.07304,0.07233,0.0727,146354150.0,2026-07-12 22:00:00
1783897200000,0.0727,0.0728,0.0725,0.07269,60361260.0,2026-07-12 23:00:00
1783900800000,0.07268,0.07414,0.07258,0.07339,280167530.0,2026-07-13 00:00:00
1783904400000,0.07338,0.07346,0.07243,0.0725,154283280.0,2026-07-13 01:00:00
1783908000000,0.0725,0.0729,0.07231,0.07273,103837350.0,2026-07-13 02:00:00
1783911600000,0.07272,0.07274,0.07156,0.07206,286178610.0,2026-07-13 03:00:00
1783915200000,0.07206,0.07225,0.07186,0.072,80113760.0,2026-07-13 04:00:00
1783918800000,0.07201,0.07241,0.07181,0.07228,111729600.0,2026-07-13 05:00:00
1783922400000,0.07228,0.07236,0.07206,0.07231,49689250.0,2026-07-13 06:00:00
1783926000000,0.07231,0.0725,0.07219,0.07234,60121000.0,2026-07-13 07:00:00
1783929600000,0.07234,0.07267,0.07227,0.07252,76557500.0,2026-07-13 08:00:00
1783933200000,0.07253,0.07254,0.07231,0.07235,29311650.0,2026-07-13 09:00:00
1783936800000,0.07236,0.07238,0.07204,0.07215,77117940.0,2026-07-13 10:00:00
1783940400000,0.07216,0.07244,0.07216,0.07226,45283530.0,2026-07-13 11:00:00
1783944000000,0.07226,0.07233,0.07191,0.07208,76681330.0,2026-07-13 12:00:00
1783947600000,0.07208,0.07234,0.07185,0.07207,108400510.0,2026-07-13 13:00:00
1783951200000,0.07207,0.07253,0.07183,0.0725,145458270.0,2026-07-13 14:00:00
1783954800000,0.0725,0.07256,0.07201,0.07203,76037320.0,2026-07-13 15:00:00
1783958400000,0.07203,0.07214,0.07145,0.0716,165436810.0,2026-07-13 16:00:00
1783962000000,0.0716,0.07177,0.07085,0.07092,198639180.0,2026-07-13 17:00:00
1783965600000,0.07091,0.07144,0.0709,0.07131,128506170.0,2026-07-13 18:00:00
1783969200000,0.07131,0.07184,0.07127,0.07178,90865600.0,2026-07-13 19:00:00
1783972800000,0.07177,0.07192,0.07149,0.07173,78724540.0,2026-07-13 20:00:00
1783976400000,0.07173,0.07177,0.07097,0.07146,101456640.0,2026-07-13 21:00:00
1783980000000,0.07146,0.0718,0.07128,0.0713,49445900.0,2026-07-13 22:00:00
1783983600000,0.07131,0.07196,0.07118,0.07193,53178300.0,2026-07-13 23:00:00
1783987200000,0.07194,0.07241,0.07181,0.07231,128370700.0,2026-07-14 00:00:00
1783990800000,0.07231,0.07235,0.07187,0.07187,71935820.0,2026-07-14 01:00:00
1783994400000,0.07188,0.07202,0.07172,0.07178,72159350.0,2026-07-14 02:00:00
1783998000000,0.07178,0.07202,0.07138,0.07199,115681340.0,2026-07-14 03:00:00
1784001600000,0.072,0.07213,0.07188,0.07202,45660360.0,2026-07-14 04:00:00
1784005200000,0.07202,0.0724,0.07202,0.07232,79960050.0,2026-07-14 05:00:00
1784008800000,0.07232,0.07239,0.07222,0.07227,31168170.0,2026-07-14 06:00:00
1784012400000,0.07227,0.07233,0.07207,0.07214,43744720.0,2026-07-14 07:00:00
1784016000000,0.07213,0.07227,0.07203,0.07208,52465500.0,2026-07-14 08:00:00
1784019600000,0.07209,0.07225,0.07202,0.07206,28549020.0,2026-07-14 09:00:00
1784023200000,0.07206,0.07233,0.07193,0.07222,51845910.0,2026-07-14 10:00:00
1784026800000,0.07223,0.07231,0.07215,0.07222,36727180.0,2026-07-14 11:00:00
1784030400000,0.07223,0.07344,0.07209,0.07332,358334120.0,2026-07-14 12:00:00
1784034000000,0.07333,0.07409,0.07305,0.07384,341303970.0,2026-07-14 13:00:00
1784037600000,0.07384,0.07466,0.07361,0.0745,222402180.0,2026-07-14 14:00:00
1784041200000,0.0745,0.07516,0.0743,0.07486,280020280.0,2026-07-14 15:00:00
1784044800000,0.07486,0.07534,0.07449,0.07454,244180110.0,2026-07-14 16:00:00
1784048400000,0.07454,0.0746,0.07401,0.07452,127478490.0,2026-07-14 17:00:00
1784052000000,0.07452,0.07459,0.07415,0.07441,77593640.0,2026-07-14 18:00:00
1784055600000,0.07441,0.07456,0.07412,0.07421,68138250.0,2026-07-14 19:00:00
1784059200000,0.07421,0.07425,0.07398,0.07407,44031050.0,2026-07-14 20:00:00
1784062800000,0.07406,0.07466,0.07404,0.07429,69405140.0,2026-07-14 21:00:00
1784066400000,0.07428,0.07459,0.07398,0.07435,98189640.0,2026-07-14 22:00:00
1784070000000,0.07434,0.07463,0.0742,0.07442,80469960.0,2026-07-14 23:00:00
1784073600000,0.07442,0.0745,0.07391,0.07409,90541020.0,2026-07-15 00:00:00
1784077200000,0.07409,0.07417,0.07383,0.07401,71628800.0,2026-07-15 01:00:00
1784080800000,0.074,0.07409,0.07361,0.07372,83189620.0,2026-07-15 02:00:00
1784084400000,0.07371,0.07419,0.07368,0.07402,83252190.0,2026-07-15 03:00:00
1784088000000,0.07402,0.0742,0.07378,0.07407,68927800.0,2026-07-15 04:00:00
1784091600000,0.07407,0.07448,0.07381,0.07439,57367350.0,2026-07-15 05:00:00
1784095200000,0.0744,0.07488,0.07433,0.07439,132238390.0,2026-07-15 06:00:00
1784098800000,0.07439,0.0744,0.07384,0.07397,116257780.0,2026-07-15 07:00:00
1784102400000,0.07397,0.07427,0.0739,0.07417,59530780.0,2026-07-15 08:00:00
1784106000000,0.07417,0.0745,0.07343,0.07369,267895190.0,2026-07-15 09:00:00
1784109600000,0.07368,0.07388,0.0736,0.07377,73598390.0,2026-07-15 10:00:00
1784113200000,0.07376,0.07386,0.07354,0.07385,61643670.0,2026-07-15 11:00:00
1784116800000,0.07385,0.07476,0.07365,0.07467,189551980.0,2026-07-15 12:00:00
1784120400000,0.07467,0.07523,0.07426,0.07453,315682550.0,2026-07-15 13:00:00
1784124000000,0.07454,0.07514,0.07445,0.07487,271364220.0,2026-07-15 14:00:00
1784127600000,0.07487,0.07498,0.07426,0.0746,166578120.0,2026-07-15 15:00:00
1784131200000,0.0746,0.07466,0.07326,0.07391,352881620.0,2026-07-15 16:00:00
1784134800000,0.07391,0.07437,0.07378,0.07421,116028560.0,2026-07-15 17:00:00
1784138400000,0.07421,0.07473,0.07393,0.07403,119975160.0,2026-07-15 18:00:00
1784142000000,0.07402,0.07415,0.07363,0.07379,79951980.0,2026-07-15 19:00:00
1784145600000,0.07379,0.07412,0.07371,0.07398,51659110.0,2026-07-15 20:00:00
1784149200000,0.07398,0.07415,0.07388,0.07402,45545900.0,2026-07-15 21:00:00
1784152800000,0.07402,0.07421,0.07388,0.07402,42763100.0,2026-07-15 22:00:00
1784156400000,0.07402,0.07416,0.07393,0.07407,29178740.0,2026-07-15 23:00:00
1784160000000,0.07406,0.07425,0.07369,0.07388,80199760.0,2026-07-16 00:00:00
1784163600000,0.07389,0.07417,0.0736,0.07411,66647360.0,2026-07-16 01:00:00
1784167200000,0.07411,0.07436,0.07401,0.07433,48591650.0,2026-07-16 02:00:00
1784170800000,0.07434,0.07448,0.07391,0.07397,64157400.0,2026-07-16 03:00:00
1784174400000,0.07398,0.07407,0.07375,0.07378,38791590.0,2026-07-16 04:00:00
1784178000000,0.07378,0.07425,0.07377,0.07419,83213740.0,2026-07-16 05:00:00
1784181600000,0.07419,0.07433,0.07386,0.07409,73462940.0,2026-07-16 06:00:00
1784185200000,0.07409,0.07412,0.07328,0.07352,171337580.0,2026-07-16 07:00:00
1784188800000,0.07352,0.07354,0.07259,0.07312,304290740.0,2026-07-16 08:00:00
1784192400000,0.07311,0.07325,0.073,0.07307,65749440.0,2026-07-16 09:00:00
1784196000000,0.07308,0.0734,0.07305,0.07329,54428700.0,2026-07-16 10:00:00
1784199600000,0.07329,0.0733,0.073,0.07323,55423440.0,2026-07-16 11:00:00
1784203200000,0.07323,0.07328,0.07272,0.07285,118900650.0,2026-07-16 12:00:00
1784206800000,0.07285,0.07369,0.0728,0.07356,135582140.0,2026-07-16 13:00:00
1784210400000,0.07356,0.07393,0.07328,0.07359,113246520.0,2026-07-16 14:00:00
1784214000000,0.07359,0.0739,0.07311,0.07358,109948400.0,2026-07-16 15:00:00
1784217600000,0.07359,0.07369,0.0733,0.07339,52056180.0,2026-07-16 16:00:00
1784221200000,0.07339,0.07345,0.0729,0.07318,95484250.0,2026-07-16 17:00:00
1784224800000,0.07319,0.07363,0.07316,0.07339,45750040.0,2026-07-16 18:00:00
1784228400000,0.07339,0.07348,0.07306,0.07316,44453020.0,2026-07-16 19:00:00
1784232000000,0.07315,0.0732,0.07302,0.07303,27555170.0,2026-07-16 20:00:00
1784235600000,0.07303,0.07325,0.07289,0.0731,43217640.0,2026-07-16 21:00:00
1784239200000,0.0731,0.07331,0.07256,0.0727,84208640.0,2026-07-16 22:00:00
1784242800000,0.07269,0.07275,0.07208,0.07232,147839270.0,2026-07-16 23:00:00
1784246400000,0.07233,0.07274,0.07203,0.07271,95151070.0,2026-07-17 00:00:00
1784250000000,0.07271,0.07284,0.07202,0.07213,100408180.0,2026-07-17 01:00:00
1784253600000,0.07214,0.07225,0.07182,0.07206,101276840.0,2026-07-17 02:00:00
1784257200000,0.07207,0.07261,0.07204,0.07239,63522600.0,2026-07-17 03:00:00
1784260800000,0.07239,0.07242,0.07195,0.07223,62220670.0,2026-07-17 04:00:00
1784264400000,0.07223,0.07225,0.07137,0.07149,207564980.0,2026-07-17 05:00:00
1784268000000,0.07148,0.07194,0.07137,0.07177,100023250.0,2026-07-17 06:00:00
1784271600000,0.07177,0.07186,0.07154,0.07164,50504520.0,2026-07-17 07:00:00
1784275200000,0.07164,0.07173,0.07111,0.07143,126691860.0,2026-07-17 08:00:00
1784278800000,0.07143,0.07172,0.0714,0.0717,52372170.0,2026-07-17 09:00:00
1784282400000,0.0717,0.07204,0.07167,0.07196,65422310.0,2026-07-17 10:00:00
1784286000000,0.07196,0.07208,0.07183,0.07198,46083310.0,2026-07-17 11:00:00
1784289600000,0.07198,0.072,0.07159,0.07165,64368080.0,2026-07-17 12:00:00
1784293200000,0.07165,0.07193,0.07091,0.07187,241360080.0,2026-07-17 13:00:00
1784296800000,0.07186,0.07226,0.07168,0.0719,145183940.0,2026-07-17 14:00:00
1784300400000,0.0719,0.07212,0.0715,0.07211,134709760.0,2026-07-17 15:00:00
1784304000000,0.07211,0.07253,0.07194,0.07231,114473630.0,2026-07-17 16:00:00
1784307600000,0.0723,0.07296,0.0723,0.07254,99881690.0,2026-07-17 17:00:00
1784311200000,0.07254,0.07284,0.07233,0.07275,59282690.0,2026-07-17 18:00:00
1784314800000,0.07274,0.07275,0.07236,0.07262,61781550.0,2026-07-17 19:00:00
1784318400000,0.07261,0.07269,0.07226,0.07265,49344320.0,2026-07-17 20:00:00
1784322000000,0.07265,0.0729,0.07259,0.07264,45226760.0,2026-07-17 21:00:00
1784325600000,0.07263,0.07268,0.07237,0.07251,31181470.0,2026-07-17 22:00:00
1784329200000,0.0725,0.07258,0.07229,0.07252,27208310.0,2026-07-17 23:00:00
1784332800000,0.07252,0.07269,0.07245,0.07246,32022950.0,2026-07-18 00:00:00
1784336400000,0.07247,0.07261,0.07238,0.07254,25860700.0,2026-07-18 01:00:00
1784340000000,0.07255,0.07276,0.07249,0.07253,39872070.0,2026-07-18 02:00:00
1784343600000,0.07253,0.07278,0.07253,0.07266,33005400.0,2026-07-18 03:00:00
1784347200000,0.07266,0.07268,0.07246,0.07247,29395600.0,2026-07-18 04:00:00
1784350800000,0.07248,0.07249,0.07206,0.07221,77057660.0,2026-07-18 05:00:00
1784354400000,0.07221,0.07241,0.07212,0.07232,36596420.0,2026-07-18 06:00:00
1784358000000,0.07233,0.07238,0.07224,0.07226,24364050.0,2026-07-18 07:00:00
1784361600000,0.07227,0.07242,0.07218,0.07222,45943670.0,2026-07-18 08:00:00
1784365200000,0.07223,0.07225,0.07187,0.07213,70726910.0,2026-07-18 09:00:00
1784368800000,0.07213,0.07228,0.07209,0.07217,21797370.0,2026-07-18 10:00:00
1784372400000,0.07217,0.07225,0.07213,0.07221,19073920.0,2026-07-18 11:00:00
1784376000000,0.07221,0.07248,0.072,0.07231,64763810.0,2026-07-18 12:00:00
1784379600000,0.0723,0.0723,0.07192,0.07209,49909920.0,2026-07-18 13:00:00
1784383200000,0.07209,0.0723,0.07203,0.07223,31634460.0,2026-07-18 14:00:00
1784386800000,0.07224,0.0723,0.07209,0.07214,34508780.0,2026-07-18 15:00:00
1784390400000,0.07214,0.07233,0.07205,0.07228,50970660.0,2026-07-18 16:00:00
1784394000000,0.07228,0.07244,0.07213,0.07235,39075740.0,2026-07-18 17:00:00
1784397600000,0.07236,0.07261,0.07224,0.07231,67026840.0,2026-07-18 18:00:00
1784401200000,0.0723,0.07243,0.07227,0.07235,28520130.0,2026-07-18 19:00:00
1784404800000,0.07235,0.07253,0.07225,0.07237,35377390.0,2026-07-18 20:00:00
1784408400000,0.07237,0.07253,0.07222,0.07232,36345650.0,2026-07-18 21:00:00
1784412000000,0.07232,0.0725,0.07228,0.07243,39292550.0,2026-07-18 22:00:00
1784415600000,0.07243,0.07251,0.07235,0.07249,33508610.0,2026-07-18 23:00:00
1784419200000,0.07248,0.07255,0.07235,0.0725,29188460.0,2026-07-19 00:00:00
1784422800000,0.07251,0.07254,0.07237,0.07238,20317800.0,2026-07-19 01:00:00
1784426400000,0.07238,0.07283,0.07236,0.07261,98571130.0,2026-07-19 02:00:00
1784430000000,0.07262,0.07265,0.07231,0.07241,52082240.0,2026-07-19 03:00:00
1784433600000,0.07241,0.07247,0.07224,0.07232,37997290.0,2026-07-19 04:00:00
1784437200000,0.07233,0.07247,0.07228,0.07233,29015030.0,2026-07-19 05:00:00
1784440800000,0.07233,0.07251,0.07228,0.07247,27366320.0,2026-07-19 06:00:00
1784444400000,0.07247,0.07262,0.07238,0.07244,42713720.0,2026-07-19 07:00:00
1784448000000,0.07244,0.07272,0.07239,0.07264,44167280.0,2026-07-19 08:00:00
1784451600000,0.07264,0.07276,0.07235,0.07247,53981050.0,2026-07-19 09:00:00
1784455200000,0.07246,0.07278,0.07233,0.0726,50629320.0,2026-07-19 10:00:00
1784458800000,0.07261,0.07273,0.07243,0.07251,34341150.0,2026-07-19 11:00:00
1784462400000,0.07251,0.0726,0.07228,0.07243,44455950.0,2026-07-19 12:00:00
1784466000000,0.07243,0.07252,0.07218,0.0724,54231630.0,2026-07-19 13:00:00
1784469600000,0.07241,0.07276,0.07232,0.0726,47331610.0,2026-07-19 14:00:00
1784473200000,0.0726,0.07263,0.07236,0.07245,33990090.0,2026-07-19 15:00:00
1784476800000,0.07245,0.07252,0.07228,0.07229,36372010.0,2026-07-19 16:00:00
1784480400000,0.07228,0.07242,0.07187,0.07222,84341190.0,2026-07-19 17:00:00
1784484000000,0.07221,0.07221,0.07161,0.07203,115215200.0,2026-07-19 18:00:00
1784487600000,0.07203,0.07225,0.07191,0.07225,24618600.0,2026-07-19 19:00:00
1784491200000,0.07225,0.07238,0.07222,0.07238,22948230.0,2026-07-19 20:00:00
1784494800000,0.07238,0.0724,0.07186,0.07196,54828550.0,2026-07-19 21:00:00
1784498400000,0.07195,0.07258,0.07188,0.07226,82219570.0,2026-07-19 22:00:00
1784502000000,0.07227,0.07242,0.07198,0.07237,40418520.0,2026-07-19 23:00:00
1784505600000,0.07237,0.07306,0.07217,0.07244,173295010.0,2026-07-20 00:00:00
1784509200000,0.07244,0.07311,0.07217,0.07228,97254320.0,2026-07-20 01:00:00
1784512800000,0.07227,0.07282,0.07226,0.07266,102119430.0,2026-07-20 02:00:00
1784516400000,0.07266,0.07291,0.07251,0.07269,63759030.0,2026-07-20 03:00:00
1784520000000,0.07269,0.07271,0.07228,0.07229,61457140.0,2026-07-20 04:00:00
1784523600000,0.07229,0.07231,0.0714,0.07167,179474700.0,2026-07-20 05:00:00
1784527200000,0.07167,0.07176,0.07102,0.07132,197108430.0,2026-07-20 06:00:00
1784530800000,0.07132,0.07184,0.07128,0.07182,94700420.0,2026-07-20 07:00:00
1784534400000,0.07181,0.07195,0.07152,0.07176,101924380.0,2026-07-20 08:00:00
1784538000000,0.07177,0.07213,0.0717,0.07201,67704920.0,2026-07-20 09:00:00
1784541600000,0.07202,0.07229,0.07196,0.07214,63022490.0,2026-07-20 10:00:00
1784545200000,0.07214,0.07293,0.07211,0.07286,184236110.0,2026-07-20 11:00:00
1784548800000,0.07286,0.07288,0.07246,0.07251,112618720.0,2026-07-20 12:00:00
1784552400000,0.07251,0.07271,0.07189,0.072,180351250.0,2026-07-20 13:00:00
1784556000000,0.07201,0.07254,0.07173,0.07233,145464350.0,2026-07-20 14:00:00
1784559600000,0.07234,0.07347,0.07231,0.07333,299617950.0,2026-07-20 15:00:00
1784563200000,0.07333,0.07356,0.07291,0.07322,253588100.0,2026-07-20 16:00:00
1784566800000,0.07321,0.07327,0.07275,0.07307,181274410.0,2026-07-20 17:00:00
1784570400000,0.07306,0.07326,0.07234,0.07241,239340540.0,2026-07-20 18:00:00
1784574000000,0.0724,0.07244,0.07147,0.07212,324224970.0,2026-07-20 19:00:00
1784577600000,0.07212,0.07235,0.07192,0.07216,103413020.0,2026-07-20 20:00:00
1784581200000,0.07216,0.07233,0.07206,0.07206,82289420.0,2026-07-20 21:00:00
1784584800000,0.07206,0.07206,0.07165,0.07177,74711230.0,2026-07-20 22:00:00
1784588400000,0.07176,0.07219,0.0717,0.07214,64716090.0,2026-07-20 23:00:00
1784592000000,0.07214,0.07238,0.07186,0.07226,85785710.0,2026-07-21 00:00:00
1784595600000,0.07227,0.07243,0.07216,0.07222,61861560.0,2026-07-21 01:00:00
1784599200000,0.07222,0.0726,0.07208,0.07247,67348690.0,2026-07-21 02:00:00
1784602800000,0.07248,0.07283,0.07247,0.07275,100958470.0,2026-07-21 03:00:00
1784606400000,0.07276,0.07286,0.0725,0.07268,93194340.0,2026-07-21 04:00:00
1784610000000,0.07269,0.07312,0.07267,0.07295,100247710.0,2026-07-21 05:00:00
1784613600000,0.07295,0.07321,0.07279,0.0731,123478370.0,2026-07-21 06:00:00
1784617200000,0.07309,0.07331,0.07294,0.07331,115627890.0,2026-07-21 07:00:00
1784620800000,0.07331,0.07379,0.07326,0.07353,206361840.0,2026-07-21 08:00:00
1784624400000,0.07353,0.07358,0.07332,0.07346,64865580.0,2026-07-21 09:00:00
1784628000000,0.07346,0.07373,0.07324,0.07342,119533750.0,2026-07-21 10:00:00
1784631600000,0.07342,0.07371,0.07335,0.07362,103535340.0,2026-07-21 11:00:00
1784635200000,0.07363,0.07369,0.07335,0.07351,88922970.0,2026-07-21 12:00:00
1784638800000,0.07352,0.07357,0.07308,0.07347,134505440.0,2026-07-21 13:00:00
1784642400000,0.07347,0.07359,0.07308,0.07326,117100020.0,2026-07-21 14:00:00
1784646000000,0.07326,0.07346,0.07304,0.07343,100123630.0,2026-07-21 15:00:00
1784649600000,0.07343,0.07349,0.07318,0.07336,75153900.0,2026-07-21 16:00:00
1784653200000,0.07336,0.07341,0.07284,0.07323,107760300.0,2026-07-21 17:00:00
1784656800000,0.07324,0.07347,0.07318,0.07344,57032620.0,2026-07-21 18:00:00
1784660400000,0.07344,0.07362,0.07332,0.0735,47210260.0,2026-07-21 19:00:00
1784664000000,0.0735,0.07361,0.07335,0.07349,29757610.0,2026-07-21 20:00:00
1784667600000,0.07349,0.07353,0.07325,0.07335,38577750.0,2026-07-21 21:00:00
1784671200000,0.07334,0.07334,0.073,0.07309,51139890.0,2026-07-21 22:00:00
1784674800000,0.07309,0.07336,0.07294,0.07335,66497500.0,2026-07-21 23:00:00
1784678400000,0.07335,0.07385,0.07327,0.07369,119438830.0,2026-07-22 00:00:00
1784682000000,0.0737,0.07382,0.07331,0.07359,79239650.0,2026-07-22 01:00:00
1784685600000,0.07359,0.07373,0.07338,0.07342,51033990.0,2026-07-22 02:00:00
1784689200000,0.07341,0.07349,0.07316,0.07322,75103870.0,2026-07-22 03:00:00
1784692800000,0.07322,0.07346,0.07317,0.07341,54739340.0,2026-07-22 04:00:00
1784696400000,0.07341,0.07341,0.0724,0.07245,274151460.0,2026-07-22 05:00:00
1784700000000,0.07244,0.07249,0.07217,0.07235,195109310.0,2026-07-22 06:00:00
1784703600000,0.07236,0.07239,0.07206,0.07218,115800030.0,2026-07-22 07:00:00
1784707200000,0.07219,0.07251,0.07215,0.07245,89772840.0,2026-07-22 08:00:00
1784710800000,0.07245,0.07262,0.07234,0.07248,61374840.0,2026-07-22 09:00:00
1784714400000,0.07248,0.07277,0.07243,0.0727,74397180.0,2026-07-22 10:00:00
1784718000000,0.0727,0.07279,0.07249,0.07262,74082820.0,2026-07-22 11:00:00
1784721600000,0.07261,0.07262,0.07206,0.0724,96057220.0,2026-07-22 12:00:00
1784725200000,0.07239,0.07292,0.0723,0.07284,134210490.0,2026-07-22 13:00:00
1784728800000,0.07283,0.07331,0.07244,0.07281,211319530.0,2026-07-22 14:00:00
1784732400000,0.07281,0.07329,0.07281,0.07304,149556780.0,2026-07-22 15:00:00
1784736000000,0.07303,0.0735,0.07286,0.07335,135533980.0,2026-07-22 16:00:00
1784739600000,0.07335,0.07346,0.073,0.07315,83976360.0,2026-07-22 17:00:00
1784743200000,0.07314,0.07321,0.07259,0.07275,107174590.0,2026-07-22 18:00:00
1784746800000,0.07275,0.07279,0.07222,0.07247,89741780.0,2026-07-22 19:00:00
1784750400000,0.07246,0.07277,0.07235,0.0726,66544680.0,2026-07-22 20:00:00
1784754000000,0.07259,0.07307,0.07249,0.07297,47260670.0,2026-07-22 21:00:00
1784757600000,0.07298,0.07303,0.07275,0.07299,36835310.0,2026-07-22 22:00:00
1784761200000,0.073,0.073,0.07246,0.07295,47356410.0,2026-07-22 23:00:00
1784764800000,0.07296,0.07319,0.07286,0.07294,52972570.0,2026-07-23 00:00:00
1784768400000,0.07294,0.07306,0.07267,0.07276,47977190.0,2026-07-23 01:00:00
1784772000000,0.07275,0.0728,0.0725,0.07265,48481450.0,2026-07-23 02:00:00
1784775600000,0.07266,0.07268,0.0722,0.07232,89529980.0,2026-07-23 03:00:00
1784779200000,0.07232,0.0726,0.07227,0.07252,52626520.0,2026-07-23 04:00:00
1784782800000,0.07253,0.07265,0.07237,0.07243,41765500.0,2026-07-23 05:00:00
1784786400000,0.07244,0.07262,0.07234,0.07261,35436010.0,2026-07-23 06:00:00
1784790000000,0.0726,0.0726,0.07204,0.07216,145277270.0,2026-07-23 07:00:00
1784793600000,0.07217,0.07245,0.0721,0.07239,87761840.0,2026-07-23 08:00:00
1784797200000,0.07239,0.0725,0.0722,0.07222,63884100.0,2026-07-23 09:00:00
1784800800000,0.07221,0.07248,0.07217,0.07236,49593900.0,2026-07-23 10:00:00
1784804400000,0.07237,0.07249,0.0723,0.07235,59933780.0,2026-07-23 11:00:00
1784808000000,0.07234,0.0724,0.07051,0.07123,707975370.0,2026-07-23 12:00:00
1784811600000,0.07122,0.07128,0.06988,0.07025,636779210.0,2026-07-23 13:00:00
1784815200000,0.07026,0.07065,0.07003,0.0702,252446430.0,2026-07-23 14:00:00
1784818800000,0.0702,0.07021,0.06831,0.0697,1042178240.0,2026-07-23 15:00:00
1784822400000,0.06971,0.06976,0.0692,0.0696,180203430.0,2026-07-23 16:00:00
1784826000000,0.06959,0.06979,0.06916,0.06936,109437940.0,2026-07-23 17:00:00
1784829600000,0.06936,0.06946,0.06908,0.06927,141008900.0,2026-07-23 18:00:00
1784833200000,0.06927,0.06942,0.06888,0.06921,111427910.0,2026-07-23 19:00:00
1784836800000,0.06921,0.06964,0.06918,0.06962,73035730.0,2026-07-23 20:00:00
1784840400000,0.06963,0.06972,0.06939,0.06949,76396180.0,2026-07-23 21:00:00
1784844000000,0.06949,0.06968,0.06929,0.06953,77880240.0,2026-07-23 22:00:00
1784847600000,0.06952,0.06957,0.06909,0.06915,62118310.0,2026-07-23 23:00:00
1784851200000,0.06916,0.06918,0.06867,0.06917,173655130.0,2026-07-24 00:00:00
1784854800000,0.06917,0.06939,0.06913,0.06922,74154800.0,2026-07-24 01:00:00
1784858400000,0.06923,0.06943,0.06877,0.06912,117172220.0,2026-07-24 02:00:00
1784862000000,0.06912,0.06947,0.06901,0.06937,78581890.0,2026-07-24 03:00:00
1784865600000,0.06938,0.0694,0.06894,0.06903,106972560.0,2026-07-24 04:00:00
1784869200000,0.06903,0.06922,0.0689,0.06917,89751050.0,2026-07-24 05:00:00
1784872800000,0.06917,0.06939,0.06915,0.0693,65681500.0,2026-07-24 06:00:00
1784876400000,0.0693,0.07012,0.06929,0.07002,395851150.0,2026-07-24 07:00:00
1784880000000,0.07002,0.07003,0.06976,0.06992,74395370.0,2026-07-24 08:00:00
1784883600000,0.06992,0.07004,0.06961,0.07,116622500.0,2026-07-24 09:00:00
1784887200000,0.06999,0.07005,0.06965,0.06982,64478220.0,2026-07-24 10:00:00
1784890800000,0.06982,0.06988,0.06916,0.06943,161525710.0,2026-07-24 11:00:00
1784894400000,0.06943,0.06962,0.069,0.06909,111142310.0,2026-07-24 12:00:00
1784898000000,0.06908,0.06913,0.06817,0.06868,499596780.0,2026-07-24 13:00:00
1784901600000,0.06868,0.06886,0.06822,0.06886,217169870.0,2026-07-24 14:00:00
1784905200000,0.06885,0.06937,0.06852,0.06915,210488120.0,2026-07-24 15:00:00
1784908800000,0.06915,0.06915,0.06851,0.06873,115482910.0,2026-07-24 16:00:00
1784912400000,0.06874,0.06918,0.0687,0.06912,94277600.0,2026-07-24 17:00:00
1784916000000,0.06912,0.06918,0.06891,0.06912,57208330.0,2026-07-24 18:00:00
1784919600000,0.06913,0.06926,0.06901,0.06919,41694270.0,2026-07-24 19:00:00
1784923200000,0.0692,0.06931,0.06912,0.06916,54818140.0,2026-07-24 20:00:00
1784926800000,0.06917,0.06922,0.06879,0.06885,70556490.0,2026-07-24 21:00:00
1784930400000,0.06886,0.06969,0.06879,0.06949,88130930.0,2026-07-24 22:00:00
1784934000000,0.06948,0.0696,0.06932,0.06951,75303550.0,2026-07-24 23:00:00
1784937600000,0.06952,0.0697,0.06938,0.0696,101111070.0,2026-07-25 00:00:00
1784941200000,0.0696,0.06969,0.0694,0.06951,66008120.0,2026-07-25 01:00:00
1784944800000,0.06952,0.06967,0.0695,0.06962,44626140.0,2026-07-25 02:00:00
1784948400000,0.06963,0.06973,0.06954,0.06963,46044460.0,2026-07-25 03:00:00
1784952000000,0.06964,0.06978,0.06953,0.06959,50071420.0,2026-07-25 04:00:00
1784955600000,0.0696,0.06965,0.06922,0.06934,71090020.0,2026-07-25 05:00:00
1784959200000,0.06934,0.06943,0.06918,0.06941,46921910.0,2026-07-25 06:00:00
1784962800000,0.06941,0.06947,0.06927,0.06933,60158990.0,2026-07-25 07:00:00
1784966400000,0.06933,0.06948,0.06913,0.06938,91539400.0,2026-07-25 08:00:00
1784970000000,0.06939,0.06958,0.06935,0.06948,63553290.0,2026-07-25 09:00:00
1784973600000,0.06948,0.06955,0.06939,0.06951,28994330.0,2026-07-25 10:00:00
1784977200000,0.06951,0.06958,0.06927,0.0694,56383550.0,2026-07-25 11:00:00
1784980800000,0.06941,0.06972,0.06938,0.06972,73137520.0,2026-07-25 12:00:00
1784984400000,0.06972,0.07023,0.06972,0.06993,191254190.0,2026-07-25 13:00:00
1784988000000,0.06992,0.07057,0.06985,0.07034,147411130.0,2026-07-25 14:00:00
1784991600000,0.07035,0.07146,0.0703,0.07116,481694050.0,2026-07-25 15:00:00
1784995200000,0.07116,0.07223,0.07113,0.07213,686163240.0,2026-07-25 16:00:00
1784998800000,0.07213,0.0735,0.0721,0.07317,604471470.0,2026-07-25 17:00:00
1785002400000,0.07317,0.07367,0.07267,0.07289,375475750.0,2026-07-25 18:00:00
1785006000000,0.0729,0.073,0.07246,0.07278,177979960.0,2026-07-25 19:00:00
1785009600000,0.07279,0.07294,0.07234,0.07251,128332430.0,2026-07-25 20:00:00
1785013200000,0.07251,0.07256,0.0721,0.07227,127511660.0,2026-07-25 21:00:00
1785016800000,0.07227,0.07237,0.07193,0.07198,113601000.0,2026-07-25 22:00:00
1785020400000,0.07198,0.07199,0.07162,0.07168,137704640.0,2026-07-25 23:00:00
1785024000000,0.07169,0.07184,0.07155,0.0718,140409280.0,2026-07-26 00:00:00
1785027600000,0.07181,0.07213,0.07158,0.07212,120213610.0,2026-07-26 01:00:00
1785031200000,0.07212,0.07276,0.07192,0.07241,299843640.0,2026-07-26 02:00:00
1785034800000,0.07241,0.07272,0.07221,0.07267,147299090.0,2026-07-26 03:00:00
1785038400000,0.07268,0.07335,0.07248,0.07316,281690600.0,2026-07-26 04:00:00
1785042000000,0.07315,0.0738,0.07302,0.07337,402273470.0,2026-07-26 05:00:00
1785045600000,0.07336,0.07356,0.07269,0.07346,318152250.0,2026-07-26 06:00:00
1785049200000,0.07346,0.074,0.07303,0.07324,382487240.0,2026-07-26 07:00:00
1785052800000,0.07324,0.07376,0.07313,0.07339,182096740.0,2026-07-26 08:00:00
1785056400000,0.0734,0.07346,0.07296,0.07324,182618040.0,2026-07-26 09:00:00
1785060000000,0.07324,0.07347,0.0731,0.07325,78062200.0,2026-07-26 10:00:00
1785063600000,0.07325,0.07342,0.07313,0.0732,83317140.0,2026-07-26 11:00:00
1785067200000,0.07319,0.07341,0.07301,0.07323,124861970.0,2026-07-26 12:00:00
1785070800000,0.07324,0.07324,0.07281,0.07303,171599340.0,2026-07-26 13:00:00
1785074400000,0.07304,0.07335,0.07275,0.07295,211173210.0,2026-07-26 14:00:00
1785078000000,0.07296,0.07323,0.07283,0.07306,125456350.0,2026-07-26 15:00:00
1785081600000,0.07306,0.07338,0.07289,0.07308,134934880.0,2026-07-26 16:00:00
1785085200000,0.07308,0.07321,0.07286,0.07308,121038920.0,2026-07-26 17:00:00
1785088800000,0.07308,0.0731,0.07258,0.07268,150719370.0,2026-07-26 18:00:00
1785092400000,0.07267,0.07272,0.07241,0.07263,106687050.0,2026-07-26 19:00:00
1785096000000,0.07263,0.07281,0.07255,0.07256,77377320.0,2026-07-26 20:00:00
1785099600000,0.07256,0.07286,0.07248,0.07275,71975460.0,2026-07-26 21:00:00
1785103200000,0.07276,0.07335,0.07276,0.07323,203794170.0,2026-07-26 22:00:00
1785106800000,0.07324,0.07351,0.07309,0.07336,121381550.0,2026-07-26 23:00:00
1785110400000,0.07336,0.07338,0.07292,0.07297,142339720.0,2026-07-27 00:00:00
1785114000000,0.07297,0.07303,0.07251,0.07281,143962520.0,2026-07-27 01:00:00
1785117600000,0.07281,0.07287,0.0725,0.07259,78332010.0,2026-07-27 02:00:00
1785121200000,0.07259,0.07292,0.0725,0.07283,75525290.0,2026-07-27 03:00:00
1785124800000,0.07284,0.0731,0.07264,0.07276,114781560.0,2026-07-27 04:00:00
1785128400000,0.07276,0.07305,0.07265,0.07294,100689320.0,2026-07-27 05:00:00
1785132000000,0.07295,0.0735,0.07293,0.07296,147762960.0,2026-07-27 06:00:00
1785135600000,0.07297,0.07301,0.07269,0.07281,88532170.0,2026-07-27 07:00:00
1785139200000,0.07282,0.07284,0.07227,0.07256,156467610.0,2026-07-27 08:00:00
1785142800000,0.07255,0.0727,0.07213,0.07263,171683880.0,2026-07-27 09:00:00
1785146400000,0.07263,0.07288,0.07258,0.07275,89794090.0,2026-07-27 10:00:00
1785150000000,0.07275,0.07279,0.0725,0.07253,72736540.0,2026-07-27 11:00:00
1785153600000,0.07254,0.07302,0.07234,0.07289,133753170.0,2026-07-27 12:00:00
1785157200000,0.07289,0.0732,0.07233,0.07275,244391050.0,2026-07-27 13:00:00
1785160800000,0.07275,0.07279,0.07072,0.07136,703915180.0,2026-07-27 14:00:00
1785164400000,0.07136,0.07163,0.07125,0.07132,140028450.0,2026-07-27 15:00:00
1785168000000,0.07132,0.07217,0.07115,0.07208,214959970.0,2026-07-27 16:00:00
1785171600000,0.07208,0.07228,0.07196,0.07209,87359190.0,2026-07-27 17:00:00
1785175200000,0.0721,0.07212,0.07148,0.07175,101387410.0,2026-07-27 18:00:00
1785178800000,0.07176,0.07213,0.07174,0.072,51058700.0,2026-07-27 19:00:00
1785182400000,0.07201,0.07211,0.07181,0.0721,30334150.0,2026-07-27 20:00:00
1785186000000,0.0721,0.07217,0.07175,0.07187,37145820.0,2026-07-27 21:00:00
1785189600000,0.07186,0.07186,0.07036,0.07042,295712630.0,2026-07-27 22:00:00
1785193200000,0.07042,0.07065,0.07004,0.07033,232530100.0,2026-07-27 23:00:00
1785196800000,0.07032,0.07052,0.06983,0.06987,194014540.0,2026-07-28 00:00:00
1785200400000,0.06987,0.06995,0.06927,0.06967,306506100.0,2026-07-28 01:00:00
1785204000000,0.06967,0.07022,0.06963,0.07006,125715730.0,2026-07-28 02:00:00
1785207600000,0.07007,0.07021,0.06986,0.0702,80406340.0,2026-07-28 03:00:00
1785211200000,0.0702,0.07024,0.06989,0.06999,78363010.0,2026-07-28 04:00:00
1785214800000,0.06998,0.07012,0.06983,0.06996,105956400.0,2026-07-28 05:00:00
1785218400000,0.06997,0.07038,0.06979,0.07035,115611400.0,2026-07-28 06:00:00
1785222000000,0.07036,0.07046,0.07004,0.07011,83436190.0,2026-07-28 07:00:00
1785225600000,0.0701,0.07025,0.06998,0.07017,49435940.0,2026-07-28 08:00:00
1785229200000,0.07017,0.07028,0.07001,0.0701,59935120.0,2026-07-28 09:00:00
1785232800000,0.07009,0.07016,0.06994,0.07012,84440850.0,2026-07-28 10:00:00
1785236400000,0.07012,0.07014,0.06973,0.06996,130547500.0,2026-07-28 11:00:00
1785240000000,0.06996,0.07015,0.0699,0.07009,76766560.0,2026-07-28 12:00:00
1785243600000,0.07009,0.07016,0.06917,0.06954,304193310.0,2026-07-28 13:00:00
1785247200000,0.06953,0.07006,0.06931,0.06993,161949720.0,2026-07-28 14:00:00
1785250800000,0.06994,0.07102,0.06979,0.07076,276929040.0,2026-07-28 15:00:00
1785254400000,0.07076,0.07125,0.07062,0.07113,160781100.0,2026-07-28 16:00:00
1785258000000,0.07114,0.07137,0.07042,0.0706,213904090.0,2026-07-28 17:00:00
1785261600000,0.0706,0.07077,0.07047,0.0707,52398730.0,2026-07-28 18:00:00
1785265200000,0.0707,0.07084,0.07056,0.0707,49322570.0,2026-07-28 19:00:00
1785268800000,0.07071,0.07085,0.07058,0.0707,46517920.0,2026-07-28 20:00:00
1785272400000,0.0707,0.07112,0.07067,0.07094,56508020.0,2026-07-28 21:00:00
1785276000000,0.07095,0.07109,0.07029,0.07029,81655280.0,2026-07-28 22:00:00
1785279600000,0.07029,0.07087,0.06996,0.07084,109058220.0,2026-07-28 23:00:00
1785283200000,0.07084,0.07118,0.07066,0.07088,124282200.0,2026-07-29 00:00:00
1785286800000,0.07088,0.07102,0.07035,0.07037,61770330.0,2026-07-29 01:00:00
1785290400000,0.07036,0.07095,0.07023,0.07076,99019600.0,2026-07-29 02:00:00
1785294000000,0.07076,0.07086,0.07016,0.0702,99220070.0,2026-07-29 03:00:00
1785297600000,0.07021,0.07068,0.0699,0.07052,157721510.0,2026-07-29 04:00:00
1785301200000,0.07053,0.07072,0.07043,0.07058,75063200.0,2026-07-29 05:00:00
1785304800000,0.07059,0.07093,0.07041,0.07073,117740090.0,2026-07-29 06:00:00
1785308400000,0.07074,0.07101,0.0706,0.07096,80564900.0,2026-07-29 07:00:00
1785312000000,0.07096,0.07104,0.0704,0.07072,71827150.0,2026-07-29 08:00:00
1785315600000,0.07073,0.07098,0.07069,0.07088,54604190.0,2026-07-29 09:00:00
1785319200000,0.07088,0.07092,0.07043,0.07053,66338830.0,2026-07-29 10:00:00
1785322800000,0.07053,0.07069,0.07037,0.07056,55693520.0,2026-07-29 11:00:00
1785326400000,0.07056,0.07066,0.07032,0.07053,67008230.0,2026-07-29 12:00:00
1785330000000,0.07053,0.07071,0.07026,0.07065,104680080.0,2026-07-29 13:00:00
1785333600000,0.07065,0.07073,0.07007,0.07017,114419820.0,2026-07-29 14:00:00
1785337200000,0.07018,0.07042,0.06995,0.07015,102978740.0,2026-07-29 15:00:00
1785340800000,0.07014,0.07035,0.06997,0.0702,85748670.0,2026-07-29 16:00:00
1785344400000,0.07021,0.07062,0.07016,0.07058,73974960.0,2026-07-29 17:00:00
1785348000000,0.07058,0.07114,0.0702,0.07094,237193680.0,2026-07-29 18:00:00
1785351600000,0.07095,0.071,0.06962,0.06966,201710170.0,2026-07-29 19:00:00
1785355200000,0.06966,0.06982,0.06874,0.06931,363742940.0,2026-07-29 20:00:00
1785358800000,0.06931,0.06985,0.06903,0.06982,162886570.0,2026-07-29 21:00:00
1785362400000,0.06982,0.07021,0.06982,0.07001,72379860.0,2026-07-29 22:00:00
1785366000000,0.07002,0.0702,0.0699,0.07011,42934370.0,2026-07-29 23:00:00
1785369600000,0.07011,0.07044,0.06983,0.07009,93146700.0,2026-07-30 00:00:00
1785373200000,0.0701,0.07071,0.07009,0.07052,104511660.0,2026-07-30 01:00:00
1785376800000,0.07053,0.07065,0.07042,0.07043,59823200.0,2026-07-30 02:00:00
1785380400000,0.07042,0.07055,0.07018,0.07018,58266080.0,2026-07-30 03:00:00
1785384000000,0.07019,0.0702,0.06967,0.06974,129824800.0,2026-07-30 04:00:00
1785387600000,0.06974,0.07014,0.06959,0.07011,100254660.0,2026-07-30 05:00:00
1785391200000,0.07011,0.07013,0.06983,0.06988,69499450.0,2026-07-30 06:00:00
1785394800000,0.06987,0.07014,0.06972,0.06976,71799030.0,2026-07-30 07:00:00
1785398400000,0.06976,0.07019,0.06974,0.07006,79252160.0,2026-07-30 08:00:00
1785402000000,0.07005,0.07025,0.07003,0.07019,71365760.0,2026-07-30 09:00:00
1785405600000,0.07019,0.07033,0.06984,0.06995,102262370.0,2026-07-30 10:00:00
1785409200000,0.06995,0.07019,0.06981,0.07011,105278670.0,2026-07-30 11:00:00
1785412800000,0.07011,0.07032,0.07004,0.07018,114517380.0,2026-07-30 12:00:00
1785416400000,0.07019,0.0706,0.06989,0.07051,157522290.0,2026-07-30 13:00:00
1785420000000,0.07051,0.07069,0.07006,0.07049,145424200.0,2026-07-30 14:00:00
1785423600000,0.0705,0.07067,0.07019,0.07054,91172400.0,2026-07-30 15:00:00
1785427200000,0.07054,0.07068,0.07041,0.07061,63702750.0,2026-07-30 16:00:00
1785430800000,0.07061,0.07098,0.0704,0.07081,93441340.0,2026-07-30 17:00:00
1785434400000,0.07082,0.07092,0.07059,0.0707,48351920.0,2026-07-30 18:00:00
1785438000000,0.0707,0.07102,0.07066,0.07071,44847610.0,2026-07-30 19:00:00
1785441600000,0.07071,0.07089,0.07052,0.07055,60106670.0,2026-07-30 20:00:00
1785445200000,0.07055,0.07071,0.07039,0.07047,48621330.0,2026-07-30 21:00:00
1785448800000,0.07046,0.07086,0.07036,0.07063,51566600.0,2026-07-30 22:00:00
1785452400000,0.07064,0.07092,0.07048,0.07055,60038440.0,2026-07-30 23:00:00
1785456000000,0.07056,0.07072,0.07012,0.07041,113967550.0,2026-07-31 00:00:00
1785459600000,0.07042,0.07098,0.07013,0.07024,189765670.0,2026-07-31 01:00:00
1785463200000,0.07024,0.07033,0.06986,0.06998,149083330.0,2026-07-31 02:00:00
1785466800000,0.06997,0.07018,0.06975,0.07004,107821490.0,2026-07-31 03:00:00
1785470400000,0.07003,0.0701,0.06981,0.07009,73879830.0,2026-07-31 04:00:00
1785474000000,0.07009,0.07019,0.06996,0.0701,71086030.0,2026-07-31 05:00:00
1785477600000,0.07009,0.07029,0.06994,0.07008,70352610.0,2026-07-31 06:00:00
1785481200000,0.07007,0.07009,0.06954,0.07,180525890.0,2026-07-31 07:00:00
1785484800000,0.06999,0.07017,0.06982,0.06991,74953860.0,2026-07-31 08:00:00
1785488400000,0.06992,0.06993,0.06932,0.0694,142379340.0,2026-07-31 09:00:00
1785492000000,0.0694,0.06952,0.06904,0.06948,124104460.0,2026-07-31 10:00:00
1785495600000,0.06948,0.06962,0.06943,0.0696,42813380.0,2026-07-31 11:00:00
1785499200000,0.0696,0.0696,0.06931,0.0696,85795120.0,2026-07-31 12:00:00
1785502800000,0.06959,0.06968,0.06907,0.06926,154624030.0,2026-07-31 13:00:00
1785506400000,0.06926,0.06961,0.06842,0.0693,508921390.0,2026-07-31 14:00:00
1785510000000,0.0693,0.06945,0.06878,0.069,152991070.0,2026-07-31 15:00:00
1785513600000,0.069,0.06969,0.06895,0.06966,97247530.0,2026-07-31 16:00:00
1785517200000,0.06966,0.07027,0.06954,0.0701,126266920.0,2026-07-31 17:00:00
1785520800000,0.0701,0.07034,0.06984,0.07019,153129060.0,2026-07-31 18:00:00
1785524400000,0.07018,0.07035,0.06963,0.06975,85618860.0,2026-07-31 19:00:00
1785528000000,0.06975,0.06992,0.06944,0.0695,69809650.0,2026-07-31 20:00:00
1785531600000,0.06951,0.06985,0.06941,0.06962,53912240.0,2026-07-31 21:00:00
1785535200000,0.06961,0.0698,0.06951,0.06956,31281060.0,2026-07-31 22:00:00
1785538800000,0.06956,0.06969,0.06952,0.06956,24352110.0,2026-07-31 23:00:00
1785542400000,0.06957,0.06993,0.06956,0.06989,85469480.0,2026-08-01 00:00:00
1785546000000,0.06988,0.07015,0.06988,0.07009,71433060.0,2026-08-01 01:00:00
1785549600000,0.07009,0.07025,0.06995,0.07009,61424640.0,2026-08-01 02:00:00
1785553200000,0.07008,0.07015,0.07001,0.07008,29725390.0,2026-08-01 03:00:00
1785556800000,0.07009,0.07023,0.07005,0.07013,40809770.0,2026-08-01 04:00:00
1785560400000,0.07012,0.07017,0.06996,0.07009,57694350.0,2026-08-01 05:00:00
1785564000000,0.07009,0.07014,0.06994,0.07002,52092800.0,2026-08-01 06:00:00
1785567600000,0.07001,0.07028,0.06973,0.06985,134107050.0,2026-08-01 07:00:00
1785571200000,0.06984,0.06992,0.06977,0.06991,27629700.0,2026-08-01 08:00:00
1785574800000,0.06991,0.06993,0.06976,0.06978,32359130.0,2026-08-01 09:00:00
1785578400000,0.06978,0.06982,0.06957,0.0698,66833910.0,2026-08-01 10:00:00
1785582000000,0.06979,0.0699,0.06975,0.06983,33951470.0,2026-08-01 11:00:00
1785585600000,0.06983,0.06997,0.06974,0.06988,34673410.0,2026-08-01 12:00:00
1785589200000,0.06989,0.0701,0.06988,0.07003,45768670.0,2026-08-01 13:00:00
1785592800000,0.07002,0.07021,0.06996,0.0701,88734020.0,2026-08-01 14:00:00
1785596400000,0.07011,0.07014,0.06995,0.07008,37836670.0,2026-08-01 15:00:00
1785600000000,0.07009,0.07019,0.06988,0.06998,56012330.0,2026-08-01 16:00:00
1785603600000,0.06997,0.07007,0.06927,0.06948,165077190.0,2026-08-01 17:00:00
1785607200000,0.06949,0.06949,0.0676,0.06849,626930660.0,2026-08-01 18:00:00
1785610800000,0.06848,0.06864,0.06837,0.06847,114710030.0,2026-08-01 19:00:00
1785614400000,0.06847,0.06862,0.06835,0.0686,63696840.0,2026-08-01 20:00:00
1785618000000,0.0686,0.06928,0.06859,0.0691,116716110.0,2026-08-01 21:00:00
1785621600000,0.0691,0.06915,0.06896,0.06897,38986950.0,2026-08-01 22:00:00
1785625200000,0.06896,0.06944,0.06896,0.06909,87819520.0,2026-08-01 23:00:00
1785628800000,0.06909,0.06926,0.06908,0.06916,45613840.0,2026-08-02 00:00:00
1785632400000,0.06916,0.06964,0.06916,0.06961,99953760.0,2026-08-02 01:00:00
1785636000000,0.06961,0.07018,0.06956,0.06999,262158910.0,2026-08-02 02:00:00
1785639600000,0.06999,0.07008,0.06993,0.07001,56705410.0,2026-08-02 03:00:00
1785643200000,0.07002,0.07027,0.07001,0.07019,73298020.0,2026-08-02 04:00:00
1785646800000,0.0702,0.07056,0.07015,0.07048,135369910.0,2026-08-02 05:00:00
1785650400000,0.07048,0.07054,0.07021,0.07033,72009830.0,2026-08-02 06:00:00
1785654000000,0.07034,0.07039,0.07023,0.07038,43937810.0,2026-08-02 07:00:00
1785657600000,0.07038,0.0704,0.06994,0.06997,103377860.0,2026-08-02 08:00:00
1785661200000,0.06998,0.07021,0.06977,0.07015,84504280.0,2026-08-02 09:00:00
1785664800000,0.07015,0.07017,0.06986,0.07002,67106870.0,2026-08-02 10:00:00
1785668400000,0.07002,0.07011,0.06986,0.06994,57870430.0,2026-08-02 11:00:00
1785672000000,0.06994,0.07013,0.06992,0.06999,42347170.0,2026-08-02 12:00:00
1785675600000,0.06998,0.07019,0.06996,0.07009,56518410.0,2026-08-02 13:00:00
1785679200000,0.07009,0.07052,0.07001,0.07036,110160850.0,2026-08-02 14:00:00
1785682800000,0.07036,0.07048,0.07023,0.07027,73076110.0,2026-08-02 15:00:00
1785686400000,0.07027,0.07045,0.0701,0.07031,59398740.0,2026-08-02 16:00:00
1785690000000,0.07031,0.07063,0.07023,0.07053,68402600.0,2026-08-02 17:00:00
1785693600000,0.07053,0.0712,0.07049,0.07078,187220810.0,2026-08-02 18:00:00
1785697200000,0.07078,0.07083,0.07059,0.07074,38840690.0,2026-08-02 19:00:00
1785700800000,0.07073,0.07073,0.07044,0.07059,47302870.0,2026-08-02 20:00:00
1785704400000,0.07059,0.07095,0.07051,0.07075,65433250.0,2026-08-02 21:00:00
1785708000000,0.07076,0.07144,0.07066,0.07073,209192730.0,2026-08-02 22:00:00
1785711600000,0.07074,0.07076,0.07047,0.07076,50813270.0,2026-08-02 23:00:00
1785715200000,0.07077,0.07091,0.07014,0.07019,142056570.0,2026-08-03 00:00:00
1785718800000,0.0702,0.07023,0.06996,0.07004,83886020.0,2026-08-03 01:00:00
1785722400000,0.07003,0.0702,0.06991,0.07001,68665580.0,2026-08-03 02:00:00
1785726000000,0.07001,0.07005,0.0696,0.06976,93232810.0,2026-08-03 03:00:00
1785729600000,0.06976,0.06999,0.0697,0.06971,49506650.0,2026-08-03 04:00:00
1785733200000,0.06972,0.06992,0.06961,0.06982,84749470.0,2026-08-03 05:00:00
1785736800000,0.06982,0.06987,0.06928,0.0694,114085550.0,2026-08-03 06:00:00
1785740400000,0.06941,0.06942,0.06899,0.06925,228269750.0,2026-08-03 07:00:00
1785744000000,0.06924,0.06932,0.06894,0.0693,98641410.0,2026-08-03 08:00:00
1785747600000,0.0693,0.06976,0.06922,0.06969,141944390.0,2026-08-03 09:00:00
1785751200000,0.06968,0.06976,0.06935,0.06949,114846400.0,2026-08-03 10:00:00
1785754800000,0.06949,0.06954,0.06926,0.0693,54073910.0,2026-08-03 11:00:00
1785758400000,0.06929,0.0696,0.06919,0.0695,86637700.0,2026-08-03 12:00:00
1785762000000,0.06951,0.07042,0.06949,0.07032,201273210.0,2026-08-03 13:00:00
1785765600000,0.07032,0.0705,0.07003,0.07044,170156920.0,2026-08-03 14:00:00
1785769200000,0.07044,0.07056,0.07016,0.07043,138624050.0,2026-08-03 15:00:00
1785772800000,0.07043,0.07054,0.07008,0.07029,101773280.0,2026-08-03 16:00:00
1785776400000,0.0703,0.07058,0.07016,0.07028,80147160.0,2026-08-03 17:00:00
1785780000000,0.07028,0.07045,0.07023,0.07039,33773360.0,2026-08-03 18:00:00
1785783600000,0.0704,0.0705,0.07021,0.07024,36715510.0,2026-08-03 19:00:00
1785787200000,0.07024,0.07049,0.0702,0.07048,24010800.0,2026-08-03 20:00:00
1785790800000,0.07049,0.07052,0.07032,0.07044,32360270.0,2026-08-03 21:00:00
1785794400000,0.07044,0.07046,0.07008,0.07021,42819680.0,2026-08-03 22:00:00
1785798000000,0.07021,0.07027,0.07009,0.07018,23959790.0,2026-08-03 23:00:00
1785801600000,0.07017,0.07023,0.06985,0.06993,82409340.0,2026-08-04 00:00:00
1785805200000,0.06993,0.0705,0.06991,0.07045,80120270.0,2026-08-04 01:00:00
1785808800000,0.07046,0.07064,0.07017,0.0704,69748180.0,2026-08-04 02:00:00
1785812400000,0.07039,0.07045,0.07021,0.07025,26703380.0,2026-08-04 03:00:00
1785816000000,0.07025,0.07057,0.07015,0.07032,58617580.0,2026-08-04 04:00:00
1785819600000,0.07032,0.07035,0.07017,0.07027,34592090.0,2026-08-04 05:00:00
1785823200000,0.07028,0.07042,0.07006,0.07018,67222040.0,2026-08-04 06:00:00
1785826800000,0.07018,0.07039,0.06998,0.07026,50619000.0,2026-08-04 07:00:00
1785830400000,0.07026,0.0703,0.07005,0.07011,36914270.0,2026-08-04 08:00:00
1785834000000,0.07011,0.0702,0.07001,0.07015,24323030.0,2026-08-04 09:00:00
1785837600000,0.07016,0.07045,0.07002,0.07035,54122590.0,2026-08-04 10:00:00
1785841200000,0.07035,0.07069,0.07023,0.07055,73596650.0,2026-08-04 11:00:00
1785844800000,0.07056,0.07056,0.07034,0.07045,91312380.0,2026-08-04 12:00:00
1785848400000,0.07045,0.0705,0.0701,0.07013,112282470.0,2026-08-04 13:00:00
1785852000000,0.07014,0.07027,0.0697,0.07012,219896630.0,2026-08-04 14:00:00
1785855600000,0.07013,0.07037,0.06993,0.07019,140884280.0,2026-08-04 15:00:00
1785859200000,0.07019,0.07038,0.07,0.07032,93897580.0,2026-08-04 16:00:00
1785862800000,0.07032,0.07054,0.07013,0.07017,62103200.0,2026-08-04 17:00:00
1785866400000,0.07018,0.07062,0.07016,0.07037,70268330.0,2026-08-04 18:00:00
1785870000000,0.07038,0.07049,0.0703,0.07042,45003530.0,2026-08-04 19:00:00
1785873600000,0.07042,0.07052,0.07007,0.07034,70758600.0,2026-08-04 20:00:00
1785877200000,0.07035,0.07035,0.07014,0.07027,54540150.0,2026-08-04 21:00:00
1785880800000,0.07027,0.07038,0.07015,0.07037,20580590.0,2026-08-04 22:00:00
1785884400000,0.07037,0.07049,0.07002,0.07003,73352780.0,2026-08-04 23:00:00
1785888000000,0.07003,0.0701,0.06976,0.06981,104168870.0,2026-08-05 00:00:00
1785891600000,0.06981,0.07028,0.06967,0.07021,76672050.0,2026-08-05 01:00:00
1785895200000,0.0702,0.07039,0.07006,0.0702,66121310.0,2026-08-05 02:00:00
1785898800000,0.0702,0.07029,0.06952,0.06976,140110990.0,2026-08-05 03:00:00
1785902400000,0.06976,0.06993,0.06968,0.06981,36767960.0,2026-08-05 04:00:00
1785906000000,0.06981,0.07014,0.0698,0.06992,87722850.0,2026-08-05 05:00:00
1785909600000,0.06992,0.06992,0.06972,0.0698,62244300.0,2026-08-05 06:00:00
1785913200000,0.0698,0.06985,0.06958,0.06983,95573130.0,2026-08-05 07:00:00
1785916800000,0.06984,0.06995,0.06972,0.06987,66361850.0,2026-08-05 08:00:00
1785920400000,0.06987,0.06996,0.0698,0.0698,47365970.0,2026-08-05 09:00:00
1785924000000,0.0698,0.06991,0.0696,0.06966,68037590.0,2026-08-05 10:00:00
1785927600000,0.06966,0.06987,0.06965,0.0698,45245130.0,2026-08-05 11:00:00
1785931200000,0.0698,0.07023,0.06977,0.06992,148576310.0,2026-08-05 12:00:00
1785934800000,0.06992,0.07,0.06924,0.0698,265896240.0,2026-08-05 13:00:00
1785938400000,0.06979,0.07003,0.06969,0.06993,114499330.0,2026-08-05 14:00:00
1785942000000,0.06993,0.0701,0.06966,0.06968,100008230.0,2026-08-05 15:00:00
1785945600000,0.06967,0.07032,0.06966,0.07008,143615140.0,2026-08-05 16:00:00
1785949200000,0.07007,0.07039,0.06991,0.07024,121320650.0,2026-08-05 17:00:00
1785952800000,0.07024,0.07044,0.07004,0.07017,91450140.0,2026-08-05 18:00:00
1785956400000,0.07017,0.0704,0.07012,0.07019,61420230.0,2026-08-05 19:00:00
1785960000000,0.0702,0.07052,0.07006,0.0703,69389990.0,2026-08-05 20:00:00
1785963600000,0.07031,0.07032,0.06993,0.07004,74750080.0,2026-08-05 21:00:00
1785967200000,0.07005,0.07015,0.06996,0.06996,37477290.0,2026-08-05 22:00:00
1785970800000,0.06996,0.07007,0.06986,0.07002,46256990.0,2026-08-05 23:00:00
1785974400000,0.07002,0.07016,0.06998,0.07007,37057050.0,2026-08-06 00:00:00
1785978000000,0.07007,0.07007,0.06966,0.06967,80273830.0,2026-08-06 01:00:00
1785981600000,0.06967,0.06986,0.06951,0.06966,99844920.0,2026-08-06 02:00:00
1785985200000,0.06965,0.06968,0.06956,0.06961,48459690.0,2026-08-06 03:00:00
1785988800000,0.06962,0.06982,0.06942,0.0698,84320370.0,2026-08-06 04:00:00
1785992400000,0.0698,0.07013,0.06979,0.06997,88277200.0,2026-08-06 05:00:00
1785996000000,0.06997,0.06997,0.06969,0.0699,63113900.0,2026-08-06 06:00:00
1785999600000,0.06989,0.06997,0.06974,0.06978,37948460.0,2026-08-06 07:00:00
1786003200000,0.06977,0.07003,0.06963,0.06993,72182130.0,2026-08-06 08:00:00
1786006800000,0.06994,0.06994,0.06885,0.06903,424017260.0,2026-08-06 09:00:00
1786010400000,0.06902,0.0691,0.06876,0.06902,156854980.0,2026-08-06 10:00:00
1786014000000,0.06902,0.06924,0.06886,0.06914,63720190.0,2026-08-06 11:00:00
1786017600000,0.06913,0.06913,0.06875,0.06883,78664290.0,2026-08-06 12:00:00
1786021200000,0.06883,0.06888,0.0682,0.06876,329218380.0,2026-08-06 13:00:00
1786024800000,0.06876,0.06917,0.06867,0.06905,126240630.0,2026-08-06 14:00:00
1786028400000,0.06905,0.06923,0.06897,0.06897,103365320.0,2026-08-06 15:00:00
1786032000000,0.06897,0.06935,0.06892,0.06929,78847780.0,2026-08-06 16:00:00
1786035600000,0.06928,0.06935,0.06893,0.06906,64930970.0,2026-08-06 17:00:00
1786039200000,0.06906,0.06911,0.06858,0.06868,76342210.0,2026-08-06 18:00:00
1786042800000,0.06868,0.06882,0.06865,0.06871,35070740.0,2026-08-06 19:00:00
1786046400000,0.06871,0.06893,0.06871,0.06888,39895350.0,2026-08-06 20:00:00
1786050000000,0.06888,0.0691,0.06886,0.06907,90271220.0,2026-08-06 21:00:00
1786053600000,0.06907,0.0691,0.06885,0.06899,22928650.0,2026-08-06 22:00:00
1786057200000,0.06898,0.06905,0.06883,0.06905,31917840.0,2026-08-06 23:00:00
1786060800000,0.06906,0.06929,0.06896,0.06925,58716860.0,2026-08-07 00:00:00
1786064400000,0.06924,0.06944,0.06908,0.06925,56689210.0,2026-08-07 01:00:00
1786068000000,0.06924,0.06947,0.06902,0.06924,55918190.0,2026-08-07 02:00:00
1786071600000,0.06925,0.06939,0.06899,0.06901,57393310.0,2026-08-07 03:00:00
1786075200000,0.06902,0.06918,0.06886,0.06899,41766120.0,2026-08-07 04:00:00
1786078800000,0.06899,0.06923,0.06877,0.06916,66920200.0,2026-08-07 05:00:00
1786082400000,0.06915,0.06948,0.06897,0.06916,182104880.0,2026-08-07 06:00:00
1786086000000,0.06916,0.06931,0.0691,0.06924,57486590.0,2026-08-07 07:00:00
1786089600000,0.06925,0.06949,0.06924,0.06935,63499520.0,2026-08-07 08:00:00
1786093200000,0.06936,0.06957,0.06935,0.06953,72868620.0,2026-08-07 09:00:00
1786096800000,0.06954,0.0696,0.06937,0.06944,61267290.0,2026-08-07 10:00:00
1786100400000,0.06944,0.06973,0.06942,0.06956,76149670.0,2026-08-07 11:00:00
1786104000000,0.06957,0.07035,0.06954,0.07002,242389320.0,2026-08-07 12:00:00
1786107600000,0.07003,0.07019,0.0699,0.07,161725420.0,2026-08-07 13:00:00
1786111200000,0.06999,0.07014,0.06952,0.06968,188914210.0,2026-08-07 14:00:00
1786114800000,0.06969,0.06999,0.06962,0.06991,67623460.0,2026-08-07 15:00:00
1786118400000,0.06991,0.07011,0.0696,0.06961,84464140.0,2026-08-07 16:00:00
1786122000000,0.0696,0.06969,0.06933,0.06963,110899890.0,2026-08-07 17:00:00
1786125600000,0.06963,0.06978,0.06949,0.06962,37017330.0,2026-08-07 18:00:00
1786129200000,0.06962,0.06994,0.06962,0.06981,50780010.0,2026-08-07 19:00:00
1786132800000,0.06982,0.06986,0.06968,0.06972,23593720.0,2026-08-07 20:00:00
1786136400000,0.06972,0.0699,0.06956,0.06967,79087830.0,2026-08-07 21:00:00
1786140000000,0.06968,0.06977,0.06959,0.06961,14124380.0,2026-08-07 22:00:00
1786143600000,0.06962,0.06975,0.0696,0.0696,34704470.0,2026-08-07 23:00:00
1786147200000,0.06961,0.0699,0.06951,0.06971,80675300.0,2026-08-08 00:00:00
1786150800000,0.06971,0.07,0.06969,0.06991,42115310.0,2026-08-08 01:00:00
1786154400000,0.06991,0.06996,0.06982,0.06984,37996620.0,2026-08-08 02:00:00
1786158000000,0.06985,0.07037,0.06983,0.07028,118266780.0,2026-08-08 03:00:00
1786161600000,0.07028,0.07036,0.07001,0.07006,69063540.0,2026-08-08 04:00:00
1786165200000,0.07007,0.07027,0.07003,0.07017,68318720.0,2026-08-08 05:00:00
1786168800000,0.07017,0.07034,0.07016,0.07033,53519180.0,2026-08-08 06:00:00
1786172400000,0.07034,0.07035,0.07016,0.07021,25926190.0,2026-08-08 07:00:00
1786176000000,0.07022,0.07039,0.07011,0.07037,70826610.0,2026-08-08 08:00:00
1786179600000,0.07038,0.07059,0.07028,0.07034,108485160.0,2026-08-08 09:00:00
1786183200000,0.07034,0.0704,0.07025,0.07038,30471610.0,2026-08-08 10:00:00
1786186800000,0.07039,0.07047,0.07028,0.0704,33214600.0,2026-08-08 11:00:00
1786190400000,0.07041,0.07047,0.07034,0.07039,25379590.0,2026-08-08 12:00:00
1786194000000,0.0704,0.07059,0.07039,0.07048,58446870.0,2026-08-08 13:00:00
1786197600000,0.07048,0.07154,0.07042,0.07124,298275770.0,2026-08-08 14:00:00
1786201200000,0.07125,0.07134,0.07087,0.07112,118133450.0,2026-08-08 15:00:00
1786204800000,0.07112,0.07135,0.07103,0.07121,118536630.0,2026-08-08 16:00:00
1786208400000,0.07122,0.07138,0.07111,0.0712,58578060.0,2026-08-08 17:00:00
1786212000000,0.07121,0.0713,0.0708,0.0709,91921720.0,2026-08-08 18:00:00
1786215600000,0.07091,0.0711,0.07083,0.07094,58147860.0,2026-08-08 19:00:00
1786219200000,0.07094,0.07108,0.07093,0.071,21374150.0,2026-08-08 20:00:00
1786222800000,0.071,0.07106,0.07088,0.07093,25723080.0,2026-08-08 21:00:00
1786226400000,0.07093,0.07098,0.07044,0.07049,74422280.0,2026-08-08 22:00:00
1786230000000,0.07049,0.0705,0.07023,0.0704,89173280.0,2026-08-08 23:00:00
1786233600000,0.0704,0.07046,0.07024,0.07037,67680460.0,2026-08-09 00:00:00
1786237200000,0.07037,0.07048,0.06991,0.07,152845130.0,2026-08-09 01:00:00
1786240800000,0.06999,0.0701,0.06986,0.06998,75930340.0,2026-08-09 02:00:00
1786244400000,0.06998,0.07007,0.06982,0.06999,67124320.0,2026-08-09 03:00:00
1786248000000,0.06998,0.07012,0.06997,0.07002,40248960.0,2026-08-09 04:00:00
1786251600000,0.07002,0.07004,0.06985,0.07,52718320.0,2026-08-09 05:00:00
1786255200000,0.07,0.07023,0.0699,0.07017,57373550.0,2026-08-09 06:00:00
1786258800000,0.07016,0.07019,0.07003,0.07011,34153150.0,2026-08-09 07:00:00
1786262400000,0.07011,0.07029,0.0699,0.07008,86285990.0,2026-08-09 08:00:00
1786266000000,0.07008,0.07012,0.06996,0.07012,40643500.0,2026-08-09 09:00:00
1786269600000,0.07011,0.07023,0.07007,0.07016,37907550.0,2026-08-09 10:00:00
1786273200000,0.07016,0.07025,0.07013,0.07015,34544890.0,2026-08-09 11:00:00
1786276800000,0.07014,0.0702,0.07008,0.07012,17663620.0,2026-08-09 12:00:00
1786280400000,0.07012,0.07042,0.07011,0.07029,80883310.0,2026-08-09 13:00:00
1786284000000,0.07029,0.07053,0.07027,0.07047,48110040.0,2026-08-09 14:00:00
1786287600000,0.07046,0.07073,0.07044,0.07065,80013000.0,2026-08-09 15:00:00
1786291200000,0.07066,0.07076,0.07055,0.0707,70417390.0,2026-08-09 16:00:00
1786294800000,0.07069,0.07079,0.07048,0.0705,51679500.0,2026-08-09 17:00:00
1786298400000,0.07051,0.07059,0.07037,0.07049,59860150.0,2026-08-09 18:00:00
1786302000000,0.07049,0.0705,0.07037,0.07046,26353650.0,2026-08-09 19:00:00
1786305600000,0.07047,0.07048,0.07032,0.07047,18327860.0,2026-08-09 20:00:00
1786309200000,0.07047,0.07077,0.0704,0.07056,43924680.0,2026-08-09 21:00:00
1786312800000,0.07057,0.07098,0.06983,0.07002,179200260.0,2026-08-09 22:00:00
1786316400000,0.07002,0.07005,0.06918,0.06931,271377060.0,2026-08-09 23:00:00
1786320000000,0.0693,0.06978,0.06905,0.06959,198535230.0,2026-08-10 00:00:00
1786323600000,0.06959,0.07021,0.06951,0.06996,116703890.0,2026-08-10 01:00:00
1786327200000,0.06996,0.06999,0.06946,0.06988,87321280.0,2026-08-10 02:00:00
1786330800000,0.06988,0.07002,0.06951,0.06963,75215970.0,2026-08-10 03:00:00
1786334400000,0.06963,0.06985,0.0695,0.0697,39481600.0,2026-08-10 04:00:00
1786338000000,0.06969,0.07005,0.06968,0.06993,44249190.0,2026-08-10 05:00:00
1786341600000,0.06993,0.0701,0.06989,0.0701,49292230.0,2026-08-10 06:00:00
1786345200000,0.07009,0.07011,0.06996,0.06999,37823870.0,2026-08-10 07:00:00
1786348800000,0.06998,0.07012,0.06974,0.07003,115455340.0,2026-08-10 08:00:00
1786352400000,0.07003,0.0701,0.06982,0.06988,37230220.0,2026-08-10 09:00:00
1786356000000,0.06987,0.07003,0.06985,0.06991,36087200.0,2026-08-10 10:00:00
1786359600000,0.06991,0.07008,0.06984,0.07001,30604830.0,2026-08-10 11:00:00
1786363200000,0.07,0.07012,0.06977,0.06981,54819040.0,2026-08-10 12:00:00
1786366800000,0.06981,0.06993,0.06951,0.06974,114483260.0,2026-08-10 13:00:00
1786370400000,0.06974,0.07003,0.06972,0.06979,70045360.0,2026-08-10 14:00:00
1786374000000,0.06978,0.06984,0.06938,0.06964,193156470.0,2026-08-10 15:00:00
1786377600000,0.06963,0.0698,0.06945,0.06953,100524370.0,2026-08-10 16:00:00
1786381200000,0.06954,0.06981,0.06942,0.06963,62190220.0,2026-08-10 17:00:00
1786384800000,0.06962,0.06976,0.06948,0.06968,32451090.0,2026-08-10 18:00:00
1786388400000,0.06968,0.06993,0.06967,0.06985,40716910.0,2026-08-10 19:00:00
1786392000000,0.06985,0.06995,0.06979,0.06989,25100510.0,2026-08-10 20:00:00
1786395600000,0.06989,0.06993,0.06966,0.06967,33543660.0,2026-08-10 21:00:00
1786399200000,0.06966,0.06984,0.0695,0.06979,32988300.0,2026-08-10 22:00:00
1786402800000,0.06979,0.0699,0.06965,0.06968,35212560.0,2026-08-10 23:00:00
1786406400000,0.06967,0.06988,0.0696,0.06986,51268680.0,2026-08-11 00:00:00
1786410000000,0.06985,0.07007,0.06977,0.06999,55961740.0,2026-08-11 01:00:00
1786413600000,0.06998,0.07035,0.06997,0.07016,75325490.0,2026-08-11 02:00:00
1786417200000,0.07015,0.07023,0.07005,0.07007,66515000.0,2026-08-11 03:00:00
1786420800000,0.07008,0.07009,0.06992,0.06994,45031050.0,2026-08-11 04:00:00
1786424400000,0.06994,0.07017,0.06986,0.07003,36325850.0,2026-08-11 05:00:00
1786428000000,0.07004,0.07024,0.06994,0.07014,120270870.0,2026-08-11 06:00:00
1786431600000,0.07014,0.07022,0.06992,0.07008,89496160.0,2026-08-11 07:00:00
1786435200000,0.07009,0.07032,0.07007,0.0703,51728420.0,2026-08-11 08:00:00
1786438800000,0.07031,0.07063,0.07026,0.07054,145023170.0,2026-08-11 09:00:00
1786442400000,0.07055,0.07068,0.0703,0.07051,82962710.0,2026-08-11 10:00:00
1786446000000,0.07051,0.0707,0.07047,0.07056,60913350.0,2026-08-11 11:00:00
1786449600000,0.07056,0.07071,0.07044,0.0706,69918520.0,2026-08-11 12:00:00
1786453200000,0.0706,0.07093,0.07054,0.07085,139084730.0,2026-08-11 13:00:00
1786456800000,0.07086,0.0713,0.06988,0.07007,445054680.0,2026-08-11 14:00:00
1786460400000,0.07007,0.07062,0.06996,0.07057,278309780.0,2026-08-11 15:00:00
1786464000000,0.07056,0.07089,0.07036,0.07046,168358400.0,2026-08-11 16:00:00
1786467600000,0.07046,0.07126,0.07038,0.07094,169257040.0,2026-08-11 17:00:00
1786471200000,0.07095,0.07106,0.07053,0.07077,87953250.0,2026-08-11 18:00:00
1786474800000,0.07077,0.07102,0.07043,0.071,55496400.0,2026-08-11 19:00:00
1786478400000,0.071,0.07225,0.071,0.07167,323308450.0,2026-08-11 20:00:00
1786482000000,0.07167,0.07257,0.0716,0.0724,185929070.0,2026-08-11 21:00:00
1786485600000,0.07239,0.07314,0.07213,0.07231,281647060.0,2026-08-11 22:00:00
1786489200000,0.07231,0.07231,0.07181,0.07186,103668200.0,2026-08-11 23:00:00
1786492800000,0.07186,0.07232,0.0718,0.07229,119651460.0,2026-08-12 00:00:00
1786496400000,0.0723,0.07248,0.07213,0.07224,113051460.0,2026-08-12 01:00:00
1786500000000,0.07224,0.07243,0.07183,0.07183,132910540.0,2026-08-12 02:00:00
1786503600000,0.07184,0.07242,0.07184,0.07219,102638890.0,2026-08-12 03:00:00
1786507200000,0.07219,0.07229,0.07198,0.07207,53140400.0,2026-08-12 04:00:00
1786510800000,0.07206,0.0722,0.07188,0.07206,46991190.0,2026-08-12 05:00:00
1786514400000,0.07205,0.07205,0.07134,0.07153,141771660.0,2026-08-12 06:00:00
1786518000000,0.07153,0.0717,0.07147,0.07165,45702460.0,2026-08-12 07:00:00
1786521600000,0.07166,0.07171,0.07146,0.07149,64030060.0,2026-08-12 08:00:00
1786525200000,0.07149,0.07201,0.07146,0.07198,79936370.0,2026-08-12 09:00:00
1786528800000,0.07198,0.07215,0.07182,0.07186,51311340.0,2026-08-12 10:00:00
1786532400000,0.07185,0.072,0.07182,0.07195,34407740.0,2026-08-12 11:00:00
1786536000000,0.07195,0.0722,0.07132,0.07163,236707890.0,2026-08-12 12:00:00
1786539600000,0.07164,0.07167,0.07046,0.07056,441724480.0,2026-08-12 13:00:00
1786543200000,0.07056,0.07073,0.07022,0.07044,322963210.0,2026-08-12 14:00:00
1786546800000,0.07043,0.07093,0.0704,0.07079,121445650.0,2026-08-12 15:00:00
1786550400000,0.07079,0.07094,0.07068,0.07083,69341110.0,2026-08-12 16:00:00
1786554000000,0.07083,0.07085,0.0706,0.07078,40217000.0,2026-08-12 17:00:00
1786557600000,0.07077,0.07082,0.07063,0.07065,30785440.0,2026-08-12 18:00:00
1786561200000,0.07065,0.07068,0.07045,0.07056,54856170.0,2026-08-12 19:00:00
1786564800000,0.07056,0.07068,0.07037,0.0706,38145490.0,2026-08-12 20:00:00
1786568400000,0.0706,0.07065,0.06895,0.06932,466438500.0,2026-08-12 21:00:00
1786572000000,0.06932,0.06945,0.06883,0.06942,293325070.0,2026-08-12 22:00:00
1786575600000,0.06942,0.06968,0.06931,0.06966,76699170.0,2026-08-12 23:00:00
1786579200000,0.06965,0.06996,0.0696,0.06983,99679530.0,2026-08-13 00:00:00
1786582800000,0.06982,0.07,0.06973,0.06982,51881910.0,2026-08-13 01:00:00
1786586400000,0.06982,0.07028,0.0698,0.07025,69345250.0,2026-08-13 02:00:00
1786590000000,0.07025,0.07039,0.07007,0.07013,83603440.0,2026-08-13 03:00:00
1786593600000,0.07014,0.07038,0.07005,0.07023,51095850.0,2026-08-13 04:00:00
1786597200000,0.07023,0.07065,0.07019,0.07058,111788100.0,2026-08-13 05:00:00
1786600800000,0.07058,0.07066,0.07036,0.07064,105151850.0,2026-08-13 06:00:00
1786604400000,0.07064,0.07081,0.07052,0.07054,73495350.0,2026-08-13 07:00:00
1786608000000,0.07054,0.07064,0.07038,0.07046,68126230.0,2026-08-13 08:00:00
1786611600000,0.07046,0.0705,0.07024,0.07049,55468300.0,2026-08-13 09:00:00
1786615200000,0.07049,0.07052,0.06987,0.07013,141535220.0,2026-08-13 10:00:00
1786618800000,0.07012,0.07018,0.06991,0.07004,59569590.0,2026-08-13 11:00:00
1786622400000,0.07004,0.07036,0.07001,0.07023,74753000.0,2026-08-13 12:00:00
1786626000000,0.07023,0.07036,0.06998,0.07018,103670570.0,2026-08-13 13:00:00
1786629600000,0.07018,0.07035,0.07001,0.07013,86603780.0,2026-08-13 14:00:00
1786633200000,0.07013,0.07023,0.06967,0.06969,167103880.0,2026-08-13 15:00:00
1786636800000,0.06969,0.06999,0.06945,0.06977,164984790.0,2026-08-13 16:00:00
1786640400000,0.06977,0.06997,0.06973,0.06987,53313010.0,2026-08-13 17:00:00
1786644000000,0.06986,0.07008,0.06976,0.07002,40639360.0,2026-08-13 18:00:00
1786647600000,0.07001,0.07031,0.07001,0.07028,51689250.0,2026-08-13 19:00:00
1786651200000,0.07028,0.07035,0.07013,0.07015,17841370.0,2026-08-13 20:00:00
1786654800000,0.07015,0.07022,0.07009,0.07016,19603150.0,2026-08-13 21:00:00
1786658400000,0.07015,0.07032,0.07009,0.07011,22531040.0,2026-08-13 22:00:00
1786662000000,0.07012,0.07015,0.06996,0.07014,25768820.0,2026-08-13 23:00:00
1786665600000,0.07014,0.07028,0.07007,0.07024,31866450.0,2026-08-14 00:00:00
1786669200000,0.07024,0.07026,0.07011,0.07019,41176640.0,2026-08-14 01:00:00
1786672800000,0.07019,0.07034,0.07007,0.07008,38318060.0,2026-08-14 02:00:00
1786676400000,0.07008,0.0701,0.06988,0.06994,54332640.0,2026-08-14 03:00:00
1786680000000,0.06993,0.07011,0.0699,0.0699,25858370.0,2026-08-14 04:00:00
1786683600000,0.06991,0.07,0.06986,0.06996,14942620.0,2026-08-14 05:00:00
1786687200000,0.06995,0.06996,0.06961,0.06963,78062030.0,2026-08-14 06:00:00
1786690800000,0.06963,0.06979,0.06957,0.06965,43559420.0,2026-08-14 07:00:00
1786694400000,0.06965,0.06997,0.06953,0.06994,84119100.0,2026-08-14 08:00:00
1786698000000,0.06993,0.06994,0.06935,0.06945,114919680.0,2026-08-14 09:00:00
1786701600000,0.06945,0.06965,0.06927,0.06935,67207610.0,2026-08-14 10:00:00
1786705200000,0.06935,0.06952,0.06935,0.06943,45496570.0,2026-08-14 11:00:00
1786708800000,0.06942,0.06956,0.06918,0.06926,74111840.0,2026-08-14 12:00:00
1786712400000,0.06926,0.06948,0.06923,0.06942,64341160.0,2026-08-14 13:00:00
1786716000000,0.06942,0.06959,0.06932,0.06947,87507290.0,2026-08-14 14:00:00
1786719600000,0.06946,0.06996,0.06944,0.06985,92853620.0,2026-08-14 15:00:00
1786723200000,0.06985,0.07003,0.06981,0.06987,49542240.0,2026-08-14 16:00:00
1786726800000,0.06987,0.0701,0.06981,0.06987,46736130.0,2026-08-14 17:00:00
1786730400000,0.06986,0.06988,0.06967,0.06973,46725400.0,2026-08-14 18:00:00
1786734000000,0.06973,0.06985,0.06955,0.06982,36330760.0,2026-08-14 19:00:00
1786737600000,0.06982,0.06988,0.0697,0.06978,19380660.0,2026-08-14 20:00:00
1786741200000,0.06977,0.06982,0.06965,0.0698,25093610.0,2026-08-14 21:00:00
1786744800000,0.0698,0.06988,0.06963,0.0698,20147630.0,2026-08-14 22:00:00
1786748400000,0.0698,0.0701,0.06978,0.07004,35618250.0,2026-08-14 23:00:00
1786752000000,0.07003,0.0701,0.06997,0.07008,39829900.0,2026-08-15 00:00:00
1786755600000,0.07009,0.07011,0.06995,0.07006,37783260.0,2026-08-15 01:00:00
1786759200000,0.07006,0.07035,0.07001,0.07031,87399770.0,2026-08-15 02:00:00
1786762800000,0.0703,0.07051,0.07023,0.07028,73437730.0,2026-08-15 03:00:00
1786766400000,0.07028,0.07042,0.07021,0.07029,35003990.0,2026-08-15 04:00:00
1786770000000,0.0703,0.07038,0.06999,0.0701,72198730.0,2026-08-15 05:00:00
1786773600000,0.0701,0.07018,0.06999,0.07015,35770020.0,2026-08-15 06:00:00
1786777200000,0.07014,0.07016,0.07,0.07003,25054140.0,2026-08-15 07:00:00
1786780800000,0.07004,0.07008,0.06991,0.06991,34564780.0,2026-08-15 08:00:00
1786784400000,0.06992,0.0701,0.06985,0.07007,33321790.0,2026-08-15 09:00:00
1786788000000,0.07006,0.07007,0.06994,0.07003,18632910.0,2026-08-15 10:00:00
1786791600000,0.07003,0.07007,0.06997,0.07001,39588120.0,2026-08-15 11:00:00
1786795200000,0.07001,0.07006,0.06989,0.07006,23611340.0,2026-08-15 12:00:00
1786798800000,0.07005,0.07011,0.07002,0.07007,30509920.0,2026-08-15 13:00:00
1786802400000,0.07006,0.07009,0.0699,0.07005,33113610.0,2026-08-15 14:00:00
1786806000000,0.07005,0.07009,0.06995,0.07004,25626510.0,2026-08-15 15:00:00
1786809600000,0.07005,0.07006,0.06995,0.07001,17733670.0,2026-08-15 16:00:00
1786813200000,0.07001,0.07005,0.06988,0.06989,22344170.0,2026-08-15 17:00:00
1786816800000,0.06989,0.06996,0.06974,0.06977,45744920.0,2026-08-15 18:00:00
1786820400000,0.06977,0.06994,0.06971,0.06991,20563680.0,2026-08-15 19:00:00
1786824000000,0.06992,0.06995,0.06982,0.06988,41582830.0,2026-08-15 20:00:00
1786827600000,0.06987,0.07006,0.06985,0.06992,29384850.0,2026-08-15 21:00:00
1786831200000,0.06992,0.06997,0.0698,0.0698,21819060.0,2026-08-15 22:00:00
1786834800000,0.0698,0.06985,0.06945,0.06957,109751780.0,2026-08-15 23:00:00
1786838400000,0.06956,0.06967,0.06946,0.06966,45143100.0,2026-08-16 00:00:00
1786842000000,0.06965,0.06965,0.06948,0.06961,31086660.0,2026-08-16 01:00:00
1786845600000,0.0696,0.0699,0.06956,0.06978,58898700.0,2026-08-16 02:00:00
1786849200000,0.06977,0.06986,0.06976,0.06979,14409960.0,2026-08-16 03:00:00
1786852800000,0.06979,0.06988,0.06973,0.06976,18835120.0,2026-08-16 04:00:00
1786856400000,0.06976,0.06978,0.06961,0.06963,24831190.0,2026-08-16 05:00:00
1786860000000,0.06963,0.06978,0.06954,0.06968,45074260.0,2026-08-16 06:00:00
1786863600000,0.06968,0.06987,0.06966,0.06986,18996600.0,2026-08-16 07:00:00
1786867200000,0.06985,0.0699,0.0698,0.06982,20789960.0,2026-08-16 08:00:00
1786870800000,0.06983,0.06986,0.06962,0.06975,55304480.0,2026-08-16 09:00:00
1786874400000,0.06975,0.06977,0.06968,0.06974,18197640.0,2026-08-16 10:00:00
1786878000000,0.06974,0.06984,0.06974,0.06981,16778700.0,2026-08-16 11:00:00
1786881600000,0.06981,0.0699,0.06973,0.0699,14149140.0,2026-08-16 12:00:00
1786885200000,0.06989,0.06997,0.06986,0.06989,28318120.0,2026-08-16 13:00:00
1786888800000,0.06989,0.07004,0.06986,0.07004,24702460.0,2026-08-16 14:00:00
1786892400000,0.07003,0.07006,0.06996,0.07004,33410740.0,2026-08-16 15:00:00
1786896000000,0.07004,0.07016,0.06992,0.07003,74919660.0,2026-08-16 16:00:00
1786899600000,0.07003,0.07007,0.06992,0.06997,21305550.0,2026-08-16 17:00:00
1786903200000,0.06998,0.07,0.06985,0.06995,19911110.0,2026-08-16 18:00:00
1786906800000,0.06996,0.07003,0.06986,0.06987,30765560.0,2026-08-16 19:00:00
1786910400000,0.06988,0.07,0.06974,0.06981,49934240.0,2026-08-16 20:00:00
1786914000000,0.0698,0.06986,0.06904,0.06934,168113510.0,2026-08-16 21:00:00
1786917600000,0.06935,0.0696,0.06922,0.06954,81225330.0,2026-08-16 22:00:00
1786921200000,0.06953,0.06966,0.06948,0.06955,33057540.0,2026-08-16 23:00:00
1786924800000,0.06954,0.06978,0.06942,0.06972,77776760.0,2026-08-17 00:00:00
1786928400000,0.06972,0.07024,0.0697,0.06995,119189620.0,2026-08-17 01:00:00
1786932000000,0.06995,0.07029,0.06987,0.07014,85441210.0,2026-08-17 02:00:00
1786935600000,0.07015,0.07022,0.07002,0.07016,53955410.0,2026-08-17 03:00:00
1786939200000,0.07017,0.07025,0.07012,0.0702,42760700.0,2026-08-17 04:00:00
1786942800000,0.0702,0.07023,0.07008,0.07012,29942380.0,2026-08-17 05:00:00
1786946400000,0.07011,0.07045,0.07009,0.07044,119338090.0,2026-08-17 06:00:00
1786950000000,0.07044,0.07047,0.07023,0.07029,62984310.0,2026-08-17 07:00:00
1786953600000,0.07028,0.07033,0.06998,0.07006,93431000.0,2026-08-17 08:00:00
1786957200000,0.07005,0.07026,0.07003,0.07023,37857140.0,2026-08-17 09:00:00
1786960800000,0.07023,0.07039,0.07013,0.07039,47535160.0,2026-08-17 10:00:00
1786964400000,0.07038,0.07039,0.07012,0.07013,46153550.0,2026-08-17 11:00:00
1786968000000,0.07014,0.07019,0.06997,0.07002,65321170.0,2026-08-17 12:00:00
1786971600000,0.07003,0.07028,0.06998,0.0702,82141990.0,2026-08-17 13:00:00
1786975200000,0.07019,0.07037,0.07005,0.07033,67342130.0,2026-08-17 14:00:00
1786978800000,0.07034,0.07056,0.07022,0.07048,93634900.0,2026-08-17 15:00:00
1786982400000,0.07047,0.07049,0.07027,0.07033,53276710.0,2026-08-17 16:00:00
1786986000000,0.07033,0.07051,0.07024,0.07033,44982190.0,2026-08-17 17:00:00
1786989600000,0.07033,0.07048,0.07029,0.07031,27966310.0,2026-08-17 18:00:00
1786993200000,0.07031,0.07034,0.07021,0.07027,25640120.0,2026-08-17 19:00:00
1786996800000,0.07027,0.07049,0.07008,0.07029,92922320.0,2026-08-17 20:00:00
1787000400000,0.07029,0.07043,0.07028,0.07038,37818630.0,2026-08-17 21:00:00
1787004000000,0.07038,0.07045,0.07016,0.07016,22355310.0,2026-08-17 22:00:00
1787007600000,0.07017,0.07045,0.07015,0.07037,31652980.0,2026-08-17 23:00:00
1787011200000,0.07037,0.0704,0.07018,0.07031,63868620.0,2026-08-18 00:00:00
1787014800000,0.07031,0.07034,0.06991,0.06999,75302200.0,2026-08-18 01:00:00
1787018400000,0.06998,0.07008,0.06957,0.06968,154924090.0,2026-08-18 02:00:00
1787022000000,0.06968,0.06987,0.06964,0.0698,88900860.0,2026-08-18 03:00:00
1787025600000,0.0698,0.06996,0.06967,0.06989,47121460.0,2026-08-18 04:00:00
1787029200000,0.0699,0.06996,0.06956,0.06977,99558360.0,2026-08-18 05:00:00
1787032800000,0.06976,0.07007,0.06969,0.06991,62008120.0,2026-08-18 06:00:00
1787036400000,0.06992,0.06998,0.06973,0.06983,84383920.0,2026-08-18 07:00:00
1787040000000,0.06984,0.06991,0.06964,0.06982,94841150.0,2026-08-18 08:00:00
1787043600000,0.06982,0.06989,0.06978,0.06985,62302160.0,2026-08-18 09:00:00
1787047200000,0.06985,0.06991,0.06982,0.06987,19707040.0,2026-08-18 10:00:00
1787050800000,0.06987,0.07,0.06986,0.06994,46018500.0,2026-08-18 11:00:00
1787054400000,0.06993,0.06996,0.0698,0.06981,34740700.0,2026-08-18 12:00:00
1787058000000,0.0698,0.06989,0.06971,0.06978,59289460.0,2026-08-18 13:00:00
1787061600000,0.06978,0.07036,0.06972,0.07003,194376510.0,2026-08-18 14:00:00
1787065200000,0.07003,0.0703,0.06997,0.07028,62319300.0,2026-08-18 15:00:00
1787068800000,0.07029,0.07043,0.07016,0.07033,81521450.0,2026-08-18 16:00:00
1787072400000,0.07034,0.07037,0.07022,0.07024,29517750.0,2026-08-18 17:00:00
1787076000000,0.07024,0.07051,0.07023,0.07044,51118580.0,2026-08-18 18:00:00
1787079600000,0.07044,0.07052,0.07032,0.07032,60277610.0,2026-08-18 19:00:00
1787083200000,0.07033,0.07037,0.07006,0.0702,85236350.0,2026-08-18 20:00:00
1787086800000,0.07019,0.07027,0.07009,0.07012,36097200.0,2026-08-18 21:00:00
1787090400000,0.07012,0.07023,0.06992,0.07004,111987060.0,2026-08-18 22:00:00
1787094000000,0.07003,0.07027,0.07002,0.07022,39869320.0,2026-08-18 23:00:00
1787097600000,0.07022,0.07024,0.06994,0.06995,55549390.0,2026-08-19 00:00:00
1787101200000,0.06995,0.07009,0.06986,0.06994,71765890.0,2026-08-19 01:00:00
1787104800000,0.06994,0.06998,0.06981,0.06991,56052240.0,2026-08-19 02:00:00
1787108400000,0.06992,0.0701,0.06987,0.07006,43255160.0,2026-08-19 03:00:00
1787112000000,0.07007,0.07007,0.06989,0.06991,45499480.0,2026-08-19 04:00:00
1787115600000,0.06991,0.07008,0.0699,0.06991,50182980.0,2026-08-19 05:00:00
1787119200000,0.06991,0.07019,0.06983,0.07007,100596030.0,2026-08-19 06:00:00
1787122800000,0.07007,0.07009,0.0699,0.06991,53055260.0,2026-08-19 07:00:00
1787126400000,0.0699,0.07025,0.06985,0.0701,127102920.0,2026-08-19 08:00:00
1787130000000,0.07011,0.07019,0.07,0.07002,39061720.0,2026-08-19 09:00:00
1787133600000,0.07003,0.07005,0.06997,0.07004,28511090.0,2026-08-19 10:00:00
1787137200000,0.07005,0.07021,0.07004,0.0702,34248370.0,2026-08-19 11:00:00
1787140800000,0.0702,0.07076,0.07017,0.0706,168051070.0,2026-08-19 12:00:00
1787144400000,0.0706,0.07069,0.07039,0.07052,155187820.0,2026-08-19 13:00:00
1787148000000,0.07052,0.0714,0.07023,0.07124,248519110.0,2026-08-19 14:00:00
1787151600000,0.07125,0.07412,0.07117,0.07248,1109137660.0,2026-08-19 15:00:00
1787155200000,0.07247,0.07322,0.07241,0.07269,277461020.0,2026-08-19 16:00:00
1787158800000,0.07269,0.07274,0.07187,0.07228,235678000.0,2026-08-19 17:00:00
1787162400000,0.07229,0.07283,0.07215,0.07272,138919450.0,2026-08-19 18:00:00
1787166000000,0.07272,0.0731,0.07243,0.07308,93591680.0,2026-08-19 19:00:00
1787169600000,0.07308,0.07454,0.0728,0.07416,409617130.0,2026-08-19 20:00:00
1787173200000,0.07417,0.07641,0.07411,0.07606,581439020.0,2026-08-19 21:00:00
1787176800000,0.07606,0.07621,0.07424,0.07481,510389170.0,2026-08-19 22:00:00
1787180400000,0.0748,0.07526,0.07454,0.07502,166830850.0,2026-08-19 23:00:00
1787184000000,0.07502,0.07567,0.0749,0.07528,284076170.0,2026-08-20 00:00:00
1787187600000,0.07528,0.07556,0.07464,0.07542,139420980.0,2026-08-20 01:00:00
1787191200000,0.07543,0.07607,0.0753,0.07543,203927910.0,2026-08-20 02:00:00
1787194800000,0.07543,0.07544,0.07472,0.07476,122736820.0,2026-08-20 03:00:00
1787198400000,0.07477,0.07493,0.07442,0.07481,129043060.0,2026-08-20 04:00:00
1787202000000,0.07481,0.07487,0.07456,0.07467,130458230.0,2026-08-20 05:00:00
1787205600000,0.07468,0.07537,0.07444,0.07527,172624310.0,2026-08-20 06:00:00
1787209200000,0.07527,0.07541,0.07498,0.07529,103201050.0,2026-08-20 07:00:00
1787212800000,0.07528,0.07712,0.07523,0.07681,503171180.0,2026-08-20 08:00:00
1787216400000,0.07681,0.07732,0.07635,0.07666,265954660.0,2026-08-20 09:00:00
1787220000000,0.07666,0.07783,0.07649,0.07716,182283240.0,2026-08-20 10:00:00
1787223600000,0.07716,0.07788,0.07686,0.07713,199815600.0,2026-08-20 11:00:00
1787227200000,0.07714,0.07752,0.07651,0.07741,248207980.0,2026-08-20 12:00:00
1787230800000,0.07741,0.07791,0.0768,0.07744,277970030.0,2026-08-20 13:00:00
1787234400000,0.07745,0.07853,0.07735,0.07843,397343020.0,2026-08-20 14:00:00
1787238000000,0.07843,0.08063,0.0783,0.08019,661260090.0,2026-08-20 15:00:00
1787241600000,0.08019,0.08325,0.07964,0.08318,659879630.0,2026-08-20 16:00:00
1787245200000,0.08318,0.08351,0.08245,0.08277,453766320.0,2026-08-20 17:00:00
1787248800000,0.08278,0.08315,0.07958,0.07962,524422560.0,2026-08-20 18:00:00
1787252400000,0.07962,0.08037,0.07936,0.07965,259463500.0,2026-08-20 19:00:00
1787256000000,0.07966,0.08014,0.0796,0.08006,96651930.0,2026-08-20 20:00:00
1787259600000,0.08005,0.08063,0.08003,0.08017,94566260.0,2026-08-20 21:00:00
1787263200000,0.08016,0.08027,0.07904,0.07933,234619650.0,2026-08-20 22:00:00
1787266800000,0.07934,0.08067,0.07933,0.08043,151689470.0,2026-08-20 23:00:00
1787270400000,0.08043,0.08162,0.08025,0.08125,274248020.0,2026-08-21 00:00:00
1787274000000,0.08124,0.083,0.08114,0.0825,311208420.0,2026-08-21 01:00:00
1787277600000,0.08249,0.08275,0.08137,0.0814,251654990.0,2026-08-21 02:00:00
1787281200000,0.08141,0.08235,0.08118,0.08175,177873240.0,2026-08-21 03:00:00
1787284800000,0.08175,0.08244,0.08174,0.0823,177037060.0,2026-08-21 04:00:00
1787288400000,0.08229,0.08278,0.08203,0.08268,176452630.0,2026-08-21 05:00:00
1787292000000,0.08267,0.08412,0.08258,0.0832,467902840.0,2026-08-21 06:00:00
1787295600000,0.08321,0.08452,0.08315,0.08347,365519550.0,2026-08-21 07:00:00
1787299200000,0.08347,0.08575,0.08337,0.08563,354003930.0,2026-08-21 08:00:00
1787302800000,0.08563,0.08571,0.08258,0.08449,719052500.0,2026-08-21 09:00:00
1787306400000,0.08448,0.08475,0.0835,0.08451,251189870.0,2026-08-21 10:00:00
1787310000000,0.08451,0.08469,0.08255,0.08303,311941320.0,2026-08-21 11:00:00
1787313600000,0.08303,0.0843,0.08267,0.08396,200317690.0,2026-08-21 12:00:00
1787317200000,0.08397,0.08437,0.08267,0.08401,264839100.0,2026-08-21 13:00:00
1787320800000,0.084,0.08434,0.08291,0.08425,232836520.0,2026-08-21 14:00:00
1787324400000,0.08424,0.08479,0.08359,0.0838,346390320.0,2026-08-21 15:00:00
1787328000000,0.08381,0.08482,0.08334,0.08466,209691090.0,2026-08-21 16:00:00
1787331600000,0.08467,0.0852,0.08385,0.08437,199847260.0,2026-08-21 17:00:00
1787335200000,0.08437,0.08534,0.08365,0.08428,207769300.0,2026-08-21 18:00:00
1787338800000,0.08428,0.08513,0.08355,0.0849,152519430.0,2026-08-21 19:00:00
1787342400000,0.0849,0.08738,0.08467,0.08734,449766840.0,2026-08-21 20:00:00
1787346000000,0.08734,0.09184,0.087,0.09171,695764700.0,2026-08-21 21:00:00
1787349600000,0.09171,0.09472,0.09131,0.09414,1013205380.0,2026-08-21 22:00:00
1787353200000,0.09414,0.09437,0.09104,0.09155,601431990.0,2026-08-21 23:00:00
1787356800000,0.09156,0.09197,0.09014,0.09176,459879080.0,2026-08-22 00:00:00
1787360400000,0.09177,0.09241,0.09095,0.09144,271090500.0,2026-08-22 01:00:00
1787364000000,0.09145,0.09391,0.09134,0.09375,324090600.0,2026-08-22 02:00:00
1787367600000,0.09374,0.09725,0.09339,0.09566,813382000.0,2026-08-22 03:00:00
1787371200000,0.09566,0.10089,0.09485,0.09851,1113279670.0,2026-08-22 04:00:00
1787374800000,0.0985,0.09963,0.0815,0.09181,3250883010.0,2026-08-22 05:00:00
1787378400000,0.09181,0.09376,0.0907,0.09267,556209900.0,2026-08-22 06:00:00
1787382000000,0.09267,0.09394,0.09147,0.09305,403101320.0,2026-08-22 07:00:00
1787385600000,0.09306,0.09349,0.09043,0.09148,449154680.0,2026-08-22 08:00:00
1787389200000,0.09149,0.0924,0.09004,0.09077,389390620.0,2026-08-22 09:00:00
1787392800000,0.09076,0.09087,0.08766,0.08966,712788190.0,2026-08-22 10:00:00
1787396400000,0.08966,0.09035,0.08902,0.0899,157131150.0,2026-08-22 11:00:00
1787400000000,0.08989,0.09215,0.08947,0.09148,226591780.0,2026-08-22 12:00:00
1787403600000,0.09148,0.09196,0.09071,0.09122,199042180.0,2026-08-22 13:00:00
1787407200000,0.09123,0.09139,0.08981,0.0902,285230890.0,2026-08-22 14:00:00
1787410800000,0.0902,0.09068,0.08951,0.09029,181869420.0,2026-08-22 15:00:00
1787414400000,0.0903,0.09227,0.08976,0.09166,256098910.0,2026-08-22 16:00:00
1787418000000,0.09166,0.09358,0.09124,0.09318,284704690.0,2026-08-22 17:00:00
1787421600000,0.09318,0.09396,0.09221,0.09287,192851310.0,2026-08-22 18:00:00
1787425200000,0.09288,0.09379,0.09213,0.09347,128179730.0,2026-08-22 19:00:00
1787428800000,0.09348,0.09537,0.09334,0.0942,268252660.0,2026-08-22 20:00:00
1787432400000,0.09419,0.09429,0.09125,0.09161,249101550.0,2026-08-22 21:00:00
1787436000000,0.09161,0.09255,0.09109,0.0919,189928860.0,2026-08-22 22:00:00
1787439600000,0.09191,0.09213,0.09109,0.09184,123537530.0,2026-08-22 23:00:00
1787443200000,0.09184,0.09432,0.0918,0.09391,213357260.0,2026-08-23 00:00:00
1787446800000,0.09391,0.09404,0.09283,0.09293,148804600.0,2026-08-23 01:00:00
1787450400000,0.09293,0.0931,0.09126,0.09182,215048500.0,2026-08-23 02:00:00
1787454000000,0.09183,0.09214,0.09052,0.09107,233361300.0,2026-08-23 03:00:00
1787457600000,0.09106,0.09176,0.08914,0.08945,454478320.0,2026-08-23 04:00:00
1787461200000,0.08945,0.09076,0.08866,0.08947,428451090.0,2026-08-23 05:00:00
1787464800000,0.08947,0.09059,0.08895,0.08979,245944820.0,2026-08-23 06:00:00
1787468400000,0.08979,0.09073,0.08964,0.0903,153089400.0,2026-08-23 07:00:00
1787472000000,0.0903,0.09154,0.09017,0.09093,200336450.0,2026-08-23 08:00:00
1787475600000,0.09094,0.09139,0.09041,0.09108,132577620.0,2026-08-23 09:00:00
1787479200000,0.09107,0.09292,0.09103,0.09221,300088300.0,2026-08-23 10:00:00
1787482800000,0.09222,0.09309,0.09194,0.09272,181181830.0,2026-08-23 11:00:00
1787486400000,0.09272,0.09277,0.09184,0.09234,128865280.0,2026-08-23 12:00:00
1787490000000,0.09234,0.09384,0.09214,0.09369,272741280.0,2026-08-23 13:00:00
1787493600000,0.09369,0.09452,0.09046,0.09267,609949760.0,2026-08-23 14:00:00
1787497200000,0.09267,0.09307,0.09158,0.0924,295227600.0,2026-08-23 15:00:00
1787500800000,0.09239,0.09284,0.0919,0.09284,209456520.0,2026-08-23 16:00:00
1787504400000,0.09284,0.09319,0.09182,0.09261,145650780.0,2026-08-23 17:00:00
1787508000000,0.0926,0.09336,0.09237,0.09296,86517320.0,2026-08-23 18:00:00
1787511600000,0.09297,0.09305,0.09195,0.09236,125477530.0,2026-08-23 19:00:00
1787515200000,0.09237,0.09292,0.09197,0.0928,57178430.0,2026-08-23 20:00:00
1787518800000,0.0928,0.09454,0.09279,0.0933,177559320.0,2026-08-23 21:00:00
1787522400000,0.0933,0.09369,0.09263,0.09307,139925740.0,2026-08-23 22:00:00
1787526000000,0.09308,0.09385,0.09264,0.09339,91289970.0,2026-08-23 23:00:00
1787529600000,0.09339,0.09362,0.09126,0.09273,261372930.0,2026-08-24 00:00:00
1787533200000,0.09273,0.09274,0.09014,0.09065,233904400.0,2026-08-24 01:00:00
1787536800000,0.09065,0.0923,0.09057,0.09172,202029870.0,2026-08-24 02:00:00
1787540400000,0.09173,0.09193,0.09082,0.09117,151076110.0,2026-08-24 03:00:00
1787544000000,0.09116,0.09244,0.09115,0.09217,116150550.0,2026-08-24 04:00:00
1787547600000,0.09217,0.09312,0.09126,0.09197,196587160.0,2026-08-24 05:00:00
1787551200000,0.09196,0.0922,0.0912,0.09163,112263090.0,2026-08-24 06:00:00
1787554800000,0.09163,0.09269,0.09132,0.09136,155562850.0,2026-08-24 07:00:00
1787558400000,0.09137,0.09143,0.09007,0.09075,377769370.0,2026-08-24 08:00:00
1787562000000,0.09074,0.09153,0.09068,0.0912,109662710.0,2026-08-24 09:00:00
1787565600000,0.09119,0.09174,0.09074,0.09093,124495900.0,2026-08-24 10:00:00
1787569200000,0.09093,0.0927,0.09024,0.09221,297921150.0,2026-08-24 11:00:00
1787572800000,0.09221,0.09333,0.09117,0.09319,301434060.0,2026-08-24 12:00:00
1787576400000,0.09319,0.09327,0.09028,0.09083,462558670.0,2026-08-24 13:00:00
1787580000000,0.09083,0.09239,0.09071,0.09191,340267290.0,2026-08-24 14:00:00
1787583600000,0.0919,0.0928,0.09073,0.0912,333558900.0,2026-08-24 15:00:00
1787587200000,0.09121,0.09225,0.09062,0.09097,179091350.0,2026-08-24 16:00:00
1787590800000,0.09098,0.09106,0.08778,0.08888,690006590.0,2026-08-24 17:00:00
1787594400000,0.08888,0.08963,0.08886,0.08915,159054130.0,2026-08-24 18:00:00
1787598000000,0.08914,0.08936,0.08862,0.08902,108883560.0,2026-08-24 19:00:00
1787601600000,0.08903,0.08949,0.08855,0.08939,85536440.0,2026-08-24 20:00:00
1787605200000,0.0894,0.09024,0.08939,0.09022,74773630.0,2026-08-24 21:00:00
1787608800000,0.09023,0.09024,0.0893,0.08955,83367920.0,2026-08-24 22:00:00
1787612400000,0.08954,0.09022,0.08915,0.09008,67727160.0,2026-08-24 23:00:00
1787616000000,0.09007,0.09171,0.08967,0.09139,253938340.0,2026-08-25 00:00:00
1787619600000,0.09139,0.09161,0.09064,0.09101,147870430.0,2026-08-25 01:00:00
1787623200000,0.09102,0.093,0.09078,0.09197,395259990.0,2026-08-25 02:00:00
1787626800000,0.09198,0.09298,0.09152,0.09189,210674470.0,2026-08-25 03:00:00
1787630400000,0.09189,0.09218,0.09153,0.09202,138305200.0,2026-08-25 04:00:00
1787634000000,0.09202,0.09309,0.09191,0.09265,152830590.0,2026-08-25 05:00:00
1787637600000,0.09265,0.09294,0.09156,0.09183,160389120.0,2026-08-25 06:00:00
1787641200000,0.09184,0.09242,0.08999,0.09076,243915410.0,2026-08-25 07:00:00
1787644800000,0.09075,0.09154,0.09043,0.09099,147835770.0,2026-08-25 08:00:00
1787648400000,0.09099,0.09129,0.0897,0.09041,122823560.0,2026-08-25 09:00:00
1787652000000,0.09042,0.09078,0.09017,0.09057,71436600.0,2026-08-25 10:00:00
1787655600000,0.09057,0.0908,0.09007,0.0901,78191680.0,2026-08-25 11:00:00
1787659200000,0.09011,0.09024,0.08912,0.09007,202590430.0,2026-08-25 12:00:00
1787662800000,0.09006,0.09015,0.08683,0.08823,512691950.0,2026-08-25 13:00:00
1787666400000,0.08822,0.08932,0.08798,0.089,179153370.0,2026-08-25 14:00:00
1787670000000,0.08901,0.08928,0.08846,0.08915,125431480.0,2026-08-25 15:00:00
1787673600000,0.08914,0.08938,0.08864,0.08898,76090460.0,2026-08-25 16:00:00
1787677200000,0.08898,0.08899,0.08817,0.08879,89113570.0,2026-08-25 17:00:00
1787680800000,0.08879,0.08897,0.08853,0.08868,34370090.0,2026-08-25 18:00:00
1787684400000,0.08867,0.0888,0.08779,0.08801,96771250.0,2026-08-25 19:00:00
1787688000000,0.08801,0.08807,0.08558,0.08573,299558900.0,2026-08-25 20:00:00
1787691600000,0.08574,0.08657,0.08475,0.0863,245519600.0,2026-08-25 21:00:00
1787695200000,0.08631,0.08698,0.08631,0.08677,87958000.0,2026-08-25 22:00:00
1787698800000,0.08676,0.0869,0.08553,0.08567,131623010.0,2026-08-25 23:00:00
1787702400000,0.08566,0.08633,0.0854,0.08611,135937900.0,2026-08-26 00:00:00
1787706000000,0.0861,0.08672,0.08604,0.08643,104847200.0,2026-08-26 01:00:00
1787709600000,0.08644,0.08691,0.08605,0.08674,76340750.0,2026-08-26 02:00:00
1787713200000,0.08673,0.08683,0.0864,0.08661,49925790.0,2026-08-26 03:00:00
1787716800000,0.0866,0.08689,0.08618,0.08626,95594220.0,2026-08-26 04:00:00
1787720400000,0.08626,0.08684,0.08594,0.08674,97245200.0,2026-08-26 05:00:00
1787724000000,0.08674,0.08704,0.08625,0.08662,94833330.0,2026-08-26 06:00:00
1787727600000,0.08662,0.08691,0.0865,0.08659,63285140.0,2026-08-26 07:00:00
1787731200000,0.08658,0.0869,0.08617,0.08636,66322960.0,2026-08-26 08:00:00
1787734800000,0.08636,0.08655,0.08545,0.08591,157716690.0,2026-08-26 09:00:00
1787738400000,0.08591,0.08705,0.08572,0.08678,114662160.0,2026-08-26 10:00:00
1787742000000,0.08678,0.08703,0.08607,0.08628,118302480.0,2026-08-26 11:00:00
1787745600000,0.08629,0.08695,0.08558,0.08631,204661720.0,2026-08-26 12:00:00
1787749200000,0.0863,0.08649,0.08512,0.08588,248726600.0,2026-08-26 13:00:00
1787752800000,0.08589,0.08614,0.08425,0.08437,304745430.0,2026-08-26 14:00:00
1787756400000,0.08438,0.0847,0.08369,0.08447,268612950.0,2026-08-26 15:00:00
1787760000000,0.08447,0.08469,0.08382,0.08427,185342990.0,2026-08-26 16:00:00
1787763600000,0.08426,0.08538,0.08424,0.08494,177082400.0,2026-08-26 17:00:00
1787767200000,0.08495,0.0852,0.08459,0.08506,136696050.0,2026-08-26 18:00:00
1787770800000,0.08505,0.08537,0.08474,0.0848,66755660.0,2026-08-26 19:00:00
1787774400000,0.08479,0.08524,0.08434,0.08524,65991010.0,2026-08-26 20:00:00
1787778000000,0.08524,0.08634,0.08519,0.08623,148050860.0,2026-08-26 21:00:00
1787781600000,0.08623,0.08716,0.08607,0.08648,158849030.0,2026-08-26 22:00:00
1787785200000,0.08647,0.08776,0.08635,0.08763,144242270.0,2026-08-26 23:00:00
1787788800000,0.08763,0.08763,0.0865,0.0865,108468980.0,2026-08-27 00:00:00
1787792400000,0.0865,0.0875,0.0862,0.08701,242164740.0,2026-08-27 01:00:00
1787796000000,0.08702,0.08743,0.08665,0.08681,94885410.0,2026-08-27 02:00:00
1787799600000,0.08682,0.08714,0.0866,0.08677,55585620.0,2026-08-27 03:00:00
1787803200000,0.08677,0.08703,0.08645,0.08665,53087350.0,2026-08-27 04:00:00
1787806800000,0.08665,0.08707,0.08617,0.08695,96005820.0,2026-08-27 05:00:00
1787810400000,0.08696,0.08699,0.08641,0.08694,67325370.0,2026-08-27 06:00:00
1787814000000,0.08693,0.08715,0.08679,0.0871,58540320.0,2026-08-27 07:00:00
1787817600000,0.08709,0.08978,0.08705,0.08912,483871730.0,2026-08-27 08:00:00
1787821200000,0.08912,0.08998,0.08864,0.0888,237916170.0,2026-08-27 09:00:00
1787824800000,0.08879,0.08917,0.08754,0.08822,330701810.0,2026-08-27 10:00:00
1787828400000,0.08822,0.08869,0.08777,0.08825,148703760.0,2026-08-27 11:00:00
1787832000000,0.08824,0.08861,0.08683,0.08757,252568420.0,2026-08-27 12:00:00
1787835600000,0.08756,0.0881,0.08715,0.08807,152884130.0,2026-08-27 13:00:00
1787839200000,0.08807,0.08938,0.0878,0.08894,218938490.0,2026-08-27 14:00:00
1787842800000,0.08895,0.08967,0.08863,0.08865,198077340.0,2026-08-27 15:00:00
1787846400000,0.08864,0.08975,0.08857,0.08922,194676070.0,2026-08-27 16:00:00
1787850000000,0.08922,0.08995,0.08885,0.08905,168999300.0,2026-08-27 17:00:00
1787853600000,0.08905,0.08909,0.08788,0.08868,142068110.0,2026-08-27 18:00:00
1787857200000,0.08869,0.08894,0.0884,0.08861,63016350.0,2026-08-27 19:00:00
1787860800000,0.08862,0.08876,0.08827,0.08867,48154620.0,2026-08-27 20:00:00
1787864400000,0.08868,0.08886,0.08822,0.0887,66242210.0,2026-08-27 21:00:00
1787868000000,0.08871,0.08941,0.0887,0.08905,67164980.0,2026-08-27 22:00:00
1787871600000,0.08904,0.08927,0.08874,0.08908,68784210.0,2026-08-27 23:00:00
1787875200000,0.08908,0.08923,0.08842,0.08898,127932420.0,2026-08-28 00:00:00
1787878800000,0.08898,0.09029,0.08893,0.08909,187729360.0,2026-08-28 01:00:00
1787882400000,0.08908,0.08909,0.08735,0.08783,272302500.0,2026-08-28 02:00:00
1787886000000,0.08783,0.08805,0.08726,0.08771,136267550.0,2026-08-28 03:00:00
1787889600000,0.0877,0.08816,0.0871,0.08758,150545290.0,2026-08-28 04:00:00
1787893200000,0.08758,0.08794,0.08731,0.0877,84154480.0,2026-08-28 05:00:00
1787896800000,0.0877,0.08829,0.0877,0.08815,58450310.0,2026-08-28 06:00:00
1787900400000,0.08816,0.08818,0.0874,0.08747,112054530.0,2026-08-28 07:00:00
1787904000000,0.08747,0.08776,0.08682,0.08712,144261600.0,2026-08-28 08:00:00
1787907600000,0.08713,0.08724,0.08632,0.08634,192682790.0,2026-08-28 09:00:00
1787911200000,0.08635,0.08707,0.08557,0.08707,271678300.0,2026-08-28 10:00:00
1787914800000,0.08707,0.08736,0.08681,0.08695,127294430.0,2026-08-28 11:00:00
1787918400000,0.08695,0.08709,0.08657,0.08682,71694260.0,2026-08-28 12:00:00
1787922000000,0.08681,0.08711,0.08643,0.08682,154062820.0,2026-08-28 13:00:00
1787925600000,0.08682,0.0879,0.0854,0.08767,558249940.0,2026-08-28 14:00:00
1787929200000,0.08767,0.08799,0.08576,0.08585,272979470.0,2026-08-28 15:00:00
1787932800000,0.08585,0.08603,0.08384,0.08535,513011100.0,2026-08-28 16:00:00
1787936400000,0.08536,0.08557,0.08497,0.08501,159454190.0,2026-08-28 17:00:00
1787940000000,0.08501,0.08509,0.08376,0.08433,228999320.0,2026-08-28 18:00:00
1787943600000,0.08434,0.08478,0.08432,0.08463,55954070.0,2026-08-28 19:00:00
1787947200000,0.08463,0.08486,0.08441,0.08476,44277660.0,2026-08-28 20:00:00
1787950800000,0.08476,0.08504,0.08437,0.08452,36819400.0,2026-08-28 21:00:00
1787954400000,0.08452,0.08525,0.08445,0.08512,47341850.0,2026-08-28 22:00:00
1787958000000,0.08512,0.08523,0.08502,0.08521,45622270.0,2026-08-28 23:00:00
1787961600000,0.08521,0.08536,0.08507,0.08512,46704750.0,2026-08-29 00:00:00
1787965200000,0.08512,0.08536,0.08498,0.08526,46795360.0,2026-08-29 01:00:00
1787968800000,0.08526,0.08531,0.08487,0.085,53504740.0,2026-08-29 02:00:00
1787972400000,0.08499,0.0851,0.08475,0.08481,64308260.0,2026-08-29 03:00:00
1787976000000,0.08481,0.08514,0.08477,0.0851,41319850.0,2026-08-29 04:00:00
1787979600000,0.0851,0.08525,0.08494,0.08503,68562470.0,2026-08-29 05:00:00
1787983200000,0.08503,0.08504,0.08421,0.08439,107628160.0,2026-08-29 06:00:00
1787986800000,0.08439,0.08466,0.08424,0.08438,49887240.0,2026-08-29 07:00:00
1787990400000,0.08438,0.08448,0.08414,0.08431,56835330.0,2026-08-29 08:00:00
1787994000000,0.08431,0.08451,0.08418,0.08441,52029390.0,2026-08-29 09:00:00
1787997600000,0.0844,0.08469,0.08413,0.08441,64421920.0,2026-08-29 10:00:00
1788001200000,0.08441,0.08453,0.08436,0.08444,21134120.0,2026-08-29 11:00:00
1788004800000,0.08444,0.08498,0.08441,0.08474,66465490.0,2026-08-29 12:00:00
1788008400000,0.08474,0.08495,0.08463,0.08489,35605010.0,2026-08-29 13:00:00
1788012000000,0.0849,0.08567,0.08481,0.08557,130499960.0,2026-08-29 14:00:00
1788015600000,0.08558,0.08561,0.08501,0.08511,90941450.0,2026-08-29 15:00:00
1788019200000,0.0851,0.08551,0.08504,0.0852,95052370.0,2026-08-29 16:00:00
1788022800000,0.08521,0.08532,0.08471,0.08506,83500860.0,2026-08-29 17:00:00
1788026400000,0.08505,0.08552,0.08498,0.08523,59159580.0,2026-08-29 18:00:00
1788030000000,0.08523,0.08546,0.08512,0.0852,38874620.0,2026-08-29 19:00:00
1788033600000,0.0852,0.08543,0.08507,0.08518,19251200.0,2026-08-29 20:00:00
1788037200000,0.08518,0.08525,0.08503,0.08506,19920800.0,2026-08-29 21:00:00
1788040800000,0.08505,0.08514,0.08493,0.08511,22248430.0,2026-08-29 22:00:00
1788044400000,0.08511,0.08527,0.08497,0.08524,47943940.0,2026-08-29 23:00:00
1788048000000,0.08525,0.08548,0.08509,0.08511,53725800.0,2026-08-30 00:00:00
1788051600000,0.08511,0.08514,0.08473,0.08487,62193240.0,2026-08-30 01:00:00
1788055200000,0.08487,0.08512,0.08482,0.085,51558880.0,2026-08-30 02:00:00
1788058800000,0.08501,0.08518,0.08488,0.08498,30006630.0,2026-08-30 03:00:00
1788062400000,0.08497,0.08505,0.08453,0.08485,59424600.0,2026-08-30 04:00:00
1788066000000,0.08485,0.08515,0.08481,0.08504,32536960.0,2026-08-30 05:00:00
1788069600000,0.08505,0.08517,0.08486,0.08515,27895030.0,2026-08-30 06:00:00
1788073200000,0.08515,0.08516,0.08452,0.08461,85067190.0,2026-08-30 07:00:00
1788076800000,0.0846,0.08475,0.08442,0.08458,69983240.0,2026-08-30 08:00:00
1788080400000,0.08458,0.08467,0.08433,0.08456,61866420.0,2026-08-30 09:00:00
1788084000000,0.08456,0.08498,0.08446,0.08485,58124740.0,2026-08-30 10:00:00
1788087600000,0.08485,0.08507,0.08477,0.08493,49928780.0,2026-08-30 11:00:00
1788091200000,0.08492,0.08545,0.08483,0.0854,120361450.0,2026-08-30 12:00:00
1788094800000,0.08539,0.08578,0.08516,0.08566,84468450.0,2026-08-30 13:00:00
1788098400000,0.08565,0.08569,0.08531,0.0854,74233100.0,2026-08-30 14:00:00
1788102000000,0.08541,0.0855,0.08494,0.08532,95154730.0,2026-08-30 15:00:00
1788105600000,0.08533,0.08642,0.08524,0.08632,177600860.0,2026-08-30 16:00:00
1788109200000,0.08632,0.08641,0.08519,0.08589,215268010.0,2026-08-30 17:00:00
1788112800000,0.0859,0.08645,0.08552,0.08631,91113270.0,2026-08-30 18:00:00
1788116400000,0.08631,0.08631,0.08546,0.08577,80136530.0,2026-08-30 19:00:00
1788120000000,0.08576,0.08591,0.08465,0.08508,111592120.0,2026-08-30 20:00:00
1788123600000,0.08509,0.08509,0.08364,0.08456,188541660.0,2026-08-30 21:00:00
1788127200000,0.08456,0.08497,0.08314,0.08362,258889070.0,2026-08-30 22:00:00
1788130800000,0.08362,0.08362,0.08068,0.082,574598290.0,2026-08-30 23:00:00
1788134400000,0.082,0.08269,0.08155,0.08235,128444000.0,2026-08-31 00:00:00
1788138000000,0.08234,0.08246,0.08149,0.08157,109957920.0,2026-08-31 01:00:00
1788141600000,0.08156,0.08237,0.08139,0.08176,109569040.0,2026-08-31 02:00:00
1788145200000,0.08176,0.08255,0.08169,0.08223,55228000.0,2026-08-31 03:00:00
1788148800000,0.08223,0.08225,0.08179,0.08209,55806480.0,2026-08-31 04:00:00
1788152400000,0.08208,0.083,0.08196,0.08276,118614320.0,2026-08-31 05:00:00
1788156000000,0.08277,0.08291,0.08256,0.0827,61212300.0,2026-08-31 06:00:00
1788159600000,0.08269,0.0829,0.08251,0.08269,64896660.0,2026-08-31 07:00:00
1788163200000,0.08268,0.08295,0.08237,0.08276,61775690.0,2026-08-31 08:00:00
1788166800000,0.08276,0.08313,0.08264,0.0828,76483250.0,2026-08-31 09:00:00
1788170400000,0.0828,0.08323,0.08252,0.08305,71282930.0,2026-08-31 10:00:00
1788174000000,0.08304,0.08309,0.08253,0.08261,51242680.0,2026-08-31 11:00:00
1788177600000,0.08261,0.08301,0.08217,0.08262,115353420.0,2026-08-31 12:00:00
1788181200000,0.08261,0.08291,0.08192,0.08211,103383910.0,2026-08-31 13:00:00
1788184800000,0.08212,0.08326,0.08202,0.08299,168567190.0,2026-08-31 14:00:00
1788188400000,0.083,0.08325,0.08252,0.08277,80956320.0,2026-08-31 15:00:00
1788192000000,0.08277,0.08323,0.08261,0.08288,69386160.0,2026-08-31 16:00:00
1788195600000,0.08287,0.08347,0.08272,0.0833,71297630.0,2026-08-31 17:00:00
1788199200000,0.0833,0.08394,0.08303,0.08343,84859410.0,2026-08-31 18:00:00
1788202800000,0.08342,0.08368,0.08301,0.08319,51337940.0,2026-08-31 19:00:00
1788206400000,0.08319,0.08352,0.0831,0.08321,36893620.0,2026-08-31 20:00:00
1788210000000,0.08321,0.08343,0.08285,0.0833,60740900.0,2026-08-31 21:00:00
1788213600000,0.0833,0.08337,0.0829,0.083,23890060.0,2026-08-31 22:00:00
1788217200000,0.08301,0.08301,0.08257,0.0828,42493940.0,2026-08-31 23:00:00
1788220800000,0.08279,0.08322,0.08271,0.08302,82041020.0,2026-09-01 00:00:00
1788224400000,0.08303,0.08321,0.08243,0.08276,94517020.0,2026-09-01 01:00:00
1788228000000,0.08276,0.08295,0.08249,0.08282,69443130.0,2026-09-01 02:00:00
1788231600000,0.08282,0.08342,0.08276,0.08315,71095540.0,2026-09-01 03:00:00
1788235200000,0.08316,0.0834,0.08306,0.08312,55778050.0,2026-09-01 04:00:00
1788238800000,0.08313,0.08391,0.08309,0.08382,105968010.0,2026-09-01 05:00:00
1788242400000,0.08382,0.08382,0.08336,0.08339,82300760.0,2026-09-01 06:00:00
1788246000000,0.08338,0.08372,0.08309,0.08332,99376970.0,2026-09-01 07:00:00
1788249600000,0.08333,0.08337,0.08222,0.08224,169238030.0,2026-09-01 08:00:00
1788253200000,0.08225,0.08248,0.08204,0.08236,77986990.0,2026-09-01 09:00:00
1788256800000,0.08236,0.08301,0.08231,0.0828,100509250.0,2026-09-01 10:00:00
1788260400000,0.0828,0.08331,0.08265,0.08314,83095980.0,2026-09-01 11:00:00
1788264000000,0.08313,0.08317,0.08234,0.08253,103830340.0,2026-09-01 12:00:00
1788267600000,0.08253,0.08281,0.08163,0.08269,212118620.0,2026-09-01 13:00:00
1788271200000,0.08269,0.08311,0.08261,0.08273,89552980.0,2026-09-01 14:00:00
1788274800000,0.08273,0.08291,0.08191,0.08267,131836860.0,2026-09-01 15:00:00
1788278400000,0.08268,0.08269,0.08171,0.08209,121304430.0,2026-09-01 16:00:00
1788282000000,0.0821,0.08256,0.08192,0.082,86103730.0,2026-09-01 17:00:00
1788285600000,0.08201,0.08213,0.08057,0.08167,242475330.0,2026-09-01 18:00:00
1788289200000,0.08167,0.08217,0.08163,0.08191,78431960.0,2026-09-01 19:00:00
1788292800000,0.08192,0.08211,0.08153,0.08195,92490450.0,2026-09-01 20:00:00
1788296400000,0.08195,0.08197,0.08091,0.08147,99236790.0,2026-09-01 21:00:00
1788300000000,0.08146,0.08172,0.08117,0.08141,67277550.0,2026-09-01 22:00:00
1788303600000,0.08142,0.08183,0.08134,0.08163,48799030.0,2026-09-01 23:00:00
1788307200000,0.08164,0.08172,0.08111,0.08111,58114650.0,2026-09-02 00:00:00
1788310800000,0.08111,0.08136,0.08021,0.08068,183237110.0,2026-09-02 01:00:00
1788314400000,0.08068,0.08129,0.08054,0.08113,110080050.0,2026-09-02 02:00:00
1788318000000,0.08113,0.08172,0.08106,0.08147,85258380.0,2026-09-02 03:00:00
1788321600000,0.08148,0.08178,0.08111,0.08169,79899010.0,2026-09-02 04:00:00
1788325200000,0.08168,0.08198,0.08148,0.08195,64626040.0,2026-09-02 05:00:00
1788328800000,0.08196,0.08205,0.08151,0.08174,78742890.0,2026-09-02 06:00:00
1788332400000,0.08175,0.08194,0.08158,0.08162,40567740.0,2026-09-02 07:00:00
1788336000000,0.08162,0.08171,0.08073,0.08094,106753760.0,2026-09-02 08:00:00
1788339600000,0.08095,0.08126,0.08053,0.08086,131863420.0,2026-09-02 09:00:00
1788343200000,0.08086,0.08087,0.08001,0.08078,155023180.0,2026-09-02 10:00:00
1788346800000,0.08077,0.08121,0.0805,0.08119,100158430.0,2026-09-02 11:00:00
1788350400000,0.08119,0.08137,0.08074,0.0808,113515110.0,2026-09-02 12:00:00
1788354000000,0.0808,0.08202,0.08072,0.08166,149829680.0,2026-09-02 13:00:00
1788357600000,0.08167,0.08191,0.08145,0.08146,94812970.0,2026-09-02 14:00:00
1788361200000,0.08147,0.08175,0.08063,0.08162,168794790.0,2026-09-02 15:00:00
1788364800000,0.08163,0.08186,0.08131,0.08133,93428310.0,2026-09-02 16:00:00
1788368400000,0.08134,0.08152,0.08081,0.08141,85338940.0,2026-09-02 17:00:00
1788372000000,0.08142,0.08172,0.08125,0.08141,69981420.0,2026-09-02 18:00:00
1788375600000,0.08141,0.0815,0.08095,0.08126,30133430.0,2026-09-02 19:00:00
1788379200000,0.08126,0.08188,0.08122,0.08165,122661580.0,2026-09-02 20:00:00
1788382800000,0.08165,0.08184,0.08144,0.08163,36019800.0,2026-09-02 21:00:00
1788386400000,0.08164,0.08164,0.08083,0.081,77805590.0,2026-09-02 22:00:00
1788390000000,0.081,0.08176,0.08092,0.08171,68942790.0,2026-09-02 23:00:00
1788393600000,0.08172,0.08191,0.0812,0.08138,83980230.0,2026-09-03 00:00:00
1788397200000,0.08137,0.08258,0.08112,0.08216,187163990.0,2026-09-03 01:00:00
1788400800000,0.08216,0.08324,0.082,0.08314,170135760.0,2026-09-03 02:00:00
1788404400000,0.08315,0.08319,0.08253,0.08274,116969370.0,2026-09-03 03:00:00
1788408000000,0.08274,0.08295,0.0824,0.08295,77370380.0,2026-09-03 04:00:00
1788411600000,0.08295,0.08309,0.08204,0.08293,158737560.0,2026-09-03 05:00:00
1788415200000,0.08293,0.08307,0.08268,0.08296,74203950.0,2026-09-03 06:00:00
1788418800000,0.08295,0.08366,0.08261,0.08286,184572830.0,2026-09-03 07:00:00
1788422400000,0.08287,0.08358,0.08286,0.08313,76443300.0,2026-09-03 08:00:00
1788426000000,0.08312,0.08329,0.08268,0.08275,64771520.0,2026-09-03 09:00:00
1788429600000,0.08276,0.08306,0.08247,0.08294,81542460.0,2026-09-03 10:00:00
1788433200000,0.08294,0.08336,0.08283,0.08322,89054050.0,2026-09-03 11:00:00
1788436800000,0.08322,0.08373,0.08305,0.08361,140496270.0,2026-09-03 12:00:00
1788440400000,0.08361,0.08368,0.08318,0.08345,106506590.0,2026-09-03 13:00:00
1788444000000,0.08345,0.08792,0.08324,0.08787,673412950.0,2026-09-03 14:00:00
1788447600000,0.08787,0.08937,0.08677,0.08916,627096950.0,2026-09-03 15:00:00
1788451200000,0.08916,0.08995,0.08805,0.08942,448824030.0,2026-09-03 16:00:00
1788454800000,0.08942,0.08975,0.08878,0.08935,187897640.0,2026-09-03 17:00:00
1788458400000,0.08935,0.08963,0.0889,0.08953,87277170.0,2026-09-03 18:00:00
1788462000000,0.08952,0.08992,0.08898,0.08929,92233860.0,2026-09-03 19:00:00
1788465600000,0.08928,0.08933,0.08837,0.08861,120278540.0,2026-09-03 20:00:00
1788469200000,0.0886,0.08938,0.08824,0.08824,128617220.0,2026-09-03 21:00:00
1788472800000,0.08824,0.08835,0.08705,0.08742,198368130.0,2026-09-03 22:00:00
1788476400000,0.08742,0.08793,0.08737,0.08778,102283400.0,2026-09-03 23:00:00
1788480000000,0.08778,0.08807,0.08688,0.08702,175789760.0,2026-09-04 00:00:00
1788483600000,0.08703,0.08745,0.08674,0.08714,144833680.0,2026-09-04 01:00:00
1788487200000,0.08714,0.08727,0.08643,0.08726,93082800.0,2026-09-04 02:00:00
1788490800000,0.08727,0.08749,0.0871,0.08712,74887990.0,2026-09-04 03:00:00
1788494400000,0.08713,0.08756,0.08699,0.08724,95126290.0,2026-09-04 04:00:00
1788498000000,0.08724,0.08735,0.08659,0.08691,138075710.0,2026-09-04 05:00:00
1788501600000,0.08691,0.08715,0.08647,0.08704,83093030.0,2026-09-04 06:00:00
1788505200000,0.08704,0.08748,0.08696,0.08699,133409870.0,2026-09-04 07:00:00
1788508800000,0.087,0.08767,0.08674,0.08761,118430880.0,2026-09-04 08:00:00
1788512400000,0.08762,0.08831,0.08742,0.08766,235859070.0,2026-09-04 09:00:00
1788516000000,0.08766,0.08773,0.08707,0.08767,87023690.0,2026-09-04 10:00:00
1788519600000,0.08767,0.08798,0.08752,0.08773,93436320.0,2026-09-04 11:00:00
1788523200000,0.08772,0.088,0.08403,0.08497,910488530.0,2026-09-04 12:00:00
1788526800000,0.08497,0.08583,0.08462,0.08519,238544840.0,2026-09-04 13:00:00
1788530400000,0.0852,0.08539,0.08372,0.08415,262992030.0,2026-09-04 14:00:00
1788534000000,0.08415,0.08462,0.08396,0.08437,130009380.0,2026-09-04 15:00:00
1788537600000,0.08436,0.08486,0.08426,0.08462,99729900.0,2026-09-04 16:00:00
1788541200000,0.08461,0.08463,0.08393,0.08407,89403430.0,2026-09-04 17:00:00
1788544800000,0.08407,0.08469,0.08407,0.08465,50128760.0,2026-09-04 18:00:00
1788548400000,0.08465,0.085,0.08444,0.0847,92104990.0,2026-09-04 19:00:00
1788552000000,0.0847,0.08481,0.08457,0.0847,42215910.0,2026-09-04 20:00:00
1788555600000,0.08471,0.08493,0.08439,0.08441,52872970.0,2026-09-04 21:00:00
1788559200000,0.08442,0.08462,0.08439,0.08448,23188070.0,2026-09-04 22:00:00
1788562800000,0.08448,0.08478,0.08437,0.08473,25207800.0,2026-09-04 23:00:00
1788566400000,0.08474,0.08481,0.08453,0.0846,52346650.0,2026-09-05 00:00:00
1788570000000,0.0846,0.08493,0.0845,0.0846,83200120.0,2026-09-05 01:00:00
1788573600000,0.0846,0.08483,0.08424,0.08458,97056480.0,2026-09-05 02:00:00
1788577200000,0.08457,0.08473,0.0845,0.08459,41920490.0,2026-09-05 03:00:00
1788580800000,0.0846,0.08477,0.08438,0.08462,49741900.0,2026-09-05 04:00:00
1788584400000,0.08463,0.08476,0.08448,0.08465,51393730.0,2026-09-05 05:00:00
1788588000000,0.08464,0.0857,0.08462,0.08553,147707830.0,2026-09-05 06:00:00
1788591600000,0.08553,0.08584,0.08544,0.08573,92955960.0,2026-09-05 07:00:00
1788595200000,0.08573,0.08592,0.08543,0.08575,77398710.0,2026-09-05 08:00:00
1788598800000,0.08576,0.08638,0.08576,0.08603,97372250.0,2026-09-05 09:00:00
1788602400000,0.08603,0.08618,0.08577,0.0858,69323120.0,2026-09-05 10:00:00
1788606000000,0.0858,0.0862,0.08579,0.08607,59933930.0,2026-09-05 11:00:00
1788609600000,0.08606,0.08757,0.08606,0.08725,240136870.0,2026-09-05 12:00:00
1788613200000,0.08725,0.08812,0.08695,0.08717,284621770.0,2026-09-05 13:00:00
1788616800000,0.08716,0.08809,0.08704,0.0877,157206710.0,2026-09-05 14:00:00
1788620400000,0.08769,0.08795,0.08723,0.08754,137677470.0,2026-09-05 15:00:00
1788624000000,0.08754,0.08854,0.08724,0.08797,187946640.0,2026-09-05 16:00:00
1788627600000,0.08798,0.09529,0.08773,0.0942,881768030.0,2026-09-05 17:00:00
1788631200000,0.0942,0.09477,0.0913,0.09176,776638070.0,2026-09-05 18:00:00
1788634800000,0.09176,0.09185,0.09031,0.09071,335368000.0,2026-09-05 19:00:00
1788638400000,0.09071,0.09126,0.0903,0.09063,254538420.0,2026-09-05 20:00:00
1788642000000,0.09062,0.0913,0.08953,0.09053,184500700.0,2026-09-05 21:00:00
1788645600000,0.09054,0.09099,0.08986,0.09005,206620190.0,2026-09-05 22:00:00
1788649200000,0.09004,0.09006,0.08916,0.08963,197487360.0,2026-09-05 23:00:00
1788652800000,0.08964,0.09039,0.08963,0.09018,162072280.0,2026-09-06 00:00:00
1788656400000,0.09017,0.09089,0.09006,0.09074,212037140.0,2026-09-06 01:00:00
1788660000000,0.09074,0.09099,0.09055,0.09089,122707190.0,2026-09-06 02:00:00
1788663600000,0.0909,0.09168,0.09062,0.09125,169456400.0,2026-09-06 03:00:00
1788667200000,0.09125,0.09125,0.09026,0.09049,203890200.0,2026-09-06 04:00:00
1788670800000,0.09049,0.09186,0.09032,0.09149,201498030.0,2026-09-06 05:00:00
1788674400000,0.09149,0.09196,0.09106,0.09108,183172800.0,2026-09-06 06:00:00
1788678000000,0.09109,0.09128,0.09024,0.09082,213080710.0,2026-09-06 07:00:00
1788681600000,0.09083,0.09096,0.09047,0.09064,79374730.0,2026-09-06 08:00:00
1788685200000,0.09065,0.09115,0.08818,0.09022,407197140.0,2026-09-06 09:00:00
1788688800000,0.09022,0.09035,0.08938,0.09007,170517950.0,2026-09-06 10:00:00
1788692400000,0.09006,0.09018,0.08976,0.09006,97201520.0,2026-09-06 11:00:00
1788696000000,0.09006,0.09009,0.0896,0.08963,95597080.0,2026-09-06 12:00:00
1788699600000,0.08963,0.08997,0.08914,0.08968,180936620.0,2026-09-06 13:00:00
1788703200000,0.08967,0.08971,0.0873,0.0885,417105860.0,2026-09-06 14:00:00
1788706800000,0.08851,0.08897,0.08777,0.08891,187116750.0,2026-09-06 15:00:00
1788710400000,0.08891,0.08944,0.08863,0.08925,154779550.0,2026-09-06 16:00:00
1788714000000,0.08925,0.08941,0.08888,0.08912,76713980.0,2026-09-06 17:00:00
1788717600000,0.08912,0.0896,0.08907,0.08939,67925400.0,2026-09-06 18:00:00
1788721200000,0.0894,0.08955,0.0893,0.08952,30143500.0,2026-09-06 19:00:00
1788724800000,0.08952,0.09034,0.0894,0.09022,115870560.0,2026-09-06 20:00:00
1788728400000,0.09022,0.09075,0.09007,0.09044,89551790.0,2026-09-06 21:00:00
1788732000000,0.09043,0.09044,0.08955,0.09023,191129450.0,2026-09-06 22:00:00
1788735600000,0.09023,0.09107,0.09017,0.09085,122627610.0,2026-09-06 23:00:00
1788739200000,0.09085,0.09118,0.0906,0.09094,150566450.0,2026-09-07 00:00:00
1788742800000,0.09093,0.09106,0.08964,0.09009,280355390.0,2026-09-07 01:00:00
1788746400000,0.0901,0.09135,0.08974,0.09009,219037710.0,2026-09-07 02:00:00
1788750000000,0.09009,0.09034,0.08912,0.08933,191577580.0,2026-09-07 03:00:00
1788753600000,0.08932,0.08979,0.08928,0.08971,116949050.0,2026-09-07 04:00:00
1788757200000,0.08971,0.09058,0.08967,0.09011,111817600.0,2026-09-07 05:00:00
1788760800000,0.09011,0.09056,0.08975,0.08981,101620320.0,2026-09-07 06:00:00
1788764400000,0.08981,0.09004,0.08845,0.08934,255777620.0,2026-09-07 07:00:00
1788768000000,0.08935,0.08998,0.0893,0.08954,153461980.0,2026-09-07 08:00:00
1788771600000,0.08954,0.09008,0.08913,0.08923,111471840.0,2026-09-07 09:00:00
1788775200000,0.08923,0.08975,0.08917,0.08953,76436110.0,2026-09-07 10:00:00
1788778800000,0.08953,0.08978,0.08935,0.08975,77523350.0,2026-09-07 11:00:00
1788782400000,0.08976,0.09144,0.0897,0.09128,258638800.0,2026-09-07 12:00:00
1788786000000,0.09128,0.09182,0.09034,0.09085,314540840.0,2026-09-07 13:00:00
1788789600000,0.09085,0.09095,0.08972,0.09056,306032660.0,2026-09-07 14:00:00
1788793200000,0.09057,0.09062,0.08854,0.08894,335273710.0,2026-09-07 15:00:00
1788796800000,0.08895,0.09024,0.08892,0.09007,200920210.0,2026-09-07 16:00:00
1788800400000,0.09007,0.09041,0.08997,0.09007,132579810.0,2026-09-07 17:00:00
1788804000000,0.09007,0.09016,0.08954,0.08984,79700260.0,2026-09-07 18:00:00
1788807600000,0.08985,0.09071,0.08968,0.09051,67002820.0,2026-09-07 19:00:00
1788811200000,0.09051,0.09098,0.08999,0.09054,128630350.0,2026-09-07 20:00:00
1788814800000,0.09055,0.09069,0.09022,0.09031,61178350.0,2026-09-07 21:00:00
1788818400000,0.09032,0.0907,0.08961,0.09006,139803300.0,2026-09-07 22:00:00
1788822000000,0.09006,0.09083,0.09004,0.09046,116839800.0,2026-09-07 23:00:00
1788825600000,0.09046,0.09165,0.09022,0.09132,318521420.0,2026-09-08 00:00:00
1788829200000,0.09132,0.09162,0.09088,0.09118,136378740.0,2026-09-08 01:00:00
1788832800000,0.09117,0.09148,0.08991,0.08992,161056110.0,2026-09-08 02:00:00
1788836400000,0.08992,0.09025,0.08943,0.08992,199621370.0,2026-09-08 03:00:00
1788840000000,0.08991,0.08999,0.08953,0.08985,103040820.0,2026-09-08 04:00:00
