timestamp,open,high,low,close,volume,datetime
1773333000000,70027.8,70482.0,69990.3,70340.9,2356.0194,2026-03-12 16:30:00
1773334800000,70340.9,70511.4,70160.1,70263.5,1975.8369,2026-03-12 17:00:00
1773336600000,70263.6,70412.4,70027.3,70179.2,1362.673,2026-03-12 17:30:00
1773338400000,70179.1,70273.6,69830.0,69988.7,1569.1622,2026-03-12 18:00:00
1773340200000,69988.7,70065.3,69763.3,69781.7,1283.4813,2026-03-12 18:30:00
1773342000000,69781.7,70180.7,69722.6,70172.1,1431.9416,2026-03-12 19:00:00
1773343800000,70172.1,70519.4,70161.5,70393.8,2046.4327,2026-03-12 19:30:00
1773345600000,70393.8,70519.0,70226.5,70272.0,797.0237,2026-03-12 20:00:00
1773347400000,70272.0,70272.0,70067.7,70129.3,614.7239,2026-03-12 20:30:00
1773349200000,70129.3,70440.0,70129.3,70255.1,612.521,2026-03-12 21:00:00
1773351000000,70255.2,70358.1,70160.5,70246.8,407.2098,2026-03-12 21:30:00
1773352800000,70246.7,70278.8,70070.0,70146.8,748.6758,2026-03-12 22:00:00
1773354600000,70146.8,70194.0,69975.1,70134.0,606.3768,2026-03-12 22:30:00
1773356400000,70133.9,70711.7,70118.0,70498.6,2421.649,2026-03-12 23:00:00
1773358200000,70498.5,70632.5,70430.0,70479.6,918.1321,2026-03-12 23:30:00
1773360000000,70479.5,71745.0,70345.2,71448.9,8095.7266,2026-03-13 00:00:00
1773361800000,71448.9,71988.0,71200.1,71444.0,5319.5324,2026-03-13 00:30:00
1773363600000,71443.9,71720.0,71418.6,71493.8,2160.1318,2026-03-13 01:00:00
1773365400000,71493.8,71670.7,71232.7,71626.6,1626.4812,2026-03-13 01:30:00
1773367200000,71626.7,71659.0,71393.4,71423.9,1052.8617,2026-03-13 02:00:00
1773369000000,71423.8,71454.0,71017.9,71120.1,2600.8963,2026-03-13 02:30:00
1773370800000,71120.1,71270.1,71055.0,71075.9,1410.4435,2026-03-13 03:00:00
1773372600000,71075.8,71485.0,70926.7,71372.0,1924.3997,2026-03-13 03:30:00
1773374400000,71372.0,71465.0,71204.2,71286.9,987.64,2026-03-13 04:00:00
1773376200000,71286.8,71400.0,71232.1,71353.2,643.7806,2026-03-13 04:30:00
1773378000000,71353.2,71417.8,71212.6,71389.6,909.1086,2026-03-13 05:00:00
1773379800000,71389.6,71599.0,71389.6,71516.9,1660.1671,2026-03-13 05:30:00
1773381600000,71516.9,71558.1,71156.1,71204.1,1176.1621,2026-03-13 06:00:00
1773383400000,71204.2,71355.6,71125.2,71311.9,1181.2338,2026-03-13 06:30:00
1773385200000,71312.0,71550.0,71200.0,71475.9,1482.6018,2026-03-13 07:00:00
1773387000000,71476.0,71647.6,71349.2,71586.9,1956.8909,2026-03-13 07:30:00
1773388800000,71586.8,71634.4,71360.0,71551.6,1418.6742,2026-03-13 08:00:00
1773390600000,71551.6,72183.0,71542.5,71795.4,6858.2019,2026-03-13 08:30:00
1773392400000,71795.3,71954.2,71528.2,71787.4,2822.3595,2026-03-13 09:00:00
1773394200000,71787.4,72072.6,71758.7,71974.0,2371.3899,2026-03-13 09:30:00
1773396000000,71974.0,72487.0,71960.8,72328.3,5207.4357,2026-03-13 10:00:00
1773397800000,72328.4,72555.9,72291.5,72420.9,3100.6627,2026-03-13 10:30:00
1773399600000,72421.0,72498.0,72200.0,72292.3,2058.2961,2026-03-13 11:00:00
1773401400000,72292.2,72343.4,72169.0,72200.1,1278.6485,2026-03-13 11:30:00
1773403200000,72200.0,72485.8,72154.9,72381.9,1562.1594,2026-03-13 12:00:00
1773405000000,72381.8,72870.0,72287.5,72741.9,4750.2677,2026-03-13 12:30:00
1773406800000,72741.9,73266.4,72633.7,72997.3,6961.2881,2026-03-13 13:00:00
1773408600000,72997.3,73554.4,72730.9,73342.1,7039.0029,2026-03-13 13:30:00
1773410400000,73342.0,73860.0,73240.0,73686.6,6907.3141,2026-03-13 14:00:00
1773412200000,73686.6,73866.7,72327.6,72360.0,10699.8624,2026-03-13 14:30:00
1773414000000,72360.0,72798.0,72160.0,72450.1,6001.1519,2026-03-13 15:00:00
1773415800000,72450.1,72569.3,71701.0,71800.0,7481.8706,2026-03-13 15:30:00
1773417600000,71800.1,71918.3,71124.8,71357.7,8442.0387,2026-03-13 16:00:00
1773419400000,71357.7,72063.5,71348.3,71841.8,5499.5627,2026-03-13 16:30:00
1773421200000,71841.7,72216.8,71555.0,71623.6,3630.9313,2026-03-13 17:00:00
1773423000000,71623.7,71651.9,70862.0,70996.7,6081.2175,2026-03-13 17:30:00
1773424800000,70996.6,71221.6,70777.2,71156.9,3569.6328,2026-03-13 18:00:00
1773426600000,71157.0,71314.8,70963.0,71017.1,1659.542,2026-03-13 18:30:00
1773428400000,71017.1,71273.0,70966.6,71049.9,1470.1581,2026-03-13 19:00:00
1773430200000,71049.9,71220.6,71001.0,71140.9,1185.6644,2026-03-13 19:30:00
1773432000000,71141.0,71445.2,71100.0,71266.7,1439.6984,2026-03-13 20:00:00
1773433800000,71266.8,71421.1,71227.0,71309.1,661.1054,2026-03-13 20:30:00
1773435600000,71309.0,71460.5,71089.2,71126.0,684.4813,2026-03-13 21:00:00
1773437400000,71126.1,71273.3,71029.8,71060.6,754.149,2026-03-13 21:30:00
1773439200000,71060.6,71156.1,70608.0,70644.0,2500.6157,2026-03-13 22:00:00
1773441000000,70644.1,70788.4,70517.2,70785.2,1384.3125,2026-03-13 22:30:00
1773442800000,70785.1,70970.0,70668.6,70861.9,1258.6287,2026-03-13 23:00:00
1773444600000,70861.9,70954.1,70828.0,70897.0,624.3299,2026-03-13 23:30:00
1773446400000,70897.0,70920.0,70708.6,70879.9,921.6543,2026-03-14 00:00:00
1773448200000,70880.0,70899.0,70517.2,70605.1,1549.378,2026-03-14 00:30:00
1773450000000,70605.2,70776.2,70602.5,70748.1,589.6413,2026-03-14 01:00:00
1773451800000,70748.0,70874.2,70400.0,70795.6,2041.5407,2026-03-14 01:30:00
1773453600000,70795.6,70868.5,70743.0,70769.9,577.7926,2026-03-14 02:00:00
1773455400000,70770.0,70833.0,70700.0,70754.8,751.2643,2026-03-14 02:30:00
1773457200000,70754.7,71088.0,70754.7,71004.2,1630.4315,2026-03-14 03:00:00
1773459000000,71004.3,71132.0,71004.2,71039.1,910.5076,2026-03-14 03:30:00
1773460800000,71039.1,71201.4,71018.3,71157.3,1023.6546,2026-03-14 04:00:00
1773462600000,71157.3,71275.2,70980.6,71003.5,1159.5779,2026-03-14 04:30:00
1773464400000,71003.5,71117.0,70946.1,71074.0,741.3139,2026-03-14 05:00:00
1773466200000,71074.0,71081.7,70881.8,70981.7,791.638,2026-03-14 05:30:00
1773468000000,70981.6,70981.7,70650.0,70660.4,1473.7259,2026-03-14 06:00:00
1773469800000,70660.4,70700.0,70250.2,70591.6,3886.5829,2026-03-14 06:30:00
1773471600000,70591.7,70689.8,70505.3,70647.9,998.9922,2026-03-14 07:00:00
1773473400000,70647.8,70698.7,70427.6,70560.3,1162.2504,2026-03-14 07:30:00
1773475200000,70560.2,70694.1,70525.0,70633.5,695.856,2026-03-14 08:00:00
1773477000000,70633.5,70641.0,70499.9,70548.5,466.4664,2026-03-14 08:30:00
1773478800000,70548.4,70688.0,70492.3,70650.1,809.2022,2026-03-14 09:00:00
1773480600000,70650.2,70650.2,70354.5,70472.6,1450.6902,2026-03-14 09:30:00
1773482400000,70472.6,70526.0,70380.0,70435.1,694.304,2026-03-14 10:00:00
1773484200000,70435.0,70542.3,70330.4,70525.1,765.0038,2026-03-14 10:30:00
1773486000000,70525.0,70680.0,70519.1,70630.2,841.5817,2026-03-14 11:00:00
1773487800000,70630.2,70782.9,70586.1,70703.0,929.1261,2026-03-14 11:30:00
1773489600000,70702.9,70812.1,70649.3,70676.6,771.4069,2026-03-14 12:00:00
1773491400000,70676.5,70728.6,70565.5,70728.5,644.2369,2026-03-14 12:30:00
1773493200000,70728.5,70888.0,70672.0,70874.9,1141.7144,2026-03-14 13:00:00
1773495000000,70874.9,70875.0,70750.1,70815.8,621.0715,2026-03-14 13:30:00
1773496800000,70815.8,70915.6,70657.5,70784.8,1272.0138,2026-03-14 14:00:00
1773498600000,70784.8,70801.7,70525.7,70565.4,1007.4774,2026-03-14 14:30:00
1773500400000,70565.4,70692.0,70511.1,70625.1,832.9663,2026-03-14 15:00:00
1773502200000,70625.1,70625.1,70450.1,70555.7,733.8916,2026-03-14 15:30:00
1773504000000,70555.6,70617.4,70455.0,70616.0,619.2018,2026-03-14 16:00:00
1773505800000,70615.9,70673.0,70555.2,70633.4,451.0527,2026-03-14 16:30:00
1773507600000,70633.4,70695.4,70592.4,70695.4,330.428,2026-03-14 17:00:00
1773509400000,70695.4,70696.1,70550.0,70587.4,243.9897,2026-03-14 17:30:00
1773511200000,70587.5,70589.5,70516.7,70576.1,249.6487,2026-03-14 18:00:00
1773513000000,70576.1,70670.0,70576.1,70622.7,288.6906,2026-03-14 18:30:00
1773514800000,70622.6,70675.8,70555.6,70633.3,283.7047,2026-03-14 19:00:00
1773516600000,70633.4,70709.6,70604.6,70665.7,203.2789,2026-03-14 19:30:00
1773518400000,70665.8,70725.1,70605.1,70700.0,220.2288,2026-03-14 20:00:00
1773520200000,70700.0,70829.0,70687.8,70769.8,418.8443,2026-03-14 20:30:00
1773522000000,70769.7,70769.7,70623.4,70650.1,413.9735,2026-03-14 21:00:00
1773523800000,70650.1,70786.0,70639.6,70765.8,214.143,2026-03-14 21:30:00
1773525600000,70765.8,70775.0,70671.4,70700.1,275.8499,2026-03-14 22:00:00
1773527400000,70700.0,70771.0,70656.1,70675.7,154.0719,2026-03-14 22:30:00
1773529200000,70675.7,71100.0,70675.7,70990.0,1628.694,2026-03-14 23:00:00
1773531000000,70990.0,71212.1,70981.6,71172.8,998.6302,2026-03-14 23:30:00
1773532800000,71172.8,71176.9,70957.8,71032.9,964.0485,2026-03-15 00:00:00
1773534600000,71032.9,71076.6,70925.0,70944.9,493.0698,2026-03-15 00:30:00
1773536400000,70944.9,71003.7,70850.1,70899.5,493.2633,2026-03-15 01:00:00
1773538200000,70899.6,71002.3,70810.5,70955.7,521.0029,2026-03-15 01:30:00
1773540000000,70955.7,71364.5,70955.7,71225.5,2138.0842,2026-03-15 02:00:00
1773541800000,71225.5,71598.7,71121.4,71410.1,2547.6589,2026-03-15 02:30:00
1773543600000,71410.1,71488.0,71283.3,71299.9,1008.9756,2026-03-15 03:00:00
1773545400000,71299.9,71405.7,71189.4,71318.9,984.3046,2026-03-15 03:30:00
1773547200000,71318.9,71644.5,71286.7,71499.7,1754.2592,2026-03-15 04:00:00
1773549000000,71499.7,71554.4,71408.0,71543.9,656.9064,2026-03-15 04:30:00
1773550800000,71544.0,71786.2,71435.1,71607.5,1444.8644,2026-03-15 05:00:00
1773552600000,71607.5,71666.0,71450.0,71460.2,919.5146,2026-03-15 05:30:00
1773554400000,71460.3,71563.9,71422.0,71437.9,700.7829,2026-03-15 06:00:00
1773556200000,71438.0,71450.0,71350.2,71423.3,784.0582,2026-03-15 06:30:00
1773558000000,71423.2,71633.6,71391.7,71528.6,951.1198,2026-03-15 07:00:00
1773559800000,71528.6,71528.7,71370.0,71416.0,712.421,2026-03-15 07:30:00
1773561600000,71416.1,71650.0,71416.1,71550.1,875.1789,2026-03-15 08:00:00
1773563400000,71550.1,71680.0,71456.7,71680.0,615.1494,2026-03-15 08:30:00
1773565200000,71679.9,71900.0,71668.0,71809.9,2376.6887,2026-03-15 09:00:00
1773567000000,71809.9,71833.0,71663.4,71750.0,688.3599,2026-03-15 09:30:00
1773568800000,71750.1,71882.2,71672.2,71819.9,587.9137,2026-03-15 10:00:00
1773570600000,71820.0,71825.6,71730.0,71738.4,447.4044,2026-03-15 10:30:00
1773572400000,71738.4,71793.0,71610.2,71657.9,872.2063,2026-03-15 11:00:00
1773574200000,71658.0,71878.9,71630.0,71802.8,858.779,2026-03-15 11:30:00
1773576000000,71802.8,71805.5,71633.0,71673.4,579.8698,2026-03-15 12:00:00
1773577800000,71673.3,71704.8,71518.0,71574.7,939.7561,2026-03-15 12:30:00
1773579600000,71574.8,71646.1,71223.0,71489.0,3113.1758,2026-03-15 13:00:00
1773581400000,71488.9,71582.3,71250.0,71568.4,1736.9392,2026-03-15 13:30:00
1773583200000,71568.3,71595.8,71368.0,71422.1,1025.0569,2026-03-15 14:00:00
1773585000000,71422.0,71599.7,71310.0,71596.2,1015.3363,2026-03-15 14:30:00
1773586800000,71596.2,71600.0,71413.8,71440.8,681.0857,2026-03-15 15:00:00
1773588600000,71440.8,71518.7,71380.0,71450.1,475.7941,2026-03-15 15:30:00
1773590400000,71450.0,71556.1,71237.0,71364.7,1115.7783,2026-03-15 16:00:00
1773592200000,71364.8,71467.7,71288.0,71400.0,873.8781,2026-03-15 16:30:00
1773594000000,71400.0,71517.3,71372.1,71473.2,599.3696,2026-03-15 17:00:00
1773595800000,71473.2,71969.5,71442.0,71781.7,2711.6519,2026-03-15 17:30:00
1773597600000,71781.8,71855.3,71638.1,71696.9,714.7796,2026-03-15 18:00:00
1773599400000,71696.9,71800.0,71288.0,71350.1,1263.7913,2026-03-15 18:30:00
1773601200000,71350.1,71518.3,71296.0,71478.0,1145.0764,2026-03-15 19:00:00
1773603000000,71477.9,71538.8,71420.8,71511.1,315.8883,2026-03-15 19:30:00
1773604800000,71511.1,71537.6,71390.1,71450.0,261.7108,2026-03-15 20:00:00
1773606600000,71450.0,71914.2,71449.9,71690.3,1290.8157,2026-03-15 20:30:00
1773608400000,71690.4,71772.1,71595.1,71729.7,530.0109,2026-03-15 21:00:00
1773610200000,71729.7,72188.0,71729.7,72075.4,2167.5116,2026-03-15 21:30:00
1773612000000,72075.5,72285.2,71682.3,71894.1,2632.5659,2026-03-15 22:00:00
1773613800000,71894.2,73099.9,71894.2,72709.9,5212.8051,2026-03-15 22:30:00
1773615600000,72709.9,73179.6,72403.8,72443.4,4496.2036,2026-03-15 23:00:00
1773617400000,72443.4,72792.0,72373.4,72774.1,1866.4295,2026-03-15 23:30:00
1773619200000,72774.1,72977.0,72463.1,72474.0,1654.8102,2026-03-16 00:00:00
1773621000000,72474.1,72654.1,72415.0,72496.1,949.5913,2026-03-16 00:30:00
1773622800000,72496.1,72668.9,72213.7,72610.4,1726.5183,2026-03-16 01:00:00
1773624600000,72610.4,72825.0,72438.5,72723.0,1236.3897,2026-03-16 01:30:00
1773626400000,72723.0,72829.5,72337.9,72420.9,1295.8908,2026-03-16 02:00:00
1773628200000,72420.9,72564.0,72327.5,72480.1,725.5719,2026-03-16 02:30:00
1773630000000,72480.1,72843.2,72392.4,72816.1,1145.5562,2026-03-16 03:00:00
1773631800000,72816.0,74316.5,72813.4,73548.0,13666.2147,2026-03-16 03:30:00
1773633600000,73548.0,74053.6,73547.9,73582.8,3252.3572,2026-03-16 04:00:00
1773635400000,73582.9,74449.7,73568.0,73807.9,5284.9588,2026-03-16 04:30:00
1773637200000,73807.9,74060.5,73704.2,73882.6,2309.4168,2026-03-16 05:00:00
1773639000000,73882.7,74229.9,73688.0,74166.1,2537.4691,2026-03-16 05:30:00
1773640800000,74166.1,74180.3,73543.4,73685.4,2570.7162,2026-03-16 06:00:00
1773642600000,73685.4,73828.0,73669.5,73677.9,866.0944,2026-03-16 06:30:00
1773644400000,73678.0,73896.2,73625.6,73797.7,1240.7162,2026-03-16 07:00:00
1773646200000,73797.7,73831.8,73352.0,73428.8,2589.3992,2026-03-16 07:30:00
1773648000000,73428.8,73750.0,73330.0,73331.6,1820.8448,2026-03-16 08:00:00
1773649800000,73331.5,73342.4,72828.8,73109.2,3988.8396,2026-03-16 08:30:00
1773651600000,73109.2,73267.2,73030.0,73248.4,1211.6747,2026-03-16 09:00:00
1773653400000,73248.5,73316.9,73156.7,73232.6,922.4355,2026-03-16 09:30:00
1773655200000,73232.7,73476.0,73232.6,73410.1,1517.9541,2026-03-16 10:00:00
1773657000000,73410.0,73778.4,73164.6,73750.8,2393.3645,2026-03-16 10:30:00
1773658800000,73750.8,73805.9,73500.0,73515.1,1667.7952,2026-03-16 11:00:00
1773660600000,73515.1,73642.5,73479.9,73518.3,848.7759,2026-03-16 11:30:00
1773662400000,73518.2,73873.5,73420.0,73838.8,2766.9434,2026-03-16 12:00:00
1773664200000,73838.8,74024.8,73671.5,73832.1,1962.8425,2026-03-16 12:30:00
1773666000000,73832.1,73984.7,73750.0,73862.9,1344.5476,2026-03-16 13:00:00
1773667800000,73862.9,74499.9,73792.8,74077.8,7167.3179,2026-03-16 13:30:00
1773669600000,74077.9,74430.0,73563.4,73570.0,4240.1014,2026-03-16 14:00:00
1773671400000,73570.0,73589.8,72950.2,73523.9,7282.8862,2026-03-16 14:30:00
1773673200000,73524.0,73862.1,73271.0,73787.9,3593.5454,2026-03-16 15:00:00
1773675000000,73788.0,73996.0,73146.5,73240.9,2823.3606,2026-03-16 15:30:00
1773676800000,73240.8,73470.2,73102.3,73380.1,1926.1263,2026-03-16 16:00:00
1773678600000,73380.2,73900.0,73288.4,73726.8,2180.2549,2026-03-16 16:30:00
1773680400000,73726.8,73910.3,73642.1,73652.7,1471.6955,2026-03-16 17:00:00
1773682200000,73652.7,74042.9,73610.3,73910.5,1942.636,2026-03-16 17:30:00
1773684000000,73910.5,74299.0,73870.1,74219.7,2533.5537,2026-03-16 18:00:00
1773685800000,74219.8,74332.0,73790.1,73879.9,2817.4889,2026-03-16 18:30:00
1773687600000,73880.0,74388.0,73726.2,74085.1,2125.2229,2026-03-16 19:00:00
1773689400000,74085.1,74220.0,73788.4,73930.0,1330.7292,2026-03-16 19:30:00
1773691200000,73930.0,74039.0,73829.6,73945.1,471.1967,2026-03-16 20:00:00
1773693000000,73945.1,74222.1,73945.1,74196.8,699.4398,2026-03-16 20:30:00
1773694800000,74196.9,74498.2,74100.1,74237.2,2070.6799,2026-03-16 21:00:00
1773696600000,74237.2,74794.9,74211.5,74362.7,3492.1967,2026-03-16 21:30:00
1773698400000,74362.7,74880.0,74328.0,74617.4,2736.5847,2026-03-16 22:00:00
1773700200000,74617.4,74829.8,74578.0,74720.3,1151.8287,2026-03-16 22:30:00
1773702000000,74720.4,74729.2,74206.6,74575.1,2317.9633,2026-03-16 23:00:00
1773703800000,74575.0,74877.8,74551.6,74842.3,1348.5078,2026-03-16 23:30:00
1773705600000,74842.2,75500.0,74572.6,75055.8,7442.6151,2026-03-17 00:00:00
1773707400000,75055.8,75291.3,74872.4,75287.5,2203.5528,2026-03-17 00:30:00
1773709200000,75287.5,75953.9,75027.3,75894.4,6633.9832,2026-03-17 01:00:00
1773711000000,75894.4,75983.8,75418.8,75584.1,2761.6401,2026-03-17 01:30:00
1773712800000,75584.1,75649.9,75081.6,75134.0,2315.491,2026-03-17 02:00:00
1773714600000,75134.0,75433.2,75090.0,75170.0,1384.5425,2026-03-17 02:30:00
1773716400000,75169.9,75298.1,74690.4,74802.0,2570.6874,2026-03-17 03:00:00
1773718200000,74802.1,74813.1,74227.5,74438.8,5338.6517,2026-03-17 03:30:00
1773720000000,74438.8,74650.0,74261.0,74392.0,2501.3878,2026-03-17 04:00:00
1773721800000,74391.9,74481.3,73957.0,74214.9,3320.238,2026-03-17 04:30:00
1773723600000,74214.8,74394.9,74056.5,74376.9,1384.3609,2026-03-17 05:00:00
1773725400000,74376.9,74426.1,73750.0,74006.1,2798.8396,2026-03-17 05:30:00
1773727200000,74006.1,74238.6,73845.7,74182.7,2147.3538,2026-03-17 06:00:00
1773729000000,74182.7,74252.7,73920.0,74045.3,1215.7866,2026-03-17 06:30:00
1773730800000,74045.3,74444.2,74030.1,74361.0,1583.8277,2026-03-17 07:00:00
1773732600000,74361.0,74369.0,74186.2,74215.8,707.8618,2026-03-17 07:30:00
1773734400000,74215.9,74420.6,74070.0,74278.7,1150.3888,2026-03-17 08:00:00
1773736200000,74278.8,74409.4,74103.3,74154.5,1152.9871,2026-03-17 08:30:00
1773738000000,74154.6,74379.0,73951.4,74279.4,1980.8934,2026-03-17 09:00:00
1773739800000,74279.4,74295.8,73800.3,73906.0,1288.2681,2026-03-17 09:30:00
1773741600000,73905.9,73933.0,73518.0,73727.6,3487.1513,2026-03-17 10:00:00
1773743400000,73727.6,73770.0,73568.0,73707.8,1254.3424,2026-03-17 10:30:00
1773745200000,73707.8,74049.9,73652.9,73979.1,1739.585,2026-03-17 11:00:00
1773747000000,73979.0,74188.0,73903.9,73989.6,1509.5405,2026-03-17 11:30:00
1773748800000,73989.5,74142.0,73742.4,73762.2,1610.1704,2026-03-17 12:00:00
1773750600000,73762.2,73881.0,73626.0,73708.8,1361.5034,2026-03-17 12:30:00
1773752400000,73708.8,73859.4,73621.6,73673.5,1123.1794,2026-03-17 13:00:00
1773754200000,73673.4,74141.1,73249.4,73581.9,6633.948,2026-03-17 13:30:00
1773756000000,73581.9,73915.3,73380.6,73854.4,2363.8058,2026-03-17 14:00:00
1773757800000,73854.5,74383.3,73854.5,74344.4,3981.4307,2026-03-17 14:30:00
1773759600000,74344.5,74850.0,73942.7,74020.1,7023.0713,2026-03-17 15:00:00
1773761400000,74020.1,74126.0,73627.6,73878.0,2464.3466,2026-03-17 15:30:00
1773763200000,73878.0,74319.6,73817.5,74166.7,1859.9124,2026-03-17 16:00:00
1773765000000,74166.7,74225.1,73950.0,74119.9,1428.1868,2026-03-17 16:30:00
1773766800000,74120.0,74423.0,73968.3,74257.0,1471.6048,2026-03-17 17:00:00
1773768600000,74257.1,74567.7,74183.6,74492.3,1314.318,2026-03-17 17:30:00
1773770400000,74492.3,74633.0,74340.1,74382.3,1678.3973,2026-03-17 18:00:00
1773772200000,74382.3,74739.0,74376.0,74645.6,1216.6609,2026-03-17 18:30:00
1773774000000,74645.6,74773.3,74488.6,74589.7,927.8082,2026-03-17 19:00:00
1773775800000,74589.6,74733.8,74388.1,74472.1,1130.6022,2026-03-17 19:30:00
1773777600000,74472.0,74660.3,74321.9,74617.8,743.2954,2026-03-17 20:00:00
1773779400000,74617.8,74617.8,74447.5,74480.0,381.5992,2026-03-17 20:30:00
1773781200000,74480.0,74762.7,74424.4,74521.6,663.2361,2026-03-17 21:00:00
1773783000000,74521.6,74771.7,74450.1,74651.2,554.4386,2026-03-17 21:30:00
1773784800000,74651.3,74733.1,74331.1,74331.2,662.8217,2026-03-17 22:00:00
1773786600000,74331.2,74355.6,73880.0,74272.0,1586.4716,2026-03-17 22:30:00
1773788400000,74272.0,74368.1,74058.0,74150.0,826.8527,2026-03-17 23:00:00
1773790200000,74150.0,74150.0,73831.3,73870.6,1082.6118,2026-03-17 23:30:00
1773792000000,73870.6,74029.7,73618.2,73737.4,1595.8446,2026-03-18 00:00:00
1773793800000,73737.3,73847.5,73485.7,73820.0,1649.5118,2026-03-18 00:30:00
1773795600000,73820.0,74000.0,73764.4,73969.0,902.005,2026-03-18 01:00:00
1773797400000,73968.9,74172.0,73965.2,74036.8,1634.2931,2026-03-18 01:30:00
1773799200000,74036.8,74258.6,74004.2,74182.9,839.2524,2026-03-18 02:00:00
1773801000000,74182.9,74443.8,74152.3,74299.9,1143.055,2026-03-18 02:30:00
1773802800000,74299.9,74594.7,74205.6,74487.2,1323.3015,2026-03-18 03:00:00
1773804600000,74487.2,74644.4,74382.1,74415.0,1112.8683,2026-03-18 03:30:00
1773806400000,74414.9,74459.0,74214.4,74224.8,813.6283,2026-03-18 04:00:00
1773808200000,74224.9,74236.7,74102.4,74144.3,930.7775,2026-03-18 04:30:00
1773810000000,74144.2,74273.8,74012.0,74035.6,915.2527,2026-03-18 05:00:00
1773811800000,74035.6,74120.0,73800.1,73920.3,1418.1125,2026-03-18 05:30:00
1773813600000,73920.2,74192.6,73904.9,74146.9,1194.5035,2026-03-18 06:00:00
1773815400000,74146.9,74184.8,73900.1,73915.3,842.9103,2026-03-18 06:30:00
1773817200000,73915.3,73960.0,73771.2,73810.2,1261.2919,2026-03-18 07:00:00
1773819000000,73810.2,73879.9,73650.0,73851.9,1939.4536,2026-03-18 07:30:00
1773820800000,73852.0,74041.5,73834.0,74007.5,1200.9061,2026-03-18 08:00:00
1773822600000,74007.5,74090.0,73937.9,74008.9,853.8115,2026-03-18 08:30:00
1773824400000,74008.9,74192.0,74000.0,74119.6,829.3229,2026-03-18 09:00:00
1773826200000,74119.7,74248.8,74070.1,74140.0,846.8999,2026-03-18 09:30:00
1773828000000,74139.9,74223.6,74050.0,74140.1,694.737,2026-03-18 10:00:00
1773829800000,74140.1,74166.6,73750.5,73900.1,1671.539,2026-03-18 10:30:00
1773831600000,73900.1,74047.3,73546.0,73562.8,2737.4521,2026-03-18 11:00:00
1773833400000,73562.9,73576.3,72750.0,72913.4,9387.6251,2026-03-18 11:30:00
1773835200000,72913.5,72948.9,72626.0,72785.4,3997.4141,2026-03-18 12:00:00
1773837000000,72785.4,72785.4,72222.0,72324.0,5783.1017,2026-03-18 12:30:00
1773838800000,72324.0,72500.0,72079.1,72438.4,3958.8506,2026-03-18 13:00:00
1773840600000,72438.4,72525.5,71930.0,72097.2,4424.7601,2026-03-18 13:30:00
1773842400000,72097.2,72184.2,71580.8,71616.2,5001.3184,2026-03-18 14:00:00
1773844200000,71616.3,71825.6,71032.4,71154.2,7068.0471,2026-03-18 14:30:00
1773846000000,71154.2,71432.5,70812.1,71254.6,7634.3554,2026-03-18 15:00:00
1773847800000,71254.6,71500.3,71161.2,71436.4,3116.3682,2026-03-18 15:30:00
1773849600000,71436.4,71539.2,71064.0,71197.2,2636.1587,2026-03-18 16:00:00
1773851400000,71197.1,71428.0,70984.5,71280.6,2241.4154,2026-03-18 16:30:00
1773853200000,71280.7,71476.2,71157.3,71440.0,1716.6476,2026-03-18 17:00:00
1773855000000,71440.1,71712.6,71308.3,71553.0,2754.48,2026-03-18 17:30:00
1773856800000,71553.1,71964.9,71511.0,71636.4,4398.081,2026-03-18 18:00:00
1773858600000,71636.4,71819.0,70895.8,71056.7,3458.7528,2026-03-18 18:30:00
1773860400000,71056.7,71453.7,71037.5,71240.7,1641.9551,2026-03-18 19:00:00
1773862200000,71240.6,71315.9,70880.0,71022.4,1924.5897,2026-03-18 19:30:00
1773864000000,71022.4,71022.4,70452.8,70940.0,4303.3731,2026-03-18 20:00:00
1773865800000,70940.1,71293.4,70912.1,71171.7,1486.905,2026-03-18 20:30:00
1773867600000,71171.7,71390.0,71136.7,71201.6,828.657,2026-03-18 21:00:00
1773869400000,71201.6,71371.4,71125.0,71226.7,703.7246,2026-03-18 21:30:00
1773871200000,71226.7,71232.1,70911.4,71058.2,962.2792,2026-03-18 22:00:00
1773873000000,71058.3,71115.0,70910.0,71114.9,809.2781,2026-03-18 22:30:00
1773874800000,71114.9,71229.3,71026.9,71172.1,708.7654,2026-03-18 23:00:00
1773876600000,71172.0,71330.0,71172.0,71211.6,643.21,2026-03-18 23:30:00
1773878400000,71211.6,71287.9,71052.8,71260.7,797.8715,2026-03-19 00:00:00
1773880200000,71260.7,71267.5,70943.6,70970.6,860.5009,2026-03-19 00:30:00
1773882000000,70970.5,71079.7,70920.1,71044.5,864.2143,2026-03-19 01:00:00
1773883800000,71044.6,71151.9,70981.0,71081.4,782.0959,2026-03-19 01:30:00
1773885600000,71081.4,71216.6,70862.5,71216.6,1003.5361,2026-03-19 02:00:00
1773887400000,71216.6,71220.0,71001.0,71016.5,660.7275,2026-03-19 02:30:00
1773889200000,71016.5,71582.9,71010.0,71457.6,2212.9757,2026-03-19 03:00:00
1773891000000,71457.7,71500.0,71166.9,71180.0,1353.0961,2026-03-19 03:30:00
1773892800000,71180.0,71180.1,70638.7,70705.9,3093.5624,2026-03-19 04:00:00
1773894600000,70705.8,70864.4,70628.0,70792.6,1176.5816,2026-03-19 04:30:00
1773896400000,70792.6,70880.0,70638.4,70664.0,810.814,2026-03-19 05:00:00
1773898200000,70664.0,70849.8,70630.0,70795.1,716.0321,2026-03-19 05:30:00
1773900000000,70795.0,70933.0,70695.7,70700.0,961.9494,2026-03-19 06:00:00
1773901800000,70700.0,70731.6,70448.2,70548.2,1995.111,2026-03-19 06:30:00
1773903600000,70548.2,70574.0,69438.0,69777.7,10772.7952,2026-03-19 07:00:00
1773905400000,69777.8,70276.6,69756.0,70149.0,3302.8037,2026-03-19 07:30:00
1773907200000,70149.0,70260.0,70020.0,70023.5,1314.6445,2026-03-19 08:00:00
1773909000000,70023.5,70128.5,69856.5,69952.2,2088.6808,2026-03-19 08:30:00
1773910800000,69952.2,70430.6,69936.4,70215.7,2380.3958,2026-03-19 09:00:00
1773912600000,70215.7,70533.8,70065.0,70461.2,2150.1505,2026-03-19 09:30:00
1773914400000,70461.2,70508.3,70338.0,70368.7,1199.7848,2026-03-19 10:00:00
1773916200000,70368.6,70382.1,70071.2,70091.5,1077.621,2026-03-19 10:30:00
1773918000000,70091.5,70238.3,70034.4,70158.3,1091.9848,2026-03-19 11:00:00
1773919800000,70158.3,70212.3,69868.9,69920.2,1798.2673,2026-03-19 11:30:00
1773921600000,69920.2,69920.3,69518.0,69583.0,3752.8554,2026-03-19 12:00:00
1773923400000,69583.1,69744.4,69056.8,69266.9,4758.1624,2026-03-19 12:30:00
1773925200000,69266.9,69488.0,69036.1,69314.7,4076.8257,2026-03-19 13:00:00
1773927000000,69314.7,70055.3,69210.5,69875.3,5083.3024,2026-03-19 13:30:00
1773928800000,69875.4,70130.9,69100.0,69139.9,4560.5521,2026-03-19 14:00:00
1773930600000,69139.9,69564.8,69068.6,69453.4,3611.8865,2026-03-19 14:30:00
1773932400000,69453.4,69898.7,69177.0,69177.1,3632.8154,2026-03-19 15:00:00
1773934200000,69177.1,69527.8,68755.0,69375.0,8180.7606,2026-03-19 15:30:00
1773936000000,69375.0,69576.4,69131.7,69490.8,2819.8703,2026-03-19 16:00:00
1773937800000,69490.9,69614.2,69224.4,69427.0,1965.3299,2026-03-19 16:30:00
1773939600000,69427.0,69738.2,69090.7,69627.0,2762.3534,2026-03-19 17:00:00
1773941400000,69627.0,69927.7,69450.4,69817.9,2004.2726,2026-03-19 17:30:00
1773943200000,69817.9,69897.6,69585.1,69623.3,1309.1452,2026-03-19 18:00:00
1773945000000,69623.2,69822.6,69542.3,69783.0,1141.8819,2026-03-19 18:30:00
1773946800000,69782.9,70564.4,69760.1,70248.6,5671.7657,2026-03-19 19:00:00
1773948600000,70248.7,70457.3,70123.6,70230.0,1787.5606,2026-03-19 19:30:00
1773950400000,70230.0,70439.9,70150.9,70300.0,825.1558,2026-03-19 20:00:00
1773952200000,70299.9,70638.0,70281.1,70444.0,933.7075,2026-03-19 20:30:00
1773954000000,70444.0,70655.2,70399.0,70505.0,957.4369,2026-03-19 21:00:00
1773955800000,70505.0,70545.9,70324.8,70369.9,1013.5806,2026-03-19 21:30:00
1773957600000,70369.9,70466.0,70257.5,70340.1,649.1384,2026-03-19 22:00:00
1773959400000,70340.1,70340.1,69913.7,70149.7,1325.5906,2026-03-19 22:30:00
1773961200000,70149.6,70254.6,69929.3,70111.0,884.2744,2026-03-19 23:00:00
1773963000000,70111.0,70156.7,69676.4,69884.8,1706.7596,2026-03-19 23:30:00
1773964800000,69884.8,70140.0,69800.0,70071.2,1150.3184,2026-03-20 00:00:00
1773966600000,70071.3,70277.0,70017.3,70164.9,884.3507,2026-03-20 00:30:00
1773968400000,70164.9,70416.4,70142.0,70357.0,1130.0006,2026-03-20 01:00:00
1773970200000,70357.0,70554.9,70351.0,70370.0,1134.0759,2026-03-20 01:30:00
1773972000000,70370.0,70452.8,70138.4,70206.6,1035.5339,2026-03-20 02:00:00
1773973800000,70206.5,70483.2,70042.1,70379.0,1389.0917,2026-03-20 02:30:00
1773975600000,70379.1,70633.9,70347.8,70631.1,1470.9133,2026-03-20 03:00:00
1773977400000,70631.0,70778.8,70522.1,70693.2,2447.8024,2026-03-20 03:30:00
1773979200000,70693.1,70930.0,70663.4,70876.6,1818.9818,2026-03-20 04:00:00
1773981000000,70876.7,70883.3,70511.0,70738.1,1785.9302,2026-03-20 04:30:00
1773982800000,70738.1,70833.3,70570.6,70589.9,845.7485,2026-03-20 05:00:00
1773984600000,70590.0,70697.2,70460.0,70560.0,1049.8338,2026-03-20 05:30:00
1773986400000,70560.1,70616.7,70365.3,70454.6,1429.5956,2026-03-20 06:00:00
1773988200000,70454.6,70510.0,70314.8,70463.7,1023.2005,2026-03-20 06:30:00
1773990000000,70463.6,70520.0,70174.1,70423.2,2401.1919,2026-03-20 07:00:00
1773991800000,70423.2,70906.8,70390.1,70821.9,2602.7643,2026-03-20 07:30:00
1773993600000,70821.9,71343.7,70757.7,71209.0,4869.107,2026-03-20 08:00:00
1773995400000,71209.0,71212.6,70971.3,71010.7,1784.4914,2026-03-20 08:30:00
1773997200000,71010.7,71022.0,70380.0,70481.7,3608.3352,2026-03-20 09:00:00
1773999000000,70481.7,70733.0,70452.0,70554.0,2583.4637,2026-03-20 09:30:00
1774000800000,70553.9,70573.3,70181.6,70298.1,2410.3797,2026-03-20 10:00:00
1774002600000,70298.0,70648.0,70279.9,70585.6,1475.2153,2026-03-20 10:30:00
1774004400000,70585.5,70776.8,70530.9,70676.0,1458.6333,2026-03-20 11:00:00
1774006200000,70676.1,70689.5,70270.1,70445.1,1970.1202,2026-03-20 11:30:00
1774008000000,70445.0,70652.0,70375.0,70412.8,1704.8954,2026-03-20 12:00:00
1774009800000,70412.7,70429.0,70207.0,70310.1,1317.5423,2026-03-20 12:30:00
1774011600000,70310.0,70587.8,70214.4,70469.0,1672.1816,2026-03-20 13:00:00
1774013400000,70468.9,70484.4,69759.7,69837.5,7087.0451,2026-03-20 13:30:00
1774015200000,69837.5,70066.0,69555.1,69911.2,7158.8132,2026-03-20 14:00:00
1774017000000,69911.2,70240.0,69622.0,69708.0,4044.4988,2026-03-20 14:30:00
1774018800000,69708.1,69976.9,69453.8,69793.6,4004.584,2026-03-20 15:00:00
1774020600000,69793.6,69974.5,69725.0,69840.1,1851.7799,2026-03-20 15:30:00
1774022400000,69840.0,70072.3,69825.0,69992.0,1901.5236,2026-03-20 16:00:00
1774024200000,69992.0,69998.1,69580.0,69804.0,1826.5366,2026-03-20 16:30:00
1774026000000,69804.0,69932.6,69610.0,69623.9,1391.9201,2026-03-20 17:00:00
1774027800000,69623.8,69998.0,69354.6,69965.2,2896.9603,2026-03-20 17:30:00
1774029600000,69965.2,70049.7,69608.8,69640.0,2197.4182,2026-03-20 18:00:00
1774031400000,69639.9,69871.5,69478.2,69730.0,2065.9757,2026-03-20 18:30:00
1774033200000,69730.1,69950.0,69655.3,69839.9,1508.4005,2026-03-20 19:00:00
1774035000000,69840.0,70154.5,69631.6,70146.9,2211.5734,2026-03-20 19:30:00
1774036800000,70146.9,70222.0,69916.4,69940.3,1028.7673,2026-03-20 20:00:00
1774038600000,69940.4,70054.8,69720.0,70014.8,1332.7911,2026-03-20 20:30:00
1774040400000,70014.8,70575.6,69909.6,70468.9,2363.5565,2026-03-20 21:00:00
1774042200000,70468.9,70733.0,70344.9,70506.8,1284.3258,2026-03-20 21:30:00
1774044000000,70506.9,70911.2,70479.6,70658.0,1778.5019,2026-03-20 22:00:00
1774045800000,70658.1,70800.0,70588.4,70733.1,844.9423,2026-03-20 22:30:00
1774047600000,70733.2,70741.0,70400.0,70450.1,1164.0947,2026-03-20 23:00:00
1774049400000,70450.1,70573.1,70427.0,70476.2,552.1458,2026-03-20 23:30:00
1774051200000,70476.2,70797.0,70434.8,70627.1,1092.6759,2026-03-21 00:00:00
1774053000000,70627.1,70700.0,70531.2,70653.7,495.9314,2026-03-21 00:30:00
1774054800000,70653.8,70735.0,70549.9,70580.0,371.7736,2026-03-21 01:00:00
1774056600000,70580.0,70618.0,70433.8,70439.4,787.9895,2026-03-21 01:30:00
1774058400000,70439.5,70666.0,70407.1,70613.7,782.4325,2026-03-21 02:00:00
1774060200000,70613.6,70750.0,70536.9,70699.9,744.5001,2026-03-21 02:30:00
1774062000000,70699.8,70750.0,70621.4,70673.9,571.8139,2026-03-21 03:00:00
1774063800000,70673.9,70673.9,70590.1,70637.2,359.5011,2026-03-21 03:30:00
1774065600000,70637.1,70784.9,70632.9,70715.2,707.1039,2026-03-21 04:00:00
1774067400000,70715.2,70715.2,70580.0,70604.1,518.9008,2026-03-21 04:30:00
1774069200000,70604.1,70752.7,70588.0,70736.9,550.3806,2026-03-21 05:00:00
1774071000000,70736.9,70794.8,70645.0,70666.4,618.3419,2026-03-21 05:30:00
1774072800000,70666.3,70779.9,70657.7,70765.3,506.2498,2026-03-21 06:00:00
1774074600000,70765.2,70784.4,70704.4,70732.4,363.8823,2026-03-21 06:30:00
1774076400000,70732.4,70835.0,70689.5,70833.7,672.3753,2026-03-21 07:00:00
1774078200000,70833.8,70834.8,70636.8,70682.9,827.3752,2026-03-21 07:30:00
1774080000000,70682.9,70723.7,70480.7,70490.0,1339.7623,2026-03-21 08:00:00
1774081800000,70490.0,70604.8,70416.5,70557.9,1203.5715,2026-03-21 08:30:00
1774083600000,70557.9,70710.3,70514.9,70546.1,690.0743,2026-03-21 09:00:00
1774085400000,70546.1,70668.1,70536.9,70627.7,402.4432,2026-03-21 09:30:00
1774087200000,70627.8,70692.4,70525.5,70543.2,488.8748,2026-03-21 10:00:00
1774089000000,70543.3,70598.6,70530.0,70575.6,172.0938,2026-03-21 10:30:00
1774090800000,70575.7,70580.0,70528.1,70573.0,250.3718,2026-03-21 11:00:00
1774092600000,70573.1,70620.0,70541.9,70618.1,329.1017,2026-03-21 11:30:00
1774094400000,70618.1,70764.5,70618.1,70744.9,760.2645,2026-03-21 12:00:00
1774096200000,70745.0,70745.0,70658.4,70671.2,421.6742,2026-03-21 12:30:00
1774098000000,70671.2,70772.0,70650.9,70693.8,524.6417,2026-03-21 13:00:00
1774099800000,70693.9,70745.0,70670.0,70693.9,419.096,2026-03-21 13:30:00
1774101600000,70694.0,71087.7,70693.9,70890.2,2298.6137,2026-03-21 14:00:00
1774103400000,70890.2,70979.1,70550.1,70588.6,2054.0169,2026-03-21 14:30:00
1774105200000,70588.5,70639.5,70426.0,70639.5,1369.0839,2026-03-21 15:00:00
1774107000000,70639.5,70732.1,70574.5,70588.2,600.2671,2026-03-21 15:30:00
1774108800000,70588.3,70623.0,70289.0,70382.3,1520.2897,2026-03-21 16:00:00
1774110600000,70382.2,70446.5,70200.0,70275.8,1504.2016,2026-03-21 16:30:00
1774112400000,70275.7,70379.3,70164.5,70327.7,928.1369,2026-03-21 17:00:00
1774114200000,70327.8,70393.9,70233.2,70276.5,441.7433,2026-03-21 17:30:00
1774116000000,70276.5,70414.4,70259.0,70372.2,447.6632,2026-03-21 18:00:00
1774117800000,70372.3,70498.5,70341.0,70364.8,453.6288,2026-03-21 18:30:00
1774119600000,70364.8,70415.5,70360.0,70382.1,238.1046,2026-03-21 19:00:00
1774121400000,70382.1,70392.9,70288.5,70360.9,309.7523,2026-03-21 19:30:00
1774123200000,70360.8,70440.7,70325.7,70417.4,294.5444,2026-03-21 20:00:00
1774125000000,70417.5,70467.4,70402.2,70423.5,574.8821,2026-03-21 20:30:00
1774126800000,70423.5,70472.7,70317.0,70321.4,610.7735,2026-03-21 21:00:00
1774128600000,70321.3,70365.9,70231.0,70320.8,518.6534,2026-03-21 21:30:00
1774130400000,70320.9,70378.0,70234.1,70250.9,425.214,2026-03-21 22:00:00
1774132200000,70250.9,70340.0,70238.0,70252.7,441.6442,2026-03-21 22:30:00
1774134000000,70252.7,70276.7,70088.8,70088.9,1122.3481,2026-03-21 23:00:00
1774135800000,70088.9,70169.0,68518.8,68889.3,9987.6773,2026-03-21 23:30:00
1774137600000,68889.3,69034.4,68188.0,68859.8,7698.9335,2026-03-22 00:00:00
1774139400000,68859.8,69122.5,68733.3,68905.6,2962.1652,2026-03-22 00:30:00
1774141200000,68905.6,69055.0,68800.0,68986.0,1631.0018,2026-03-22 01:00:00
1774143000000,68985.9,69043.5,68722.0,68925.4,1749.8728,2026-03-22 01:30:00
1774144800000,68925.3,69376.4,68903.8,69307.1,2061.4389,2026-03-22 02:00:00
1774146600000,69307.9,69327.0,69157.6,69235.2,1221.2542,2026-03-22 02:30:00
1774148400000,69235.1,69499.5,69080.7,69395.1,1138.0817,2026-03-22 03:00:00
1774150200000,69395.0,69576.8,69241.1,69304.6,1991.9407,2026-03-22 03:30:00
1774152000000,69304.5,69485.0,69180.2,69230.5,1362.9335,2026-03-22 04:00:00
1774153800000,69230.5,69366.7,69171.6,69306.9,919.5954,2026-03-22 04:30:00
1774155600000,69306.9,69321.2,69117.9,69136.6,824.699,2026-03-22 05:00:00
1774157400000,69136.6,69223.1,69095.7,69115.6,758.8178,2026-03-22 05:30:00
1774159200000,69115.5,69203.3,69030.1,69203.2,1228.0979,2026-03-22 06:00:00
1774161000000,69203.3,69209.4,69120.0,69126.1,380.2663,2026-03-22 06:30:00
1774162800000,69126.1,69217.1,69089.2,69140.5,458.8487,2026-03-22 07:00:00
1774164600000,69140.5,69141.0,68850.0,68883.5,1526.2435,2026-03-22 07:30:00
1774166400000,68883.4,68951.0,68466.7,68588.1,4556.292,2026-03-22 08:00:00
1774168200000,68588.0,68795.3,68528.8,68770.0,1319.9901,2026-03-22 08:30:00
1774170000000,68770.0,68870.0,68536.7,68613.9,1608.1953,2026-03-22 09:00:00
1774171800000,68613.9,68809.6,68603.4,68780.0,625.0623,2026-03-22 09:30:00
1774173600000,68780.0,68801.0,68600.0,68692.0,1399.1601,2026-03-22 10:00:00
1774175400000,68692.0,68731.7,68548.0,68600.6,1074.9884,2026-03-22 10:30:00
1774177200000,68600.6,68651.9,68333.0,68380.1,1439.2724,2026-03-22 11:00:00
1774179000000,68380.2,68480.0,68001.0,68182.0,3161.4686,2026-03-22 11:30:00
1774180800000,68182.1,68741.0,68160.2,68624.0,2664.6777,2026-03-22 12:00:00
1774182600000,68624.0,68650.0,68517.6,68615.7,862.1486,2026-03-22 12:30:00
1774184400000,68615.8,68924.5,68615.8,68760.0,2437.7755,2026-03-22 13:00:00
1774186200000,68760.0,68800.0,68501.0,68657.1,1438.1659,2026-03-22 13:30:00
1774188000000,68657.2,68868.4,68472.7,68805.8,1247.9069,2026-03-22 14:00:00
1774189800000,68805.8,68874.2,68604.6,68675.6,1046.1077,2026-03-22 14:30:00
1774191600000,68675.6,68981.4,68675.6,68856.9,2278.8211,2026-03-22 15:00:00
1774193400000,68857.0,68872.0,68666.0,68810.1,823.0757,2026-03-22 15:30:00
1774195200000,68810.0,68850.0,68626.0,68666.4,705.3355,2026-03-22 16:00:00
1774197000000,68666.4,68828.3,68618.4,68762.3,522.3858,2026-03-22 16:30:00
1774198800000,68762.2,68817.2,68698.0,68778.6,366.4296,2026-03-22 17:00:00
1774200600000,68778.6,68795.5,68632.7,68632.7,562.6097,2026-03-22 17:30:00
1774202400000,68632.7,68700.0,68555.0,68655.7,766.0481,2026-03-22 18:00:00
1774204200000,68655.7,68709.8,68289.5,68578.8,1300.3622,2026-03-22 18:30:00
1774206000000,68578.8,68589.6,68239.1,68249.9,1049.5805,2026-03-22 19:00:00
1774207800000,68249.9,68375.0,68101.3,68166.7,1620.1283,2026-03-22 19:30:00
1774209600000,68166.7,68465.0,68166.7,68283.0,794.1534,2026-03-22 20:00:00
1774211400000,68283.0,68336.6,68019.1,68131.0,797.966,2026-03-22 20:30:00
1774213200000,68131.0,68186.0,67307.6,67767.0,7597.5506,2026-03-22 21:00:00
1774215000000,67767.0,67947.8,67632.6,67862.2,1156.7964,2026-03-22 21:30:00
1774216800000,67862.0,68333.0,67531.8,68219.3,3383.0519,2026-03-22 22:00:00
1774218600000,68219.2,68362.6,68053.1,68299.3,1045.8679,2026-03-22 22:30:00
1774220400000,68299.4,68437.4,68070.0,68070.1,1607.5886,2026-03-22 23:00:00
1774222200000,68070.0,68128.5,67803.0,67830.9,1394.3761,2026-03-22 23:30:00
1774224000000,67830.9,68139.3,67738.2,67962.0,2370.2794,2026-03-23 00:00:00
1774225800000,67962.0,67969.1,67417.0,67640.6,2981.2684,2026-03-23 00:30:00
1774227600000,67640.5,68089.8,67500.1,68046.1,2569.0287,2026-03-23 01:00:00
1774229400000,68046.1,68120.0,67868.8,67881.3,1483.1998,2026-03-23 01:30:00
1774231200000,67881.3,68272.9,67767.6,68234.4,1889.6329,2026-03-23 02:00:00
1774233000000,68234.5,68360.0,68133.3,68275.9,1684.504,2026-03-23 02:30:00
1774234800000,68275.9,68562.0,68135.1,68174.1,2082.1402,2026-03-23 03:00:00
1774236600000,68174.1,68200.0,68022.9,68049.0,703.6461,2026-03-23 03:30:00
1774238400000,68049.1,68194.9,68025.9,68190.0,721.515,2026-03-23 04:00:00
1774240200000,68189.9,68513.1,68185.7,68504.9,1441.7765,2026-03-23 04:30:00
1774242000000,68505.0,68849.8,68504.9,68651.9,3238.3869,2026-03-23 05:00:00
1774243800000,68651.9,68874.0,68533.3,68865.4,2243.6555,2026-03-23 05:30:00
1774245600000,68865.3,68867.5,68465.7,68540.7,1522.4316,2026-03-23 06:00:00
1774247400000,68540.8,68540.8,67666.0,67850.0,5226.803,2026-03-23 06:30:00
1774249200000,67850.0,67973.4,67469.7,67784.6,4877.3235,2026-03-23 07:00:00
1774251000000,67784.6,68424.0,67748.8,68303.6,3520.9583,2026-03-23 07:30:00
1774252800000,68303.7,68679.0,68303.7,68436.5,2743.7485,2026-03-23 08:00:00
1774254600000,68436.5,68623.0,68287.9,68400.0,1460.5617,2026-03-23 08:30:00
1774256400000,68400.1,68443.7,68114.5,68224.1,1642.442,2026-03-23 09:00:00
1774258200000,68224.1,68312.9,67876.3,68312.8,2063.5313,2026-03-23 09:30:00
1774260000000,68312.8,68696.8,68272.0,68424.9,2553.3747,2026-03-23 10:00:00
1774261800000,68424.9,68547.7,68262.3,68510.2,1197.5192,2026-03-23 10:30:00
1774263600000,68510.3,71487.0,68502.9,70687.2,32664.6677,2026-03-23 11:00:00
1774265400000,70687.2,71210.8,70030.4,70099.9,10480.6669,2026-03-23 11:30:00
1774267200000,70099.9,70477.0,69656.2,70312.1,7265.0104,2026-03-23 12:00:00
1774269000000,70312.0,70850.6,70136.3,70711.3,4498.9978,2026-03-23 12:30:00
1774270800000,70711.4,70874.8,70556.8,70781.8,2357.1778,2026-03-23 13:00:00
1774272600000,70781.7,71571.2,70618.1,71449.9,7259.7929,2026-03-23 13:30:00
1774274400000,71449.9,71777.0,71258.0,71313.1,5820.2133,2026-03-23 14:00:00
1774276200000,71313.2,71499.9,71081.1,71410.7,3144.9434,2026-03-23 14:30:00
1774278000000,71410.8,71638.0,70834.9,70866.0,3347.7257,2026-03-23 15:00:00
1774279800000,70866.0,70950.9,70069.9,70099.0,7896.8203,2026-03-23 15:30:00
1774281600000,70098.9,70539.1,70095.0,70191.6,4052.0115,2026-03-23 16:00:00
1774283400000,70191.5,70735.4,70122.6,70543.5,2599.6457,2026-03-23 16:30:00
1774285200000,70543.5,70714.5,70325.3,70507.8,1405.3015,2026-03-23 17:00:00
1774287000000,70507.7,71090.8,70490.0,71053.0,2527.0855,2026-03-23 17:30:00
1774288800000,71053.0,71137.7,70839.3,70849.7,1467.397,2026-03-23 18:00:00
1774290600000,70849.7,71169.7,70849.7,71041.1,1575.6415,2026-03-23 18:30:00
1774292400000,71041.1,71213.0,70757.2,70999.7,3083.3963,2026-03-23 19:00:00
1774294200000,70999.7,71033.8,70603.5,70643.7,1179.7893,2026-03-23 19:30:00
1774296000000,70643.7,70798.0,70513.4,70764.5,1085.3783,2026-03-23 20:00:00
1774297800000,70764.5,70953.5,70752.3,70878.4,432.3508,2026-03-23 20:30:00
1774299600000,70878.5,70949.9,70778.5,70858.0,356.6731,2026-03-23 21:00:00
1774301400000,70858.0,70950.0,70784.0,70816.7,555.725,2026-03-23 21:30:00
1774303200000,70816.8,70865.6,70518.3,70596.6,750.6747,2026-03-23 22:00:00
1774305000000,70596.6,70772.0,70475.0,70742.0,594.151,2026-03-23 22:30:00
1774306800000,70742.0,70772.2,70366.0,70676.6,967.4459,2026-03-23 23:00:00
1774308600000,70676.5,70974.5,70585.0,70862.0,1205.9605,2026-03-23 23:30:00
1774310400000,70862.0,71058.4,70619.4,70685.0,1661.3635,2026-03-24 00:00:00
1774312200000,70685.0,70780.0,70383.1,70645.8,1519.2366,2026-03-24 00:30:00
1774314000000,70645.9,70845.5,70462.1,70796.3,1095.9104,2026-03-24 01:00:00
1774315800000,70796.3,70847.6,70235.1,70483.9,1938.8608,2026-03-24 01:30:00
1774317600000,70483.9,70668.6,70388.0,70531.4,1121.7342,2026-03-24 02:00:00
1774319400000,70531.4,70606.1,70325.0,70421.5,1329.2061,2026-03-24 02:30:00
1774321200000,70421.5,70559.9,70370.6,70517.8,705.5872,2026-03-24 03:00:00
1774323000000,70517.8,70542.1,70405.0,70519.8,537.1157,2026-03-24 03:30:00
1774324800000,70519.8,70726.7,70488.0,70505.4,947.6466,2026-03-24 04:00:00
1774326600000,70505.5,70505.5,70226.4,70353.0,1482.7612,2026-03-24 04:30:00
1774328400000,70353.0,70356.9,70093.0,70152.2,1971.0228,2026-03-24 05:00:00
1774330200000,70152.2,70349.9,70121.7,70254.6,829.5951,2026-03-24 05:30:00
1774332000000,70254.6,70444.0,70224.0,70350.1,1154.9862,2026-03-24 06:00:00
1774333800000,70350.1,70550.0,70350.1,70511.2,1033.5955,2026-03-24 06:30:00
1774335600000,70511.2,70985.0,70454.9,70890.8,3779.7955,2026-03-24 07:00:00
1774337400000,70890.7,71375.0,70781.5,71260.7,3802.066,2026-03-24 07:30:00
1774339200000,71260.7,71312.5,70827.6,70884.8,2713.7022,2026-03-24 08:00:00
1774341000000,70884.7,71080.0,70830.2,70935.7,1664.2628,2026-03-24 08:30:00
1774342800000,70935.7,71018.6,70814.0,70986.6,1400.0698,2026-03-24 09:00:00
1774344600000,70986.6,71339.7,70951.2,71290.7,1818.5508,2026-03-24 09:30:00
1774346400000,71290.6,71300.0,71080.0,71083.9,1166.1927,2026-03-24 10:00:00
1774348200000,71084.0,71264.9,71056.7,71243.2,1065.089,2026-03-24 10:30:00
1774350000000,71243.2,71250.3,70920.0,71031.7,1961.5711,2026-03-24 11:00:00
1774351800000,71031.6,71287.9,70984.0,71128.1,1395.0357,2026-03-24 11:30:00
1774353600000,71128.9,71157.3,70945.1,71057.1,973.4902,2026-03-24 12:00:00
1774355400000,71057.0,71057.1,70833.0,70930.7,1304.8318,2026-03-24 12:30:00
1774357200000,70930.8,71035.0,70530.2,70573.0,2934.549,2026-03-24 13:00:00
1774359000000,70573.1,70753.2,69942.0,70075.0,7096.6685,2026-03-24 13:30:00
1774360800000,70074.9,70435.6,69713.5,69965.7,6015.8803,2026-03-24 14:00:00
1774362600000,69965.8,70112.1,69460.0,69847.4,7158.0623,2026-03-24 14:30:00
1774364400000,69847.4,70222.0,69818.2,69994.6,4022.1952,2026-03-24 15:00:00
1774366200000,69994.6,70155.0,69721.1,69832.1,3585.1342,2026-03-24 15:30:00
1774368000000,69832.0,69980.7,69630.9,69771.9,2004.0597,2026-03-24 16:00:00
1774369800000,69772.0,69815.0,69230.9,69446.9,4099.5253,2026-03-24 16:30:00
1774371600000,69446.9,69490.0,69065.0,69150.8,5075.8943,2026-03-24 17:00:00
1774373400000,69150.8,69310.5,68868.1,69206.2,4191.6982,2026-03-24 17:30:00
1774375200000,69206.2,69460.1,69119.3,69384.0,2499.6998,2026-03-24 18:00:00
1774377000000,69384.1,69720.1,69345.5,69388.4,2258.3955,2026-03-24 18:30:00
1774378800000,69388.4,69666.0,69385.9,69499.9,1176.9317,2026-03-24 19:00:00
1774380600000,69499.9,69500.0,69232.3,69336.5,1094.2747,2026-03-24 19:30:00
1774382400000,69336.5,70263.0,69251.8,69969.7,3525.6193,2026-03-24 20:00:00
1774384200000,69969.7,70226.2,69853.4,70063.9,2352.9728,2026-03-24 20:30:00
1774386000000,70063.9,70180.0,69864.1,70023.2,1386.0977,2026-03-24 21:00:00
1774387800000,70023.3,70373.7,69995.5,70291.1,2002.6616,2026-03-24 21:30:00
1774389600000,70291.1,70553.0,70157.3,70205.4,2024.5546,2026-03-24 22:00:00
1774391400000,70205.3,70360.3,70081.0,70272.0,1335.0674,2026-03-24 22:30:00
1774393200000,70272.1,70739.2,70230.0,70717.5,2289.7831,2026-03-24 23:00:00
1774395000000,70717.6,70804.9,70491.0,70523.8,1550.29,2026-03-24 23:30:00
1774396800000,70523.9,70730.5,70485.5,70632.8,1019.3349,2026-03-25 00:00:00
1774398600000,70632.9,71022.6,70417.6,70805.0,2735.958,2026-03-25 00:30:00
1774400400000,70805.0,70950.0,70650.0,70734.8,1332.3742,2026-03-25 01:00:00
1774402200000,70734.7,70792.8,70596.2,70648.9,1232.841,2026-03-25 01:30:00
1774404000000,70649.2,70679.9,70476.6,70562.0,1246.111,2026-03-25 02:00:00
1774405800000,70562.0,70735.0,70450.0,70499.9,979.3416,2026-03-25 02:30:00
1774407600000,70499.9,70549.8,70362.3,70502.0,1262.2554,2026-03-25 03:00:00
1774409400000,70502.0,70791.9,70502.0,70688.7,1453.5232,2026-03-25 03:30:00
1774411200000,70688.8,70928.6,70673.2,70845.9,971.457,2026-03-25 04:00:00
1774413000000,70846.0,70968.6,70704.2,70940.8,892.7372,2026-03-25 04:30:00
1774414800000,70940.9,71315.0,70903.5,71165.9,3648.9241,2026-03-25 05:00:00
1774416600000,71165.9,71219.6,71039.1,71083.0,862.235,2026-03-25 05:30:00
1774418400000,71083.0,71220.0,70964.4,71194.9,1240.441,2026-03-25 06:00:00
1774420200000,71195.0,71217.2,70941.5,70949.1,1233.2332,2026-03-25 06:30:00
1774422000000,70949.2,71117.3,70911.1,71025.2,1092.3102,2026-03-25 07:00:00
1774423800000,71025.2,71234.0,70841.5,70891.2,2236.8204,2026-03-25 07:30:00
1774425600000,70891.2,71218.8,70752.2,71154.5,2546.0933,2026-03-25 08:00:00
1774427400000,71154.6,71494.0,71140.0,71200.0,3471.3024,2026-03-25 08:30:00
1774429200000,71200.1,71355.0,71117.2,71216.2,1608.0554,2026-03-25 09:00:00
1774431000000,71216.2,71369.2,71040.0,71293.8,1445.81,2026-03-25 09:30:00
1774432800000,71293.7,71445.1,71233.9,71358.5,1501.7881,2026-03-25 10:00:00
1774434600000,71358.4,71651.2,71251.0,71457.3,2356.8866,2026-03-25 10:30:00
1774436400000,71457.3,71949.9,71428.7,71828.0,2938.8347,2026-03-25 11:00:00
1774438200000,71828.1,71989.0,71475.8,71643.6,4712.5232,2026-03-25 11:30:00
1774440000000,71643.6,71816.9,71056.3,71307.0,4517.2091,2026-03-25 12:00:00
1774441800000,71307.0,71932.9,71150.0,71680.0,3535.529,2026-03-25 12:30:00
1774443600000,71680.1,71825.0,71540.6,71588.3,1720.6762,2026-03-25 13:00:00
1774445400000,71588.3,71968.0,71462.1,71539.3,3212.5036,2026-03-25 13:30:00
1774447200000,71539.3,71666.7,71225.1,71339.4,3238.4223,2026-03-25 14:00:00
1774449000000,71339.5,71530.8,71191.9,71209.8,1290.8859,2026-03-25 14:30:00
1774450800000,71209.7,71283.7,70550.0,70989.9,7283.5577,2026-03-25 15:00:00
1774452600000,70989.9,71062.0,70729.6,70799.0,2417.4521,2026-03-25 15:30:00
1774454400000,70799.0,71720.8,70681.9,71467.9,6125.2094,2026-03-25 16:00:00
1774456200000,71468.0,71600.0,71215.1,71289.9,2380.3933,2026-03-25 16:30:00
1774458000000,71290.0,71358.0,70921.4,71036.1,1775.7731,2026-03-25 17:00:00
1774459800000,71036.1,71041.4,70688.0,70749.4,1868.3013,2026-03-25 17:30:00
1774461600000,70749.4,71125.1,70718.6,70938.8,1753.8479,2026-03-25 18:00:00
1774463400000,70938.7,70980.0,70650.0,70787.4,1200.7372,2026-03-25 18:30:00
1774465200000,70787.4,70985.2,70736.7,70929.0,1061.4902,2026-03-25 19:00:00
1774467000000,70928.6,71068.1,70745.8,70855.7,834.3763,2026-03-25 19:30:00
1774468800000,70855.8,70879.6,70606.0,70685.4,937.1722,2026-03-25 20:00:00
1774470600000,70685.3,71030.0,70670.0,70972.9,931.3492,2026-03-25 20:30:00
1774472400000,70973.0,71158.5,70913.1,70949.2,794.5821,2026-03-25 21:00:00
1774474200000,70949.3,71080.0,70927.0,70999.9,298.7948,2026-03-25 21:30:00
1774476000000,70999.9,71100.0,70913.6,71005.6,450.4203,2026-03-25 22:00:00
1774477800000,71005.5,71647.1,70994.0,71342.6,3432.269,2026-03-25 22:30:00
1774479600000,71342.7,71427.3,71209.1,71336.5,863.2812,2026-03-25 23:00:00
1774481400000,71336.5,71362.9,71156.0,71307.0,884.8294,2026-03-25 23:30:00
1774483200000,71307.0,71358.3,71160.0,71268.6,765.8397,2026-03-26 00:00:00
1774485000000,71268.6,71416.7,71102.0,71270.9,1182.0582,2026-03-26 00:30:00
1774486800000,71270.9,71359.8,71128.0,71288.2,1014.294,2026-03-26 01:00:00
1774488600000,71288.2,71329.0,71150.1,71220.0,595.2561,2026-03-26 01:30:00
1774490400000,71220.0,71265.4,70861.4,70873.1,1920.0311,2026-03-26 02:00:00
1774492200000,70873.0,70900.0,70650.0,70865.5,2104.1598,2026-03-26 02:30:00
1774494000000,70865.4,70951.8,70655.0,70683.6,1932.7025,2026-03-26 03:00:00
1774495800000,70683.7,70888.0,70683.6,70879.6,706.5982,2026-03-26 03:30:00
1774497600000,70880.0,70884.6,70686.0,70839.7,600.1318,2026-03-26 04:00:00
1774499400000,70839.8,70867.1,70730.1,70743.0,548.446,2026-03-26 04:30:00
1774501200000,70743.0,70773.8,70443.1,70550.1,2620.6625,2026-03-26 05:00:00
1774503000000,70550.0,70608.1,69917.3,69994.7,3983.2999,2026-03-26 05:30:00
1774504800000,69994.7,70118.0,69833.7,70035.3,3049.1374,2026-03-26 06:00:00
1774506600000,70035.2,70133.0,69951.5,70063.5,1174.3778,2026-03-26 06:30:00
1774508400000,70063.6,70153.5,69865.1,69938.8,1256.232,2026-03-26 07:00:00
1774510200000,69938.8,70134.9,69751.0,70061.6,1944.2816,2026-03-26 07:30:00
1774512000000,70061.5,70100.0,69780.4,69792.6,1529.4108,2026-03-26 08:00:00
1774513800000,69792.7,70024.6,69764.4,69992.1,1502.5329,2026-03-26 08:30:00
1774515600000,69992.1,70120.1,69854.2,69995.4,1773.84,2026-03-26 09:00:00
1774517400000,69995.3,69995.3,69366.1,69550.1,5127.6994,2026-03-26 09:30:00
1774519200000,69550.1,69694.3,69470.0,69620.7,1503.1432,2026-03-26 10:00:00
1774521000000,69620.7,69630.0,69408.5,69485.7,1495.3949,2026-03-26 10:30:00
1774522800000,69485.7,69627.0,69156.0,69290.0,2691.3608,2026-03-26 11:00:00
1774524600000,69290.1,69422.8,69234.2,69238.1,1354.1786,2026-03-26 11:30:00
1774526400000,69238.1,69410.2,69181.4,69387.1,1308.8574,2026-03-26 12:00:00
1774528200000,69387.1,69432.9,69206.4,69400.1,1032.3955,2026-03-26 12:30:00
1774530000000,69400.1,69509.5,69342.5,69367.4,1292.0054,2026-03-26 13:00:00
1774531800000,69367.3,69843.3,69172.9,69614.1,5636.353,2026-03-26 13:30:00
1774533600000,69614.1,69800.0,69358.9,69577.0,2256.9682,2026-03-26 14:00:00
1774535400000,69577.1,69750.0,69219.9,69451.8,2221.8917,2026-03-26 14:30:00
1774537200000,69451.9,69473.2,68495.1,68997.2,8365.8464,2026-03-26 15:00:00
1774539000000,68997.3,69200.0,68873.6,69052.1,2592.5989,2026-03-26 15:30:00
1774540800000,69052.0,69052.0,68821.9,68856.7,2003.2042,2026-03-26 16:00:00
1774542600000,68856.6,68974.4,68791.2,68906.2,1049.2486,2026-03-26 16:30:00
1774544400000,68906.1,69060.0,68877.1,69054.9,1076.077,2026-03-26 17:00:00
1774546200000,69054.9,69142.0,68300.0,68460.7,4557.7163,2026-03-26 17:30:00
1774548000000,68460.8,68575.0,68115.8,68175.0,4109.217,2026-03-26 18:00:00
1774549800000,68175.1,68473.0,68153.0,68466.3,1633.7321,2026-03-26 18:30:00
1774551600000,68466.4,68553.3,68340.4,68406.2,723.9662,2026-03-26 19:00:00
1774553400000,68406.3,68650.4,68323.1,68507.0,1186.2363,2026-03-26 19:30:00
1774555200000,68507.0,69456.0,68400.0,69146.7,6172.6734,2026-03-26 20:00:00
1774557000000,69146.7,69272.7,68903.6,68972.6,967.9481,2026-03-26 20:30:00
1774558800000,68972.6,69170.4,68840.7,69055.3,827.562,2026-03-26 21:00:00
1774560600000,69055.4,69102.1,68866.9,68888.3,515.018,2026-03-26 21:30:00
1774562400000,68888.3,68999.9,68574.6,68723.4,1211.0332,2026-03-26 22:00:00
1774564200000,68723.4,68872.2,68680.0,68863.8,619.4014,2026-03-26 22:30:00
1774566000000,68863.7,68981.3,68610.5,68713.9,1110.1095,2026-03-26 23:00:00
1774567800000,68713.9,68826.4,68628.3,68799.5,853.8409,2026-03-26 23:30:00
1774569600000,68799.5,68944.0,68684.9,68700.0,1135.6662,2026-03-27 00:00:00
1774571400000,68700.1,68760.0,68501.3,68754.8,1031.6864,2026-03-27 00:30:00
1774573200000,68754.7,68930.7,68674.0,68888.0,805.386,2026-03-27 01:00:00
1774575000000,68887.9,69041.6,68814.3,69029.5,705.223,2026-03-27 01:30:00
1774576800000,69029.5,69164.0,68923.1,68997.1,1068.4889,2026-03-27 02:00:00
1774578600000,68997.1,69047.1,68832.1,68872.3,658.6002,2026-03-27 02:30:00
1774580400000,68872.4,68886.2,68641.5,68805.1,1240.9653,2026-03-27 03:00:00
1774582200000,68805.1,68881.0,68729.1,68732.8,509.1346,2026-03-27 03:30:00
1774584000000,68732.8,68774.2,68258.0,68504.8,3325.3583,2026-03-27 04:00:00
1774585800000,68504.9,68603.4,68466.8,68543.0,925.4259,2026-03-27 04:30:00
1774587600000,68543.0,68842.4,68517.3,68574.2,1708.7823,2026-03-27 05:00:00
1774589400000,68574.2,68675.0,68474.4,68592.3,719.6348,2026-03-27 05:30:00
1774591200000,68592.3,68836.5,68536.0,68760.1,771.7546,2026-03-27 06:00:00
1774593000000,68760.1,68807.4,68608.6,68630.6,603.1562,2026-03-27 06:30:00
1774594800000,68630.7,68930.0,68579.8,68895.6,1631.1076,2026-03-27 07:00:00
1774596600000,68895.6,68919.2,68415.0,68506.6,3303.1539,2026-03-27 07:30:00
1774598400000,68506.7,68605.2,68193.7,68207.5,2304.5379,2026-03-27 08:00:00
1774600200000,68207.6,68277.1,67576.3,67874.0,8275.5905,2026-03-27 08:30:00
1774602000000,67874.1,67912.1,67513.0,67900.0,2766.3378,2026-03-27 09:00:00
1774603800000,67899.9,67907.5,67629.9,67653.6,2324.7181,2026-03-27 09:30:00
1774605600000,67653.6,67743.2,67566.6,67729.4,1058.7966,2026-03-27 10:00:00
1774607400000,67729.3,67737.0,66214.0,66452.1,16428.214,2026-03-27 10:30:00
1774609200000,66452.2,66698.3,66170.5,66674.0,4394.1899,2026-03-27 11:00:00
1774611000000,66673.9,66814.9,66600.2,66659.9,1711.1403,2026-03-27 11:30:00
1774612800000,66659.9,66742.6,66480.0,66501.6,1701.7011,2026-03-27 12:00:00
1774614600000,66501.6,66652.1,66382.9,66573.3,1555.9555,2026-03-27 12:30:00
1774616400000,66573.2,66688.2,66445.0,66658.9,1471.9884,2026-03-27 13:00:00
1774618200000,66658.9,66687.9,65943.8,66144.9,8023.8557,2026-03-27 13:30:00
1774620000000,66144.8,66370.0,65682.4,65691.7,6633.1537,2026-03-27 14:00:00
1774621800000,65691.7,66216.1,65691.5,66157.7,3818.2504,2026-03-27 14:30:00
1774623600000,66157.7,66435.3,65931.9,66297.5,4153.7554,2026-03-27 15:00:00
1774625400000,66297.6,66614.4,66064.5,66091.4,3663.1309,2026-03-27 15:30:00
1774627200000,66091.5,66091.5,65777.0,65930.4,3839.6401,2026-03-27 16:00:00
1774629000000,65930.4,66160.0,65780.0,65946.9,1702.5281,2026-03-27 16:30:00
1774630800000,65946.9,66267.8,65834.4,65834.5,2357.3841,2026-03-27 17:00:00
1774632600000,65834.4,65899.9,65531.1,65605.3,2982.3036,2026-03-27 17:30:00
1774634400000,65605.3,65825.0,65511.6,65729.4,1776.3115,2026-03-27 18:00:00
1774636200000,65729.3,65921.2,65692.9,65806.1,1403.1293,2026-03-27 18:30:00
1774638000000,65806.0,65911.0,65659.1,65894.7,1012.004,2026-03-27 19:00:00
1774639800000,65894.7,66125.0,65833.3,66000.8,1888.714,2026-03-27 19:30:00
1774641600000,66000.9,66122.6,65775.1,65863.6,1101.5566,2026-03-27 20:00:00
1774643400000,65863.6,66060.0,65788.0,65987.5,629.5585,2026-03-27 20:30:00
1774645200000,65987.5,66162.1,65976.6,66114.4,704.9191,2026-03-27 21:00:00
1774647000000,66114.4,66141.9,66000.0,66049.9,497.2123,2026-03-27 21:30:00
1774648800000,66050.0,66060.0,65908.0,65980.2,492.8318,2026-03-27 22:00:00
1774650600000,65980.2,66049.1,65880.0,65990.0,521.1556,2026-03-27 22:30:00
1774652400000,65990.1,66191.0,65934.9,66159.6,512.8763,2026-03-27 23:00:00
1774654200000,66159.6,66404.1,66125.4,66363.1,1334.235,2026-03-27 23:30:00
1774656000000,66363.0,66450.0,66255.9,66339.9,905.6391,2026-03-28 00:00:00
1774657800000,66340.0,66487.8,66339.9,66395.3,925.8288,2026-03-28 00:30:00
1774659600000,66395.2,66398.0,66063.6,66185.0,1036.5587,2026-03-28 01:00:00
1774661400000,66185.0,66252.9,66023.2,66145.1,928.7669,2026-03-28 01:30:00
1774663200000,66145.1,66220.4,65983.5,66017.3,875.7801,2026-03-28 02:00:00
1774665000000,66017.3,66043.0,65901.0,66022.3,792.406,2026-03-28 02:30:00
1774666800000,66022.4,66158.3,66022.3,66138.1,607.4971,2026-03-28 03:00:00
1774668600000,66138.0,66212.1,66112.8,66198.2,597.9711,2026-03-28 03:30:00
1774670400000,66198.2,66266.0,66066.6,66240.0,840.031,2026-03-28 04:00:00
1774672200000,66239.9,66272.0,66200.0,66249.9,457.067,2026-03-28 04:30:00
1774674000000,66249.9,66377.9,66170.0,66314.6,916.7169,2026-03-28 05:00:00
1774675800000,66314.5,66340.6,66255.0,66314.5,564.3348,2026-03-28 05:30:00
1774677600000,66314.6,66467.9,66273.5,66435.7,1235.0892,2026-03-28 06:00:00
1774679400000,66435.6,66445.9,66316.8,66353.0,829.2628,2026-03-28 06:30:00
1774681200000,66353.0,66454.8,66346.4,66424.0,488.6832,2026-03-28 07:00:00
1774683000000,66424.0,66542.0,66393.3,66534.8,1227.3956,2026-03-28 07:30:00
1774684800000,66534.8,66541.9,66440.0,66515.1,774.1127,2026-03-28 08:00:00
1774686600000,66515.1,66526.4,66355.1,66376.9,857.9485,2026-03-28 08:30:00
1774688400000,66377.0,66377.0,66261.2,66322.2,795.9584,2026-03-28 09:00:00
1774690200000,66322.2,66332.4,66209.8,66274.7,561.4183,2026-03-28 09:30:00
1774692000000,66274.7,66384.7,66119.6,66136.5,999.7017,2026-03-28 10:00:00
1774693800000,66136.6,66213.7,66090.0,66190.0,579.2088,2026-03-28 10:30:00
1774695600000,66189.9,66293.7,66164.1,66287.6,566.4604,2026-03-28 11:00:00
1774697400000,66287.6,66322.6,66257.3,66290.1,481.4862,2026-03-28 11:30:00
1774699200000,66290.0,66496.0,66195.1,66402.7,1333.3359,2026-03-28 12:00:00
1774701000000,66402.7,66428.3,66254.9,66414.9,787.28,2026-03-28 12:30:00
1774702800000,66415.0,66487.0,66361.5,66432.9,615.2761,2026-03-28 13:00:00
1774704600000,66433.0,67147.3,66419.0,66808.5,6521.0157,2026-03-28 13:30:00
1774706400000,66808.4,66892.9,66679.9,66781.0,1198.3214,2026-03-28 14:00:00
1774708200000,66781.0,66938.8,66633.1,66711.6,1464.5558,2026-03-28 14:30:00
1774710000000,66711.6,67294.4,66681.0,66999.5,4144.3661,2026-03-28 15:00:00
1774711800000,66999.5,67119.1,66893.0,66984.0,1155.5143,2026-03-28 15:30:00
1774713600000,66984.0,67079.5,66876.9,67047.6,914.2096,2026-03-28 16:00:00
1774715400000,67047.5,67047.5,66818.7,66890.8,850.4757,2026-03-28 16:30:00
1774717200000,66890.8,66960.0,66716.1,66743.9,1205.9567,2026-03-28 17:00:00
1774719000000,66743.9,66900.8,66666.7,66811.8,953.4142,2026-03-28 17:30:00
1774720800000,66811.8,66909.1,66811.8,66849.9,358.555,2026-03-28 18:00:00
1774722600000,66849.9,66920.0,66794.6,66880.0,395.3007,2026-03-28 18:30:00
1774724400000,66880.0,66920.0,66766.7,66830.4,329.2972,2026-03-28 19:00:00
1774726200000,66830.5,66880.0,66795.0,66879.9,195.8433,2026-03-28 19:30:00
1774728000000,66879.9,66977.5,66879.9,66891.0,574.8276,2026-03-28 20:00:00
1774729800000,66890.9,66970.0,66877.9,66884.8,311.342,2026-03-28 20:30:00
1774731600000,66884.9,66893.3,66754.3,66817.1,350.6965,2026-03-28 21:00:00
1774733400000,66817.1,66866.6,66558.1,66643.7,736.7642,2026-03-28 21:30:00
1774735200000,66643.8,66751.5,66562.0,66741.0,1038.3219,2026-03-28 22:00:00
1774737000000,66741.1,66758.1,66662.5,66720.0,392.8973,2026-03-28 22:30:00
1774738800000,66719.9,66719.9,66223.0,66359.0,2617.6069,2026-03-28 23:00:00
1774740600000,66359.0,66451.7,66275.5,66340.0,618.7945,2026-03-28 23:30:00
1774742400000,66340.1,66443.8,66249.0,66357.9,809.2274,2026-03-29 00:00:00
1774744200000,66357.8,66471.9,66319.1,66452.4,543.8305,2026-03-29 00:30:00
1774746000000,66452.3,66593.0,66442.2,66520.0,895.8242,2026-03-29 01:00:00
1774747800000,66519.9,66582.0,66341.0,66539.0,1082.6814,2026-03-29 01:30:00
1774749600000,66539.0,66681.1,66501.9,66620.4,768.9393,2026-03-29 02:00:00
1774751400000,66620.4,66825.7,66537.3,66781.0,1001.8443,2026-03-29 02:30:00
1774753200000,66781.0,67114.2,66722.2,66931.8,1622.6778,2026-03-29 03:00:00
1774755000000,66931.7,66969.6,66825.2,66872.0,751.8487,2026-03-29 03:30:00
1774756800000,66872.0,66907.5,66715.8,66778.5,761.5007,2026-03-29 04:00:00
1774758600000,66778.5,66813.8,66673.0,66699.4,532.2901,2026-03-29 04:30:00
1774760400000,66699.4,66716.3,66564.5,66597.4,1180.5874,2026-03-29 05:00:00
1774762200000,66597.4,66796.4,66560.1,66733.0,654.7658,2026-03-29 05:30:00
1774764000000,66733.1,66844.9,66588.0,66661.8,967.6914,2026-03-29 06:00:00
1774765800000,66661.7,66739.0,66603.7,66692.0,569.3879,2026-03-29 06:30:00
1774767600000,66691.9,66692.0,66504.8,66647.6,749.3774,2026-03-29 07:00:00
1774769400000,66647.6,66719.4,66567.1,66631.1,796.6435,2026-03-29 07:30:00
1774771200000,66631.1,66738.4,66552.7,66643.8,881.0606,2026-03-29 08:00:00
1774773000000,66643.7,66761.7,66643.7,66681.8,627.6636,2026-03-29 08:30:00
1774774800000,66681.7,66736.4,66555.0,66635.9,832.0824,2026-03-29 09:00:00
1774776600000,66635.9,66659.8,66510.1,66595.1,689.8519,2026-03-29 09:30:00
1774778400000,66595.1,66595.1,66399.0,66438.0,1208.6668,2026-03-29 10:00:00
1774780200000,66438.0,66553.9,66370.3,66473.1,566.7344,2026-03-29 10:30:00
1774782000000,66473.2,66835.6,66473.1,66798.2,1674.7023,2026-03-29 11:00:00
1774783800000,66798.1,66956.0,66700.0,66777.0,1711.9363,2026-03-29 11:30:00
1774785600000,66777.1,66820.0,66691.8,66750.9,809.9354,2026-03-29 12:00:00
1774787400000,66750.9,66845.1,66666.0,66810.0,799.4297,2026-03-29 12:30:00
1774789200000,66810.1,66848.6,66485.1,66599.9,2071.4103,2026-03-29 13:00:00
1774791000000,66600.0,66650.3,66508.1,66544.0,593.604,2026-03-29 13:30:00
1774792800000,66544.0,66766.0,66420.0,66500.1,1891.4987,2026-03-29 14:00:00
1774794600000,66500.0,66582.3,66474.2,66564.2,587.646,2026-03-29 14:30:00
1774796400000,66564.3,66697.9,66300.1,66398.9,2293.3746,2026-03-29 15:00:00
1774798200000,66399.0,66521.2,66277.2,66500.2,1199.2491,2026-03-29 15:30:00
1774800000000,66500.2,66633.9,66400.1,66591.6,1237.4792,2026-03-29 16:00:00
1774801800000,66591.5,66596.4,66457.5,66471.7,328.773,2026-03-29 16:30:00
1774803600000,66471.6,66519.2,66123.0,66230.9,1510.1697,2026-03-29 17:00:00
1774805400000,66230.9,66408.3,66202.2,66353.3,899.9564,2026-03-29 17:30:00
1774807200000,66353.3,66440.1,66290.0,66366.0,447.9174,2026-03-29 18:00:00
1774809000000,66366.0,66515.8,66360.5,66397.1,384.2527,2026-03-29 18:30:00
1774810800000,66397.0,66447.3,66351.1,66395.0,344.2733,2026-03-29 19:00:00
1774812600000,66395.0,66451.5,66285.0,66319.6,383.2997,2026-03-29 19:30:00
1774814400000,66319.6,66768.7,66319.6,66679.8,1448.7528,2026-03-29 20:00:00
1774816200000,66679.8,66692.3,66533.0,66580.1,377.9703,2026-03-29 20:30:00
1774818000000,66580.0,66650.0,66473.7,66621.0,652.8338,2026-03-29 21:00:00
1774819800000,66621.0,66723.3,66565.5,66667.7,386.8443,2026-03-29 21:30:00
1774821600000,66668.3,66679.0,66188.1,66354.8,2193.5629,2026-03-29 22:00:00
1774823400000,66354.7,66400.0,64930.8,65817.9,9865.6728,2026-03-29 22:30:00
1774825200000,65818.0,66348.4,65817.9,65975.3,3090.3434,2026-03-29 23:00:00
1774827000000,65975.2,66143.4,65822.1,65980.4,1613.1548,2026-03-29 23:30:00
1774828800000,65980.5,67036.9,65762.0,66540.1,5900.2644,2026-03-30 00:00:00
1774830600000,66540.1,66700.2,66078.9,66248.1,2402.258,2026-03-30 00:30:00
1774832400000,66248.1,66635.0,66248.0,66566.6,1959.6562,2026-03-30 01:00:00
1774834200000,66566.5,66800.0,66462.6,66614.8,2032.718,2026-03-30 01:30:00
1774836000000,66614.8,66867.6,66529.7,66710.3,1142.2491,2026-03-30 02:00:00
1774837800000,66710.3,67496.2,66559.1,67086.0,5819.3353,2026-03-30 02:30:00
1774839600000,67086.1,67269.9,66936.8,67209.3,1610.9044,2026-03-30 03:00:00
1774841400000,67209.4,67299.9,67100.0,67146.5,1271.8319,2026-03-30 03:30:00
1774843200000,67146.4,67622.2,67131.6,67411.1,2748.0087,2026-03-30 04:00:00
1774845000000,67411.1,67643.3,67356.3,67593.9,1793.5179,2026-03-30 04:30:00
1774846800000,67593.9,67788.0,67544.0,67631.3,3271.5166,2026-03-30 05:00:00
1774848600000,67631.3,67677.0,67393.1,67459.9,1927.5275,2026-03-30 05:30:00
1774850400000,67460.0,67550.0,67222.1,67286.0,2057.8429,2026-03-30 06:00:00
1774852200000,67286.1,67397.5,67244.0,67271.0,1137.3707,2026-03-30 06:30:00
1774854000000,67271.0,67432.6,67188.0,67302.4,1006.8109,2026-03-30 07:00:00
1774855800000,67302.4,67599.4,67251.3,67598.6,1551.3904,2026-03-30 07:30:00
1774857600000,67598.6,67891.5,67574.1,67728.3,3785.9968,2026-03-30 08:00:00
1774859400000,67728.3,67928.9,67615.8,67635.9,1700.2172,2026-03-30 08:30:00
1774861200000,67636.0,67666.6,67460.0,67476.1,1761.7706,2026-03-30 09:00:00
1774863000000,67476.0,67564.0,67404.9,67465.0,1651.8335,2026-03-30 09:30:00
1774864800000,67465.1,67469.0,67367.5,67390.1,807.5187,2026-03-30 10:00:00
1774866600000,67390.1,67495.7,67331.0,67464.1,847.4197,2026-03-30 10:30:00
1774868400000,67464.2,67985.0,67455.5,67652.9,3273.4268,2026-03-30 11:00:00
1774870200000,67652.9,67720.0,67479.0,67642.0,1846.3479,2026-03-30 11:30:00
1774872000000,67642.0,67962.5,67625.9,67830.0,3043.7074,2026-03-30 12:00:00
1774873800000,67829.9,67930.0,67774.1,67860.2,2097.405,2026-03-30 12:30:00
1774875600000,67860.2,68198.9,67800.0,67835.7,3259.401,2026-03-30 13:00:00
1774877400000,67835.6,68013.5,67405.0,67495.0,6104.3601,2026-03-30 13:30:00
1774879200000,67495.1,67743.6,67180.1,67274.8,3540.8978,2026-03-30 14:00:00
1774881000000,67274.7,67848.8,67054.2,67770.1,4772.9822,2026-03-30 14:30:00
1774882800000,67770.2,67888.8,67375.3,67500.0,2983.1498,2026-03-30 15:00:00
1774884600000,67500.1,67871.0,67430.3,67601.2,3287.8207,2026-03-30 15:30:00
1774886400000,67601.2,67621.8,67255.5,67318.9,2203.0256,2026-03-30 16:00:00
1774888200000,67318.8,67470.1,67180.6,67338.0,1372.1149,2026-03-30 16:30:00
1774890000000,67338.0,67439.8,66600.1,66787.5,4392.6016,2026-03-30 17:00:00
1774891800000,66787.6,66963.0,66735.0,66811.6,2421.6521,2026-03-30 17:30:00
1774893600000,66811.5,66900.8,66563.1,66683.8,3354.207,2026-03-30 18:00:00
1774895400000,66683.7,66793.0,66462.1,66629.6,1962.3815,2026-03-30 18:30:00
1774897200000,66629.5,66653.5,66210.8,66281.5,2308.5948,2026-03-30 19:00:00
1774899000000,66281.6,66550.3,66220.0,66521.5,1576.6592,2026-03-30 19:30:00
1774900800000,66521.5,66666.8,66498.0,66629.3,937.102,2026-03-30 20:00:00
1774902600000,66629.3,66661.7,66519.4,66617.8,665.4987,2026-03-30 20:30:00
1774904400000,66617.7,66963.3,66559.5,66817.9,2312.3098,2026-03-30 21:00:00
1774906200000,66817.9,66949.9,66750.0,66771.4,670.1991,2026-03-30 21:30:00
1774908000000,66771.3,66966.9,66657.5,66775.6,837.028,2026-03-30 22:00:00
1774909800000,66775.6,66825.0,66635.3,66744.0,475.1811,2026-03-30 22:30:00
1774911600000,66744.0,66752.0,66377.4,66669.3,2694.2642,2026-03-30 23:00:00
1774913400000,66669.4,66765.4,66627.6,66765.2,803.7675,2026-03-30 23:30:00
1774915200000,66765.1,66796.0,66510.0,66785.1,1335.4511,2026-03-31 00:00:00
1774917000000,66785.1,67276.0,66738.5,67178.1,2818.7591,2026-03-31 00:30:00
1774918800000,67178.1,67888.0,67020.0,67750.0,4005.6499,2026-03-31 01:00:00
1774920600000,67749.9,68388.9,67704.0,67915.3,7013.3075,2026-03-31 01:30:00
1774922400000,67915.3,68084.0,67751.4,68031.0,2094.201,2026-03-31 02:00:00
1774924200000,68031.0,68068.0,67820.0,67928.7,1115.6933,2026-03-31 02:30:00
1774926000000,67928.6,67996.1,67783.9,67828.5,1021.6671,2026-03-31 03:00:00
1774927800000,67828.6,67909.1,67612.0,67683.8,1386.8734,2026-03-31 03:30:00
1774929600000,67683.8,67870.2,67454.5,67568.6,2094.3324,2026-03-31 04:00:00
1774931400000,67568.6,67672.0,67488.3,67520.9,1192.7222,2026-03-31 04:30:00
1774933200000,67520.8,67640.0,67370.4,67607.1,1573.4675,2026-03-31 05:00:00
1774935000000,67607.0,67768.9,67543.2,67658.7,1171.53,2026-03-31 05:30:00
1774936800000,67658.7,67690.9,67311.0,67388.9,1462.5497,2026-03-31 06:00:00
1774938600000,67388.9,67524.0,67330.1,67475.3,717.0184,2026-03-31 06:30:00
1774940400000,67475.3,67508.7,67064.1,67273.0,2358.8066,2026-03-31 07:00:00
1774942200000,67273.0,67415.0,67180.1,67346.9,1289.3221,2026-03-31 07:30:00
1774944000000,67346.8,67489.3,67214.7,67290.9,1081.6869,2026-03-31 08:00:00
1774945800000,67290.9,67290.9,66650.0,66739.3,6256.2136,2026-03-31 08:30:00
1774947600000,66739.4,66890.0,66300.0,66397.4,4521.7919,2026-03-31 09:00:00
1774949400000,66397.5,66491.9,65946.0,66090.0,4482.0621,2026-03-31 09:30:00
1774951200000,66090.0,66432.9,66062.2,66344.2,2462.052,2026-03-31 10:00:00
1774953000000,66344.2,66438.0,66166.4,66319.8,2302.09,2026-03-31 10:30:00
1774954800000,66319.8,66887.0,66181.1,66605.3,5353.8882,2026-03-31 11:00:00
1774956600000,66605.4,66800.0,66527.2,66653.5,1661.7133,2026-03-31 11:30:00
1774958400000,66653.5,66798.8,66488.1,66760.8,1876.4502,2026-03-31 12:00:00
1774960200000,66760.8,66927.9,66619.7,66624.3,2347.5659,2026-03-31 12:30:00
1774962000000,66624.2,66928.3,66620.0,66777.6,1487.9309,2026-03-31 13:00:00
1774963800000,66777.5,67398.6,66700.0,67267.6,6009.9452,2026-03-31 13:30:00
1774965600000,67267.6,67770.3,67052.7,67700.1,5870.1374,2026-03-31 14:00:00
1774967400000,67700.1,67721.0,66389.0,66552.7,7715.4996,2026-03-31 14:30:00
1774969200000,66552.8,67263.1,66552.8,66928.9,5627.6038,2026-03-31 15:00:00
1774971000000,66929.0,67130.0,66667.2,66705.0,2214.8778,2026-03-31 15:30:00
1774972800000,66705.0,67174.4,66696.2,67062.1,1605.4913,2026-03-31 16:00:00
1774974600000,67062.1,67993.3,66930.2,67643.1,6543.8924,2026-03-31 16:30:00
1774976400000,67643.0,68575.1,67544.9,68003.9,8607.0427,2026-03-31 17:00:00
1774978200000,68003.9,68091.5,67373.3,67500.6,4443.5557,2026-03-31 17:30:00
1774980000000,67500.6,67928.2,67500.0,67752.9,1893.4786,2026-03-31 18:00:00
1774981800000,67752.9,67917.0,67601.1,67812.7,1363.6827,2026-03-31 18:30:00
1774983600000,67812.8,67998.0,67806.4,67845.1,1180.1797,2026-03-31 19:00:00
1774985400000,67845.2,67939.4,67662.7,67809.4,907.1638,2026-03-31 19:30:00
1774987200000,67808.4,68178.7,67794.4,67969.3,1578.4825,2026-03-31 20:00:00
1774989000000,67969.3,68236.0,67916.1,68228.9,910.8774,2026-03-31 20:30:00
1774990800000,68229.0,68229.0,67841.4,68000.0,1035.126,2026-03-31 21:00:00
1774992600000,68000.0,68382.7,67996.5,68241.5,1106.1204,2026-03-31 21:30:00
1774994400000,68241.5,68316.2,68015.8,68081.5,937.9355,2026-03-31 22:00:00
1774996200000,68081.5,68212.3,67930.0,68148.9,688.1168,2026-03-31 22:30:00
1774998000000,68149.0,68342.4,68057.9,68223.7,1123.4552,2026-03-31 23:00:00
1774999800000,68223.7,68329.8,68173.2,68241.2,659.3759,2026-03-31 23:30:00
1775001600000,68241.1,68241.1,67870.9,67967.6,1416.0878,2026-04-01 00:00:00
1775003400000,67967.6,68318.5,67815.0,68299.9,1566.1272,2026-04-01 00:30:00
1775005200000,68300.0,68333.3,67981.5,68014.3,1289.9245,2026-04-01 01:00:00
1775007000000,68014.3,68061.5,67714.0,67755.4,1507.1081,2026-04-01 01:30:00
1775008800000,67755.4,67876.5,67560.0,67610.9,1558.4473,2026-04-01 02:00:00
1775010600000,67610.9,67709.2,67550.1,67636.3,1005.5029,2026-04-01 02:30:00
1775012400000,67636.3,68079.7,67636.3,67936.1,1628.5878,2026-04-01 03:00:00
1775014200000,67936.2,68220.0,67888.0,68130.4,1247.3098,2026-04-01 03:30:00
1775016000000,68130.3,68242.2,67967.6,68121.3,1970.1231,2026-04-01 04:00:00
1775017800000,68121.2,68456.3,68070.8,68272.2,1400.2158,2026-04-01 04:30:00
1775019600000,68272.2,68739.5,68108.2,68555.8,3407.0135,2026-04-01 05:00:00
1775021400000,68555.8,68633.5,68408.1,68424.8,1532.3662,2026-04-01 05:30:00
1775023200000,68424.7,68868.8,68424.7,68827.9,2584.4724,2026-04-01 06:00:00
1775025000000,68827.9,69222.0,68761.9,69069.3,5403.2022,2026-04-01 06:30:00
1775026800000,69069.4,69315.8,68801.6,68867.8,4384.9283,2026-04-01 07:00:00
1775028600000,68867.9,68969.0,68633.0,68655.2,2538.635,2026-04-01 07:30:00
1775030400000,68655.2,68740.9,68419.0,68711.4,3155.8254,2026-04-01 08:00:00
1775032200000,68711.5,68834.8,68526.0,68631.0,1649.1162,2026-04-01 08:30:00
1775034000000,68630.9,68700.0,68350.1,68530.7,2327.0945,2026-04-01 09:00:00
1775035800000,68530.6,68677.9,68370.2,68619.8,1160.1612,2026-04-01 09:30:00
1775037600000,68619.9,68636.5,68455.8,68496.9,1088.6701,2026-04-01 10:00:00
1775039400000,68496.8,68608.1,68377.9,68555.4,1062.8946,2026-04-01 10:30:00
1775041200000,68555.4,68633.6,68479.9,68530.2,870.8443,2026-04-01 11:00:00
1775043000000,68530.1,68721.0,68512.8,68687.9,1336.6815,2026-04-01 11:30:00
1775044800000,68688.0,68704.8,68449.9,68493.4,1548.5528,2026-04-01 12:00:00
1775046600000,68493.5,68766.0,68222.2,68367.0,4341.727,2026-04-01 12:30:00
1775048400000,68366.9,68577.7,68128.0,68527.2,2438.7284,2026-04-01 13:00:00
1775050200000,68527.2,68654.2,67892.5,68091.6,4967.3658,2026-04-01 13:30:00
1775052000000,68091.6,68488.9,68019.6,68488.8,2090.9964,2026-04-01 14:00:00
1775053800000,68488.8,68650.0,68217.9,68562.7,2171.3914,2026-04-01 14:30:00
1775055600000,68562.7,68888.0,68383.0,68713.1,2476.3997,2026-04-01 15:00:00
1775057400000,68713.2,68932.9,68626.3,68887.6,1832.25,2026-04-01 15:30:00
1775059200000,68887.6,68908.5,68574.2,68839.0,1711.1533,2026-04-01 16:00:00
1775061000000,68839.0,68969.9,68681.1,68784.2,2079.8195,2026-04-01 16:30:00
1775062800000,68784.2,69170.3,68446.8,68494.9,3717.6028,2026-04-01 17:00:00
1775064600000,68495.0,68518.6,68210.1,68234.3,2039.8642,2026-04-01 17:30:00
1775066400000,68234.3,68265.0,67907.3,68066.8,2895.5754,2026-04-01 18:00:00
1775068200000,68066.8,68290.6,67971.5,68054.2,1556.3597,2026-04-01 18:30:00
1775070000000,68054.1,68242.0,67993.8,68242.0,1067.0392,2026-04-01 19:00:00
1775071800000,68241.9,68260.0,68022.4,68142.7,1400.8557,2026-04-01 19:30:00
1775073600000,68142.7,68163.2,67983.3,68021.4,951.0764,2026-04-01 20:00:00
1775075400000,68021.4,68217.3,67926.2,68159.9,498.2063,2026-04-01 20:30:00
1775077200000,68159.9,68521.8,68139.8,68404.2,1110.6212,2026-04-01 21:00:00
1775079000000,68404.3,68474.0,68227.7,68330.4,801.8014,2026-04-01 21:30:00
1775080800000,68330.3,68330.3,68030.0,68147.1,887.9167,2026-04-01 22:00:00
1775082600000,68147.1,68270.0,68040.0,68085.9,555.6562,2026-04-01 22:30:00
1775084400000,68085.9,68220.0,68047.3,68086.3,706.2107,2026-04-01 23:00:00
1775086200000,68086.2,68140.0,67955.0,68079.1,835.945,2026-04-01 23:30:00
1775088000000,68079.0,68249.8,68013.2,68181.6,756.472,2026-04-02 00:00:00
1775089800000,68181.5,68626.6,68160.1,68563.3,1917.2867,2026-04-02 00:30:00
1775091600000,68563.2,68563.3,67205.7,67546.7,10346.1211,2026-04-02 01:00:00
1775093400000,67546.7,67547.3,67012.0,67326.7,4858.5072,2026-04-02 01:30:00
1775095200000,67326.7,67331.2,66736.0,66874.3,3638.2699,2026-04-02 02:00:00
1775097000000,66874.4,67017.0,66588.0,66828.3,2550.098,2026-04-02 02:30:00
1775098800000,66828.2,66943.8,66600.7,66830.0,1806.7229,2026-04-02 03:00:00
1775100600000,66830.0,66850.0,66450.8,66541.5,2792.7414,2026-04-02 03:30:00
1775102400000,66541.5,66613.6,66321.8,66387.9,2455.4213,2026-04-02 04:00:00
1775104200000,66387.9,66410.4,66175.8,66295.8,2809.6764,2026-04-02 04:30:00
1775106000000,66295.7,66457.7,66266.0,66440.5,1999.3361,2026-04-02 05:00:00
1775107800000,66440.5,66613.0,66366.0,66558.0,2079.428,2026-04-02 05:30:00
1775109600000,66558.0,66791.1,66521.0,66608.1,2000.4502,2026-04-02 06:00:00
1775111400000,66608.0,66656.8,66508.0,66650.0,1065.5344,2026-04-02 06:30:00
1775113200000,66650.0,66677.9,66519.8,66643.2,1033.6701,2026-04-02 07:00:00
1775115000000,66643.1,66898.9,66638.1,66885.0,2009.3823,2026-04-02 07:30:00
1775116800000,66885.0,66885.0,66549.6,66639.7,1665.5922,2026-04-02 08:00:00
1775118600000,66639.6,66700.0,66360.0,66414.8,1458.1894,2026-04-02 08:30:00
1775120400000,66414.8,66480.0,66250.1,66444.2,1700.8346,2026-04-02 09:00:00
1775122200000,66444.1,66500.0,66338.3,66431.6,670.2082,2026-04-02 09:30:00
1775124000000,66431.6,66465.2,66177.5,66335.1,1386.2442,2026-04-02 10:00:00
1775125800000,66335.0,66480.1,66322.0,66428.9,820.4714,2026-04-02 10:30:00
1775127600000,66429.0,66455.0,66107.3,66415.3,2329.8933,2026-04-02 11:00:00
1775129400000,66415.3,66443.7,66141.3,66179.5,1060.8187,2026-04-02 11:30:00
1775131200000,66179.5,66212.1,65914.2,66114.7,3815.5828,2026-04-02 12:00:00
1775133000000,66114.7,66216.7,65972.5,66016.6,1155.8151,2026-04-02 12:30:00
1775134800000,66016.5,66160.0,65840.4,66112.4,2334.9701,2026-04-02 13:00:00
1775136600000,66112.4,66236.5,65653.0,66228.3,5240.8719,2026-04-02 13:30:00
1775138400000,66228.3,66450.0,66121.0,66222.0,3500.3408,2026-04-02 14:00:00
1775140200000,66222.0,67077.0,66214.7,66827.0,8897.3971,2026-04-02 14:30:00
1775142000000,66827.0,66944.0,66595.1,66801.9,3162.6718,2026-04-02 15:00:00
1775143800000,66802.0,66960.0,66663.0,66818.1,1572.1761,2026-04-02 15:30:00
1775145600000,66818.0,66937.3,66723.4,66845.5,1607.3656,2026-04-02 16:00:00
1775147400000,66845.5,67273.7,66820.0,67058.2,3450.7871,2026-04-02 16:30:00
1775149200000,67058.1,67400.0,66820.0,67208.1,3262.4534,2026-04-02 17:00:00
1775151000000,67208.2,67233.0,66627.0,66653.4,3055.0224,2026-04-02 17:30:00
1775152800000,66653.5,66817.0,66555.2,66603.4,1717.7257,2026-04-02 18:00:00
1775154600000,66603.4,67040.5,66603.4,66949.9,1351.7187,2026-04-02 18:30:00
1775156400000,66950.0,67077.9,66892.0,67002.7,957.2579,2026-04-02 19:00:00
1775158200000,67002.6,67030.0,66843.1,66949.9,792.7751,2026-04-02 19:30:00
1775160000000,66950.0,67025.0,66766.0,67012.9,721.0646,2026-04-02 20:00:00
1775161800000,67012.9,67070.7,66900.0,66913.8,500.1941,2026-04-02 20:30:00
1775163600000,66913.8,66990.7,66682.7,66804.3,579.1424,2026-04-02 21:00:00
1775165400000,66804.2,66908.0,66727.0,66907.9,370.7173,2026-04-02 21:30:00
1775167200000,66907.9,66983.3,66790.1,66871.1,469.819,2026-04-02 22:00:00
1775169000000,66871.2,67013.8,66871.2,66951.8,455.7711,2026-04-02 22:30:00
1775170800000,66951.7,67070.0,66890.0,66902.7,875.8195,2026-04-02 23:00:00
1775172600000,66902.7,66929.3,66814.5,66864.5,383.489,2026-04-02 23:30:00
1775174400000,66864.6,66974.0,66748.1,66788.0,618.2052,2026-04-03 00:00:00
1775176200000,66788.0,66877.6,66675.0,66755.0,626.577,2026-04-03 00:30:00
1775178000000,66755.0,66866.0,66700.0,66832.9,607.8658,2026-04-03 01:00:00
1775179800000,66832.9,66872.0,66458.0,66591.5,1852.4381,2026-04-03 01:30:00
1775181600000,66591.4,66719.9,66367.8,66426.5,1447.3373,2026-04-03 02:00:00
1775183400000,66426.6,66515.0,66250.0,66501.2,1954.0319,2026-04-03 02:30:00
1775185200000,66501.2,66688.0,66457.9,66599.9,1257.2977,2026-04-03 03:00:00
1775187000000,66600.0,66678.0,66500.0,66553.3,562.465,2026-04-03 03:30:00
1775188800000,66553.1,66661.8,66504.8,66504.9,552.5657,2026-04-03 04:00:00
1775190600000,66504.8,66647.5,66470.8,66578.6,706.0345,2026-04-03 04:30:00
1775192400000,66578.7,66636.8,66380.0,66545.7,636.9811,2026-04-03 05:00:00
1775194200000,66545.7,66783.3,66489.2,66583.1,1458.0631,2026-04-03 05:30:00
1775196000000,66583.1,66670.0,66529.4,66600.0,548.603,2026-04-03 06:00:00
1775197800000,66600.0,66775.0,66550.0,66769.0,766.4387,2026-04-03 06:30:00
1775199600000,66769.0,66915.0,66726.2,66914.9,1007.1697,2026-04-03 07:00:00
1775201400000,66915.0,67239.2,66888.9,67015.2,2760.8595,2026-04-03 07:30:00
1775203200000,67015.2,67279.3,66998.3,67031.4,1738.2544,2026-04-03 08:00:00
1775205000000,67031.4,67100.0,66875.0,66941.4,1344.0029,2026-04-03 08:30:00
1775206800000,66941.3,66986.0,66720.0,66796.0,1541.4788,2026-04-03 09:00:00
1775208600000,66796.0,66897.6,66763.0,66841.0,469.1178,2026-04-03 09:30:00
1775210400000,66841.0,66846.8,66733.3,66733.4,506.7826,2026-04-03 10:00:00
1775212200000,66733.4,66869.0,66650.2,66848.2,971.6453,2026-04-03 10:30:00
1775214000000,66848.2,66933.0,66789.4,66909.4,720.0754,2026-04-03 11:00:00
1775215800000,66909.4,67038.4,66890.0,66987.2,1052.4783,2026-04-03 11:30:00
1775217600000,66987.2,67134.6,66907.5,67086.4,962.4934,2026-04-03 12:00:00
1775219400000,67086.5,67350.0,66607.0,66697.4,4772.669,2026-04-03 12:30:00
1775221200000,66697.4,66711.0,66526.0,66657.5,1775.0348,2026-04-03 13:00:00
1775223000000,66657.4,66657.5,66478.5,66646.5,1466.5648,2026-04-03 13:30:00
1775224800000,66646.5,66960.0,66595.3,66876.5,1685.2931,2026-04-03 14:00:00
1775226600000,66876.5,66956.4,66776.0,66901.0,940.1421,2026-04-03 14:30:00
1775228400000,66900.9,66999.0,66830.4,66892.5,1040.1889,2026-04-03 15:00:00
1775230200000,66892.5,66951.4,66783.8,66808.0,743.9595,2026-04-03 15:30:00
1775232000000,66808.1,66966.0,66792.9,66954.4,605.0692,2026-04-03 16:00:00
1775233800000,66954.4,67036.0,66898.9,66974.0,686.4899,2026-04-03 16:30:00
1775235600000,66974.0,67035.0,66721.5,66845.6,1006.7894,2026-04-03 17:00:00
1775237400000,66845.5,66924.7,66768.9,66808.6,546.7415,2026-04-03 17:30:00
1775239200000,66808.5,66895.8,66745.0,66847.8,432.6967,2026-04-03 18:00:00
1775241000000,66847.9,66886.4,66763.6,66777.4,362.4701,2026-04-03 18:30:00
1775242800000,66777.4,66822.1,66737.0,66758.4,359.656,2026-04-03 19:00:00
1775244600000,66758.4,66879.3,66745.5,66854.0,274.679,2026-04-03 19:30:00
1775246400000,66854.1,66877.9,66817.3,66844.6,148.8769,2026-04-03 20:00:00
1775248200000,66844.7,66888.9,66791.1,66791.1,241.1728,2026-04-03 20:30:00
1775250000000,66791.1,66910.9,66784.3,66855.0,323.9892,2026-04-03 21:00:00
1775251800000,66855.0,66954.7,66847.0,66928.6,240.8739,2026-04-03 21:30:00
1775253600000,66928.5,66948.4,66808.9,66887.1,307.3527,2026-04-03 22:00:00
1775255400000,66887.1,66930.0,66815.3,66855.1,209.5861,2026-04-03 22:30:00
1775257200000,66855.1,66880.6,66807.2,66831.5,231.1502,2026-04-03 23:00:00
1775259000000,66831.6,66929.0,66799.1,66929.0,345.1764,2026-04-03 23:30:00
1775260800000,66928.9,66937.4,66839.0,66887.1,310.8153,2026-04-04 00:00:00
1775262600000,66887.1,66932.5,66853.4,66868.1,207.9749,2026-04-04 00:30:00
1775264400000,66868.2,66894.4,66812.7,66813.7,498.0756,2026-04-04 01:00:00
1775266200000,66813.7,66837.6,66800.0,66824.6,253.038,2026-04-04 01:30:00
1775268000000,66824.6,66889.5,66785.6,66799.6,296.6569,2026-04-04 02:00:00
1775269800000,66799.6,66854.8,66780.0,66816.0,187.3245,2026-04-04 02:30:00
1775271600000,66816.1,66870.0,66812.7,66822.3,282.7343,2026-04-04 03:00:00
1775273400000,66822.2,66840.6,66800.0,66800.3,165.1186,2026-04-04 03:30:00
1775275200000,66800.3,66829.2,66734.5,66829.1,347.5913,2026-04-04 04:00:00
1775277000000,66829.2,66838.0,66808.7,66828.2,244.075,2026-04-04 04:30:00
1775278800000,66828.3,66867.5,66808.2,66845.9,393.3903,2026-04-04 05:00:00
1775280600000,66845.9,66900.0,66840.3,66875.3,372.1169,2026-04-04 05:30:00
1775282400000,66875.3,66936.0,66870.2,66914.7,461.317,2026-04-04 06:00:00
1775284200000,66914.7,67013.4,66884.0,66973.6,577.9941,2026-04-04 06:30:00
1775286000000,66973.6,66999.9,66896.6,66924.0,596.5578,2026-04-04 07:00:00
1775287800000,66924.0,67011.6,66917.1,66980.0,508.5556,2026-04-04 07:30:00
1775289600000,66980.0,67048.9,66954.8,67014.8,898.6988,2026-04-04 08:00:00
1775291400000,67014.8,67014.8,66873.9,66908.5,459.9341,2026-04-04 08:30:00
1775293200000,66908.6,66959.1,66882.6,66947.1,637.7012,2026-04-04 09:00:00
1775295000000,66947.2,66950.0,66921.9,66949.9,222.7457,2026-04-04 09:30:00
1775296800000,66950.0,66985.4,66875.9,66903.4,490.0482,2026-04-04 10:00:00
1775298600000,66903.5,67142.9,66890.9,67132.6,1135.6995,2026-04-04 10:30:00
1775300400000,67132.6,67199.8,67066.3,67093.2,1240.1407,2026-04-04 11:00:00
1775302200000,67093.1,67130.0,67052.1,67129.9,527.0062,2026-04-04 11:30:00
1775304000000,67129.9,67163.3,67054.8,67082.8,543.8936,2026-04-04 12:00:00
1775305800000,67082.8,67097.0,67025.7,67064.5,437.7409,2026-04-04 12:30:00
1775307600000,67064.5,67110.0,67050.0,67082.1,291.5264,2026-04-04 13:00:00
1775309400000,67082.2,67250.0,67061.5,67160.4,1272.6254,2026-04-04 13:30:00
1775311200000,67160.3,67191.7,67147.0,67147.0,522.4195,2026-04-04 14:00:00
1775313000000,67147.1,67175.0,66980.0,67172.6,1397.8357,2026-04-04 14:30:00
1775314800000,67172.6,67550.0,67140.3,67295.5,3837.1565,2026-04-04 15:00:00
1775316600000,67295.5,67355.0,67233.0,67346.0,980.2218,2026-04-04 15:30:00
1775318400000,67346.0,67444.0,67285.2,67403.8,914.1637,2026-04-04 16:00:00
1775320200000,67403.7,67484.2,67320.0,67331.7,1231.5031,2026-04-04 16:30:00
1775322000000,67331.7,67386.9,67258.0,67367.5,1189.5451,2026-04-04 17:00:00
1775323800000,67367.5,67372.1,67288.3,67305.5,397.4258,2026-04-04 17:30:00
1775325600000,67305.5,67350.0,67260.0,67292.5,510.8751,2026-04-04 18:00:00
1775327400000,67292.4,67296.7,67215.0,67260.4,459.702,2026-04-04 18:30:00
1775329200000,67260.3,67517.4,67260.3,67334.1,1139.8949,2026-04-04 19:00:00
1775331000000,67334.1,67340.0,67241.5,67262.3,452.6043,2026-04-04 19:30:00
1775332800000,67262.2,67262.3,67150.5,67235.0,580.5533,2026-04-04 20:00:00
1775334600000,67235.0,67279.2,67218.2,67240.0,284.6021,2026-04-04 20:30:00
1775336400000,67239.9,67263.4,67180.0,67246.9,213.5882,2026-04-04 21:00:00
1775338200000,67246.9,67449.5,67234.8,67316.3,431.0856,2026-04-04 21:30:00
1775340000000,67316.4,67416.5,67303.0,67381.2,382.2368,2026-04-04 22:00:00
1775341800000,67381.3,67429.4,67326.6,67362.1,331.3917,2026-04-04 22:30:00
1775343600000,67362.0,67364.4,67261.6,67266.2,442.5182,2026-04-04 23:00:00
1775345400000,67266.2,67297.5,67222.6,67267.4,481.755,2026-04-04 23:30:00
1775347200000,67267.3,67288.1,67203.2,67230.5,458.6943,2026-04-05 00:00:00
1775349000000,67230.6,67243.5,67122.7,67178.2,567.4446,2026-04-05 00:30:00
1775350800000,67178.2,67198.1,67072.1,67098.6,517.4124,2026-04-05 01:00:00
1775352600000,67098.7,67099.0,67042.3,67056.3,559.9355,2026-04-05 01:30:00
1775354400000,67056.2,67129.1,66880.2,67100.0,1586.7185,2026-04-05 02:00:00
1775356200000,67100.0,67143.8,67081.7,67136.3,416.1138,2026-04-05 02:30:00
1775358000000,67136.3,67157.9,67096.8,67115.4,340.8851,2026-04-05 03:00:00
1775359800000,67115.4,67115.5,67051.0,67115.1,370.5742,2026-04-05 03:30:00
1775361600000,67115.2,67157.6,67044.5,67154.8,517.5774,2026-04-05 04:00:00
1775363400000,67154.9,67157.6,67053.8,67070.1,328.4765,2026-04-05 04:30:00
1775365200000,67070.1,67125.9,67013.1,67051.3,355.4716,2026-04-05 05:00:00
1775367000000,67051.2,67074.9,66850.3,66904.3,1058.1886,2026-04-05 05:30:00
1775368800000,66904.3,66920.9,66572.3,66729.9,3326.437,2026-04-05 06:00:00
1775370600000,66730.0,66841.9,66729.9,66767.1,947.9971,2026-04-05 06:30:00
1775372400000,66767.1,66888.8,66763.9,66783.3,765.1137,2026-04-05 07:00:00
1775374200000,66783.2,66799.3,66679.5,66785.2,774.9098,2026-04-05 07:30:00
1775376000000,66785.1,66872.4,66779.0,66835.1,612.4913,2026-04-05 08:00:00
1775377800000,66835.2,66900.0,66800.1,66894.6,634.1634,2026-04-05 08:30:00
1775379600000,66894.7,66993.4,66861.2,66979.5,834.7272,2026-04-05 09:00:00
1775381400000,66979.4,67049.9,66923.8,66996.8,634.7789,2026-04-05 09:30:00
1775383200000,66996.8,66996.8,66923.6,66959.9,523.2944,2026-04-05 10:00:00
1775385000000,66959.9,67116.7,66950.3,67007.2,885.4208,2026-04-05 10:30:00
1775386800000,67007.3,67050.9,66960.0,66976.9,457.5811,2026-04-05 11:00:00
1775388600000,66976.8,66988.5,66938.2,66971.8,285.3762,2026-04-05 11:30:00
1775390400000,66971.8,66971.9,66858.1,66858.3,625.1719,2026-04-05 12:00:00
1775392200000,66858.4,66868.2,66650.1,66756.2,2060.6631,2026-04-05 12:30:00
1775394000000,66756.2,66838.1,66675.1,66679.8,987.0346,2026-04-05 13:00:00
1775395800000,66679.7,66891.0,66666.7,66861.5,773.2253,2026-04-05 13:30:00
1775397600000,66861.4,66937.1,66766.6,66881.5,892.844,2026-04-05 14:00:00
1775399400000,66881.4,66933.0,66855.7,66893.1,551.8247,2026-04-05 14:30:00
1775401200000,66893.2,67495.0,66800.1,67466.6,3913.9919,2026-04-05 15:00:00
1775403000000,67466.7,67846.1,67240.0,67281.0,5804.7354,2026-04-05 15:30:00
1775404800000,67281.0,67373.3,67241.7,67292.3,1036.0257,2026-04-05 16:00:00
1775406600000,67292.3,67386.0,67146.9,67187.3,1140.2755,2026-04-05 16:30:00
1775408400000,67187.3,67334.2,67160.0,67312.8,701.6504,2026-04-05 17:00:00
1775410200000,67312.7,67382.5,67280.0,67349.7,555.0305,2026-04-05 17:30:00
1775412000000,67349.8,67355.3,67246.4,67274.7,321.942,2026-04-05 18:00:00
1775413800000,67274.7,67433.8,67274.7,67387.5,735.5825,2026-04-05 18:30:00
1775415600000,67387.6,67537.5,67336.9,67443.6,685.7455,2026-04-05 19:00:00
1775417400000,67443.6,67449.0,67254.7,67335.0,412.8022,2026-04-05 19:30:00
1775419200000,67334.9,67469.1,67309.8,67452.6,251.7571,2026-04-05 20:00:00
1775421000000,67452.6,67685.9,67437.1,67630.3,1086.6058,2026-04-05 20:30:00
1775422800000,67630.3,67630.4,67384.6,67445.6,835.2856,2026-04-05 21:00:00
1775424600000,67445.5,67650.3,67381.0,67519.7,545.9116,2026-04-05 21:30:00
1775426400000,67519.7,67767.0,67300.0,67403.0,2079.2982,2026-04-05 22:00:00
1775428200000,67403.0,68347.0,67377.8,68320.8,6116.8378,2026-04-05 22:30:00
1775430000000,68320.7,68966.0,68234.4,68774.6,5785.0087,2026-04-05 23:00:00
1775431800000,68774.5,69118.0,68766.5,69008.0,3955.4874,2026-04-05 23:30:00
1775433600000,69008.0,69587.9,69005.5,69159.0,7542.0049,2026-04-06 00:00:00
1775435400000,69159.0,69436.9,69052.8,69061.7,2209.8037,2026-04-06 00:30:00
1775437200000,69061.7,69118.1,68802.3,68955.5,3030.3075,2026-04-06 01:00:00
1775439000000,68955.4,68956.2,68767.7,68791.6,1231.3176,2026-04-06 01:30:00
1775440800000,68791.6,69314.0,68748.0,69208.6,3343.2857,2026-04-06 02:00:00
1775442600000,69208.6,69380.0,69161.0,69180.1,1658.9666,2026-04-06 02:30:00
1775444400000,69180.1,69233.5,69031.2,69158.9,1076.7786,2026-04-06 03:00:00
1775446200000,69158.9,69210.0,69033.3,69099.9,828.3561,2026-04-06 03:30:00
1775448000000,69100.0,69175.1,68948.3,68975.9,907.9911,2026-04-06 04:00:00
1775449800000,68976.0,69191.5,68972.1,69109.4,925.581,2026-04-06 04:30:00
1775451600000,69109.4,69198.6,69058.0,69140.7,629.3703,2026-04-06 05:00:00
1775453400000,69140.7,69213.0,69121.7,69169.3,538.9931,2026-04-06 05:30:00
1775455200000,69169.3,69327.7,68736.9,68810.0,3360.9046,2026-04-06 06:00:00
1775457000000,68810.0,69069.2,68786.9,68948.0,2308.4499,2026-04-06 06:30:00
1775458800000,68948.1,69076.4,68782.8,69037.3,1029.0837,2026-04-06 07:00:00
1775460600000,69037.2,69179.5,68912.8,69074.8,1207.8023,2026-04-06 07:30:00
1775462400000,69074.8,69214.0,69040.6,69191.9,1042.8773,2026-04-06 08:00:00
1775464200000,69191.9,69318.0,69164.1,69180.0,1024.3802,2026-04-06 08:30:00
1775466000000,69180.0,70276.8,69169.8,69905.6,9926.7206,2026-04-06 09:00:00
1775467800000,69905.6,69944.7,69666.0,69700.1,2821.8714,2026-04-06 09:30:00
1775469600000,69700.1,69841.7,69700.1,69737.9,1120.3349,2026-04-06 10:00:00
1775471400000,69737.9,69952.0,69678.0,69749.9,1816.5624,2026-04-06 10:30:00
1775473200000,69749.9,69749.9,69547.3,69595.2,1214.4926,2026-04-06 11:00:00
1775475000000,69595.1,69688.0,69536.9,69592.5,914.4735,2026-04-06 11:30:00
1775476800000,69592.4,69615.0,69396.5,69435.5,1763.4366,2026-04-06 12:00:00
1775478600000,69435.5,69519.2,69302.0,69349.5,1758.1942,2026-04-06 12:30:00
1775480400000,69349.6,69455.0,69302.5,69446.1,1399.4167,2026-04-06 13:00:00
1775482200000,69446.1,69532.8,69201.0,69405.1,3038.8243,2026-04-06 13:30:00
1775484000000,69405.0,69643.7,69130.0,69516.3,3297.6625,2026-04-06 14:00:00
1775485800000,69516.3,69798.8,69272.7,69618.7,4187.5243,2026-04-06 14:30:00
1775487600000,69618.7,69766.0,69486.3,69707.1,2380.7048,2026-04-06 15:00:00
1775489400000,69707.1,69935.0,69615.0,69923.0,2343.4205,2026-04-06 15:30:00
1775491200000,69923.0,70087.9,69811.0,69865.3,2603.166,2026-04-06 16:00:00
1775493000000,69865.3,70322.8,69734.9,69750.1,3627.5217,2026-04-06 16:30:00
1775494800000,69750.2,69777.9,69225.0,69493.1,4543.086,2026-04-06 17:00:00
1775496600000,69493.0,69597.4,69375.0,69530.9,993.0443,2026-04-06 17:30:00
1775498400000,69531.0,69933.3,69434.6,69827.2,2516.1984,2026-04-06 18:00:00
1775500200000,69827.1,69899.9,69665.3,69849.9,747.604,2026-04-06 18:30:00
1775502000000,69850.0,69864.7,69536.9,69803.1,959.7119,2026-04-06 19:00:00
1775503800000,69803.0,69850.0,69631.3,69699.8,743.6563,2026-04-06 19:30:00
1775505600000,69699.8,69927.5,69584.2,69917.1,786.2874,2026-04-06 20:00:00
1775507400000,69917.2,69947.5,69779.1,69782.2,466.1763,2026-04-06 20:30:00
1775509200000,69782.1,69786.9,69611.6,69621.7,672.5488,2026-04-06 21:00:00
1775511000000,69621.7,69632.5,69380.2,69473.0,807.7115,2026-04-06 21:30:00
1775512800000,69472.9,69545.5,69280.0,69334.6,1036.3725,2026-04-06 22:00:00
1775514600000,69334.6,69334.6,68765.0,68768.0,3231.424,2026-04-06 22:30:00
1775516400000,68768.1,68785.7,68269.0,68498.6,5238.2971,2026-04-06 23:00:00
1775518200000,68498.5,68887.7,68450.0,68812.9,1802.3443,2026-04-06 23:30:00
1775520000000,68812.9,69100.6,68762.5,68900.0,1843.555,2026-04-07 00:00:00
1775521800000,68900.1,69020.4,68690.0,68743.8,1567.0412,2026-04-07 00:30:00
1775523600000,68743.7,68868.7,68502.6,68683.4,2175.3968,2026-04-07 01:00:00
1775525400000,68683.5,68770.8,68300.1,68368.1,2025.4304,2026-04-07 01:30:00
1775527200000,68368.0,68552.2,68233.5,68545.3,1894.2485,2026-04-07 02:00:00
1775529000000,68545.2,68685.1,68467.2,68636.9,1124.3701,2026-04-07 02:30:00
1775530800000,68636.9,68766.5,68589.2,68746.3,921.35,2026-04-07 03:00:00
1775532600000,68746.3,68773.3,68686.2,68745.2,679.1922,2026-04-07 03:30:00
1775534400000,68745.1,68755.0,68510.7,68568.8,867.4255,2026-04-07 04:00:00
1775536200000,68568.7,68958.8,68568.7,68814.9,1498.7502,2026-04-07 04:30:00
1775538000000,68814.9,68843.2,68651.9,68666.2,823.5379,2026-04-07 05:00:00
1775539800000,68666.2,68728.0,68588.0,68632.1,733.5387,2026-04-07 05:30:00
1775541600000,68632.0,68632.1,68408.4,68545.3,1323.471,2026-04-07 06:00:00
1775543400000,68545.2,68583.0,68448.0,68546.2,601.3713,2026-04-07 06:30:00
1775545200000,68546.2,68629.0,68470.7,68550.0,636.1745,2026-04-07 07:00:00
1775547000000,68550.0,68690.4,68550.0,68585.4,616.7834,2026-04-07 07:30:00
1775548800000,68585.3,68832.0,68566.1,68727.4,1448.2175,2026-04-07 08:00:00
1775550600000,68727.4,68955.0,68727.4,68907.8,1562.0665,2026-04-07 08:30:00
1775552400000,68907.8,69217.7,68888.8,69020.0,2790.0798,2026-04-07 09:00:00
1775554200000,69020.0,69208.7,69006.0,69106.4,1202.7427,2026-04-07 09:30:00
1775556000000,69106.4,69165.1,68613.4,68701.3,3517.632,2026-04-07 10:00:00
1775557800000,68701.3,68749.0,68155.0,68199.3,5013.4706,2026-04-07 10:30:00
1775559600000,68199.3,68385.7,68006.4,68340.1,4168.1966,2026-04-07 11:00:00
1775561400000,68340.1,68421.0,68258.0,68308.1,1351.6578,2026-04-07 11:30:00
1775563200000,68308.1,68448.0,68044.2,68399.8,2893.4996,2026-04-07 12:00:00
1775565000000,68399.7,68583.2,68206.3,68368.6,1591.5625,2026-04-07 12:30:00
1775566800000,68368.6,68613.8,68350.0,68450.1,1775.3867,2026-04-07 13:00:00
1775568600000,68450.2,68563.5,68167.9,68205.1,2381.0646,2026-04-07 13:30:00
1775570400000,68205.0,68230.0,67721.1,68115.7,5991.3653,2026-04-07 14:00:00
1775572200000,68115.7,68199.0,67828.9,67828.9,1804.1339,2026-04-07 14:30:00
1775574000000,67829.0,68174.7,67680.2,68153.9,3538.6178,2026-04-07 15:00:00
1775575800000,68153.8,68248.0,68037.3,68138.7,1487.1547,2026-04-07 15:30:00
1775577600000,68138.6,68426.6,68050.0,68351.7,2760.2798,2026-04-07 16:00:00
1775579400000,68351.8,68364.7,68173.4,68208.2,720.758,2026-04-07 16:30:00
1775581200000,68208.3,68383.3,68153.2,68383.3,1213.8158,2026-04-07 17:00:00
1775583000000,68383.3,68979.5,68383.3,68669.9,4419.2041,2026-04-07 17:30:00
1775584800000,68670.0,68745.3,68511.6,68618.2,1184.6218,2026-04-07 18:00:00
1775586600000,68618.1,68707.2,68313.7,68413.3,1998.7944,2026-04-07 18:30:00
1775588400000,68413.4,68788.0,68325.0,68547.4,1686.3376,2026-04-07 19:00:00
1775590200000,68547.3,69058.8,68422.5,68975.6,3181.7818,2026-04-07 19:30:00
1775592000000,68975.6,69520.0,68975.6,69327.2,4153.3859,2026-04-07 20:00:00
1775593800000,69327.2,69387.4,69132.0,69280.5,1362.9609,2026-04-07 20:30:00
1775595600000,69280.4,70186.1,69268.5,69557.7,5501.3472,2026-04-07 21:00:00
1775597400000,69557.7,70084.9,69557.6,69898.0,2737.2882,2026-04-07 21:30:00
1775599200000,69898.1,70564.3,69898.1,70390.5,5190.0063,2026-04-07 22:00:00
1775601000000,70390.5,71500.0,70377.9,71479.0,11710.1154,2026-04-07 22:30:00
1775602800000,71479.0,72773.9,71154.1,72766.7,14284.2215,2026-04-07 23:00:00
1775604600000,72766.6,72772.1,71866.9,71904.6,8843.3147,2026-04-07 23:30:00
1775606400000,71904.7,72101.7,71766.3,71909.9,3308.5774,2026-04-08 00:00:00
1775608200000,71910.0,71999.0,71518.4,71696.0,3025.3638,2026-04-08 00:30:00
1775610000000,71696.0,71749.8,71440.9,71470.1,1577.6522,2026-04-08 01:00:00
1775611800000,71470.1,71575.0,71430.0,71467.6,1305.4214,2026-04-08 01:30:00
1775613600000,71467.6,71711.9,71367.3,71450.1,1747.6364,2026-04-08 02:00:00
1775615400000,71450.1,71484.4,71219.3,71350.0,1964.6169,2026-04-08 02:30:00
1775617200000,71350.0,71500.0,71258.6,71462.2,1336.7721,2026-04-08 03:00:00
1775619000000,71462.2,71462.2,71280.0,71280.1,535.0965,2026-04-08 03:30:00
1775620800000,71280.0,71588.0,71279.0,71554.0,2050.199,2026-04-08 04:00:00
1775622600000,71554.1,71677.6,71511.7,71551.5,1340.8506,2026-04-08 04:30:00
1775624400000,71551.5,71770.4,71535.2,71700.1,1194.5471,2026-04-08 05:00:00
1775626200000,71700.0,71830.4,71625.7,71715.0,1130.5282,2026-04-08 05:30:00
1775628000000,71715.0,71935.0,71566.1,71844.4,2666.264,2026-04-08 06:00:00
1775629800000,71844.3,71855.0,71706.9,71719.9,756.999,2026-04-08 06:30:00
1775631600000,71720.0,71894.2,71622.8,71800.0,1241.7699,2026-04-08 07:00:00
1775633400000,71800.0,71800.0,71567.7,71624.2,1375.6598,2026-04-08 07:30:00
1775635200000,71624.2,71800.0,71624.2,71740.0,1189.1008,2026-04-08 08:00:00
1775637000000,71739.9,71819.7,71625.0,71790.0,1022.0226,2026-04-08 08:30:00
1775638800000,71790.0,71965.1,71667.0,71667.0,1597.4317,2026-04-08 09:00:00
1775640600000,71667.0,71733.7,71575.0,71672.0,765.6367,2026-04-08 09:30:00
1775642400000,71672.1,71780.0,71572.5,71633.3,624.0482,2026-04-08 10:00:00
1775644200000,71633.3,71643.9,71443.2,71462.4,1004.355,2026-04-08 10:30:00
1775646000000,71462.3,71666.0,71426.8,71645.8,987.2039,2026-04-08 11:00:00
1775647800000,71645.7,71713.0,71388.0,71661.3,1609.2492,2026-04-08 11:30:00
1775649600000,71661.4,71836.4,71555.0,71752.5,1674.1364,2026-04-08 12:00:00
1775651400000,71752.5,72156.0,71711.6,72036.2,3318.4622,2026-04-08 12:30:00
1775653200000,72036.3,72876.5,72033.1,72454.2,10459.8877,2026-04-08 13:00:00
1775655000000,72454.2,72588.0,71477.0,71567.4,8880.3906,2026-04-08 13:30:00
1775656800000,71567.4,71724.5,71243.7,71427.7,3604.1895,2026-04-08 14:00:00
1775658600000,71427.7,71485.2,70670.0,70886.9,6527.4084,2026-04-08 14:30:00
1775660400000,70887.0,71208.2,70797.9,71149.9,3380.9832,2026-04-08 15:00:00
1775662200000,71150.0,71315.1,71066.0,71265.3,2106.4712,2026-04-08 15:30:00
1775664000000,71265.3,71457.0,71222.0,71356.4,2112.2761,2026-04-08 16:00:00
1775665800000,71356.4,71700.0,71210.9,71561.3,2448.682,2026-04-08 16:30:00
1775667600000,71561.4,71781.0,71440.9,71600.3,2169.0086,2026-04-08 17:00:00
1775669400000,71600.4,71929.9,71594.5,71854.5,2372.5982,2026-04-08 17:30:00
1775671200000,71854.6,71857.4,71266.0,71355.4,2766.3343,2026-04-08 18:00:00
1775673000000,71355.5,71574.9,71054.2,71073.6,2150.4402,2026-04-08 18:30:00
1775674800000,71073.6,71265.8,70983.5,71099.6,1144.4002,2026-04-08 19:00:00
1775676600000,71099.6,71346.6,71036.4,71294.0,1011.5677,2026-04-08 19:30:00
1775678400000,71294.0,71457.6,71285.0,71414.5,959.289,2026-04-08 20:00:00
1775680200000,71414.5,71417.9,71252.3,71350.5,423.6729,2026-04-08 20:30:00
1775682000000,71350.6,71718.8,71300.0,71636.5,789.696,2026-04-08 21:00:00
1775683800000,71636.6,71684.9,71481.2,71519.9,599.3995,2026-04-08 21:30:00
1775685600000,71520.0,71546.7,71116.0,71134.0,913.4871,2026-04-08 22:00:00
1775687400000,71134.0,71331.6,71024.4,71027.8,930.7307,2026-04-08 22:30:00
1775689200000,71027.7,71179.0,70863.5,70991.4,1629.5727,2026-04-08 23:00:00
1775691000000,70991.3,71144.2,70920.0,71041.7,605.8089,2026-04-08 23:30:00
1775692800000,71041.8,71109.4,70814.8,70896.1,985.198,2026-04-09 00:00:00
1775694600000,70896.0,70918.3,70606.0,70780.0,2053.6172,2026-04-09 00:30:00
1775696400000,70780.0,70855.0,70422.0,70595.6,2774.3487,2026-04-09 01:00:00
1775698200000,70595.7,70929.9,70564.5,70892.7,1800.9275,2026-04-09 01:30:00
1775700000000,70892.6,71030.0,70774.4,70987.1,1235.2704,2026-04-09 02:00:00
1775701800000,70987.0,71170.0,70872.2,71026.9,1548.8286,2026-04-09 02:30:00
1775703600000,71026.9,71087.9,70828.0,70874.9,921.6492,2026-04-09 03:00:00
1775705400000,70874.9,71022.6,70810.1,70965.7,798.5426,2026-04-09 03:30:00
1775707200000,70965.7,70985.0,70760.1,70819.3,734.0683,2026-04-09 04:00:00
1775709000000,70819.4,70906.5,70680.0,70757.0,939.6789,2026-04-09 04:30:00
1775710800000,70757.0,70979.0,70660.7,70950.1,901.7934,2026-04-09 05:00:00
1775712600000,70950.1,71071.3,70868.2,70959.7,956.5398,2026-04-09 05:30:00
1775714400000,70959.7,71067.1,70788.8,70833.0,1020.9651,2026-04-09 06:00:00
1775716200000,70833.0,70999.0,70778.6,70994.1,794.4782,2026-04-09 06:30:00
1775718000000,70994.1,71086.2,70940.0,70957.6,671.1488,2026-04-09 07:00:00
1775719800000,70957.5,71055.0,70921.2,70953.8,848.8774,2026-04-09 07:30:00
1775721600000,70953.8,70991.4,70831.5,70947.6,985.4985,2026-04-09 08:00:00
1775723400000,70947.6,71358.3,70947.5,71225.8,2796.5462,2026-04-09 08:30:00
1775725200000,71225.8,71547.6,71079.2,71255.3,2689.5486,2026-04-09 09:00:00
1775727000000,71255.3,71548.0,71165.9,71502.5,1756.6313,2026-04-09 09:30:00
1775728800000,71502.6,71505.9,71310.0,71370.2,1062.509,2026-04-09 10:00:00
1775730600000,71370.3,71438.7,71246.4,71246.5,594.9863,2026-04-09 10:30:00
1775732400000,71246.5,71325.0,71020.1,71054.6,1661.7761,2026-04-09 11:00:00
1775734200000,71054.6,71203.3,71054.6,71124.5,875.3504,2026-04-09 11:30:00
1775736000000,71124.5,71316.6,71013.0,71252.3,1212.4199,2026-04-09 12:00:00
1775737800000,71252.3,71291.5,71075.8,71263.6,1127.5631,2026-04-09 12:30:00
1775739600000,71263.7,71337.6,71040.1,71085.6,1118.3422,2026-04-09 13:00:00
1775741400000,71085.7,71145.5,70609.5,70779.8,4874.3915,2026-04-09 13:30:00
1775743200000,70779.8,70831.5,70505.0,70621.8,2489.2346,2026-04-09 14:00:00
1775745000000,70621.8,71228.0,70583.3,71090.7,4461.7044,2026-04-09 14:30:00
1775746800000,71090.8,71628.8,70900.0,71313.2,4503.0924,2026-04-09 15:00:00
1775748600000,71313.3,72333.7,71260.4,72105.7,9970.8565,2026-04-09 15:30:00
1775750400000,72105.6,72379.3,72020.0,72023.5,4450.7871,2026-04-09 16:00:00
1775752200000,72023.5,72076.7,71666.7,72047.5,3946.1925,2026-04-09 16:30:00
1775754000000,72047.6,72518.3,72037.2,72303.2,4986.019,2026-04-09 17:00:00
1775755800000,72303.2,72478.8,72055.0,72308.6,2096.9014,2026-04-09 17:30:00
1775757600000,72308.6,72341.7,71733.3,71876.4,2974.6001,2026-04-09 18:00:00
1775759400000,71876.4,71924.0,71708.5,71858.3,1057.8196,2026-04-09 18:30:00
1775761200000,71858.2,72104.5,71718.0,71796.3,1537.4444,2026-04-09 19:00:00
1775763000000,71796.2,72270.0,71788.4,72060.7,1781.2635,2026-04-09 19:30:00
1775764800000,72060.7,72310.8,71929.1,72255.2,1095.5737,2026-04-09 20:00:00
1775766600000,72255.3,72418.5,72220.5,72374.8,839.8323,2026-04-09 20:30:00
1775768400000,72374.8,72676.0,72110.0,72140.9,1966.8334,2026-04-09 21:00:00
1775770200000,72140.9,72435.0,72107.1,72226.5,828.136,2026-04-09 21:30:00
1775772000000,72226.5,73146.1,72213.9,72597.1,5058.5072,2026-04-09 22:00:00
1775773800000,72597.0,72597.1,71911.1,71911.2,2708.6386,2026-04-09 22:30:00
1775775600000,71911.1,71995.1,71541.9,71754.6,3360.5477,2026-04-09 23:00:00
1775777400000,71754.6,71820.9,71580.8,71759.0,1713.6034,2026-04-09 23:30:00
1775779200000,71759.1,71867.3,71543.0,71807.5,1900.9909,2026-04-10 00:00:00
1775781000000,71807.6,72020.3,71760.4,71945.6,1440.727,2026-04-10 00:30:00
1775782800000,71945.7,72066.0,71632.7,71845.3,1397.3556,2026-04-10 01:00:00
1775784600000,71845.3,72355.4,71830.8,72133.4,2975.4996,2026-04-10 01:30:00
1775786400000,72133.3,72264.5,72083.3,72145.5,920.1846,2026-04-10 02:00:00
1775788200000,72145.4,72200.4,71868.8,71924.9,1308.1702,2026-04-10 02:30:00
1775790000000,71924.9,71999.9,71780.0,71789.4,901.9774,2026-04-10 03:00:00
1775791800000,71789.3,71942.5,71780.0,71838.2,747.831,2026-04-10 03:30:00
1775793600000,71838.3,71930.0,71813.8,71837.5,686.8742,2026-04-10 04:00:00
1775795400000,71837.5,72194.6,71784.1,72086.8,1373.3873,2026-04-10 04:30:00
1775797200000,72086.9,72258.0,71960.4,72194.9,1107.0737,2026-04-10 05:00:00
1775799000000,72194.9,72232.7,72055.0,72097.0,586.1021,2026-04-10 05:30:00
1775800800000,72096.9,72150.0,71916.6,71936.9,700.5652,2026-04-10 06:00:00
1775802600000,71936.9,71977.4,71754.6,71777.0,980.6227,2026-04-10 06:30:00
1775804400000,71777.0,71819.5,71673.7,71703.3,1722.1491,2026-04-10 07:00:00
1775806200000,71703.3,71766.0,71404.1,71463.5,2467.2852,2026-04-10 07:30:00
1775808000000,71463.5,71666.0,71388.9,71608.0,2229.5059,2026-04-10 08:00:00
1775809800000,71608.0,71730.0,71463.0,71581.2,1543.3133,2026-04-10 08:30:00
1775811600000,71581.1,71831.4,71560.5,71733.3,1280.3055,2026-04-10 09:00:00
1775813400000,71733.4,71846.9,71706.6,71748.1,675.3819,2026-04-10 09:30:00
1775815200000,71748.1,71785.0,71667.6,71692.4,655.6702,2026-04-10 10:00:00
1775817000000,71692.4,71896.3,71684.1,71863.2,958.7633,2026-04-10 10:30:00
1775818800000,71863.1,72177.0,71858.4,72170.3,2096.2503,2026-04-10 11:00:00
1775820600000,72170.2,72222.0,72055.0,72084.8,1561.9823,2026-04-10 11:30:00
1775822400000,72084.7,72300.0,71960.0,72130.4,2556.0455,2026-04-10 12:00:00
1775824200000,72128.8,72420.0,72000.0,72220.0,3657.019,2026-04-10 12:30:00
1775826000000,72220.0,72280.0,72123.8,72265.5,1265.537,2026-04-10 13:00:00
1775827800000,72265.6,72381.0,71868.8,72289.0,4629.3443,2026-04-10 13:30:00
1775829600000,72289.0,73047.9,72215.2,72936.2,8204.7946,2026-04-10 14:00:00
1775831400000,72936.3,73125.5,72665.5,72878.5,4878.0019,2026-04-10 14:30:00
1775833200000,72878.6,73288.0,72710.3,72746.4,4231.0688,2026-04-10 15:00:00
1775835000000,72746.4,72818.5,72285.8,72418.3,3472.4494,2026-04-10 15:30:00
1775836800000,72418.2,72789.5,72348.4,72733.9,2656.194,2026-04-10 16:00:00
1775838600000,72733.9,73056.7,72550.0,72965.8,2731.5121,2026-04-10 16:30:00
1775840400000,72965.8,73010.0,72770.2,72940.0,1207.1712,2026-04-10 17:00:00
1775842200000,72939.9,73123.0,72768.1,73092.0,1301.8265,2026-04-10 17:30:00
1775844000000,73091.9,73149.5,72840.0,72954.2,1435.053,2026-04-10 18:00:00
1775845800000,72954.2,73082.3,72886.2,73071.1,502.8447,2026-04-10 18:30:00
1775847600000,73071.2,73227.9,72950.6,72957.0,1178.8346,2026-04-10 19:00:00
1775849400000,72957.0,73248.8,72863.8,73194.0,1026.7312,2026-04-10 19:30:00
1775851200000,73194.5,73244.2,73094.4,73214.9,1046.4975,2026-04-10 20:00:00
1775853000000,73214.9,73452.3,73012.8,73321.2,2151.8056,2026-04-10 20:30:00
1775854800000,73321.3,73321.3,72974.4,73055.2,827.9827,2026-04-10 21:00:00
1775856600000,73055.3,73179.0,72900.0,73163.0,644.9712,2026-04-10 21:30:00
1775858400000,73162.9,73220.0,72958.8,72980.1,1187.8571,2026-04-10 22:00:00
1775860200000,72980.1,72986.1,72678.5,72840.8,1209.9201,2026-04-10 22:30:00
1775862000000,72840.8,72918.0,72746.0,72861.9,615.7829,2026-04-10 23:00:00
1775863800000,72861.9,72933.3,72804.0,72925.8,377.2265,2026-04-10 23:30:00
1775865600000,72925.7,72925.8,72777.0,72870.0,648.7762,2026-04-11 00:00:00
1775867400000,72869.9,72900.0,72750.0,72799.2,375.2619,2026-04-11 00:30:00
1775869200000,72799.3,72817.8,72616.7,72802.3,804.7606,2026-04-11 01:00:00
1775871000000,72802.3,72975.0,72790.0,72927.5,593.9499,2026-04-11 01:30:00
1775872800000,72927.5,73026.0,72875.7,72952.4,657.872,2026-04-11 02:00:00
1775874600000,72952.3,73073.8,72868.1,72928.8,776.1829,2026-04-11 02:30:00
1775876400000,72928.8,73047.2,72921.8,72958.3,475.6829,2026-04-11 03:00:00
1775878200000,72958.2,72988.0,72785.8,72836.9,610.8535,2026-04-11 03:30:00
1775880000000,72837.0,72925.2,72650.6,72696.8,1158.9134,2026-04-11 04:00:00
1775881800000,72696.9,72801.5,72696.8,72781.1,339.0914,2026-04-11 04:30:00
1775883600000,72781.2,72801.5,72642.8,72783.4,648.3771,2026-04-11 05:00:00
1775885400000,72783.3,72812.0,72685.1,72696.4,342.3163,2026-04-11 05:30:00
1775887200000,72696.3,72717.0,72570.3,72666.0,903.8047,2026-04-11 06:00:00
1775889000000,72666.0,72755.1,72651.5,72738.9,290.611,2026-04-11 06:30:00
1775890800000,72739.0,72809.7,72711.5,72775.3,474.8941,2026-04-11 07:00:00
1775892600000,72775.3,72796.2,72633.6,72719.7,649.2181,2026-04-11 07:30:00
1775894400000,72719.8,72779.9,72684.5,72717.4,415.8106,2026-04-11 08:00:00
1775896200000,72717.4,72739.9,72601.0,72636.3,528.4022,2026-04-11 08:30:00
1775898000000,72636.3,72884.0,72600.0,72833.1,1285.0931,2026-04-11 09:00:00
1775899800000,72833.0,72883.0,72728.1,72875.2,553.6753,2026-04-11 09:30:00
1775901600000,72875.1,72898.4,72740.0,72834.8,580.1494,2026-04-11 10:00:00
1775903400000,72834.8,72842.2,72728.0,72811.2,625.1295,2026-04-11 10:30:00
1775905200000,72811.2,72856.2,72787.0,72800.0,370.3563,2026-04-11 11:00:00
1775907000000,72800.0,72896.0,72790.9,72883.8,401.2571,2026-04-11 11:30:00
1775908800000,72883.7,72924.3,72787.0,72834.6,795.6579,2026-04-11 12:00:00
1775910600000,72834.7,72956.5,72818.2,72900.0,488.815,2026-04-11 12:30:00
1775912400000,72900.0,72900.0,72480.4,72589.8,2498.7591,2026-04-11 13:00:00
1775914200000,72589.7,72701.2,72550.0,72628.1,850.1348,2026-04-11 13:30:00
1775916000000,72628.2,72749.4,72587.3,72687.8,534.9987,2026-04-11 14:00:00
1775917800000,72687.8,72704.5,72578.0,72669.3,525.6337,2026-04-11 14:30:00
1775919600000,72669.3,72874.1,72648.6,72722.1,898.8009,2026-04-11 15:00:00
1775921400000,72722.0,72845.3,72711.5,72826.6,724.4403,2026-04-11 15:30:00
1775923200000,72826.5,72906.3,72790.0,72847.9,647.3643,2026-04-11 16:00:00
1775925000000,72848.0,73200.0,72824.3,73000.4,2363.2543,2026-04-11 16:30:00
1775926800000,73000.4,73075.3,72903.0,73047.0,838.922,2026-04-11 17:00:00
1775928600000,73047.0,73142.0,73029.8,73060.3,565.9883,2026-04-11 17:30:00
1775930400000,73060.4,73246.4,73002.8,73167.1,728.0029,2026-04-11 18:00:00
1775932200000,73167.0,73748.5,73163.0,73527.3,4734.6587,2026-04-11 18:30:00
1775934000000,73527.4,73799.1,73433.8,73599.9,1807.6261,2026-04-11 19:00:00
1775935800000,73600.0,73780.0,73583.1,73659.6,1384.1863,2026-04-11 19:30:00
1775937600000,73659.6,73670.7,73376.3,73397.4,923.1267,2026-04-11 20:00:00
1775939400000,73397.4,73414.8,73201.6,73274.8,1164.9724,2026-04-11 20:30:00
1775941200000,73274.8,73419.6,73166.0,73326.4,669.1233,2026-04-11 21:00:00
1775943000000,73326.5,73530.4,73288.5,73406.3,675.3558,2026-04-11 21:30:00
1775944800000,73406.2,73546.3,73338.2,73424.4,484.3045,2026-04-11 22:00:00
1775946600000,73424.4,73434.3,73210.8,73341.1,796.8631,2026-04-11 22:30:00
1775948400000,73341.1,73341.2,72864.0,73100.0,1610.4836,2026-04-11 23:00:00
1775950200000,73100.0,73135.9,72967.8,73014.7,789.3139,2026-04-11 23:30:00
1775952000000,73014.7,73085.0,72823.4,73045.2,1023.5433,2026-04-12 00:00:00
1775953800000,73045.3,73088.0,72953.6,73049.8,555.0278,2026-04-12 00:30:00
1775955600000,73049.9,73107.1,72940.3,72983.0,771.1495,2026-04-12 01:00:00
1775957400000,72983.0,72984.8,71270.2,71610.0,11697.4142,2026-04-12 01:30:00
1775959200000,71609.9,71934.7,71310.5,71737.8,4156.0614,2026-04-12 02:00:00
1775961000000,71737.7,71899.9,71720.0,71725.8,1082.7973,2026-04-12 02:30:00
1775962800000,71725.8,71829.5,71579.0,71691.5,1298.3582,2026-04-12 03:00:00
1775964600000,71691.4,71721.7,71557.0,71557.7,1326.887,2026-04-12 03:30:00
1775966400000,71557.6,71650.0,71450.0,71495.7,1061.5191,2026-04-12 04:00:00
1775968200000,71495.6,71554.9,71411.0,71437.9,990.9693,2026-04-12 04:30:00
1775970000000,71437.9,71653.2,71380.0,71636.6,1178.4013,2026-04-12 05:00:00
1775971800000,71636.6,71750.0,71576.0,71664.1,1023.8206,2026-04-12 05:30:00
1775973600000,71664.2,71726.5,71625.9,71670.5,704.9853,2026-04-12 06:00:00
1775975400000,71670.4,71670.4,71600.0,71617.1,328.629,2026-04-12 06:30:00
1775977200000,71617.0,71644.9,71541.1,71596.8,557.6886,2026-04-12 07:00:00
1775979000000,71596.8,71720.0,71590.0,71635.9,705.1074,2026-04-12 07:30:00
1775980800000,71635.9,71685.9,71600.0,71666.0,727.9042,2026-04-12 08:00:00
1775982600000,71666.1,71772.0,71553.4,71591.5,899.7601,2026-04-12 08:30:00
1775984400000,71591.4,71596.5,71503.7,71560.9,583.1375,2026-04-12 09:00:00
1775986200000,71560.8,71607.4,71480.9,71507.4,599.791,2026-04-12 09:30:00
1775988000000,71507.3,71655.0,71479.8,71575.1,640.3232,2026-04-12 10:00:00
1775989800000,71575.0,71577.3,71323.0,71425.0,1209.1822,2026-04-12 10:30:00
1775991600000,71425.0,71519.7,71400.0,71489.9,633.703,2026-04-12 11:00:00
1775993400000,71490.0,71495.2,71387.8,71441.4,502.7812,2026-04-12 11:30:00
1775995200000,71441.3,71441.3,71300.1,71385.3,1011.4946,2026-04-12 12:00:00
1775997000000,71385.3,71477.7,71027.0,71053.9,3411.5274,2026-04-12 12:30:00
1775998800000,71053.9,71121.4,70873.1,71016.1,3516.7001,2026-04-12 13:00:00
1776000600000,71016.1,71069.8,70830.4,70861.6,1551.0223,2026-04-12 13:30:00
1776002400000,70861.6,71076.2,70830.1,71044.6,1299.0309,2026-04-12 14:00:00
1776004200000,71044.6,71060.1,70660.7,70721.9,2530.6479,2026-04-12 14:30:00
1776006000000,70722.0,70822.5,70686.7,70686.7,1064.3386,2026-04-12 15:00:00
1776007800000,70686.8,70917.0,70570.0,70869.5,2000.2139,2026-04-12 15:30:00
1776009600000,70869.5,70934.6,70789.8,70895.9,960.5722,2026-04-12 16:00:00
1776011400000,70895.9,70911.0,70778.0,70900.1,441.8343,2026-04-12 16:30:00
1776013200000,70900.1,70990.0,70866.0,70967.9,835.5868,2026-04-12 17:00:00
1776015000000,70967.9,71175.9,70900.4,71120.2,1553.6441,2026-04-12 17:30:00
1776016800000,71120.3,71187.5,71026.0,71055.5,798.4541,2026-04-12 18:00:00
1776018600000,71055.6,71174.0,71053.3,71094.8,354.678,2026-04-12 18:30:00
1776020400000,71094.9,71189.2,71077.6,71132.0,379.386,2026-04-12 19:00:00
1776022200000,71131.9,71132.0,71040.2,71060.7,236.3002,2026-04-12 19:30:00
1776024000000,71060.7,71081.9,70921.0,71020.5,497.4578,2026-04-12 20:00:00
1776025800000,71020.6,71410.9,71020.5,71302.0,1181.645,2026-04-12 20:30:00
1776027600000,71301.9,71425.2,71132.2,71271.8,645.4754,2026-04-12 21:00:00
1776029400000,71271.8,71333.0,71168.4,71325.6,424.3162,2026-04-12 21:30:00
1776031200000,71325.6,71333.0,70488.0,70633.5,4368.9824,2026-04-12 22:00:00
1776033000000,70633.5,70905.0,70456.0,70875.9,1606.458,2026-04-12 22:30:00
1776034800000,70875.8,70882.5,70560.0,70680.4,1413.7732,2026-04-12 23:00:00
1776036600000,70680.3,70763.0,70530.1,70707.9,808.3564,2026-04-12 23:30:00
1776038400000,70707.9,71073.1,70580.0,70950.0,1600.8595,2026-04-13 00:00:00
1776040200000,70950.1,71273.1,70920.5,71140.0,1807.796,2026-04-13 00:30:00
1776042000000,71140.0,71200.0,71035.6,71084.7,1518.3281,2026-04-13 01:00:00
1776043800000,71084.6,71199.0,71008.0,71166.1,858.6614,2026-04-13 01:30:00
1776045600000,71166.1,71240.7,70955.6,71194.2,1128.3505,2026-04-13 02:00:00
1776047400000,71194.2,71255.0,70970.0,71059.9,1013.9955,2026-04-13 02:30:00
1776049200000,71059.9,71134.8,70965.4,71002.7,972.382,2026-04-13 03:00:00
1776051000000,71002.7,71034.1,70883.4,70950.1,670.1716,2026-04-13 03:30:00
1776052800000,70950.2,71010.0,70871.2,70999.3,605.664,2026-04-13 04:00:00
1776054600000,70999.2,71120.0,70821.7,70868.4,946.3258,2026-04-13 04:30:00
1776056400000,70868.5,70893.5,70734.7,70835.5,903.2378,2026-04-13 05:00:00
1776058200000,70835.4,70874.3,70637.2,70858.2,990.6475,2026-04-13 05:30:00
1776060000000,70858.1,71050.0,70853.4,71000.0,898.9222,2026-04-13 06:00:00
1776061800000,70999.9,71073.7,70970.0,70999.3,661.5854,2026-04-13 06:30:00
1776063600000,70999.6,71046.1,70660.0,70691.4,1341.4526,2026-04-13 07:00:00
1776065400000,70691.4,70819.9,70666.0,70796.5,828.0222,2026-04-13 07:30:00
1776067200000,70796.5,70842.5,70623.1,70736.3,888.0355,2026-04-13 08:00:00
1776069000000,70736.3,70739.9,70542.1,70657.2,1184.5948,2026-04-13 08:30:00
1776070800000,70657.1,70889.9,70643.9,70769.9,1241.5277,2026-04-13 09:00:00
1776072600000,70769.9,70801.2,70721.7,70766.4,649.4443,2026-04-13 09:30:00
1776074400000,70766.4,70823.6,70689.1,70729.6,520.6321,2026-04-13 10:00:00
1776076200000,70729.7,70812.5,70654.0,70728.5,552.7126,2026-04-13 10:30:00
1776078000000,70728.6,70875.0,70710.1,70839.3,852.291,2026-04-13 11:00:00
1776079800000,70839.4,70966.0,70783.0,70892.6,929.555,2026-04-13 11:30:00
1776081600000,70892.6,71044.7,70812.6,70830.3,1248.0259,2026-04-13 12:00:00
1776083400000,70830.3,71185.0,70730.3,71040.5,2374.1953,2026-04-13 12:30:00
1776085200000,71040.5,71230.0,71035.1,71140.7,1848.5053,2026-04-13 13:00:00
1776087000000,71140.8,71665.4,70766.7,71610.0,7680.1622,2026-04-13 13:30:00
1776088800000,71610.0,71722.9,71326.3,71595.2,4453.8231,2026-04-13 14:00:00
1776090600000,71595.2,72374.8,71556.3,72347.0,7242.106,2026-04-13 14:30:00
1776092400000,72347.0,72424.0,71806.7,71910.1,4632.467,2026-04-13 15:00:00
1776094200000,71910.0,71910.0,71618.2,71831.1,2833.6093,2026-04-13 15:30:00
1776096000000,71831.0,72245.0,71637.8,72203.3,3422.9737,2026-04-13 16:00:00
1776097800000,72203.4,72400.0,72020.0,72162.1,3306.4259,2026-04-13 16:30:00
1776099600000,72162.0,72418.3,72089.4,72409.1,1851.3987,2026-04-13 17:00:00
1776101400000,72409.1,72583.0,72023.7,72111.8,3212.5926,2026-04-13 17:30:00
1776103200000,72111.8,72246.5,72012.0,72130.1,1354.3048,2026-04-13 18:00:00
1776105000000,72130.1,72424.7,72130.0,72386.5,1403.0179,2026-04-13 18:30:00
1776106800000,72386.5,72887.9,72260.0,72818.9,4174.2014,2026-04-13 19:00:00
1776108600000,72818.9,73468.0,72786.2,73287.6,6295.7163,2026-04-13 19:30:00
1776110400000,73287.6,73367.5,72977.8,73078.2,3291.14,2026-04-13 20:00:00
1776112200000,73078.2,73252.5,73040.0,73122.3,1284.1391,2026-04-13 20:30:00
1776114000000,73122.3,73288.0,73045.8,73099.3,998.3027,2026-04-13 21:00:00
1776115800000,73099.4,73369.6,73080.3,73152.4,1034.0139,2026-04-13 21:30:00
1776117600000,73152.3,74499.9,73138.0,74112.3,9132.5627,2026-04-13 22:00:00
1776119400000,74112.3,74746.7,74050.0,74597.7,5504.1167,2026-04-13 22:30:00
1776121200000,74597.6,74876.5,74415.6,74692.6,4334.9014,2026-04-13 23:00:00
1776123000000,74692.7,74860.2,74342.1,74385.5,2661.7512,2026-04-13 23:30:00
1776124800000,74385.4,74494.4,74177.8,74238.6,1673.2843,2026-04-14 00:00:00
1776126600000,74238.6,74417.5,74074.8,74138.1,2185.6182,2026-04-14 00:30:00
1776128400000,74138.1,74390.7,73935.5,74268.0,1814.6734,2026-04-14 01:00:00
1776130200000,74268.0,74418.1,74200.7,74356.8,964.5394,2026-04-14 01:30:00
1776132000000,74356.8,74567.6,74332.5,74362.1,1172.5873,2026-04-14 02:00:00
1776133800000,74362.2,74433.1,74250.0,74307.9,823.2785,2026-04-14 02:30:00
1776135600000,74307.9,74382.4,74211.7,74263.3,649.4799,2026-04-14 03:00:00
1776137400000,74263.3,74472.8,74242.0,74418.4,962.641,2026-04-14 03:30:00
1776139200000,74418.5,74470.7,74348.2,74462.5,672.666,2026-04-14 04:00:00
1776141000000,74462.5,74478.2,74324.6,74362.4,525.9355,2026-04-14 04:30:00
1776142800000,74362.3,74407.0,74280.9,74310.3,566.228,2026-04-14 05:00:00
1776144600000,74310.3,74339.1,74127.2,74188.6,824.6094,2026-04-14 05:30:00
1776146400000,74188.6,74419.9,74188.6,74357.2,820.7192,2026-04-14 06:00:00
1776148200000,74357.1,74526.9,74335.0,74490.9,746.6184,2026-04-14 06:30:00
1776150000000,74490.9,74920.4,74402.8,74632.6,2908.6497,2026-04-14 07:00:00
1776151800000,74632.6,74649.9,74436.8,74518.0,1189.0129,2026-04-14 07:30:00
1776153600000,74518.1,74613.8,74420.4,74605.4,914.251,2026-04-14 08:00:00
1776155400000,74605.4,74870.0,74565.5,74718.3,2128.5927,2026-04-14 08:30:00
1776157200000,74718.3,74800.0,74591.7,74643.8,934.4575,2026-04-14 09:00:00
1776159000000,74643.8,74683.8,74386.5,74468.3,1256.6581,2026-04-14 09:30:00
1776160800000,74468.4,74556.6,74424.7,74528.1,483.5278,2026-04-14 10:00:00
1776162600000,74528.1,74574.0,74300.0,74318.2,1003.1708,2026-04-14 10:30:00
1776164400000,74318.2,74422.0,74289.1,74333.0,831.0463,2026-04-14 11:00:00
1776166200000,74333.0,74422.0,74276.7,74350.1,1035.116,2026-04-14 11:30:00
1776168000000,74350.0,74405.0,74250.0,74266.0,1061.9144,2026-04-14 12:00:00
1776169800000,74265.9,74475.7,74258.5,74423.8,1336.534,2026-04-14 12:30:00
1776171600000,74423.8,74696.4,74366.9,74458.1,1722.9146,2026-04-14 13:00:00
1776173400000,74458.0,75488.0,74457.1,75468.5,9005.7103,2026-04-14 13:30:00
1776175200000,75468.5,75813.6,75280.0,75800.1,6698.6483,2026-04-14 14:00:00
1776177000000,75800.0,76000.0,74970.0,74970.0,8779.8324,2026-04-14 14:30:00
1776178800000,74970.0,75087.8,74505.6,74757.5,6502.9359,2026-04-14 15:00:00
1776180600000,74757.5,75415.4,74747.0,75280.4,3666.255,2026-04-14 15:30:00
1776182400000,75280.4,75668.3,75121.8,75206.2,3660.6294,2026-04-14 16:00:00
1776184200000,75206.2,75241.9,74465.2,74600.3,3546.5724,2026-04-14 16:30:00
1776186000000,74600.4,74919.7,74535.0,74588.2,2365.3289,2026-04-14 17:00:00
1776187800000,74588.2,74716.0,74200.0,74694.8,3511.2148,2026-04-14 17:30:00
1776189600000,74694.9,74765.7,74388.2,74466.0,1288.2263,2026-04-14 18:00:00
1776191400000,74466.0,74523.4,73777.0,74056.3,4418.1084,2026-04-14 18:30:00
1776193200000,74056.3,74350.0,73829.3,74112.5,2077.2505,2026-04-14 19:00:00
1776195000000,74112.5,74230.8,73988.6,74175.0,1701.1339,2026-04-14 19:30:00
1776196800000,74175.0,74391.2,74070.0,74134.5,1133.7467,2026-04-14 20:00:00
1776198600000,74134.5,74252.1,73966.0,74055.3,765.4613,2026-04-14 20:30:00
1776200400000,74055.3,74254.6,74000.2,74080.4,616.2468,2026-04-14 21:00:00
1776202200000,74080.4,74285.2,73901.0,74230.4,715.581,2026-04-14 21:30:00
1776204000000,74230.3,74333.0,73866.0,73869.3,1440.5399,2026-04-14 22:00:00
1776205800000,73869.3,74097.3,73743.9,73982.7,1452.2095,2026-04-14 22:30:00
1776207600000,73982.6,74181.1,73966.0,74073.6,797.9136,2026-04-14 23:00:00
1776209400000,74073.5,74212.2,74000.0,74100.1,1140.9724,2026-04-14 23:30:00
1776211200000,74100.0,74648.2,74079.6,74541.3,3034.1019,2026-04-15 00:00:00
1776213000000,74541.2,74563.7,74382.0,74515.9,876.4608,2026-04-15 00:30:00
1776214800000,74515.9,74749.0,74455.7,74639.9,1191.757,2026-04-15 01:00:00
1776216600000,74639.9,74696.2,74444.6,74560.0,1137.1567,2026-04-15 01:30:00
1776218400000,74560.0,74650.0,74280.0,74311.9,924.4622,2026-04-15 02:00:00
1776220200000,74312.0,74318.6,74135.9,74281.1,1286.4717,2026-04-15 02:30:00
1776222000000,74281.1,74330.0,74130.0,74256.1,733.0393,2026-04-15 03:00:00
1776223800000,74256.0,74328.7,74166.0,74296.3,525.2403,2026-04-15 03:30:00
1776225600000,74296.3,74400.0,74260.1,74274.4,646.2075,2026-04-15 04:00:00
1776227400000,74274.4,74374.5,74220.0,74292.8,596.5718,2026-04-15 04:30:00
1776229200000,74292.8,74397.1,73966.0,73980.2,1960.4821,2026-04-15 05:00:00
1776231000000,73980.2,74015.9,73830.1,73985.2,1864.3533,2026-04-15 05:30:00
1776232800000,73985.1,74022.5,73888.0,73894.6,1024.0261,2026-04-15 06:00:00
1776234600000,73894.5,73996.3,73834.0,73860.8,878.6274,2026-04-15 06:30:00
1776236400000,73860.9,73986.0,73539.0,73681.8,3059.5346,2026-04-15 07:00:00
1776238200000,73681.7,73750.0,73443.0,73706.9,2591.4292,2026-04-15 07:30:00
1776240000000,73706.9,73964.1,73644.0,73962.8,1391.0547,2026-04-15 08:00:00
1776241800000,73962.9,74152.3,73941.0,74077.1,1935.8228,2026-04-15 08:30:00
1776243600000,74077.0,74150.0,73891.5,73924.5,1139.7525,2026-04-15 09:00:00
1776245400000,73924.5,73998.2,73852.4,73975.1,770.9057,2026-04-15 09:30:00
1776247200000,73975.0,74144.0,73850.8,73867.1,1209.9934,2026-04-15 10:00:00
1776249000000,73867.1,74243.2,73741.4,73826.1,2337.9303,2026-04-15 10:30:00
1776250800000,73826.1,74053.9,73826.1,73920.0,677.0771,2026-04-15 11:00:00
1776252600000,73920.0,74232.0,73900.0,74163.1,1261.357,2026-04-15 11:30:00
1776254400000,74163.1,74227.1,74006.6,74134.6,1256.0522,2026-04-15 12:00:00
1776256200000,74134.6,74444.0,74134.5,74226.4,1762.8305,2026-04-15 12:30:00
1776258000000,74226.4,74391.5,74127.3,74348.0,1137.2572,2026-04-15 13:00:00
1776259800000,74348.1,74374.8,73772.9,74016.7,3707.0873,2026-04-15 13:30:00
1776261600000,74016.7,74479.8,73780.0,74388.0,3368.1634,2026-04-15 14:00:00
1776263400000,74388.0,74424.6,73875.0,74111.0,2605.5944,2026-04-15 14:30:00
1776265200000,74111.0,74271.9,73925.9,73992.5,1615.2278,2026-04-15 15:00:00
1776267000000,73992.6,73992.6,73542.0,73802.4,3379.7623,2026-04-15 15:30:00
1776268800000,73802.3,74144.0,73721.8,74063.0,1732.1674,2026-04-15 16:00:00
1776270600000,74063.0,74128.0,73782.4,73907.6,1391.4131,2026-04-15 16:30:00
1776272400000,73907.7,74211.0,73877.5,74088.8,1050.8264,2026-04-15 17:00:00
1776274200000,74088.8,74161.3,73886.2,74099.6,1246.5955,2026-04-15 17:30:00
1776276000000,74099.5,74328.5,74034.8,74165.1,1354.928,2026-04-15 18:00:00
1776277800000,74165.0,74372.7,74160.0,74354.8,752.9789,2026-04-15 18:30:00
1776279600000,74354.8,74679.8,74317.3,74678.7,2075.4851,2026-04-15 19:00:00
1776281400000,74678.7,75250.0,74675.7,74963.0,3995.5361,2026-04-15 19:30:00
1776283200000,74962.2,75013.4,74469.1,74730.9,2065.0747,2026-04-15 20:00:00
1776285000000,74730.8,74884.6,74595.0,74794.4,1100.3847,2026-04-15 20:30:00
1776286800000,74794.4,74820.0,74550.0,74592.6,940.1832,2026-04-15 21:00:00
1776288600000,74592.6,74787.1,74502.0,74706.0,1120.677,2026-04-15 21:30:00
1776290400000,74706.1,75129.0,74692.8,74952.3,1746.1336,2026-04-15 22:00:00
1776292200000,74952.4,75391.9,74868.9,74929.5,2194.768,2026-04-15 22:30:00
1776294000000,74929.6,74929.6,74597.6,74697.0,1971.3016,2026-04-15 23:00:00
1776295800000,74697.0,74817.9,74572.6,74773.4,993.4692,2026-04-15 23:30:00
1776297600000,74773.4,74798.9,74400.5,74550.0,1270.8109,2026-04-16 00:00:00
1776299400000,74550.0,74847.4,74550.0,74766.0,1036.7215,2026-04-16 00:30:00
1776301200000,74765.9,74765.9,74410.3,74566.9,802.7562,2026-04-16 01:00:00
1776303000000,74567.0,74667.1,74516.7,74609.6,363.1561,2026-04-16 01:30:00
1776304800000,74609.6,74868.5,74556.8,74854.6,979.1192,2026-04-16 02:00:00
1776306600000,74854.6,75220.4,74756.8,74843.1,2536.1384,2026-04-16 02:30:00
1776308400000,74843.0,75126.7,74827.9,74997.7,1019.7147,2026-04-16 03:00:00
1776310200000,74997.7,75009.5,74822.2,74844.6,627.2914,2026-04-16 03:30:00
1776312000000,74844.6,74973.6,74791.8,74882.3,704.0132,2026-04-16 04:00:00
1776313800000,74882.4,75129.6,74680.0,74900.1,1509.3299,2026-04-16 04:30:00
1776315600000,74900.0,75068.0,74850.1,75025.7,777.7131,2026-04-16 05:00:00
1776317400000,75025.7,75104.1,74971.0,75002.9,698.0818,2026-04-16 05:30:00
1776319200000,75002.9,75083.1,74964.3,74980.1,555.1436,2026-04-16 06:00:00
1776321000000,74980.1,75004.4,74813.7,74987.8,898.3636,2026-04-16 06:30:00
1776322800000,74987.8,75043.1,74820.1,74866.0,622.0227,2026-04-16 07:00:00
1776324600000,74866.1,74871.0,74600.0,74673.4,1395.1998,2026-04-16 07:30:00
1776326400000,74673.5,74718.6,74474.0,74650.1,2148.4151,2026-04-16 08:00:00
1776328200000,74650.1,74706.0,74519.2,74635.9,881.4128,2026-04-16 08:30:00
1776330000000,74635.8,74860.0,74590.1,74783.2,1219.1109,2026-04-16 09:00:00
1776331800000,74783.2,74797.6,74555.0,74559.6,828.2901,2026-04-16 09:30:00
1776333600000,74559.7,74611.2,74260.4,74420.4,2342.4576,2026-04-16 10:00:00
1776335400000,74420.4,74480.7,74240.0,74276.2,1281.6451,2026-04-16 10:30:00
1776337200000,74276.3,74355.2,74250.1,74347.7,830.8698,2026-04-16 11:00:00
1776339000000,74347.8,74544.2,74314.1,74532.3,1883.7877,2026-04-16 11:30:00
1776340800000,74532.4,74827.2,74532.3,74674.5,1985.4984,2026-04-16 12:00:00
1776342600000,74674.4,74707.0,74542.4,74581.2,851.973,2026-04-16 12:30:00
1776344400000,74581.3,74990.0,74547.6,74929.7,1654.0529,2026-04-16 13:00:00
1776346200000,74929.7,74980.0,73220.2,73750.0,10049.6329,2026-04-16 13:30:00
1776348000000,73750.0,73937.3,73377.8,73741.1,5670.4599,2026-04-16 14:00:00
1776349800000,73741.1,74150.0,73725.1,73937.1,3263.2126,2026-04-16 14:30:00
1776351600000,73937.0,74418.7,73896.5,74157.0,3441.7286,2026-04-16 15:00:00
1776353400000,74156.9,74855.0,74134.2,74660.0,4337.0189,2026-04-16 15:30:00
1776355200000,74660.1,74899.8,74514.3,74532.8,2320.1698,2026-04-16 16:00:00
1776357000000,74532.8,74595.9,74025.0,74136.9,2561.2469,2026-04-16 16:30:00
1776358800000,74137.0,74249.5,73866.5,74180.6,2264.2158,2026-04-16 17:00:00
1776360600000,74180.5,74414.4,74056.3,74302.8,1655.2932,2026-04-16 17:30:00
1776362400000,74302.7,74493.9,74196.0,74369.0,1289.0839,2026-04-16 18:00:00
1776364200000,74368.9,75088.0,74321.8,75003.9,2594.6487,2026-04-16 18:30:00
1776366000000,75003.9,75064.7,74700.0,74980.5,1541.3727,2026-04-16 19:00:00
1776367800000,74980.4,75388.0,74928.4,75317.0,2623.8909,2026-04-16 19:30:00
1776369600000,75317.0,75522.3,75060.7,75158.0,2265.9077,2026-04-16 20:00:00
1776371400000,75158.0,75228.0,74959.2,75185.6,738.3979,2026-04-16 20:30:00
1776373200000,75185.7,75244.0,74747.0,74892.9,1379.4535,2026-04-16 21:00:00
1776375000000,74892.9,74990.8,74786.4,74903.2,592.4128,2026-04-16 21:30:00
1776376800000,74903.2,75083.4,74784.4,74887.8,956.3741,2026-04-16 22:00:00
1776378600000,74887.7,74972.4,74794.5,74833.5,612.7604,2026-04-16 22:30:00
1776380400000,74833.6,75088.0,74797.3,74986.4,628.6644,2026-04-16 23:00:00
1776382200000,74986.5,75148.9,74971.4,75106.7,756.1117,2026-04-16 23:30:00
1776384000000,75106.7,75114.3,74840.9,74956.2,768.6849,2026-04-17 00:00:00
1776385800000,74956.3,75068.0,74869.8,74900.1,497.1592,2026-04-17 00:30:00
1776387600000,74900.1,75000.0,74579.0,74712.4,1303.2463,2026-04-17 01:00:00
1776389400000,74712.4,74799.7,74525.0,74699.0,1089.0841,2026-04-17 01:30:00
1776391200000,74699.0,74772.4,74547.6,74560.0,737.2216,2026-04-17 02:00:00
1776393000000,74560.0,74700.0,74495.2,74660.5,718.6401,2026-04-17 02:30:00
1776394800000,74660.5,74745.0,74558.6,74696.1,1024.7597,2026-04-17 03:00:00
1776396600000,74696.1,74798.9,74565.6,74577.3,742.1676,2026-04-17 03:30:00
1776398400000,74577.2,74750.0,74550.1,74715.2,624.387,2026-04-17 04:00:00
1776400200000,74715.1,74820.5,74693.5,74749.0,684.5062,2026-04-17 04:30:00
1776402000000,74749.0,74766.6,74510.3,74631.7,1163.8866,2026-04-17 05:00:00
1776403800000,74631.6,74694.7,74570.0,74606.0,395.4374,2026-04-17 05:30:00
1776405600000,74606.1,74775.0,74555.0,74771.2,981.1988,2026-04-17 06:00:00
1776407400000,74771.2,74909.3,74720.9,74896.7,911.1364,2026-04-17 06:30:00
1776409200000,74896.8,75064.7,74896.7,74939.9,1529.6422,2026-04-17 07:00:00
1776411000000,74939.9,75049.9,74892.6,75043.8,1852.8067,2026-04-17 07:30:00
1776412800000,75043.7,75133.4,74961.4,75068.4,1406.6164,2026-04-17 08:00:00
1776414600000,75068.2,75849.2,75060.0,75739.3,6410.9679,2026-04-17 08:30:00
1776416400000,75739.3,76348.0,75576.2,76248.8,6654.4286,2026-04-17 09:00:00
1776418200000,76248.8,76290.4,75471.9,75736.0,5976.0097,2026-04-17 09:30:00
1776420000000,75736.0,75850.0,75184.2,75188.0,2762.7739,2026-04-17 10:00:00
1776421800000,75188.1,75331.5,75037.0,75233.8,3223.6839,2026-04-17 10:30:00
1776423600000,75233.7,75438.0,75200.7,75423.9,1174.3405,2026-04-17 11:00:00
1776425400000,75423.9,75564.6,75327.1,75544.1,1351.0495,2026-04-17 11:30:00
1776427200000,75544.1,75950.0,75483.0,75736.2,1977.0961,2026-04-17 12:00:00
1776429000000,75736.3,76229.2,75604.8,76190.0,5020.4148,2026-04-17 12:30:00
1776430800000,76190.0,76980.0,76018.0,76549.9,12655.717,2026-04-17 13:00:00
1776432600000,76550.0,77397.2,76005.6,77299.9,15805.1421,2026-04-17 13:30:00
1776434400000,77299.9,77717.0,76980.0,77416.8,7902.9035,2026-04-17 14:00:00
1776436200000,77416.7,78036.1,77416.7,77844.1,8527.6282,2026-04-17 14:30:00
1776438000000,77844.2,77939.3,77512.6,77698.5,4098.4839,2026-04-17 15:00:00
1776439800000,77698.4,77835.7,77389.5,77740.1,3267.0176,2026-04-17 15:30:00
1776441600000,77740.1,78323.0,77656.9,78110.5,5218.7883,2026-04-17 16:00:00
1776443400000,78110.4,78239.8,77750.0,77826.0,2891.2455,2026-04-17 16:30:00
1776445200000,77825.9,77886.3,77075.1,77210.0,5407.3097,2026-04-17 17:00:00
1776447000000,77210.0,77650.0,77209.9,77487.9,2321.7345,2026-04-17 17:30:00
1776448800000,77487.8,77536.7,77064.1,77168.1,2252.6632,2026-04-17 18:00:00
1776450600000,77168.2,77353.5,77058.0,77129.5,1325.9836,2026-04-17 18:30:00
1776452400000,77129.6,77359.5,76920.6,77238.7,2070.8446,2026-04-17 19:00:00
1776454200000,77238.7,77440.9,77169.5,77354.6,1299.528,2026-04-17 19:30:00
1776456000000,77354.6,77598.4,77313.8,77329.2,993.3438,2026-04-17 20:00:00
1776457800000,77329.1,77352.9,77125.0,77292.8,1020.0805,2026-04-17 20:30:00
1776459600000,77292.8,77450.0,77248.5,77402.8,585.5232,2026-04-17 21:00:00
1776461400000,77402.8,77460.0,77244.1,77404.2,439.2573,2026-04-17 21:30:00
1776463200000,77404.1,77473.6,77270.1,77352.2,663.3089,2026-04-17 22:00:00
1776465000000,77352.1,77438.5,77230.0,77260.0,673.0919,2026-04-17 22:30:00
1776466800000,77259.9,77270.3,76856.1,77013.3,1794.2611,2026-04-17 23:00:00
1776468600000,77013.3,77112.4,76953.1,77033.1,696.8813,2026-04-17 23:30:00
1776470400000,77033.0,77193.9,77000.0,77185.7,617.633,2026-04-18 00:00:00
1776472200000,77185.6,77220.0,76930.7,77134.2,1185.1296,2026-04-18 00:30:00
1776474000000,77134.2,77293.5,77076.5,77251.6,625.5015,2026-04-18 01:00:00
1776475800000,77251.7,77267.1,77091.3,77178.5,617.074,2026-04-18 01:30:00
1776477600000,77178.5,77392.4,77080.0,77270.0,817.3907,2026-04-18 02:00:00
1776479400000,77270.0,77357.4,77213.3,77243.5,485.3715,2026-04-18 02:30:00
1776481200000,77243.6,77255.2,77109.2,77137.5,348.1045,2026-04-18 03:00:00
1776483000000,77137.5,77166.2,76922.0,76975.2,1456.5714,2026-04-18 03:30:00
1776484800000,76975.1,77064.2,76878.5,76959.4,815.8905,2026-04-18 04:00:00
1776486600000,76959.4,77141.4,76824.4,77072.2,1124.2726,2026-04-18 04:30:00
1776488400000,77072.2,77250.0,77072.1,77115.1,754.3871,2026-04-18 05:00:00
1776490200000,77115.1,77151.0,77074.2,77086.8,383.6553,2026-04-18 05:30:00
1776492000000,77086.8,77187.9,77014.5,77050.1,663.9217,2026-04-18 06:00:00
1776493800000,77050.0,77120.9,77050.0,77094.4,350.7538,2026-04-18 06:30:00
1776495600000,77094.4,77094.4,76996.5,77051.9,402.9815,2026-04-18 07:00:00
1776497400000,77052.0,77056.5,76863.8,76969.3,905.6931,2026-04-18 07:30:00
1776499200000,76969.3,77016.0,76600.0,76658.6,3320.2165,2026-04-18 08:00:00
1776501000000,76658.6,76750.0,76459.0,76700.0,2935.8738,2026-04-18 08:30:00
1776502800000,76700.0,76700.0,76370.2,76542.5,1797.1116,2026-04-18 09:00:00
1776504600000,76542.4,76662.0,76487.6,76560.9,808.8024,2026-04-18 09:30:00
1776506400000,76560.9,76561.0,76154.1,76295.2,3552.1814,2026-04-18 10:00:00
1776508200000,76295.3,76295.3,76100.0,76164.6,1845.0184,2026-04-18 10:30:00
1776510000000,76164.6,76164.7,75869.0,76046.1,2640.8049,2026-04-18 11:00:00
1776511800000,76046.0,76143.4,75733.3,76008.5,2785.8064,2026-04-18 11:30:00
1776513600000,76008.5,76267.3,76008.5,76104.0,1513.6398,2026-04-18 12:00:00
1776515400000,76104.0,76237.2,76004.1,76167.6,820.5658,2026-04-18 12:30:00
1776517200000,76167.6,76176.8,76015.0,76055.0,649.0438,2026-04-18 13:00:00
1776519000000,76054.9,76155.0,75760.0,76083.7,1831.5247,2026-04-18 13:30:00
1776520800000,76083.6,76154.0,75939.8,76104.8,730.927,2026-04-18 14:00:00
1776522600000,76104.7,76266.1,76074.8,76214.7,1955.6392,2026-04-18 14:30:00
1776524400000,76214.7,76345.2,76086.6,76165.9,1259.6355,2026-04-18 15:00:00
1776526200000,76166.0,76193.8,75928.8,76121.9,597.148,2026-04-18 15:30:00
1776528000000,76121.8,76172.0,75623.2,76057.5,3280.1849,2026-04-18 16:00:00
1776529800000,76057.4,76100.0,75822.8,75903.8,994.0171,2026-04-18 16:30:00
1776531600000,75903.7,75939.3,75738.3,75812.6,1695.5891,2026-04-18 17:00:00
1776533400000,75812.6,75864.7,75788.0,75788.0,903.648,2026-04-18 17:30:00
1776535200000,75788.0,75800.0,75555.0,75622.2,1294.1817,2026-04-18 18:00:00
1776537000000,75622.1,75696.4,75370.0,75603.6,2184.4388,2026-04-18 18:30:00
1776538800000,75603.6,75761.5,75576.1,75650.3,666.3315,2026-04-18 19:00:00
1776540600000,75650.3,75658.9,75526.5,75609.8,500.6302,2026-04-18 19:30:00
1776542400000,75609.8,75742.4,75564.3,75667.5,493.3927,2026-04-18 20:00:00
1776544200000,75667.5,75798.3,75653.9,75707.6,575.5312,2026-04-18 20:30:00
1776546000000,75707.7,75796.3,75547.7,75692.0,486.9692,2026-04-18 21:00:00
1776547800000,75692.0,75779.8,75620.6,75776.5,224.2476,2026-04-18 21:30:00
1776549600000,75776.6,75776.6,75570.0,75675.0,271.0785,2026-04-18 22:00:00
1776551400000,75675.0,75835.9,75674.9,75768.6,557.0564,2026-04-18 22:30:00
1776553200000,75768.6,75861.1,75760.4,75762.8,460.3515,2026-04-18 23:00:00
1776555000000,75762.9,75762.9,75649.5,75649.6,346.3096,2026-04-18 23:30:00
1776556800000,75649.5,75811.1,75521.2,75571.0,1050.5765,2026-04-19 00:00:00
1776558600000,75571.0,75650.0,75503.0,75629.0,554.9332,2026-04-19 00:30:00
1776560400000,75629.1,75745.5,75490.8,75495.1,955.4568,2026-04-19 01:00:00
1776562200000,75495.0,75593.3,75403.0,75576.1,815.0706,2026-04-19 01:30:00
1776564000000,75576.2,75647.6,75343.1,75452.8,934.9156,2026-04-19 02:00:00
1776565800000,75452.7,75679.8,75400.0,75444.5,923.8551,2026-04-19 02:30:00
1776567600000,75444.4,75520.0,75310.4,75485.0,1227.4829,2026-04-19 03:00:00
1776569400000,75485.0,75607.7,75450.0,75473.4,568.9394,2026-04-19 03:30:00
1776571200000,75473.3,75755.0,75473.3,75635.9,1125.774,2026-04-19 04:00:00
1776573000000,75635.9,75672.3,75379.7,75633.0,1496.8679,2026-04-19 04:30:00
1776574800000,75633.0,75656.0,75480.0,75532.6,532.507,2026-04-19 05:00:00
1776576600000,75532.7,75631.1,75491.7,75508.2,339.9664,2026-04-19 05:30:00
1776578400000,75508.1,75513.9,75250.5,75378.2,1538.8487,2026-04-19 06:00:00
1776580200000,75378.2,75457.0,75333.6,75364.7,382.6096,2026-04-19 06:30:00
1776582000000,75364.7,75365.0,74837.4,74942.1,3585.444,2026-04-19 07:00:00
1776583800000,74942.2,75264.7,74942.1,75210.3,2247.9571,2026-04-19 07:30:00
1776585600000,75210.2,75268.7,75100.0,75100.1,679.6874,2026-04-19 08:00:00
1776587400000,75100.1,75243.0,75015.2,75223.0,780.8728,2026-04-19 08:30:00
1776589200000,75223.0,75234.2,74927.6,75054.7,959.4435,2026-04-19 09:00:00
1776591000000,75054.8,75139.3,74888.0,74989.1,1020.4912,2026-04-19 09:30:00
1776592800000,74989.2,75087.4,74900.1,75058.2,981.7193,2026-04-19 10:00:00
1776594600000,75058.3,75223.1,75020.0,75197.2,861.5769,2026-04-19 10:30:00
1776596400000,75197.3,75520.5,75186.0,75340.1,2569.73,2026-04-19 11:00:00
1776598200000,75340.0,75595.8,75333.8,75560.7,1297.3264,2026-04-19 11:30:00
1776600000000,75560.7,75658.0,75451.6,75473.5,1918.3146,2026-04-19 12:00:00
1776601800000,75473.6,75640.0,75380.0,75535.7,773.7323,2026-04-19 12:30:00
1776603600000,75535.8,76219.3,75508.4,76005.6,4608.5767,2026-04-19 13:00:00
1776605400000,76005.6,76070.0,75817.6,75884.8,1528.5478,2026-04-19 13:30:00
1776607200000,75884.9,75995.9,75623.8,75922.3,2016.9391,2026-04-19 14:00:00
1776609000000,75922.3,76108.9,75747.0,75980.0,1278.5781,2026-04-19 14:30:00
1776610800000,75980.0,76120.0,75822.5,75919.9,954.811,2026-04-19 15:00:00
1776612600000,75919.9,75940.0,75337.2,75806.8,2764.9791,2026-04-19 15:30:00
1776614400000,75806.7,75816.1,75505.9,75529.8,1003.486,2026-04-19 16:00:00
1776616200000,75529.7,75660.0,75255.2,75347.0,1626.8817,2026-04-19 16:30:00
1776618000000,75347.1,75359.5,74970.5,75237.4,2790.1793,2026-04-19 17:00:00
1776619800000,75237.4,75325.0,74571.6,74750.9,3001.0893,2026-04-19 17:30:00
1776621600000,74751.0,74875.7,74550.0,74776.7,2359.3121,2026-04-19 18:00:00
1776623400000,74776.6,74785.9,74575.4,74744.1,860.6677,2026-04-19 18:30:00
1776625200000,74744.1,74996.8,74744.1,74916.6,1125.6093,2026-04-19 19:00:00
1776627000000,74916.6,75049.0,74858.5,74935.0,508.9211,2026-04-19 19:30:00
1776628800000,74935.0,74935.0,74605.5,74732.0,1125.7338,2026-04-19 20:00:00
1776630600000,74732.1,74839.8,74367.3,74603.1,1719.8709,2026-04-19 20:30:00
1776632400000,74603.0,74732.2,74534.8,74713.1,712.03,2026-04-19 21:00:00
1776634200000,74713.1,74791.2,74300.0,74387.0,1339.3749,2026-04-19 21:30:00
1776636000000,74387.0,74387.0,73716.3,73903.1,6427.4168,2026-04-19 22:00:00
1776637800000,73903.0,74166.0,73884.7,74010.1,1246.3123,2026-04-19 22:30:00
1776639600000,74010.1,74032.9,73750.0,73853.3,2061.2039,2026-04-19 23:00:00
1776641400000,73853.4,73945.4,73755.5,73767.8,1239.1425,2026-04-19 23:30:00
1776643200000,73768.4,74246.6,73666.0,74189.6,4386.8076,2026-04-20 00:00:00
1776645000000,74189.6,74326.7,74110.0,74241.3,1285.0839,2026-04-20 00:30:00
1776646800000,74241.4,74335.3,74180.0,74264.9,1451.0214,2026-04-20 01:00:00
1776648600000,74265.0,74727.1,74264.9,74563.9,2710.9996,2026-04-20 01:30:00
1776650400000,74564.0,74600.0,74265.6,74421.4,1521.1956,2026-04-20 02:00:00
1776652200000,74421.5,74493.4,74375.0,74382.2,836.8187,2026-04-20 02:30:00
1776654000000,74382.2,74543.4,74314.6,74481.5,887.5094,2026-04-20 03:00:00
1776655800000,74481.4,74604.1,74426.7,74600.1,564.2119,2026-04-20 03:30:00
1776657600000,74600.1,74608.7,74400.5,74473.5,580.9118,2026-04-20 04:00:00
1776659400000,74473.4,74580.0,74404.5,74532.0,478.5977,2026-04-20 04:30:00
1776661200000,74531.9,74531.9,74088.4,74108.1,1262.5227,2026-04-20 05:00:00
1776663000000,74108.1,74277.6,74073.6,74240.1,1316.688,2026-04-20 05:30:00
1776664800000,74240.1,74422.9,74218.3,74309.5,896.0684,2026-04-20 06:00:00
1776666600000,74309.5,74872.0,74309.5,74755.7,2816.0651,2026-04-20 06:30:00
1776668400000,74755.7,75562.2,74654.0,75180.3,8136.3648,2026-04-20 07:00:00
1776670200000,75180.2,75207.5,74618.0,74799.9,3229.0283,2026-04-20 07:30:00
1776672000000,74799.9,74966.5,74586.2,74787.5,1685.9742,2026-04-20 08:00:00
1776673800000,74787.5,74903.0,74579.0,74692.6,1192.9848,2026-04-20 08:30:00
1776675600000,74692.5,75135.6,74662.4,74999.9,3044.5494,2026-04-20 09:00:00
1776677400000,74999.9,75199.0,74938.0,75027.3,2087.3532,2026-04-20 09:30:00
1776679200000,75027.4,75363.6,75027.4,75258.4,1788.3715,2026-04-20 10:00:00
1776681000000,75258.4,75258.5,74955.0,74987.9,874.0111,2026-04-20 10:30:00
1776682800000,74988.0,75231.4,74912.6,75125.0,835.2294,2026-04-20 11:00:00
1776684600000,75125.1,75246.0,75040.7,75154.0,820.1309,2026-04-20 11:30:00
1776686400000,75154.0,75624.7,75029.2,75370.1,2757.4775,2026-04-20 12:00:00
1776688200000,75370.2,75418.7,75000.0,75251.5,1870.6952,2026-04-20 12:30:00
1776690000000,75251.5,75323.9,74938.5,75156.1,2068.0961,2026-04-20 13:00:00
1776691800000,75156.1,75379.4,74811.0,75231.3,3696.904,2026-04-20 13:30:00
1776693600000,75231.3,75742.3,74990.7,75529.6,3619.5253,2026-04-20 14:00:00
1776695400000,75529.5,75632.2,74868.4,74995.0,3646.8871,2026-04-20 14:30:00
1776697200000,74995.0,75741.9,74654.2,75706.6,5057.6937,2026-04-20 15:00:00
1776699000000,75706.6,75706.6,75475.1,75669.8,2275.6835,2026-04-20 15:30:00
1776700800000,75669.9,75679.0,75277.2,75318.6,1732.3849,2026-04-20 16:00:00
1776702600000,75318.6,75536.5,75243.5,75300.6,1071.3686,2026-04-20 16:30:00
1776704400000,75299.9,75845.9,75237.9,75672.9,2007.1139,2026-04-20 17:00:00
1776706200000,75673.0,75937.7,75555.8,75849.6,1884.6133,2026-04-20 17:30:00
1776708000000,75849.6,76299.0,75849.6,76069.7,4807.3848,2026-04-20 18:00:00
1776709800000,76069.6,76430.9,75952.8,76389.9,2719.5996,2026-04-20 18:30:00
1776711600000,76390.0,76448.0,76128.4,76157.6,1620.4148,2026-04-20 19:00:00
1776713400000,76157.5,76286.7,76085.0,76248.0,1018.0136,2026-04-20 19:30:00
1776715200000,76247.9,76548.5,76069.8,76272.0,1467.9375,2026-04-20 20:00:00
1776717000000,76272.1,76278.0,76168.0,76233.5,714.7545,2026-04-20 20:30:00
1776718800000,76233.4,76334.2,75805.9,75887.6,1444.2232,2026-04-20 21:00:00
1776720600000,75887.7,75927.8,75733.6,75911.9,580.5788,2026-04-20 21:30:00
1776722400000,75911.9,76108.3,75856.8,75881.8,944.3156,2026-04-20 22:00:00
1776724200000,75881.7,76029.4,75859.3,75928.7,458.3077,2026-04-20 22:30:00
1776726000000,75928.7,75928.7,75564.8,75627.9,1854.4407,2026-04-20 23:00:00
1776727800000,75627.9,75862.5,75600.0,75803.4,980.8779,2026-04-20 23:30:00
1776729600000,75803.4,75905.4,75665.5,75878.0,1683.8082,2026-04-21 00:00:00
1776731400000,75877.9,76078.8,75830.0,76073.0,1302.2992,2026-04-21 00:30:00
1776733200000,76073.0,76249.9,75956.8,76100.0,1778.6681,2026-04-21 01:00:00
1776735000000,76099.9,76199.9,75823.1,75897.5,1021.0562,2026-04-21 01:30:00
1776736800000,75897.5,75897.9,75653.9,75700.0,1396.8936,2026-04-21 02:00:00
1776738600000,75700.0,75775.0,75543.9,75553.2,1110.9306,2026-04-21 02:30:00
1776740400000,75553.1,75632.8,75441.0,75600.1,1137.1006,2026-04-21 03:00:00
1776742200000,75600.1,75699.9,75456.6,75684.3,1054.6232,2026-04-21 03:30:00
1776744000000,75684.4,75743.1,75565.9,75600.6,757.2104,2026-04-21 04:00:00
1776745800000,75600.7,75797.8,75592.3,75779.9,754.5893,2026-04-21 04:30:00
1776747600000,75779.8,75957.7,75768.9,75867.7,1173.9966,2026-04-21 05:00:00
1776749400000,75867.7,75867.7,75741.0,75771.7,418.0681,2026-04-21 05:30:00
1776751200000,75771.6,75785.0,75659.0,75727.6,660.6039,2026-04-21 06:00:00
1776753000000,75727.7,76100.0,75726.1,75930.1,1490.8723,2026-04-21 06:30:00
1776754800000,75930.0,76275.0,75774.0,76137.9,1461.2543,2026-04-21 07:00:00
1776756600000,76137.9,76268.0,75982.3,76051.4,1807.2159,2026-04-21 07:30:00
1776758400000,76051.5,76360.0,76025.0,76306.4,1520.9321,2026-04-21 08:00:00
1776760200000,76306.4,76924.5,76210.2,76472.1,5021.1845,2026-04-21 08:30:00
1776762000000,76472.0,76561.7,76140.5,76216.0,2233.4726,2026-04-21 09:00:00
1776763800000,76215.9,76346.4,76118.0,76330.9,1307.6061,2026-04-21 09:30:00
1776765600000,76331.0,76544.0,76312.6,76476.9,965.6304,2026-04-21 10:00:00
1776767400000,76477.0,76849.9,76421.2,76705.0,2113.5369,2026-04-21 10:30:00
1776769200000,76705.0,76725.9,76287.0,76641.6,2804.9355,2026-04-21 11:00:00
1776771000000,76641.6,76662.7,76375.0,76406.7,912.1497,2026-04-21 11:30:00
1776772800000,76406.6,76457.6,76201.0,76343.3,1541.0065,2026-04-21 12:00:00
1776774600000,76343.3,76500.0,75680.0,75985.2,5214.5504,2026-04-21 12:30:00
1776776400000,75985.2,76116.0,75866.1,76001.0,1300.7035,2026-04-21 13:00:00
1776778200000,76001.0,76158.0,75696.2,75862.2,3184.7034,2026-04-21 13:30:00
1776780000000,75862.2,76270.0,75650.1,76081.4,2919.9125,2026-04-21 14:00:00
1776781800000,76081.5,76567.2,75567.2,75631.3,4507.5062,2026-04-21 14:30:00
1776783600000,75631.3,75940.0,75300.0,75654.8,4921.3453,2026-04-21 15:00:00
1776785400000,75654.8,75795.6,75471.4,75795.6,1554.2802,2026-04-21 15:30:00
1776787200000,75795.6,75969.4,75778.3,75832.3,1520.0513,2026-04-21 16:00:00
1776789000000,75832.2,76166.0,75722.6,75746.0,1543.2204,2026-04-21 16:30:00
1776790800000,75746.0,75786.6,75009.0,75288.5,5404.2812,2026-04-21 17:00:00
1776792600000,75288.4,75868.7,75228.6,75507.9,2940.6339,2026-04-21 17:30:00
1776794400000,75508.0,75628.4,75333.3,75427.0,1309.2427,2026-04-21 18:00:00
1776796200000,75427.1,75608.6,75267.4,75565.4,1211.548,2026-04-21 18:30:00
1776798000000,75565.4,75869.8,75500.7,75731.4,1477.5091,2026-04-21 19:00:00
1776799800000,75731.5,75742.5,74766.1,74985.7,4398.5028,2026-04-21 19:30:00
1776801600000,74985.7,75750.0,74943.6,75604.0,3478.47,2026-04-21 20:00:00
1776803400000,75603.9,75815.0,75537.8,75650.1,880.5627,2026-04-21 20:30:00
1776805200000,75650.0,75724.8,75485.0,75534.5,554.071,2026-04-21 21:00:00
1776807000000,75534.5,75580.0,75404.5,75502.1,340.579,2026-04-21 21:30:00
1776808800000,75502.0,75550.0,75256.0,75326.3,877.023,2026-04-21 22:00:00
1776810600000,75326.2,75611.4,75250.0,75598.0,750.8158,2026-04-21 22:30:00
1776812400000,75597.9,75838.2,75572.7,75747.8,816.9844,2026-04-21 23:00:00
1776814200000,75747.8,76400.0,75739.4,76302.1,4177.9127,2026-04-21 23:30:00
1776816000000,76302.2,76480.0,76227.0,76240.2,1826.1489,2026-04-22 00:00:00
1776817800000,76240.2,76371.7,76190.5,76339.9,1096.4142,2026-04-22 00:30:00
1776819600000,76339.9,76399.9,76111.4,76134.9,1543.3332,2026-04-22 01:00:00
1776821400000,76135.0,76323.5,76111.0,76273.8,652.6771,2026-04-22 01:30:00
1776823200000,76273.8,77235.3,76190.6,77218.8,8038.6356,2026-04-22 02:00:00
1776825000000,77218.8,77633.5,77044.6,77580.3,5418.9577,2026-04-22 02:30:00
1776826800000,77580.2,77717.8,77384.2,77488.5,3715.8259,2026-04-22 03:00:00
1776828600000,77488.6,77583.3,77368.7,77493.7,1223.5923,2026-04-22 03:30:00
1776830400000,77493.8,77598.9,77323.4,77469.8,1426.6258,2026-04-22 04:00:00
1776832200000,77469.9,77685.0,77411.1,77487.4,1769.6962,2026-04-22 04:30:00
1776834000000,77487.4,78420.2,77413.6,78213.3,8104.6098,2026-04-22 05:00:00
1776835800000,78213.3,78310.2,77921.7,77950.0,4819.7355,2026-04-22 05:30:00
1776837600000,77950.0,77997.7,77866.8,77927.5,1496.6337,2026-04-22 06:00:00
1776839400000,77927.6,77980.0,77850.1,77970.1,917.2153,2026-04-22 06:30:00
1776841200000,77970.1,78075.0,77765.9,77849.9,1673.159,2026-04-22 07:00:00
1776843000000,77850.0,78074.8,77802.8,77977.8,1355.6932,2026-04-22 07:30:00
1776844800000,77977.9,78168.0,77912.4,77930.9,1575.0366,2026-04-22 08:00:00
1776846600000,77930.9,78031.9,77899.2,77970.5,821.9091,2026-04-22 08:30:00
1776848400000,77970.6,78111.0,77907.8,78111.0,815.3421,2026-04-22 09:00:00
1776850200000,78111.0,78150.0,77935.0,77964.8,800.5132,2026-04-22 09:30:00
1776852000000,77964.8,78039.7,77904.5,78025.0,620.2055,2026-04-22 10:00:00
1776853800000,78025.1,78148.0,78023.4,78122.0,984.3579,2026-04-22 10:30:00
1776855600000,78122.0,78277.0,78050.3,78276.9,1667.9597,2026-04-22 11:00:00
1776857400000,78276.9,78361.2,78130.0,78262.6,1631.1141,2026-04-22 11:30:00
1776859200000,78262.6,78499.8,78100.0,78135.3,3201.1178,2026-04-22 12:00:00
1776861000000,78135.3,78296.8,78062.5,78191.0,2417.7486,2026-04-22 12:30:00
1776862800000,78191.1,78460.0,78118.0,78418.0,1995.5535,2026-04-22 13:00:00
1776864600000,78418.0,78794.0,78233.5,78786.2,5416.9727,2026-04-22 13:30:00
1776866400000,78786.3,79167.5,78651.3,78966.9,7524.2609,2026-04-22 14:00:00
1776868200000,78966.9,79055.3,78540.6,79000.8,4620.5957,2026-04-22 14:30:00
1776870000000,79000.9,79096.2,78785.5,79026.2,3040.2117,2026-04-22 15:00:00
1776871800000,79026.3,79375.3,78966.0,79233.1,3911.0793,2026-04-22 15:30:00
1776873600000,79233.1,79443.4,78832.0,78884.0,4361.8705,2026-04-22 16:00:00
1776875400000,78884.0,78992.5,78592.0,78703.4,2429.7903,2026-04-22 16:30:00
1776877200000,78703.4,79000.0,78658.0,78796.5,1573.0353,2026-04-22 17:00:00
1776879000000,78796.5,78958.1,78660.8,78858.3,1512.6941,2026-04-22 17:30:00
1776880800000,78858.4,78949.4,78777.0,78851.7,696.1456,2026-04-22 18:00:00
1776882600000,78851.6,79132.9,78810.0,78984.0,1328.0997,2026-04-22 18:30:00
1776884400000,78984.1,79028.0,78661.0,78986.0,2224.5203,2026-04-22 19:00:00
1776886200000,78986.1,79026.9,78736.7,78798.4,1030.1882,2026-04-22 19:30:00
1776888000000,78798.5,78887.8,78432.0,78549.6,1417.9865,2026-04-22 20:00:00
1776889800000,78549.6,78580.5,78373.4,78404.0,1310.7328,2026-04-22 20:30:00
1776891600000,78404.1,78564.9,78384.3,78540.0,589.0657,2026-04-22 21:00:00
1776893400000,78540.0,78791.8,78540.0,78715.3,1080.5641,2026-04-22 21:30:00
1776895200000,78715.3,78783.8,78487.6,78498.8,760.3577,2026-04-22 22:00:00
1776897000000,78498.8,78594.3,78414.2,78555.1,620.9032,2026-04-22 22:30:00
1776898800000,78555.1,78566.0,78160.8,78300.5,1264.9925,2026-04-22 23:00:00
1776900600000,78300.4,78302.0,78112.0,78147.0,1031.3407,2026-04-22 23:30:00
1776902400000,78147.1,78444.0,77544.0,78415.6,5400.1848,2026-04-23 00:00:00
1776904200000,78415.5,78545.9,78232.6,78399.9,1528.5644,2026-04-23 00:30:00
1776906000000,78399.9,78437.0,78015.0,78055.1,1834.2688,2026-04-23 01:00:00
1776907800000,78055.1,78389.0,78019.2,78314.3,1022.9131,2026-04-23 01:30:00
1776909600000,78314.4,78320.0,77952.0,77999.0,1134.543,2026-04-23 02:00:00
1776911400000,77999.1,78083.2,77702.1,77894.2,3229.5998,2026-04-23 02:30:00
1776913200000,77894.2,77978.0,77586.0,77648.9,2605.4477,2026-04-23 03:00:00
1776915000000,77648.9,77736.7,77425.9,77704.3,2273.799,2026-04-23 03:30:00
1776916800000,77704.2,77887.9,77636.4,77755.8,1387.6762,2026-04-23 04:00:00
1776918600000,77755.9,77917.0,77755.8,77873.8,813.6555,2026-04-23 04:30:00
1776920400000,77873.8,77973.6,77832.4,77855.8,1119.1249,2026-04-23 05:00:00
1776922200000,77855.8,78080.0,77727.7,77990.9,1416.1376,2026-04-23 05:30:00
1776924000000,77990.8,78289.0,77990.8,78228.9,2006.6105,2026-04-23 06:00:00
1776925800000,78228.9,78299.3,78041.8,78158.0,1296.1792,2026-04-23 06:30:00
1776927600000,78158.0,78200.2,78060.4,78108.3,883.3882,2026-04-23 07:00:00
1776929400000,78108.2,78130.8,77936.1,78004.0,899.4143,2026-04-23 07:30:00
1776931200000,78004.0,78142.0,77864.0,77937.6,1092.8096,2026-04-23 08:00:00
1776933000000,77937.7,77941.8,77684.0,77816.3,1989.5944,2026-04-23 08:30:00
1776934800000,77816.2,77822.9,77366.5,77588.5,3399.7506,2026-04-23 09:00:00
1776936600000,77588.6,77732.5,77500.2,77619.0,1025.8206,2026-04-23 09:30:00
1776938400000,77619.0,77684.0,77130.6,77356.2,4401.6126,2026-04-23 10:00:00
1776940200000,77356.1,77442.6,77265.8,77370.3,1113.6354,2026-04-23 10:30:00
1776942000000,77370.4,77472.6,77328.6,77438.2,824.8071,2026-04-23 11:00:00
1776943800000,77438.3,77717.9,77354.1,77659.3,1800.067,2026-04-23 11:30:00
1776945600000,77659.3,77841.7,77576.9,77735.5,1985.9103,2026-04-23 12:00:00
1776947400000,77735.4,77842.4,77476.7,77819.4,2209.0184,2026-04-23 12:30:00
1776949200000,77819.5,77871.8,77527.0,77555.7,1462.665,2026-04-23 13:00:00
1776951000000,77555.6,77658.4,77350.0,77494.2,2123.8198,2026-04-23 13:30:00
1776952800000,77494.2,77927.5,77380.0,77698.2,2344.1671,2026-04-23 14:00:00
1776954600000,77698.2,78167.4,77698.2,78135.2,3368.3878,2026-04-23 14:30:00
1776956400000,78135.1,78620.0,77932.1,78340.0,6434.4869,2026-04-23 15:00:00
1776958200000,78340.0,78555.0,78219.0,78331.3,3363.4432,2026-04-23 15:30:00
1776960000000,78331.2,78470.0,78200.0,78250.1,1564.0954,2026-04-23 16:00:00
1776961800000,78250.0,78415.0,77974.9,78051.7,2112.0537,2026-04-23 16:30:00
1776963600000,78051.7,78138.4,77507.4,77553.6,5093.289,2026-04-23 17:00:00
1776965400000,77553.6,77763.9,76911.1,77717.9,7516.5141,2026-04-23 17:30:00
1776967200000,77717.9,78100.0,77690.9,77865.0,3324.0285,2026-04-23 18:00:00
1776969000000,77864.9,78076.7,77628.6,77636.3,2327.2906,2026-04-23 18:30:00
1776970800000,77636.3,77855.3,77557.2,77806.2,1181.9712,2026-04-23 19:00:00
1776972600000,77806.2,77850.0,77565.0,77674.2,1275.1666,2026-04-23 19:30:00
1776974400000,77674.1,77875.8,77601.9,77694.7,1111.1717,2026-04-23 20:00:00
1776976200000,77694.8,78023.8,77682.0,77844.9,796.1063,2026-04-23 20:30:00
1776978000000,77844.9,77886.8,77760.0,77886.8,325.6328,2026-04-23 21:00:00
1776979800000,77886.7,78038.0,77823.1,77828.5,617.4774,2026-04-23 21:30:00
1776981600000,77828.4,78228.3,77825.6,78129.2,1233.5271,2026-04-23 22:00:00
1776983400000,78129.2,78299.7,78129.2,78191.0,754.8983,2026-04-23 22:30:00
1776985200000,78191.0,78191.1,77976.5,78097.3,820.3742,2026-04-23 23:00:00
1776987000000,78097.3,78263.2,78080.8,78209.7,591.4146,2026-04-23 23:30:00
1776988800000,78209.8,78431.6,78120.0,78362.6,1041.2967,2026-04-24 00:00:00
1776990600000,78362.7,78449.6,78269.1,78379.4,878.0591,2026-04-24 00:30:00
1776992400000,78379.3,78379.3,77958.0,77991.4,1740.7697,2026-04-24 01:00:00
1776994200000,77991.3,78465.3,77905.7,78390.1,2937.228,2026-04-24 01:30:00
1776996000000,78390.0,78546.9,78216.5,78232.7,2046.2414,2026-04-24 02:00:00
1776997800000,78232.7,78405.0,78038.5,78092.3,1534.3152,2026-04-24 02:30:00
1776999600000,78092.3,78152.8,77644.9,77720.1,2934.8316,2026-04-24 03:00:00
1777001400000,77720.0,77722.3,77521.0,77702.2,2086.2164,2026-04-24 03:30:00
1777003200000,77702.3,77843.1,77568.1,77568.8,1796.2911,2026-04-24 04:00:00
1777005000000,77568.7,77708.2,77435.4,77628.3,1537.312,2026-04-24 04:30:00
1777006800000,77628.3,77661.7,77400.7,77600.0,1094.9454,2026-04-24 05:00:00
1777008600000,77600.0,77997.8,77600.0,77909.9,1736.7595,2026-04-24 05:30:00
1777010400000,77909.9,77949.5,77768.7,77790.2,980.6017,2026-04-24 06:00:00
1777012200000,77790.2,77871.9,77714.6,77741.1,654.8924,2026-04-24 06:30:00
1777014000000,77741.1,77811.0,77610.0,77684.4,809.336,2026-04-24 07:00:00
1777015800000,77684.4,77708.4,77504.9,77623.0,1704.5684,2026-04-24 07:30:00
1777017600000,77623.1,77975.0,77534.8,77822.1,1641.0398,2026-04-24 08:00:00
1777019400000,77822.1,77842.5,77700.0,77746.3,825.9088,2026-04-24 08:30:00
1777021200000,77746.3,77784.8,77328.5,77461.8,2798.5768,2026-04-24 09:00:00
1777023000000,77461.8,77551.5,77388.0,77499.5,785.2482,2026-04-24 09:30:00
1777024800000,77499.5,77723.0,77409.8,77641.7,1022.3753,2026-04-24 10:00:00
1777026600000,77641.7,77745.9,77570.0,77709.8,853.7196,2026-04-24 10:30:00
1777028400000,77709.8,78288.0,77709.8,78287.8,4912.0016,2026-04-24 11:00:00
1777030200000,78287.8,78347.1,78127.3,78191.3,2537.1568,2026-04-24 11:30:00
1777032000000,78191.3,78299.6,78140.0,78230.6,1088.4084,2026-04-24 12:00:00
1777033800000,78230.7,78249.0,77956.3,78233.3,1791.3219,2026-04-24 12:30:00
1777035600000,78233.2,78440.0,78103.7,78125.0,2090.4831,2026-04-24 13:00:00
1777037400000,78125.1,78262.3,77864.8,78051.9,3591.7768,2026-04-24 13:30:00
1777039200000,78051.8,78051.8,77643.2,77672.2,2641.968,2026-04-24 14:00:00
1777041000000,77672.3,78017.4,77638.0,77990.5,1706.5113,2026-04-24 14:30:00
1777042800000,77990.4,77991.5,77524.4,77784.7,3747.1657,2026-04-24 15:00:00
1777044600000,77784.6,78200.0,77678.1,78006.8,2377.3325,2026-04-24 15:30:00
1777046400000,78006.8,78033.9,77600.0,77684.4,1848.3609,2026-04-24 16:00:00
1777048200000,77684.4,77871.5,77550.0,77733.5,1630.4207,2026-04-24 16:30:00
1777050000000,77733.5,77734.0,77555.0,77640.8,1726.1203,2026-04-24 17:00:00
1777051800000,77640.8,77794.4,77450.0,77648.3,2043.8319,2026-04-24 17:30:00
1777053600000,77648.4,77695.8,77309.6,77462.2,1624.9586,2026-04-24 18:00:00
1777055400000,77462.2,77606.8,77432.5,77582.6,638.3016,2026-04-24 18:30:00
1777057200000,77582.7,77715.6,77485.1,77540.9,572.2508,2026-04-24 19:00:00
1777059000000,77541.0,77624.4,77500.0,77600.0,1122.0984,2026-04-24 19:30:00
1777060800000,77599.9,77623.0,77412.3,77494.7,847.6513,2026-04-24 20:00:00
1777062600000,77494.6,77726.3,77494.6,77691.8,517.2138,2026-04-24 20:30:00
1777064400000,77691.7,77716.0,77541.0,77577.2,921.7354,2026-04-24 21:00:00
1777066200000,77577.1,77589.6,77500.0,77500.0,320.3527,2026-04-24 21:30:00
1777068000000,77500.1,77570.6,77468.7,77500.1,807.6474,2026-04-24 22:00:00
1777069800000,77500.0,77500.1,77202.2,77283.0,2564.7128,2026-04-24 22:30:00
1777071600000,77283.0,77371.1,77283.0,77363.8,707.9278,2026-04-24 23:00:00
1777073400000,77363.7,77408.0,77340.6,77386.8,573.2723,2026-04-24 23:30:00
1777075200000,77386.7,77444.1,77258.9,77274.9,682.2155,2026-04-25 00:00:00
1777077000000,77274.9,77410.1,77274.8,77410.1,392.8718,2026-04-25 00:30:00
1777078800000,77410.1,77500.0,77390.7,77438.3,499.201,2026-04-25 01:00:00
1777080600000,77438.4,77568.8,77438.3,77487.1,577.4444,2026-04-25 01:30:00
1777082400000,77487.0,77594.4,77450.0,77578.1,641.7494,2026-04-25 02:00:00
1777084200000,77578.1,77598.9,77543.0,77555.4,381.2067,2026-04-25 02:30:00
1777086000000,77555.4,77638.2,77492.8,77509.2,502.0471,2026-04-25 03:00:00
1777087800000,77509.2,77674.7,77509.1,77625.7,677.9804,2026-04-25 03:30:00
1777089600000,77625.7,77655.1,77580.0,77600.0,350.813,2026-04-25 04:00:00
1777091400000,77600.0,77604.7,77551.4,77582.6,287.1132,2026-04-25 04:30:00
1777093200000,77582.5,77582.5,77425.0,77448.1,602.2078,2026-04-25 05:00:00
1777095000000,77448.1,77520.2,77448.0,77480.8,209.2552,2026-04-25 05:30:00
1777096800000,77480.9,77526.5,77448.6,77451.7,275.3062,2026-04-25 06:00:00
1777098600000,77451.8,77557.3,77451.7,77468.5,319.7638,2026-04-25 06:30:00
1777100400000,77468.5,77498.0,77409.7,77497.9,456.4554,2026-04-25 07:00:00
1777102200000,77498.0,77530.6,77451.3,77454.2,409.2408,2026-04-25 07:30:00
1777104000000,77454.3,77546.6,77439.1,77520.3,495.9307,2026-04-25 08:00:00
1777105800000,77520.4,77620.8,77520.3,77600.0,833.4837,2026-04-25 08:30:00
1777107600000,77600.0,77629.4,77542.8,77542.8,373.253,2026-04-25 09:00:00
1777109400000,77542.8,77734.9,77542.8,77666.8,858.3736,2026-04-25 09:30:00
1777111200000,77666.9,77799.6,77666.8,77777.0,851.0981,2026-04-25 10:00:00
1777113000000,77777.0,77839.6,77730.8,77743.8,833.8795,2026-04-25 10:30:00
1777114800000,77743.8,77743.8,77600.0,77633.6,818.8918,2026-04-25 11:00:00
1777116600000,77633.7,77667.6,77569.1,77655.8,673.3133,2026-04-25 11:30:00
1777118400000,77655.8,77687.3,77567.2,77567.2,467.7383,2026-04-25 12:00:00
1777120200000,77567.2,77578.9,77501.0,77520.1,1028.7625,2026-04-25 12:30:00
1777122000000,77520.2,77601.4,77516.0,77581.9,363.9057,2026-04-25 13:00:00
1777123800000,77582.0,77677.5,77551.4,77645.0,465.233,2026-04-25 13:30:00
1777125600000,77645.0,77704.9,77590.0,77680.0,451.9378,2026-04-25 14:00:00
1777127400000,77680.1,77715.4,77604.5,77616.9,499.5603,2026-04-25 14:30:00
1777129200000,77617.0,77674.9,77600.0,77661.3,306.732,2026-04-25 15:00:00
1777131000000,77661.3,77682.1,77256.1,77290.0,2370.8926,2026-04-25 15:30:00
1777132800000,77289.9,77413.3,77244.1,77350.0,1491.4268,2026-04-25 16:00:00
1777134600000,77350.0,77387.7,77034.5,77361.5,3082.9407,2026-04-25 16:30:00
1777136400000,77361.5,77371.2,77260.2,77283.0,406.6821,2026-04-25 17:00:00
1777138200000,77283.0,77300.0,77171.9,77216.0,513.8589,2026-04-25 17:30:00
1777140000000,77216.1,77298.3,77177.2,77279.6,626.8536,2026-04-25 18:00:00
1777141800000,77279.6,77352.6,77243.9,77257.1,381.7741,2026-04-25 18:30:00
1777143600000,77257.1,77312.5,77216.4,77216.4,450.9744,2026-04-25 19:00:00
1777145400000,77216.4,77299.5,77151.1,77292.0,328.2512,2026-04-25 19:30:00
1777147200000,77292.0,77395.0,77263.0,77381.3,499.1874,2026-04-25 20:00:00
1777149000000,77381.4,77440.3,77354.5,77432.5,307.0385,2026-04-25 20:30:00
1777150800000,77432.6,77490.0,77432.5,77474.3,449.63,2026-04-25 21:00:00
1777152600000,77474.3,77513.2,77375.0,77496.8,356.7661,2026-04-25 21:30:00
1777154400000,77496.9,77550.0,77459.6,77516.4,511.2505,2026-04-25 22:00:00
1777156200000,77516.3,77607.6,77495.1,77524.8,566.1723,2026-04-25 22:30:00
1777158000000,77524.8,77579.0,77480.5,77559.6,410.1373,2026-04-25 23:00:00
1777159800000,77559.6,77616.0,77535.3,77587.9,372.1017,2026-04-25 23:30:00
1777161600000,77588.0,77600.0,77432.0,77434.7,525.0235,2026-04-26 00:00:00
1777163400000,77434.8,77564.2,77403.1,77467.7,553.99,2026-04-26 00:30:00
1777165200000,77467.7,77535.0,77452.0,77472.2,524.9518,2026-04-26 01:00:00
1777167000000,77472.2,77527.8,77411.9,77416.8,296.0665,2026-04-26 01:30:00
1777168800000,77416.8,77560.0,77408.3,77524.8,426.573,2026-04-26 02:00:00
1777170600000,77524.8,77548.5,77434.5,77481.0,277.2897,2026-04-26 02:30:00
1777172400000,77481.0,77510.0,77390.5,77395.6,299.1302,2026-04-26 03:00:00
1777174200000,77395.5,77402.0,77289.8,77359.6,811.2202,2026-04-26 03:30:00
1777176000000,77359.5,77465.7,77336.9,77442.0,383.2856,2026-04-26 04:00:00
1777177800000,77441.9,77788.0,77391.6,77740.1,1775.3844,2026-04-26 04:30:00
1777179600000,77740.0,78174.7,77680.0,78059.8,4209.33,2026-04-26 05:00:00
1777181400000,78059.8,78154.5,77931.9,77944.1,1018.1354,2026-04-26 05:30:00
1777183200000,77944.0,78003.3,77881.1,77913.4,665.9559,2026-04-26 06:00:00
1777185000000,77913.3,78022.7,77854.4,77979.9,850.4718,2026-04-26 06:30:00
1777186800000,77980.0,78006.8,77952.5,77959.3,397.1219,2026-04-26 07:00:00
1777188600000,77959.3,78093.4,77926.3,78072.8,650.9121,2026-04-26 07:30:00
1777190400000,78072.8,78100.0,77983.3,78054.1,587.2218,2026-04-26 08:00:00
1777192200000,78054.2,78185.1,77968.8,77993.7,1227.2147,2026-04-26 08:30:00
1777194000000,77993.6,78025.0,77925.5,77971.6,621.5235,2026-04-26 09:00:00
1777195800000,77971.5,77975.3,77888.0,77964.7,497.7824,2026-04-26 09:30:00
1777197600000,77964.8,78025.3,77912.3,77978.4,730.8093,2026-04-26 10:00:00
1777199400000,77978.3,77991.1,77934.8,77964.9,358.3718,2026-04-26 10:30:00
1777201200000,77964.9,78117.3,77964.9,78095.0,513.9479,2026-04-26 11:00:00
1777203000000,78094.9,78111.0,78015.9,78052.7,461.2644,2026-04-26 11:30:00
1777204800000,78052.7,78063.0,77915.0,77935.1,539.6108,2026-04-26 12:00:00
1777206600000,77935.1,77954.2,77705.2,77792.8,1699.3083,2026-04-26 12:30:00
1777208400000,77792.7,77900.0,77751.7,77838.0,749.4821,2026-04-26 13:00:00
1777210200000,77837.9,77969.7,77826.0,77928.5,662.2073,2026-04-26 13:30:00
1777212000000,77928.5,78138.9,77842.3,78017.8,984.6778,2026-04-26 14:00:00
1777213800000,78017.8,78117.6,77944.8,78050.0,1232.9628,2026-04-26 14:30:00
1777215600000,78050.1,78084.9,77950.0,78056.2,832.6933,2026-04-26 15:00:00
1777217400000,78056.1,78073.7,77950.0,78005.2,300.1557,2026-04-26 15:30:00
1777219200000,78005.3,78025.3,77956.8,78007.3,365.3699,2026-04-26 16:00:00
1777221000000,78007.3,78050.0,77888.0,77891.5,576.4408,2026-04-26 16:30:00
1777222800000,77891.5,78015.8,77803.0,77975.1,1037.5365,2026-04-26 17:00:00
1777224600000,77975.1,78020.0,77915.1,77980.0,611.6313,2026-04-26 17:30:00
1777226400000,77980.0,78319.8,77950.0,78131.1,3211.5599,2026-04-26 18:00:00
1777228200000,78131.0,78250.0,78091.1,78230.6,560.1702,2026-04-26 18:30:00
1777230000000,78230.6,78470.5,77950.2,78154.0,4010.8156,2026-04-26 19:00:00
1777231800000,78153.9,78243.4,77977.0,78179.9,1674.5172,2026-04-26 19:30:00
1777233600000,78180.0,78219.9,78109.0,78176.6,274.3916,2026-04-26 20:00:00
1777235400000,78176.7,78351.2,78108.0,78140.8,934.2941,2026-04-26 20:30:00
1777237200000,78140.9,78235.7,78120.2,78135.9,505.8199,2026-04-26 21:00:00
1777239000000,78135.9,78958.9,77767.0,78382.8,7610.2216,2026-04-26 21:30:00
1777240800000,78382.9,78854.2,78311.0,78476.5,3454.497,2026-04-26 22:00:00
1777242600000,78476.4,78476.4,77911.2,78281.7,4356.6693,2026-04-26 22:30:00
1777244400000,78281.7,78423.7,78080.0,78099.0,2549.3562,2026-04-26 23:00:00
1777246200000,78099.1,78898.9,77973.3,78621.5,6244.9473,2026-04-26 23:30:00
1777248000000,78621.6,78849.9,78340.0,78455.2,1454.185,2026-04-27 00:00:00
1777249800000,78455.2,79355.0,78371.9,79262.7,3247.0009,2026-04-27 00:30:00
1777251600000,79262.8,79489.9,78666.0,78864.9,5788.288,2026-04-27 01:00:00
1777253400000,78864.8,79349.2,78805.0,79236.9,2807.3346,2026-04-27 01:30:00
1777255200000,79236.9,79259.2,78984.9,79078.9,1055.3018,2026-04-27 02:00:00
1777257000000,79078.9,79220.9,78979.9,79077.5,1106.6172,2026-04-27 02:30:00
1777258800000,79077.5,79240.6,79023.3,79196.9,868.1703,2026-04-27 03:00:00
1777260600000,79197.0,79290.4,79030.0,79055.9,680.4811,2026-04-27 03:30:00
1777262400000,79055.9,79086.7,78955.5,79078.9,813.4324,2026-04-27 04:00:00
1777264200000,79078.9,79122.7,78832.0,78879.6,807.3054,2026-04-27 04:30:00
1777266000000,78879.7,78906.4,77772.6,77786.1,8958.2994,2026-04-27 05:00:00
1777267800000,77786.1,77834.8,77512.4,77740.1,4980.9827,2026-04-27 05:30:00
1777269600000,77740.1,77829.6,77623.0,77686.3,1946.105,2026-04-27 06:00:00
1777271400000,77686.3,77700.0,77410.0,77663.9,2262.8992,2026-04-27 06:30:00
1777273200000,77663.9,77700.0,77526.0,77654.0,1424.9682,2026-04-27 07:00:00
1777275000000,77654.0,77692.9,77550.0,77558.2,814.0605,2026-04-27 07:30:00
1777276800000,77558.2,77695.8,77525.0,77530.0,1139.8039,2026-04-27 08:00:00
1777278600000,77530.0,77777.0,77502.2,77763.8,1428.1368,2026-04-27 08:30:00
1777280400000,77763.8,77817.0,77650.0,77730.7,1264.618,2026-04-27 09:00:00
1777282200000,77730.7,77936.3,77710.9,77853.1,1565.2068,2026-04-27 09:30:00
1777284000000,77853.1,77899.0,77740.0,77768.2,665.288,2026-04-27 10:00:00
1777285800000,77768.3,77884.3,77750.3,77804.7,530.7167,2026-04-27 10:30:00
1777287600000,77804.6,77839.7,77684.5,77810.6,607.2162,2026-04-27 11:00:00
1777289400000,77810.7,77835.4,77726.4,77795.5,707.216,2026-04-27 11:30:00
1777291200000,77795.5,77826.6,77669.4,77707.5,706.8816,2026-04-27 12:00:00
1777293000000,77707.6,77740.9,77583.4,77630.0,1572.7641,2026-04-27 12:30:00
1777294800000,77629.9,77755.2,77600.0,77672.8,871.5046,2026-04-27 13:00:00
1777296600000,77672.7,77922.6,77533.4,77713.1,3227.3824,2026-04-27 13:30:00
1777298400000,77713.2,77888.0,77640.0,77841.9,1638.2955,2026-04-27 14:00:00
1777300200000,77841.9,78233.0,77745.9,77775.9,4781.4791,2026-04-27 14:30:00
1777302000000,77775.9,77788.7,76518.0,76819.9,14108.6152,2026-04-27 15:00:00
1777303800000,76819.8,77059.0,76694.2,76758.1,3709.342,2026-04-27 15:30:00
1777305600000,76758.1,76833.0,76610.0,76712.4,2151.3169,2026-04-27 16:00:00
1777307400000,76712.4,76790.9,76501.0,76590.0,1662.4124,2026-04-27 16:30:00
1777309200000,76590.0,76854.5,76581.1,76794.2,1970.8216,2026-04-27 17:00:00
1777311000000,76794.3,76904.6,76666.0,76698.2,1466.8299,2026-04-27 17:30:00
1777312800000,76698.3,76807.9,76615.4,76655.0,747.5285,2026-04-27 18:00:00
1777314600000,76654.9,76864.3,76636.4,76791.0,1031.7178,2026-04-27 18:30:00
1777316400000,76791.0,76858.0,76565.6,76565.7,1468.5878,2026-04-27 19:00:00
1777318200000,76565.6,76835.4,76400.0,76835.4,4139.0223,2026-04-27 19:30:00
1777320000000,76835.3,76954.1,76789.8,76950.0,810.8956,2026-04-27 20:00:00
1777321800000,76950.0,77032.9,76881.8,76908.5,765.4346,2026-04-27 20:30:00
1777323600000,76908.6,76908.6,76766.5,76853.7,653.7959,2026-04-27 21:00:00
1777325400000,76853.7,76939.8,76733.0,76733.0,384.1679,2026-04-27 21:30:00
1777327200000,76733.1,76930.0,76720.0,76922.7,743.0773,2026-04-27 22:00:00
1777329000000,76922.6,77045.2,76904.8,77019.1,781.4159,2026-04-27 22:30:00
1777330800000,77019.1,77176.3,76962.5,77082.9,1050.9879,2026-04-27 23:00:00
1777332600000,77082.8,77410.0,77082.8,77327.6,2542.8906,2026-04-27 23:30:00
1777334400000,77327.6,77393.4,77180.0,77185.5,1265.9093,2026-04-28 00:00:00
1777336200000,77185.5,77444.0,77168.5,77341.5,1273.3772,2026-04-28 00:30:00
1777338000000,77341.4,77359.4,77156.0,77206.1,641.9338,2026-04-28 01:00:00
1777339800000,77206.1,77206.1,76987.5,77040.1,1335.057,2026-04-28 01:30:00
1777341600000,77040.1,77198.8,76952.0,76959.4,1199.6688,2026-04-28 02:00:00
1777343400000,76959.5,76994.8,76611.0,76848.0,2874.7575,2026-04-28 02:30:00
1777345200000,76848.1,76856.5,76636.0,76729.5,976.6514,2026-04-28 03:00:00
1777347000000,76729.6,76802.0,76709.6,76770.3,488.3354,2026-04-28 03:30:00
1777348800000,76770.4,76899.4,76650.0,76752.2,812.4353,2026-04-28 04:00:00
1777350600000,76752.1,76919.0,76701.6,76844.9,838.0721,2026-04-28 04:30:00
1777352400000,76845.0,77120.9,76845.0,77018.0,1326.1823,2026-04-28 05:00:00
1777354200000,77018.0,77033.0,76761.0,76840.7,865.1317,2026-04-28 05:30:00
1777356000000,76840.7,76976.5,76780.0,76862.9,853.7215,2026-04-28 06:00:00
1777357800000,76862.9,76896.7,76518.1,76658.8,1791.0895,2026-04-28 06:30:00
1777359600000,76658.7,76673.6,76355.1,76606.1,2215.5647,2026-04-28 07:00:00
1777361400000,76606.0,76881.6,76590.0,76828.0,1421.5515,2026-04-28 07:30:00
1777363200000,76828.0,76930.0,76740.0,76930.0,907.0512,2026-04-28 08:00:00
1777365000000,76930.0,76947.1,76689.3,76813.9,1081.9996,2026-04-28 08:30:00
1777366800000,76813.9,76822.0,76657.4,76744.8,620.818,2026-04-28 09:00:00
1777368600000,76744.8,76744.9,76452.9,76554.2,1132.9395,2026-04-28 09:30:00
1777370400000,76554.1,76652.9,76440.0,76485.7,920.0082,2026-04-28 10:00:00
1777372200000,76485.7,76593.0,76485.0,76579.4,479.0454,2026-04-28 10:30:00
1777374000000,76579.4,76602.2,76231.3,76305.5,2360.1923,2026-04-28 11:00:00
1777375800000,76305.5,76310.0,76088.0,76199.9,2447.9692,2026-04-28 11:30:00
1777377600000,76200.0,76335.3,76121.2,76197.8,1621.8495,2026-04-28 12:00:00
1777379400000,76197.8,76389.0,76140.9,76347.4,1436.0229,2026-04-28 12:30:00
1777381200000,76347.4,76347.4,75929.4,76156.3,3117.0091,2026-04-28 13:00:00
1777383000000,76156.2,76386.0,76001.4,76159.6,2725.8845,2026-04-28 13:30:00
1777384800000,76159.6,76168.4,75726.9,75800.2,3431.442,2026-04-28 14:00:00
1777386600000,75800.2,75917.7,75624.7,75917.7,3755.8937,2026-04-28 14:30:00
1777388400000,75917.6,76048.6,75805.0,75989.4,2060.7612,2026-04-28 15:00:00
1777390200000,75989.4,76050.0,75850.1,76026.3,1106.1373,2026-04-28 15:30:00
1777392000000,76026.4,76060.0,75916.7,75925.4,1085.5866,2026-04-28 16:00:00
1777393800000,75925.5,76209.6,75854.3,76096.7,1280.9598,2026-04-28 16:30:00
1777395600000,76096.6,76196.9,75920.2,76064.6,1110.6636,2026-04-28 17:00:00
1777397400000,76064.6,76241.5,76064.6,76155.0,1202.6308,2026-04-28 17:30:00
1777399200000,76154.9,76250.0,76097.1,76201.0,1748.4282,2026-04-28 18:00:00
1777401000000,76201.1,76218.6,76114.1,76205.3,524.0047,2026-04-28 18:30:00
1777402800000,76205.4,76205.4,76036.4,76142.9,326.6501,2026-04-28 19:00:00
1777404600000,76142.9,76359.0,76094.9,76295.9,1405.3067,2026-04-28 19:30:00
1777406400000,76295.8,76423.0,76290.9,76333.1,890.8941,2026-04-28 20:00:00
1777408200000,76333.0,76445.0,76319.4,76432.6,513.8628,2026-04-28 20:30:00
1777410000000,76432.5,76449.9,76260.0,76265.8,655.7981,2026-04-28 21:00:00
1777411800000,76265.7,76380.0,76231.6,76325.2,427.7166,2026-04-28 21:30:00
1777413600000,76325.2,76418.6,76280.0,76294.4,420.9835,2026-04-28 22:00:00
1777415400000,76294.4,76330.3,76178.6,76207.7,467.1572,2026-04-28 22:30:00
1777417200000,76207.6,76330.0,76143.8,76248.4,519.9252,2026-04-28 23:00:00
1777419000000,76248.4,76347.0,76218.0,76301.9,350.4643,2026-04-28 23:30:00
1777420800000,76301.9,76363.4,76237.0,76278.2,431.1044,2026-04-29 00:00:00
1777422600000,76278.3,76525.0,76250.0,76477.1,1212.1907,2026-04-29 00:30:00
1777424400000,76477.2,76514.0,76175.6,76188.1,1134.959,2026-04-29 01:00:00
1777426200000,76188.0,76630.0,76132.7,76534.3,1801.8331,2026-04-29 01:30:00
1777428000000,76534.4,76624.6,76411.2,76420.0,932.8386,2026-04-29 02:00:00
1777429800000,76420.1,76494.6,76364.0,76491.2,499.9755,2026-04-29 02:30:00
1777431600000,76491.1,76877.0,76475.6,76835.1,2328.9883,2026-04-29 03:00:00
1777433400000,76835.1,77086.7,76748.1,76946.4,2501.8161,2026-04-29 03:30:00
1777435200000,76946.5,77021.0,76837.6,76996.8,977.7145,2026-04-29 04:00:00
1777437000000,76996.9,77416.7,76965.5,77216.9,5021.1618,2026-04-29 04:30:00
1777438800000,77216.8,77267.2,77148.3,77223.8,1560.6324,2026-04-29 05:00:00
1777440600000,77223.8,77278.9,77167.7,77244.9,1613.0351,2026-04-29 05:30:00
1777442400000,77244.9,77288.0,77043.2,77046.7,2125.9541,2026-04-29 06:00:00
1777444200000,77046.8,77079.0,76888.0,76984.7,1633.5857,2026-04-29 06:30:00
1777446000000,76984.8,77068.7,76975.4,77019.3,1116.5105,2026-04-29 07:00:00
1777447800000,77019.3,77147.8,76973.0,77017.9,911.5752,2026-04-29 07:30:00
1777449600000,77017.9,77113.8,76933.9,77057.2,972.6672,2026-04-29 08:00:00
1777451400000,77057.1,77057.1,76922.2,77001.2,642.5511,2026-04-29 08:30:00
1777453200000,77001.1,77105.2,76922.0,77090.6,702.7281,2026-04-29 09:00:00
1777455000000,77090.6,77773.5,77085.0,77610.2,5212.7141,2026-04-29 09:30:00
1777456800000,77610.2,77882.3,77596.0,77842.6,2554.9134,2026-04-29 10:00:00
1777458600000,77842.5,77860.0,77513.6,77580.0,1702.6763,2026-04-29 10:30:00
1777460400000,77580.0,77642.0,77435.6,77472.8,1369.8992,2026-04-29 11:00:00
1777462200000,77472.7,77642.2,77461.7,77543.6,1398.6882,2026-04-29 11:30:00
1777464000000,77543.6,77553.0,76938.0,77113.9,3767.957,2026-04-29 12:00:00
1777465800000,77114.0,77174.5,76955.0,77108.0,1809.2794,2026-04-29 12:30:00
1777467600000,77108.0,77211.1,76822.1,76892.3,1865.7744,2026-04-29 13:00:00
1777469400000,76892.3,76892.4,76382.2,76735.1,5987.5291,2026-04-29 13:30:00
1777471200000,76735.2,76744.4,76474.6,76681.5,1801.5213,2026-04-29 14:00:00
1777473000000,76681.5,76833.2,76444.0,76540.0,1881.9944,2026-04-29 14:30:00
1777474800000,76540.0,76602.5,76108.6,76197.6,3610.9008,2026-04-29 15:00:00
1777476600000,76197.6,76305.0,75669.0,75892.4,4389.1872,2026-04-29 15:30:00
1777478400000,75892.4,76095.3,75645.0,75807.8,3933.0838,2026-04-29 16:00:00
1777480200000,75807.7,75880.5,75666.0,75770.9,1773.5658,2026-04-29 16:30:00
1777482000000,75771.0,76082.1,75764.4,75857.9,2058.5094,2026-04-29 17:00:00
1777483800000,75858.0,76163.0,75844.6,76154.4,1080.3493,2026-04-29 17:30:00
1777485600000,76154.4,76225.6,74893.3,75113.8,11329.7677,2026-04-29 18:00:00
1777487400000,75113.7,75471.0,74916.2,75470.9,3570.3002,2026-04-29 18:30:00
1777489200000,75470.9,75552.6,75329.1,75478.6,1697.3782,2026-04-29 19:00:00
1777491000000,75478.5,75522.0,75260.0,75510.6,1623.2579,2026-04-29 19:30:00
1777492800000,75510.5,75676.5,75452.4,75634.5,2631.0922,2026-04-29 20:00:00
1777494600000,75634.4,75834.2,75537.5,75634.4,2406.7108,2026-04-29 20:30:00
1777496400000,75634.3,75874.0,75568.6,75790.0,789.0983,2026-04-29 21:00:00
1777498200000,75790.0,76063.9,75758.7,75900.0,924.6628,2026-04-29 21:30:00
1777500000000,75900.0,75969.9,75782.1,75797.7,895.8421,2026-04-29 22:00:00
1777501800000,75797.7,75939.8,75797.7,75885.2,531.6342,2026-04-29 22:30:00
1777503600000,75885.1,75963.2,75651.2,75734.0,1101.4134,2026-04-29 23:00:00
1777505400000,75733.9,75849.1,75733.9,75755.0,747.9896,2026-04-29 23:30:00
1777507200000,75755.0,75834.0,75612.9,75788.0,1081.579,2026-04-30 00:00:00
1777509000000,75788.0,76300.0,75787.9,76210.1,2651.3829,2026-04-30 00:30:00
1777510800000,76210.0,76379.0,76134.0,76306.8,1261.7557,2026-04-30 01:00:00
1777512600000,76306.8,76432.3,76174.5,76193.3,1105.2426,2026-04-30 01:30:00
1777514400000,76193.3,76313.9,76070.5,76085.9,930.9854,2026-04-30 02:00:00
1777516200000,76085.9,76085.9,75454.2,75669.5,3131.9881,2026-04-30 02:30:00
1777518000000,75669.4,75866.3,75620.7,75852.9,1213.0599,2026-04-30 03:00:00
1777519800000,75852.8,75950.0,75805.2,75886.0,882.7502,2026-04-30 03:30:00
1777521600000,75886.1,75928.0,75630.0,75645.3,1184.8163,2026-04-30 04:00:00
1777523400000,75645.3,75656.0,75364.0,75461.1,1707.5698,2026-04-30 04:30:00
1777525200000,75461.1,75594.0,75276.9,75390.9,993.2523,2026-04-30 05:00:00
1777527000000,75390.9,75722.6,75390.9,75562.4,1033.3887,2026-04-30 05:30:00
1777528800000,75562.5,75663.0,75538.0,75642.9,770.6816,2026-04-30 06:00:00
1777530600000,75642.9,75835.8,75642.9,75715.0,1155.7762,2026-04-30 06:30:00
1777532400000,75715.1,75861.3,75675.8,75853.9,816.0874,2026-04-30 07:00:00
1777534200000,75853.9,76142.9,75850.1,76123.1,1874.175,2026-04-30 07:30:00
1777536000000,76123.2,76173.1,75969.0,76035.3,1898.0508,2026-04-30 08:00:00
1777537800000,76035.2,76108.0,76000.0,76019.7,558.0847,2026-04-30 08:30:00
1777539600000,76019.7,76200.0,75962.8,76199.9,875.4986,2026-04-30 09:00:00
1777541400000,76200.0,76315.8,76035.7,76066.1,1374.0606,2026-04-30 09:30:00
1777543200000,76066.0,76133.7,75940.0,75956.3,682.4917,2026-04-30 10:00:00
1777545000000,75956.4,76085.0,75956.4,75999.5,713.1716,2026-04-30 10:30:00
1777546800000,75999.5,76209.4,75999.5,76075.3,1359.7396,2026-04-30 11:00:00
1777548600000,76075.4,76099.9,75850.0,76026.4,2601.3299,2026-04-30 11:30:00
1777550400000,76026.4,76350.2,76001.0,76290.6,2369.9962,2026-04-30 12:00:00
1777552200000,76290.6,76377.3,76197.7,76256.7,1513.1102,2026-04-30 12:30:00
1777554000000,76256.6,76317.5,76118.6,76153.4,1120.0272,2026-04-30 13:00:00
1777555800000,76153.4,76621.0,76063.0,76369.5,5217.3383,2026-04-30 13:30:00
1777557600000,76369.5,76540.0,76050.9,76320.6,3752.3791,2026-04-30 14:00:00
1777559400000,76320.6,76528.6,76167.2,76249.5,3491.941,2026-04-30 14:30:00
1777561200000,76249.6,76460.0,76113.3,76460.0,1345.7474,2026-04-30 15:00:00
1777563000000,76460.0,76611.0,76284.0,76416.3,1587.2556,2026-04-30 15:30:00
1777564800000,76416.3,76438.6,76242.5,76311.8,913.3555,2026-04-30 16:00:00
1777566600000,76311.8,76376.7,76183.6,76220.0,868.7687,2026-04-30 16:30:00
1777568400000,76220.0,76290.1,76063.0,76108.9,1389.5872,2026-04-30 17:00:00
1777570200000,76108.9,76255.0,76092.4,76202.8,788.5569,2026-04-30 17:30:00
1777572000000,76202.8,76445.0,76197.8,76235.8,1908.9794,2026-04-30 18:00:00
1777573800000,76235.9,76425.0,76143.2,76300.0,1236.1604,2026-04-30 18:30:00
1777575600000,76300.0,76450.0,76258.6,76420.0,651.1396,2026-04-30 19:00:00
1777577400000,76420.0,76465.0,76315.4,76357.4,1187.8592,2026-04-30 19:30:00
1777579200000,76357.3,76544.0,76243.7,76432.5,2899.0925,2026-04-30 20:00:00
1777581000000,76432.5,76530.6,76404.7,76453.1,394.6208,2026-04-30 20:30:00
1777582800000,76453.1,76497.6,76280.1,76295.6,372.2556,2026-04-30 21:00:00
1777584600000,76295.5,76425.0,76191.1,76198.0,505.1005,2026-04-30 21:30:00
1777586400000,76197.9,76419.5,76197.4,76401.2,500.4802,2026-04-30 22:00:00
1777588200000,76401.2,76413.8,76169.0,76204.8,340.028,2026-04-30 22:30:00
1777590000000,76204.8,76300.9,76181.0,76296.8,378.8823,2026-04-30 23:00:00
1777591800000,76296.8,76359.5,76265.9,76312.8,708.1486,2026-04-30 23:30:00
1777593600000,76312.9,76544.4,76275.4,76492.5,1023.7668,2026-05-01 00:00:00
1777595400000,76492.6,76550.0,76355.4,76417.9,552.5027,2026-05-01 00:30:00
1777597200000,76417.9,76585.0,76405.3,76497.9,635.3961,2026-05-01 01:00:00
1777599000000,76497.8,76742.1,76484.8,76642.2,1415.7196,2026-05-01 01:30:00
1777600800000,76642.3,76700.0,76563.0,76584.3,677.4045,2026-05-01 02:00:00
1777602600000,76584.3,76593.9,76490.0,76560.8,662.0514,2026-05-01 02:30:00
1777604400000,76560.8,77426.9,76501.3,77151.8,7023.906,2026-05-01 03:00:00
1777606200000,77151.8,77250.0,77022.3,77087.3,2495.8569,2026-05-01 03:30:00
1777608000000,77087.4,77166.0,76922.4,76983.1,1686.0886,2026-05-01 04:00:00
1777609800000,76983.0,77077.0,76960.3,77009.2,1289.1924,2026-05-01 04:30:00
1777611600000,77009.2,77157.4,77007.0,77040.8,880.4631,2026-05-01 05:00:00
1777613400000,77040.8,77144.7,77020.0,77132.7,565.2657,2026-05-01 05:30:00
1777615200000,77132.7,77145.0,77047.0,77116.0,659.2985,2026-05-01 06:00:00
1777617000000,77116.0,77132.1,76827.6,76958.1,1672.1202,2026-05-01 06:30:00
1777618800000,76958.0,77068.8,76924.1,76968.0,661.4092,2026-05-01 07:00:00
1777620600000,76968.0,77111.0,76925.0,77104.0,1370.6846,2026-05-01 07:30:00
1777622400000,77103.9,77470.0,77014.1,77396.6,2163.0558,2026-05-01 08:00:00
1777624200000,77396.6,77423.3,77304.6,77325.6,1536.8757,2026-05-01 08:30:00
1777626000000,77325.5,77355.1,77234.7,77310.2,1137.2423,2026-05-01 09:00:00
1777627800000,77310.2,77310.2,77157.3,77235.9,765.2559,2026-05-01 09:30:00
1777629600000,77235.9,77400.0,77108.9,77312.2,1820.279,2026-05-01 10:00:00
1777631400000,77312.2,77330.0,77213.3,77262.1,584.3262,2026-05-01 10:30:00
1777633200000,77262.1,77562.4,77222.2,77338.1,2421.5486,2026-05-01 11:00:00
1777635000000,77338.0,77428.0,77300.0,77419.6,841.0606,2026-05-01 11:30:00
1777636800000,77419.7,77767.2,77353.5,77712.8,4110.4652,2026-05-01 12:00:00
1777638600000,77712.8,78170.0,77710.5,77857.7,6485.2986,2026-05-01 12:30:00
1777640400000,77857.8,78418.8,77857.7,78243.3,5155.4098,2026-05-01 13:00:00
1777642200000,78243.2,78888.0,78097.0,78697.2,7600.1806,2026-05-01 13:30:00
1777644000000,78697.1,78856.2,78155.0,78240.2,4543.1413,2026-05-01 14:00:00
1777645800000,78240.1,78416.7,78014.0,78310.3,2917.7327,2026-05-01 14:30:00
1777647600000,78310.3,78595.0,78129.7,78504.7,2182.8393,2026-05-01 15:00:00
1777649400000,78504.6,78700.0,78135.4,78400.0,3054.6866,2026-05-01 15:30:00
1777651200000,78400.0,78643.9,78116.7,78286.4,2660.9299,2026-05-01 16:00:00
1777653000000,78286.5,78345.0,78129.0,78169.8,1455.272,2026-05-01 16:30:00
1777654800000,78169.7,78313.3,78090.1,78207.0,1114.1064,2026-05-01 17:00:00
1777656600000,78206.9,78547.0,78153.6,78507.2,1383.0307,2026-05-01 17:30:00
1777658400000,78507.2,78588.8,78422.0,78553.2,979.0616,2026-05-01 18:00:00
1777660200000,78553.2,78553.2,78330.0,78390.0,734.1532,2026-05-01 18:30:00
1777662000000,78389.9,78499.9,78304.1,78367.4,547.8306,2026-05-01 19:00:00
1777663800000,78367.5,78433.2,78269.3,78322.2,808.8312,2026-05-01 19:30:00
1777665600000,78322.2,78398.4,78050.0,78109.4,1090.0908,2026-05-01 20:00:00
1777667400000,78109.4,78142.0,77715.0,77845.6,1912.3763,2026-05-01 20:30:00
1777669200000,77845.6,78035.4,77826.0,77980.9,876.5822,2026-05-01 21:00:00
1777671000000,77980.8,78169.0,77980.8,78164.1,603.29,2026-05-01 21:30:00
1777672800000,78164.1,78367.7,78164.1,78296.7,828.7286,2026-05-01 22:00:00
1777674600000,78296.8,78320.0,78088.4,78108.2,442.277,2026-05-01 22:30:00
1777676400000,78108.1,78140.0,77991.5,78000.0,559.8133,2026-05-01 23:00:00
1777678200000,78000.0,78204.3,78000.0,78195.4,459.377,2026-05-01 23:30:00
1777680000000,78195.4,78325.1,78116.2,78230.3,589.1774,2026-05-02 00:00:00
1777681800000,78230.2,78350.0,78200.0,78299.9,384.9136,2026-05-02 00:30:00
1777683600000,78300.0,78344.0,78250.4,78300.0,376.0659,2026-05-02 01:00:00
1777685400000,78300.0,78399.6,78250.9,78296.0,462.2182,2026-05-02 01:30:00
1777687200000,78296.0,78315.6,78205.7,78223.9,433.7997,2026-05-02 02:00:00
1777689000000,78223.9,78493.3,78205.7,78313.8,750.8843,2026-05-02 02:30:00
1777690800000,78313.9,78378.0,78188.7,78333.4,670.2343,2026-05-02 03:00:00
1777692600000,78333.3,78495.3,78320.6,78374.0,561.4646,2026-05-02 03:30:00
1777694400000,78374.1,78412.8,78220.7,78236.6,670.0083,2026-05-02 04:00:00
1777696200000,78236.5,78252.4,78075.2,78147.4,859.3074,2026-05-02 04:30:00
1777698000000,78147.3,78163.1,78006.3,78078.9,1007.0567,2026-05-02 05:00:00
1777699800000,78078.9,78228.3,78078.8,78151.0,784.6647,2026-05-02 05:30:00
1777701600000,78151.0,78252.7,78100.9,78113.4,428.8902,2026-05-02 06:00:00
1777703400000,78113.3,78348.3,78108.4,78292.2,564.2284,2026-05-02 06:30:00
1777705200000,78292.2,78322.7,78268.5,78280.8,331.8802,2026-05-02 07:00:00
1777707000000,78280.9,78288.5,78164.3,78186.5,423.7472,2026-05-02 07:30:00
1777708800000,78186.5,78258.1,78116.9,78245.5,494.5947,2026-05-02 08:00:00
1777710600000,78245.5,78324.0,78242.4,78283.3,435.1424,2026-05-02 08:30:00
1777712400000,78283.4,78311.3,78255.0,78270.2,272.5729,2026-05-02 09:00:00
1777714200000,78270.2,78370.9,78163.7,78262.1,606.8802,2026-05-02 09:30:00
1777716000000,78262.1,78281.0,78190.0,78216.8,327.2295,2026-05-02 10:00:00
1777717800000,78216.9,78242.0,78188.0,78211.6,250.6435,2026-05-02 10:30:00
1777719600000,78211.6,78211.6,78116.1,78175.2,601.1872,2026-05-02 11:00:00
1777721400000,78175.2,78182.5,78062.3,78115.4,664.9929,2026-05-02 11:30:00
1777723200000,78115.4,78245.9,78074.1,78222.3,636.0978,2026-05-02 12:00:00
1777725000000,78222.3,78242.2,78147.5,78174.3,275.5702,2026-05-02 12:30:00
1777726800000,78174.3,78411.5,78174.3,78261.3,877.4157,2026-05-02 13:00:00
1777728600000,78261.3,78357.9,78254.3,78331.3,301.1859,2026-05-02 13:30:00
1777730400000,78331.3,78460.7,78272.8,78384.6,686.5353,2026-05-02 14:00:00
1777732200000,78384.5,78440.0,78338.0,78376.1,669.0944,2026-05-02 14:30:00
1777734000000,78376.0,78443.6,78317.5,78336.0,380.5923,2026-05-02 15:00:00
1777735800000,78336.0,78450.0,78330.4,78448.0,428.5035,2026-05-02 15:30:00
1777737600000,78448.1,78569.9,78419.8,78463.1,1040.8282,2026-05-02 16:00:00
1777739400000,78463.1,78463.2,78373.8,78415.6,432.5644,2026-05-02 16:30:00
1777741200000,78415.6,78422.3,78374.4,78386.1,268.5662,2026-05-02 17:00:00
1777743000000,78386.1,78458.8,78316.4,78359.2,273.492,2026-05-02 17:30:00
1777744800000,78359.3,78369.3,78266.9,78360.4,478.2403,2026-05-02 18:00:00
1777746600000,78360.4,78472.1,78360.3,78428.4,362.6645,2026-05-02 18:30:00
1777748400000,78428.5,78482.6,78405.0,78416.2,157.3488,2026-05-02 19:00:00
1777750200000,78416.1,78488.0,78400.7,78448.9,165.6545,2026-05-02 19:30:00
1777752000000,78448.9,78456.5,78381.9,78393.0,96.4383,2026-05-02 20:00:00
1777753800000,78392.9,78442.9,78370.6,78413.6,133.6221,2026-05-02 20:30:00
1777755600000,78413.6,78477.0,78400.0,78457.0,265.1532,2026-05-02 21:00:00
1777757400000,78457.0,79172.9,78456.9,78697.8,3908.9036,2026-05-02 21:30:00
1777759200000,78697.8,78775.7,78576.0,78595.4,904.4628,2026-05-02 22:00:00
1777761000000,78595.4,78843.9,78595.3,78800.0,563.2013,2026-05-02 22:30:00
1777762800000,78800.0,78800.0,78644.5,78767.7,440.1054,2026-05-02 23:00:00
1777764600000,78767.8,78781.5,78584.2,78656.0,422.7485,2026-05-02 23:30:00
1777766400000,78655.9,78728.0,78469.0,78600.9,849.9159,2026-05-03 00:00:00
1777768200000,78600.9,78641.1,78450.0,78510.2,666.5011,2026-05-03 00:30:00
1777770000000,78510.2,78510.3,78177.4,78252.8,1896.2442,2026-05-03 01:00:00
1777771800000,78252.7,78253.1,78100.0,78200.0,939.5768,2026-05-03 01:30:00
1777773600000,78200.0,78273.4,78050.2,78060.8,1220.4136,2026-05-03 02:00:00
1777775400000,78060.7,78164.3,78060.7,78132.0,600.1352,2026-05-03 02:30:00
1777777200000,78132.0,78150.0,78060.0,78064.3,538.9769,2026-05-03 03:00:00
1777779000000,78064.3,78168.6,78064.3,78163.8,561.6443,2026-05-03 03:30:00
1777780800000,78163.7,78195.0,78067.9,78178.0,582.4717,2026-05-03 04:00:00
1777782600000,78178.1,78196.0,78096.1,78125.7,289.5802,2026-05-03 04:30:00
1777784400000,78125.7,78218.8,78118.0,78176.8,418.1486,2026-05-03 05:00:00
1777786200000,78176.8,78210.0,78152.0,78202.5,247.1514,2026-05-03 05:30:00
1777788000000,78202.6,78202.6,78011.7,78068.6,746.7476,2026-05-03 06:00:00
1777789800000,78068.6,78315.2,78068.6,78244.7,870.8043,2026-05-03 06:30:00
1777791600000,78244.6,78406.8,78244.6,78360.2,1139.9418,2026-05-03 07:00:00
1777793400000,78360.2,78406.1,78314.4,78317.6,561.247,2026-05-03 07:30:00
1777795200000,78317.6,78466.0,78317.5,78377.2,753.6532,2026-05-03 08:00:00
1777797000000,78377.2,78419.8,78340.8,78350.0,225.3766,2026-05-03 08:30:00
1777798800000,78350.0,78489.3,78300.1,78460.6,776.7958,2026-05-03 09:00:00
1777800600000,78460.6,78575.0,78412.0,78500.7,920.4,2026-05-03 09:30:00
1777802400000,78500.8,78505.9,78390.6,78394.0,358.1202,2026-05-03 10:00:00
1777804200000,78394.1,78440.8,78369.9,78375.9,375.2282,2026-05-03 10:30:00
1777806000000,78375.9,78524.8,78342.5,78478.6,519.6856,2026-05-03 11:00:00
1777807800000,78478.6,78833.0,78475.4,78620.5,2333.6908,2026-05-03 11:30:00
1777809600000,78620.5,78863.8,78620.5,78742.8,1245.3793,2026-05-03 12:00:00
1777811400000,78742.8,78800.9,78647.7,78717.6,861.7762,2026-05-03 12:30:00
1777813200000,78717.6,78739.8,78540.9,78603.9,990.5001,2026-05-03 13:00:00
1777815000000,78603.8,78673.1,78556.0,78638.2,663.7752,2026-05-03 13:30:00
1777816800000,78638.2,78760.9,78582.0,78662.8,614.2722,2026-05-03 14:00:00
1777818600000,78662.9,78755.0,78623.0,78708.0,377.639,2026-05-03 14:30:00
1777820400000,78708.1,78780.0,78682.0,78725.0,496.0326,2026-05-03 15:00:00
1777822200000,78725.1,78765.5,78583.1,78632.2,601.1343,2026-05-03 15:30:00
1777824000000,78632.2,78666.6,78562.0,78631.3,534.5098,2026-05-03 16:00:00
1777825800000,78631.4,78752.0,78619.5,78630.1,419.0241,2026-05-03 16:30:00
1777827600000,78630.0,78777.0,78524.0,78696.1,603.4566,2026-05-03 17:00:00
1777829400000,78696.1,78793.0,78678.5,78697.9,458.7267,2026-05-03 17:30:00
1777831200000,78697.8,78716.4,78595.3,78693.1,384.1397,2026-05-03 18:00:00
1777833000000,78693.1,78722.8,78637.8,78696.4,230.3868,2026-05-03 18:30:00
1777834800000,78696.3,78722.8,78638.0,78648.0,203.3154,2026-05-03 19:00:00
1777836600000,78648.1,78821.0,78648.0,78733.9,440.2013,2026-05-03 19:30:00
1777838400000,78733.8,78991.7,78691.0,78879.9,996.2085,2026-05-03 20:00:00
1777840200000,78879.9,79266.8,78793.3,78877.2,2370.8137,2026-05-03 20:30:00
1777842000000,78877.2,79032.3,78813.5,78882.6,539.0513,2026-05-03 21:00:00
1777843800000,78882.7,78894.2,78614.1,78797.0,1048.6878,2026-05-03 21:30:00
1777845600000,78797.1,79428.4,78797.1,79050.0,3409.2289,2026-05-03 22:00:00
1777847400000,79050.0,79350.0,78950.0,79141.3,1088.3825,2026-05-03 22:30:00
1777849200000,79141.4,79266.7,78568.3,78618.5,2034.9348,2026-05-03 23:00:00
1777851000000,78618.4,78715.2,78444.4,78531.0,1729.5689,2026-05-03 23:30:00
1777852800000,78531.1,78533.3,78225.0,78324.1,2280.7154,2026-05-04 00:00:00
1777854600000,78324.0,78530.0,78297.8,78507.1,1111.5678,2026-05-04 00:30:00
1777856400000,78507.2,78573.5,78369.4,78568.4,776.3811,2026-05-04 01:00:00
1777858200000,78568.3,79855.0,78552.5,79754.9,9547.9922,2026-05-04 01:30:00
1777860000000,79754.9,80200.0,79500.0,79689.0,9079.4575,2026-05-04 02:00:00
1777861800000,79689.0,80430.0,79684.0,80138.1,5506.5275,2026-05-04 02:30:00
1777863600000,80138.1,80465.4,79941.0,80092.5,3998.6716,2026-05-04 03:00:00
1777865400000,80092.6,80295.9,79888.0,80284.6,1545.6627,2026-05-04 03:30:00
1777867200000,80284.7,80597.4,80200.0,80306.8,4148.9598,2026-05-04 04:00:00
1777869000000,80306.7,80402.8,80203.5,80309.3,1570.6506,2026-05-04 04:30:00
1777870800000,80309.3,80377.0,79912.6,79967.7,2714.7965,2026-05-04 05:00:00
1777872600000,79967.7,80081.9,79927.4,79993.9,869.4816,2026-05-04 05:30:00
1777874400000,79994.0,80027.3,79450.1,79675.6,2826.8738,2026-05-04 06:00:00
1777876200000,79675.6,79948.1,79600.2,79833.5,1794.0326,2026-05-04 06:30:00
1777878000000,79833.5,79914.7,79778.3,79823.5,947.2098,2026-05-04 07:00:00
1777879800000,79823.4,79882.4,79635.2,79665.3,992.3266,2026-05-04 07:30:00
1777881600000,79665.2,79774.5,79560.0,79709.5,1342.6472,2026-05-04 08:00:00
1777883400000,79709.6,79745.0,79588.0,79677.5,651.1342,2026-05-04 08:30:00
1777885200000,79677.4,79795.8,79606.0,79700.1,837.6799,2026-05-04 09:00:00
1777887000000,79700.1,79894.9,79656.0,79801.3,857.3896,2026-05-04 09:30:00
1777888800000,79801.3,79862.7,78146.8,78471.3,16033.875,2026-05-04 10:00:00
1777890600000,78471.3,79066.0,78420.1,78897.2,5863.6442,2026-05-04 10:30:00
1777892400000,78897.2,79080.0,78861.0,78907.2,1276.4701,2026-05-04 11:00:00
1777894200000,78907.1,78907.1,78652.9,78756.9,1519.3098,2026-05-04 11:30:00
1777896000000,78756.8,78983.6,78667.4,78917.0,1372.1231,2026-05-04 12:00:00
1777897800000,78917.0,78961.7,78800.0,78801.8,814.717,2026-05-04 12:30:00
1777899600000,78801.8,79031.9,78522.5,78918.2,2610.7588,2026-05-04 13:00:00
1777901400000,78918.1,79100.0,78683.0,78743.1,2372.537,2026-05-04 13:30:00
1777903200000,78743.1,79365.9,78423.5,79188.5,4961.9912,2026-05-04 14:00:00
1777905000000,79188.4,80513.0,79173.9,80184.6,11173.1442,2026-05-04 14:30:00
1777906800000,80184.6,80345.5,79276.8,79669.9,10088.5764,2026-05-04 15:00:00
1777908600000,79670.0,80113.0,79433.9,79990.6,4190.6883,2026-05-04 15:30:00
1777910400000,79990.6,80366.0,79571.6,80206.7,4874.863,2026-05-04 16:00:00
1777912200000,80206.7,80329.0,79922.9,79981.7,2314.0962,2026-05-04 16:30:00
1777914000000,79981.7,80476.8,79981.6,80406.5,2187.9556,2026-05-04 17:00:00
1777915800000,80406.5,80746.5,80220.0,80347.8,3404.3012,2026-05-04 17:30:00
1777917600000,80347.9,80409.5,80101.2,80227.2,1720.9908,2026-05-04 18:00:00
1777919400000,80227.3,80276.0,80000.0,80076.6,1356.9237,2026-05-04 18:30:00
1777921200000,80076.5,80103.3,79844.6,79878.8,1483.2798,2026-05-04 19:00:00
1777923000000,79878.7,80051.7,79841.6,80006.1,729.6383,2026-05-04 19:30:00
1777924800000,80006.0,80113.4,79864.6,79973.7,815.2353,2026-05-04 20:00:00
1777926600000,79973.6,79993.2,79826.3,79888.1,479.0209,2026-05-04 20:30:00
1777928400000,79888.2,80261.3,79888.2,80157.5,640.3678,2026-05-04 21:00:00
1777930200000,80157.5,80341.3,80157.5,80216.9,462.3178,2026-05-04 21:30:00
1777932000000,80216.9,80360.0,80170.2,80220.2,589.9916,2026-05-04 22:00:00
1777933800000,80220.2,80223.2,80000.0,80025.1,833.0699,2026-05-04 22:30:00
1777935600000,80025.2,80025.2,79832.1,79922.9,798.681,2026-05-04 23:00:00
1777937400000,79922.9,79922.9,79706.5,79821.4,1287.6828,2026-05-04 23:30:00
1777939200000,79821.3,79991.9,79756.8,79812.4,727.1296,2026-05-05 00:00:00
1777941000000,79812.4,80144.0,79812.4,80129.9,983.4665,2026-05-05 00:30:00
1777942800000,80129.8,80250.9,80035.4,80222.4,944.7759,2026-05-05 01:00:00
1777944600000,80222.4,80343.3,80126.6,80306.5,946.4745,2026-05-05 01:30:00
1777946400000,80306.4,80488.0,80253.8,80416.5,1532.0144,2026-05-05 02:00:00
1777948200000,80416.4,80888.0,80401.0,80526.7,3960.266,2026-05-05 02:30:00
1777950000000,80526.8,80832.0,80407.5,80759.9,1735.2316,2026-05-05 03:00:00
1777951800000,80760.0,81076.5,80718.8,80848.7,3388.0726,2026-05-05 03:30:00
1777953600000,80848.6,80966.0,80747.1,80764.2,1494.9256,2026-05-05 04:00:00
1777955400000,80764.2,80928.6,80686.9,80861.1,1126.7859,2026-05-05 04:30:00
1777957200000,80861.1,81172.7,80800.0,81018.6,2349.3356,2026-05-05 05:00:00
1777959000000,81018.7,81309.9,80877.5,80940.6,3236.8762,2026-05-05 05:30:00
1777960800000,80940.7,80985.5,80766.0,80788.4,1427.6972,2026-05-05 06:00:00
1777962600000,80788.4,80947.9,80751.4,80938.1,978.6539,2026-05-05 06:30:00
1777964400000,80938.0,81055.7,80854.4,81002.2,1222.2374,2026-05-05 07:00:00
1777966200000,81002.1,81127.1,80793.4,80821.9,1571.8056,2026-05-05 07:30:00
1777968000000,80821.8,80860.0,80778.0,80810.0,803.1193,2026-05-05 08:00:00
1777969800000,80809.9,80828.1,80659.2,80779.1,1168.1651,2026-05-05 08:30:00
1777971600000,80779.2,80779.2,80560.1,80620.0,1486.7245,2026-05-05 09:00:00
1777973400000,80620.0,80673.7,80483.4,80552.3,1108.3956,2026-05-05 09:30:00
1777975200000,80552.3,80728.6,80490.0,80699.4,1020.8096,2026-05-05 10:00:00
1777977000000,80699.5,80820.6,80683.7,80799.5,1210.8919,2026-05-05 10:30:00
1777978800000,80799.5,80960.0,80741.0,80913.5,1623.3558,2026-05-05 11:00:00
1777980600000,80913.6,81080.5,80827.3,80979.9,1617.3254,2026-05-05 11:30:00
1777982400000,80980.0,81207.4,80889.4,81179.5,1549.6817,2026-05-05 12:00:00
1777984200000,81179.6,81275.6,81125.1,81234.0,1864.0295,2026-05-05 12:30:00
1777986000000,81234.1,81688.0,81217.2,81414.8,7525.3062,2026-05-05 13:00:00
1777987800000,81414.8,81645.3,81147.2,81290.4,3508.6341,2026-05-05 13:30:00
1777989600000,81290.3,81413.8,80900.4,81367.2,4679.6204,2026-05-05 14:00:00
1777991400000,81367.2,81472.6,81061.4,81284.6,1790.9901,2026-05-05 14:30:00
1777993200000,81284.6,81630.3,81181.5,81570.3,2407.5465,2026-05-05 15:00:00
1777995000000,81570.4,81665.3,81453.4,81484.3,1585.1583,2026-05-05 15:30:00
1777996800000,81484.4,81573.6,81288.0,81378.8,1725.5117,2026-05-05 16:00:00
1777998600000,81378.7,81378.8,81000.0,81249.6,3108.3931,2026-05-05 16:30:00
1778000400000,81249.6,81435.4,81144.1,81372.1,1314.2242,2026-05-05 17:00:00
1778002200000,81372.2,81372.2,81210.0,81237.0,690.212,2026-05-05 17:30:00
1778004000000,81237.1,81588.0,81237.1,81418.0,1147.6367,2026-05-05 18:00:00
1778005800000,81418.1,81523.9,81370.0,81470.6,489.7886,2026-05-05 18:30:00
1778007600000,81470.6,81542.0,81361.9,81487.7,406.3978,2026-05-05 19:00:00
1778009400000,81487.7,81645.8,81468.9,81557.2,1208.6107,2026-05-05 19:30:00
1778011200000,81557.2,81792.4,81468.0,81524.8,2305.5704,2026-05-05 20:00:00
1778013000000,81524.8,81698.0,81504.5,81609.9,1346.6661,2026-05-05 20:30:00
1778014800000,81609.8,81750.0,81408.8,81428.0,1076.4428,2026-05-05 21:00:00
1778016600000,81428.0,81479.3,81268.6,81371.9,932.8173,2026-05-05 21:30:00
1778018400000,81371.9,81569.8,81280.0,81405.5,864.8251,2026-05-05 22:00:00
1778020200000,81405.5,81405.5,80762.1,81073.5,4264.4285,2026-05-05 22:30:00
1778022000000,81073.6,81180.4,80836.2,80847.6,1351.2793,2026-05-05 23:00:00
1778023800000,80847.7,80950.0,80738.6,80875.3,1369.4657,2026-05-05 23:30:00
1778025600000,80875.3,81224.0,80844.0,80879.1,1805.8429,2026-05-06 00:00:00
1778027400000,80879.0,81033.9,80653.9,80993.8,1437.9359,2026-05-06 00:30:00
1778029200000,80993.8,81311.9,80945.5,81204.2,1388.9219,2026-05-06 01:00:00
1778031000000,81204.2,81500.0,81190.0,81388.8,1444.744,2026-05-06 01:30:00
1778032800000,81388.8,81405.7,81072.3,81100.0,943.1296,2026-05-06 02:00:00
1778034600000,81100.1,81351.9,80995.2,81327.9,985.2583,2026-05-06 02:30:00
1778036400000,81327.9,81721.8,81313.2,81571.0,2694.0723,2026-05-06 03:00:00
1778038200000,81571.0,81655.5,81436.7,81535.9,1257.2588,2026-05-06 03:30:00
1778040000000,81536.0,81614.4,81383.0,81389.0,718.0441,2026-05-06 04:00:00
1778041800000,81389.0,81451.7,81207.2,81280.2,1490.4477,2026-05-06 04:30:00
1778043600000,81280.2,81300.0,81188.0,81216.5,841.7051,2026-05-06 05:00:00
1778045400000,81216.6,81299.4,81010.4,81287.0,1477.7449,2026-05-06 05:30:00
1778047200000,81287.0,81364.3,81166.7,81331.4,1366.591,2026-05-06 06:00:00
1778049000000,81331.3,81475.5,81304.3,81431.1,859.0804,2026-05-06 06:30:00
1778050800000,81431.0,81570.1,81413.8,81505.9,1498.4154,2026-05-06 07:00:00
1778052600000,81505.8,81505.9,81270.0,81333.8,900.1036,2026-05-06 07:30:00
1778054400000,81333.7,81597.0,81281.0,81537.7,1090.1095,2026-05-06 08:00:00
1778056200000,81537.8,81972.0,81537.7,81911.0,4884.1557,2026-05-06 08:30:00
1778058000000,81911.0,81935.5,81630.0,81725.0,2510.9132,2026-05-06 09:00:00
1778059800000,81725.0,82080.8,81712.9,81960.1,3699.5156,2026-05-06 09:30:00
1778061600000,81960.1,82210.0,81921.5,82147.7,3092.1828,2026-05-06 10:00:00
1778063400000,82147.7,82380.0,82093.6,82240.1,3418.197,2026-05-06 10:30:00
1778065200000,82240.1,82800.0,82211.1,82648.5,6679.9068,2026-05-06 11:00:00
1778067000000,82648.4,82740.0,82444.0,82489.9,2565.1932,2026-05-06 11:30:00
1778068800000,82490.0,82518.8,82153.2,82359.0,4092.0795,2026-05-06 12:00:00
1778070600000,82359.0,82410.8,82071.5,82189.2,2476.8364,2026-05-06 12:30:00
1778072400000,82189.2,82189.5,81790.0,81909.4,5453.9133,2026-05-06 13:00:00
1778074200000,81909.3,82020.0,81551.1,81631.8,4359.5929,2026-05-06 13:30:00
1778076000000,81631.7,81750.0,81090.5,81567.8,6853.782,2026-05-06 14:00:00
1778077800000,81567.8,81955.0,81440.9,81479.3,4190.7957,2026-05-06 14:30:00
1778079600000,81479.2,81786.4,81271.0,81616.0,2334.9104,2026-05-06 15:00:00
1778081400000,81616.0,81738.4,81441.8,81658.3,1235.3777,2026-05-06 15:30:00
1778083200000,81658.3,81853.8,81466.0,81466.0,1610.2355,2026-05-06 16:00:00
1778085000000,81466.0,81756.1,81380.0,81574.0,1224.4175,2026-05-06 16:30:00
1778086800000,81573.9,81659.4,81350.1,81424.3,1017.9114,2026-05-06 17:00:00
1778088600000,81424.2,81510.0,81340.0,81408.3,979.8639,2026-05-06 17:30:00
1778090400000,81408.3,81525.7,81210.0,81423.3,824.0554,2026-05-06 18:00:00
1778092200000,81423.3,81485.2,81241.5,81305.2,839.2656,2026-05-06 18:30:00
1778094000000,81305.1,81389.1,81157.6,81291.9,635.1593,2026-05-06 19:00:00
1778095800000,81291.9,81480.0,81222.4,81422.2,587.9315,2026-05-06 19:30:00
1778097600000,81422.1,81668.0,81401.4,81509.5,1061.4105,2026-05-06 20:00:00
1778099400000,81509.5,81530.1,81248.7,81383.8,726.8324,2026-05-06 20:30:00
1778101200000,81383.8,81465.2,81244.9,81406.7,315.0198,2026-05-06 21:00:00
1778103000000,81406.8,81566.4,81384.8,81499.9,404.2097,2026-05-06 21:30:00
1778104800000,81499.9,81502.8,81196.9,81208.7,734.3907,2026-05-06 22:00:00
1778106600000,81208.8,81365.4,81208.7,81294.1,511.0995,2026-05-06 22:30:00
1778108400000,81294.1,81360.7,80944.6,81340.9,2681.6938,2026-05-06 23:00:00
1778110200000,81340.9,81406.9,81270.1,81395.7,476.6434,2026-05-06 23:30:00
1778112000000,81395.7,81448.3,81184.1,81184.1,749.5148,2026-05-07 00:00:00
1778113800000,81184.1,81200.1,80910.0,80976.2,1708.1851,2026-05-07 00:30:00
1778115600000,80976.2,81196.9,80786.1,81180.0,2835.8928,2026-05-07 01:00:00
1778117400000,81179.9,81266.4,81093.4,81132.0,1296.1666,2026-05-07 01:30:00
1778119200000,81132.1,81144.0,80848.5,80880.9,1653.8525,2026-05-07 02:00:00
1778121000000,80880.9,81116.8,80855.9,81084.5,1071.7413,2026-05-07 02:30:00
1778122800000,81084.6,81084.6,80832.1,80944.9,841.7236,2026-05-07 03:00:00
1778124600000,80945.0,80980.0,80796.8,80808.0,1351.2914,2026-05-07 03:30:00
1778126400000,80808.0,80949.8,80666.1,80900.0,2203.4601,2026-05-07 04:00:00
1778128200000,80900.0,80950.0,80830.7,80949.9,521.1061,2026-05-07 04:30:00
1778130000000,80949.9,81133.8,80932.8,81066.4,1128.6653,2026-05-07 05:00:00
1778131800000,81066.5,81119.9,80960.1,81049.9,754.0266,2026-05-07 05:30:00
1778133600000,81050.0,81050.0,80846.5,80998.8,1013.9418,2026-05-07 06:00:00
1778135400000,80998.8,81411.0,80989.8,81405.7,2616.6343,2026-05-07 06:30:00
1778137200000,81405.7,81683.9,81352.0,81528.0,2614.9085,2026-05-07 07:00:00
1778139000000,81528.0,81669.8,81425.0,81482.1,1290.3355,2026-05-07 07:30:00
1778140800000,81482.2,81556.0,81274.0,81383.1,1168.3308,2026-05-07 08:00:00
1778142600000,81383.1,81450.0,81157.4,81188.3,996.8741,2026-05-07 08:30:00
1778144400000,81188.4,81190.0,80950.0,80998.9,1311.9031,2026-05-07 09:00:00
1778146200000,80998.9,81079.0,80810.0,80892.0,2873.7366,2026-05-07 09:30:00
1778148000000,80892.0,80978.5,80525.5,80573.9,2631.8481,2026-05-07 10:00:00
1778149800000,80574.0,80883.6,80557.3,80817.7,1380.3196,2026-05-07 10:30:00
1778151600000,80817.7,81025.6,80791.5,80853.6,1693.4155,2026-05-07 11:00:00
1778153400000,80853.6,80969.7,80749.9,80836.6,862.3925,2026-05-07 11:30:00
1778155200000,80836.5,81076.3,80802.9,81028.6,1115.1554,2026-05-07 12:00:00
1778157000000,81028.5,81155.0,80964.2,81118.2,949.7768,2026-05-07 12:30:00
1778158800000,81118.3,81121.0,80824.0,80925.3,1257.0686,2026-05-07 13:00:00
1778160600000,80925.3,80939.5,80221.0,80470.6,5631.4345,2026-05-07 13:30:00
1778162400000,80470.6,80654.7,80318.6,80379.7,2997.063,2026-05-07 14:00:00
1778164200000,80379.7,80414.4,80010.4,80143.5,5239.2896,2026-05-07 14:30:00
1778166000000,80143.5,80255.0,79640.7,79814.9,7065.9208,2026-05-07 15:00:00
1778167800000,79814.9,80034.2,79755.7,79862.2,2806.9811,2026-05-07 15:30:00
1778169600000,79862.1,79983.0,79658.3,79948.9,2927.8315,2026-05-07 16:00:00
1778171400000,79949.0,79980.0,79715.0,79763.5,1599.1332,2026-05-07 16:30:00
1778173200000,79763.5,79913.7,79421.0,79660.7,2847.2063,2026-05-07 17:00:00
1778175000000,79660.7,80112.5,79615.9,80056.3,1978.5571,2026-05-07 17:30:00
1778176800000,80056.3,80188.0,80039.4,80085.1,1462.6776,2026-05-07 18:00:00
1778178600000,80085.2,80235.0,79952.5,80160.1,1409.7819,2026-05-07 18:30:00
1778180400000,80160.1,80163.4,79894.3,79930.3,786.7491,2026-05-07 19:00:00
1778182200000,79930.3,80187.1,79930.3,80109.9,800.307,2026-05-07 19:30:00
1778184000000,80110.0,80352.1,80054.0,80134.7,983.7012,2026-05-07 20:00:00
1778185800000,80134.5,80134.5,79822.5,79847.0,916.6056,2026-05-07 20:30:00
1778187600000,79847.0,79899.9,79612.1,79899.9,1339.1609,2026-05-07 21:00:00
1778189400000,79899.8,79908.0,79688.0,79695.8,441.8781,2026-05-07 21:30:00
1778191200000,79695.7,79973.0,79540.6,79864.5,1393.2082,2026-05-07 22:00:00
1778193000000,79864.5,79918.8,79708.8,79878.5,623.6908,2026-05-07 22:30:00
1778194800000,79878.5,79976.6,79829.0,79912.7,529.3549,2026-05-07 23:00:00
1778196600000,79912.8,80036.3,79880.0,79979.2,611.666,2026-05-07 23:30:00
1778198400000,79979.2,80111.9,79940.0,79985.5,938.5238,2026-05-08 00:00:00
1778200200000,79985.6,80008.3,79688.0,79800.0,814.7733,2026-05-08 00:30:00
1778202000000,79800.0,79869.5,79570.9,79715.1,871.5373,2026-05-08 01:00:00
1778203800000,79715.1,79810.8,79668.0,79707.9,565.5093,2026-05-08 01:30:00
1778205600000,79708.0,79729.6,79305.6,79448.9,2828.3935,2026-05-08 02:00:00
1778207400000,79449.0,79630.1,79400.0,79440.1,1165.4632,2026-05-08 02:30:00
1778209200000,79440.1,79600.0,79118.7,79541.9,2773.9267,2026-05-08 03:00:00
1778211000000,79542.0,79631.9,79516.8,79535.0,907.0274,2026-05-08 03:30:00
1778212800000,79535.0,79720.0,79519.7,79690.0,773.1228,2026-05-08 04:00:00
1778214600000,79690.0,79699.9,79501.1,79614.9,797.6757,2026-05-08 04:30:00
1778216400000,79614.9,79622.0,79555.0,79585.1,427.9802,2026-05-08 05:00:00
1778218200000,79585.2,79750.0,79555.0,79555.0,664.9281,2026-05-08 05:30:00
1778220000000,79555.0,79613.6,79402.0,79505.0,1288.5031,2026-05-08 06:00:00
1778221800000,79505.1,79555.0,79366.6,79481.0,706.4338,2026-05-08 06:30:00
1778223600000,79481.1,79481.1,79205.9,79320.0,1330.8997,2026-05-08 07:00:00
1778225400000,79320.0,79695.4,79319.9,79636.3,1678.963,2026-05-08 07:30:00
1778227200000,79636.3,79740.0,79621.2,79711.4,1275.909,2026-05-08 08:00:00
1778229000000,79711.3,79951.0,79705.0,79850.0,1526.7386,2026-05-08 08:30:00
1778230800000,79849.9,80024.4,79781.8,79873.9,1750.9411,2026-05-08 09:00:00
1778232600000,79873.9,79901.4,79735.2,79828.4,1061.0184,2026-05-08 09:30:00
1778234400000,79828.3,79987.4,79731.6,79863.0,1134.3908,2026-05-08 10:00:00
1778236200000,79863.1,80249.0,79863.0,80177.6,2281.7427,2026-05-08 10:30:00
1778238000000,80177.7,80305.5,80151.3,80261.0,2424.4785,2026-05-08 11:00:00
1778239800000,80260.9,80296.1,80090.3,80193.2,942.1802,2026-05-08 11:30:00
1778241600000,80193.2,80279.2,80092.3,80279.2,1158.7853,2026-05-08 12:00:00
1778243400000,80279.2,80520.0,79922.0,79991.8,3749.5777,2026-05-08 12:30:00
1778245200000,79991.7,80058.8,79560.8,79571.1,3994.6581,2026-05-08 13:00:00
1778247000000,79571.0,79784.5,79500.0,79607.9,2665.4474,2026-05-08 13:30:00
1778248800000,79608.0,80428.1,79608.0,80024.0,5391.673,2026-05-08 14:00:00
1778250600000,80024.0,80262.9,79738.6,80112.1,2409.576,2026-05-08 14:30:00
1778252400000,80112.1,80175.4,79578.9,79678.8,2173.7079,2026-05-08 15:00:00
1778254200000,79678.8,80169.6,79584.9,80118.5,1849.4517,2026-05-08 15:30:00
1778256000000,80118.6,80164.2,79884.5,79908.9,1437.9907,2026-05-08 16:00:00
1778257800000,79908.9,79909.0,79706.5,79770.1,1855.1992,2026-05-08 16:30:00
1778259600000,79770.0,80008.8,79715.0,79968.1,1521.9044,2026-05-08 17:00:00
1778261400000,79968.1,80237.7,79932.7,80038.6,2196.4557,2026-05-08 17:30:00
1778263200000,80038.6,80272.7,80030.9,80196.9,1428.0126,2026-05-08 18:00:00
1778265000000,80196.9,80255.5,80034.2,80048.4,697.0468,2026-05-08 18:30:00
1778266800000,80048.4,80096.0,79888.7,79990.1,1029.7946,2026-05-08 19:00:00
1778268600000,79990.1,80149.8,79980.1,80141.6,431.7831,2026-05-08 19:30:00
1778270400000,80141.7,80259.7,80104.0,80222.0,532.4417,2026-05-08 20:00:00
1778272200000,80222.0,80237.4,80038.9,80100.0,357.0023,2026-05-08 20:30:00
1778274000000,80100.0,80200.0,80074.8,80158.4,302.9611,2026-05-08 21:00:00
1778275800000,80158.4,80223.8,80125.9,80215.9,239.1951,2026-05-08 21:30:00
1778277600000,80215.8,80367.2,80187.9,80311.1,884.687,2026-05-08 22:00:00
1778279400000,80311.0,80335.0,80229.7,80235.0,436.009,2026-05-08 22:30:00
1778281200000,80235.0,80250.0,80105.4,80151.7,519.3139,2026-05-08 23:00:00
1778283000000,80151.6,80162.9,80051.4,80152.4,394.0284,2026-05-08 23:30:00
1778284800000,80152.5,80175.0,80089.7,80117.1,381.8978,2026-05-09 00:00:00
1778286600000,80117.1,80212.6,80117.1,80203.3,342.8336,2026-05-09 00:30:00
1778288400000,80203.3,80316.8,80180.0,80235.5,447.1064,2026-05-09 01:00:00
1778290200000,80235.5,80410.0,80235.3,80285.0,699.7817,2026-05-09 01:30:00
1778292000000,80285.1,80436.8,80285.0,80393.3,707.0196,2026-05-09 02:00:00
1778293800000,80393.4,80440.0,80333.3,80384.0,368.087,2026-05-09 02:30:00
1778295600000,80384.0,80541.8,80325.2,80390.9,838.0256,2026-05-09 03:00:00
1778297400000,80390.9,80391.0,80263.6,80346.1,478.9135,2026-05-09 03:30:00
1778299200000,80346.2,80649.9,80346.2,80435.7,1974.4324,2026-05-09 04:00:00
1778301000000,80435.7,80442.9,80331.0,80351.4,753.2062,2026-05-09 04:30:00
1778302800000,80351.5,80435.0,80315.0,80407.7,518.6346,2026-05-09 05:00:00
1778304600000,80407.7,80455.0,80336.0,80340.1,398.8945,2026-05-09 05:30:00
1778306400000,80340.1,80404.5,80259.1,80277.5,649.7776,2026-05-09 06:00:00
1778308200000,80277.4,80323.0,80161.0,80221.8,1270.6471,2026-05-09 06:30:00
1778310000000,80221.9,80270.7,80090.0,80208.6,767.7579,2026-05-09 07:00:00
1778311800000,80208.6,80249.7,80140.9,80190.0,542.1829,2026-05-09 07:30:00
1778313600000,80190.1,80380.0,80175.2,80355.9,1019.5127,2026-05-09 08:00:00
1778315400000,80356.0,80415.8,80342.8,80369.1,503.0676,2026-05-09 08:30:00
1778317200000,80369.1,80373.9,80190.1,80218.6,540.2853,2026-05-09 09:00:00
1778319000000,80218.7,80239.6,80170.0,80200.0,379.9297,2026-05-09 09:30:00
1778320800000,80200.0,80216.0,80120.1,80164.6,735.7568,2026-05-09 10:00:00
1778322600000,80164.6,80312.3,80164.6,80223.8,388.3972,2026-05-09 10:30:00
1778324400000,80223.9,80333.0,80207.1,80300.9,423.2298,2026-05-09 11:00:00
1778326200000,80301.0,80328.8,80292.8,80303.4,216.0474,2026-05-09 11:30:00
1778328000000,80303.5,80373.0,80220.0,80367.9,472.0637,2026-05-09 12:00:00
1778329800000,80367.9,80368.0,80288.4,80363.2,332.9066,2026-05-09 12:30:00
1778331600000,80363.2,80368.0,80300.3,80310.4,336.4422,2026-05-09 13:00:00
1778333400000,80310.4,80355.1,80268.0,80355.1,254.6183,2026-05-09 13:30:00
1778335200000,80355.1,80388.7,80200.5,80278.3,870.8943,2026-05-09 14:00:00
1778337000000,80278.2,80337.3,80200.2,80286.4,685.7614,2026-05-09 14:30:00
1778338800000,80286.3,80369.0,80182.5,80362.7,1211.0541,2026-05-09 15:00:00
1778340600000,80362.6,80569.1,80362.6,80484.7,1501.4774,2026-05-09 15:30:00
1778342400000,80484.8,80770.7,80439.4,80618.2,2726.5025,2026-05-09 16:00:00
1778344200000,80618.2,80618.3,80550.0,80580.0,856.4615,2026-05-09 16:30:00
1778346000000,80580.0,80825.0,80580.0,80786.7,1955.1294,2026-05-09 17:00:00
1778347800000,80786.6,80895.0,80695.0,80771.5,1144.1935,2026-05-09 17:30:00
1778349600000,80771.5,81044.5,80746.8,81000.0,1530.0139,2026-05-09 18:00:00
1778351400000,81000.1,81047.8,80830.3,80880.0,1286.8548,2026-05-09 18:30:00
1778353200000,80880.1,80900.2,80742.0,80796.5,721.6571,2026-05-09 19:00:00
1778355000000,80796.6,80932.7,80759.7,80900.0,439.9812,2026-05-09 19:30:00
1778356800000,80900.0,80908.9,80730.0,80754.7,402.9416,2026-05-09 20:00:00
1778358600000,80754.7,80788.0,80700.2,80768.4,244.8108,2026-05-09 20:30:00
1778360400000,80768.3,80873.1,80742.6,80783.5,441.1402,2026-05-09 21:00:00
1778362200000,80783.5,80784.0,80705.1,80740.0,266.251,2026-05-09 21:30:00
1778364000000,80740.1,80762.8,80683.8,80720.5,269.051,2026-05-09 22:00:00
1778365800000,80720.5,80785.8,80631.4,80731.0,403.2576,2026-05-09 22:30:00
1778367600000,80731.0,80814.3,80618.0,80630.0,407.5862,2026-05-09 23:00:00
1778369400000,80630.0,80660.0,80583.8,80631.6,294.473,2026-05-09 23:30:00
1778371200000,80631.6,80740.0,80588.0,80672.3,546.4244,2026-05-10 00:00:00
1778373000000,80672.3,80742.0,80592.2,80638.3,350.6183,2026-05-10 00:30:00
1778374800000,80638.2,80638.3,80537.7,80566.1,597.9675,2026-05-10 01:00:00
1778376600000,80566.2,80655.0,80534.5,80645.7,336.5776,2026-05-10 01:30:00
1778378400000,80645.8,80720.8,80571.9,80695.7,445.2949,2026-05-10 02:00:00
1778380200000,80695.7,80755.0,80662.9,80746.3,418.37,2026-05-10 02:30:00
1778382000000,80746.3,80799.0,80700.0,80709.9,446.4985,2026-05-10 03:00:00
1778383800000,80709.9,80847.0,80666.0,80731.5,601.0285,2026-05-10 03:30:00
1778385600000,80731.4,80774.0,80713.0,80758.4,257.6302,2026-05-10 04:00:00
1778387400000,80758.4,80808.0,80688.2,80721.4,319.0705,2026-05-10 04:30:00
1778389200000,80721.4,80777.1,80687.0,80728.8,217.1797,2026-05-10 05:00:00
1778391000000,80728.7,80762.5,80631.5,80660.1,357.9867,2026-05-10 05:30:00
1778392800000,80660.0,80704.3,80620.0,80620.1,267.368,2026-05-10 06:00:00
1778394600000,80620.0,80726.3,80620.0,80709.2,469.0684,2026-05-10 06:30:00
1778396400000,80709.2,80760.6,80680.1,80744.1,353.651,2026-05-10 07:00:00
1778398200000,80744.1,80750.6,80690.0,80700.1,212.8865,2026-05-10 07:30:00
1778400000000,80700.1,80875.8,80672.2,80839.9,667.357,2026-05-10 08:00:00
1778401800000,80840.0,80900.0,80764.8,80803.6,626.3654,2026-05-10 08:30:00
1778403600000,80803.7,80895.2,80782.1,80794.4,499.2684,2026-05-10 09:00:00
1778405400000,80794.4,80800.0,80715.0,80774.9,448.6161,2026-05-10 09:30:00
1778407200000,80774.9,80808.8,80650.1,80777.5,984.7793,2026-05-10 10:00:00
1778409000000,80777.5,80850.0,80732.6,80840.1,354.0973,2026-05-10 10:30:00
1778410800000,80840.1,80936.3,80707.0,80765.9,973.511,2026-05-10 11:00:00
1778412600000,80765.8,80816.0,80750.0,80781.6,296.5549,2026-05-10 11:30:00
1778414400000,80781.7,80910.4,80732.2,80881.0,397.3225,2026-05-10 12:00:00
1778416200000,80881.0,80915.0,80828.2,80882.0,470.9481,2026-05-10 12:30:00
1778418000000,80882.0,80975.0,80820.8,80933.5,656.654,2026-05-10 13:00:00
1778419800000,80933.4,80965.0,80889.5,80929.9,400.4394,2026-05-10 13:30:00
1778421600000,80930.0,80944.4,80846.6,80872.9,357.7003,2026-05-10 14:00:00
1778423400000,80872.9,80960.0,80759.5,80938.8,874.1333,2026-05-10 14:30:00
1778425200000,80938.7,81091.8,80888.0,80920.2,1329.1203,2026-05-10 15:00:00
1778427000000,80920.0,81435.4,80907.2,81374.5,3663.3708,2026-05-10 15:30:00
1778428800000,81374.6,81464.3,81207.4,81225.2,2464.3134,2026-05-10 16:00:00
1778430600000,81225.2,81333.0,81150.1,81332.2,994.6835,2026-05-10 16:30:00
1778432400000,81332.3,81399.9,81172.5,81341.7,950.1313,2026-05-10 17:00:00
1778434200000,81341.8,81550.0,81244.0,81439.7,1392.7033,2026-05-10 17:30:00
1778436000000,81439.7,81459.6,81280.5,81320.9,645.4804,2026-05-10 18:00:00
1778437800000,81320.9,81377.9,81188.2,81225.4,510.3555,2026-05-10 18:30:00
1778439600000,81225.4,81442.1,81104.0,81438.3,853.7353,2026-05-10 19:00:00
1778441400000,81438.3,81438.4,81286.3,81393.1,291.8792,2026-05-10 19:30:00
1778443200000,81393.2,81415.9,80980.2,81103.2,1487.2906,2026-05-10 20:00:00
1778445000000,81103.3,81103.3,80228.0,80696.2,4734.0168,2026-05-10 20:30:00
1778446800000,80696.2,80907.7,80514.0,80796.0,2885.5225,2026-05-10 21:00:00
1778448600000,80796.0,80896.7,80666.0,80671.2,854.7645,2026-05-10 21:30:00
1778450400000,80671.1,81677.0,80621.0,81455.1,4549.4081,2026-05-10 22:00:00
1778452200000,81455.0,82166.7,81415.4,82016.0,7137.203,2026-05-10 22:30:00
1778454000000,82015.9,82464.1,82015.9,82206.9,4952.0731,2026-05-10 23:00:00
1778455800000,82206.9,82385.0,82050.0,82182.8,1714.4319,2026-05-10 23:30:00
1778457600000,82182.9,82364.3,81372.3,81648.3,4936.4678,2026-05-11 00:00:00
1778459400000,81648.2,81800.0,81250.0,81442.9,2471.4322,2026-05-11 00:30:00
1778461200000,81442.9,81736.3,81256.1,81590.5,1853.457,2026-05-11 01:00:00
1778463000000,81590.5,81658.2,81365.0,81471.5,1063.3573,2026-05-11 01:30:00
1778464800000,81471.6,81546.6,81095.5,81203.4,1661.5942,2026-05-11 02:00:00
1778466600000,81203.4,81250.0,81080.1,81155.5,989.0663,2026-05-11 02:30:00
1778468400000,81155.6,81169.6,80509.1,80570.4,5682.7384,2026-05-11 03:00:00
1778470200000,80570.4,80747.4,80500.0,80700.7,1592.2821,2026-05-11 03:30:00
1778472000000,80700.8,80762.1,80612.7,80731.9,940.0408,2026-05-11 04:00:00
1778473800000,80731.9,80864.5,80686.8,80780.1,792.387,2026-05-11 04:30:00
1778475600000,80780.0,80940.6,80770.0,80933.0,688.7452,2026-05-11 05:00:00
1778477400000,80932.9,80950.0,80729.0,80808.0,909.6993,2026-05-11 05:30:00
1778479200000,80807.9,81021.7,80761.8,80950.6,764.148,2026-05-11 06:00:00
1778481000000,80950.5,80989.3,80725.7,80797.0,744.436,2026-05-11 06:30:00
1778482800000,80797.1,80805.1,80650.0,80708.1,705.1066,2026-05-11 07:00:00
1778484600000,80708.1,80759.2,80634.9,80706.3,738.1913,2026-05-11 07:30:00
1778486400000,80706.3,80762.2,80601.4,80601.4,1015.4757,2026-05-11 08:00:00
1778488200000,80601.5,80838.5,80577.5,80725.0,743.4882,2026-05-11 08:30:00
1778490000000,80724.9,80917.1,80716.9,80875.7,674.8209,2026-05-11 09:00:00
1778491800000,80875.8,80968.9,80811.2,80918.8,740.5141,2026-05-11 09:30:00
1778493600000,80918.8,81155.0,80906.3,81132.9,1295.4304,2026-05-11 10:00:00
1778495400000,81132.9,81157.1,80859.5,80894.1,1174.3023,2026-05-11 10:30:00
1778497200000,80894.1,81112.9,80848.1,81055.0,730.8548,2026-05-11 11:00:00
1778499000000,81055.0,81153.0,81054.7,81152.9,532.5673,2026-05-11 11:30:00
1778500800000,81153.0,81326.0,81020.0,81260.2,2096.4911,2026-05-11 12:00:00
1778502600000,81260.1,81319.9,80978.5,81013.9,1515.5459,2026-05-11 12:30:00
1778504400000,81013.9,81296.4,81012.9,81113.0,1222.0095,2026-05-11 13:00:00
1778506200000,81113.0,81230.0,80722.1,81030.8,3855.8646,2026-05-11 13:30:00
1778508000000,81030.9,81221.4,80674.1,80706.1,2006.1854,2026-05-11 14:00:00
1778509800000,80706.2,80944.3,80404.5,80910.1,3682.4728,2026-05-11 14:30:00
1778511600000,80910.1,81390.0,80788.1,81306.3,2729.9832,2026-05-11 15:00:00
1778513400000,81306.4,81434.8,81171.7,81405.4,1526.8268,2026-05-11 15:30:00
1778515200000,81405.5,81834.7,81303.1,81734.5,4156.1554,2026-05-11 16:00:00
1778517000000,81734.4,81879.7,81508.6,81534.2,3289.8602,2026-05-11 16:30:00
1778518800000,81534.2,81638.2,81321.8,81593.0,1557.3027,2026-05-11 17:00:00
1778520600000,81592.9,82033.2,81550.0,81893.0,2551.4323,2026-05-11 17:30:00
1778522400000,81893.1,82065.9,81769.5,81990.2,1746.6922,2026-05-11 18:00:00
1778524200000,81990.2,82100.0,81782.0,81820.8,1486.2957,2026-05-11 18:30:00
1778526000000,81820.8,82046.2,81670.3,81859.7,1565.786,2026-05-11 19:00:00
1778527800000,81859.8,82055.0,81800.0,81916.1,867.4667,2026-05-11 19:30:00
1778529600000,81916.1,82032.2,81804.3,81858.9,960.7725,2026-05-11 20:00:00
1778531400000,81858.9,81888.8,81688.0,81774.9,670.6146,2026-05-11 20:30:00
1778533200000,81775.0,81844.4,81580.2,81590.7,472.3768,2026-05-11 21:00:00
1778535000000,81590.7,81861.6,81537.5,81779.2,710.3948,2026-05-11 21:30:00
1778536800000,81779.2,81929.4,81688.8,81696.4,787.7423,2026-05-11 22:00:00
1778538600000,81696.3,81877.1,81694.7,81791.0,376.6891,2026-05-11 22:30:00
1778540400000,81791.0,81791.1,81562.4,81586.5,559.4828,2026-05-11 23:00:00
1778542200000,81586.4,81777.0,81578.0,81696.6,410.0306,2026-05-11 23:30:00
1778544000000,81696.6,81751.1,81457.7,81523.9,1130.871,2026-05-12 00:00:00
1778545800000,81523.8,81614.6,81432.9,81505.8,699.9479,2026-05-12 00:30:00
1778547600000,81505.7,81580.0,81207.2,81326.2,1959.2563,2026-05-12 01:00:00
1778549400000,81326.2,81326.2,80666.0,81151.0,5768.5049,2026-05-12 01:30:00
1778551200000,81151.0,81302.5,81032.0,81236.0,1404.5002,2026-05-12 02:00:00
1778553000000,81236.0,81257.3,81072.1,81226.4,647.838,2026-05-12 02:30:00
1778554800000,81226.3,81266.9,81104.6,81126.8,574.068,2026-05-12 03:00:00
1778556600000,81126.8,81187.1,80987.0,81020.4,736.3408,2026-05-12 03:30:00
1778558400000,81020.5,81197.0,80962.7,81171.3,1001.691,2026-05-12 04:00:00
1778560200000,81171.3,81275.0,81162.5,81178.9,597.2205,2026-05-12 04:30:00
1778562000000,81178.9,81259.1,81157.8,81254.7,490.0096,2026-05-12 05:00:00
1778563800000,81254.7,81287.3,81150.9,81181.1,508.6758,2026-05-12 05:30:00
1778565600000,81181.0,81279.5,81139.0,81178.0,667.5284,2026-05-12 06:00:00
1778567400000,81178.1,81188.2,80970.7,80985.1,1342.6254,2026-05-12 06:30:00
1778569200000,80985.0,81096.6,80800.2,80980.0,2863.5522,2026-05-12 07:00:00
1778571000000,80980.0,81057.9,80770.7,80809.9,1798.4801,2026-05-12 07:30:00
1778572800000,80810.0,80900.0,80710.0,80830.3,1507.2106,2026-05-12 08:00:00
1778574600000,80830.3,80924.9,80800.0,80800.2,951.1948,2026-05-12 08:30:00
1778576400000,80800.1,80857.0,80667.8,80704.9,1296.0716,2026-05-12 09:00:00
1778578200000,80705.0,80916.1,80705.0,80795.1,1121.6298,2026-05-12 09:30:00
1778580000000,80795.1,80803.2,80639.0,80683.3,1107.313,2026-05-12 10:00:00
1778581800000,80683.3,80706.9,80568.0,80630.9,1371.4366,2026-05-12 10:30:00
1778583600000,80630.9,80661.4,80457.8,80591.6,1688.252,2026-05-12 11:00:00
1778585400000,80591.6,80738.0,80591.5,80733.3,1087.8576,2026-05-12 11:30:00
1778587200000,80733.3,80823.1,80644.0,80779.1,1532.305,2026-05-12 12:00:00
1778589000000,80779.1,80962.0,80569.0,80835.6,3464.3211,2026-05-12 12:30:00
1778590800000,80835.7,80888.0,80581.5,80616.8,2082.4541,2026-05-12 13:00:00
1778592600000,80616.9,80842.9,80338.3,80418.1,4500.719,2026-05-12 13:30:00
1778594400000,80418.0,80800.0,80338.3,80601.2,3415.6431,2026-05-12 14:00:00
1778596200000,80601.1,80846.9,80366.0,80502.0,3803.8264,2026-05-12 14:30:00
1778598000000,80501.9,80623.0,80135.0,80175.4,3806.567,2026-05-12 15:00:00
1778599800000,80175.5,80432.7,80175.4,80286.8,2223.7712,2026-05-12 15:30:00
1778601600000,80286.9,80392.2,80140.0,80242.2,2209.7951,2026-05-12 16:00:00
1778603400000,80242.2,80298.8,79779.0,79949.9,4893.9439,2026-05-12 16:30:00
1778605200000,79950.0,80404.0,79900.0,80381.7,2868.5419,2026-05-12 17:00:00
1778607000000,80381.7,80545.0,80370.2,80473.2,1585.2075,2026-05-12 17:30:00
1778608800000,80473.2,80528.0,80375.0,80457.2,854.1356,2026-05-12 18:00:00
1778610600000,80457.1,80724.1,80448.2,80628.9,1306.825,2026-05-12 18:30:00
1778612400000,80629.0,80800.0,80622.8,80665.5,1256.7254,2026-05-12 19:00:00
1778614200000,80665.5,80829.8,80665.5,80788.5,978.4246,2026-05-12 19:30:00
1778616000000,80788.5,80843.1,80686.4,80767.9,570.8314,2026-05-12 20:00:00
1778617800000,80767.8,80767.9,80593.0,80651.1,467.8583,2026-05-12 20:30:00
1778619600000,80651.1,80700.0,80589.9,80620.0,521.5228,2026-05-12 21:00:00
1778621400000,80620.0,80620.0,80444.0,80542.2,530.0996,2026-05-12 21:30:00
1778623200000,80542.3,80755.3,80542.3,80611.1,786.4903,2026-05-12 22:00:00
1778625000000,80611.1,80681.8,80575.0,80604.9,309.7933,2026-05-12 22:30:00
1778626800000,80605.0,80671.4,80531.0,80616.2,519.744,2026-05-12 23:00:00
1778628600000,80616.2,80620.0,80387.8,80460.2,641.2853,2026-05-12 23:30:00
1778630400000,80460.2,80717.9,80363.5,80611.0,850.0262,2026-05-13 00:00:00
1778632200000,80610.9,80736.1,80564.9,80670.0,725.7644,2026-05-13 00:30:00
1778634000000,80670.1,81091.6,80633.6,81016.1,2342.5871,2026-05-13 01:00:00
1778635800000,81016.1,81167.9,80928.9,80959.5,1614.1424,2026-05-13 01:30:00
1778637600000,80959.5,81234.9,80888.0,81088.2,1416.5013,2026-05-13 02:00:00
1778639400000,81088.1,81106.2,80973.5,81019.0,698.6694,2026-05-13 02:30:00
1778641200000,81019.0,81069.3,80938.6,81060.4,745.6041,2026-05-13 03:00:00
1778643000000,81060.4,81274.3,81032.4,81211.9,1439.777,2026-05-13 03:30:00
1778644800000,81212.0,81228.4,81068.4,81175.0,1123.2531,2026-05-13 04:00:00
1778646600000,81174.9,81250.0,81145.0,81200.0,832.3558,2026-05-13 04:30:00
1778648400000,81199.9,81210.7,81051.1,81089.8,696.3309,2026-05-13 05:00:00
1778650200000,81089.8,81102.7,80952.7,80993.4,1111.2699,2026-05-13 05:30:00
1778652000000,80993.3,81130.9,80959.0,81068.6,912.7271,2026-05-13 06:00:00
1778653800000,81068.6,81084.7,80935.9,80943.7,589.2726,2026-05-13 06:30:00
1778655600000,80943.7,81013.0,80860.7,80882.1,633.4059,2026-05-13 07:00:00
1778657400000,80882.1,81002.9,80851.0,80983.3,972.4295,2026-05-13 07:30:00
1778659200000,80983.3,81088.0,80923.1,81000.0,1147.0426,2026-05-13 08:00:00
1778661000000,81000.1,81166.0,80902.6,81159.4,1629.7913,2026-05-13 08:30:00
1778662800000,81159.3,81320.1,81100.0,81130.1,2140.8045,2026-05-13 09:00:00
1778664600000,81130.1,81266.8,81130.0,81256.9,877.0252,2026-05-13 09:30:00
1778666400000,81256.9,81271.5,80941.6,80941.6,1504.9708,2026-05-13 10:00:00
1778668200000,80941.6,81016.0,80768.6,80778.8,1950.3518,2026-05-13 10:30:00
1778670000000,80778.8,80825.0,80515.8,80539.3,2962.2048,2026-05-13 11:00:00
1778671800000,80539.4,80666.0,80462.0,80468.3,1196.4556,2026-05-13 11:30:00
1778673600000,80468.3,80565.7,80136.0,80322.5,3338.5984,2026-05-13 12:00:00
1778675400000,80322.5,80328.6,79814.3,80159.1,5906.8793,2026-05-13 12:30:00
1778677200000,80159.2,80317.0,80103.5,80110.1,1827.3412,2026-05-13 13:00:00
1778679000000,80110.1,80176.8,79543.0,79620.1,6838.3257,2026-05-13 13:30:00
1778680800000,79620.1,79863.2,79420.0,79815.6,4230.1138,2026-05-13 14:00:00
1778682600000,79815.6,79825.5,79621.7,79727.4,1499.6887,2026-05-13 14:30:00
1778684400000,79727.4,79823.0,79216.5,79250.0,4873.513,2026-05-13 15:00:00
1778686200000,79250.0,79332.8,78764.1,78800.1,7607.9201,2026-05-13 15:30:00
1778688000000,78800.1,79038.0,78721.5,79028.0,4929.8822,2026-05-13 16:00:00
1778689800000,79027.9,79200.1,79006.0,79081.7,2230.5272,2026-05-13 16:30:00
1778691600000,79081.8,79344.1,79074.3,79310.5,1949.6621,2026-05-13 17:00:00
1778693400000,79310.6,79539.8,79300.0,79477.1,1864.0286,2026-05-13 17:30:00
1778695200000,79477.1,79768.0,79477.1,79720.0,1900.66,2026-05-13 18:00:00
1778697000000,79719.9,79766.0,79514.7,79557.4,930.4935,2026-05-13 18:30:00
1778698800000,79557.4,79580.7,79360.0,79460.8,1067.992,2026-05-13 19:00:00
1778700600000,79460.8,79619.0,79420.5,79607.7,1039.3931,2026-05-13 19:30:00
1778702400000,79607.7,79728.4,79590.7,79590.7,859.955,2026-05-13 20:00:00
1778704200000,79590.7,79727.6,79590.7,79676.7,463.7856,2026-05-13 20:30:00
1778706000000,79676.6,79676.7,79301.3,79392.3,964.9752,2026-05-13 21:00:00
1778707800000,79392.2,79491.3,79336.6,79362.3,444.9596,2026-05-13 21:30:00
1778709600000,79362.3,79416.7,79170.8,79287.9,928.6626,2026-05-13 22:00:00
1778711400000,79287.9,79440.0,79206.7,79394.1,548.1716,2026-05-13 22:30:00
1778713200000,79394.2,79470.0,79260.6,79323.9,716.7924,2026-05-13 23:00:00
1778715000000,79323.9,79348.0,79199.3,79288.2,442.8111,2026-05-13 23:30:00
1778716800000,79288.2,79565.9,79280.7,79423.3,1103.8676,2026-05-14 00:00:00
1778718600000,79423.4,79658.2,79423.4,79535.7,1169.1547,2026-05-14 00:30:00
1778720400000,79535.6,79650.8,79463.4,79511.6,891.0401,2026-05-14 01:00:00
1778722200000,79511.5,79638.0,79341.3,79560.4,904.1763,2026-05-14 01:30:00
1778724000000,79560.3,79638.3,79516.5,79623.7,799.4488,2026-05-14 02:00:00
1778725800000,79623.7,79623.7,79174.3,79324.7,1828.965,2026-05-14 02:30:00
1778727600000,79324.7,79416.6,78915.5,79288.8,3160.365,2026-05-14 03:00:00
1778729400000,79288.8,79374.0,78863.0,79008.1,2039.6776,2026-05-14 03:30:00
1778731200000,79008.2,79333.6,78940.0,79288.7,1275.9658,2026-05-14 04:00:00
1778733000000,79288.6,79444.7,79275.6,79411.2,1090.9868,2026-05-14 04:30:00
1778734800000,79411.2,79578.8,79337.2,79559.9,1311.4642,2026-05-14 05:00:00
1778736600000,79559.9,79970.0,79559.9,79775.9,3371.5226,2026-05-14 05:30:00
1778738400000,79776.0,79912.5,79766.0,79788.0,1277.181,2026-05-14 06:00:00
1778740200000,79788.0,79860.9,79716.8,79772.3,1048.5623,2026-05-14 06:30:00
1778742000000,79772.3,79834.7,79663.0,79755.7,991.142,2026-05-14 07:00:00
1778743800000,79755.6,79900.0,79700.6,79708.2,925.5756,2026-05-14 07:30:00
1778745600000,79708.2,79850.0,79587.2,79740.1,1367.6859,2026-05-14 08:00:00
1778747400000,79740.1,79908.0,79737.4,79782.5,1095.7488,2026-05-14 08:30:00
1778749200000,79782.5,79882.6,79690.3,79701.0,983.7074,2026-05-14 09:00:00
1778751000000,79701.0,79713.0,79535.0,79600.0,1426.529,2026-05-14 09:30:00
1778752800000,79599.9,79740.6,79528.5,79660.3,1274.4817,2026-05-14 10:00:00
1778754600000,79660.3,79660.3,79370.5,79542.3,1465.3686,2026-05-14 10:30:00
1778756400000,79542.3,79580.0,79214.4,79327.9,1220.1414,2026-05-14 11:00:00
1778758200000,79327.9,79375.6,79190.1,79225.0,1088.2611,2026-05-14 11:30:00
1778760000000,79225.0,79428.3,79199.2,79397.0,1043.7858,2026-05-14 12:00:00
1778761800000,79397.1,79746.9,79366.1,79730.1,2906.2917,2026-05-14 12:30:00
1778763600000,79730.2,80043.7,79674.0,79912.9,3273.3682,2026-05-14 13:00:00
1778765400000,79912.9,80012.5,79619.5,79655.7,3426.2571,2026-05-14 13:30:00
1778767200000,79655.7,80221.9,79516.9,80110.2,6030.5799,2026-05-14 14:00:00
1778769000000,80110.1,80975.9,80050.0,80917.7,8356.9061,2026-05-14 14:30:00
1778770800000,80917.7,81130.6,80759.1,80946.1,6776.0645,2026-05-14 15:00:00
1778772600000,80946.2,81286.8,80770.0,81241.8,3953.3585,2026-05-14 15:30:00
1778774400000,81241.9,81566.2,81241.8,81499.9,6724.3017,2026-05-14 16:00:00
1778776200000,81500.0,81874.2,81015.6,81840.1,6078.7904,2026-05-14 16:30:00
1778778000000,81840.1,82001.0,81228.8,81426.8,8097.8462,2026-05-14 17:00:00
1778779800000,81426.8,81757.3,81391.5,81633.0,2517.2504,2026-05-14 17:30:00
1778781600000,81633.0,81925.7,81437.3,81822.7,2321.9527,2026-05-14 18:00:00
1778783400000,81822.8,81837.4,81388.7,81539.9,2013.8475,2026-05-14 18:30:00
1778785200000,81539.9,81675.0,81280.0,81307.0,1417.7185,2026-05-14 19:00:00
1778787000000,81307.0,81445.2,81292.3,81380.8,1030.3073,2026-05-14 19:30:00
1778788800000,81380.9,81550.0,81181.7,81241.1,975.17,2026-05-14 20:00:00
1778790600000,81241.1,81433.1,81125.4,81388.0,1064.0352,2026-05-14 20:30:00
1778792400000,81387.9,81450.5,81228.3,81387.1,685.7608,2026-05-14 21:00:00
1778794200000,81387.1,81497.9,81333.7,81360.7,469.1303,2026-05-14 21:30:00
1778796000000,81360.7,81472.1,81300.0,81409.2,410.7401,2026-05-14 22:00:00
1778797800000,81409.3,81523.6,81388.6,81421.9,654.0001,2026-05-14 22:30:00
1778799600000,81421.9,81421.9,81138.6,81327.6,1244.7564,2026-05-14 23:00:00
1778801400000,81327.6,81332.3,81012.0,81060.0,1029.0137,2026-05-14 23:30:00
1778803200000,81059.9,81454.9,81030.0,81420.0,1328.0715,2026-05-15 00:00:00
1778805000000,81420.0,81630.5,81224.5,81471.8,1605.1418,2026-05-15 00:30:00
1778806800000,81471.8,81583.3,81336.6,81336.7,933.6116,2026-05-15 01:00:00
1778808600000,81336.7,81449.3,81056.1,81088.0,1709.3419,2026-05-15 01:30:00
1778810400000,81088.0,81164.3,80818.0,80868.2,3927.2993,2026-05-15 02:00:00
1778812200000,80868.1,81315.9,80691.6,81261.3,3482.4916,2026-05-15 02:30:00
1778814000000,81261.3,81309.6,81090.8,81219.1,1238.9869,2026-05-15 03:00:00
1778815800000,81219.2,81219.2,80868.3,81021.1,2231.5918,2026-05-15 03:30:00
1778817600000,81021.2,81067.7,80862.1,80871.1,1114.5111,2026-05-15 04:00:00
1778819400000,80871.0,81000.0,80660.0,80693.1,1405.0769,2026-05-15 04:30:00
1778821200000,80693.1,80849.9,80616.4,80761.6,1473.1637,2026-05-15 05:00:00
1778823000000,80761.7,80787.1,80251.5,80322.3,5379.2484,2026-05-15 05:30:00
1778824800000,80322.3,80486.0,80275.0,80486.0,1810.0415,2026-05-15 06:00:00
1778826600000,80486.0,80600.0,80457.3,80553.0,1542.2467,2026-05-15 06:30:00
1778828400000,80553.0,80984.8,80523.2,80880.3,3120.0906,2026-05-15 07:00:00
1778830200000,80880.3,80885.1,80705.9,80787.2,1799.6502,2026-05-15 07:30:00
1778832000000,80787.2,80799.9,80485.0,80508.6,1782.1978,2026-05-15 08:00:00
1778833800000,80508.5,80688.0,80370.1,80614.0,1212.8428,2026-05-15 08:30:00
1778835600000,80614.0,80648.8,80422.0,80542.4,883.3812,2026-05-15 09:00:00
1778837400000,80542.4,80613.9,80333.0,80458.6,1519.1932,2026-05-15 09:30:00
1778839200000,80458.5,80577.2,80370.6,80480.7,1044.8642,2026-05-15 10:00:00
1778841000000,80480.8,80744.5,80403.3,80684.4,1698.5243,2026-05-15 10:30:00
1778842800000,80684.5,80728.3,80559.9,80595.8,806.1669,2026-05-15 11:00:00
1778844600000,80595.8,80678.3,80555.0,80592.0,511.3924,2026-05-15 11:30:00
1778846400000,80591.9,80609.6,80338.0,80499.9,2108.7996,2026-05-15 12:00:00
1778848200000,80499.9,80526.6,80279.3,80353.7,1645.249,2026-05-15 12:30:00
1778850000000,80353.7,80354.5,79956.7,79972.0,4805.1541,2026-05-15 13:00:00
1778851800000,79972.1,79979.9,78628.8,78709.5,18664.6166,2026-05-15 13:30:00
1778853600000,78709.5,79312.2,78588.2,79037.9,8331.195,2026-05-15 14:00:00
1778855400000,79037.8,79274.4,78900.3,79110.1,2905.1903,2026-05-15 14:30:00
1778857200000,79110.0,79333.0,79036.5,79100.0,2055.8112,2026-05-15 15:00:00
1778859000000,79100.0,79205.1,78970.0,79117.2,1445.0193,2026-05-15 15:30:00
1778860800000,79117.1,79275.5,79067.0,79274.0,1253.1217,2026-05-15 16:00:00
1778862600000,79274.0,79348.5,79100.0,79254.3,1535.1813,2026-05-15 16:30:00
1778864400000,79254.4,79420.0,79183.5,79333.0,1870.7574,2026-05-15 17:00:00
1778866200000,79333.0,79473.7,79325.1,79424.5,1191.7279,2026-05-15 17:30:00
1778868000000,79424.4,79530.0,79166.9,79245.7,1589.3525,2026-05-15 18:00:00
1778869800000,79245.6,79316.5,79123.8,79244.2,628.9228,2026-05-15 18:30:00
1778871600000,79244.2,79259.3,79017.5,79090.1,826.4703,2026-05-15 19:00:00
1778873400000,79090.1,79159.7,79050.0,79101.3,634.8191,2026-05-15 19:30:00
1778875200000,79101.4,79184.1,79036.4,79139.8,491.5527,2026-05-15 20:00:00
1778877000000,79139.7,79159.9,78951.5,79089.4,582.0723,2026-05-15 20:30:00
1778878800000,79089.4,79165.9,79069.1,79089.6,306.156,2026-05-15 21:00:00
1778880600000,79089.6,79120.0,78856.5,78940.4,726.4824,2026-05-15 21:30:00
1778882400000,78940.3,79059.8,78934.2,79051.4,301.0662,2026-05-15 22:00:00
1778884200000,79051.5,79120.0,79020.4,79076.1,336.7113,2026-05-15 22:30:00
1778886000000,79076.1,79133.6,79047.9,79081.0,274.678,2026-05-15 23:00:00
1778887800000,79080.9,79108.5,79045.6,79082.4,314.4951,2026-05-15 23:30:00
1778889600000,79082.4,79179.9,79047.1,79150.1,503.9038,2026-05-16 00:00:00
1778891400000,79150.1,79197.4,79042.1,79080.2,388.1889,2026-05-16 00:30:00
1778893200000,79080.1,79135.1,79000.0,79001.0,481.5507,2026-05-16 01:00:00
1778895000000,79001.0,79155.8,78978.2,79131.9,621.3882,2026-05-16 01:30:00
1778896800000,79131.9,79189.4,79071.4,79118.0,641.8071,2026-05-16 02:00:00
1778898600000,79118.1,79129.0,79045.0,79120.2,346.8196,2026-05-16 02:30:00
1778900400000,79120.3,79160.0,79101.3,79153.5,339.5927,2026-05-16 03:00:00
1778902200000,79153.6,79153.6,79025.6,79053.5,351.5432,2026-05-16 03:30:00
1778904000000,79053.6,79100.0,79001.4,79007.9,614.1662,2026-05-16 04:00:00
1778905800000,79007.9,79020.0,78821.1,79006.5,1076.2626,2026-05-16 04:30:00
1778907600000,79006.6,79012.9,78900.0,78990.8,330.0057,2026-05-16 05:00:00
1778909400000,78990.8,79009.8,78909.0,78992.5,456.8859,2026-05-16 05:30:00
1778911200000,78992.5,79023.7,78759.5,78797.3,1209.7115,2026-05-16 06:00:00
1778913000000,78797.4,78870.0,78388.6,78616.8,3428.3654,2026-05-16 06:30:00
1778914800000,78616.8,78618.2,78002.0,78430.0,5578.5771,2026-05-16 07:00:00
1778916600000,78430.0,78533.0,78300.0,78333.4,1771.8833,2026-05-16 07:30:00
1778918400000,78333.4,78434.5,78300.0,78371.2,875.8024,2026-05-16 08:00:00
1778920200000,78371.3,78499.9,78334.5,78376.9,1376.8127,2026-05-16 08:30:00
1778922000000,78376.9,78398.7,77839.4,78024.1,4631.7896,2026-05-16 09:00:00
1778923800000,78024.1,78180.0,77949.4,78050.2,1769.8589,2026-05-16 09:30:00
1778925600000,78050.3,78075.3,77600.0,77742.8,4063.3505,2026-05-16 10:00:00
1778927400000,77742.7,77960.0,77729.0,77943.9,1886.4708,2026-05-16 10:30:00
1778929200000,77943.9,78136.5,77943.9,78112.4,1228.8733,2026-05-16 11:00:00
1778931000000,78112.4,78166.2,78048.1,78055.2,837.9786,2026-05-16 11:30:00
1778932800000,78055.3,78100.0,77900.0,77968.2,1112.5714,2026-05-16 12:00:00
1778934600000,77968.2,78105.0,77963.6,77978.7,696.2908,2026-05-16 12:30:00
1778936400000,77978.6,77993.7,77838.7,77934.6,798.423,2026-05-16 13:00:00
1778938200000,77934.6,77998.9,77807.2,77998.9,716.8071,2026-05-16 13:30:00
1778940000000,77998.9,78032.0,77867.8,77972.6,807.0092,2026-05-16 14:00:00
1778941800000,77972.5,78324.3,77972.5,78090.4,2092.285,2026-05-16 14:30:00
1778943600000,78090.5,78194.6,78039.6,78100.1,773.996,2026-05-16 15:00:00
1778945400000,78100.1,78256.0,78100.1,78200.0,818.2516,2026-05-16 15:30:00
1778947200000,78200.1,78337.4,78150.0,78248.4,1287.7371,2026-05-16 16:00:00
1778949000000,78248.5,78277.6,78078.1,78166.5,772.8616,2026-05-16 16:30:00
1778950800000,78166.5,78286.2,78160.7,78255.9,324.7987,2026-05-16 17:00:00
1778952600000,78255.9,78287.9,78168.8,78168.9,284.942,2026-05-16 17:30:00
1778954400000,78168.8,78219.9,78110.0,78164.8,392.2749,2026-05-16 18:00:00
1778956200000,78164.9,78295.6,78150.0,78204.7,576.6568,2026-05-16 18:30:00
1778958000000,78204.6,78264.1,78171.4,78243.1,151.2183,2026-05-16 19:00:00
1778959800000,78243.0,78270.0,78190.9,78226.7,254.7459,2026-05-16 19:30:00
1778961600000,78226.8,78288.7,78218.7,78242.3,523.3498,2026-05-16 20:00:00
1778963400000,78242.3,78250.0,78165.6,78218.2,248.895,2026-05-16 20:30:00
1778965200000,78218.1,78280.0,78190.9,78241.3,309.6882,2026-05-16 21:00:00
1778967000000,78241.3,78270.0,78169.2,78230.5,301.8049,2026-05-16 21:30:00
1778968800000,78230.4,78252.5,78138.7,78225.1,468.3264,2026-05-16 22:00:00
1778970600000,78225.1,78242.8,78146.7,78146.7,199.2805,2026-05-16 22:30:00
1778972400000,78146.7,78239.6,78116.9,78191.5,299.1026,2026-05-16 23:00:00
1778974200000,78191.6,78218.4,78089.3,78106.9,451.1763,2026-05-16 23:30:00
1778976000000,78106.9,78208.0,78096.5,78154.9,616.5465,2026-05-17 00:00:00
1778977800000,78154.9,78193.1,77741.9,77911.1,1449.0391,2026-05-17 00:30:00
1778979600000,77911.2,78078.8,77785.9,77945.5,1223.7745,2026-05-17 01:00:00
1778981400000,77945.4,77964.8,77672.4,77675.7,1734.5261,2026-05-17 01:30:00
1778983200000,77675.7,77902.1,77675.7,77860.6,1050.9602,2026-05-17 02:00:00
1778985000000,77860.6,77904.5,77811.8,77860.8,574.0106,2026-05-17 02:30:00
1778986800000,77860.7,77988.5,77844.1,77968.1,698.4594,2026-05-17 03:00:00
1778988600000,77968.2,78053.4,77940.0,77991.6,590.037,2026-05-17 03:30:00
1778990400000,77991.6,78119.6,77964.0,78058.5,526.9831,2026-05-17 04:00:00
1778992200000,78058.4,78175.0,78020.0,78116.4,681.2576,2026-05-17 04:30:00
1778994000000,78116.4,78285.4,78100.4,78140.1,917.1419,2026-05-17 05:00:00
1778995800000,78140.1,78172.8,78066.0,78092.7,377.2459,2026-05-17 05:30:00
1778997600000,78092.8,78181.1,77983.5,78045.0,598.7312,2026-05-17 06:00:00
1778999400000,78044.9,78095.2,78005.7,78080.2,288.4852,2026-05-17 06:30:00
1779001200000,78080.1,78113.5,78013.2,78080.1,374.772,2026-05-17 07:00:00
1779003000000,78080.1,78178.7,78066.1,78149.0,776.3446,2026-05-17 07:30:00
1779004800000,78148.9,78164.0,78025.8,78041.1,497.5491,2026-05-17 08:00:00
1779006600000,78041.1,78077.9,77996.8,78061.4,393.31,2026-05-17 08:30:00
1779008400000,78061.4,78127.9,78050.0,78114.1,393.1855,2026-05-17 09:00:00
1779010200000,78114.0,78272.7,78055.3,78217.3,730.8233,2026-05-17 09:30:00
1779012000000,78217.3,78571.4,78208.0,78484.3,2759.0267,2026-05-17 10:00:00
1779013800000,78484.4,78507.0,78382.5,78434.5,1010.9369,2026-05-17 10:30:00
1779015600000,78434.6,78443.4,78260.5,78305.6,884.2905,2026-05-17 11:00:00
1779017400000,78305.6,78431.3,78250.0,78369.0,907.5365,2026-05-17 11:30:00
1779019200000,78369.0,78418.2,78310.0,78397.6,536.723,2026-05-17 12:00:00
1779021000000,78397.6,78520.3,78289.7,78321.3,712.0664,2026-05-17 12:30:00
1779022800000,78321.3,78330.8,78121.0,78243.8,1247.5625,2026-05-17 13:00:00
1779024600000,78243.8,78303.7,78136.3,78164.0,636.2172,2026-05-17 13:30:00
1779026400000,78164.1,78176.3,77777.0,77994.9,2614.713,2026-05-17 14:00:00
1779028200000,77995.0,78051.4,77913.0,78004.9,668.5598,2026-05-17 14:30:00
1779030000000,78004.9,78087.9,77869.6,77947.4,792.9581,2026-05-17 15:00:00
1779031800000,77947.4,78035.0,77934.1,78003.6,476.3094,2026-05-17 15:30:00
1779033600000,78003.6,78108.0,77999.7,78103.7,674.3488,2026-05-17 16:00:00
1779035400000,78103.8,78160.7,77983.1,77990.8,750.9114,2026-05-17 16:30:00
1779037200000,77990.8,78014.2,77811.5,77940.0,1090.1988,2026-05-17 17:00:00
1779039000000,77940.0,78056.6,77858.1,78050.1,577.1946,2026-05-17 17:30:00
1779040800000,78050.1,78207.7,77961.0,78094.5,809.7734,2026-05-17 18:00:00
1779042600000,78094.4,78241.5,78077.1,78224.6,471.3908,2026-05-17 18:30:00
1779044400000,78224.6,78275.5,78183.1,78189.9,382.279,2026-05-17 19:00:00
1779046200000,78189.9,78432.8,78177.3,78369.1,590.7063,2026-05-17 19:30:00
1779048000000,78369.0,78397.5,78212.0,78252.0,765.7606,2026-05-17 20:00:00
1779049800000,78251.9,78333.0,78208.4,78231.6,249.032,2026-05-17 20:30:00
1779051600000,78231.6,78400.5,78198.8,78389.9,431.522,2026-05-17 21:00:00
1779053400000,78389.9,78449.0,78323.7,78362.9,544.6432,2026-05-17 21:30:00
1779055200000,78362.9,78373.0,77904.5,77961.4,2459.9107,2026-05-17 22:00:00
1779057000000,77961.3,78093.7,77779.4,77964.9,1045.7445,2026-05-17 22:30:00
1779058800000,77964.9,77970.2,77640.3,77795.3,2062.7757,2026-05-17 23:00:00
1779060600000,77795.4,77858.2,76633.3,77415.0,11669.6744,2026-05-17 23:30:00
1779062400000,77415.0,77444.8,76871.1,77112.0,3684.2966,2026-05-18 00:00:00
1779064200000,77111.9,77195.3,76918.0,77174.9,1994.8928,2026-05-18 00:30:00
1779066000000,77174.8,77250.0,76803.0,76868.0,2330.1577,2026-05-18 01:00:00
1779067800000,76867.9,77133.7,76710.0,77088.4,2762.9267,2026-05-18 01:30:00
1779069600000,77088.3,77200.0,76918.1,77009.0,1563.1607,2026-05-18 02:00:00
1779071400000,77008.9,77023.9,76666.0,76803.7,1830.7861,2026-05-18 02:30:00
1779073200000,76803.7,76987.0,76803.6,76930.0,1304.3171,2026-05-18 03:00:00
1779075000000,76930.1,76997.6,76781.0,76896.9,1019.6425,2026-05-18 03:30:00
1779076800000,76896.9,77007.6,76741.3,76792.0,1272.3399,2026-05-18 04:00:00
1779078600000,76792.0,77050.0,76750.0,77011.5,1046.7841,2026-05-18 04:30:00
1779080400000,77011.5,77055.7,76892.2,77002.8,866.4011,2026-05-18 05:00:00
1779082200000,77002.9,77041.1,76849.9,76885.5,844.2263,2026-05-18 05:30:00
1779084000000,76885.4,76946.9,76535.8,76694.0,3332.5994,2026-05-18 06:00:00
1779085800000,76694.1,76920.0,76623.4,76882.0,1835.0413,2026-05-18 06:30:00
1779087600000,76882.0,77041.1,76726.3,76997.1,1500.8881,2026-05-18 07:00:00
1779089400000,76997.1,77051.1,76894.4,77036.9,1248.0959,2026-05-18 07:30:00
1779091200000,77036.9,77169.9,76922.7,76943.6,1128.8143,2026-05-18 08:00:00
1779093000000,76943.5,77007.6,76850.0,77000.1,856.312,2026-05-18 08:30:00
1779094800000,77000.0,77023.3,76843.5,76930.0,403.4533,2026-05-18 09:00:00
1779096600000,76930.1,76999.3,76870.0,76899.9,300.7966,2026-05-18 09:30:00
1779098400000,76900.0,76923.7,76680.0,76791.6,1528.3254,2026-05-18 10:00:00
1779100200000,76791.5,76868.3,76735.0,76737.3,751.3059,2026-05-18 10:30:00
1779102000000,76737.3,76843.6,76634.8,76780.9,817.4873,2026-05-18 11:00:00
1779103800000,76780.9,77373.7,76745.4,77253.6,3981.5201,2026-05-18 11:30:00
1779105600000,77253.7,77534.9,77246.5,77307.0,4243.3175,2026-05-18 12:00:00
1779107400000,77307.0,77772.6,77256.6,77602.5,3872.2542,2026-05-18 12:30:00
1779109200000,77602.5,77605.0,77250.0,77250.0,2159.4275,2026-05-18 13:00:00
1779111000000,77250.0,77255.1,76666.0,76909.2,8355.0586,2026-05-18 13:30:00
1779112800000,76909.2,76929.5,76332.1,76611.5,6709.7342,2026-05-18 14:00:00
1779114600000,76611.4,76688.1,76181.1,76369.6,5337.8465,2026-05-18 14:30:00
1779116400000,76369.5,76410.0,76037.3,76062.5,5262.7974,2026-05-18 15:00:00
1779118200000,76062.5,76463.2,76018.0,76384.0,3105.1394,2026-05-18 15:30:00
1779120000000,76384.0,76631.0,76180.2,76250.0,3155.3607,2026-05-18 16:00:00
1779121800000,76250.1,76522.3,76208.2,76389.0,2151.1532,2026-05-18 16:30:00
1779123600000,76389.0,76677.6,76333.0,76642.2,1543.367,2026-05-18 17:00:00
1779125400000,76642.3,76732.0,76529.0,76677.9,850.3553,2026-05-18 17:30:00
1779127200000,76677.9,76678.0,76111.0,76325.0,1765.5996,2026-05-18 18:00:00
1779129000000,76325.0,76398.0,76182.7,76222.6,1242.4868,2026-05-18 18:30:00
1779130800000,76222.6,76900.0,76200.3,76609.0,3688.4973,2026-05-18 19:00:00
1779132600000,76609.0,76980.0,76586.7,76907.5,2447.8744,2026-05-18 19:30:00
1779134400000,76907.6,77140.8,76851.0,77106.7,1589.2467,2026-05-18 20:00:00
1779136200000,77106.6,77165.5,76856.0,76880.6,1432.8841,2026-05-18 20:30:00
1779138000000,76880.6,77050.0,76766.3,76998.6,928.4975,2026-05-18 21:00:00
1779139800000,76998.6,77156.0,76944.3,77065.4,720.7768,2026-05-18 21:30:00
1779141600000,77065.5,77194.9,77013.4,77111.1,1322.6147,2026-05-18 22:00:00
1779143400000,77111.2,77135.7,76876.9,77039.9,1084.6035,2026-05-18 22:30:00
1779145200000,77039.9,77125.9,76974.2,76986.6,597.1805,2026-05-18 23:00:00
1779147000000,76986.7,77079.0,76901.4,76962.2,477.1744,2026-05-18 23:30:00
1779148800000,76962.2,77379.9,76911.8,77175.3,1977.5145,2026-05-19 00:00:00
1779150600000,77175.4,77284.4,77080.0,77101.8,922.7235,2026-05-19 00:30:00
1779152400000,77101.7,77118.8,76671.3,76730.0,2024.0588,2026-05-19 01:00:00
1779154200000,76729.9,76900.0,76612.4,76628.8,1536.0028,2026-05-19 01:30:00
1779156000000,76628.8,76958.8,76432.0,76789.9,1958.727,2026-05-19 02:00:00
1779157800000,76790.0,76815.1,76571.7,76587.8,1040.3622,2026-05-19 02:30:00
1779159600000,76587.8,76840.0,76556.7,76724.4,752.7919,2026-05-19 03:00:00
1779161400000,76724.3,76833.8,76720.0,76753.8,435.3688,2026-05-19 03:30:00
1779163200000,76753.8,76912.4,76666.6,76707.8,1002.6707,2026-05-19 04:00:00
1779165000000,76707.7,76908.9,76701.5,76889.9,709.5238,2026-05-19 04:30:00
1779166800000,76890.0,76910.0,76604.4,76788.0,833.9749,2026-05-19 05:00:00
1779168600000,76788.0,76977.0,76732.8,76870.1,1079.6654,2026-05-19 05:30:00
1779170400000,76870.0,77014.7,76846.5,76977.8,876.4436,2026-05-19 06:00:00
1779172200000,76977.8,77075.8,76901.7,76988.1,1037.4203,2026-05-19 06:30:00
1779174000000,76988.1,77220.0,76930.4,77099.5,1469.3085,2026-05-19 07:00:00
1779175800000,77099.6,77242.3,77087.5,77194.1,906.8274,2026-05-19 07:30:00
1779177600000,77194.1,77203.0,76918.5,77031.3,1465.583,2026-05-19 08:00:00
1779179400000,77031.2,77288.0,76965.8,77010.0,1119.9441,2026-05-19 08:30:00
1779181200000,77010.0,77034.5,76696.4,76738.1,2362.8633,2026-05-19 09:00:00
1779183000000,76738.1,76820.0,76666.6,76783.7,1550.4708,2026-05-19 09:30:00
1779184800000,76783.7,76866.1,76715.0,76797.7,1026.3821,2026-05-19 10:00:00
1779186600000,76797.8,77068.7,76675.0,77006.5,1843.2965,2026-05-19 10:30:00
1779188400000,77006.5,77046.0,76808.3,76850.9,1018.7228,2026-05-19 11:00:00
1779190200000,76850.9,76859.6,76601.0,76678.6,1270.5485,2026-05-19 11:30:00
1779192000000,76678.7,76828.0,76608.7,76819.9,1022.0936,2026-05-19 12:00:00
1779193800000,76820.0,76961.8,76817.0,76912.3,984.3012,2026-05-19 12:30:00
1779195600000,76912.4,76957.5,76557.5,76577.7,2202.371,2026-05-19 13:00:00
1779197400000,76577.7,77026.2,76565.6,76846.3,3644.0628,2026-05-19 13:30:00
1779199200000,76846.4,76980.0,76265.0,76426.8,5244.2241,2026-05-19 14:00:00
1779201000000,76426.8,76565.5,76116.0,76370.3,3561.8106,2026-05-19 14:30:00
1779202800000,76370.3,76657.8,76310.0,76479.1,1951.9933,2026-05-19 15:00:00
1779204600000,76479.1,76665.9,76388.0,76498.2,1250.6969,2026-05-19 15:30:00
1779206400000,76498.3,76595.7,76381.4,76594.4,1055.1521,2026-05-19 16:00:00
1779208200000,76594.3,76897.9,76594.3,76864.6,2080.1559,2026-05-19 16:30:00
1779210000000,76864.6,76999.5,76837.1,76840.3,2020.4322,2026-05-19 17:00:00
1779211800000,76840.3,76981.0,76722.0,76819.9,1620.5611,2026-05-19 17:30:00
1779213600000,76820.0,76914.4,76733.0,76743.2,717.3406,2026-05-19 18:00:00
1779215400000,76743.3,76867.5,76706.0,76769.8,490.3191,2026-05-19 18:30:00
1779217200000,76769.9,77043.5,76728.8,76781.0,862.9541,2026-05-19 19:00:00
1779219000000,76781.0,76880.0,76738.5,76785.0,400.5638,2026-05-19 19:30:00
1779220800000,76785.4,76926.2,76785.4,76895.5,554.9841,2026-05-19 20:00:00
1779222600000,76895.5,77002.0,76891.2,76984.6,289.9432,2026-05-19 20:30:00
1779224400000,76984.6,77011.5,76914.8,76963.2,512.0643,2026-05-19 21:00:00
1779226200000,76963.2,77000.0,76940.9,76949.9,264.0157,2026-05-19 21:30:00
1779228000000,76949.9,76949.9,76612.8,76649.2,1349.9932,2026-05-19 22:00:00
1779229800000,76649.2,76768.1,76616.3,76678.6,600.0145,2026-05-19 22:30:00
1779231600000,76678.7,76878.2,76630.6,76870.5,524.1119,2026-05-19 23:00:00
1779233400000,76870.5,76948.0,76780.4,76800.0,489.8657,2026-05-19 23:30:00
1779235200000,76799.9,76866.7,76469.0,76672.6,1377.3237,2026-05-20 00:00:00
1779237000000,76672.7,76826.4,76588.9,76759.9,716.1849,2026-05-20 00:30:00
1779238800000,76759.9,76890.0,76525.5,76550.4,1177.9973,2026-05-20 01:00:00
1779240600000,76550.3,76891.7,76480.3,76786.9,1748.5957,2026-05-20 01:30:00
1779242400000,76787.0,76873.9,76720.0,76738.5,636.8854,2026-05-20 02:00:00
1779244200000,76738.6,76738.6,76563.3,76650.4,1012.8901,2026-05-20 02:30:00
1779246000000,76650.5,76799.9,76567.5,76772.2,662.1353,2026-05-20 03:00:00
1779247800000,76772.3,76773.2,76684.1,76688.1,394.0871,2026-05-20 03:30:00
1779249600000,76688.1,76800.0,76688.1,76740.7,693.0851,2026-05-20 04:00:00
1779251400000,76740.8,76780.0,76650.0,76748.0,423.0142,2026-05-20 04:30:00
1779253200000,76748.0,77245.7,76748.0,77131.9,3787.3902,2026-05-20 05:00:00
1779255000000,77131.9,77288.0,77108.0,77160.4,1805.8386,2026-05-20 05:30:00
1779256800000,77160.3,77322.0,77147.8,77242.7,1085.93,2026-05-20 06:00:00
1779258600000,77242.7,77377.0,77207.8,77369.0,1017.8023,2026-05-20 06:30:00
1779260400000,77369.0,77450.0,77260.6,77361.5,1648.0565,2026-05-20 07:00:00
1779262200000,77361.6,77372.2,77192.9,77246.0,922.3471,2026-05-20 07:30:00
1779264000000,77246.0,77291.5,77161.8,77243.0,1268.1923,2026-05-20 08:00:00
1779265800000,77243.0,77622.0,77243.0,77415.2,2634.2811,2026-05-20 08:30:00
1779267600000,77415.3,77465.6,77317.2,77453.3,977.8149,2026-05-20 09:00:00
1779269400000,77453.4,77500.0,77400.0,77440.9,754.0952,2026-05-20 09:30:00
1779271200000,77440.9,77617.3,77440.9,77574.3,1180.4272,2026-05-20 10:00:00
1779273000000,77574.2,77627.5,77466.3,77466.3,884.5884,2026-05-20 10:30:00
1779274800000,77466.3,77524.8,77416.7,77427.6,824.8455,2026-05-20 11:00:00
1779276600000,77427.6,77447.7,77270.8,77346.1,1197.7206,2026-05-20 11:30:00
1779278400000,77346.0,77495.6,77320.3,77460.5,795.1983,2026-05-20 12:00:00
1779280200000,77460.6,77716.0,77459.0,77587.4,1386.8247,2026-05-20 12:30:00
1779282000000,77587.4,77618.1,77236.1,77264.6,1833.4979,2026-05-20 13:00:00
1779283800000,77264.5,77333.0,76916.0,77181.7,5673.6516,2026-05-20 13:30:00
1779285600000,77181.7,77546.6,76858.2,77385.4,6187.0998,2026-05-20 14:00:00
1779287400000,77385.5,77525.8,77241.9,77414.8,2394.0343,2026-05-20 14:30:00
1779289200000,77414.7,77830.7,77270.9,77526.5,4678.4336,2026-05-20 15:00:00
1779291000000,77526.5,77614.1,77333.6,77424.6,1684.1524,2026-05-20 15:30:00
1779292800000,77424.6,77521.2,76981.5,77058.3,2590.3121,2026-05-20 16:00:00
1779294600000,77058.3,77341.9,77002.6,77305.1,1908.1579,2026-05-20 16:30:00
1779296400000,77305.0,77619.8,77197.1,77536.0,1502.5555,2026-05-20 17:00:00
1779298200000,77536.0,77690.0,77482.1,77533.2,1676.2601,2026-05-20 17:30:00
1779300000000,77533.1,77600.9,77400.0,77468.4,1132.3286,2026-05-20 18:00:00
1779301800000,77468.4,77518.2,77350.0,77374.6,515.9077,2026-05-20 18:30:00
1779303600000,77374.6,77532.0,77307.0,77528.3,568.4219,2026-05-20 19:00:00
1779305400000,77528.3,77683.9,77493.7,77635.2,1086.5011,2026-05-20 19:30:00
1779307200000,77635.1,77722.0,77441.0,77650.7,1282.7701,2026-05-20 20:00:00
1779309000000,77650.8,77730.0,77562.1,77670.4,675.821,2026-05-20 20:30:00
1779310800000,77670.5,77729.9,77555.2,77570.2,558.983,2026-05-20 21:00:00
1779312600000,77570.1,77621.3,77460.8,77460.9,348.4403,2026-05-20 21:30:00
1779314400000,77460.8,77460.8,77180.1,77394.8,1741.9634,2026-05-20 22:00:00
1779316200000,77394.9,77464.9,77337.0,77464.4,580.235,2026-05-20 22:30:00
1779318000000,77464.4,77471.8,77341.0,77357.4,709.2901,2026-05-20 23:00:00
1779319800000,77357.4,77520.0,77355.5,77512.3,356.1643,2026-05-20 23:30:00
1779321600000,77512.4,77688.0,77476.1,77687.9,1036.3996,2026-05-21 00:00:00
1779323400000,77688.0,78066.5,77650.6,77922.7,4006.663,2026-05-21 00:30:00
1779325200000,77922.8,78161.5,77781.2,77843.5,2639.3944,2026-05-21 01:00:00
1779327000000,77843.4,77936.5,77760.0,77820.7,927.6273,2026-05-21 01:30:00
1779328800000,77820.7,78059.0,77782.0,78005.7,1285.7282,2026-05-21 02:00:00
1779330600000,78005.7,78033.0,77910.4,77917.0,655.5194,2026-05-21 02:30:00
1779332400000,77917.0,78000.0,77866.0,77999.9,525.1148,2026-05-21 03:00:00
1779334200000,77999.9,78061.0,77941.5,78033.1,569.4733,2026-05-21 03:30:00
1779336000000,78033.2,78130.6,77914.2,77981.6,997.3521,2026-05-21 04:00:00
1779337800000,77981.6,78015.8,77925.5,78001.2,423.2292,2026-05-21 04:30:00
1779339600000,78001.1,78100.0,77832.0,77836.3,1199.5113,2026-05-21 05:00:00
1779341400000,77836.4,77884.1,77650.0,77791.2,1691.6029,2026-05-21 05:30:00
1779343200000,77791.1,77842.6,77680.0,77746.0,1005.8871,2026-05-21 06:00:00
1779345000000,77746.0,77788.8,77457.4,77581.9,1871.6431,2026-05-21 06:30:00
1779346800000,77581.9,77659.5,77482.0,77576.2,1500.4294,2026-05-21 07:00:00
1779348600000,77576.1,77875.0,77569.4,77848.5,1243.102,2026-05-21 07:30:00
1779350400000,77848.5,78155.0,77848.5,78011.1,3269.9304,2026-05-21 08:00:00
1779352200000,78011.1,78011.1,77850.0,77881.1,739.271,2026-05-21 08:30:00
1779354000000,77881.1,77940.0,77842.3,77887.7,669.8859,2026-05-21 09:00:00
1779355800000,77887.6,77909.3,77582.6,77592.0,1837.6393,2026-05-21 09:30:00
1779357600000,77592.0,77650.8,77136.5,77351.2,3332.6502,2026-05-21 10:00:00
1779359400000,77351.1,77421.7,77160.4,77176.1,2650.7279,2026-05-21 10:30:00
1779361200000,77176.2,77347.3,77116.7,77296.8,1551.2122,2026-05-21 11:00:00
1779363000000,77296.8,77354.4,77136.0,77168.6,1336.622,2026-05-21 11:30:00
1779364800000,77168.7,77255.3,77060.1,77084.0,1849.9318,2026-05-21 12:00:00
1779366600000,77083.9,77354.7,77045.7,77250.5,1856.5384,2026-05-21 12:30:00
1779368400000,77250.4,77330.0,77173.2,77276.0,976.2335,2026-05-21 13:00:00
1779370200000,77276.2,77290.0,76688.2,77097.5,6669.7368,2026-05-21 13:30:00
1779372000000,77097.6,77220.0,76760.0,77030.7,2935.5082,2026-05-21 14:00:00
1779373800000,77030.7,77159.8,76855.0,76943.3,1380.9263,2026-05-21 14:30:00
1779375600000,76943.2,77288.9,76863.1,77230.1,2531.5478,2026-05-21 15:00:00
1779377400000,77230.0,77379.8,77029.0,77223.7,1434.5459,2026-05-21 15:30:00
1779379200000,77223.7,77318.0,77066.7,77146.3,1157.854,2026-05-21 16:00:00
1779381000000,77146.2,77259.0,76970.6,77162.2,1295.9555,2026-05-21 16:30:00
1779382800000,77162.3,77967.7,77134.7,77934.1,6712.6005,2026-05-21 17:00:00
1779384600000,77934.1,78056.0,77738.1,77832.9,3340.3565,2026-05-21 17:30:00
1779386400000,77832.9,77883.5,77588.0,77701.0,2466.3974,2026-05-21 18:00:00
1779388200000,77701.1,77770.0,77206.0,77344.8,2496.68,2026-05-21 18:30:00
1779390000000,77344.9,77572.0,77312.4,77506.0,1095.5557,2026-05-21 19:00:00
1779391800000,77506.0,77762.9,77505.9,77653.4,1119.3938,2026-05-21 19:30:00
1779393600000,77653.4,77706.6,77621.7,77660.7,453.3062,2026-05-21 20:00:00
1779395400000,77660.6,77765.5,77601.5,77670.1,331.9217,2026-05-21 20:30:00
1779397200000,77670.0,77776.0,77670.0,77769.9,562.6359,2026-05-21 21:00:00
1779399000000,77770.0,77770.0,77600.0,77635.2,498.8817,2026-05-21 21:30:00
1779400800000,77635.3,77717.0,77557.2,77664.9,587.2463,2026-05-21 22:00:00
1779402600000,77664.9,77684.4,77510.0,77586.4,391.3312,2026-05-21 22:30:00
1779404400000,77586.4,77687.4,77487.2,77616.9,527.0449,2026-05-21 23:00:00
1779406200000,77616.8,77712.0,77559.7,77583.0,525.3624,2026-05-21 23:30:00
1779408000000,77583.1,77599.5,77363.3,77444.3,821.8965,2026-05-22 00:00:00
1779409800000,77444.2,77530.0,77325.0,77344.2,954.1471,2026-05-22 00:30:00
1779411600000,77344.2,77506.2,77288.0,77430.4,882.0612,2026-05-22 01:00:00
1779413400000,77430.3,77639.7,77318.0,77582.4,661.7397,2026-05-22 01:30:00
1779415200000,77582.4,77700.0,77575.0,77633.2,836.5564,2026-05-22 02:00:00
1779417000000,77633.1,77678.0,77543.9,77638.7,609.229,2026-05-22 02:30:00
1779418800000,77638.7,77767.0,77633.2,77766.9,652.5956,2026-05-22 03:00:00
1779420600000,77766.9,77776.0,77710.0,77739.9,505.1417,2026-05-22 03:30:00
1779422400000,77739.9,77866.6,77734.1,77758.7,1005.5436,2026-05-22 04:00:00
1779424200000,77758.8,77769.4,77602.0,77615.2,833.5068,2026-05-22 04:30:00
1779426000000,77615.1,77686.4,77524.5,77570.0,514.954,2026-05-22 05:00:00
1779427800000,77570.0,77642.4,77420.8,77453.1,1026.6963,2026-05-22 05:30:00
1779429600000,77453.1,77492.9,77378.0,77425.1,896.9793,2026-05-22 06:00:00
1779431400000,77425.1,77485.6,77333.0,77392.8,1132.7762,2026-05-22 06:30:00
1779433200000,77392.7,77498.0,77220.0,77478.6,1884.3515,2026-05-22 07:00:00
1779435000000,77478.6,77515.7,77361.5,77369.8,479.3317,2026-05-22 07:30:00
1779436800000,77369.8,77511.1,77330.7,77463.6,756.142,2026-05-22 08:00:00
1779438600000,77463.6,77472.6,77171.7,77242.6,1548.2956,2026-05-22 08:30:00
1779440400000,77242.6,77286.0,77171.4,77234.1,1269.0205,2026-05-22 09:00:00
1779442200000,77234.1,77340.7,77173.1,77277.7,711.0363,2026-05-22 09:30:00
1779444000000,77277.8,77329.4,77228.1,77310.4,316.3569,2026-05-22 10:00:00
1779445800000,77310.5,77339.4,77251.0,77290.0,324.4501,2026-05-22 10:30:00
1779447600000,77289.9,77330.0,77140.0,77281.2,831.483,2026-05-22 11:00:00
1779449400000,77281.3,77400.0,77266.7,77399.9,651.8804,2026-05-22 11:30:00
1779451200000,77399.9,77549.9,77355.5,77389.0,1647.4239,2026-05-22 12:00:00
1779453000000,77389.1,77500.0,77360.7,77499.0,599.5635,2026-05-22 12:30:00
1779454800000,77499.0,77518.0,77270.1,77270.1,974.0576,2026-05-22 13:00:00
1779456600000,77270.1,77335.7,77074.5,77250.0,2739.7395,2026-05-22 13:30:00
1779458400000,77249.9,77249.9,76738.0,76824.8,4598.1437,2026-05-22 14:00:00
1779460200000,76824.8,76834.5,76715.1,76742.8,2228.7324,2026-05-22 14:30:00
1779462000000,76742.8,76935.0,76531.3,76882.2,4120.2072,2026-05-22 15:00:00
1779463800000,76882.2,77022.1,76622.0,76765.0,2703.0678,2026-05-22 15:30:00
1779465600000,76765.1,76923.1,76738.0,76908.8,1071.1159,2026-05-22 16:00:00
1779467400000,76908.8,76969.3,76832.8,76920.6,668.7018,2026-05-22 16:30:00
1779469200000,76920.7,77048.1,76730.0,77029.7,1754.9976,2026-05-22 17:00:00
1779471000000,77029.7,77091.3,76710.6,76712.5,1196.966,2026-05-22 17:30:00
1779472800000,76712.4,76871.4,76658.4,76770.6,935.9937,2026-05-22 18:00:00
1779474600000,76770.6,76780.9,76031.5,76500.0,5855.8428,2026-05-22 18:30:00
1779476400000,76500.0,76554.7,76151.9,76222.4,2225.8827,2026-05-22 19:00:00
1779478200000,76222.3,76246.5,75620.0,75830.4,7195.3271,2026-05-22 19:30:00
1779480000000,75830.4,75987.4,75794.4,75930.9,1501.9586,2026-05-22 20:00:00
1779481800000,75930.9,76055.0,75775.1,75948.6,1417.3407,2026-05-22 20:30:00
1779483600000,75948.5,76000.0,75910.7,75995.2,615.9005,2026-05-22 21:00:00
1779485400000,75995.2,76050.1,75891.5,75935.9,644.4945,2026-05-22 21:30:00
1779487200000,75935.8,75950.8,75722.0,75754.5,1025.7173,2026-05-22 22:00:00
1779489000000,75754.5,75835.3,75428.6,75693.4,2808.5557,2026-05-22 22:30:00
1779490800000,75693.5,75848.0,75639.0,75639.0,986.0929,2026-05-22 23:00:00
1779492600000,75639.0,75785.0,75300.0,75508.7,2170.2908,2026-05-22 23:30:00
1779494400000,75508.7,75600.0,75370.0,75460.0,1834.6059,2026-05-23 00:00:00
1779496200000,75460.0,75468.5,75180.0,75327.7,3330.946,2026-05-23 00:30:00
1779498000000,75327.7,75475.6,75327.7,75443.4,1097.8683,2026-05-23 01:00:00
1779499800000,75443.5,75476.8,75301.6,75461.1,984.5884,2026-05-23 01:30:00
1779501600000,75461.0,75517.7,75377.0,75444.1,855.1023,2026-05-23 02:00:00
1779503400000,75444.0,75552.7,75425.5,75538.6,887.023,2026-05-23 02:30:00
1779505200000,75538.6,75595.5,75519.9,75564.8,497.5221,2026-05-23 03:00:00
1779507000000,75564.7,75644.2,75559.2,75605.0,502.3926,2026-05-23 03:30:00
1779508800000,75605.1,75610.0,75513.2,75545.1,563.0417,2026-05-23 04:00:00
1779510600000,75545.1,75612.6,75460.3,75504.6,890.7857,2026-05-23 04:30:00
1779512400000,75504.5,75527.4,75429.5,75445.6,729.9881,2026-05-23 05:00:00
1779514200000,75445.6,75485.8,75434.0,75449.8,543.8548,2026-05-23 05:30:00
1779516000000,75449.9,75466.8,75406.3,75416.1,285.2526,2026-05-23 06:00:00
1779517800000,75416.1,75452.9,75343.0,75366.9,639.7702,2026-05-23 06:30:00
1779519600000,75366.8,75405.6,75188.0,75257.7,1626.732,2026-05-23 07:00:00
1779521400000,75257.6,75321.4,74200.0,74576.3,13822.8638,2026-05-23 07:30:00
1779523200000,74576.3,74726.9,74463.6,74576.2,3444.5748,2026-05-23 08:00:00
1779525000000,74576.2,74660.0,74301.1,74646.3,3929.9843,2026-05-23 08:30:00
1779526800000,74646.3,74663.8,74574.1,74654.8,918.2604,2026-05-23 09:00:00
1779528600000,74654.8,74732.0,74615.3,74621.8,957.0162,2026-05-23 09:30:00
1779530400000,74621.9,74728.9,74621.9,74709.8,549.2506,2026-05-23 10:00:00
1779532200000,74709.9,74760.1,74662.2,74678.3,983.3669,2026-05-23 10:30:00
1779534000000,74678.3,74850.0,74672.1,74813.5,1128.8006,2026-05-23 11:00:00
1779535800000,74813.6,74813.6,74747.5,74753.9,352.9169,2026-05-23 11:30:00
1779537600000,74753.9,74757.2,74621.7,74699.9,659.3255,2026-05-23 12:00:00
1779539400000,74700.0,74733.2,74681.6,74724.9,485.6652,2026-05-23 12:30:00
1779541200000,74724.8,75009.9,74714.0,74959.9,2615.0165,2026-05-23 13:00:00
1779543000000,74960.0,75235.9,74832.2,75179.9,3567.3834,2026-05-23 13:30:00
1779544800000,75180.0,75323.2,75064.6,75284.6,1972.283,2026-05-23 14:00:00
1779546600000,75284.6,75652.4,75250.1,75491.0,3900.6601,2026-05-23 14:30:00
1779548400000,75491.0,75640.0,75425.0,75499.9,2343.9024,2026-05-23 15:00:00
1779550200000,75499.9,75507.3,75341.1,75482.7,2104.1075,2026-05-23 15:30:00
1779552000000,75482.7,75607.2,75358.3,75432.9,1534.5003,2026-05-23 16:00:00
1779553800000,75432.9,75527.7,75380.0,75401.1,797.1041,2026-05-23 16:30:00
1779555600000,75401.2,75480.0,75376.6,75440.1,929.5223,2026-05-23 17:00:00
1779557400000,75440.1,75488.6,75326.3,75452.7,548.756,2026-05-23 17:30:00
1779559200000,75452.8,75888.0,75425.3,75800.3,2671.0085,2026-05-23 18:00:00
1779561000000,75800.4,75999.4,75726.1,75816.0,1588.4934,2026-05-23 18:30:00
1779562800000,75815.9,75980.6,75745.4,75931.2,930.5633,2026-05-23 19:00:00
1779564600000,75931.3,75976.0,75846.2,75949.8,615.616,2026-05-23 19:30:00
1779566400000,75949.8,76188.0,75909.1,75965.9,2037.0741,2026-05-23 20:00:00
1779568200000,75965.8,77288.0,75923.4,77257.2,10868.2858,2026-05-23 20:30:00
1779570000000,77257.1,77378.8,76711.7,76711.7,5729.9034,2026-05-23 21:00:00
1779571800000,76711.7,76890.5,76513.1,76780.0,2194.5811,2026-05-23 21:30:00
1779573600000,76780.0,76870.4,76501.9,76522.4,1388.4657,2026-05-23 22:00:00
1779575400000,76522.4,76588.0,76360.7,76552.4,1327.8057,2026-05-23 22:30:00
1779577200000,76552.5,76764.4,76500.0,76606.2,920.0588,2026-05-23 23:00:00
1779579000000,76606.3,76788.2,76606.2,76709.2,688.6086,2026-05-23 23:30:00
1779580800000,76709.2,76756.1,76588.7,76657.3,748.8159,2026-05-24 00:00:00
1779582600000,76657.3,76889.7,76650.9,76799.9,1042.2884,2026-05-24 00:30:00
1779584400000,76799.9,76887.3,76706.7,76864.2,714.1701,2026-05-24 01:00:00
1779586200000,76864.2,76887.9,76760.5,76849.8,629.9281,2026-05-24 01:30:00
1779588000000,76849.7,76935.9,76666.7,76716.2,890.4237,2026-05-24 02:00:00
1779589800000,76716.2,76819.9,76716.2,76785.5,546.8544,2026-05-24 02:30:00
1779591600000,76785.4,76976.7,76755.1,76870.1,956.8662,2026-05-24 03:00:00
1779593400000,76870.1,76870.1,76683.4,76704.2,742.0995,2026-05-24 03:30:00
1779595200000,76704.2,76815.7,76704.2,76727.0,553.0596,2026-05-24 04:00:00
1779597000000,76727.1,76780.0,76683.5,76745.5,339.4211,2026-05-24 04:30:00
1779598800000,76745.4,76745.5,76636.7,76674.3,554.1197,2026-05-24 05:00:00
1779600600000,76674.3,76831.5,76608.0,76780.0,874.2768,2026-05-24 05:30:00
1779602400000,76780.0,76833.3,76680.0,76696.6,497.3765,2026-05-24 06:00:00
1779604200000,76696.6,77040.0,76696.6,76953.9,1342.1057,2026-05-24 06:30:00
1779606000000,76953.9,76989.9,76839.0,76866.8,555.4782,2026-05-24 07:00:00
1779607800000,76866.8,76883.9,76739.0,76770.1,650.5393,2026-05-24 07:30:00
1779609600000,76770.1,76830.7,76700.0,76783.5,825.575,2026-05-24 08:00:00
1779611400000,76783.6,76840.1,76752.8,76807.2,297.3044,2026-05-24 08:30:00
1779613200000,76807.2,76956.0,76783.4,76922.2,621.9293,2026-05-24 09:00:00
1779615000000,76922.2,77018.2,76873.9,76992.0,806.5779,2026-05-24 09:30:00
1779616800000,76992.0,77528.5,76879.2,77199.6,3924.3382,2026-05-24 10:00:00
1779618600000,77199.5,77199.5,77034.1,77149.9,1503.4461,2026-05-24 10:30:00
1779620400000,77149.9,77325.0,77140.2,77249.0,1161.8304,2026-05-24 11:00:00
1779622200000,77248.9,77299.8,77168.8,77279.9,600.9605,2026-05-24 11:30:00
1779624000000,77280.0,77298.6,77000.0,77030.4,1611.5412,2026-05-24 12:00:00
1779625800000,77030.4,77088.4,76992.4,77078.3,580.0053,2026-05-24 12:30:00
1779627600000,77078.3,77088.9,76914.3,76926.3,860.1904,2026-05-24 13:00:00
1779629400000,76926.4,76980.0,76644.5,76764.5,2494.2615,2026-05-24 13:30:00
1779631200000,76764.5,76810.8,76150.0,76379.0,6628.7761,2026-05-24 14:00:00
1779633000000,76379.0,76508.0,76338.2,76424.7,1439.4498,2026-05-24 14:30:00
1779634800000,76424.7,76507.4,76382.7,76412.1,851.6702,2026-05-24 15:00:00
1779636600000,76412.1,76472.5,76325.0,76340.3,593.9407,2026-05-24 15:30:00
1779638400000,76340.4,76722.3,76340.3,76560.1,2375.678,2026-05-24 16:00:00
1779640200000,76560.1,76677.3,76405.4,76644.6,801.9374,2026-05-24 16:30:00
1779642000000,76644.7,76708.0,76513.6,76588.8,837.7632,2026-05-24 17:00:00
1779643800000,76588.7,76784.4,76560.2,76657.1,564.0353,2026-05-24 17:30:00
1779645600000,76657.0,76756.0,76600.0,76650.0,456.6429,2026-05-24 18:00:00
1779647400000,76650.1,76680.0,76555.8,76629.6,287.4169,2026-05-24 18:30:00
1779649200000,76629.7,76718.0,76575.4,76628.1,402.239,2026-05-24 19:00:00
1779651000000,76628.1,76756.3,76611.7,76738.0,319.3295,2026-05-24 19:30:00
1779652800000,76737.9,76764.1,76566.6,76649.9,405.019,2026-05-24 20:00:00
1779654600000,76650.0,76694.0,76582.1,76629.2,355.4585,2026-05-24 20:30:00
1779656400000,76629.2,76716.3,76433.3,76495.2,478.1905,2026-05-24 21:00:00
1779658200000,76495.1,76548.7,76050.2,76111.5,3398.687,2026-05-24 21:30:00
1779660000000,76111.5,76986.2,76090.0,76802.1,3291.2692,2026-05-24 22:00:00
1779661800000,76802.0,76964.7,76619.0,76759.6,1258.762,2026-05-24 22:30:00
1779663600000,76759.6,76981.8,76750.0,76816.9,828.1212,2026-05-24 23:00:00
1779665400000,76816.9,77198.0,76807.7,77029.9,2168.1991,2026-05-24 23:30:00
1779667200000,77030.0,77231.3,77029.9,77182.5,1298.8186,2026-05-25 00:00:00
1779669000000,77182.5,77280.2,77055.0,77124.9,829.0384,2026-05-25 00:30:00
1779670800000,77124.9,77223.9,76930.1,77145.9,1631.9767,2026-05-25 01:00:00
1779672600000,77145.9,77180.0,76845.7,76898.6,1348.47,2026-05-25 01:30:00
1779674400000,76898.6,77450.0,76898.5,77114.9,3179.2265,2026-05-25 02:00:00
1779676200000,77114.8,77145.0,77023.0,77070.5,527.4407,2026-05-25 02:30:00
1779678000000,77070.4,77129.0,77010.5,77050.7,533.7962,2026-05-25 03:00:00
1779679800000,77050.7,77084.7,76946.2,76986.3,607.7375,2026-05-25 03:30:00
1779681600000,76986.3,77141.7,76945.4,77141.7,617.7078,2026-05-25 04:00:00
1779683400000,77141.8,77419.9,77094.0,77354.6,1553.9383,2026-05-25 04:30:00
1779685200000,77354.6,77444.0,77280.7,77360.8,1221.5963,2026-05-25 05:00:00
1779687000000,77360.8,77470.1,77348.7,77374.2,1160.683,2026-05-25 05:30:00
1779688800000,77374.2,77654.9,77175.0,77239.0,3057.6396,2026-05-25 06:00:00
1779690600000,77239.1,77488.0,77239.0,77385.1,982.0683,2026-05-25 06:30:00
1779692400000,77385.2,77485.8,77138.3,77170.2,1218.9833,2026-05-25 07:00:00
1779694200000,77170.3,77374.9,77158.0,77374.9,884.8162,2026-05-25 07:30:00
1779696000000,77375.0,77375.0,77224.8,77283.1,823.1802,2026-05-25 08:00:00
1779697800000,77283.1,77436.0,77274.7,77427.4,573.8634,2026-05-25 08:30:00
1779699600000,77427.4,77510.0,77382.8,77487.5,862.4608,2026-05-25 09:00:00
1779701400000,77487.5,77733.0,77475.1,77560.1,2118.1207,2026-05-25 09:30:00
1779703200000,77560.1,77650.0,77476.0,77497.0,881.3562,2026-05-25 10:00:00
1779705000000,77497.1,77542.1,77450.0,77506.3,508.2248,2026-05-25 10:30:00
1779706800000,77506.3,77506.4,77356.0,77376.0,1437.3721,2026-05-25 11:00:00
1779708600000,77376.1,77475.8,77286.5,77319.1,934.2664,2026-05-25 11:30:00
1779710400000,77319.2,77386.1,77238.3,77361.0,1218.5543,2026-05-25 12:00:00
1779712200000,77361.0,77407.9,77261.7,77320.1,685.0874,2026-05-25 12:30:00
1779714000000,77320.1,77421.0,77242.5,77299.9,637.6862,2026-05-25 13:00:00
1779715800000,77299.9,77328.6,77261.0,77301.9,703.3322,2026-05-25 13:30:00
1779717600000,77302.0,77597.7,77275.0,77589.3,2106.1119,2026-05-25 14:00:00
1779719400000,77589.3,77750.4,77504.4,77679.8,1776.9457,2026-05-25 14:30:00
1779721200000,77679.8,77876.5,77550.1,77562.5,3221.044,2026-05-25 15:00:00
1779723000000,77562.6,77648.4,77518.1,77591.7,810.4378,2026-05-25 15:30:00
1779724800000,77591.6,77616.3,77457.4,77548.5,1083.654,2026-05-25 16:00:00
1779726600000,77548.5,77784.5,77540.8,77699.8,916.4239,2026-05-25 16:30:00
1779728400000,77699.9,77777.0,77550.0,77617.5,1210.0193,2026-05-25 17:00:00
1779730200000,77617.6,77617.6,77513.0,77523.6,419.3292,2026-05-25 17:30:00
1779732000000,77523.5,77627.2,77506.8,77611.3,342.7313,2026-05-25 18:00:00
1779733800000,77611.4,77611.4,77503.0,77509.9,240.046,2026-05-25 18:30:00
1779735600000,77509.9,77516.7,77366.0,77481.7,601.7938,2026-05-25 19:00:00
1779737400000,77481.6,77490.5,77309.2,77404.2,933.807,2026-05-25 19:30:00
1779739200000,77404.0,77475.0,77380.1,77401.5,323.5108,2026-05-25 20:00:00
1779741000000,77401.3,77443.6,77163.6,77248.0,1102.2252,2026-05-25 20:30:00
1779742800000,77248.0,77342.8,77244.4,77327.2,375.87,2026-05-25 21:00:00
1779744600000,77327.2,77365.3,77241.4,77341.7,365.4357,2026-05-25 21:30:00
1779746400000,77342.8,77419.1,77237.6,77264.3,586.9319,2026-05-25 22:00:00
1779748200000,77264.2,77264.2,77006.0,77081.0,1958.7695,2026-05-25 22:30:00
1779750000000,77080.9,77293.0,77030.6,77251.2,623.5135,2026-05-25 23:00:00
1779751800000,77251.2,77336.6,77225.0,77283.3,342.0198,2026-05-25 23:30:00
1779753600000,77283.4,77315.0,77050.0,77091.1,941.636,2026-05-26 00:00:00
1779755400000,77091.1,77166.6,76529.1,76750.1,4071.8549,2026-05-26 00:30:00
1779757200000,76750.0,76854.2,76588.8,76756.1,1818.3669,2026-05-26 01:00:00
1779759000000,76756.2,76766.0,76554.5,76717.9,1306.2878,2026-05-26 01:30:00
1779760800000,76717.9,76788.0,76593.6,76636.8,1440.5454,2026-05-26 02:00:00
1779762600000,76636.7,76700.0,76455.1,76627.6,1642.5943,2026-05-26 02:30:00
1779764400000,76627.6,76627.6,76430.0,76547.1,941.8558,2026-05-26 03:00:00
1779766200000,76547.2,76680.0,76520.1,76626.1,763.2452,2026-05-26 03:30:00
1779768000000,76626.1,76725.7,76566.0,76700.1,957.1832,2026-05-26 04:00:00
1779769800000,76700.1,76787.3,76700.0,76708.1,648.4311,2026-05-26 04:30:00
1779771600000,76708.1,76867.2,76664.8,76828.5,1375.2122,2026-05-26 05:00:00
1779773400000,76828.5,76946.9,76805.1,76881.5,845.7555,2026-05-26 05:30:00
1779775200000,76881.4,76881.4,76730.6,76800.0,685.3065,2026-05-26 06:00:00
1779777000000,76800.0,77035.0,76800.0,76864.9,1384.9813,2026-05-26 06:30:00
1779778800000,76865.0,76884.3,76560.0,76665.4,1458.0974,2026-05-26 07:00:00
1779780600000,76665.5,76731.2,76568.0,76684.0,1063.4209,2026-05-26 07:30:00
1779782400000,76684.0,76785.9,76650.5,76770.9,634.2453,2026-05-26 08:00:00
1779784200000,76770.8,76820.0,76683.8,76693.5,479.5831,2026-05-26 08:30:00
1779786000000,76693.5,76775.4,76605.5,76701.7,882.3415,2026-05-26 09:00:00
1779787800000,76701.6,76750.0,76611.0,76636.6,556.2939,2026-05-26 09:30:00
1779789600000,76636.6,77238.9,76533.6,77199.9,2620.3267,2026-05-26 10:00:00
1779791400000,77200.0,77594.1,77132.6,77397.8,4446.8398,2026-05-26 10:30:00
1779793200000,77397.7,77479.9,77179.6,77200.1,2278.0171,2026-05-26 11:00:00
1779795000000,77200.1,77295.3,77140.0,77155.3,949.1722,2026-05-26 11:30:00
1779796800000,77155.3,77200.0,76850.2,76988.4,2888.3186,2026-05-26 12:00:00
1779798600000,76988.6,77130.8,76933.5,77105.8,1377.1356,2026-05-26 12:30:00
1779800400000,77105.9,77130.3,76751.0,76777.0,2081.7279,2026-05-26 13:00:00
1779802200000,76777.0,77436.2,76655.0,77192.5,4288.9729,2026-05-26 13:30:00
1779804000000,77192.5,78066.7,77105.2,77915.1,8029.9168,2026-05-26 14:00:00
1779805800000,77915.1,77965.3,76688.0,76873.4,11298.7759,2026-05-26 14:30:00
1779807600000,76873.5,76990.0,76500.0,76610.3,3737.4375,2026-05-26 15:00:00
1779809400000,76610.3,76670.0,76230.0,76474.5,6408.983,2026-05-26 15:30:00
1779811200000,76474.5,76549.3,76155.5,76511.5,4070.2044,2026-05-26 16:00:00
1779813000000,76511.6,76689.6,76372.3,76531.7,2220.0167,2026-05-26 16:30:00
1779814800000,76531.7,76617.1,76013.1,76035.1,2639.1301,2026-05-26 17:00:00
1779816600000,76035.0,76120.0,75806.2,75900.0,4984.0015,2026-05-26 17:30:00
1779818400000,75900.1,76246.4,75817.0,76069.3,2394.2618,2026-05-26 18:00:00
1779820200000,76069.3,76112.8,75730.8,75813.8,1490.6204,2026-05-26 18:30:00
1779822000000,75813.8,75904.9,75770.0,75888.3,878.5742,2026-05-26 19:00:00
1779823800000,75888.3,76071.5,75850.8,76022.4,819.9278,2026-05-26 19:30:00
1779825600000,76022.4,76130.2,75971.7,76129.2,835.7462,2026-05-26 20:00:00
1779827400000,76129.3,76144.9,75939.7,76075.4,620.1691,2026-05-26 20:30:00
1779829200000,76075.3,76088.1,75810.0,76016.7,591.378,2026-05-26 21:00:00
1779831000000,76016.7,76041.2,75821.5,75858.9,571.8608,2026-05-26 21:30:00
1779832800000,75858.9,75964.8,75663.8,75761.4,1461.4135,2026-05-26 22:00:00
1779834600000,75761.3,75837.0,75626.0,75717.9,1046.0941,2026-05-26 22:30:00
1779836400000,75717.9,75913.8,75717.9,75874.5,842.5675,2026-05-26 23:00:00
1779838200000,75874.4,75962.4,75855.0,75898.2,580.64,2026-05-26 23:30:00
1779840000000,75898.2,75993.0,75850.0,75899.5,748.8172,2026-05-27 00:00:00
1779841800000,75899.6,76066.7,75864.8,76044.9,784.6276,2026-05-27 00:30:00
1779843600000,76044.9,76080.0,75779.1,75841.0,990.3626,2026-05-27 01:00:00
1779845400000,75841.0,75957.8,75791.1,75839.6,888.0504,2026-05-27 01:30:00
1779847200000,75839.6,75860.7,75649.9,75726.4,985.1383,2026-05-27 02:00:00
1779849000000,75726.3,75844.0,75666.0,75843.9,789.0121,2026-05-27 02:30:00
1779850800000,75844.0,75939.2,75773.6,75818.1,1018.3883,2026-05-27 03:00:00
1779852600000,75818.1,75830.0,75561.3,75630.4,1557.3712,2026-05-27 03:30:00
1779854400000,75630.4,75670.8,75456.0,75467.2,1729.8033,2026-05-27 04:00:00
1779856200000,75467.2,75566.7,75267.6,75540.0,3354.8102,2026-05-27 04:30:00
1779858000000,75540.0,75673.7,75540.0,75629.0,1033.2121,2026-05-27 05:00:00
1779859800000,75629.1,75699.0,75543.9,75660.9,1204.4313,2026-05-27 05:30:00
1779861600000,75660.9,75768.0,75645.6,75702.9,1077.589,2026-05-27 06:00:00
1779863400000,75702.9,75870.5,75680.5,75793.6,948.9745,2026-05-27 06:30:00
1779865200000,75793.5,75850.0,75714.9,75831.1,821.0524,2026-05-27 07:00:00
1779867000000,75831.1,75932.5,75804.5,75921.3,1373.6825,2026-05-27 07:30:00
1779868800000,75921.3,76024.0,75850.4,76000.5,1551.8728,2026-05-27 08:00:00
1779870600000,76000.4,76000.5,75794.2,75835.4,1230.0523,2026-05-27 08:30:00
1779872400000,75835.3,75840.0,75673.7,75788.8,1681.6182,2026-05-27 09:00:00
1779874200000,75788.9,75941.7,75771.1,75876.8,671.7261,2026-05-27 09:30:00
1779876000000,75876.7,76009.6,75850.0,75956.9,816.4471,2026-05-27 10:00:00
1779877800000,75956.8,75978.4,75840.0,75862.7,760.8745,2026-05-27 10:30:00
1779879600000,75862.6,75997.2,75842.3,75891.2,776.013,2026-05-27 11:00:00
1779881400000,75891.2,75891.2,75718.6,75741.3,1209.2166,2026-05-27 11:30:00
1779883200000,75741.3,76157.1,75537.1,75913.5,3219.3024,2026-05-27 12:00:00
1779885000000,75913.4,75970.0,75656.0,75656.0,1423.4616,2026-05-27 12:30:00
1779886800000,75656.0,75740.2,75166.7,75170.1,4548.2888,2026-05-27 13:00:00
1779888600000,75170.2,75302.0,74835.0,75053.1,7686.0974,2026-05-27 13:30:00
1779890400000,75053.0,75247.6,74710.0,74851.6,4704.4508,2026-05-27 14:00:00
1779892200000,74851.6,75134.5,74780.0,75010.2,2341.3071,2026-05-27 14:30:00
1779894000000,75010.2,75380.0,74944.0,75323.8,2519.1029,2026-05-27 15:00:00
1779895800000,75323.9,75474.0,75109.7,75297.0,2158.6447,2026-05-27 15:30:00
1779897600000,75297.0,75375.0,75012.0,75058.6,1456.5004,2026-05-27 16:00:00
1779899400000,75058.7,75288.0,74956.7,75270.0,1299.3884,2026-05-27 16:30:00
1779901200000,75270.0,75319.2,74837.9,74972.7,2110.899,2026-05-27 17:00:00
1779903000000,74972.8,75010.0,74633.2,74837.5,1782.6833,2026-05-27 17:30:00
1779904800000,74837.4,74910.2,74621.1,74884.0,1860.1695,2026-05-27 18:00:00
1779906600000,74883.9,75010.2,74852.8,74998.9,790.9462,2026-05-27 18:30:00
1779908400000,74998.8,75058.8,74936.0,75009.2,755.84,2026-05-27 19:00:00
1779910200000,75009.3,75073.6,74920.7,75040.7,948.2398,2026-05-27 19:30:00
1779912000000,75040.7,75385.2,75029.1,75244.9,1925.7277,2026-05-27 20:00:00
1779913800000,75244.9,75261.9,75180.0,75237.3,530.6961,2026-05-27 20:30:00
1779915600000,75237.3,75237.4,75070.8,75070.8,629.6268,2026-05-27 21:00:00
1779917400000,75070.8,75070.9,74310.0,74439.7,4592.4168,2026-05-27 21:30:00
1779919200000,74439.7,74740.7,74222.0,74565.7,2954.1987,2026-05-27 22:00:00
1779921000000,74565.7,74631.8,74379.6,74389.4,1050.6455,2026-05-27 22:30:00
1779922800000,74389.4,74539.6,74210.0,74267.8,1651.1457,2026-05-27 23:00:00
1779924600000,74267.8,74461.3,74230.1,74414.1,1219.85,2026-05-27 23:30:00
1779926400000,74414.0,74555.0,74329.1,74441.2,1190.4651,2026-05-28 00:00:00
1779928200000,74441.2,74548.0,74417.1,74536.1,964.5745,2026-05-28 00:30:00
1779930000000,74536.1,74559.9,74116.6,74250.1,2512.6393,2026-05-28 01:00:00
1779931800000,74250.1,74377.1,74136.0,74306.6,1153.9665,2026-05-28 01:30:00
1779933600000,74306.6,74367.6,74141.0,74177.0,943.7082,2026-05-28 02:00:00
1779935400000,74177.0,74328.0,74061.1,74248.6,1484.9612,2026-05-28 02:30:00
1779937200000,74248.5,74350.0,73399.3,73713.8,9428.6518,2026-05-28 03:00:00
1779939000000,73713.8,73759.6,73031.3,73228.1,9735.0637,2026-05-28 03:30:00
1779940800000,73228.0,73232.4,72678.1,72982.5,8683.9599,2026-05-28 04:00:00
1779942600000,72982.5,73177.0,72921.2,73155.0,1848.5935,2026-05-28 04:30:00
1779944400000,73154.9,73162.5,72872.5,72923.5,1999.0962,2026-05-28 05:00:00
1779946200000,72923.5,73048.8,72880.0,72960.2,1509.0602,2026-05-28 05:30:00
1779948000000,72960.2,73009.4,72839.2,72908.7,1333.3575,2026-05-28 06:00:00
1779949800000,72908.6,73187.8,72713.6,73174.4,2705.7871,2026-05-28 06:30:00
1779951600000,73174.4,73300.0,73119.7,73223.2,1713.2751,2026-05-28 07:00:00
1779953400000,73223.2,73468.0,73223.1,73457.4,1812.9087,2026-05-28 07:30:00
1779955200000,73457.4,73467.9,73188.3,73235.0,1259.1709,2026-05-28 08:00:00
1779957000000,73235.0,73337.6,73172.6,73283.8,768.1785,2026-05-28 08:30:00
1779958800000,73283.7,73381.5,73225.9,73369.0,662.5499,2026-05-28 09:00:00
1779960600000,73369.1,73539.1,73326.0,73500.5,1248.4012,2026-05-28 09:30:00
1779962400000,73500.6,73592.7,73306.6,73394.7,1327.4802,2026-05-28 10:00:00
1779964200000,73394.7,73559.0,73333.3,73354.6,1019.1774,2026-05-28 10:30:00
1779966000000,73354.6,73428.0,73303.1,73325.0,779.2754,2026-05-28 11:00:00
1779967800000,73324.9,73504.7,73274.6,73474.1,940.2806,2026-05-28 11:30:00
1779969600000,73474.0,73489.2,73220.0,73353.5,1067.4047,2026-05-28 12:00:00
1779971400000,73353.5,73550.0,73322.0,73494.5,1180.5714,2026-05-28 12:30:00
1779973200000,73494.4,73545.0,72933.9,73135.3,2843.2106,2026-05-28 13:00:00
1779975000000,73135.2,73139.5,72742.1,72994.0,4549.6842,2026-05-28 13:30:00
1779976800000,72994.0,73545.0,72554.0,72946.6,9877.295,2026-05-28 14:00:00
1779978600000,72946.6,73036.1,72666.0,73000.8,3646.6594,2026-05-28 14:30:00
1779980400000,73000.9,73166.7,72672.9,72939.8,3219.1436,2026-05-28 15:00:00
1779982200000,72939.8,73041.8,72806.0,72898.2,1471.1313,2026-05-28 15:30:00
1779984000000,72898.3,73284.2,72714.7,73125.1,2790.0421,2026-05-28 16:00:00
1779985800000,73125.1,73420.0,73125.1,73418.7,1847.735,2026-05-28 16:30:00
1779987600000,73418.7,73485.4,73278.4,73332.6,2001.248,2026-05-28 17:00:00
1779989400000,73332.6,73726.2,73297.0,73513.5,2748.3608,2026-05-28 17:30:00
1779991200000,73513.5,73719.9,73480.1,73559.7,1419.3314,2026-05-28 18:00:00
1779993000000,73559.7,73715.2,73542.8,73627.4,700.7806,2026-05-28 18:30:00
1779994800000,73627.5,73627.5,73378.1,73529.9,1008.8872,2026-05-28 19:00:00
1779996600000,73529.9,73568.4,73321.0,73388.7,1132.2561,2026-05-28 19:30:00
1779998400000,73388.7,73641.9,73207.7,73620.3,2528.996,2026-05-28 20:00:00
1780000200000,73620.3,73686.0,73534.8,73547.3,782.373,2026-05-28 20:30:00
1780002000000,73547.3,73721.3,73522.7,73660.4,697.8103,2026-05-28 21:00:00
1780003800000,73660.4,73923.9,73656.2,73790.4,1499.1433,2026-05-28 21:30:00
1780005600000,73790.4,73920.0,73570.6,73575.8,845.6297,2026-05-28 22:00:00
1780007400000,73575.7,73588.3,73420.0,73434.0,675.8745,2026-05-28 22:30:00
1780009200000,73434.0,73675.0,73433.9,73652.1,733.2544,2026-05-28 23:00:00
1780011000000,73652.0,73698.8,73500.0,73586.0,455.6016,2026-05-28 23:30:00
1780012800000,73586.1,73832.5,73586.0,73745.1,1207.6007,2026-05-29 00:00:00
1780014600000,73745.1,73828.7,73655.3,73694.9,668.0024,2026-05-29 00:30:00
1780016400000,73694.9,73837.0,73544.3,73570.0,1356.8018,2026-05-29 01:00:00
1780018200000,73570.0,73597.3,73435.0,73560.2,753.6703,2026-05-29 01:30:00
1780020000000,73560.1,73628.7,73339.0,73356.3,964.9946,2026-05-29 02:00:00
1780021800000,73356.3,73462.1,73160.2,73202.6,1700.4183,2026-05-29 02:30:00
1780023600000,73202.6,73431.9,73202.5,73369.2,771.6237,2026-05-29 03:00:00
1780025400000,73369.1,73421.8,73240.0,73275.1,488.3592,2026-05-29 03:30:00
1780027200000,73275.1,73356.2,73181.0,73343.2,751.5311,2026-05-29 04:00:00
1780029000000,73343.1,73497.0,73321.9,73471.9,738.3406,2026-05-29 04:30:00
1780030800000,73471.8,73608.8,73465.3,73552.2,891.992,2026-05-29 05:00:00
1780032600000,73552.1,73690.0,73463.8,73664.1,1088.5049,2026-05-29 05:30:00
1780034400000,73664.0,73899.0,73600.0,73728.4,1958.8881,2026-05-29 06:00:00
1780036200000,73728.4,73771.0,73630.0,73744.6,714.6036,2026-05-29 06:30:00
1780038000000,73744.5,73786.5,73706.4,73724.1,925.3754,2026-05-29 07:00:00
1780039800000,73724.1,73724.1,73335.0,73480.1,3171.9317,2026-05-29 07:30:00
1780041600000,73480.1,73793.2,73480.1,73739.0,1776.8631,2026-05-29 08:00:00
1780043400000,73739.0,73785.7,73566.2,73611.2,1235.4619,2026-05-29 08:30:00
1780045200000,73611.2,73877.5,73603.7,73842.6,1517.735,2026-05-29 09:00:00
1780047000000,73842.6,73849.9,73659.1,73698.2,1123.7567,2026-05-29 09:30:00
1780048800000,73698.2,73698.3,73566.7,73591.6,849.4622,2026-05-29 10:00:00
1780050600000,73591.7,73698.5,73542.5,73597.0,777.3654,2026-05-29 10:30:00
1780052400000,73597.0,73665.7,73517.8,73531.8,493.7215,2026-05-29 11:00:00
1780054200000,73531.8,73550.0,73303.7,73440.0,1108.6295,2026-05-29 11:30:00
1780056000000,73440.0,73440.3,73282.4,73300.0,1049.2064,2026-05-29 12:00:00
1780057800000,73300.0,73349.9,73170.0,73264.8,1513.7163,2026-05-29 12:30:00
1780059600000,73264.8,73272.7,72935.1,73040.8,2677.2995,2026-05-29 13:00:00
1780061400000,73040.8,73319.0,72870.2,73114.2,3209.1806,2026-05-29 13:30:00
1780063200000,73114.2,73177.6,72436.9,72686.7,6038.0217,2026-05-29 14:00:00
1780065000000,72686.6,73177.4,72538.4,73059.2,6117.6969,2026-05-29 14:30:00
1780066800000,73059.2,73741.5,72966.4,73623.6,7726.0671,2026-05-29 15:00:00
1780068600000,73623.6,74159.0,73618.8,73764.6,8093.9084,2026-05-29 15:30:00
1780070400000,73764.7,73983.9,73520.1,73610.4,2970.4411,2026-05-29 16:00:00
1780072200000,73610.4,74077.0,73601.5,74006.5,3638.4219,2026-05-29 16:30:00
1780074000000,74006.6,74299.0,73888.0,74177.3,4151.0807,2026-05-29 17:00:00
1780075800000,74177.4,74280.8,73874.0,73939.1,1984.4084,2026-05-29 17:30:00
1780077600000,73939.2,74025.0,73677.1,73746.0,1999.2315,2026-05-29 18:00:00
1780079400000,73746.0,73817.6,73132.8,73339.8,4008.3628,2026-05-29 18:30:00
1780081200000,73339.7,73470.0,73200.0,73300.7,1752.9068,2026-05-29 19:00:00
1780083000000,73300.7,73697.2,73300.7,73487.2,1781.621,2026-05-29 19:30:00
1780084800000,73487.1,73724.8,73480.0,73668.6,1039.2105,2026-05-29 20:00:00
1780086600000,73668.7,73720.0,73577.0,73636.0,464.004,2026-05-29 20:30:00
1780088400000,73635.9,73822.8,73492.7,73499.5,863.1186,2026-05-29 21:00:00
1780090200000,73499.5,73583.5,73375.4,73385.2,691.8303,2026-05-29 21:30:00
1780092000000,73385.3,73539.1,73341.7,73489.7,524.8412,2026-05-29 22:00:00
1780093800000,73489.6,73523.1,73365.2,73450.0,614.0521,2026-05-29 22:30:00
1780095600000,73450.0,73478.6,73280.6,73354.8,735.5728,2026-05-29 23:00:00
1780097400000,73354.8,73469.2,73288.6,73431.4,478.9794,2026-05-29 23:30:00
1780099200000,73431.4,73510.0,73397.3,73430.2,485.6312,2026-05-30 00:00:00
1780101000000,73430.2,73550.0,73377.2,73468.6,674.4058,2026-05-30 00:30:00
1780102800000,73468.5,73627.8,73432.1,73594.0,667.8296,2026-05-30 01:00:00
1780104600000,73594.0,73632.2,73555.0,73620.0,422.9629,2026-05-30 01:30:00
1780106400000,73620.0,73668.0,73570.4,73591.5,422.7873,2026-05-30 02:00:00
1780108200000,73591.5,73749.9,73591.4,73749.8,498.0623,2026-05-30 02:30:00
1780110000000,73749.9,73758.5,73625.0,73627.1,528.7587,2026-05-30 03:00:00
1780111800000,73627.0,73627.1,73479.1,73492.0,809.7221,2026-05-30 03:30:00
1780113600000,73492.0,73544.0,73230.2,73306.4,1410.7409,2026-05-30 04:00:00
1780115400000,73306.4,73369.3,73155.1,73361.2,1550.1996,2026-05-30 04:30:00
1780117200000,73361.2,73588.8,73306.5,73476.4,1497.8374,2026-05-30 05:00:00
1780119000000,73476.3,73599.9,73476.3,73561.9,443.0099,2026-05-30 05:30:00
1780120800000,73561.9,73597.3,73481.4,73574.4,519.0582,2026-05-30 06:00:00
1780122600000,73574.5,73680.0,73517.0,73536.0,826.3967,2026-05-30 06:30:00
1780124400000,73536.0,73546.5,73488.0,73517.6,439.0477,2026-05-30 07:00:00
1780126200000,73517.6,73544.4,73441.3,73519.7,472.3357,2026-05-30 07:30:00
1780128000000,73519.7,73524.4,73471.3,73517.7,325.8655,2026-05-30 08:00:00
1780129800000,73517.6,73517.7,73463.6,73483.7,317.8925,2026-05-30 08:30:00
1780131600000,73483.7,73549.7,73465.0,73535.3,325.8869,2026-05-30 09:00:00
1780133400000,73535.3,73575.0,73513.5,73568.8,236.8997,2026-05-30 09:30:00
1780135200000,73568.8,73649.9,73553.2,73593.8,493.25,2026-05-30 10:00:00
1780137000000,73593.8,73624.8,73571.5,73610.0,319.6096,2026-05-30 10:30:00
1780138800000,73609.9,73615.0,73518.5,73551.6,418.4645,2026-05-30 11:00:00
1780140600000,73551.6,73600.0,73541.4,73564.0,216.6954,2026-05-30 11:30:00
1780142400000,73564.1,73645.5,73551.9,73615.0,352.3957,2026-05-30 12:00:00
1780144200000,73614.9,73688.0,73614.9,73657.6,536.1052,2026-05-30 12:30:00
1780146000000,73657.5,73796.4,73655.8,73731.9,1136.0591,2026-05-30 13:00:00
1780147800000,73732.0,73797.8,73629.7,73788.3,719.4954,2026-05-30 13:30:00
1780149600000,73788.3,74030.3,73773.8,74010.6,2198.9396,2026-05-30 14:00:00
1780151400000,74010.7,74069.3,73872.0,73887.9,1188.4038,2026-05-30 14:30:00
1780153200000,73887.9,74008.0,73810.7,73907.7,1198.3604,2026-05-30 15:00:00
1780155000000,73907.7,73934.7,73789.3,73889.6,819.5913,2026-05-30 15:30:00
1780156800000,73889.7,73950.0,73846.5,73876.7,490.484,2026-05-30 16:00:00
1780158600000,73876.7,73948.9,73868.6,73901.4,227.4623,2026-05-30 16:30:00
1780160400000,73901.5,73991.6,73836.0,73903.2,510.7435,2026-05-30 17:00:00
1780162200000,73903.2,73990.0,73768.3,73984.3,634.7723,2026-05-30 17:30:00
1780164000000,73984.3,74096.9,73909.7,73937.4,776.7882,2026-05-30 18:00:00
1780165800000,73937.4,74119.8,73924.5,74000.1,605.916,2026-05-30 18:30:00
1780167600000,74000.1,74031.7,73951.5,73951.6,299.5051,2026-05-30 19:00:00
1780169400000,73951.5,74031.6,73931.4,73976.1,499.3559,2026-05-30 19:30:00
1780171200000,73976.2,73979.7,73888.6,73924.1,271.9918,2026-05-30 20:00:00
1780173000000,73924.1,73946.2,73884.0,73941.3,239.5211,2026-05-30 20:30:00
1780174800000,73941.3,73969.5,73923.8,73951.2,160.6381,2026-05-30 21:00:00
1780176600000,73951.3,74019.1,73888.6,73944.1,332.6792,2026-05-30 21:30:00
1780178400000,73944.1,73944.2,73788.0,73860.0,422.5339,2026-05-30 22:00:00
1780180200000,73859.9,73860.0,73750.0,73836.8,345.6763,2026-05-30 22:30:00
1780182000000,73836.9,73959.9,73785.0,73811.9,556.679,2026-05-30 23:00:00
1780183800000,73811.9,73850.1,73742.7,73850.0,350.6709,2026-05-30 23:30:00
1780185600000,73850.1,73989.0,73814.1,73926.8,548.7394,2026-05-31 00:00:00
1780187400000,73926.7,73997.9,73878.0,73992.2,392.9357,2026-05-31 00:30:00
1780189200000,73992.2,74244.7,73980.7,74067.9,1657.7127,2026-05-31 01:00:00
1780191000000,74067.9,74180.0,74010.1,74011.4,653.0086,2026-05-31 01:30:00
1780192800000,74011.4,74200.0,73928.0,73928.8,830.4376,2026-05-31 02:00:00
1780194600000,73928.9,74068.9,73850.0,74052.3,835.1559,2026-05-31 02:30:00
1780196400000,74052.4,74192.2,74029.8,74168.4,622.7059,2026-05-31 03:00:00
1780198200000,74168.5,74186.6,74091.1,74110.1,348.4289,2026-05-31 03:30:00
1780200000000,74110.1,74180.0,74062.7,74140.5,358.3487,2026-05-31 04:00:00
1780201800000,74140.4,74179.0,74101.4,74140.0,272.8289,2026-05-31 04:30:00
1780203600000,74140.0,74167.4,74080.6,74128.1,298.8519,2026-05-31 05:00:00
1780205400000,74128.1,74140.4,74011.0,74021.0,340.4534,2026-05-31 05:30:00
1780207200000,74021.0,74021.1,73948.0,73986.0,454.7072,2026-05-31 06:00:00
1780209000000,73986.0,74074.3,73980.0,74021.6,271.8335,2026-05-31 06:30:00
1780210800000,74021.5,74021.5,73850.0,73855.3,633.5713,2026-05-31 07:00:00
1780212600000,73855.4,73869.7,73796.0,73830.0,871.577,2026-05-31 07:30:00
1780214400000,73829.9,73943.1,73824.9,73935.9,561.267,2026-05-31 08:00:00
1780216200000,73936.0,73936.7,73808.1,73900.3,509.5444,2026-05-31 08:30:00
1780218000000,73900.3,73937.2,73818.1,73917.4,551.0993,2026-05-31 09:00:00
1780219800000,73917.5,73986.8,73766.0,73806.3,555.3947,2026-05-31 09:30:00
1780221600000,73806.4,73828.3,73668.0,73763.9,990.8511,2026-05-31 10:00:00
1780223400000,73763.9,73864.7,73763.9,73859.5,399.8629,2026-05-31 10:30:00
1780225200000,73859.4,73933.0,73851.5,73933.0,408.0714,2026-05-31 11:00:00
1780227000000,73933.0,73943.0,73872.7,73910.6,346.9239,2026-05-31 11:30:00
1780228800000,73910.7,73975.2,73834.8,73902.7,683.0685,2026-05-31 12:00:00
1780230600000,73902.7,73953.4,73852.0,73886.1,302.6853,2026-05-31 12:30:00
1780232400000,73886.2,73999.0,73839.7,73930.3,359.9987,2026-05-31 13:00:00
1780234200000,73930.4,73942.1,73773.5,73835.4,367.8807,2026-05-31 13:30:00
1780236000000,73835.3,73835.4,73467.1,73559.5,3439.9651,2026-05-31 14:00:00
1780237800000,73559.5,73730.5,73549.2,73571.7,1549.2132,2026-05-31 14:30:00
1780239600000,73571.7,73752.8,73549.3,73699.9,1079.3415,2026-05-31 15:00:00
1780241400000,73700.0,73716.0,73576.1,73622.6,566.7836,2026-05-31 15:30:00
1780243200000,73622.6,73694.0,73480.0,73572.7,707.7597,2026-05-31 16:00:00
1780245000000,73572.6,73572.6,73353.0,73494.4,1821.5178,2026-05-31 16:30:00
1780246800000,73494.4,73567.8,73420.5,73564.3,358.7198,2026-05-31 17:00:00
1780248600000,73564.3,73704.1,73564.2,73680.0,827.8675,2026-05-31 17:30:00
1780250400000,73680.0,73688.3,73569.2,73600.9,546.4528,2026-05-31 18:00:00
1780252200000,73601.0,73700.0,73544.9,73577.5,380.0449,2026-05-31 18:30:00
1780254000000,73577.5,73626.3,73423.0,73500.2,447.8733,2026-05-31 19:00:00
1780255800000,73500.2,73544.4,73418.9,73527.5,356.4434,2026-05-31 19:30:00
1780257600000,73527.6,73715.2,73527.6,73655.1,773.9452,2026-05-31 20:00:00
1780259400000,73655.0,73740.5,73639.9,73712.9,252.5117,2026-05-31 20:30:00
1780261200000,73712.9,73725.9,73591.4,73614.0,425.188,2026-05-31 21:00:00
1780263000000,73614.0,73919.1,73593.0,73855.0,1133.4079,2026-05-31 21:30:00
1780264800000,73855.0,73966.0,73644.3,73850.0,1062.8266,2026-05-31 22:00:00
1780266600000,73850.1,73971.5,73829.8,73909.7,400.1296,2026-05-31 22:30:00
1780268400000,73909.8,74168.0,73753.5,73792.9,1570.3309,2026-05-31 23:00:00
1780270200000,73792.8,73798.2,73456.1,73649.1,1335.3435,2026-05-31 23:30:00
1780272000000,73649.2,73944.3,73616.5,73928.7,934.5677,2026-06-01 00:00:00
1780273800000,73928.8,74061.0,73789.0,73850.9,1160.4896,2026-06-01 00:30:00
1780275600000,73851.0,73879.5,73530.1,73563.3,1245.2422,2026-06-01 01:00:00
1780277400000,73563.2,73613.8,73235.0,73255.3,1954.7595,2026-06-01 01:30:00
1780279200000,73255.2,73530.0,73166.9,73495.2,1837.9181,2026-06-01 02:00:00
1780281000000,73495.1,73848.0,73431.6,73751.7,1806.6557,2026-06-01 02:30:00
1780282800000,73751.8,73986.1,73751.8,73876.2,1601.855,2026-06-01 03:00:00
1780284600000,73876.2,73952.1,73678.0,73722.2,1379.3665,2026-06-01 03:30:00
1780286400000,73722.3,73800.0,73357.7,73364.5,1703.0416,2026-06-01 04:00:00
1780288200000,73364.5,73556.9,73304.5,73485.6,1326.6489,2026-06-01 04:30:00
1780290000000,73485.6,73496.8,73304.6,73304.6,783.6017,2026-06-01 05:00:00
1780291800000,73304.6,73441.9,73285.0,73318.9,634.3759,2026-06-01 05:30:00
1780293600000,73318.9,73340.1,73106.1,73157.1,1826.6339,2026-06-01 06:00:00
1780295400000,73157.1,73211.2,72924.7,73108.9,2486.7587,2026-06-01 06:30:00
1780297200000,73109.0,73168.0,72900.1,72950.0,1435.9817,2026-06-01 07:00:00
1780299000000,72950.0,72967.7,72665.0,72777.0,2519.3492,2026-06-01 07:30:00
1780300800000,72777.0,72839.1,72600.0,72707.5,1526.5985,2026-06-01 08:00:00
1780302600000,72707.4,72896.0,72588.0,72881.8,1980.2234,2026-06-01 08:30:00
1780304400000,72881.8,73078.6,72881.8,72977.8,1498.6527,2026-06-01 09:00:00
1780306200000,72977.7,73020.4,72779.1,72862.7,1529.4763,2026-06-01 09:30:00
1780308000000,72862.7,72880.0,72640.4,72683.7,1692.4371,2026-06-01 10:00:00
1780309800000,72683.8,72778.7,72555.0,72730.3,1743.774,2026-06-01 10:30:00
1780311600000,72730.3,72748.9,72623.0,72645.1,681.387,2026-06-01 11:00:00
1780313400000,72645.0,72744.6,72235.7,72453.9,5225.9793,2026-06-01 11:30:00
1780315200000,72453.9,72576.6,71878.1,72195.8,10100.6286,2026-06-01 12:00:00
1780317000000,72195.8,72299.9,72075.0,72186.7,1952.0121,2026-06-01 12:30:00
1780318800000,72186.7,72210.9,71700.0,71791.5,7120.1171,2026-06-01 13:00:00
1780320600000,71791.5,72074.3,71343.2,71685.1,10312.6901,2026-06-01 13:30:00
1780322400000,71685.1,71862.9,71456.1,71510.3,4818.9057,2026-06-01 14:00:00
1780324200000,71510.3,71600.1,71397.6,71551.1,3691.4013,2026-06-01 14:30:00
1780326000000,71551.1,71655.0,71023.1,71061.9,5715.8535,2026-06-01 15:00:00
1780327800000,71062.0,71474.2,71051.4,71108.0,4392.0656,2026-06-01 15:30:00
1780329600000,71107.9,71180.0,70668.0,71081.4,8683.8986,2026-06-01 16:00:00
1780331400000,71081.3,71578.9,71022.1,71535.5,4717.4184,2026-06-01 16:30:00
1780333200000,71535.5,71712.0,71433.8,71704.3,2798.5024,2026-06-01 17:00:00
1780335000000,71704.2,71779.7,71508.0,71609.5,3030.3793,2026-06-01 17:30:00
1780336800000,71609.5,71666.0,71344.5,71522.3,1456.076,2026-06-01 18:00:00
1780338600000,71522.3,71653.3,71369.4,71464.7,1142.3513,2026-06-01 18:30:00
1780340400000,71464.8,71594.6,71351.1,71594.5,918.1988,2026-06-01 19:00:00
1780342200000,71594.5,71649.9,71484.4,71574.5,1051.7819,2026-06-01 19:30:00
1780344000000,71574.5,71679.2,71488.0,71581.8,846.07,2026-06-01 20:00:00
1780345800000,71581.8,71650.0,71394.0,71424.8,443.8756,2026-06-01 20:30:00
1780347600000,71424.8,71424.9,71050.1,71127.4,1739.0011,2026-06-01 21:00:00
1780349400000,71127.4,71140.0,70906.0,71012.2,1351.3626,2026-06-01 21:30:00
1780351200000,71012.3,71323.2,70812.1,71261.5,1990.571,2026-06-01 22:00:00
1780353000000,71261.5,71443.5,71055.4,71383.0,1302.2102,2026-06-01 22:30:00
1780354800000,71383.0,71462.1,71217.8,71217.9,1060.0158,2026-06-01 23:00:00
1780356600000,71217.8,71572.7,71200.0,71389.7,1563.1925,2026-06-01 23:30:00
1780358400000,71389.7,71391.8,71128.2,71213.8,1066.4668,2026-06-02 00:00:00
1780360200000,71213.9,71283.3,71067.4,71265.4,737.3258,2026-06-02 00:30:00
1780362000000,71265.5,71353.0,71181.8,71189.2,627.2677,2026-06-02 01:00:00
1780363800000,71189.1,71209.7,70568.0,70630.2,3662.301,2026-06-02 01:30:00
1780365600000,70630.2,70807.8,70039.9,70787.7,9291.8192,2026-06-02 02:00:00
1780367400000,70787.6,70858.0,70554.3,70829.0,2319.8716,2026-06-02 02:30:00
1780369200000,70828.9,71020.0,70779.3,70934.0,2172.2308,2026-06-02 03:00:00
1780371000000,70934.0,70997.9,70888.0,70930.1,1012.4577,2026-06-02 03:30:00
1780372800000,70930.1,71000.0,70681.6,70941.0,2025.2773,2026-06-02 04:00:00
1780374600000,70941.1,71031.0,70733.9,70789.1,1613.4703,2026-06-02 04:30:00
1780376400000,70789.0,70821.7,70557.9,70579.6,2107.7744,2026-06-02 05:00:00
1780378200000,70579.7,70709.0,70241.0,70247.3,4239.6535,2026-06-02 05:30:00
1780380000000,70247.2,70433.8,70189.2,70351.3,2464.794,2026-06-02 06:00:00
1780381800000,70351.2,70410.9,69891.5,70091.1,5327.6264,2026-06-02 06:30:00
1780383600000,70091.1,70253.6,69690.2,69888.6,5987.2506,2026-06-02 07:00:00
1780385400000,69888.5,70222.0,69877.2,70087.0,2865.1456,2026-06-02 07:30:00
1780387200000,70086.9,70153.5,69840.0,69999.7,2032.1238,2026-06-02 08:00:00
1780389000000,69999.6,70066.0,69671.1,69800.8,2206.7308,2026-06-02 08:30:00
1780390800000,69800.9,69836.8,69288.0,69376.6,5965.1574,2026-06-02 09:00:00
1780392600000,69376.7,69550.0,69323.0,69402.0,2608.9724,2026-06-02 09:30:00
1780394400000,69402.0,69740.5,69330.4,69614.9,3704.8157,2026-06-02 10:00:00
1780396200000,69614.9,69681.6,69420.0,69625.0,1877.8393,2026-06-02 10:30:00
1780398000000,69625.0,69640.0,69403.1,69475.0,1293.1314,2026-06-02 11:00:00
1780399800000,69475.1,69588.0,69370.0,69435.1,1008.3665,2026-06-02 11:30:00
1780401600000,69435.2,69532.9,69201.1,69269.7,3457.3621,2026-06-02 12:00:00
1780403400000,69269.7,69269.7,68950.0,68990.7,5600.7255,2026-06-02 12:30:00
1780405200000,68990.6,69160.0,68837.0,68999.0,5099.2007,2026-06-02 13:00:00
1780407000000,68999.0,69093.2,68748.9,68795.3,5291.1449,2026-06-02 13:30:00
1780408800000,68795.3,68820.6,67586.0,67880.0,19468.0434,2026-06-02 14:00:00
1780410600000,67880.0,68264.0,67851.3,68007.3,8403.8538,2026-06-02 14:30:00
1780412400000,68007.3,68083.6,67333.0,67429.6,9532.3547,2026-06-02 15:00:00
1780414200000,67429.6,67494.8,67055.0,67281.0,11110.364,2026-06-02 15:30:00
1780416000000,67281.1,68132.3,67204.0,67838.1,9523.3485,2026-06-02 16:00:00
1780417800000,67838.1,67849.0,67374.9,67392.3,4596.4934,2026-06-02 16:30:00
1780419600000,67392.3,67798.8,67352.5,67713.4,3108.4312,2026-06-02 17:00:00
1780421400000,67713.4,67821.9,67360.8,67461.6,2370.691,2026-06-02 17:30:00
1780423200000,67461.6,67633.0,67250.0,67275.8,2376.5199,2026-06-02 18:00:00
1780425000000,67275.8,67343.8,67088.0,67310.1,2483.9837,2026-06-02 18:30:00
1780426800000,67310.1,67406.7,66893.1,66946.7,4270.8639,2026-06-02 19:00:00
1780428600000,66946.7,67474.9,66351.2,67284.4,11025.8025,2026-06-02 19:30:00
1780430400000,67284.5,67450.0,66878.0,66917.6,3698.8691,2026-06-02 20:00:00
1780432200000,66917.5,67650.0,66910.6,67548.0,2759.8226,2026-06-02 20:30:00
1780434000000,67548.0,67907.0,67372.6,67852.0,2777.7935,2026-06-02 21:00:00
1780435800000,67851.9,67891.9,67468.8,67533.5,1170.8469,2026-06-02 21:30:00
1780437600000,67533.5,67533.6,66898.2,67257.4,2841.1374,2026-06-02 22:00:00
1780439400000,67257.5,67283.7,66175.2,66365.1,6859.6237,2026-06-02 22:30:00
1780441200000,66365.2,66742.3,66155.1,66415.1,5538.8636,2026-06-02 23:00:00
1780443000000,66415.1,66840.0,66220.0,66722.6,3252.9077,2026-06-02 23:30:00
1780444800000,66722.7,67090.1,66613.8,66745.9,3741.1804,2026-06-03 00:00:00
1780446600000,66745.9,67182.9,66667.0,66904.6,2172.1093,2026-06-03 00:30:00
1780448400000,66904.6,67016.3,66633.0,66989.7,1814.7171,2026-06-03 01:00:00
1780450200000,66989.6,67027.8,66432.1,66881.9,3190.5607,2026-06-03 01:30:00
1780452000000,66881.9,66919.2,66606.4,66629.0,1425.7967,2026-06-03 02:00:00
1780453800000,66628.9,66826.5,66550.8,66589.9,1106.089,2026-06-03 02:30:00
1780455600000,66589.9,66639.3,66058.3,66129.0,3628.0068,2026-06-03 03:00:00
1780457400000,66129.0,66240.0,65398.3,65823.7,9964.1909,2026-06-03 03:30:00
1780459200000,65823.6,66598.3,65790.5,66546.9,5659.2241,2026-06-03 04:00:00
1780461000000,66547.0,66547.0,66237.1,66436.8,1770.9331,2026-06-03 04:30:00
1780462800000,66436.8,67254.4,66436.8,67068.0,6795.5066,2026-06-03 05:00:00
1780464600000,67067.9,67367.9,66740.6,67286.9,4109.1431,2026-06-03 05:30:00
1780466400000,67286.9,67341.2,67057.0,67210.4,2905.4273,2026-06-03 06:00:00
1780468200000,67210.4,67477.5,66916.4,66945.0,3455.5735,2026-06-03 06:30:00
1780470000000,66945.0,67300.0,66828.5,67154.0,2579.7041,2026-06-03 07:00:00
1780471800000,67154.0,67284.3,67040.9,67187.5,1356.3518,2026-06-03 07:30:00
1780473600000,67185.6,67222.0,66974.6,66995.4,1382.7572,2026-06-03 08:00:00
1780475400000,66995.4,67202.3,66940.4,66993.5,1556.5793,2026-06-03 08:30:00
1780477200000,66993.6,67072.5,66773.4,66809.7,2337.9772,2026-06-03 09:00:00
1780479000000,66809.7,67302.3,66620.8,67043.4,4354.8423,2026-06-03 09:30:00
1780480800000,67043.4,67450.0,67033.9,67285.2,2696.1275,2026-06-03 10:00:00
1780482600000,67285.1,67378.9,67141.8,67260.0,1560.7669,2026-06-03 10:30:00
1780484400000,67260.0,67342.9,67165.6,67304.1,897.5964,2026-06-03 11:00:00
1780486200000,67304.1,67304.1,67022.0,67039.8,1264.3221,2026-06-03 11:30:00
1780488000000,67039.9,67108.0,66754.9,67001.1,3005.7046,2026-06-03 12:00:00
1780489800000,67001.0,67140.1,66803.1,67053.0,1685.5297,2026-06-03 12:30:00
1780491600000,67052.9,67224.5,66805.0,66806.0,1947.7974,2026-06-03 13:00:00
1780493400000,66806.1,67167.9,66610.4,66886.2,5373.4648,2026-06-03 13:30:00
1780495200000,66886.1,66927.3,66633.0,66771.1,2706.4381,2026-06-03 14:00:00
1780497000000,66771.1,66978.2,66700.0,66840.1,1900.4014,2026-06-03 14:30:00
1780498800000,66840.2,66880.2,66239.9,66587.4,5986.5446,2026-06-03 15:00:00
1780500600000,66587.5,66672.8,66050.0,66057.6,5032.6454,2026-06-03 15:30:00
1780502400000,66057.6,66353.7,65528.5,65590.8,10403.6392,2026-06-03 16:00:00
1780504200000,65590.7,66057.4,65578.7,66040.1,3828.5793,2026-06-03 16:30:00
1780506000000,66040.2,66116.3,65688.0,65932.0,2665.343,2026-06-03 17:00:00
1780507800000,65931.9,66174.8,65780.9,65943.3,2169.1958,2026-06-03 17:30:00
1780509600000,65943.3,66081.9,65685.6,65883.5,2559.4103,2026-06-03 18:00:00
1780511400000,65883.5,66143.5,65770.0,66011.4,1499.6042,2026-06-03 18:30:00
1780513200000,66011.4,66032.5,65566.8,65631.4,1855.319,2026-06-03 19:00:00
1780515000000,65631.4,65825.4,65215.3,65436.6,4654.5408,2026-06-03 19:30:00
1780516800000,65436.6,65587.6,65227.5,65520.1,2654.237,2026-06-03 20:00:00
1780518600000,65520.1,65552.0,64684.3,64970.4,7704.2976,2026-06-03 20:30:00
1780520400000,64970.4,65566.0,64923.0,65484.8,2974.8505,2026-06-03 21:00:00
1780522200000,65484.8,65826.8,65250.2,65743.0,2839.6481,2026-06-03 21:30:00
1780524000000,65743.0,65815.9,64953.7,65132.9,3661.8646,2026-06-03 22:00:00
1780525800000,65132.8,65230.4,64745.1,64887.9,3173.9258,2026-06-03 22:30:00
1780527600000,64887.8,64953.2,64313.4,64480.0,6128.014,2026-06-03 23:00:00
1780529400000,64479.9,64599.2,64056.0,64117.3,4355.8776,2026-06-03 23:30:00
1780531200000,64117.2,64400.0,63313.9,63313.9,9236.4292,2026-06-04 00:00:00
1780533000000,63313.9,63786.7,62934.5,63316.0,12119.6144,2026-06-04 00:30:00
1780534800000,63316.1,63472.4,62519.0,62684.8,11165.9142,2026-06-04 01:00:00
1780536600000,62684.9,63136.1,62071.5,62152.0,9936.276,2026-06-04 01:30:00
1780538400000,62152.0,63068.0,61339.5,62957.5,22610.6552,2026-06-04 02:00:00
1780540200000,62957.4,63598.0,62856.5,63191.8,9146.1519,2026-06-04 02:30:00
1780542000000,63191.7,64100.0,63184.4,63884.8,8624.3798,2026-06-04 03:00:00
1780543800000,63884.7,64500.0,63870.0,64330.4,7011.5065,2026-06-04 03:30:00
1780545600000,64330.4,64737.3,64300.1,64530.7,4104.0638,2026-06-04 04:00:00
1780547400000,64530.7,64576.1,64229.0,64359.0,3480.3956,2026-06-04 04:30:00
1780549200000,64359.1,64359.1,63607.0,63811.8,6571.0576,2026-06-04 05:00:00
1780551000000,63811.7,64317.3,63735.2,63927.6,4398.7185,2026-06-04 05:30:00
1780552800000,63927.6,64458.9,63860.0,64231.4,2724.6568,2026-06-04 06:00:00
1780554600000,64231.3,64408.4,63945.7,64009.9,2105.9969,2026-06-04 06:30:00
1780556400000,64010.0,64041.8,63438.5,63676.6,6326.8672,2026-06-04 07:00:00
1780558200000,63676.7,64036.9,63564.8,63564.9,3563.3086,2026-06-04 07:30:00
1780560000000,63564.8,63879.2,63212.7,63464.2,6124.059,2026-06-04 08:00:00
1780561800000,63464.3,63737.0,63352.3,63600.2,2955.8378,2026-06-04 08:30:00
1780563600000,63600.2,63621.7,62777.2,62842.7,6120.0478,2026-06-04 09:00:00
1780565400000,62842.6,63255.0,62688.0,63249.6,5264.6698,2026-06-04 09:30:00
1780567200000,63249.6,63269.0,62464.6,62478.1,5180.3926,2026-06-04 10:00:00
1780569000000,62478.2,62776.7,62255.0,62389.0,9401.9041,2026-06-04 10:30:00
1780570800000,62389.0,62642.5,62182.7,62580.5,5450.9577,2026-06-04 11:00:00
1780572600000,62580.6,62816.5,62157.0,62516.7,4733.385,2026-06-04 11:30:00
1780574400000,62516.7,63373.8,62352.0,63230.2,6684.9732,2026-06-04 12:00:00
1780576200000,63230.2,63936.0,63119.5,63729.3,7917.2331,2026-06-04 12:30:00
1780578000000,63729.3,63810.0,63024.8,63199.0,6052.9869,2026-06-04 13:00:00
1780579800000,63198.9,64219.2,63164.0,64198.8,11432.9209,2026-06-04 13:30:00
1780581600000,64198.7,64455.0,63905.2,64103.4,6433.2224,2026-06-04 14:00:00
1780583400000,64103.3,64113.4,63747.2,63924.0,3109.3386,2026-06-04 14:30:00
1780585200000,63924.1,64378.0,63754.8,63952.0,5118.5913,2026-06-04 15:00:00
1780587000000,63952.0,64060.0,63630.0,63863.9,3113.0132,2026-06-04 15:30:00
1780588800000,63863.9,63899.5,63601.1,63617.5,2028.9276,2026-06-04 16:00:00
1780590600000,63617.6,63895.0,63422.8,63539.4,3641.6086,2026-06-04 16:30:00
1780592400000,63539.4,63691.8,63083.4,63200.0,3288.3263,2026-06-04 17:00:00
1780594200000,63199.9,63629.9,62910.0,63506.5,5032.8895,2026-06-04 17:30:00
1780596000000,63506.4,63877.0,63113.2,63871.6,3780.1327,2026-06-04 18:00:00
1780597800000,63871.7,64089.5,63701.0,63785.4,4080.5866,2026-06-04 18:30:00
1780599600000,63785.4,64137.8,63584.4,64092.1,3145.0041,2026-06-04 19:00:00
1780601400000,64092.1,64114.8,63492.3,63600.7,2194.2439,2026-06-04 19:30:00
1780603200000,63600.7,63610.9,63150.0,63317.0,2418.0493,2026-06-04 20:00:00
1780605000000,63316.9,63630.2,63308.6,63602.9,1174.0924,2026-06-04 20:30:00
1780606800000,63602.9,63859.3,63413.0,63478.8,1635.8675,2026-06-04 21:00:00
1780608600000,63478.9,63507.8,63070.7,63253.1,2075.6161,2026-06-04 21:30:00
1780610400000,63253.1,63475.3,63160.1,63322.3,1546.7257,2026-06-04 22:00:00
1780612200000,63322.2,63744.0,63195.9,63702.1,2058.62,2026-06-04 22:30:00
1780614000000,63702.2,63825.3,63342.1,63430.1,1795.2343,2026-06-04 23:00:00
1780615800000,63430.2,63887.0,63430.2,63847.8,1359.7415,2026-06-04 23:30:00
1780617600000,63847.7,63880.0,63557.3,63879.7,1555.1482,2026-06-05 00:00:00
1780619400000,63879.8,63958.1,63358.5,63389.7,1956.6999,2026-06-05 00:30:00
1780621200000,63389.7,63398.4,63014.7,63319.6,3326.0271,2026-06-05 01:00:00
1780623000000,63319.7,63540.6,63210.0,63339.9,1408.4842,2026-06-05 01:30:00
1780624800000,63339.9,63415.6,62658.0,62675.8,3909.5361,2026-06-05 02:00:00
1780626600000,62675.8,62928.3,62559.6,62589.4,3649.6394,2026-06-05 02:30:00
1780628400000,62589.3,62796.7,62300.0,62572.3,5256.6826,2026-06-05 03:00:00
1780630200000,62572.3,62869.1,62558.1,62706.4,2201.3839,2026-06-05 03:30:00
1780632000000,62706.4,63228.1,62461.3,63213.6,4013.253,2026-06-05 04:00:00
1780633800000,63213.6,63636.6,62819.1,63590.0,4898.5092,2026-06-05 04:30:00
1780635600000,63589.9,63664.8,63247.2,63480.0,2974.1646,2026-06-05 05:00:00
1780637400000,63480.1,63539.7,62237.0,62298.0,7070.7148,2026-06-05 05:30:00
1780639200000,62298.0,62610.0,61075.1,61647.8,20709.0111,2026-06-05 06:00:00
1780641000000,61647.7,62177.0,61603.0,61915.4,7140.4353,2026-06-05 06:30:00
1780642800000,61915.3,62327.1,61336.0,62220.1,6009.6928,2026-06-05 07:00:00
1780644600000,62220.1,63078.7,62151.3,63067.4,8127.0537,2026-06-05 07:30:00
1780646400000,63067.3,63092.0,62542.5,62777.6,4206.6946,2026-06-05 08:00:00
1780648200000,62777.7,62900.0,62246.9,62431.8,3154.6232,2026-06-05 08:30:00
1780650000000,62431.8,63262.2,62410.0,63087.1,5638.623,2026-06-05 09:00:00
1780651800000,63087.1,63097.2,62732.5,62827.3,1731.3241,2026-06-05 09:30:00
1780653600000,62827.3,62905.4,62437.7,62540.8,2162.8484,2026-06-05 10:00:00
1780655400000,62540.8,62690.4,62347.0,62506.4,1894.9965,2026-06-05 10:30:00
1780657200000,62506.1,62619.4,62207.0,62448.5,2640.4609,2026-06-05 11:00:00
1780659000000,62448.4,62492.6,61922.6,61935.0,3332.9535,2026-06-05 11:30:00
1780660800000,61935.0,62427.9,61617.0,62197.8,5611.6646,2026-06-05 12:00:00
1780662600000,62197.7,62397.1,61584.7,61934.5,4691.6829,2026-06-05 12:30:00
1780664400000,61934.4,62293.3,61857.4,62080.2,3060.3697,2026-06-05 13:00:00
1780666200000,62080.1,62299.0,60688.0,60688.1,14096.5534,2026-06-05 13:30:00
1780668000000,60688.0,61179.7,60264.4,60342.4,18911.0647,2026-06-05 14:00:00
1780669800000,60342.4,61144.2,60282.0,60825.2,8233.0826,2026-06-05 14:30:00
1780671600000,60825.3,61086.8,60468.0,60750.9,6991.8073,2026-06-05 15:00:00
1780673400000,60750.8,60823.0,60011.0,60394.3,10058.7553,2026-06-05 15:30:00
1780675200000,60394.4,61542.3,59727.1,60898.1,24744.0179,2026-06-05 16:00:00
1780677000000,60898.0,61440.0,60666.7,61354.9,5346.6081,2026-06-05 16:30:00
1780678800000,61354.9,61482.2,60608.0,60660.4,4135.6915,2026-06-05 17:00:00
1780680600000,60660.4,61118.9,60626.8,60782.7,2093.7154,2026-06-05 17:30:00
1780682400000,60782.8,60925.0,60081.3,60134.5,4214.1479,2026-06-05 18:00:00
1780684200000,60134.6,60312.0,59100.0,59362.4,13368.0076,2026-06-05 18:30:00
1780686000000,59362.5,59830.0,59078.4,59811.6,6287.1039,2026-06-05 19:00:00
1780687800000,59811.6,60434.0,59442.7,60267.2,5768.6211,2026-06-05 19:30:00
1780689600000,60267.2,61065.9,59906.4,60921.0,7396.7889,2026-06-05 20:00:00
1780691400000,60920.9,61756.3,60859.2,61584.1,5877.1977,2026-06-05 20:30:00
1780693200000,61584.0,61999.2,61536.0,61547.1,4695.3038,2026-06-05 21:00:00
1780695000000,61547.1,61909.4,61411.0,61635.0,1695.0425,2026-06-05 21:30:00
1780696800000,61635.0,61635.0,61177.5,61455.2,4505.241,2026-06-05 22:00:00
1780698600000,61455.2,61938.8,61350.1,61560.0,4305.9114,2026-06-05 22:30:00
1780700400000,61560.0,61767.3,60782.0,60913.4,4417.1384,2026-06-05 23:00:00
1780702200000,60913.4,61036.2,60466.8,61025.2,2927.8099,2026-06-05 23:30:00
1780704000000,61025.1,61493.0,61012.1,61274.0,2903.0815,2026-06-06 00:00:00
1780705800000,61274.0,61388.0,61133.8,61243.7,905.6024,2026-06-06 00:30:00
1780707600000,61243.8,61347.0,60931.2,61258.7,1649.9771,2026-06-06 01:00:00
1780709400000,61258.7,61261.6,60918.0,61025.0,1188.8777,2026-06-06 01:30:00
1780711200000,61025.1,61074.8,60627.2,60772.0,2320.5027,2026-06-06 02:00:00
1780713000000,60772.1,61156.8,60737.5,60921.1,1249.6653,2026-06-06 02:30:00
1780714800000,60921.1,60937.5,60685.1,60761.6,1411.6122,2026-06-06 03:00:00
1780716600000,60761.6,60765.9,60480.6,60654.1,2516.7862,2026-06-06 03:30:00
1780718400000,60654.2,60832.0,59800.6,59930.3,6374.4618,2026-06-06 04:00:00
1780720200000,59930.3,60267.9,59447.5,60070.8,6631.8308,2026-06-06 04:30:00
1780722000000,60070.9,61066.7,59575.8,60718.4,9032.3608,2026-06-06 05:00:00
1780723800000,60718.4,61034.2,60574.1,60918.8,3659.0952,2026-06-06 05:30:00
1780725600000,60918.7,61265.5,60917.4,60999.4,3706.8459,2026-06-06 06:00:00
1780727400000,60999.3,61152.6,60644.5,60757.8,2430.6537,2026-06-06 06:30:00
1780729200000,60757.7,61206.2,60700.1,60856.5,2711.5616,2026-06-06 07:00:00
1780731000000,60856.4,61070.2,60835.4,60971.6,1187.047,2026-06-06 07:30:00
1780732800000,60971.5,61426.0,60841.7,61370.4,2342.9712,2026-06-06 08:00:00
1780734600000,61370.3,61476.8,61181.4,61230.0,2523.5897,2026-06-06 08:30:00
1780736400000,61229.9,61296.5,61065.4,61281.2,1343.2962,2026-06-06 09:00:00
1780738200000,61281.1,61281.1,60833.3,60944.5,1781.5625,2026-06-06 09:30:00
1780740000000,60944.6,60953.1,60438.9,60496.0,3477.832,2026-06-06 10:00:00
1780741800000,60496.1,60585.9,60152.6,60558.0,4400.9251,2026-06-06 10:30:00
1780743600000,60558.0,60841.7,60506.9,60776.5,2318.0164,2026-06-06 11:00:00
1780745400000,60776.4,60947.6,60694.5,60774.9,1451.369,2026-06-06 11:30:00
1780747200000,60774.9,61073.1,60692.9,60695.4,2549.6942,2026-06-06 12:00:00
1780749000000,60695.4,61178.7,60601.0,61005.1,2420.9116,2026-06-06 12:30:00
1780750800000,61005.4,61075.0,60839.5,60852.5,949.5048,2026-06-06 13:00:00
1780752600000,60852.6,61033.0,60675.0,60779.1,1304.1767,2026-06-06 13:30:00
1780754400000,60779.1,60988.6,60738.0,60855.9,847.2736,2026-06-06 14:00:00
1780756200000,60855.8,60976.5,60744.0,60765.1,792.5134,2026-06-06 14:30:00
1780758000000,60765.1,60853.0,60356.5,60647.3,3172.277,2026-06-06 15:00:00
1780759800000,60647.2,60911.4,60540.0,60750.0,1544.5567,2026-06-06 15:30:00
1780761600000,60750.1,60944.1,60567.1,60588.2,1788.475,2026-06-06 16:00:00
1780763400000,60588.1,60833.0,60430.5,60750.0,1573.4474,2026-06-06 16:30:00
1780765200000,60750.0,60817.5,60550.0,60650.0,821.2021,2026-06-06 17:00:00
1780767000000,60649.9,60775.7,60466.7,60547.0,1256.9301,2026-06-06 17:30:00
1780768800000,60547.0,60720.0,60373.6,60666.1,1209.8158,2026-06-06 18:00:00
1780770600000,60666.0,60674.2,60466.6,60603.7,607.1151,2026-06-06 18:30:00
1780772400000,60603.7,60756.7,60525.8,60581.7,756.7733,2026-06-06 19:00:00
1780774200000,60581.6,60650.0,60500.9,60565.2,467.5381,2026-06-06 19:30:00
1780776000000,60565.2,60612.1,60485.1,60562.9,588.6668,2026-06-06 20:00:00
1780777800000,60563.0,60725.0,60540.0,60681.6,695.1499,2026-06-06 20:30:00
1780779600000,60681.5,60921.9,60673.0,60866.9,1049.1372,2026-06-06 21:00:00
1780781400000,60866.9,60974.5,60711.9,60720.3,606.3688,2026-06-06 21:30:00
1780783200000,60720.3,60790.3,60400.0,60427.9,1391.3498,2026-06-06 22:00:00
1780785000000,60427.9,60687.4,60393.6,60513.8,861.5681,2026-06-06 22:30:00
1780786800000,60513.8,60737.1,60512.4,60679.9,684.874,2026-06-06 23:00:00
1780788600000,60679.8,60913.3,60642.4,60849.2,893.5985,2026-06-06 23:30:00
1780790400000,60849.3,60907.5,60750.0,60812.4,634.101,2026-06-07 00:00:00
1780792200000,60812.5,60966.0,60707.6,60746.0,751.7063,2026-06-07 00:30:00
1780794000000,60745.9,61632.8,60723.3,61596.8,5831.7557,2026-06-07 01:00:00
1780795800000,61596.8,61616.2,61330.0,61437.4,2100.4987,2026-06-07 01:30:00
1780797600000,61437.4,61520.0,61135.6,61214.7,1608.8488,2026-06-07 02:00:00
1780799400000,61214.6,61533.0,61154.0,61461.9,1813.356,2026-06-07 02:30:00
1780801200000,61462.0,61741.7,61373.2,61628.1,2742.7886,2026-06-07 03:00:00
1780803000000,61628.0,61695.1,61510.9,61661.2,1095.6847,2026-06-07 03:30:00
1780804800000,61661.2,61669.6,61440.0,61510.4,1141.8928,2026-06-07 04:00:00
1780806600000,61510.4,61865.9,61500.0,61847.8,2122.215,2026-06-07 04:30:00
1780808400000,61847.9,62189.3,61692.6,61700.1,4510.4826,2026-06-07 05:00:00
1780810200000,61700.1,61834.7,61607.3,61711.7,1654.8149,2026-06-07 05:30:00
1780812000000,61711.8,61983.3,61573.9,61935.7,1735.1315,2026-06-07 06:00:00
1780813800000,61935.8,62245.5,61926.3,62072.3,4054.4986,2026-06-07 06:30:00
1780815600000,62072.2,62242.5,61950.0,62198.0,2237.8193,2026-06-07 07:00:00
1780817400000,62198.0,62387.9,62140.9,62372.1,2796.3386,2026-06-07 07:30:00
1780819200000,62372.0,62588.0,62219.8,62495.8,3783.9303,2026-06-07 08:00:00
1780821000000,62495.9,62937.0,62362.1,62817.0,8578.9515,2026-06-07 08:30:00
1780822800000,62817.0,62873.1,62571.4,62661.2,2645.9137,2026-06-07 09:00:00
1780824600000,62661.2,62664.2,62350.0,62503.0,2389.1298,2026-06-07 09:30:00
1780826400000,62502.9,62550.0,62342.1,62482.7,1710.4571,2026-06-07 10:00:00
1780828200000,62482.6,62535.6,62250.2,62342.2,1661.1095,2026-06-07 10:30:00
1780830000000,62342.2,62522.8,62331.3,62493.6,1416.0484,2026-06-07 11:00:00
1780831800000,62493.6,62724.6,62406.5,62598.6,2297.2597,2026-06-07 11:30:00
1780833600000,62598.5,62618.7,61840.9,61909.0,6596.2693,2026-06-07 12:00:00
1780835400000,61909.0,61980.5,61520.1,61867.1,5914.7945,2026-06-07 12:30:00
1780837200000,61867.0,61867.1,61633.0,61818.5,2343.861,2026-06-07 13:00:00
1780839000000,61818.6,61884.2,61643.0,61678.0,1570.4692,2026-06-07 13:30:00
1780840800000,61678.0,62137.0,61672.4,62053.7,2972.9512,2026-06-07 14:00:00
1780842600000,62053.8,62322.3,61714.0,61876.1,3669.9333,2026-06-07 14:30:00
1780844400000,61876.0,61943.7,61640.1,61938.5,2275.9126,2026-06-07 15:00:00
1780846200000,61938.5,62181.5,61927.2,62065.0,2058.507,2026-06-07 15:30:00
1780848000000,62065.0,62299.0,61938.3,62145.9,1838.4159,2026-06-07 16:00:00
1780849800000,62145.9,62253.9,61945.0,62049.9,1487.642,2026-06-07 16:30:00
1780851600000,62049.9,62291.0,62011.1,62210.1,1249.9443,2026-06-07 17:00:00
1780853400000,62210.1,62284.9,62046.7,62121.0,1136.5234,2026-06-07 17:30:00
1780855200000,62121.0,62269.9,62101.0,62191.0,683.3573,2026-06-07 18:00:00
1780857000000,62191.0,62258.8,61984.0,61999.1,820.4243,2026-06-07 18:30:00
1780858800000,61999.1,62006.5,61230.1,61450.2,6279.1908,2026-06-07 19:00:00
1780860600000,61450.2,61459.4,61147.0,61300.0,3216.1755,2026-06-07 19:30:00
1780862400000,61299.9,61863.3,61192.0,61716.2,3114.452,2026-06-07 20:00:00
1780864200000,61716.3,61942.0,61673.5,61844.0,1705.9633,2026-06-07 20:30:00
1780866000000,61844.1,61984.0,61676.3,61756.0,1324.6019,2026-06-07 21:00:00
1780867800000,61756.0,61819.3,61626.0,61750.0,914.0054,2026-06-07 21:30:00
1780869600000,61750.0,64407.5,61696.0,62973.9,23205.0558,2026-06-07 22:00:00
1780871400000,62974.0,63388.0,62750.2,62832.7,3832.0934,2026-06-07 22:30:00
1780873200000,62832.6,63244.0,62768.1,63234.5,2430.5345,2026-06-07 23:00:00
1780875000000,63234.5,63445.1,63082.0,63308.0,2700.2457,2026-06-07 23:30:00
1780876800000,63308.0,63520.7,63120.7,63479.0,2434.8758,2026-06-08 00:00:00
1780878600000,63478.9,63838.0,63380.1,63604.1,3691.5034,2026-06-08 00:30:00
1780880400000,63604.1,63622.0,62722.8,62802.6,5164.4541,2026-06-08 01:00:00
1780882200000,62802.7,63220.0,62681.6,63187.6,2252.586,2026-06-08 01:30:00
1780884000000,63187.6,63235.0,62930.5,63084.0,1324.2522,2026-06-08 02:00:00
1780885800000,63084.0,63166.7,62862.5,63092.9,1824.6636,2026-06-08 02:30:00
1780887600000,63092.9,63435.4,62947.0,63123.1,2355.769,2026-06-08 03:00:00
1780889400000,63123.2,63199.0,63040.0,63099.9,977.7247,2026-06-08 03:30:00
1780891200000,63099.9,63145.0,62769.2,62917.4,1726.8227,2026-06-08 04:00:00
1780893000000,62917.4,62958.4,62623.0,62654.2,1984.539,2026-06-08 04:30:00
1780894800000,62654.2,62799.3,62450.0,62697.0,2475.2207,2026-06-08 05:00:00
1780896600000,62697.0,62754.7,62376.1,62741.6,3383.0002,2026-06-08 05:30:00
1780898400000,62741.7,63125.0,62705.4,63048.5,2806.2999,2026-06-08 06:00:00
1780900200000,63048.5,63077.0,62893.5,62964.3,1461.8578,2026-06-08 06:30:00
1780902000000,62964.3,63236.9,62778.7,63158.4,2295.6448,2026-06-08 07:00:00
1780903800000,63158.5,63324.9,63042.5,63254.5,1742.519,2026-06-08 07:30:00
1780905600000,63254.5,63254.5,62950.1,63080.0,1578.2529,2026-06-08 08:00:00
1780907400000,63080.0,63174.4,63000.0,63105.0,967.4816,2026-06-08 08:30:00
1780909200000,63104.9,63569.3,63091.6,63351.6,2887.4533,2026-06-08 09:00:00
1780911000000,63351.6,63477.7,63128.5,63460.7,2343.2623,2026-06-08 09:30:00
1780912800000,63460.6,63527.5,63058.7,63119.0,2418.5902,2026-06-08 10:00:00
1780914600000,63119.0,63387.0,63059.5,63119.8,2035.9646,2026-06-08 10:30:00
1780916400000,63119.7,63636.8,63009.8,63577.9,3928.8611,2026-06-08 11:00:00
1780918200000,63577.9,63852.4,63376.3,63444.9,5058.1919,2026-06-08 11:30:00
1780920000000,63444.9,63627.9,62653.1,63058.7,9510.9493,2026-06-08 12:00:00
1780921800000,63058.7,63920.4,63058.6,63830.0,5433.867,2026-06-08 12:30:00
1780923600000,63830.0,63920.4,63531.5,63554.9,3332.2329,2026-06-08 13:00:00
1780925400000,63554.8,63844.4,63313.2,63720.3,4157.6763,2026-06-08 13:30:00
1780927200000,63720.2,63874.2,63526.3,63722.2,3676.3047,2026-06-08 14:00:00
1780929000000,63722.2,64074.7,63722.2,63931.9,2787.9591,2026-06-08 14:30:00
1780930800000,63932.0,64202.4,63843.2,63966.9,3779.7726,2026-06-08 15:00:00
1780932600000,63967.0,63999.5,63664.4,63744.0,3050.6577,2026-06-08 15:30:00
1780934400000,63744.1,64026.3,63629.3,63840.0,1726.1557,2026-06-08 16:00:00
1780936200000,63840.0,63849.9,63431.1,63493.2,2408.8314,2026-06-08 16:30:00
1780938000000,63493.3,63625.9,63273.5,63598.8,2650.3681,2026-06-08 17:00:00
1780939800000,63598.8,63599.2,63246.7,63518.8,1237.6499,2026-06-08 17:30:00
1780941600000,63518.7,63633.8,63483.5,63610.1,862.6973,2026-06-08 18:00:00
1780943400000,63610.0,63665.0,63303.0,63437.9,914.2952,2026-06-08 18:30:00
1780945200000,63437.9,63541.9,63338.3,63503.5,592.6254,2026-06-08 19:00:00
1780947000000,63503.6,63569.6,63317.5,63341.7,910.0344,2026-06-08 19:30:00
1780948800000,63341.7,63400.1,63123.9,63147.2,1469.9737,2026-06-08 20:00:00
1780950600000,63147.1,63453.0,63137.5,63452.9,639.1239,2026-06-08 20:30:00
1780952400000,63453.0,63768.0,63450.0,63680.8,1245.4502,2026-06-08 21:00:00
1780954200000,63680.7,63840.5,63599.2,63685.0,682.9751,2026-06-08 21:30:00
1780956000000,63685.0,63685.0,63175.8,63336.4,1322.1342,2026-06-08 22:00:00
1780957800000,63336.4,63427.1,63200.1,63408.0,825.1776,2026-06-08 22:30:00
1780959600000,63407.9,63564.1,63035.9,63118.5,1876.5809,2026-06-08 23:00:00
1780961400000,63118.4,63166.1,62939.0,63061.9,2022.519,2026-06-08 23:30:00
1780963200000,63061.8,63154.9,62679.9,62708.0,3758.8357,2026-06-09 00:00:00
1780965000000,62708.1,62750.0,62380.0,62532.9,5398.6258,2026-06-09 00:30:00
1780966800000,62532.9,62841.0,62518.0,62750.1,1997.7867,2026-06-09 01:00:00
1780968600000,62750.2,62854.0,62637.0,62736.0,1082.867,2026-06-09 01:30:00
1780970400000,62736.1,62840.4,62539.3,62749.5,1166.4093,2026-06-09 02:00:00
1780972200000,62749.6,62841.2,62507.4,62841.2,1214.1422,2026-06-09 02:30:00
1780974000000,62841.2,62945.0,62745.0,62775.4,1351.1808,2026-06-09 03:00:00
1780975800000,62775.3,62860.2,62668.0,62839.4,811.2407,2026-06-09 03:30:00
1780977600000,62839.4,62944.0,62718.4,62763.9,949.4003,2026-06-09 04:00:00
1780979400000,62763.9,63396.0,62733.3,63211.9,4163.4462,2026-06-09 04:30:00
1780981200000,63211.9,63330.0,63087.0,63278.1,1507.2697,2026-06-09 05:00:00
1780983000000,63278.1,63493.5,63268.5,63311.6,1433.5574,2026-06-09 05:30:00
1780984800000,63311.6,63472.1,63243.0,63399.9,1016.7346,2026-06-09 06:00:00
1780986600000,63399.9,63432.9,63203.4,63267.1,1520.2938,2026-06-09 06:30:00
1780988400000,63267.2,63410.0,62950.6,63002.4,1812.0067,2026-06-09 07:00:00
1780990200000,63002.4,63188.0,63002.4,63169.3,1291.529,2026-06-09 07:30:00
1780992000000,63169.4,63187.2,62740.0,62836.4,3938.6882,2026-06-09 08:00:00
1780993800000,62836.4,62986.5,62778.0,62819.5,1519.7535,2026-06-09 08:30:00
1780995600000,62819.5,62925.6,62676.1,62784.9,1672.8017,2026-06-09 09:00:00
1780997400000,62784.9,62785.8,62556.1,62687.9,1652.8216,2026-06-09 09:30:00
1780999200000,62687.8,62771.3,62566.1,62715.4,1132.895,2026-06-09 10:00:00
1781001000000,62715.3,62803.9,62604.2,62755.8,929.448,2026-06-09 10:30:00
1781002800000,62755.7,62784.0,62461.8,62567.1,1853.4558,2026-06-09 11:00:00
1781004600000,62567.0,62705.7,62489.7,62678.8,1278.5363,2026-06-09 11:30:00
1781006400000,62678.8,62880.3,62610.0,62620.3,2884.0283,2026-06-09 12:00:00
1781008200000,62620.4,62647.3,62400.8,62612.7,2181.9482,2026-06-09 12:30:00
1781010000000,62612.7,62709.9,62232.7,62313.3,3453.9971,2026-06-09 13:00:00
1781011800000,62313.3,62514.8,62117.4,62242.1,4753.708,2026-06-09 13:30:00
1781013600000,62242.1,62366.5,61526.4,61574.8,9472.2576,2026-06-09 14:00:00
1781015400000,61574.8,61664.6,61122.0,61513.6,10811.935,2026-06-09 14:30:00
1781017200000,61513.6,61680.0,61269.5,61279.8,4888.369,2026-06-09 15:00:00
1781019000000,61279.7,61397.9,61002.0,61102.7,5374.5315,2026-06-09 15:30:00
1781020800000,61102.8,61188.0,60818.9,61015.4,5340.1888,2026-06-09 16:00:00
1781022600000,61015.4,61475.0,60728.4,61365.2,7832.4372,2026-06-09 16:30:00
1781024400000,61365.2,61880.0,61360.1,61717.2,4848.7676,2026-06-09 17:00:00
1781026200000,61717.2,61825.0,61571.6,61665.0,1870.323,2026-06-09 17:30:00
1781028000000,61665.0,61947.3,61581.2,61703.8,2445.5009,2026-06-09 18:00:00
1781029800000,61703.7,61800.0,61563.6,61759.9,1082.6877,2026-06-09 18:30:00
1781031600000,61759.9,61887.7,61684.2,61844.9,1197.7394,2026-06-09 19:00:00
1781033400000,61844.9,62077.0,61732.5,62066.0,2354.6729,2026-06-09 19:30:00
1781035200000,62066.0,62242.0,61920.0,62060.1,1756.8199,2026-06-09 20:00:00
1781037000000,62060.1,62153.2,61950.0,62137.6,650.6162,2026-06-09 20:30:00
1781038800000,62137.5,62194.8,61748.6,61782.3,1888.8095,2026-06-09 21:00:00
1781040600000,61782.4,61880.3,61668.0,61742.8,1155.7407,2026-06-09 21:30:00
1781042400000,61742.8,61917.7,61634.1,61791.1,1024.7157,2026-06-09 22:00:00
1781044200000,61791.1,61956.4,61649.3,61695.7,1129.7587,2026-06-09 22:30:00
1781046000000,61695.8,61858.0,61619.1,61663.6,1127.5271,2026-06-09 23:00:00
1781047800000,61663.5,61725.4,61521.7,61698.2,1122.6863,2026-06-09 23:30:00
1781049600000,61698.2,61866.0,61671.9,61823.8,863.6446,2026-06-10 00:00:00
1781051400000,61823.9,61904.6,61410.5,61888.0,2161.7833,2026-06-10 00:30:00
1781053200000,61888.0,61953.0,61642.6,61799.7,1628.5895,2026-06-10 01:00:00
1781055000000,61799.7,61865.6,61551.7,61688.5,824.3826,2026-06-10 01:30:00
1781056800000,61688.6,61809.0,61317.2,61466.0,1960.154,2026-06-10 02:00:00
1781058600000,61466.0,61519.7,61200.2,61276.5,1703.2409,2026-06-10 02:30:00
1781060400000,61276.4,61568.0,61251.0,61545.0,1353.2694,2026-06-10 03:00:00
1781062200000,61545.0,61559.4,61406.5,61516.2,873.1602,2026-06-10 03:30:00
1781064000000,61516.3,61536.6,61410.4,61433.7,619.597,2026-06-10 04:00:00
1781065800000,61433.8,61433.8,61155.1,61266.0,1702.2053,2026-06-10 04:30:00
1781067600000,61266.0,61291.0,61045.7,61233.0,1409.2782,2026-06-10 05:00:00
1781069400000,61233.0,61370.0,61154.9,61326.2,871.0134,2026-06-10 05:30:00
1781071200000,61326.2,61455.9,61253.8,61312.1,1041.2169,2026-06-10 06:00:00
1781073000000,61312.2,61498.2,61110.0,61433.2,1652.9455,2026-06-10 06:30:00
1781074800000,61433.2,61680.0,61397.2,61612.0,1645.8714,2026-06-10 07:00:00
1781076600000,61612.1,61764.2,61528.6,61654.8,1513.4317,2026-06-10 07:30:00
1781078400000,61654.9,61708.7,61442.1,61514.6,1645.5245,2026-06-10 08:00:00
1781080200000,61514.7,61577.0,61130.0,61234.0,2790.7407,2026-06-10 08:30:00
1781082000000,61234.0,61293.2,60638.3,61178.3,5884.0784,2026-06-10 09:00:00
1781083800000,61178.3,61392.9,61124.5,61308.1,2782.1529,2026-06-10 09:30:00
1781085600000,61308.2,61330.7,61123.0,61303.5,1289.1105,2026-06-10 10:00:00
1781087400000,61303.5,61428.6,61231.9,61353.3,1159.3742,2026-06-10 10:30:00
1781089200000,61353.4,61407.1,60823.1,60926.9,4828.6603,2026-06-10 11:00:00
1781091000000,60926.9,61079.9,60879.8,61003.1,1441.0264,2026-06-10 11:30:00
1781092800000,61003.2,61211.7,60921.5,61129.3,1733.6343,2026-06-10 12:00:00
1781094600000,61129.3,61948.0,61076.7,61531.1,8338.7187,2026-06-10 12:30:00
1781096400000,61531.0,61594.3,61408.0,61524.7,2039.8715,2026-06-10 13:00:00
1781098200000,61524.7,62464.6,61468.7,62112.3,9845.626,2026-06-10 13:30:00
1781100000000,62112.2,62225.1,61821.3,62015.1,3710.7531,2026-06-10 14:00:00
1781101800000,62015.1,62175.1,61781.0,62166.1,2939.2214,2026-06-10 14:30:00
1781103600000,62166.2,62398.1,61816.0,62225.1,4126.1063,2026-06-10 15:00:00
1781105400000,62225.0,62840.4,62082.4,62598.8,7676.1362,2026-06-10 15:30:00
1781107200000,62598.8,62615.3,62061.6,62258.0,3547.4285,2026-06-10 16:00:00
1781109000000,62258.0,62385.2,61888.0,62187.4,3001.4753,2026-06-10 16:30:00
1781110800000,62187.5,62329.5,61860.0,61879.4,2084.2683,2026-06-10 17:00:00
1781112600000,61879.4,62017.6,61610.2,61942.6,3860.9261,2026-06-10 17:30:00
1781114400000,61942.6,62131.5,61818.2,61990.5,1145.9767,2026-06-10 18:00:00
1781116200000,61990.5,61990.5,61573.7,61863.9,1533.879,2026-06-10 18:30:00
1781118000000,61863.8,61913.6,61650.0,61758.8,963.7064,2026-06-10 19:00:00
1781119800000,61758.8,62038.2,61758.8,61915.0,1235.3422,2026-06-10 19:30:00
1781121600000,61914.9,61924.9,61655.0,61884.0,974.3463,2026-06-10 20:00:00
1781123400000,61883.9,61901.7,61672.8,61773.1,520.2077,2026-06-10 20:30:00
1781125200000,61773.1,61773.1,61469.9,61546.9,1103.3153,2026-06-10 21:00:00
1781127000000,61546.8,61691.8,61122.1,61321.4,3867.2144,2026-06-10 21:30:00
1781128800000,61321.4,61324.2,61060.3,61224.7,2099.2561,2026-06-10 22:00:00
1781130600000,61224.6,61538.6,61204.9,61344.2,1562.4878,2026-06-10 22:30:00
1781132400000,61344.1,61543.2,61125.1,61516.0,1584.8534,2026-06-10 23:00:00
1781134200000,61516.0,61578.1,61428.3,61475.3,820.6827,2026-06-10 23:30:00
1781136000000,61475.3,61950.0,61475.3,61853.0,2418.6396,2026-06-11 00:00:00
1781137800000,61853.1,61900.0,61739.1,61791.7,843.5358,2026-06-11 00:30:00
1781139600000,61791.6,62218.0,61786.8,62147.9,2110.138,2026-06-11 01:00:00
1781141400000,62147.9,62396.2,62061.8,62176.4,1768.492,2026-06-11 01:30:00
1781143200000,62176.5,62276.1,62015.0,62027.4,1403.602,2026-06-11 02:00:00
1781145000000,62027.4,62191.8,61905.5,62108.2,1158.0172,2026-06-11 02:30:00
1781146800000,62108.1,62152.0,61968.4,62077.6,765.207,2026-06-11 03:00:00
1781148600000,62077.5,62823.4,62072.5,62650.0,5394.2252,2026-06-11 03:30:00
1781150400000,62650.1,62700.0,62532.6,62585.3,1791.0396,2026-06-11 04:00:00
1781152200000,62585.4,62820.0,62502.5,62684.5,1504.5828,2026-06-11 04:30:00
1781154000000,62684.4,62692.3,62510.6,62597.6,1150.6734,2026-06-11 05:00:00
1781155800000,62597.6,62681.9,62555.0,62579.3,815.3616,2026-06-11 05:30:00
1781157600000,62579.3,62998.9,62510.0,62844.4,3752.1306,2026-06-11 06:00:00
1781159400000,62844.5,62966.0,62710.1,62728.2,1552.3108,2026-06-11 06:30:00
1781161200000,62728.1,62769.0,62571.4,62762.6,1929.7529,2026-06-11 07:00:00
1781163000000,62762.7,62817.9,62579.6,62683.7,937.2579,2026-06-11 07:30:00
1781164800000,62683.6,62925.0,62678.0,62918.0,1181.9519,2026-06-11 08:00:00
1781166600000,62918.0,63041.4,62810.0,62920.0,1832.2437,2026-06-11 08:30:00
1781168400000,62920.0,62928.0,62750.0,62784.9,946.6496,2026-06-11 09:00:00
1781170200000,62784.8,62960.0,62784.3,62892.0,927.1376,2026-06-11 09:30:00
1781172000000,62891.9,62946.0,62760.5,62823.1,973.8896,2026-06-11 10:00:00
1781173800000,62823.1,63187.7,62811.9,63105.0,2995.4781,2026-06-11 10:30:00
1781175600000,63105.0,63199.7,63012.0,63127.9,1838.7661,2026-06-11 11:00:00
1781177400000,63127.9,63239.1,63046.3,63075.0,1890.5545,2026-06-11 11:30:00
1781179200000,63075.1,63180.7,62629.3,62651.0,5242.5358,2026-06-11 12:00:00
1781181000000,62651.0,63000.0,62456.0,62966.5,4741.8531,2026-06-11 12:30:00
1781182800000,62966.5,63017.1,62750.0,62778.2,2080.3923,2026-06-11 13:00:00
1781184600000,62778.1,63212.1,62642.6,63048.2,3932.3486,2026-06-11 13:30:00
1781186400000,63048.3,63070.4,62692.5,62978.2,2477.2847,2026-06-11 14:00:00
1781188200000,62978.1,63043.0,62700.0,62700.1,1496.1809,2026-06-11 14:30:00
1781190000000,62700.2,62829.1,62483.8,62694.0,2846.1812,2026-06-11 15:00:00
1781191800000,62693.9,62852.9,62528.3,62724.0,1749.2395,2026-06-11 15:30:00
1781193600000,62724.0,62817.7,62541.0,62604.2,1973.3379,2026-06-11 16:00:00
1781195400000,62604.2,62777.0,62522.9,62550.0,1370.9029,2026-06-11 16:30:00
1781197200000,62550.0,62987.6,62310.0,62983.6,4027.7489,2026-06-11 17:00:00
1781199000000,62983.6,63670.0,62947.8,63616.1,10152.5466,2026-06-11 17:30:00
1781200800000,63616.2,63773.3,63300.0,63366.3,4480.8946,2026-06-11 18:00:00
1781202600000,63366.3,63547.4,63323.6,63427.2,1104.1699,2026-06-11 18:30:00
1781204400000,63427.6,63666.0,63354.6,63562.9,1839.7607,2026-06-11 19:00:00
1781206200000,63562.9,63900.0,63557.1,63570.0,2543.951,2026-06-11 19:30:00
1781208000000,63570.0,63629.9,63295.0,63344.3,1699.0654,2026-06-11 20:00:00
1781209800000,63344.3,63389.0,63232.5,63362.2,1179.7784,2026-06-11 20:30:00
1781211600000,63362.2,63581.4,63355.4,63452.4,717.0051,2026-06-11 21:00:00
1781213400000,63452.3,63540.0,63422.7,63486.0,411.3448,2026-06-11 21:30:00
1781215200000,63486.0,63643.3,63468.2,63556.4,653.6183,2026-06-11 22:00:00
1781217000000,63556.4,63606.6,63428.5,63465.1,458.2156,2026-06-11 22:30:00
1781218800000,63465.1,63465.1,63331.0,63347.9,566.6764,2026-06-11 23:00:00
1781220600000,63347.9,63684.4,63347.9,63596.9,1122.3145,2026-06-11 23:30:00
1781222400000,63597.0,63764.3,63481.3,63581.1,1203.271,2026-06-12 00:00:00
1781224200000,63581.1,63712.9,63533.9,63608.2,678.7069,2026-06-12 00:30:00
1781226000000,63608.3,63614.1,63262.4,63316.7,1548.321,2026-06-12 01:00:00
1781227800000,63316.7,63433.8,63271.7,63398.6,939.2279,2026-06-12 01:30:00
1781229600000,63398.7,63750.0,63398.6,63525.0,1216.8433,2026-06-12 02:00:00
1781231400000,63524.9,63623.5,63462.2,63586.3,638.4697,2026-06-12 02:30:00
1781233200000,63586.4,63616.0,63319.8,63404.6,1029.5789,2026-06-12 03:00:00
1781235000000,63404.7,63504.6,63402.4,63491.4,501.5486,2026-06-12 03:30:00
1781236800000,63491.5,63770.0,63388.1,63754.2,1701.6732,2026-06-12 04:00:00
1781238600000,63754.2,63834.9,63651.1,63668.1,1069.1079,2026-06-12 04:30:00
1781240400000,63668.1,63694.3,63386.6,63460.0,1770.0244,2026-06-12 05:00:00
1781242200000,63460.0,63472.7,63276.0,63325.5,1726.9372,2026-06-12 05:30:00
1781244000000,63325.5,63383.9,63061.9,63122.9,1986.2034,2026-06-12 06:00:00
1781245800000,63122.9,63122.9,62814.4,62960.2,3479.9749,2026-06-12 06:30:00
1781247600000,62960.2,63093.8,62921.2,62996.6,1700.9567,2026-06-12 07:00:00
1781249400000,62996.7,63183.7,62941.4,63063.0,1510.3825,2026-06-12 07:30:00
1781251200000,63063.0,63590.3,63063.0,63500.1,2938.0055,2026-06-12 08:00:00
1781253000000,63500.2,63509.9,63318.7,63439.7,1240.1627,2026-06-12 08:30:00
1781254800000,63439.6,63763.0,63405.0,63737.5,1699.1585,2026-06-12 09:00:00
1781256600000,63737.6,63950.0,63714.1,63720.0,3593.963,2026-06-12 09:30:00
1781258400000,63719.9,63818.0,63550.0,63581.3,1558.449,2026-06-12 10:00:00
1781260200000,63581.3,63720.0,63579.5,63661.4,835.6119,2026-06-12 10:30:00
1781262000000,63661.5,63856.0,63644.3,63783.1,1557.9576,2026-06-12 11:00:00
1781263800000,63783.1,63850.0,63650.1,63721.5,984.5661,2026-06-12 11:30:00
1781265600000,63721.5,63740.6,63430.0,63430.2,1558.2788,2026-06-12 12:00:00
1781267400000,63430.1,63538.7,63329.6,63429.9,1910.3232,2026-06-12 12:30:00
1781269200000,63429.9,63504.4,63320.0,63381.5,1029.7086,2026-06-12 13:00:00
1781271000000,63381.5,63422.6,63000.0,63194.5,4640.971,2026-06-12 13:30:00
1781272800000,63194.6,63631.5,63150.1,63600.2,3245.4644,2026-06-12 14:00:00
1781274600000,63600.2,63991.7,63430.0,63970.5,4463.0979,2026-06-12 14:30:00
1781276400000,63970.4,64378.8,63852.6,64102.4,8308.2817,2026-06-12 15:00:00
1781278200000,64102.4,64105.5,63520.7,63564.2,4963.3816,2026-06-12 15:30:00
1781280000000,63564.2,63976.0,63477.0,63872.5,3975.163,2026-06-12 16:00:00
1781281800000,63872.5,63971.2,63744.2,63950.2,1218.8556,2026-06-12 16:30:00
1781283600000,63950.2,64089.0,63710.0,63791.7,1590.8743,2026-06-12 17:00:00
1781285400000,63791.7,63884.6,63728.4,63836.2,882.6468,2026-06-12 17:30:00
1781287200000,63836.3,63907.2,63650.0,63750.4,1299.3298,2026-06-12 18:00:00
1781289000000,63750.4,63883.6,63647.4,63655.6,919.9955,2026-06-12 18:30:00
1781290800000,63655.6,63758.1,63611.1,63694.8,727.6021,2026-06-12 19:00:00
1781292600000,63694.7,63787.7,63547.1,63552.8,1157.2324,2026-06-12 19:30:00
1781294400000,63553.1,63668.4,63469.2,63490.5,838.8591,2026-06-12 20:00:00
1781296200000,63490.5,63538.3,63345.6,63413.7,938.9651,2026-06-12 20:30:00
1781298000000,63413.7,63597.9,63404.8,63484.1,670.4498,2026-06-12 21:00:00
1781299800000,63484.2,63549.8,63410.6,63447.8,567.2172,2026-06-12 21:30:00
1781301600000,63447.8,63631.0,63445.5,63565.4,581.635,2026-06-12 22:00:00
1781303400000,63565.4,63590.3,63435.0,63477.0,447.8048,2026-06-12 22:30:00
1781305200000,63476.9,63480.9,63387.4,63419.3,518.1879,2026-06-12 23:00:00
1781307000000,63419.3,63550.0,63394.6,63541.9,469.3022,2026-06-12 23:30:00
1781308800000,63541.9,63572.0,63487.8,63490.8,650.3628,2026-06-13 00:00:00
1781310600000,63490.8,63617.0,63473.8,63578.0,826.2866,2026-06-13 00:30:00
1781312400000,63578.3,63684.5,63578.3,63623.9,508.4567,2026-06-13 01:00:00
1781314200000,63624.0,63817.2,63609.2,63799.6,1125.1223,2026-06-13 01:30:00
1781316000000,63799.6,63804.5,63648.4,63681.9,638.0047,2026-06-13 02:00:00
1781317800000,63681.9,63696.7,63520.1,63610.6,721.6294,2026-06-13 02:30:00
1781319600000,63610.6,63696.7,63390.0,63482.9,1027.6779,2026-06-13 03:00:00
1781321400000,63482.9,63530.0,63450.3,63497.6,507.7147,2026-06-13 03:30:00
1781323200000,63497.6,63560.9,63459.0,63511.1,457.7972,2026-06-13 04:00:00
1781325000000,63511.1,63616.6,63475.2,63475.3,480.3856,2026-06-13 04:30:00
1781326800000,63475.2,63570.7,63452.5,63543.0,482.1913,2026-06-13 05:00:00
1781328600000,63542.9,63561.7,63463.3,63557.5,515.9316,2026-06-13 05:30:00
1781330400000,63557.5,63654.8,63519.1,63648.3,381.5118,2026-06-13 06:00:00
1781332200000,63648.3,63715.3,63615.4,63702.9,458.0281,2026-06-13 06:30:00
1781334000000,63702.9,63778.0,63637.8,63747.0,754.0321,2026-06-13 07:00:00
1781335800000,63747.0,63859.0,63709.8,63812.5,1274.1998,2026-06-13 07:30:00
1781337600000,63812.6,63847.8,63721.8,63768.5,1137.2532,2026-06-13 08:00:00
1781339400000,63768.4,63878.3,63760.1,63765.1,652.6236,2026-06-13 08:30:00
1781341200000,63765.2,63828.0,63750.0,63780.0,373.3415,2026-06-13 09:00:00
1781343000000,63780.0,63795.7,63700.0,63702.3,481.0195,2026-06-13 09:30:00
1781344800000,63702.2,63756.7,63680.0,63741.1,366.454,2026-06-13 10:00:00
1781346600000,63741.1,63888.0,63735.5,63805.8,866.54,2026-06-13 10:30:00
1781348400000,63805.9,63937.1,63802.1,63916.0,864.4981,2026-06-13 11:00:00
1781350200000,63915.9,63936.1,63858.0,63934.8,385.6595,2026-06-13 11:30:00
1781352000000,63934.8,63946.0,63881.1,63923.5,493.0642,2026-06-13 12:00:00
1781353800000,63923.5,64188.0,63923.5,64098.4,2617.3361,2026-06-13 12:30:00
1781355600000,64098.5,64199.9,64033.6,64191.7,1201.9943,2026-06-13 13:00:00
1781357400000,64191.8,64217.3,64019.1,64069.6,1344.6594,2026-06-13 13:30:00
1781359200000,64069.6,64160.6,64050.4,64093.9,560.7271,2026-06-13 14:00:00
1781361000000,64093.9,64200.0,64093.8,64189.6,500.6698,2026-06-13 14:30:00
1781362800000,64189.7,64287.4,64153.6,64242.9,1321.35,2026-06-13 15:00:00
1781364600000,64242.9,64312.4,64139.1,64262.5,1310.1776,2026-06-13 15:30:00
1781366400000,64262.5,64279.7,63934.7,63959.1,2601.367,2026-06-13 16:00:00
1781368200000,63959.1,64136.1,63850.2,63997.7,1698.5451,2026-06-13 16:30:00
1781370000000,63997.7,64066.0,63907.2,64066.0,555.1099,2026-06-13 17:00:00
1781371800000,64065.9,64095.2,63911.6,63942.1,863.1435,2026-06-13 17:30:00
1781373600000,63942.1,64180.0,63942.1,64158.0,620.3461,2026-06-13 18:00:00
1781375400000,64158.0,64259.6,64017.8,64123.5,1106.047,2026-06-13 18:30:00
1781377200000,64123.5,64173.6,64111.9,64156.6,306.5358,2026-06-13 19:00:00
1781379000000,64156.6,64315.8,64116.8,64262.5,1314.1482,2026-06-13 19:30:00
1781380800000,64262.6,64262.6,64197.6,64212.2,385.8958,2026-06-13 20:00:00
1781382600000,64212.2,64260.0,64200.0,64249.9,307.6885,2026-06-13 20:30:00
1781384400000,64250.0,64286.0,64185.3,64211.5,250.1694,2026-06-13 21:00:00
1781386200000,64211.5,64745.0,64211.5,64438.7,4761.697,2026-06-13 21:30:00
1781388000000,64438.6,64499.9,64353.8,64484.9,960.9842,2026-06-13 22:00:00
1781389800000,64484.9,64528.0,64416.7,64416.7,627.8354,2026-06-13 22:30:00
1781391600000,64416.7,64566.7,64394.8,64424.8,771.7398,2026-06-13 23:00:00
1781393400000,64424.9,64464.4,64351.7,64417.1,465.2641,2026-06-13 23:30:00
1781395200000,64417.2,64505.8,64338.8,64427.5,621.5566,2026-06-14 00:00:00
1781397000000,64427.6,64546.8,64425.0,64524.5,644.115,2026-06-14 00:30:00
1781398800000,64524.5,64685.6,64470.0,64616.2,1140.0941,2026-06-14 01:00:00
1781400600000,64616.3,64616.3,64520.9,64538.4,643.6145,2026-06-14 01:30:00
1781402400000,64538.4,64599.0,64475.0,64503.4,592.5049,2026-06-14 02:00:00
1781404200000,64503.4,64524.4,64430.0,64450.7,546.7746,2026-06-14 02:30:00
1781406000000,64450.6,64498.2,64433.0,64493.3,434.6839,2026-06-14 03:00:00
1781407800000,64493.4,64508.8,64420.3,64507.8,609.3636,2026-06-14 03:30:00
1781409600000,64507.8,64518.5,64431.1,64435.8,375.3819,2026-06-14 04:00:00
1781411400000,64435.7,64435.8,64277.6,64308.9,1582.2006,2026-06-14 04:30:00
1781413200000,64309.0,64356.7,64262.9,64274.7,561.3506,2026-06-14 05:00:00
1781415000000,64274.7,64381.8,64255.5,64317.4,584.3848,2026-06-14 05:30:00
1781416800000,64317.5,64454.4,64302.1,64361.6,695.1553,2026-06-14 06:00:00
1781418600000,64361.5,64361.6,64215.0,64254.0,791.8068,2026-06-14 06:30:00
1781420400000,64254.0,64334.9,64179.6,64324.1,737.1249,2026-06-14 07:00:00
1781422200000,64324.2,64418.7,64267.2,64402.5,540.6487,2026-06-14 07:30:00
1781424000000,64402.6,64492.4,64360.0,64449.9,615.3194,2026-06-14 08:00:00
1781425800000,64450.0,64478.0,64411.7,64424.1,333.9047,2026-06-14 08:30:00
1781427600000,64424.0,64440.0,64282.2,64329.3,554.4839,2026-06-14 09:00:00
1781429400000,64329.2,64588.9,64311.9,64581.9,1052.1347,2026-06-14 09:30:00
1781431200000,64581.9,64615.1,64460.2,64560.7,897.8493,2026-06-14 10:00:00
1781433000000,64560.6,64635.9,64477.9,64484.3,555.6689,2026-06-14 10:30:00
1781434800000,64484.3,64566.1,64413.3,64543.3,518.2466,2026-06-14 11:00:00
1781436600000,64543.7,64600.0,64502.4,64509.9,644.4763,2026-06-14 11:30:00
1781438400000,64509.9,64525.6,64430.8,64432.1,480.2165,2026-06-14 12:00:00
1781440200000,64432.1,64444.3,64261.0,64296.6,1264.4912,2026-06-14 12:30:00
1781442000000,64296.6,64371.9,64220.0,64248.3,852.0011,2026-06-14 13:00:00
1781443800000,64248.2,64350.0,64201.6,64287.5,714.9707,2026-06-14 13:30:00
1781445600000,64287.5,64312.0,64101.0,64112.6,1511.78,2026-06-14 14:00:00
1781447400000,64112.6,64131.0,63822.0,63946.2,4355.9306,2026-06-14 14:30:00
1781449200000,63946.2,64111.1,63933.9,64021.6,1736.3392,2026-06-14 15:00:00
1781451000000,64021.5,64077.0,63964.5,63984.9,620.5879,2026-06-14 15:30:00
1781452800000,63984.9,64179.8,63964.5,64103.1,950.2102,2026-06-14 16:00:00
1781454600000,64103.1,64162.6,63885.9,63907.3,1266.6746,2026-06-14 16:30:00
1781456400000,63907.3,63992.5,63868.4,63870.0,673.7407,2026-06-14 17:00:00
1781458200000,63870.1,63940.0,63658.0,63703.4,2297.4019,2026-06-14 17:30:00
1781460000000,63703.3,63762.2,63644.8,63691.0,841.6056,2026-06-14 18:00:00
1781461800000,63691.1,63790.1,63691.0,63781.7,623.5263,2026-06-14 18:30:00
1781463600000,63781.7,63843.5,63705.1,63768.4,577.0585,2026-06-14 19:00:00
1781465400000,63768.4,63807.7,63720.0,63768.6,305.9782,2026-06-14 19:30:00
1781467200000,63768.6,63932.7,63760.0,63896.0,691.2135,2026-06-14 20:00:00
1781469000000,63896.0,64069.3,63883.3,63974.8,809.4214,2026-06-14 20:30:00
1781470800000,63974.8,64960.0,63971.5,64745.7,5719.0351,2026-06-14 21:00:00
1781472600000,64745.6,65678.0,64646.0,65276.8,8491.4983,2026-06-14 21:30:00
1781474400000,65276.9,65500.0,64898.4,65174.5,4684.8953,2026-06-14 22:00:00
1781476200000,65174.5,65538.4,65134.8,65384.2,2523.6717,2026-06-14 22:30:00
1781478000000,65384.2,65712.2,65220.0,65644.1,2750.5445,2026-06-14 23:00:00
1781479800000,65644.1,65764.4,65482.4,65697.7,1930.8581,2026-06-14 23:30:00
1781481600000,65697.8,65935.1,65588.0,65712.5,3561.1252,2026-06-15 00:00:00
1781483400000,65712.5,65726.3,65436.9,65586.0,2197.3052,2026-06-15 00:30:00
1781485200000,65586.0,65593.6,65310.6,65360.0,1601.0532,2026-06-15 01:00:00
1781487000000,65360.0,65688.0,65341.0,65471.6,1296.9973,2026-06-15 01:30:00
1781488800000,65471.6,65745.7,65406.8,65606.0,1139.1374,2026-06-15 02:00:00
1781490600000,65606.0,65640.9,65364.9,65430.1,1133.394,2026-06-15 02:30:00
1781492400000,65430.1,65702.6,65391.8,65690.5,1380.0679,2026-06-15 03:00:00
1781494200000,65690.5,65996.9,65656.1,65883.7,2712.2785,2026-06-15 03:30:00
1781496000000,65883.7,65883.7,65660.0,65678.9,1248.8027,2026-06-15 04:00:00
1781497800000,65678.9,65705.7,65582.7,65600.1,848.6781,2026-06-15 04:30:00
1781499600000,65600.1,65835.2,65566.5,65791.0,1204.7706,2026-06-15 05:00:00
1781501400000,65791.0,65819.9,65662.9,65816.6,1155.1417,2026-06-15 05:30:00
1781503200000,65816.6,65927.4,65774.0,65903.0,1759.6404,2026-06-15 06:00:00
1781505000000,65903.0,65910.0,65722.0,65770.1,1109.5077,2026-06-15 06:30:00
1781506800000,65770.1,65980.0,65644.6,65931.3,1728.0206,2026-06-15 07:00:00
1781508600000,65931.3,65931.3,65594.1,65648.5,2114.9508,2026-06-15 07:30:00
1781510400000,65648.5,65731.3,65583.0,65647.2,1219.7943,2026-06-15 08:00:00
1781512200000,65647.2,65774.0,65608.5,65630.1,854.5703,2026-06-15 08:30:00
1781514000000,65630.2,65749.9,65615.0,65615.0,661.2116,2026-06-15 09:00:00
1781515800000,65615.0,65628.0,65471.0,65563.6,1608.3337,2026-06-15 09:30:00
1781517600000,65563.6,65738.8,65547.1,65686.7,816.4338,2026-06-15 10:00:00
1781519400000,65686.7,65934.9,65673.2,65887.9,2172.4117,2026-06-15 10:30:00
1781521200000,65887.9,66370.0,65808.8,66231.5,7909.3491,2026-06-15 11:00:00
1781523000000,66231.5,66266.0,66082.3,66197.9,2419.7216,2026-06-15 11:30:00
1781524800000,66198.0,66314.2,66070.0,66244.3,2267.9975,2026-06-15 12:00:00
1781526600000,66244.3,66590.1,66150.1,66533.0,5149.3134,2026-06-15 12:30:00
1781528400000,66533.0,66925.3,66436.0,66798.9,7069.9246,2026-06-15 13:00:00
1781530200000,66798.9,66849.0,66372.6,66411.4,5700.0802,2026-06-15 13:30:00
1781532000000,66411.4,66529.8,66262.9,66519.9,3121.2397,2026-06-15 14:00:00
1781533800000,66519.9,66632.2,66380.0,66542.9,1853.2755,2026-06-15 14:30:00
1781535600000,66542.8,66686.7,66536.2,66612.0,1337.2415,2026-06-15 15:00:00
1781537400000,66611.9,67283.9,66563.7,67252.8,7873.9363,2026-06-15 15:30:00
1781539200000,67252.7,67253.3,67050.7,67148.0,2758.1096,2026-06-15 16:00:00
1781541000000,67148.1,67230.0,67050.0,67120.0,1363.1565,2026-06-15 16:30:00
1781542800000,67120.1,67120.1,66700.0,66784.3,4040.9392,2026-06-15 17:00:00
1781544600000,66784.3,66920.7,66633.8,66822.9,1527.5603,2026-06-15 17:30:00
1781546400000,66822.9,66899.3,66685.7,66792.2,1198.6377,2026-06-15 18:00:00
1781548200000,66792.3,66888.9,66710.0,66733.2,1334.5815,2026-06-15 18:30:00
1781550000000,66733.2,66860.0,66313.2,66498.6,3008.5993,2026-06-15 19:00:00
1781551800000,66498.7,66709.9,66468.4,66580.0,1505.4841,2026-06-15 19:30:00
1781553600000,66579.9,66600.0,66470.7,66548.9,665.1434,2026-06-15 20:00:00
1781555400000,66548.9,66654.4,66456.0,66489.9,648.4826,2026-06-15 20:30:00
1781557200000,66489.9,66535.7,66364.7,66379.8,540.5483,2026-06-15 21:00:00
1781559000000,66379.8,66449.9,66305.0,66341.1,728.0687,2026-06-15 21:30:00
1781560800000,66341.0,66446.4,66065.0,66129.2,1761.9073,2026-06-15 22:00:00
1781562600000,66129.2,66344.0,66067.7,66169.5,1428.2023,2026-06-15 22:30:00
1781564400000,66169.5,66261.9,66110.0,66194.9,988.2864,2026-06-15 23:00:00
1781566200000,66195.0,66332.3,66067.8,66292.8,852.1,2026-06-15 23:30:00
1781568000000,66292.7,66383.0,66201.7,66212.7,996.6796,2026-06-16 00:00:00
1781569800000,66212.7,66433.5,66198.0,66212.7,1250.2143,2026-06-16 00:30:00
1781571600000,66212.6,66417.3,66205.7,66345.0,1797.5839,2026-06-16 01:00:00
1781573400000,66345.1,66392.9,66290.0,66315.2,477.8028,2026-06-16 01:30:00
1781575200000,66315.2,66337.5,65723.2,65740.9,3602.2022,2026-06-16 02:00:00
1781577000000,65740.9,65888.0,65650.1,65713.0,2416.4275,2026-06-16 02:30:00
1781578800000,65713.0,65991.4,65612.9,65948.0,2154.6612,2026-06-16 03:00:00
1781580600000,65947.9,66135.0,65945.3,66120.1,1874.6786,2026-06-16 03:30:00
1781582400000,66120.1,66247.2,65933.3,65933.5,2577.742,2026-06-16 04:00:00
1781584200000,65933.6,65933.6,65764.9,65805.4,1465.2642,2026-06-16 04:30:00
1781586000000,65805.4,66080.0,65805.4,66031.4,1199.976,2026-06-16 05:00:00
1781587800000,66031.4,66113.3,65966.0,66020.1,835.2503,2026-06-16 05:30:00
1781589600000,66020.1,66331.4,66020.1,66293.9,1563.2008,2026-06-16 06:00:00
1781591400000,66293.9,66567.0,66247.2,66400.2,2623.2795,2026-06-16 06:30:00
1781593200000,66400.2,66487.9,66280.0,66301.1,1517.1472,2026-06-16 07:00:00
1781595000000,66301.2,66390.0,66267.3,66333.6,800.8413,2026-06-16 07:30:00
1781596800000,66333.6,66537.9,66305.3,66514.9,1501.8151,2026-06-16 08:00:00
1781598600000,66514.9,66976.4,66465.5,66872.1,4508.0994,2026-06-16 08:30:00
1781600400000,66872.0,66890.6,66513.9,66586.4,2075.9666,2026-06-16 09:00:00
1781602200000,66586.3,66702.4,66438.2,66479.8,1698.6348,2026-06-16 09:30:00
1781604000000,66479.7,66749.0,66467.3,66642.5,1267.3489,2026-06-16 10:00:00
1781605800000,66642.5,66646.4,66457.0,66482.9,913.0532,2026-06-16 10:30:00
1781607600000,66482.9,66624.0,66359.7,66448.9,1715.8203,2026-06-16 11:00:00
1781609400000,66448.9,66460.4,66328.7,66458.1,1131.1724,2026-06-16 11:30:00
1781611200000,66458.1,66674.9,66370.1,66552.4,1853.608,2026-06-16 12:00:00
1781613000000,66552.4,66790.0,66330.0,66387.9,2611.7989,2026-06-16 12:30:00
1781614800000,66388.0,66430.0,65960.0,65981.3,4158.4493,2026-06-16 13:00:00
1781616600000,65981.3,66178.0,65888.9,66014.0,3198.3596,2026-06-16 13:30:00
1781618400000,66014.4,66226.0,65454.4,65521.5,5521.2349,2026-06-16 14:00:00
1781620200000,65521.5,65742.0,65324.3,65628.4,4238.3964,2026-06-16 14:30:00
1781622000000,65628.3,65880.0,65580.1,65784.2,2184.8979,2026-06-16 15:00:00
1781623800000,65784.2,65968.0,65658.6,65834.7,2002.599,2026-06-16 15:30:00
1781625600000,65834.8,65929.7,65688.0,65759.0,1268.9139,2026-06-16 16:00:00
1781627400000,65758.9,65839.0,65668.3,65727.0,909.3647,2026-06-16 16:30:00
1781629200000,65727.0,65835.6,65675.8,65720.4,643.1858,2026-06-16 17:00:00
1781631000000,65720.4,65984.3,65683.2,65946.5,1334.5027,2026-06-16 17:30:00
1781632800000,65946.5,66246.8,65839.4,65880.4,2578.9091,2026-06-16 18:00:00
1781634600000,65880.4,65947.6,65762.1,65815.3,640.5981,2026-06-16 18:30:00
1781636400000,65815.2,65815.2,65520.8,65674.9,1392.2499,2026-06-16 19:00:00
1781638200000,65674.9,65749.2,65530.0,65650.1,1068.4267,2026-06-16 19:30:00
1781640000000,65650.0,65818.0,65554.5,65694.5,882.2191,2026-06-16 20:00:00
1781641800000,65694.5,65844.0,65685.3,65829.7,525.2852,2026-06-16 20:30:00
1781643600000,65829.8,65921.2,65695.0,65702.1,716.5151,2026-06-16 21:00:00
1781645400000,65702.1,65759.0,65620.0,65748.0,488.4473,2026-06-16 21:30:00
1781647200000,65748.0,65860.1,65687.5,65751.0,718.9823,2026-06-16 22:00:00
1781649000000,65751.0,65763.8,65650.0,65746.3,585.3068,2026-06-16 22:30:00
1781650800000,65746.4,65806.7,65613.5,65709.6,372.7819,2026-06-16 23:00:00
1781652600000,65709.6,65750.0,65588.3,65648.7,495.3469,2026-06-16 23:30:00
1781654400000,65648.7,65780.9,65648.7,65697.8,578.1852,2026-06-17 00:00:00
1781656200000,65697.8,65824.6,65660.2,65682.0,608.9043,2026-06-17 00:30:00
1781658000000,65682.1,65800.0,65408.9,65555.0,1759.1429,2026-06-17 01:00:00
1781659800000,65555.0,65934.4,65505.9,65902.9,1306.8024,2026-06-17 01:30:00
1781661600000,65903.0,66100.0,65805.5,66074.6,1481.5088,2026-06-17 02:00:00
1781663400000,66074.7,66076.8,65739.3,65868.9,1048.2434,2026-06-17 02:30:00
1781665200000,65868.9,65874.4,65666.6,65747.8,742.7465,2026-06-17 03:00:00
1781667000000,65747.9,65842.0,65730.4,65820.0,292.2823,2026-06-17 03:30:00
1781668800000,65820.0,65873.5,65754.5,65864.4,576.6945,2026-06-17 04:00:00
1781670600000,65864.4,66021.2,65828.6,65855.6,835.1622,2026-06-17 04:30:00
1781672400000,65855.6,65950.0,65710.0,65817.7,707.6863,2026-06-17 05:00:00
1781674200000,65817.7,65896.8,65741.0,65803.7,665.6276,2026-06-17 05:30:00
1781676000000,65803.7,65864.3,65613.1,65622.1,883.2559,2026-06-17 06:00:00
1781677800000,65622.1,65706.6,65543.1,65593.0,1245.8837,2026-06-17 06:30:00
1781679600000,65593.0,65687.8,65450.0,65519.9,1932.3113,2026-06-17 07:00:00
1781681400000,65520.0,65562.3,65213.6,65505.0,3874.8867,2026-06-17 07:30:00
1781683200000,65505.0,65543.6,65203.0,65290.0,2498.3921,2026-06-17 08:00:00
1781685000000,65290.1,65290.1,64777.3,64886.7,6180.4034,2026-06-17 08:30:00
1781686800000,64886.7,65047.9,64878.1,65016.4,2148.8029,2026-06-17 09:00:00
1781688600000,65016.4,65038.4,64810.0,64885.2,1404.0821,2026-06-17 09:30:00
1781690400000,64885.2,64969.6,64780.0,64908.3,1155.9604,2026-06-17 10:00:00
1781692200000,64908.3,64944.0,64724.4,64765.9,1189.2426,2026-06-17 10:30:00
1781694000000,64765.9,64824.8,64514.6,64669.0,3837.0036,2026-06-17 11:00:00
1781695800000,64669.0,64840.1,64631.7,64777.0,1674.7498,2026-06-17 11:30:00
1781697600000,64777.0,64846.1,64610.5,64650.3,1843.4176,2026-06-17 12:00:00
1781699400000,64650.3,65074.8,64555.0,65007.2,2974.6592,2026-06-17 12:30:00
1781701200000,65007.2,65057.6,64830.0,64885.0,1825.9865,2026-06-17 13:00:00
1781703000000,64884.9,65330.0,64810.0,65231.2,3823.1338,2026-06-17 13:30:00
1781704800000,65231.2,65420.0,65090.3,65216.3,2866.9322,2026-06-17 14:00:00
1781706600000,65216.3,65261.0,64723.5,65068.0,3844.6403,2026-06-17 14:30:00
1781708400000,65067.9,65388.0,64950.0,65303.4,1944.0161,2026-06-17 15:00:00
1781710200000,65303.5,65833.1,65218.1,65720.0,4754.7935,2026-06-17 15:30:00
1781712000000,65719.9,66426.6,65684.8,66226.4,5483.2043,2026-06-17 16:00:00
1781713800000,66226.4,66270.2,65808.8,65835.1,3324.1107,2026-06-17 16:30:00
1781715600000,65835.1,65980.0,65768.0,65936.1,1190.6252,2026-06-17 17:00:00
1781717400000,65936.1,66182.7,65785.4,66077.6,1501.0307,2026-06-17 17:30:00
1781719200000,66077.5,66077.5,64760.4,65368.5,11966.4185,2026-06-17 18:00:00
1781721000000,65368.5,66037.4,65233.7,65479.8,6212.0998,2026-06-17 18:30:00
1781722800000,65479.8,65631.6,64300.0,64434.7,9133.3507,2026-06-17 19:00:00
1781724600000,64434.8,64650.4,64007.0,64278.2,7064.2315,2026-06-17 19:30:00
1781726400000,64278.2,64424.3,64166.0,64334.5,2297.4305,2026-06-17 20:00:00
1781728200000,64334.5,64455.0,64140.4,64398.0,1377.156,2026-06-17 20:30:00
1781730000000,64398.0,64420.0,64225.3,64228.7,868.3063,2026-06-17 21:00:00
1781731800000,64228.7,64380.4,64106.5,64222.7,1012.1498,2026-06-17 21:30:00
1781733600000,64222.7,64338.9,63880.0,64329.5,2750.016,2026-06-17 22:00:00
1781735400000,64329.4,64400.0,64202.3,64261.6,792.4723,2026-06-17 22:30:00
1781737200000,64261.6,64498.0,64218.0,64461.3,796.3922,2026-06-17 23:00:00
1781739000000,64461.4,64489.7,64360.8,64471.4,691.0585,2026-06-17 23:30:00
1781740800000,64471.3,64672.3,64446.5,64560.7,1161.4002,2026-06-18 00:00:00
1781742600000,64560.7,64669.7,64412.5,64428.5,779.8902,2026-06-18 00:30:00
1781744400000,64428.6,64775.4,64422.5,64626.1,1074.8167,2026-06-18 01:00:00
1781746200000,64626.2,64720.0,64443.4,64519.9,730.7444,2026-06-18 01:30:00
1781748000000,64520.0,64727.9,64444.3,64674.0,1625.0391,2026-06-18 02:00:00
1781749800000,64674.1,64750.0,64641.4,64650.4,735.1868,2026-06-18 02:30:00
1781751600000,64650.4,64655.0,64281.3,64282.7,1236.6778,2026-06-18 03:00:00
1781753400000,64282.7,64375.7,64234.4,64250.1,1228.6963,2026-06-18 03:30:00
1781755200000,64250.2,64310.1,63773.1,63910.6,5173.3395,2026-06-18 04:00:00
1781757000000,63910.6,63953.7,63800.1,63849.5,1617.7209,2026-06-18 04:30:00
1781758800000,63849.4,63980.7,63666.0,63892.0,2477.1145,2026-06-18 05:00:00
1781760600000,63892.0,64000.0,63817.3,63968.4,954.5107,2026-06-18 05:30:00
1781762400000,63968.4,64053.4,63820.4,63962.5,1188.1395,2026-06-18 06:00:00
1781764200000,63962.5,64104.3,63940.0,64057.3,1215.0076,2026-06-18 06:30:00
1781766000000,64057.5,64300.0,63982.1,64270.2,1717.5116,2026-06-18 07:00:00
1781767800000,64270.2,64480.0,64222.5,64474.1,1966.3935,2026-06-18 07:30:00
1781769600000,64474.1,64650.0,64352.6,64546.6,2499.5571,2026-06-18 08:00:00
1781771400000,64546.6,64579.6,64314.8,64369.9,1800.9467,2026-06-18 08:30:00
1781773200000,64370.0,64450.0,64212.9,64219.6,1414.5861,2026-06-18 09:00:00
1781775000000,64219.5,64298.1,64150.0,64168.2,922.7221,2026-06-18 09:30:00
1781776800000,64168.2,64171.0,63886.0,63940.6,1993.4658,2026-06-18 10:00:00
1781778600000,63940.7,64195.4,63916.5,64050.0,1724.7225,2026-06-18 10:30:00
1781780400000,64050.0,64169.9,63868.7,64046.4,1653.7787,2026-06-18 11:00:00
1781782200000,64046.4,64057.0,63846.3,63941.0,1298.6756,2026-06-18 11:30:00
1781784000000,63941.0,64171.3,63890.6,64171.2,1399.4527,2026-06-18 12:00:00
1781785800000,64171.3,64375.0,64100.0,64342.5,2038.5288,2026-06-18 12:30:00
1781787600000,64342.6,64416.4,64246.4,64325.6,1832.4638,2026-06-18 13:00:00
1781789400000,64325.6,64355.4,63756.5,63956.0,4577.4715,2026-06-18 13:30:00
1781791200000,63956.0,64178.0,63688.0,63791.9,3743.2567,2026-06-18 14:00:00
1781793000000,63791.8,64058.9,63525.0,63785.7,4023.1814,2026-06-18 14:30:00
1781794800000,63785.6,63800.0,63156.0,63213.5,7637.6046,2026-06-18 15:00:00
1781796600000,63213.5,63349.8,62253.6,62332.2,11896.5116,2026-06-18 15:30:00
1781798400000,62332.2,62732.2,62308.3,62560.0,5630.3918,2026-06-18 16:00:00
1781800200000,62560.0,62789.9,62470.4,62659.0,2242.2172,2026-06-18 16:30:00
1781802000000,62659.0,62667.7,62222.2,62544.0,3845.509,2026-06-18 17:00:00
1781803800000,62544.0,62716.8,62467.5,62569.1,2466.6325,2026-06-18 17:30:00
1781805600000,62569.1,62920.8,62541.2,62812.0,2312.036,2026-06-18 18:00:00
1781807400000,62812.1,62851.7,62562.4,62676.1,1963.687,2026-06-18 18:30:00
1781809200000,62676.2,62775.9,62600.0,62748.5,666.5524,2026-06-18 19:00:00
1781811000000,62748.4,62979.0,62740.0,62922.2,1617.6013,2026-06-18 19:30:00
1781812800000,62922.3,63249.9,62922.3,63085.5,2536.0225,2026-06-18 20:00:00
1781814600000,63085.5,63142.7,63004.4,63059.3,706.0923,2026-06-18 20:30:00
1781816400000,63059.4,63097.4,62838.5,62922.0,1049.2142,2026-06-18 21:00:00
1781818200000,62922.0,62969.0,62838.5,62933.1,447.1279,2026-06-18 21:30:00
1781820000000,62933.0,62966.5,62740.8,62800.0,807.0446,2026-06-18 22:00:00
1781821800000,62800.0,62860.0,62695.5,62846.4,543.9051,2026-06-18 22:30:00
1781823600000,62846.4,62899.8,62719.3,62844.0,586.4606,2026-06-18 23:00:00
1781825400000,62844.0,62958.1,62823.5,62920.8,601.037,2026-06-18 23:30:00
1781827200000,62920.8,62962.0,62807.9,62937.1,595.5889,2026-06-19 00:00:00
1781829000000,62937.1,63059.0,62921.9,62987.7,755.7244,2026-06-19 00:30:00
1781830800000,62987.7,63072.8,62868.1,62894.6,828.9389,2026-06-19 01:00:00
1781832600000,62894.6,63004.8,62816.1,62995.5,666.9773,2026-06-19 01:30:00
1781834400000,62995.6,63084.7,62923.0,62923.0,727.5539,2026-06-19 02:00:00
1781836200000,62923.1,62999.8,62855.1,62975.1,489.1033,2026-06-19 02:30:00
1781838000000,62975.1,63000.0,62350.5,62812.3,4462.8646,2026-06-19 03:00:00
1781839800000,62812.3,62812.3,62586.0,62746.4,1269.0914,2026-06-19 03:30:00
1781841600000,62746.5,62893.3,62584.8,62695.9,1205.6593,2026-06-19 04:00:00
1781843400000,62696.0,62704.9,62380.3,62428.1,1879.6346,2026-06-19 04:30:00
1781845200000,62428.2,62644.6,62423.2,62583.8,861.5695,2026-06-19 05:00:00
1781847000000,62583.8,62718.9,62528.2,62713.5,804.494,2026-06-19 05:30:00
1781848800000,62713.6,62833.8,62696.4,62813.9,858.619,2026-06-19 06:00:00
1781850600000,62813.9,62884.9,62703.7,62859.9,840.9954,2026-06-19 06:30:00
1781852400000,62860.0,62888.0,62683.5,62713.6,718.425,2026-06-19 07:00:00
1781854200000,62713.5,62798.8,62470.9,62598.2,2523.4347,2026-06-19 07:30:00
1781856000000,62598.3,62689.6,62501.2,62643.8,898.9928,2026-06-19 08:00:00
1781857800000,62643.8,62751.4,62538.3,62571.7,749.7229,2026-06-19 08:30:00
1781859600000,62571.6,62626.3,62281.6,62348.1,2203.329,2026-06-19 09:00:00
1781861400000,62348.1,62464.1,62305.8,62351.0,1782.4277,2026-06-19 09:30:00
1781863200000,62350.9,62526.5,62350.0,62473.0,1387.4533,2026-06-19 10:00:00
1781865000000,62473.0,62560.0,62370.0,62500.0,1006.0504,2026-06-19 10:30:00
1781866800000,62500.1,62651.8,62421.4,62610.7,1301.5232,2026-06-19 11:00:00
1781868600000,62610.7,62660.0,62555.0,62599.5,769.9107,2026-06-19 11:30:00
1781870400000,62599.5,62650.0,62457.5,62532.5,1060.1031,2026-06-19 12:00:00
1781872200000,62532.5,62855.5,62320.0,62800.0,3470.5502,2026-06-19 12:30:00
1781874000000,62800.0,62954.0,62636.4,62760.1,2159.1109,2026-06-19 13:00:00
1781875800000,62760.1,63387.5,62716.9,63175.9,5046.9224,2026-06-19 13:30:00
1781877600000,63175.9,63264.2,62980.0,63239.6,2473.1924,2026-06-19 14:00:00
1781879400000,63239.5,63384.4,63137.3,63174.8,1748.7197,2026-06-19 14:30:00
1781881200000,63174.8,63227.4,62986.6,63027.1,1546.4511,2026-06-19 15:00:00
1781883000000,63027.2,63256.2,63027.1,63187.6,1177.7734,2026-06-19 15:30:00
1781884800000,63187.7,63361.3,63068.1,63280.1,2245.9057,2026-06-19 16:00:00
1781886600000,63280.0,63347.6,62879.6,62941.4,1908.1265,2026-06-19 16:30:00
1781888400000,62941.4,63086.7,62827.7,62890.0,1661.4659,2026-06-19 17:00:00
1781890200000,62890.0,63197.2,62878.5,63163.1,1438.9698,2026-06-19 17:30:00
1781892000000,63163.1,63174.4,63080.7,63087.2,348.3556,2026-06-19 18:00:00
1781893800000,63087.1,63153.2,62950.0,63073.5,871.5095,2026-06-19 18:30:00
1781895600000,63073.4,63088.3,62904.2,62966.5,532.0805,2026-06-19 19:00:00
1781897400000,62966.4,63122.7,62922.1,62999.9,632.3681,2026-06-19 19:30:00
1781899200000,63000.0,63055.5,62931.0,63049.9,286.3809,2026-06-19 20:00:00
1781901000000,63050.0,63254.3,63000.3,63215.8,842.8086,2026-06-19 20:30:00
1781902800000,63215.8,63246.3,63125.3,63130.4,365.3942,2026-06-19 21:00:00
1781904600000,63130.4,63142.4,63025.4,63052.4,324.9202,2026-06-19 21:30:00
1781906400000,63052.3,63270.0,63018.0,63230.2,548.5082,2026-06-19 22:00:00
1781908200000,63230.2,63350.0,63204.4,63284.7,532.3239,2026-06-19 22:30:00
1781910000000,63284.8,63310.0,63240.3,63287.5,275.1289,2026-06-19 23:00:00
1781911800000,63287.5,63645.7,63262.4,63510.5,2651.9988,2026-06-19 23:30:00
1781913600000,63510.4,63611.2,63436.7,63588.8,1141.0413,2026-06-20 00:00:00
1781915400000,63588.8,63752.0,63483.0,63493.5,1475.1816,2026-06-20 00:30:00
1781917200000,63493.4,63516.6,63370.0,63480.3,793.5886,2026-06-20 01:00:00
1781919000000,63480.4,63588.0,63480.3,63547.9,712.7712,2026-06-20 01:30:00
1781920800000,63547.8,63547.8,63356.1,63378.7,640.88,2026-06-20 02:00:00
1781922600000,63378.7,63467.3,63289.1,63310.1,782.2521,2026-06-20 02:30:00
1781924400000,63310.1,63429.3,63290.0,63421.4,499.867,2026-06-20 03:00:00
1781926200000,63421.3,63484.4,63380.1,63448.6,432.3266,2026-06-20 03:30:00
1781928000000,63448.7,63539.0,63361.6,63529.9,586.6261,2026-06-20 04:00:00
1781929800000,63529.9,63585.3,63478.6,63551.0,567.8329,2026-06-20 04:30:00
1781931600000,63551.1,63886.0,63502.9,63605.0,2802.9738,2026-06-20 05:00:00
1781933400000,63605.0,63704.9,63551.0,63640.7,952.5121,2026-06-20 05:30:00
1781935200000,63640.7,63720.0,63604.3,63665.4,702.9398,2026-06-20 06:00:00
1781937000000,63665.4,63724.8,63651.9,63706.9,529.9093,2026-06-20 06:30:00
1781938800000,63706.9,63758.3,63560.0,63758.2,759.6613,2026-06-20 07:00:00
1781940600000,63758.3,63766.6,63613.2,63622.6,770.4842,2026-06-20 07:30:00
1781942400000,63622.7,63628.2,63442.9,63446.0,1490.2205,2026-06-20 08:00:00
1781944200000,63446.0,63466.2,63341.4,63381.6,1620.3392,2026-06-20 08:30:00
1781946000000,63381.6,63555.0,63381.6,63527.9,976.3737,2026-06-20 09:00:00
1781947800000,63527.9,63763.0,63524.2,63703.1,1734.377,2026-06-20 09:30:00
1781949600000,63703.2,63749.9,63613.7,63646.3,805.6151,2026-06-20 10:00:00
1781951400000,63646.4,63668.2,63564.1,63646.1,669.786,2026-06-20 10:30:00
1781953200000,63646.1,63713.9,63585.6,63666.1,463.4611,2026-06-20 11:00:00
1781955000000,63666.0,63769.4,63644.0,63646.6,653.7787,2026-06-20 11:30:00
1781956800000,63646.7,63756.1,63636.8,63704.6,950.9453,2026-06-20 12:00:00
1781958600000,63704.6,63714.3,63510.0,63621.9,1184.9053,2026-06-20 12:30:00
1781960400000,63621.9,63621.9,63240.0,63314.3,2879.6491,2026-06-20 13:00:00
1781962200000,63314.4,63458.8,63314.3,63357.9,1516.334,2026-06-20 13:30:00
1781964000000,63357.9,63383.7,63150.0,63345.3,2100.1674,2026-06-20 14:00:00
1781965800000,63345.4,64149.5,63303.6,63929.9,6554.6695,2026-06-20 14:30:00
1781967600000,63930.0,64355.5,63806.7,64158.4,5260.1734,2026-06-20 15:00:00
1781969400000,64158.4,64179.3,64038.4,64129.7,1307.9995,2026-06-20 15:30:00
1781971200000,64129.8,64140.4,63936.1,63963.9,1295.613,2026-06-20 16:00:00
1781973000000,63964.0,64030.9,63869.6,63995.9,724.047,2026-06-20 16:30:00
1781974800000,63995.8,63995.8,63840.0,63956.2,842.0336,2026-06-20 17:00:00
1781976600000,63956.3,64009.0,63701.7,63807.7,1491.7634,2026-06-20 17:30:00
1781978400000,63807.7,63906.6,63761.0,63832.3,478.8246,2026-06-20 18:00:00
1781980200000,63832.4,63856.5,63741.4,63777.0,479.6347,2026-06-20 18:30:00
1781982000000,63776.9,63903.5,63761.2,63833.0,449.5167,2026-06-20 19:00:00
1781983800000,63833.0,63945.2,63804.8,63909.5,465.4604,2026-06-20 19:30:00
1781985600000,63909.5,63951.6,63877.7,63877.8,417.5508,2026-06-20 20:00:00
1781987400000,63877.8,63905.6,63822.7,63903.9,187.989,2026-06-20 20:30:00
1781989200000,63903.9,64022.2,63894.1,63902.7,399.4065,2026-06-20 21:00:00
1781991000000,63902.7,64066.7,63887.2,63985.9,497.4497,2026-06-20 21:30:00
1781992800000,63985.9,64317.3,63951.9,64268.6,1085.2555,2026-06-20 22:00:00
1781994600000,64268.6,64328.6,64210.6,64240.2,901.0117,2026-06-20 22:30:00
1781996400000,64240.3,64286.3,64215.0,64238.6,393.1892,2026-06-20 23:00:00
1781998200000,64238.6,64309.8,64223.5,64261.7,470.5225,2026-06-20 23:30:00
1782000000000,64261.6,64276.9,64194.0,64229.7,574.757,2026-06-21 00:00:00
1782001800000,64229.7,64287.2,64210.1,64257.9,496.0331,2026-06-21 00:30:00
1782003600000,64257.9,64285.9,64211.0,64211.0,532.1068,2026-06-21 01:00:00
1782005400000,64211.0,64287.9,64179.5,64213.4,802.2367,2026-06-21 01:30:00
1782007200000,64213.4,64230.0,64184.0,64197.0,325.8629,2026-06-21 02:00:00
1782009000000,64196.9,64246.1,64184.2,64213.8,243.7123,2026-06-21 02:30:00
1782010800000,64213.9,64447.0,64197.7,64317.4,1581.3187,2026-06-21 03:00:00
1782012600000,64317.4,64438.2,64266.7,64391.5,956.6961,2026-06-21 03:30:00
1782014400000,64391.5,64541.0,64345.3,64491.0,1221.774,2026-06-21 04:00:00
1782016200000,64491.1,64560.0,64218.5,64245.3,1657.4638,2026-06-21 04:30:00
1782018000000,64245.3,64275.0,64186.0,64268.0,867.3621,2026-06-21 05:00:00
1782019800000,64268.0,64337.8,64202.9,64223.4,516.6946,2026-06-21 05:30:00
1782021600000,64223.5,64269.2,64151.3,64246.6,571.9465,2026-06-21 06:00:00
1782023400000,64246.7,64294.9,64220.0,64269.7,283.319,2026-06-21 06:30:00
1782025200000,64269.6,64270.0,64127.3,64137.5,607.6858,2026-06-21 07:00:00
1782027000000,64137.5,64222.9,64135.4,64165.1,611.7306,2026-06-21 07:30:00
1782028800000,64165.1,64198.9,64023.2,64024.7,1004.3497,2026-06-21 08:00:00
1782030600000,64024.7,64041.9,63864.0,63983.4,1639.2261,2026-06-21 08:30:00
1782032400000,63983.4,64066.2,63920.0,64014.5,1390.336,2026-06-21 09:00:00
1782034200000,64014.6,64218.5,64014.6,64177.7,1336.6981,2026-06-21 09:30:00
1782036000000,64177.6,64358.0,64160.2,64270.3,1196.9657,2026-06-21 10:00:00
1782037800000,64270.3,64380.0,64262.5,64334.8,1349.3803,2026-06-21 10:30:00
1782039600000,64334.8,64448.4,64079.1,64348.9,2645.5241,2026-06-21 11:00:00
1782041400000,64348.9,64366.6,64081.4,64144.6,1303.9307,2026-06-21 11:30:00
1782043200000,64144.5,64208.1,63958.2,63984.6,2207.1591,2026-06-21 12:00:00
1782045000000,63984.5,64194.1,63908.9,64165.0,1781.2918,2026-06-21 12:30:00
1782046800000,64165.0,64165.0,64074.9,64133.8,631.2045,2026-06-21 13:00:00
1782048600000,64133.8,64138.0,63980.0,64111.9,792.4223,2026-06-21 13:30:00
1782050400000,64111.9,64116.6,63964.4,64005.4,697.676,2026-06-21 14:00:00
1782052200000,64005.5,64125.4,63968.6,64122.0,556.9195,2026-06-21 14:30:00
1782054000000,64122.0,64269.6,64087.6,64224.1,1051.7047,2026-06-21 15:00:00
1782055800000,64224.2,64332.5,64158.0,64191.6,667.9502,2026-06-21 15:30:00
1782057600000,64191.7,64223.1,64061.9,64154.0,858.1152,2026-06-21 16:00:00
1782059400000,64154.0,64179.3,64002.3,64111.2,798.3351,2026-06-21 16:30:00
1782061200000,64111.2,64188.0,64065.6,64065.6,366.6148,2026-06-21 17:00:00
1782063000000,64065.7,64156.5,64039.1,64114.2,426.0568,2026-06-21 17:30:00
1782064800000,64114.2,64128.1,63911.0,64008.5,745.6535,2026-06-21 18:00:00
1782066600000,64008.4,64212.6,64000.0,64179.3,684.6498,2026-06-21 18:30:00
1782068400000,64179.3,64270.0,64130.1,64189.3,384.7582,2026-06-21 19:00:00
1782070200000,64189.3,64209.6,64141.3,64169.1,308.0724,2026-06-21 19:30:00
1782072000000,64169.2,64237.7,64025.5,64083.3,544.1878,2026-06-21 20:00:00
1782073800000,64083.3,64099.9,63643.0,63817.6,2622.2428,2026-06-21 20:30:00
1782075600000,63817.6,63843.2,63461.4,63655.6,2529.8724,2026-06-21 21:00:00
1782077400000,63655.9,63939.0,63654.5,63768.5,1220.0845,2026-06-21 21:30:00
1782079200000,63768.4,63820.0,63537.9,63691.5,1530.6603,2026-06-21 22:00:00
1782081000000,63691.3,63829.8,63543.5,63765.9,910.8735,2026-06-21 22:30:00
1782082800000,63765.9,63765.9,63584.2,63603.3,796.7284,2026-06-21 23:00:00
1782084600000,63603.3,63632.4,63228.0,63278.9,3083.5856,2026-06-21 23:30:00
1782086400000,63278.9,63729.0,63278.8,63694.9,2637.249,2026-06-22 00:00:00
1782088200000,63694.9,64075.0,63660.3,63860.0,3076.463,2026-06-22 00:30:00
1782090000000,63860.0,64813.0,63820.0,64622.1,6925.2351,2026-06-22 01:00:00
1782091800000,64622.0,64688.0,64340.3,64570.1,3747.0051,2026-06-22 01:30:00
1782093600000,64570.1,64646.2,64470.0,64512.2,1343.9831,2026-06-22 02:00:00
1782095400000,64512.3,64557.0,64220.3,64230.5,1881.6185,2026-06-22 02:30:00
1782097200000,64230.5,64436.0,63866.7,64255.0,3217.344,2026-06-22 03:00:00
1782099000000,64255.0,64411.0,63880.4,63940.1,1619.6062,2026-06-22 03:30:00
1782100800000,63940.1,63995.7,63833.3,63940.1,1612.1653,2026-06-22 04:00:00
1782102600000,63940.1,64087.9,63925.0,64068.1,857.3576,2026-06-22 04:30:00
1782104400000,64068.1,64266.0,64059.9,64207.4,1430.171,2026-06-22 05:00:00
1782106200000,64207.4,64310.2,64144.8,64219.3,921.938,2026-06-22 05:30:00
1782108000000,64219.3,64293.2,64053.9,64093.7,931.4801,2026-06-22 06:00:00
1782109800000,64093.6,64119.9,63919.2,63963.9,1151.2678,2026-06-22 06:30:00
1782111600000,63963.9,64280.0,63941.0,64237.0,1356.6686,2026-06-22 07:00:00
1782113400000,64237.0,64382.8,64132.5,64179.3,1227.4941,2026-06-22 07:30:00
1782115200000,64179.3,64320.0,64071.8,64160.5,1124.6235,2026-06-22 08:00:00
1782117000000,64160.4,64258.5,64005.6,64132.4,1117.0926,2026-06-22 08:30:00
1782118800000,64132.4,64230.1,64060.6,64088.0,595.7037,2026-06-22 09:00:00
1782120600000,64088.1,64169.4,64022.0,64115.4,654.6119,2026-06-22 09:30:00
1782122400000,64115.5,64252.4,64100.9,64148.8,687.7474,2026-06-22 10:00:00
1782124200000,64148.8,64182.1,64046.0,64113.6,451.984,2026-06-22 10:30:00
1782126000000,64113.6,64440.0,64070.0,64334.5,2224.5212,2026-06-22 11:00:00
1782127800000,64334.5,64745.8,64331.9,64625.0,4257.4143,2026-06-22 11:30:00
1782129600000,64625.0,64969.9,64551.7,64920.8,5337.1748,2026-06-22 12:00:00
1782131400000,64920.8,65189.5,64811.9,65116.4,4749.9153,2026-06-22 12:30:00
1782133200000,65116.4,65177.0,64906.5,64966.1,2473.8402,2026-06-22 13:00:00
1782135000000,64966.2,65566.0,64943.3,65549.1,6343.4295,2026-06-22 13:30:00
1782136800000,65549.1,65616.4,64934.1,64934.1,4967.7851,2026-06-22 14:00:00
1782138600000,64934.2,65044.4,64800.0,64940.5,3855.2516,2026-06-22 14:30:00
1782140400000,64940.6,65115.8,64872.6,65019.6,1748.0945,2026-06-22 15:00:00
1782142200000,65019.5,65094.7,64711.0,64803.5,2229.4917,2026-06-22 15:30:00
1782144000000,64803.5,64831.8,64588.0,64661.1,2551.3305,2026-06-22 16:00:00
1782145800000,64661.1,64783.8,64478.7,64693.0,2156.5643,2026-06-22 16:30:00
1782147600000,64693.0,64747.6,64501.4,64501.4,978.6476,2026-06-22 17:00:00
1782149400000,64501.4,64628.8,64355.0,64578.7,2630.1885,2026-06-22 17:30:00
1782151200000,64578.7,64716.7,64542.5,64574.4,1175.2853,2026-06-22 18:00:00
1782153000000,64574.4,64599.9,64263.0,64314.9,1701.5172,2026-06-22 18:30:00
1782154800000,64315.0,64409.1,64263.4,64321.7,1567.243,2026-06-22 19:00:00
1782156600000,64321.7,64480.0,64244.0,64451.4,1464.9638,2026-06-22 19:30:00
1782158400000,64451.4,64640.3,64331.5,64383.9,1705.8655,2026-06-22 20:00:00
1782160200000,64383.8,64478.7,64366.0,64411.4,492.0778,2026-06-22 20:30:00
1782162000000,64411.4,64456.7,64215.0,64273.5,934.56,2026-06-22 21:00:00
1782163800000,64273.5,64304.5,64108.5,64291.1,941.485,2026-06-22 21:30:00
1782165600000,64291.0,64367.9,63852.7,64009.5,2489.1656,2026-06-22 22:00:00
1782167400000,64009.6,64105.1,63766.0,63943.0,2623.243,2026-06-22 22:30:00
1782169200000,63943.0,64023.4,63849.4,64014.0,1440.4396,2026-06-22 23:00:00
1782171000000,64013.9,64019.9,63923.0,63994.0,532.5859,2026-06-22 23:30:00
1782172800000,63993.9,64005.4,63803.1,63831.4,1067.8473,2026-06-23 00:00:00
1782174600000,63831.4,64136.0,63831.4,64123.5,1104.4807,2026-06-23 00:30:00
1782176400000,64123.5,64248.5,64100.0,64175.0,1409.3641,2026-06-23 01:00:00
1782178200000,64174.9,64215.7,63866.0,64123.5,1702.6128,2026-06-23 01:30:00
1782180000000,64123.5,64200.0,64009.1,64141.9,728.0077,2026-06-23 02:00:00
1782181800000,64142.0,64250.0,64128.0,64168.3,634.2625,2026-06-23 02:30:00
1782183600000,64168.3,64173.9,63936.2,64069.1,1122.4459,2026-06-23 03:00:00
1782185400000,64069.1,64069.2,63937.8,64040.0,582.0942,2026-06-23 03:30:00
1782187200000,64039.9,64067.8,63880.0,63957.5,761.9198,2026-06-23 04:00:00
1782189000000,63957.4,63957.5,63577.1,63597.9,3095.2887,2026-06-23 04:30:00
1782190800000,63597.8,63708.7,63360.0,63455.5,3621.5251,2026-06-23 05:00:00
1782192600000,63455.5,63495.6,63325.0,63366.0,2244.2644,2026-06-23 05:30:00
1782194400000,63366.0,63372.0,62523.1,62735.4,10274.4919,2026-06-23 06:00:00
1782196200000,62735.5,63015.1,62647.6,62899.9,4093.6839,2026-06-23 06:30:00
1782198000000,62900.0,63057.2,62852.8,62956.2,1698.3512,2026-06-23 07:00:00
1782199800000,62955.9,62998.1,62818.2,62846.3,1867.9,2026-06-23 07:30:00
1782201600000,62846.2,62910.4,61883.8,62002.1,10316.584,2026-06-23 08:00:00
1782203400000,62002.1,62420.0,61990.3,62349.1,5445.7932,2026-06-23 08:30:00
1782205200000,62349.1,62476.4,62311.4,62475.9,1577.06,2026-06-23 09:00:00
1782207000000,62475.8,62476.9,62296.7,62353.0,1235.4143,2026-06-23 09:30:00
1782208800000,62353.0,62548.9,62288.0,62327.3,1865.7554,2026-06-23 10:00:00
1782210600000,62327.4,62350.0,62204.9,62289.1,1743.5861,2026-06-23 10:30:00
1782212400000,62289.1,62565.3,62286.8,62512.7,1723.3951,2026-06-23 11:00:00
1782214200000,62512.8,62634.2,62387.7,62476.0,1653.4943,2026-06-23 11:30:00
1782216000000,62476.1,62532.2,62307.1,62379.9,1095.6521,2026-06-23 12:00:00
1782217800000,62379.9,62447.2,62155.0,62229.9,1859.87,2026-06-23 12:30:00
1782219600000,62230.0,62263.6,61988.0,62028.0,2795.0293,2026-06-23 13:00:00
1782221400000,62028.2,62513.2,61928.6,62450.0,5451.6814,2026-06-23 13:30:00
1782223200000,62450.0,62828.1,62404.0,62545.5,4594.589,2026-06-23 14:00:00
1782225000000,62545.5,62760.0,62375.0,62466.6,2911.7952,2026-06-23 14:30:00
1782226800000,62466.7,62486.2,62171.5,62253.9,2438.5378,2026-06-23 15:00:00
1782228600000,62253.9,62475.0,62175.2,62459.9,1518.3517,2026-06-23 15:30:00
1782230400000,62459.9,62794.3,62401.1,62555.0,3774.9852,2026-06-23 16:00:00
1782232200000,62555.0,62626.5,62460.0,62518.3,995.2534,2026-06-23 16:30:00
1782234000000,62518.3,62641.2,62360.7,62616.9,1564.1899,2026-06-23 17:00:00
1782235800000,62617.0,62661.7,62300.0,62322.1,1429.811,2026-06-23 17:30:00
1782237600000,62322.2,62420.0,62236.0,62315.5,840.8949,2026-06-23 18:00:00
1782239400000,62315.4,62315.4,62075.0,62208.9,1568.4758,2026-06-23 18:30:00
1782241200000,62209.0,62424.8,62195.6,62412.5,1101.8346,2026-06-23 19:00:00
1782243000000,62412.5,62457.1,62250.0,62367.4,655.7433,2026-06-23 19:30:00
1782244800000,62367.5,62514.8,62367.5,62462.0,783.8826,2026-06-23 20:00:00
1782246600000,62461.9,62467.7,62350.0,62438.3,362.8903,2026-06-23 20:30:00
1782248400000,62438.4,62592.0,62438.4,62546.0,608.6374,2026-06-23 21:00:00
1782250200000,62545.9,62625.0,62517.9,62569.8,445.1665,2026-06-23 21:30:00
1782252000000,62569.8,62750.0,62530.1,62584.9,1102.4485,2026-06-23 22:00:00
1782253800000,62584.9,62595.7,62490.0,62560.5,361.5573,2026-06-23 22:30:00
1782255600000,62560.4,62657.0,62462.9,62630.5,829.6997,2026-06-23 23:00:00
1782257400000,62630.5,62774.8,62557.8,62701.4,751.8827,2026-06-23 23:30:00
1782259200000,62701.5,62918.4,62700.0,62819.0,1814.0732,2026-06-24 00:00:00
1782261000000,62818.9,63000.0,62765.1,62990.0,1880.4804,2026-06-24 00:30:00
1782262800000,62990.1,63000.0,62735.6,62887.9,1679.8172,2026-06-24 01:00:00
1782264600000,62888.0,63097.9,62881.9,62908.0,1699.2523,2026-06-24 01:30:00
1782266400000,62907.9,62990.0,62650.0,62735.2,1520.3659,2026-06-24 02:00:00
1782268200000,62735.2,62778.8,62573.8,62607.3,2129.892,2026-06-24 02:30:00
1782270000000,62607.3,62661.1,62433.0,62644.5,1954.8771,2026-06-24 03:00:00
1782271800000,62644.5,62822.0,62644.5,62706.5,1229.1737,2026-06-24 03:30:00
1782273600000,62706.6,62730.4,62499.9,62562.7,918.0531,2026-06-24 04:00:00
1782275400000,62562.6,62774.2,62562.6,62722.2,795.1488,2026-06-24 04:30:00
1782277200000,62722.1,62862.0,62681.6,62856.5,1117.9654,2026-06-24 05:00:00
1782279000000,62856.5,63050.0,62831.3,62864.9,2044.2961,2026-06-24 05:30:00
1782280800000,62864.9,62890.1,62736.3,62835.6,841.3058,2026-06-24 06:00:00
1782282600000,62835.8,62854.2,62702.6,62757.9,738.0395,2026-06-24 06:30:00
1782284400000,62757.9,62823.3,62641.5,62641.6,1180.2775,2026-06-24 07:00:00
1782286200000,62641.6,62706.0,62580.0,62627.0,1190.3115,2026-06-24 07:30:00
1782288000000,62627.0,62696.7,62576.2,62684.8,898.7696,2026-06-24 08:00:00
1782289800000,62684.8,62787.6,62642.2,62771.2,707.7427,2026-06-24 08:30:00
1782291600000,62771.2,62771.3,62650.1,62655.8,633.5702,2026-06-24 09:00:00
1782293400000,62655.8,62690.1,62607.2,62655.1,492.6772,2026-06-24 09:30:00
1782295200000,62655.1,62655.1,62424.5,62515.8,1499.8248,2026-06-24 10:00:00
1782297000000,62516.5,62606.6,62385.7,62418.9,1596.2795,2026-06-24 10:30:00
1782298800000,62418.9,62449.9,62260.0,62348.9,2518.2751,2026-06-24 11:00:00
1782300600000,62349.0,63221.0,62349.0,62887.5,6259.4237,2026-06-24 11:30:00
1782302400000,62887.4,62944.2,62722.0,62788.9,2541.9604,2026-06-24 12:00:00
1782304200000,62788.9,62885.1,62551.6,62587.5,2189.9434,2026-06-24 12:30:00
1782306000000,62587.4,62600.0,61645.9,61824.1,11632.503,2026-06-24 13:00:00
1782307800000,61824.1,62123.7,61205.7,61300.0,13992.611,2026-06-24 13:30:00
1782309600000,61300.0,61436.5,60829.5,61208.2,12156.2372,2026-06-24 14:00:00
1782311400000,61208.2,61356.7,60911.8,61089.8,4972.997,2026-06-24 14:30:00
1782313200000,61089.8,61123.0,60780.0,60850.1,4994.5743,2026-06-24 15:00:00
1782315000000,60850.0,60861.3,60230.9,60252.7,9394.5044,2026-06-24 15:30:00
1782316800000,60252.7,60675.5,60188.0,60524.5,6679.6411,2026-06-24 16:00:00
1782318600000,60524.4,60542.7,59574.0,59813.9,15997.3225,2026-06-24 16:30:00
1782320400000,59814.0,60038.3,59300.6,59646.3,12879.1173,2026-06-24 17:00:00
1782322200000,59646.3,59719.9,59050.3,59359.4,8325.4226,2026-06-24 17:30:00
1782324000000,59359.4,59895.0,59269.0,59676.1,5893.0052,2026-06-24 18:00:00
1782325800000,59676.0,59715.7,59379.0,59573.1,3408.5147,2026-06-24 18:30:00
1782327600000,59573.2,59810.7,59483.9,59790.8,2954.3166,2026-06-24 19:00:00
1782329400000,59790.7,59957.0,59691.7,59921.2,2439.9916,2026-06-24 19:30:00
1782331200000,59920.8,60795.4,59815.2,60736.1,11412.2703,2026-06-24 20:00:00
1782333000000,60736.1,61176.4,60643.1,60926.4,5754.0468,2026-06-24 20:30:00
1782334800000,60926.3,60992.5,60632.4,60816.4,2257.5926,2026-06-24 21:00:00
1782336600000,60816.5,61107.2,60756.9,61070.5,1661.005,2026-06-24 21:30:00
1782338400000,61070.4,61243.9,60841.8,60856.1,2272.0829,2026-06-24 22:00:00
1782340200000,60856.2,60922.0,60766.8,60846.5,1160.9391,2026-06-24 22:30:00
1782342000000,60846.4,61008.9,60800.0,60949.3,893.0656,2026-06-24 23:00:00
1782343800000,60949.3,61085.2,60906.3,61050.0,1064.482,2026-06-24 23:30:00
1782345600000,61050.1,61137.0,60890.1,60892.8,1468.0284,2026-06-25 00:00:00
1782347400000,60892.9,60958.5,60692.4,60783.6,1825.9671,2026-06-25 00:30:00
1782349200000,60783.6,60907.3,60683.4,60826.3,1204.254,2026-06-25 01:00:00
1782351000000,60826.3,60955.7,60763.0,60884.4,882.1687,2026-06-25 01:30:00
1782352800000,60884.4,60935.7,60688.4,60898.1,1145.1316,2026-06-25 02:00:00
1782354600000,60898.1,60902.0,60660.6,60759.9,1072.3561,2026-06-25 02:30:00
1782356400000,60759.9,60837.9,60650.0,60760.1,867.4551,2026-06-25 03:00:00
1782358200000,60760.0,60873.0,60710.9,60851.9,742.3614,2026-06-25 03:30:00
1782360000000,60852.0,60885.0,60752.9,60865.5,643.6267,2026-06-25 04:00:00
1782361800000,60865.5,61380.6,60776.1,61315.1,3439.6706,2026-06-25 04:30:00
1782363600000,61315.1,61776.9,61240.0,61580.0,7943.7705,2026-06-25 05:00:00
1782365400000,61579.9,61645.0,61473.4,61560.3,1801.2803,2026-06-25 05:30:00
1782367200000,61560.3,61764.7,61560.3,61630.8,1526.6593,2026-06-25 06:00:00
1782369000000,61630.8,61830.9,61612.5,61685.6,1587.1469,2026-06-25 06:30:00
1782370800000,61685.6,61857.5,61631.4,61768.6,1914.3145,2026-06-25 07:00:00
1782372600000,61768.5,61929.5,61766.4,61877.6,2125.2332,2026-06-25 07:30:00
1782374400000,61877.6,61888.0,61666.0,61742.8,1527.4294,2026-06-25 08:00:00
1782376200000,61742.9,61765.0,61643.5,61676.2,910.8677,2026-06-25 08:30:00
1782378000000,61676.2,61753.0,61571.9,61655.9,1065.2707,2026-06-25 09:00:00
1782379800000,61655.9,61748.1,61645.0,61699.9,901.657,2026-06-25 09:30:00
1782381600000,61700.0,61718.4,61528.8,61546.8,1251.19,2026-06-25 10:00:00
1782383400000,61546.8,61555.0,61231.2,61242.2,3420.969,2026-06-25 10:30:00
1782385200000,61242.1,61392.7,61029.3,61210.6,4851.4784,2026-06-25 11:00:00
1782387000000,61210.6,61361.1,61113.4,61258.9,1975.1647,2026-06-25 11:30:00
1782388800000,61259.0,61346.1,61044.0,61070.1,2065.4103,2026-06-25 12:00:00
1782390600000,61070.0,61757.4,61070.0,61207.3,7273.024,2026-06-25 12:30:00
1782392400000,61207.3,61337.8,61140.1,61204.7,2391.2693,2026-06-25 13:00:00
1782394200000,61204.6,61311.9,58031.5,58258.6,38075.56,2026-06-25 13:30:00
1782396000000,58258.5,59711.3,58258.5,59282.5,24061.851,2026-06-25 14:00:00
1782397800000,59282.5,60453.3,59137.0,59438.0,16268.3657,2026-06-25 14:30:00
1782399600000,59437.9,59450.0,58833.8,59230.8,8839.1017,2026-06-25 15:00:00
1782401400000,59230.9,59637.6,59038.6,59528.4,4681.5893,2026-06-25 15:30:00
1782403200000,59528.3,60031.0,59428.9,59712.6,4909.3571,2026-06-25 16:00:00
1782405000000,59712.7,59712.7,59107.1,59281.2,3973.224,2026-06-25 16:30:00
1782406800000,59281.3,59568.9,59083.6,59524.3,2993.7986,2026-06-25 17:00:00
1782408600000,59524.3,59714.9,59403.0,59644.6,1734.5433,2026-06-25 17:30:00
1782410400000,59644.5,59756.0,59354.1,59687.4,2350.3933,2026-06-25 18:00:00
1782412200000,59687.3,59687.4,59320.8,59483.9,1476.3557,2026-06-25 18:30:00
1782414000000,59483.8,59489.3,59120.8,59315.0,1989.7427,2026-06-25 19:00:00
1782415800000,59315.0,59402.8,59153.3,59295.5,1330.1886,2026-06-25 19:30:00
1782417600000,59295.5,59720.0,59292.3,59594.9,2021.6733,2026-06-25 20:00:00
1782419400000,59595.0,59635.7,59311.1,59429.0,1019.2793,2026-06-25 20:30:00
1782421200000,59429.0,59679.1,59424.0,59678.2,626.6319,2026-06-25 21:00:00
1782423000000,59678.2,60267.7,59668.9,60179.8,2444.6456,2026-06-25 21:30:00
1782424800000,60179.7,60179.7,59759.6,59760.7,1729.829,2026-06-25 22:00:00
1782426600000,59760.7,59895.4,59705.0,59810.6,1114.917,2026-06-25 22:30:00
1782428400000,59810.5,60142.9,59759.4,60068.2,1411.6797,2026-06-25 23:00:00
1782430200000,60068.1,60168.6,59706.2,59767.2,1332.6778,2026-06-25 23:30:00
1782432000000,59767.3,59877.2,59670.0,59739.6,1063.1041,2026-06-26 00:00:00
1782433800000,59739.6,59842.2,59600.1,59625.2,1037.2873,2026-06-26 00:30:00
1782435600000,59625.2,59754.0,59263.1,59263.1,2109.2853,2026-06-26 01:00:00
1782437400000,59263.1,59413.8,59180.9,59406.1,1973.6795,2026-06-26 01:30:00
1782439200000,59406.0,59424.3,58325.0,58858.2,9162.0415,2026-06-26 02:00:00
1782441000000,58858.2,58987.9,58406.9,58540.0,4883.7941,2026-06-26 02:30:00
1782442800000,58540.0,59160.4,58300.0,59062.2,5130.1981,2026-06-26 03:00:00
1782444600000,59062.2,60114.0,58980.0,60010.1,8668.4434,2026-06-26 03:30:00
1782446400000,60010.1,60209.9,59813.3,59961.5,4522.5607,2026-06-26 04:00:00
1782448200000,59961.6,59999.0,59804.7,59894.8,1874.8371,2026-06-26 04:30:00
1782450000000,59894.7,60015.0,59700.2,59928.6,2899.0842,2026-06-26 05:00:00
1782451800000,59928.7,60018.4,59761.6,59910.3,1460.1019,2026-06-26 05:30:00
1782453600000,59910.3,60066.2,59668.4,60009.9,2782.812,2026-06-26 06:00:00
1782455400000,60009.9,60435.6,59920.1,60299.8,4545.2205,2026-06-26 06:30:00
1782457200000,60299.8,60693.2,60250.0,60558.5,3819.308,2026-06-26 07:00:00
1782459000000,60558.5,60759.9,60461.5,60486.1,5037.2808,2026-06-26 07:30:00
1782460800000,60486.2,60540.0,60147.5,60280.0,3808.649,2026-06-26 08:00:00
1782462600000,60279.9,60315.6,60108.8,60210.7,1747.0779,2026-06-26 08:30:00
1782464400000,60210.7,60220.0,60037.4,60095.8,1643.4645,2026-06-26 09:00:00
1782466200000,60095.8,60098.4,59549.0,59705.8,4698.947,2026-06-26 09:30:00
1782468000000,59705.9,59826.3,59620.0,59695.8,1934.0367,2026-06-26 10:00:00
1782469800000,59695.8,59782.0,59200.6,59289.2,4049.2434,2026-06-26 10:30:00
1782471600000,59289.2,59570.7,59232.3,59393.8,2916.566,2026-06-26 11:00:00
1782473400000,59393.8,59505.9,59255.2,59390.4,1366.6796,2026-06-26 11:30:00
1782475200000,59390.3,59704.0,59313.2,59703.9,2983.1448,2026-06-26 12:00:00
1782477000000,59704.0,59984.0,58940.0,59165.5,10144.0015,2026-06-26 12:30:00
1782478800000,59165.5,59265.2,58468.0,58892.8,8809.519,2026-06-26 13:00:00
1782480600000,58892.7,60186.5,58810.0,60149.9,10362.5678,2026-06-26 13:30:00
1782482400000,60150.0,60274.0,59783.5,60035.3,7121.9108,2026-06-26 14:00:00
1782484200000,60035.2,60056.1,59354.3,59571.2,5988.6666,2026-06-26 14:30:00
1782486000000,59571.2,60353.2,59555.0,60162.7,5803.5487,2026-06-26 15:00:00
1782487800000,60162.7,60478.9,60104.5,60297.4,4809.2054,2026-06-26 15:30:00
1782489600000,60297.4,60573.2,59926.9,60022.2,4792.4707,2026-06-26 16:00:00
1782491400000,60022.3,60361.1,59981.9,60015.3,3250.4782,2026-06-26 16:30:00
1782493200000,60015.2,60262.7,59982.4,60152.2,1705.3051,2026-06-26 17:00:00
1782495000000,60152.2,60188.0,59912.9,59997.5,1749.8126,2026-06-26 17:30:00
1782496800000,59997.4,60132.1,59765.6,59804.2,1514.279,2026-06-26 18:00:00
1782498600000,59804.3,59862.3,59527.0,59642.5,1705.9115,2026-06-26 18:30:00
1782500400000,59642.5,60080.8,59588.0,59910.0,3000.6422,2026-06-26 19:00:00
1782502200000,59910.0,60070.0,59702.7,59730.0,1601.3893,2026-06-26 19:30:00
1782504000000,59730.1,59968.7,59656.0,59755.4,1448.2266,2026-06-26 20:00:00
1782505800000,59755.5,59771.6,59529.4,59689.4,1598.0276,2026-06-26 20:30:00
1782507600000,59689.4,59853.3,59650.0,59845.8,478.7507,2026-06-26 21:00:00
1782509400000,59845.7,60027.9,59830.8,59887.2,856.5251,2026-06-26 21:30:00
1782511200000,59887.3,59946.0,59720.6,59856.9,594.2585,2026-06-26 22:00:00
1782513000000,59856.9,60055.2,59834.7,60013.3,752.8956,2026-06-26 22:30:00
1782514800000,60013.3,60088.0,59946.8,59946.8,847.3672,2026-06-26 23:00:00
1782516600000,59946.8,60090.5,59893.2,60072.1,532.9967,2026-06-26 23:30:00
1782518400000,60072.1,60170.8,60005.0,60023.3,710.1247,2026-06-27 00:00:00
1782520200000,60023.2,60045.0,59853.5,60030.1,917.1579,2026-06-27 00:30:00
1782522000000,60030.2,60039.7,59914.6,59971.4,311.4867,2026-06-27 01:00:00
1782523800000,59971.3,59980.0,59902.1,59919.1,326.3292,2026-06-27 01:30:00
1782525600000,59919.1,60357.0,59890.1,60269.5,1642.3166,2026-06-27 02:00:00
1782527400000,60269.5,60358.3,60166.5,60257.6,1641.711,2026-06-27 02:30:00
1782529200000,60257.7,60399.8,60135.9,60292.0,960.7223,2026-06-27 03:00:00
1782531000000,60292.0,60368.6,60225.1,60277.4,1133.3536,2026-06-27 03:30:00
1782532800000,60277.5,60454.7,60277.4,60364.4,1387.8955,2026-06-27 04:00:00
1782534600000,60364.3,60424.1,60188.0,60219.7,740.4224,2026-06-27 04:30:00
1782536400000,60219.7,60287.9,60130.1,60137.5,811.0887,2026-06-27 05:00:00
1782538200000,60137.5,60247.5,60092.1,60211.2,1040.1612,2026-06-27 05:30:00
1782540000000,60211.2,60211.9,60089.0,60180.1,651.1156,2026-06-27 06:00:00
1782541800000,60180.1,60472.0,60180.0,60342.9,1496.0015,2026-06-27 06:30:00
1782543600000,60342.9,60418.0,60267.0,60399.9,636.2625,2026-06-27 07:00:00
1782545400000,60399.8,60543.0,60356.3,60516.1,1200.3192,2026-06-27 07:30:00
1782547200000,60516.1,60516.2,60417.8,60421.8,873.6784,2026-06-27 08:00:00
1782549000000,60421.7,60494.5,60339.3,60426.0,752.9686,2026-06-27 08:30:00
1782550800000,60426.1,60479.9,60246.8,60341.2,988.3346,2026-06-27 09:00:00
1782552600000,60341.2,60418.1,60341.1,60391.5,537.6226,2026-06-27 09:30:00
1782554400000,60391.6,60461.0,60375.1,60426.7,392.8662,2026-06-27 10:00:00
1782556200000,60426.7,60426.8,60345.8,60386.9,365.9698,2026-06-27 10:30:00
1782558000000,60386.8,60424.7,60207.9,60237.8,664.4965,2026-06-27 11:00:00
1782559800000,60237.7,60394.3,60161.6,60333.5,1194.8215,2026-06-27 11:30:00
1782561600000,60333.5,60333.5,60226.8,60312.6,382.2354,2026-06-27 12:00:00
1782563400000,60312.6,60405.0,60280.0,60396.8,553.0005,2026-06-27 12:30:00
1782565200000,60396.7,60460.5,60360.8,60444.4,681.5305,2026-06-27 13:00:00
1782567000000,60444.4,60635.0,60420.8,60550.1,1778.2086,2026-06-27 13:30:00
1782568800000,60550.0,60699.9,60476.3,60572.4,1146.8782,2026-06-27 14:00:00
1782570600000,60572.3,60645.6,60480.2,60585.7,1045.3248,2026-06-27 14:30:00
1782572400000,60585.8,60880.0,60537.2,60783.4,3466.9974,2026-06-27 15:00:00
1782574200000,60783.5,60925.7,60721.3,60816.0,1868.2531,2026-06-27 15:30:00
1782576000000,60816.1,60832.5,60636.6,60692.7,1368.5848,2026-06-27 16:00:00
1782577800000,60692.8,60799.0,60643.1,60789.5,627.9529,2026-06-27 16:30:00
1782579600000,60789.5,60793.3,60369.1,60554.2,3123.199,2026-06-27 17:00:00
1782581400000,60554.1,60634.7,60480.7,60500.1,834.1465,2026-06-27 17:30:00
1782583200000,60500.0,60540.6,60422.7,60493.9,654.9802,2026-06-27 18:00:00
1782585000000,60493.8,60549.1,60476.4,60538.1,411.374,2026-06-27 18:30:00
1782586800000,60538.2,60580.0,60230.7,60299.0,1511.7217,2026-06-27 19:00:00
1782588600000,60299.0,60299.0,60025.0,60153.3,2515.0543,2026-06-27 19:30:00
1782590400000,60153.2,60279.0,60141.6,60246.0,921.7901,2026-06-27 20:00:00
1782592200000,60245.9,60276.9,60227.6,60276.9,242.7175,2026-06-27 20:30:00
1782594000000,60277.0,60426.7,60276.4,60425.3,691.4173,2026-06-27 21:00:00
1782595800000,60425.2,60456.7,60111.0,60169.3,1067.8693,2026-06-27 21:30:00
1782597600000,60169.2,60169.2,59821.4,60098.4,2450.4455,2026-06-27 22:00:00
1782599400000,60098.4,60230.7,60093.8,60196.6,824.5838,2026-06-27 22:30:00
1782601200000,60196.7,60293.0,59915.9,59956.1,1464.7147,2026-06-27 23:00:00
1782603000000,59956.2,60062.6,59936.0,59996.6,616.0541,2026-06-27 23:30:00
1782604800000,59996.7,60158.7,59980.4,60138.6,663.6404,2026-06-28 00:00:00
1782606600000,60138.6,60157.7,60041.3,60118.7,551.5762,2026-06-28 00:30:00
1782608400000,60118.7,60214.9,59950.0,60174.1,1045.0712,2026-06-28 01:00:00
1782610200000,60174.1,60243.0,60152.8,60187.8,585.5426,2026-06-28 01:30:00
1782612000000,60187.8,60315.3,60023.6,60087.9,1011.2765,2026-06-28 02:00:00
1782613800000,60088.0,60152.8,60068.0,60116.4,460.1818,2026-06-28 02:30:00
1782615600000,60116.3,60247.8,60116.3,60231.0,451.5681,2026-06-28 03:00:00
1782617400000,60231.0,60246.0,60123.0,60170.3,507.2436,2026-06-28 03:30:00
1782619200000,60170.3,60208.3,60108.2,60174.3,375.6557,2026-06-28 04:00:00
1782621000000,60174.4,60174.4,60054.2,60107.6,464.2046,2026-06-28 04:30:00
1782622800000,60107.7,60113.8,59719.3,59804.2,2521.1051,2026-06-28 05:00:00
1782624600000,59804.2,59988.0,59760.1,59956.6,1208.2331,2026-06-28 05:30:00
1782626400000,59956.7,59999.4,59774.8,59899.9,975.6346,2026-06-28 06:00:00
1782628200000,59899.9,60000.0,59897.5,59973.7,450.7354,2026-06-28 06:30:00
1782630000000,59973.8,60162.5,59968.0,60078.7,1304.269,2026-06-28 07:00:00
1782631800000,60078.7,60235.3,60078.5,60192.0,1040.7809,2026-06-28 07:30:00
1782633600000,60192.0,60226.0,60111.0,60196.3,497.4189,2026-06-28 08:00:00
1782635400000,60196.4,60520.0,60193.5,60334.3,2231.0147,2026-06-28 08:30:00
1782637200000,60334.3,60441.1,60263.6,60294.9,902.4864,2026-06-28 09:00:00
1782639000000,60295.0,60386.0,60220.4,60228.4,593.3975,2026-06-28 09:30:00
1782640800000,60228.5,60272.4,60034.1,60074.1,1415.4737,2026-06-28 10:00:00
1782642600000,60074.1,60144.9,60045.0,60140.4,600.8486,2026-06-28 10:30:00
1782644400000,60140.3,60335.9,60081.3,60280.6,1055.3006,2026-06-28 11:00:00
1782646200000,60280.6,60349.8,60223.5,60316.1,651.8962,2026-06-28 11:30:00
1782648000000,60316.1,60375.4,60155.1,60305.9,654.0183,2026-06-28 12:00:00
1782649800000,60305.8,60426.3,60165.5,60263.2,849.2098,2026-06-28 12:30:00
1782651600000,60263.2,60263.2,59928.3,60100.0,1880.9489,2026-06-28 13:00:00
1782653400000,60099.9,60160.0,60020.0,60043.7,723.8165,2026-06-28 13:30:00
1782655200000,60043.7,60222.0,60004.6,60130.2,773.9545,2026-06-28 14:00:00
1782657000000,60130.2,60172.0,59988.0,60000.1,1084.5351,2026-06-28 14:30:00
1782658800000,60000.0,60108.8,59857.4,60012.6,1115.3072,2026-06-28 15:00:00
1782660600000,60012.5,60072.5,59768.1,59865.4,1571.797,2026-06-28 15:30:00
1782662400000,59865.4,59920.0,59634.0,59747.1,1968.0082,2026-06-28 16:00:00
1782664200000,59747.0,59770.0,59554.7,59659.7,2358.5419,2026-06-28 16:30:00
1782666000000,59659.6,59823.3,59516.9,59571.2,1712.1763,2026-06-28 17:00:00
1782667800000,59571.2,59618.1,59357.8,59554.0,3126.2875,2026-06-28 17:30:00
1782669600000,59553.9,59678.3,59543.9,59582.4,867.8545,2026-06-28 18:00:00
1782671400000,59582.5,59640.0,59470.6,59580.0,587.746,2026-06-28 18:30:00
1782673200000,59580.1,59582.6,59411.0,59524.3,570.3845,2026-06-28 19:00:00
1782675000000,59524.3,59653.1,59219.5,59450.1,2186.6263,2026-06-28 19:30:00
1782676800000,59450.0,59745.5,59436.4,59686.1,1158.3845,2026-06-28 20:00:00
1782678600000,59686.0,59696.5,59600.1,59625.2,623.2332,2026-06-28 20:30:00
1782680400000,59625.3,59705.1,59605.7,59675.1,425.0279,2026-06-28 21:00:00
1782682200000,59675.2,59769.0,59297.2,59414.2,1572.7277,2026-06-28 21:30:00
1782684000000,59414.3,59888.0,59135.4,59357.9,4034.2827,2026-06-28 22:00:00
1782685800000,59358.0,59438.7,58852.5,59038.4,3297.6668,2026-06-28 22:30:00
1782687600000,59038.3,59555.0,58979.3,59511.3,2353.9381,2026-06-28 23:00:00
1782689400000,59511.3,59823.1,59492.2,59548.9,2697.4981,2026-06-28 23:30:00
1782691200000,59548.9,59666.0,59170.1,59180.0,3392.7739,2026-06-29 00:00:00
1782693000000,59180.0,59677.0,58978.2,59635.8,3559.1402,2026-06-29 00:30:00
1782694800000,59635.7,59671.6,59200.0,59273.9,1673.0835,2026-06-29 01:00:00
1782696600000,59273.9,59552.8,59174.3,59410.1,1209.9136,2026-06-29 01:30:00
1782698400000,59410.1,59573.5,58858.6,59515.8,3679.1845,2026-06-29 02:00:00
1782700200000,59515.8,59800.0,59464.1,59725.7,3305.2339,2026-06-29 02:30:00
1782702000000,59725.8,60209.9,59725.8,60150.1,5214.8808,2026-06-29 03:00:00
1782703800000,60150.0,60181.3,59854.0,60023.8,1832.2525,2026-06-29 03:30:00
1782705600000,60023.7,60035.2,59816.1,59933.1,922.0983,2026-06-29 04:00:00
1782707400000,59933.1,59946.3,59708.9,59802.8,1259.624,2026-06-29 04:30:00
1782709200000,59802.8,59840.9,59366.0,59663.8,2950.9546,2026-06-29 05:00:00
1782711000000,59663.8,60083.2,59616.0,60083.1,2016.6919,2026-06-29 05:30:00
1782712800000,60083.2,60329.4,60053.5,60141.2,3512.5354,2026-06-29 06:00:00
1782714600000,60141.5,60180.0,60012.9,60043.1,1119.1304,2026-06-29 06:30:00
1782716400000,60043.1,60160.0,59891.0,60069.9,1141.627,2026-06-29 07:00:00
1782718200000,60070.0,60109.4,59990.0,59990.1,709.8464,2026-06-29 07:30:00
1782720000000,59990.1,60060.0,59780.0,59800.1,1723.7147,2026-06-29 08:00:00
1782721800000,59800.1,59917.2,59711.1,59805.1,1402.6543,2026-06-29 08:30:00
1782723600000,59805.2,60087.9,59746.7,59907.7,1790.6737,2026-06-29 09:00:00
1782725400000,59907.7,60053.0,59860.1,60029.9,1098.7183,2026-06-29 09:30:00
1782727200000,60030.0,60290.0,60030.0,60188.3,1905.7302,2026-06-29 10:00:00
1782729000000,60188.4,60188.6,60040.0,60060.4,1260.2732,2026-06-29 10:30:00
1782730800000,60060.3,60071.8,59860.0,59966.9,1235.8948,2026-06-29 11:00:00
1782732600000,59966.9,60193.2,59769.6,59929.7,2642.9997,2026-06-29 11:30:00
1782734400000,59929.6,60770.0,59552.5,60419.8,13502.6649,2026-06-29 12:00:00
1782736200000,60419.8,60446.4,59757.1,59925.3,6214.3165,2026-06-29 12:30:00
1782738000000,59925.3,60318.3,59925.3,59957.1,3344.2211,2026-06-29 13:00:00
1782739800000,59957.0,60260.2,59282.0,59550.7,8856.3155,2026-06-29 13:30:00
1782741600000,59550.7,59565.6,58950.0,59477.0,8508.8451,2026-06-29 14:00:00
1782743400000,59477.1,59675.0,59220.7,59437.9,3710.4888,2026-06-29 14:30:00
1782745200000,59437.9,59469.4,59065.9,59465.0,3222.972,2026-06-29 15:00:00
1782747000000,59464.9,59930.0,59464.9,59788.6,6146.4246,2026-06-29 15:30:00
1782748800000,59788.7,59908.0,59555.0,59571.1,2231.8132,2026-06-29 16:00:00
1782750600000,59571.0,60015.4,59571.0,59863.0,2000.7443,2026-06-29 16:30:00
1782752400000,59863.0,60615.9,59862.4,60518.7,7047.2958,2026-06-29 17:00:00
1782754200000,60518.6,60660.0,60350.9,60388.7,2838.9143,2026-06-29 17:30:00
1782756000000,60388.7,60496.1,60210.6,60249.2,1648.6158,2026-06-29 18:00:00
1782757800000,60249.2,60311.4,60165.2,60277.3,1303.4255,2026-06-29 18:30:00
1782759600000,60277.4,60458.0,60133.1,60431.3,1246.0269,2026-06-29 19:00:00
1782761400000,60431.4,60534.1,60286.4,60401.0,1423.8997,2026-06-29 19:30:00
1782763200000,60401.0,60520.0,60333.6,60379.4,825.668,2026-06-29 20:00:00
1782765000000,60379.4,60453.6,60269.1,60272.0,719.6342,2026-06-29 20:30:00
1782766800000,60272.0,60391.6,60233.6,60330.2,557.8459,2026-06-29 21:00:00
1782768600000,60330.2,60563.7,60330.1,60461.3,546.2619,2026-06-29 21:30:00
1782770400000,60461.3,60500.0,60336.6,60418.8,574.1558,2026-06-29 22:00:00
1782772200000,60418.8,60441.5,60321.7,60330.1,448.7601,2026-06-29 22:30:00
1782774000000,60330.1,60355.4,60170.0,60203.1,749.1168,2026-06-29 23:00:00
1782775800000,60203.1,60271.2,60189.0,60231.4,857.0301,2026-06-29 23:30:00
1782777600000,60231.3,60254.0,59866.7,59909.5,2090.1514,2026-06-30 00:00:00
1782779400000,59909.5,59913.5,59661.7,59805.1,3502.0688,2026-06-30 00:30:00
1782781200000,59805.0,60021.9,59746.1,60012.7,1567.8507,2026-06-30 01:00:00
1782783000000,60012.8,60024.1,59758.6,59908.6,1276.0068,2026-06-30 01:30:00
1782784800000,59908.6,59969.3,59721.2,59946.0,1094.7017,2026-06-30 02:00:00
1782786600000,59945.9,60017.8,59888.1,59916.4,922.6793,2026-06-30 02:30:00
1782788400000,59916.5,59999.0,59790.0,59826.3,1102.8723,2026-06-30 03:00:00
1782790200000,59826.2,59830.0,59568.0,59592.7,2016.3355,2026-06-30 03:30:00
1782792000000,59592.7,59595.1,59400.8,59525.8,2520.8772,2026-06-30 04:00:00
1782793800000,59525.9,59677.1,59420.0,59463.0,2241.0395,2026-06-30 04:30:00
1782795600000,59462.9,59509.5,59336.5,59358.0,1639.5973,2026-06-30 05:00:00
1782797400000,59358.0,59627.8,59324.3,59623.0,1583.8728,2026-06-30 05:30:00
1782799200000,59623.0,59685.7,59480.2,59663.4,1352.3377,2026-06-30 06:00:00
1782801000000,59663.3,59692.5,59512.4,59564.1,872.8827,2026-06-30 06:30:00
1782802800000,59564.1,59600.0,59413.0,59445.6,1166.1052,2026-06-30 07:00:00
1782804600000,59445.7,59542.6,59435.0,59492.7,1280.6419,2026-06-30 07:30:00
1782806400000,59492.8,59525.0,59337.1,59380.1,1378.9845,2026-06-30 08:00:00
1782808200000,59380.1,59415.0,59157.7,59280.0,3803.9133,2026-06-30 08:30:00
1782810000000,59280.1,59374.8,59238.2,59266.6,1386.237,2026-06-30 09:00:00
1782811800000,59266.6,59393.6,59218.2,59346.1,975.2673,2026-06-30 09:30:00
1782813600000,59346.1,59396.9,59282.0,59343.9,786.5088,2026-06-30 10:00:00
1782815400000,59343.8,59375.0,59262.9,59301.0,676.5531,2026-06-30 10:30:00
1782817200000,59301.0,59388.0,59159.0,59188.7,1158.2639,2026-06-30 11:00:00
1782819000000,59188.7,59309.9,59088.0,59162.9,2217.1102,2026-06-30 11:30:00
1782820800000,59162.9,59163.0,58720.1,58828.0,6015.0252,2026-06-30 12:00:00
1782822600000,58828.0,58855.5,58333.3,58374.4,7754.7339,2026-06-30 12:30:00
1782824400000,58374.4,58621.1,58273.0,58488.5,6184.3849,2026-06-30 13:00:00
1782826200000,58488.6,58779.4,58185.5,58709.6,8526.8311,2026-06-30 13:30:00
1782828000000,58709.5,59250.0,58627.2,59014.3,8599.3455,2026-06-30 14:00:00
1782829800000,59014.4,59079.9,58384.8,58454.8,7029.0647,2026-06-30 14:30:00
1782831600000,58454.8,58574.4,58158.1,58363.6,7128.4148,2026-06-30 15:00:00
1782833400000,58363.7,58782.0,58233.8,58359.8,4239.3314,2026-06-30 15:30:00
1782835200000,58359.9,58611.9,58216.5,58294.9,3047.3387,2026-06-30 16:00:00
1782837000000,58295.0,58558.5,58234.0,58478.4,2072.3166,2026-06-30 16:30:00
1782838800000,58478.4,58600.0,58347.1,58370.9,1273.7755,2026-06-30 17:00:00
1782840600000,58371.0,58448.8,58289.9,58401.4,1068.7246,2026-06-30 17:30:00
1782842400000,58401.4,58677.9,58337.3,58510.2,1787.1632,2026-06-30 18:00:00
1782844200000,58510.2,58666.0,58361.1,58663.9,1357.988,2026-06-30 18:30:00
1782846000000,58663.8,58713.4,58553.6,58647.3,1230.3262,2026-06-30 19:00:00
1782847800000,58647.3,58817.8,58631.8,58789.7,1337.5217,2026-06-30 19:30:00
1782849600000,58789.7,58849.9,58660.6,58712.1,988.4918,2026-06-30 20:00:00
1782851400000,58712.2,58769.9,58612.2,58700.2,834.6934,2026-06-30 20:30:00
1782853200000,58700.2,58747.4,58471.5,58563.6,935.0524,2026-06-30 21:00:00
1782855000000,58563.6,58635.0,58506.3,58614.8,424.9068,2026-06-30 21:30:00
1782856800000,58614.9,58795.6,58614.8,58621.9,627.9944,2026-06-30 22:00:00
1782858600000,58621.9,58621.9,58480.0,58573.8,518.2139,2026-06-30 22:30:00
1782860400000,58573.7,58634.8,58518.6,58587.9,490.8072,2026-06-30 23:00:00
1782862200000,58587.9,58637.7,58544.4,58604.0,610.06,2026-06-30 23:30:00
1782864000000,58604.1,58720.2,58280.0,58366.1,2116.4544,2026-07-01 00:00:00
1782865800000,58366.0,58594.8,58366.0,58551.6,1081.1419,2026-07-01 00:30:00
1782867600000,58551.6,58568.0,57750.0,58324.7,11045.4462,2026-07-01 01:00:00
1782869400000,58324.6,58996.6,58300.4,58734.0,6861.8256,2026-07-01 01:30:00
1782871200000,58734.0,58998.6,58633.6,58921.2,2585.5233,2026-07-01 02:00:00
1782873000000,58921.3,59142.6,58884.0,59054.8,3754.3979,2026-07-01 02:30:00
1782874800000,59054.9,59099.2,58852.0,58899.8,2002.9447,2026-07-01 03:00:00
1782876600000,58899.9,59317.5,58823.0,59168.3,3991.5722,2026-07-01 03:30:00
1782878400000,59168.4,59250.0,59036.7,59249.1,1562.415,2026-07-01 04:00:00
1782880200000,59249.0,59436.8,59168.5,59305.5,2291.5774,2026-07-01 04:30:00
1782882000000,59305.6,59346.9,59126.0,59144.9,1610.4297,2026-07-01 05:00:00
1782883800000,59144.9,59175.5,59093.0,59124.9,715.3746,2026-07-01 05:30:00
1782885600000,59124.8,59129.9,58658.0,58765.7,3453.5911,2026-07-01 06:00:00
1782887400000,58765.6,58817.2,58503.4,58732.5,3144.5839,2026-07-01 06:30:00
1782889200000,58732.5,58807.2,58570.0,58705.8,1759.1574,2026-07-01 07:00:00
1782891000000,58705.8,58787.8,58611.3,58743.5,1106.5161,2026-07-01 07:30:00
1782892800000,58743.5,58791.4,58571.9,58590.1,1339.0076,2026-07-01 08:00:00
1782894600000,58590.2,58965.9,58463.5,58953.4,3046.729,2026-07-01 08:30:00
1782896400000,58953.3,59079.2,58853.3,58874.1,2122.1644,2026-07-01 09:00:00
1782898200000,58874.1,58955.7,58804.4,58920.1,1117.3468,2026-07-01 09:30:00
1782900000000,58920.1,58922.4,58635.1,58719.3,1851.1165,2026-07-01 10:00:00
1782901800000,58719.2,58729.4,58591.3,58628.1,987.2623,2026-07-01 10:30:00
1782903600000,58628.1,58728.0,58558.0,58667.2,1265.5552,2026-07-01 11:00:00
1782905400000,58667.3,58710.8,58520.1,58587.8,859.6654,2026-07-01 11:30:00
1782907200000,58587.9,58650.0,58357.0,58528.0,2493.2371,2026-07-01 12:00:00
1782909000000,58528.0,58564.1,58287.1,58488.3,2953.7678,2026-07-01 12:30:00
1782910800000,58488.2,58874.5,58488.2,58784.6,3197.9763,2026-07-01 13:00:00
1782912600000,58784.5,59486.6,58567.1,59466.0,9285.83,2026-07-01 13:30:00
1782914400000,59466.0,60064.2,59245.1,59754.7,13033.3416,2026-07-01 14:00:00
1782916200000,59754.6,59788.0,59391.4,59517.6,5132.7815,2026-07-01 14:30:00
1782918000000,59517.5,60538.9,59498.0,60285.4,10541.3113,2026-07-01 15:00:00
1782919800000,60285.4,60352.7,60058.0,60123.2,3977.9741,2026-07-01 15:30:00
1782921600000,60123.3,60240.0,59929.2,60121.0,2786.5851,2026-07-01 16:00:00
1782923400000,60121.0,60160.0,59841.4,59904.1,1675.2491,2026-07-01 16:30:00
1782925200000,59904.0,60188.0,59765.1,60128.7,2122.6598,2026-07-01 17:00:00
1782927000000,60128.7,60223.4,60066.1,60165.0,1042.7432,2026-07-01 17:30:00
1782928800000,60165.0,60196.7,59999.6,60125.1,1217.606,2026-07-01 18:00:00
1782930600000,60125.2,60273.0,60056.0,60151.4,1134.5639,2026-07-01 18:30:00
1782932400000,60151.4,60337.7,60080.0,60131.3,1445.1927,2026-07-01 19:00:00
1782934200000,60131.3,60255.6,59968.0,60005.4,1267.1196,2026-07-01 19:30:00
1782936000000,60005.5,60041.3,59850.0,59953.5,1371.4093,2026-07-01 20:00:00
1782937800000,59953.4,60175.1,59935.3,60107.4,1028.3466,2026-07-01 20:30:00
1782939600000,60107.4,60575.0,60099.8,60495.1,2884.224,2026-07-01 21:00:00
1782941400000,60495.1,60846.4,60495.1,60788.7,3239.0735,2026-07-01 21:30:00
1782943200000,60788.7,61342.8,60530.1,60538.3,8258.2613,2026-07-01 22:00:00
1782945000000,60538.3,60659.7,60322.9,60454.3,2953.9722,2026-07-01 22:30:00
1782946800000,60454.3,60454.4,60161.9,60182.3,2064.5724,2026-07-01 23:00:00
1782948600000,60182.4,60243.7,59955.9,60003.2,2731.5851,2026-07-01 23:30:00
1782950400000,60003.1,60012.0,59700.3,59755.3,2677.3628,2026-07-02 00:00:00
1782952200000,59755.4,59821.5,59560.0,59732.0,2884.557,2026-07-02 00:30:00
1782954000000,59732.1,59998.0,59690.7,59997.9,2249.363,2026-07-02 01:00:00
1782955800000,59998.0,60307.1,59998.0,60153.3,2850.4087,2026-07-02 01:30:00
1782957600000,60153.3,60246.0,59984.6,60183.6,1570.6887,2026-07-02 02:00:00
1782959400000,60183.7,60479.9,60159.5,60397.0,2097.7636,2026-07-02 02:30:00
1782961200000,60397.0,60700.0,60280.0,60528.8,2873.1204,2026-07-02 03:00:00
1782963000000,60528.7,61110.0,60459.4,61036.3,4921.2935,2026-07-02 03:30:00
1782964800000,61036.4,61038.8,60772.4,60833.5,2493.521,2026-07-02 04:00:00
1782966600000,60833.4,60865.2,60705.1,60760.0,1447.8059,2026-07-02 04:30:00
1782968400000,60759.9,60860.5,60620.0,60723.9,1190.2831,2026-07-02 05:00:00
1782970200000,60724.0,60864.7,60455.7,60483.0,3099.4613,2026-07-02 05:30:00
1782972000000,60483.0,60548.0,60375.7,60450.7,1929.5484,2026-07-02 06:00:00
1782973800000,60450.7,60635.4,60230.1,60244.4,2737.1558,2026-07-02 06:30:00
1782975600000,60244.2,60311.9,60131.3,60138.1,2030.6467,2026-07-02 07:00:00
1782977400000,60138.1,60203.4,60070.0,60119.2,2760.8723,2026-07-02 07:30:00
1782979200000,60119.2,60385.1,60110.0,60335.9,2232.5892,2026-07-02 08:00:00
1782981000000,60335.8,60530.8,60311.0,60488.6,2281.4245,2026-07-02 08:30:00
1782982800000,60488.6,60612.0,60342.5,60576.0,1814.0724,2026-07-02 09:00:00
1782984600000,60575.9,61432.6,60575.9,61147.5,11905.3116,2026-07-02 09:30:00
1782986400000,61147.6,61273.8,61015.0,61185.3,2818.3403,2026-07-02 10:00:00
1782988200000,61185.4,61325.9,61107.2,61234.9,2169.8025,2026-07-02 10:30:00
1782990000000,61234.9,61341.3,61181.0,61269.2,1840.5675,2026-07-02 11:00:00
1782991800000,61269.1,61355.0,61084.6,61324.7,1990.863,2026-07-02 11:30:00
1782993600000,61324.8,61396.1,61131.4,61314.3,2328.4001,2026-07-02 12:00:00
1782995400000,61314.2,61587.9,61155.5,61504.7,6698.1274,2026-07-02 12:30:00
1782997200000,61504.7,61950.0,61474.6,61665.2,7834.8766,2026-07-02 13:00:00
1782999000000,61665.3,62070.3,61500.1,61916.1,9004.77,2026-07-02 13:30:00
1783000800000,61916.1,62186.6,61550.0,61650.4,7524.105,2026-07-02 14:00:00
1783002600000,61650.4,61780.0,61366.1,61666.7,4413.4244,2026-07-02 14:30:00
1783004400000,61666.6,61835.3,61395.4,61681.9,2577.4832,2026-07-02 15:00:00
1783006200000,61682.0,61798.7,61502.0,61583.4,1790.2252,2026-07-02 15:30:00
1783008000000,61583.4,61720.0,61100.0,61164.9,5098.0647,2026-07-02 16:00:00
1783009800000,61164.8,61761.5,61164.8,61646.3,4059.5309,2026-07-02 16:30:00
1783011600000,61646.3,61950.0,61590.7,61839.4,2174.3263,2026-07-02 17:00:00
1783013400000,61839.4,61839.4,61611.4,61641.6,1319.6538,2026-07-02 17:30:00
1783015200000,61641.6,61851.9,61632.4,61838.2,669.9503,2026-07-02 18:00:00
1783017000000,61838.3,61849.0,61666.3,61738.4,653.069,2026-07-02 18:30:00
1783018800000,61738.5,61740.0,61478.1,61595.3,1169.7817,2026-07-02 19:00:00
1783020600000,61595.4,61675.0,61401.0,61451.0,1885.6621,2026-07-02 19:30:00
1783022400000,61450.9,61515.0,61374.4,61375.1,906.2255,2026-07-02 20:00:00
1783024200000,61375.0,61579.9,61319.5,61551.7,1293.2876,2026-07-02 20:30:00
1783026000000,61551.6,61631.6,61496.0,61524.9,591.2228,2026-07-02 21:00:00
1783027800000,61524.8,61592.7,61481.0,61569.9,468.5004,2026-07-02 21:30:00
1783029600000,61569.9,61575.0,61500.7,61502.6,251.3957,2026-07-02 22:00:00
1783031400000,61502.5,61532.1,61376.9,61441.7,629.0303,2026-07-02 22:30:00
1783033200000,61441.8,61516.7,61330.0,61481.4,624.49,2026-07-02 23:00:00
1783035000000,61481.5,61586.1,61422.0,61537.1,616.8399,2026-07-02 23:30:00
1783036800000,61537.0,61556.1,61270.0,61270.1,1593.5024,2026-07-03 00:00:00
1783038600000,61270.0,61387.5,61215.0,61273.8,979.8726,2026-07-03 00:30:00
1783040400000,61273.8,61709.5,61255.0,61540.1,1680.9577,2026-07-03 01:00:00
1783042200000,61540.1,61709.8,61500.0,61564.4,1001.3032,2026-07-03 01:30:00
1783044000000,61564.4,61647.9,61375.2,61375.2,1046.586,2026-07-03 02:00:00
1783045800000,61375.2,61438.8,61264.8,61410.8,1200.8795,2026-07-03 02:30:00
1783047600000,61410.7,61555.9,61302.0,61511.0,1545.4713,2026-07-03 03:00:00
1783049400000,61511.0,61516.7,61337.4,61412.6,905.1073,2026-07-03 03:30:00
1783051200000,61412.5,61444.8,61314.8,61418.5,708.4605,2026-07-03 04:00:00
1783053000000,61418.5,61499.5,61350.0,61421.9,1441.4627,2026-07-03 04:30:00
1783054800000,61421.9,61662.1,61405.8,61605.2,1198.4307,2026-07-03 05:00:00
1783056600000,61605.2,61787.8,61590.0,61671.2,1426.7111,2026-07-03 05:30:00
1783058400000,61671.3,61843.5,61662.6,61693.5,1726.2423,2026-07-03 06:00:00
1783060200000,61693.6,61761.8,61585.0,61679.3,906.4014,2026-07-03 06:30:00
1783062000000,61679.3,61754.1,61633.5,61732.7,556.9168,2026-07-03 07:00:00
1783063800000,61732.7,61849.9,61720.0,61733.3,895.4626,2026-07-03 07:30:00
1783065600000,61733.4,61808.8,61699.2,61756.4,737.8223,2026-07-03 08:00:00
1783067400000,61756.3,61883.0,61528.8,61560.9,1730.8305,2026-07-03 08:30:00
1783069200000,61560.9,61717.6,61488.0,61662.4,1212.9225,2026-07-03 09:00:00
1783071000000,61662.4,61756.9,61526.1,61687.6,828.7744,2026-07-03 09:30:00
1783072800000,61687.6,61747.9,61641.9,61715.5,812.4124,2026-07-03 10:00:00
1783074600000,61715.4,62050.0,61700.0,61890.1,2639.7552,2026-07-03 10:30:00
1783076400000,61890.1,62060.1,61812.7,61965.2,1851.4102,2026-07-03 11:00:00
1783078200000,61965.2,62087.7,61858.5,61993.8,991.5233,2026-07-03 11:30:00
1783080000000,61993.9,62149.5,61872.9,61928.8,2611.6933,2026-07-03 12:00:00
1783081800000,61928.9,61975.8,61834.6,61950.1,883.0094,2026-07-03 12:30:00
1783083600000,61950.2,62097.3,61911.0,62065.8,1010.4072,2026-07-03 13:00:00
1783085400000,62065.9,62279.7,61993.5,62085.2,1952.0339,2026-07-03 13:30:00
1783087200000,62085.1,62085.1,61668.0,61899.9,2810.8386,2026-07-03 14:00:00
1783089000000,61899.9,62266.0,61820.2,62141.6,2329.5603,2026-07-03 14:30:00
1783090800000,62141.7,62377.0,61950.0,61980.2,4142.7966,2026-07-03 15:00:00
1783092600000,61980.2,62080.0,61791.0,61899.9,2448.8822,2026-07-03 15:30:00
1783094400000,61899.9,62086.2,61877.2,62046.3,1473.8348,2026-07-03 16:00:00
1783096200000,62046.2,62118.0,61955.5,62077.4,831.9907,2026-07-03 16:30:00
1783098000000,62077.5,62263.6,62039.6,62158.0,1512.8274,2026-07-03 17:00:00
1783099800000,62158.0,62250.0,62133.5,62175.7,542.7083,2026-07-03 17:30:00
1783101600000,62175.8,62183.8,62090.0,62148.2,470.2498,2026-07-03 18:00:00
1783103400000,62148.2,62221.9,62142.5,62181.2,622.9502,2026-07-03 18:30:00
1783105200000,62181.2,62280.0,62115.3,62196.1,668.8863,2026-07-03 19:00:00
1783107000000,62196.1,62288.8,62130.0,62175.1,718.582,2026-07-03 19:30:00
1783108800000,62175.0,62658.0,62151.9,62585.7,5564.1551,2026-07-03 20:00:00
1783110600000,62585.8,62880.0,62567.3,62748.0,4250.7586,2026-07-03 20:30:00
1783112400000,62747.9,62933.6,62573.7,62600.0,2625.3621,2026-07-03 21:00:00
1783114200000,62599.9,62800.0,62474.4,62702.3,1353.0229,2026-07-03 21:30:00
1783116000000,62702.4,62721.3,62551.7,62608.0,767.8215,2026-07-03 22:00:00
1783117800000,62608.1,62644.3,62501.3,62543.7,682.2616,2026-07-03 22:30:00
1783119600000,62543.6,62649.1,62502.3,62597.6,517.0594,2026-07-03 23:00:00
1783121400000,62597.6,62680.0,62502.7,62552.9,615.577,2026-07-03 23:30:00
1783123200000,62553.0,62918.0,62551.2,62726.6,2094.496,2026-07-04 00:00:00
1783125000000,62726.7,62790.0,62655.0,62726.6,672.7348,2026-07-04 00:30:00
1783126800000,62726.5,62726.5,62372.2,62461.5,2156.2343,2026-07-04 01:00:00
1783128600000,62461.6,62517.9,62389.1,62441.8,675.3582,2026-07-04 01:30:00
1783130400000,62441.7,62538.1,62420.4,62458.7,574.9548,2026-07-04 02:00:00
1783132200000,62458.7,62554.4,62400.0,62506.5,465.2321,2026-07-04 02:30:00
1783134000000,62506.5,62559.9,62460.0,62539.9,560.0832,2026-07-04 03:00:00
1783135800000,62540.0,62730.0,62488.0,62597.0,1192.186,2026-07-04 03:30:00
1783137600000,62596.9,62697.6,62564.7,62632.2,713.9542,2026-07-04 04:00:00
1783139400000,62632.3,62724.9,62620.0,62658.9,645.9656,2026-07-04 04:30:00
1783141200000,62658.9,62658.9,62444.0,62494.5,819.0664,2026-07-04 05:00:00
1783143000000,62494.5,62572.5,62414.4,62447.4,609.683,2026-07-04 05:30:00
1783144800000,62447.4,62543.8,62300.0,62404.6,1310.7976,2026-07-04 06:00:00
1783146600000,62404.7,62506.9,62404.7,62473.0,711.8008,2026-07-04 06:30:00
1783148400000,62472.9,62612.7,62435.2,62519.2,1130.9227,2026-07-04 07:00:00
1783150200000,62519.2,62559.1,62450.0,62539.4,547.5735,2026-07-04 07:30:00
1783152000000,62539.5,62550.0,62479.0,62520.5,428.2667,2026-07-04 08:00:00
1783153800000,62520.5,62657.1,62516.4,62530.5,878.0537,2026-07-04 08:30:00
1783155600000,62530.5,62561.9,62417.0,62455.6,1097.3983,2026-07-04 09:00:00
1783157400000,62455.6,62491.1,62390.0,62469.7,502.2543,2026-07-04 09:30:00
1783159200000,62469.8,62498.0,62418.4,62477.5,363.3334,2026-07-04 10:00:00
1783161000000,62477.5,62522.0,62438.7,62487.9,401.1762,2026-07-04 10:30:00
1783162800000,62487.8,62531.6,62444.0,62464.2,301.8725,2026-07-04 11:00:00
1783164600000,62464.2,62533.7,62449.3,62464.2,366.4975,2026-07-04 11:30:00
1783166400000,62464.2,62600.0,62464.2,62565.9,543.9258,2026-07-04 12:00:00
1783168200000,62565.8,62675.0,62554.4,62635.4,808.2202,2026-07-04 12:30:00
1783170000000,62635.3,62760.2,62564.1,62628.8,865.9616,2026-07-04 13:00:00
1783171800000,62628.8,62630.0,62519.8,62566.8,921.7885,2026-07-04 13:30:00
1783173600000,62566.9,62716.7,62560.5,62642.6,893.7014,2026-07-04 14:00:00
1783175400000,62642.6,62689.9,62600.0,62670.5,440.9965,2026-07-04 14:30:00
1783177200000,62670.6,63067.0,62665.1,62894.3,5399.2563,2026-07-04 15:00:00
1783179000000,62894.3,62980.0,62813.9,62906.6,2126.9377,2026-07-04 15:30:00
1783180800000,62906.7,62942.1,62751.0,62834.1,1703.9962,2026-07-04 16:00:00
1783182600000,62834.2,62941.6,62832.8,62888.9,740.8039,2026-07-04 16:30:00
1783184400000,62888.8,62958.0,62773.7,62957.9,751.8173,2026-07-04 17:00:00
1783186200000,62957.8,63450.0,62957.8,63251.8,6027.8025,2026-07-04 17:30:00
1783188000000,63251.8,63327.6,63120.0,63154.1,1518.1356,2026-07-04 18:00:00
1783189800000,63154.1,63157.5,63071.0,63141.8,740.9526,2026-07-04 18:30:00
1783191600000,63141.9,63358.0,63100.0,63352.1,942.6324,2026-07-04 19:00:00
1783193400000,63352.0,63445.9,63251.5,63266.9,696.5235,2026-07-04 19:30:00
1783195200000,63266.8,63364.8,63133.3,63147.0,640.4182,2026-07-04 20:00:00
1783197000000,63146.9,63303.4,63134.6,63207.7,385.8959,2026-07-04 20:30:00
1783198800000,63207.7,63430.0,63182.8,63417.6,791.7115,2026-07-04 21:00:00
1783200600000,63417.6,63430.0,63247.4,63276.0,465.4912,2026-07-04 21:30:00
1783202400000,63276.0,63286.2,63170.0,63188.7,406.9841,2026-07-04 22:00:00
1783204200000,63188.7,63220.0,63138.0,63167.8,609.3681,2026-07-04 22:30:00
1783206000000,63167.7,63208.6,62909.8,63077.8,1583.1932,2026-07-04 23:00:00
1783207800000,63077.9,63219.3,63077.8,63119.3,799.109,2026-07-04 23:30:00
1783209600000,63119.3,63119.4,62951.6,63025.8,1220.3651,2026-07-05 00:00:00
1783211400000,63025.8,63094.0,62866.0,62962.8,834.978,2026-07-05 00:30:00
1783213200000,62962.8,63018.0,62810.3,62913.8,1163.1511,2026-07-05 01:00:00
1783215000000,62913.8,62913.8,62750.0,62863.1,1515.6039,2026-07-05 01:30:00
1783216800000,62863.0,62900.0,62624.8,62729.7,1398.0894,2026-07-05 02:00:00
1783218600000,62729.8,62772.5,62570.2,62670.1,1245.8799,2026-07-05 02:30:00
1783220400000,62670.1,62759.9,62630.0,62645.1,548.5937,2026-07-05 03:00:00
1783222200000,62645.0,62777.2,62640.0,62742.6,556.5646,2026-07-05 03:30:00
1783224000000,62742.7,62886.3,62680.2,62835.0,1157.9916,2026-07-05 04:00:00
1783225800000,62835.1,62941.9,62782.6,62788.9,972.1174,2026-07-05 04:30:00
1783227600000,62788.8,62788.8,62708.0,62733.0,550.2543,2026-07-05 05:00:00
1783229400000,62733.1,62785.6,62620.0,62715.5,810.3956,2026-07-05 05:30:00
1783231200000,62715.6,62780.8,62642.8,62777.2,408.5093,2026-07-05 06:00:00
1783233000000,62777.2,62803.4,62716.1,62752.5,332.6463,2026-07-05 06:30:00
1783234800000,62752.6,62808.0,62693.4,62729.2,632.4583,2026-07-05 07:00:00
1783236600000,62729.2,63037.1,62729.2,62990.0,1367.4035,2026-07-05 07:30:00
1783238400000,62990.1,63085.0,62883.3,62906.2,1123.1838,2026-07-05 08:00:00
1783240200000,62906.1,62964.6,62862.4,62887.4,659.3302,2026-07-05 08:30:00
1783242000000,62887.4,62907.1,62707.3,62712.1,903.0546,2026-07-05 09:00:00
1783243800000,62712.0,62762.5,62410.3,62595.4,3710.2981,2026-07-05 09:30:00
1783245600000,62595.4,62712.9,62513.8,62666.4,993.1989,2026-07-05 10:00:00
1783247400000,62666.4,62728.9,62632.5,62725.9,548.0871,2026-07-05 10:30:00
1783249200000,62725.9,62784.9,62578.5,62600.0,665.0923,2026-07-05 11:00:00
1783251000000,62600.0,62698.5,62582.3,62625.0,395.3281,2026-07-05 11:30:00
1783252800000,62625.0,62726.8,62533.0,62723.7,826.6197,2026-07-05 12:00:00
1783254600000,62723.6,62740.3,62617.6,62713.2,504.6203,2026-07-05 12:30:00
1783256400000,62713.1,62799.8,62605.8,62660.0,1042.1292,2026-07-05 13:00:00
1783258200000,62660.0,62791.6,62643.6,62762.1,511.3058,2026-07-05 13:30:00
1783260000000,62762.1,62790.0,62640.0,62683.3,503.5083,2026-07-05 14:00:00
1783261800000,62683.3,62785.0,62621.0,62785.0,595.407,2026-07-05 14:30:00
1783263600000,62785.0,62921.2,62700.0,62735.4,1731.235,2026-07-05 15:00:00
1783265400000,62735.4,62886.1,62646.0,62710.0,887.8862,2026-07-05 15:30:00
1783267200000,62710.1,62760.2,62579.5,62594.9,1068.8806,2026-07-05 16:00:00
1783269000000,62594.8,62644.8,62573.3,62613.2,602.6221,2026-07-05 16:30:00
1783270800000,62613.0,62795.0,62613.0,62663.0,616.0033,2026-07-05 17:00:00
1783272600000,62663.1,62690.0,62576.2,62609.9,534.5445,2026-07-05 17:30:00
1783274400000,62609.9,62700.0,62591.9,62660.5,316.8488,2026-07-05 18:00:00
1783276200000,62660.4,62859.1,62660.3,62787.2,505.615,2026-07-05 18:30:00
1783278000000,62787.2,62855.8,62700.4,62765.5,428.234,2026-07-05 19:00:00
1783279800000,62765.6,62812.0,62740.0,62750.0,170.4133,2026-07-05 19:30:00
1783281600000,62750.0,62817.6,62678.7,62700.0,281.4762,2026-07-05 20:00:00
1783283400000,62700.0,62736.0,62678.9,62710.2,152.4961,2026-07-05 20:30:00
1783285200000,62710.3,62912.8,62581.3,62893.4,1028.0326,2026-07-05 21:00:00
1783287000000,62893.5,63207.9,62867.5,63063.2,2299.2533,2026-07-05 21:30:00
1783288800000,63063.2,63727.0,62978.3,63686.3,5162.1821,2026-07-05 22:00:00
1783290600000,63686.4,63940.0,63512.1,63705.0,4436.6696,2026-07-05 22:30:00
1783292400000,63705.1,63981.7,63636.5,63648.1,2930.7078,2026-07-05 23:00:00
1783294200000,63648.0,63709.1,63538.8,63613.5,1493.667,2026-07-05 23:30:00
1783296000000,63613.4,63687.7,63381.2,63381.3,1912.6767,2026-07-06 00:00:00
1783297800000,63381.3,63745.5,63317.3,63729.7,1865.3112,2026-07-06 00:30:00
1783299600000,63729.6,63836.2,63569.4,63713.2,1506.9375,2026-07-06 01:00:00
1783301400000,63713.1,63895.0,63520.0,63550.6,1307.8401,2026-07-06 01:30:00
1783303200000,63550.6,63645.0,63385.0,63494.1,1540.8582,2026-07-06 02:00:00
1783305000000,63494.2,63600.0,63346.8,63433.9,1072.2681,2026-07-06 02:30:00
1783306800000,63433.9,63475.0,63164.4,63202.6,1471.4616,2026-07-06 03:00:00
1783308600000,63202.5,63312.7,63109.8,63280.8,2260.6214,2026-07-06 03:30:00
1783310400000,63280.8,63366.8,63164.2,63209.4,1057.5226,2026-07-06 04:00:00
1783312200000,63209.4,63375.0,63169.6,63248.7,672.107,2026-07-06 04:30:00
1783314000000,63248.7,63248.8,62950.4,62986.2,2149.9898,2026-07-06 05:00:00
1783315800000,62986.2,63144.4,62915.7,63085.3,1523.4757,2026-07-06 05:30:00
1783317600000,63085.2,63129.5,62974.7,63008.3,836.5518,2026-07-06 06:00:00
1783319400000,63008.3,63065.6,62949.7,62961.6,873.9884,2026-07-06 06:30:00
1783321200000,62961.6,63010.0,62860.0,62940.1,1656.0829,2026-07-06 07:00:00
1783323000000,62940.0,63106.1,62888.0,63065.1,827.4632,2026-07-06 07:30:00
1783324800000,63065.1,63220.0,62951.0,63042.6,1810.7199,2026-07-06 08:00:00
1783326600000,63042.5,63042.6,62802.2,62871.9,1446.6309,2026-07-06 08:30:00
1783328400000,62872.0,62893.0,62708.4,62729.9,1739.7322,2026-07-06 09:00:00
1783330200000,62729.9,62740.0,62600.5,62643.0,1912.0493,2026-07-06 09:30:00
1783332000000,62643.0,62859.1,62641.1,62859.0,1930.3153,2026-07-06 10:00:00
1783333800000,62859.0,63009.7,62770.5,62785.9,2699.6725,2026-07-06 10:30:00
1783335600000,62785.9,62899.9,62750.0,62852.0,987.9095,2026-07-06 11:00:00
1783337400000,62852.1,62974.7,62440.2,62448.9,3196.4515,2026-07-06 11:30:00
1783339200000,62449.0,62456.4,61827.5,62050.0,13892.7808,2026-07-06 12:00:00
1783341000000,62050.0,62154.0,61643.8,61724.0,5733.808,2026-07-06 12:30:00
1783342800000,61724.1,61788.0,61404.0,61434.0,5847.3827,2026-07-06 13:00:00
1783344600000,61434.0,62008.4,61283.6,61737.4,6956.7339,2026-07-06 13:30:00
1783346400000,61737.4,62397.4,61683.2,62044.6,6263.7906,2026-07-06 14:00:00
1783348200000,62044.7,62186.0,61846.3,62019.4,2877.0975,2026-07-06 14:30:00
1783350000000,62019.4,62548.8,62019.4,62428.4,5229.1386,2026-07-06 15:00:00
1783351800000,62428.4,63529.0,62241.3,63519.9,11092.3166,2026-07-06 15:30:00
1783353600000,63519.9,63838.2,63352.8,63440.5,8184.314,2026-07-06 16:00:00
1783355400000,63440.4,63787.2,63429.7,63711.5,2590.0411,2026-07-06 16:30:00
1783357200000,63711.4,63950.0,63637.7,63859.8,2722.8929,2026-07-06 17:00:00
1783359000000,63859.8,63915.3,63545.4,63564.1,2116.3431,2026-07-06 17:30:00
1783360800000,63564.2,63872.0,63529.9,63737.5,1422.9619,2026-07-06 18:00:00
1783362600000,63737.4,63833.0,63666.8,63676.9,657.4378,2026-07-06 18:30:00
1783364400000,63677.0,63867.2,63633.0,63817.1,881.0269,2026-07-06 19:00:00
1783366200000,63817.1,63850.3,63686.7,63711.8,623.992,2026-07-06 19:30:00
1783368000000,63711.8,63745.0,63570.3,63740.2,845.5273,2026-07-06 20:00:00
1783369800000,63740.2,63880.0,63730.1,63800.8,680.0564,2026-07-06 20:30:00
1783371600000,63800.8,64729.0,63788.2,64200.0,7691.0564,2026-07-06 21:00:00
1783373400000,64200.0,64520.0,64135.0,64469.0,1715.0754,2026-07-06 21:30:00
1783375200000,64469.0,64482.0,64175.8,64197.5,1016.1978,2026-07-06 22:00:00
1783377000000,64197.6,64275.0,64136.0,64230.0,778.9823,2026-07-06 22:30:00
1783378800000,64229.9,64323.7,64075.4,64076.2,837.4872,2026-07-06 23:00:00
1783380600000,64076.2,64161.2,64001.1,64025.5,933.737,2026-07-06 23:30:00
1783382400000,64025.5,64294.1,63983.9,64223.4,1735.0673,2026-07-07 00:00:00
1783384200000,64223.4,64249.9,64000.0,64175.0,1282.9089,2026-07-07 00:30:00
1783386000000,64175.0,64175.1,63850.0,63924.4,1678.9362,2026-07-07 01:00:00
1783387800000,63924.4,63996.0,63752.4,63817.9,1731.1486,2026-07-07 01:30:00
1783389600000,63817.9,63887.6,63530.2,63541.8,2227.1953,2026-07-07 02:00:00
1783391400000,63541.8,63599.0,63264.4,63304.2,3143.6542,2026-07-07 02:30:00
1783393200000,63304.2,63398.5,63200.0,63264.8,1812.8174,2026-07-07 03:00:00
1783395000000,63264.7,63330.0,63125.0,63166.5,1539.8527,2026-07-07 03:30:00
1783396800000,63166.4,63265.8,63114.0,63238.3,1428.0508,2026-07-07 04:00:00
1783398600000,63238.3,63264.9,63033.5,63072.1,1470.841,2026-07-07 04:30:00
1783400400000,63072.0,63091.3,62763.3,62914.7,2919.651,2026-07-07 05:00:00
1783402200000,62914.8,63239.9,62914.7,63092.0,2755.0566,2026-07-07 05:30:00
1783404000000,63091.9,63200.0,62961.1,63135.6,1363.8781,2026-07-07 06:00:00
1783405800000,63135.5,63389.7,63102.3,63310.0,1795.5292,2026-07-07 06:30:00
1783407600000,63310.1,63423.6,63200.6,63211.5,1383.8971,2026-07-07 07:00:00
1783409400000,63211.5,63247.2,63033.2,63061.2,1583.3196,2026-07-07 07:30:00
1783411200000,63061.3,63160.0,63000.6,63054.0,1079.7913,2026-07-07 08:00:00
1783413000000,63054.0,63115.4,62943.9,63073.3,1026.5616,2026-07-07 08:30:00
1783414800000,63073.4,63230.0,63026.5,63149.8,956.4151,2026-07-07 09:00:00
1783416600000,63149.8,63324.6,63128.0,63227.2,1322.8192,2026-07-07 09:30:00
1783418400000,63227.3,63480.0,63221.7,63278.4,1795.9335,2026-07-07 10:00:00
1783420200000,63278.3,63285.5,63201.0,63264.2,803.8352,2026-07-07 10:30:00
1783422000000,63264.1,63264.2,63064.8,63142.5,1389.4564,2026-07-07 11:00:00
1783423800000,63142.5,63420.7,63100.0,63371.6,1696.8909,2026-07-07 11:30:00
1783425600000,63371.6,63852.2,63360.6,63678.5,4621.0212,2026-07-07 12:00:00
1783427400000,63678.4,63680.0,63424.2,63456.5,1458.0322,2026-07-07 12:30:00
1783429200000,63456.4,63457.8,63046.3,63093.7,2515.8095,2026-07-07 13:00:00
1783431000000,63093.7,63388.2,62944.3,63029.6,5473.9942,2026-07-07 13:30:00
1783432800000,63029.5,63240.6,62843.5,63122.9,3889.5586,2026-07-07 14:00:00
1783434600000,63122.9,63616.8,62638.6,63536.7,7003.5071,2026-07-07 14:30:00
1783436400000,63536.7,63774.8,63350.0,63721.8,3453.3203,2026-07-07 15:00:00
1783438200000,63721.8,64089.9,63650.0,63913.4,5009.363,2026-07-07 15:30:00
1783440000000,63913.4,64054.1,63782.4,63974.4,2301.7117,2026-07-07 16:00:00
1783441800000,63974.3,64227.0,63910.1,63963.3,2091.8188,2026-07-07 16:30:00
1783443600000,63963.3,64142.0,63866.8,64126.3,1548.6706,2026-07-07 17:00:00
1783445400000,64126.3,64221.1,64064.0,64168.9,984.2729,2026-07-07 17:30:00
1783447200000,64168.9,64169.0,63941.9,63959.0,1045.2854,2026-07-07 18:00:00
1783449000000,63959.0,64116.2,63644.0,63654.9,2011.156,2026-07-07 18:30:00
1783450800000,63654.8,63751.6,63356.2,63570.2,2832.5368,2026-07-07 19:00:00
1783452600000,63570.3,63875.2,63570.3,63794.1,1247.9004,2026-07-07 19:30:00
1783454400000,63794.1,63881.7,63666.0,63710.3,1034.9791,2026-07-07 20:00:00
1783456200000,63710.3,63724.0,63593.5,63676.8,618.8806,2026-07-07 20:30:00
1783458000000,63676.8,63844.2,63369.8,63500.0,1227.108,2026-07-07 21:00:00
1783459800000,63500.0,63509.0,63280.0,63401.8,1082.7487,2026-07-07 21:30:00
1783461600000,63401.7,63489.0,63188.0,63437.6,1291.026,2026-07-07 22:00:00
1783463400000,63437.6,63635.0,63400.0,63515.8,796.7553,2026-07-07 22:30:00
1783465200000,63515.8,63690.0,63492.1,63628.1,685.872,2026-07-07 23:00:00
1783467000000,63628.1,63636.0,63290.0,63338.7,666.0114,2026-07-07 23:30:00
1783468800000,63338.9,63651.2,63267.2,63578.9,1254.9425,2026-07-08 00:00:00
1783470600000,63578.8,63744.7,63515.0,63584.6,1001.5954,2026-07-08 00:30:00
1783472400000,63584.6,63622.5,63399.8,63399.8,670.7083,2026-07-08 01:00:00
1783474200000,63399.9,63424.1,62877.8,63005.7,4001.7426,2026-07-08 01:30:00
1783476000000,63005.7,63005.7,62779.9,62862.6,2573.3908,2026-07-08 02:00:00
1783477800000,62862.5,63045.0,62500.0,62958.0,4021.1808,2026-07-08 02:30:00
1783479600000,62958.0,63075.0,62941.2,63025.0,1037.8044,2026-07-08 03:00:00
1783481400000,63024.9,63024.9,62666.2,62741.0,1108.2347,2026-07-08 03:30:00
1783483200000,62740.9,62872.5,62702.6,62855.6,925.6343,2026-07-08 04:00:00
1783485000000,62855.7,62880.4,62641.3,62770.7,1167.0708,2026-07-08 04:30:00
1783486800000,62770.6,62851.0,62688.6,62743.1,740.0516,2026-07-08 05:00:00
1783488600000,62743.0,62753.5,62525.9,62615.0,1246.8431,2026-07-08 05:30:00
1783490400000,62615.1,62685.6,62432.6,62591.7,1812.1485,2026-07-08 06:00:00
1783492200000,62591.7,62723.2,62440.3,62637.2,1541.9681,2026-07-08 06:30:00
1783494000000,62637.3,62808.2,62525.4,62786.1,1849.1501,2026-07-08 07:00:00
1783495800000,62786.1,62866.0,62733.3,62855.1,1057.2641,2026-07-08 07:30:00
1783497600000,62855.0,62912.0,62040.6,62041.4,6715.23,2026-07-08 08:00:00
1783499400000,62041.4,62307.3,61810.9,61984.6,7379.1328,2026-07-08 08:30:00
1783501200000,61984.6,62088.0,61705.8,61904.0,5573.4573,2026-07-08 09:00:00
1783503000000,61904.0,62136.7,61902.8,62023.9,2185.6095,2026-07-08 09:30:00
1783504800000,62024.0,62085.0,61868.4,62084.9,1255.9337,2026-07-08 10:00:00
1783506600000,62085.0,62170.0,62031.6,62158.5,1499.5434,2026-07-08 10:30:00
1783508400000,62158.5,62168.0,62027.2,62096.3,1149.0932,2026-07-08 11:00:00
1783510200000,62096.3,62378.7,62057.2,62278.0,2477.6429,2026-07-08 11:30:00
1783512000000,62278.0,62412.7,62178.2,62255.1,1835.7972,2026-07-08 12:00:00
1783513800000,62255.1,62276.0,61930.0,61930.1,1856.6413,2026-07-08 12:30:00
1783515600000,61930.1,61981.9,61721.0,61803.7,2285.8661,2026-07-08 13:00:00
1783517400000,61803.8,62069.6,61600.1,61924.2,4820.3072,2026-07-08 13:30:00
1783519200000,61924.1,62151.2,61794.3,61965.1,3710.6564,2026-07-08 14:00:00
1783521000000,61965.2,62019.0,61675.3,61867.6,2464.5829,2026-07-08 14:30:00
1783522800000,61867.6,61899.9,61514.7,61600.2,3123.2091,2026-07-08 15:00:00
1783524600000,61600.1,61766.0,61563.6,61671.7,1562.9237,2026-07-08 15:30:00
1783526400000,61671.7,61963.1,61660.4,61888.1,1763.4685,2026-07-08 16:00:00
1783528200000,61888.0,62134.3,61762.5,62086.6,2411.8791,2026-07-08 16:30:00
1783530000000,62086.6,62288.3,62009.2,62281.1,1586.9827,2026-07-08 17:00:00
1783531800000,62281.1,62377.0,62030.0,62085.0,2217.119,2026-07-08 17:30:00
1783533600000,62085.0,62325.0,62064.8,62167.8,1146.949,2026-07-08 18:00:00
1783535400000,62167.9,62258.2,62011.0,62157.7,1354.0951,2026-07-08 18:30:00
1783537200000,62157.8,62246.0,62040.1,62210.8,619.5042,2026-07-08 19:00:00
1783539000000,62210.9,62265.4,62095.9,62254.4,794.0709,2026-07-08 19:30:00
1783540800000,62254.4,62280.0,62116.1,62244.4,477.7882,2026-07-08 20:00:00
1783542600000,62244.3,62246.6,62055.0,62083.3,707.7219,2026-07-08 20:30:00
1783544400000,62083.2,62124.0,61927.5,62083.9,910.7748,2026-07-08 21:00:00
1783546200000,62083.9,62231.0,62028.9,62161.9,1074.2751,2026-07-08 21:30:00
1783548000000,62162.0,62329.9,62142.9,62275.0,563.6341,2026-07-08 22:00:00
1783549800000,62275.0,62308.9,62218.7,62303.0,409.607,2026-07-08 22:30:00
1783551600000,62303.0,62325.0,62176.7,62239.3,464.8829,2026-07-08 23:00:00
1783553400000,62239.2,62296.9,62142.7,62253.7,562.0524,2026-07-08 23:30:00
1783555200000,62253.6,62287.7,62081.9,62171.5,770.6295,2026-07-09 00:00:00
1783557000000,62171.5,62254.7,62027.0,62100.0,699.2515,2026-07-09 00:30:00
1783558800000,62100.0,62624.0,62083.3,62370.9,3027.318,2026-07-09 01:00:00
1783560600000,62371.0,62389.6,61800.2,61880.0,2894.097,2026-07-09 01:30:00
1783562400000,61880.1,62100.0,61767.0,61976.6,1822.1089,2026-07-09 02:00:00
1783564200000,61976.5,62004.8,61658.6,61755.0,1782.5298,2026-07-09 02:30:00
1783566000000,61755.1,61919.9,61699.6,61887.7,1146.2994,2026-07-09 03:00:00
1783567800000,61887.8,62031.5,61841.3,61936.8,1177.6049,2026-07-09 03:30:00
1783569600000,61936.8,62097.3,61925.6,62062.0,762.2413,2026-07-09 04:00:00
1783571400000,62062.0,62435.4,62052.7,62420.7,2277.2144,2026-07-09 04:30:00
1783573200000,62420.8,62615.4,62236.8,62277.7,2776.5187,2026-07-09 05:00:00
1783575000000,62277.7,62565.6,62203.1,62565.6,1261.5589,2026-07-09 05:30:00
1783576800000,62565.6,62839.7,62452.0,62789.3,4133.2705,2026-07-09 06:00:00
1783578600000,62789.3,62955.4,62711.8,62926.2,2895.8628,2026-07-09 06:30:00
1783580400000,62926.2,63155.0,62800.8,62890.0,4693.7338,2026-07-09 07:00:00
1783582200000,62889.9,63278.9,62759.8,62973.7,3334.2431,2026-07-09 07:30:00
1783584000000,62973.7,63028.5,62882.7,63021.9,1450.1431,2026-07-09 08:00:00
1783585800000,63021.9,63068.0,62822.2,62867.6,1158.9366,2026-07-09 08:30:00
1783587600000,62867.6,62919.5,62783.6,62898.4,1136.9988,2026-07-09 09:00:00
1783589400000,62898.4,62975.0,62761.3,62923.4,1127.5684,2026-07-09 09:30:00
1783591200000,62923.4,63045.1,62845.0,62858.3,1014.2199,2026-07-09 10:00:00
1783593000000,62858.3,62926.3,62656.0,62757.9,1677.7815,2026-07-09 10:30:00
1783594800000,62758.0,62804.2,62635.4,62679.6,1119.6577,2026-07-09 11:00:00
1783596600000,62679.6,62786.0,62587.0,62755.1,1818.2405,2026-07-09 11:30:00
1783598400000,62755.1,62853.6,62572.8,62781.5,7398.4563,2026-07-09 12:00:00
1783600200000,62781.5,62934.3,62426.4,62583.1,5535.841,2026-07-09 12:30:00
1783602000000,62583.1,62891.5,62577.8,62698.0,1797.902,2026-07-09 13:00:00
1783603800000,62698.1,63218.8,62488.8,62999.9,3954.8843,2026-07-09 13:30:00
1783605600000,63000.0,63120.0,62632.2,62855.3,3091.3218,2026-07-09 14:00:00
1783607400000,62855.3,63017.9,62711.2,62987.2,1604.1496,2026-07-09 14:30:00
1783609200000,62987.2,63230.4,62881.8,62965.9,3287.503,2026-07-09 15:00:00
1783611000000,62965.9,63062.9,62782.5,62835.1,1895.3034,2026-07-09 15:30:00
1783612800000,62835.0,62976.0,62531.2,62689.2,2278.0727,2026-07-09 16:00:00
1783614600000,62689.2,62767.4,62580.0,62670.9,1074.7453,2026-07-09 16:30:00
1783616400000,62670.9,62828.6,62640.5,62814.4,907.6294,2026-07-09 17:00:00
1783618200000,62814.5,63134.8,62731.2,63110.9,2318.1561,2026-07-09 17:30:00
1783620000000,63110.9,63475.5,63037.0,63350.0,4917.4262,2026-07-09 18:00:00
1783621800000,63349.9,63388.0,63160.0,63193.3,1282.0597,2026-07-09 18:30:00
1783623600000,63193.4,63252.9,63115.0,63235.0,1029.7138,2026-07-09 19:00:00
1783625400000,63235.0,63352.6,63200.0,63222.1,778.8244,2026-07-09 19:30:00
1783627200000,63222.1,63298.0,63146.8,63252.7,599.9774,2026-07-09 20:00:00
1783629000000,63252.8,63300.0,63214.2,63287.8,375.6082,2026-07-09 20:30:00
1783630800000,63287.9,63376.9,63206.3,63224.2,593.1734,2026-07-09 21:00:00
1783632600000,63224.3,63262.8,63170.9,63248.8,406.3462,2026-07-09 21:30:00
1783634400000,63248.8,63357.9,63202.6,63323.8,688.5819,2026-07-09 22:00:00
1783636200000,63323.9,63399.9,63180.0,63185.0,1221.1217,2026-07-09 22:30:00
1783638000000,63185.0,63300.0,63018.0,63206.7,1389.2104,2026-07-09 23:00:00
1783639800000,63206.6,63288.8,63127.1,63196.8,634.2312,2026-07-09 23:30:00
1783641600000,63196.9,63226.0,63036.1,63072.1,983.5638,2026-07-10 00:00:00
1783643400000,63072.2,63143.7,62867.6,63081.3,1976.6228,2026-07-10 00:30:00
1783645200000,63081.3,63373.9,62930.0,63366.5,1359.4119,2026-07-10 01:00:00
1783647000000,63366.4,63930.0,63295.0,63731.1,6766.9807,2026-07-10 01:30:00
1783648800000,63731.2,63939.4,63659.0,63790.0,2928.6154,2026-07-10 02:00:00
1783650600000,63790.0,64035.0,63743.1,63936.1,2527.5828,2026-07-10 02:30:00
1783652400000,63936.1,63966.0,63814.2,63827.7,1119.3303,2026-07-10 03:00:00
1783654200000,63827.8,64025.1,63795.4,63925.0,1350.7678,2026-07-10 03:30:00
1783656000000,63924.9,64023.9,63862.4,63869.1,1115.1095,2026-07-10 04:00:00
1783657800000,63869.1,64156.7,63820.7,64019.9,2637.9277,2026-07-10 04:30:00
1783659600000,64019.8,64019.9,63913.6,63951.5,817.0986,2026-07-10 05:00:00
1783661400000,63951.5,64176.8,63934.4,64097.3,1502.3471,2026-07-10 05:30:00
1783663200000,64097.2,64139.2,63843.3,63882.8,1219.7499,2026-07-10 06:00:00
1783665000000,63882.9,63918.5,63811.1,63831.9,1028.9147,2026-07-10 06:30:00
1783666800000,63831.8,63988.0,63772.6,63942.6,1621.8876,2026-07-10 07:00:00
1783668600000,63942.7,63980.0,63887.0,63955.5,696.9265,2026-07-10 07:30:00
1783670400000,63955.6,64387.9,63951.0,64304.1,4133.9819,2026-07-10 08:00:00
1783672200000,64304.1,64342.0,64107.1,64210.1,1791.4459,2026-07-10 08:30:00
1783674000000,64210.1,64398.5,64072.4,64395.6,1966.5124,2026-07-10 09:00:00
1783675800000,64395.6,64467.3,64329.3,64359.7,2163.8043,2026-07-10 09:30:00
1783677600000,64359.7,64417.1,64239.9,64411.5,1295.1599,2026-07-10 10:00:00
1783679400000,64411.6,64482.3,64340.0,64374.1,1235.6309,2026-07-10 10:30:00
1783681200000,64374.1,64448.8,64329.8,64395.1,721.1073,2026-07-10 11:00:00
1783683000000,64395.0,64450.0,64304.7,64397.7,970.5538,2026-07-10 11:30:00
1783684800000,64397.7,64587.0,64300.0,64467.2,2818.5581,2026-07-10 12:00:00
1783686600000,64467.3,64490.0,64243.7,64262.5,1634.7432,2026-07-10 12:30:00
1783688400000,64262.6,64320.0,64121.8,64136.2,1660.0274,2026-07-10 13:00:00
1783690200000,64136.1,64675.0,64122.0,64451.6,4205.2611,2026-07-10 13:30:00
1783692000000,64451.7,64492.6,63930.0,64109.9,3719.4871,2026-07-10 14:00:00
1783693800000,64110.0,64310.6,63755.2,63896.4,4713.267,2026-07-10 14:30:00
1783695600000,63896.5,64196.6,63870.0,64118.0,1946.1554,2026-07-10 15:00:00
1783697400000,64117.9,64144.0,63911.0,64018.2,1077.1499,2026-07-10 15:30:00
1783699200000,64018.1,64141.2,63926.8,63986.7,1347.3611,2026-07-10 16:00:00
1783701000000,63986.8,64214.2,63802.0,64122.2,1698.5002,2026-07-10 16:30:00
1783702800000,64122.3,64137.3,63842.1,63960.1,892.6096,2026-07-10 17:00:00
1783704600000,63960.0,63960.1,63804.1,63805.5,775.8754,2026-07-10 17:30:00
1783706400000,63805.5,63992.0,63805.5,63897.8,774.5654,2026-07-10 18:00:00
1783708200000,63897.8,63921.6,63714.6,63789.9,845.0467,2026-07-10 18:30:00
1783710000000,63789.9,63909.6,63760.0,63841.0,640.9491,2026-07-10 19:00:00
1783711800000,63841.0,64029.1,63823.8,63901.9,1434.1159,2026-07-10 19:30:00
1783713600000,63901.9,63912.6,63637.0,63715.1,1783.3358,2026-07-10 20:00:00
1783715400000,63715.1,63884.3,63699.9,63813.8,562.4987,2026-07-10 20:30:00
1783717200000,63813.8,63996.8,63810.7,63980.8,542.7257,2026-07-10 21:00:00
1783719000000,63980.8,64074.3,63960.4,63985.2,473.6262,2026-07-10 21:30:00
1783720800000,63985.3,64115.5,63950.0,64103.3,596.7336,2026-07-10 22:00:00
1783722600000,64103.2,64144.9,64047.6,64085.1,530.233,2026-07-10 22:30:00
1783724400000,64085.1,64183.7,63988.6,64169.1,640.8632,2026-07-10 23:00:00
1783726200000,64169.0,64185.0,64090.0,64137.8,397.1606,2026-07-10 23:30:00
1783728000000,64137.7,64140.0,63990.0,64078.9,616.6681,2026-07-11 00:00:00
1783729800000,64078.9,64122.3,64009.6,64092.9,372.1266,2026-07-11 00:30:00
1783731600000,64092.9,64283.0,64060.9,64198.3,771.8163,2026-07-11 01:00:00
1783733400000,64198.4,64239.9,63968.0,63978.1,876.3296,2026-07-11 01:30:00
1783735200000,63978.1,64047.9,63950.0,64000.0,625.7503,2026-07-11 02:00:00
1783737000000,64000.1,64143.0,64000.0,64131.3,450.7603,2026-07-11 02:30:00
1783738800000,64131.2,64170.0,64040.0,64089.0,685.3202,2026-07-11 03:00:00
1783740600000,64089.0,64160.3,64084.2,64120.0,322.8153,2026-07-11 03:30:00
1783742400000,64120.0,64146.3,64050.0,64113.6,304.373,2026-07-11 04:00:00
1783744200000,64113.5,64187.0,64090.0,64124.9,333.2,2026-07-11 04:30:00
1783746000000,64125.0,64173.0,64090.1,64165.0,262.2503,2026-07-11 05:00:00
1783747800000,64164.9,64195.0,64105.4,64139.1,380.4937,2026-07-11 05:30:00
1783749600000,64139.1,64245.4,64090.9,64192.7,571.4738,2026-07-11 06:00:00
1783751400000,64192.7,64240.7,64161.2,64183.9,475.3941,2026-07-11 06:30:00
1783753200000,64183.9,64225.0,64135.0,64186.7,486.0624,2026-07-11 07:00:00
1783755000000,64186.6,64203.9,64120.9,64132.4,389.8269,2026-07-11 07:30:00
1783756800000,64132.4,64240.8,64122.1,64221.0,473.4959,2026-07-11 08:00:00
1783758600000,64220.9,64277.0,64200.7,64239.9,367.2216,2026-07-11 08:30:00
1783760400000,64239.9,64250.0,64183.7,64247.3,266.8785,2026-07-11 09:00:00
1783762200000,64247.4,64270.0,64128.1,64138.0,651.425,2026-07-11 09:30:00
1783764000000,64138.1,64183.0,64121.5,64161.8,333.9728,2026-07-11 10:00:00
1783765800000,64161.9,64174.1,64111.0,64174.1,413.7032,2026-07-11 10:30:00
1783767600000,64174.3,64194.7,64144.5,64156.8,386.7346,2026-07-11 11:00:00
1783769400000,64156.7,64194.5,64147.8,64176.2,343.7878,2026-07-11 11:30:00
1783771200000,64176.2,64213.5,64135.2,64152.3,450.7298,2026-07-11 12:00:00
1783773000000,64152.3,64174.1,64110.5,64170.0,311.8155,2026-07-11 12:30:00
1783774800000,64170.1,64196.5,64145.5,64180.1,249.9492,2026-07-11 13:00:00
1783776600000,64180.1,64252.1,64173.0,64215.1,453.8702,2026-07-11 13:30:00
1783778400000,64215.1,64450.0,64215.1,64354.4,1342.7868,2026-07-11 14:00:00
1783780200000,64354.4,64484.8,64318.1,64322.3,1220.0278,2026-07-11 14:30:00
1783782000000,64322.3,64466.7,64322.2,64400.8,849.6653,2026-07-11 15:00:00
1783783800000,64400.9,64429.3,63863.7,64145.4,4229.1515,2026-07-11 15:30:00
1783785600000,64145.5,64218.0,64060.2,64194.7,992.1222,2026-07-11 16:00:00
1783787400000,64194.8,64252.1,64076.8,64153.6,942.4349,2026-07-11 16:30:00
1783789200000,64153.6,64280.0,64136.5,64275.2,365.7594,2026-07-11 17:00:00
1783791000000,64275.1,64385.9,64275.1,64295.9,809.9906,2026-07-11 17:30:00
1783792800000,64295.9,64370.0,64258.7,64313.6,382.2568,2026-07-11 18:00:00
1783794600000,64313.7,64341.3,64262.3,64302.9,200.6445,2026-07-11 18:30:00
1783796400000,64302.9,64319.6,64209.7,64209.9,285.0904,2026-07-11 19:00:00
1783798200000,64209.9,64270.0,64204.6,64267.1,193.7113,2026-07-11 19:30:00
1783800000000,64267.0,64344.7,64265.0,64329.3,178.4978,2026-07-11 20:00:00
1783801800000,64329.3,64439.1,64311.9,64352.5,394.8346,2026-07-11 20:30:00
1783803600000,64352.4,64404.7,64324.2,64340.0,208.9204,2026-07-11 21:00:00
1783805400000,64339.9,64364.5,64307.1,64329.7,160.6905,2026-07-11 21:30:00
1783807200000,64329.7,64405.2,64175.0,64213.1,609.1871,2026-07-11 22:00:00
1783809000000,64213.2,64277.6,64112.1,64174.6,491.338,2026-07-11 22:30:00
1783810800000,64174.6,64230.8,63788.5,63905.2,2333.8317,2026-07-11 23:00:00
1783812600000,63905.2,63998.1,63780.1,63780.1,1707.0068,2026-07-11 23:30:00
1783814400000,63780.2,63880.9,63727.1,63800.7,1541.4987,2026-07-12 00:00:00
1783816200000,63800.7,63847.6,63666.0,63801.8,1278.703,2026-07-12 00:30:00
1783818000000,63801.7,63982.5,63779.9,63915.7,972.5491,2026-07-12 01:00:00
1783819800000,63915.6,64143.0,63900.1,64101.7,1400.0103,2026-07-12 01:30:00
1783821600000,64101.7,64110.0,64000.0,64089.0,688.0464,2026-07-12 02:00:00
1783823400000,64089.1,64099.9,64035.5,64050.1,368.0112,2026-07-12 02:30:00
1783825200000,64050.0,64126.6,64001.5,64107.9,409.1818,2026-07-12 03:00:00
1783827000000,64108.0,64200.0,64102.5,64197.2,704.2441,2026-07-12 03:30:00
1783828800000,64197.2,64220.0,64044.0,64050.2,594.6561,2026-07-12 04:00:00
1783830600000,64050.3,64053.5,63914.0,63977.0,1013.7988,2026-07-12 04:30:00
1783832400000,63976.9,63999.6,63884.4,63886.1,521.2314,2026-07-12 05:00:00
1783834200000,63886.1,63975.3,63876.0,63943.8,356.5883,2026-07-12 05:30:00
1783836000000,63943.7,63943.7,63605.5,63642.6,2355.5513,2026-07-12 06:00:00
1783837800000,63642.7,63789.2,63609.7,63740.0,1201.4481,2026-07-12 06:30:00
1783839600000,63740.1,63861.8,63713.5,63837.4,619.0336,2026-07-12 07:00:00
1783841400000,63837.3,63877.2,63825.7,63857.6,424.0216,2026-07-12 07:30:00
1783843200000,63857.6,64077.5,63855.8,63964.5,1595.53,2026-07-12 08:00:00
1783845000000,63964.5,63981.4,63891.5,63956.0,466.8776,2026-07-12 08:30:00
1783846800000,63956.1,63964.6,63738.0,63805.4,888.4722,2026-07-12 09:00:00
1783848600000,63805.5,64023.1,63805.4,63929.6,962.2359,2026-07-12 09:30:00
1783850400000,63929.6,63929.7,63850.8,63850.8,441.3108,2026-07-12 10:00:00
1783852200000,63850.8,63891.2,63811.1,63842.8,513.852,2026-07-12 10:30:00
1783854000000,63842.9,63898.0,63796.5,63895.2,443.7042,2026-07-12 11:00:00
1783855800000,63895.2,64016.0,63895.2,63987.5,994.0745,2026-07-12 11:30:00
1783857600000,63987.5,64119.8,63942.5,64031.0,1011.8439,2026-07-12 12:00:00
1783859400000,64031.0,64045.0,63961.5,63991.8,347.1799,2026-07-12 12:30:00
1783861200000,63991.7,64070.2,63970.0,64016.5,316.2269,2026-07-12 13:00:00
1783863000000,64016.5,64059.6,63960.0,63990.2,341.4901,2026-07-12 13:30:00
1783864800000,63990.2,64011.1,63920.0,63970.0,606.4112,2026-07-12 14:00:00
1783866600000,63970.1,64287.7,63970.0,64177.0,1443.2912,2026-07-12 14:30:00
1783868400000,64177.0,64238.0,64101.2,64194.0,1016.0549,2026-07-12 15:00:00
1783870200000,64194.0,64222.0,64091.1,64153.1,600.875,2026-07-12 15:30:00
1783872000000,64153.1,64190.0,64016.8,64155.6,1306.5683,2026-07-12 16:00:00
1783873800000,64155.5,64163.8,64081.0,64147.5,463.7555,2026-07-12 16:30:00
1783875600000,64147.6,64155.2,64101.5,64101.9,266.0802,2026-07-12 17:00:00
1783877400000,64101.9,64153.9,64003.0,64053.3,486.2089,2026-07-12 17:30:00
1783879200000,64053.3,64085.3,63980.1,64039.2,391.1512,2026-07-12 18:00:00
1783881000000,64039.1,64131.9,64039.0,64128.9,284.6923,2026-07-12 18:30:00
1783882800000,64128.9,64214.1,64128.8,64185.0,426.7914,2026-07-12 19:00:00
1783884600000,64185.0,64256.2,64125.0,64211.4,256.8379,2026-07-12 19:30:00
1783886400000,64211.5,64238.0,64151.5,64184.6,312.8897,2026-07-12 20:00:00
1783888200000,64184.6,64210.0,64150.0,64173.0,124.8417,2026-07-12 20:30:00
1783890000000,64173.0,64214.0,64061.9,64080.1,333.0932,2026-07-12 21:00:00
1783891800000,64080.1,64080.1,63855.7,63896.2,999.2305,2026-07-12 21:30:00
1783893600000,63896.2,63896.2,63639.0,63803.7,2226.86,2026-07-12 22:00:00
1783895400000,63803.7,63901.1,63671.1,63852.7,1036.8642,2026-07-12 22:30:00
1783897200000,63852.6,63884.5,63700.0,63798.5,1064.8912,2026-07-12 23:00:00
1783899000000,63798.6,63843.0,63700.0,63750.1,739.4341,2026-07-12 23:30:00
1783900800000,63750.0,64398.0,63694.4,64156.0,4500.6639,2026-07-13 00:00:00
1783902600000,64155.9,64176.0,63528.1,64034.8,5400.1166,2026-07-13 00:30:00
1783904400000,64034.8,64039.5,63624.6,63692.9,3049.0944,2026-07-13 01:00:00
1783906200000,63693.0,63742.1,63357.4,63380.1,4066.0501,2026-07-13 01:30:00
1783908000000,63380.0,63516.7,63202.9,63436.7,5116.2924,2026-07-13 02:00:00
1783909800000,63436.6,63484.9,63316.0,63343.8,1681.5149,2026-07-13 02:30:00
1783911600000,63343.8,63358.2,62716.9,63035.4,8819.9704,2026-07-13 03:00:00
1783913400000,63035.4,63043.9,62700.6,62782.1,3407.7124,2026-07-13 03:30:00
1783915200000,62782.1,62879.1,62640.8,62848.0,3075.1974,2026-07-13 04:00:00
1783917000000,62848.0,62852.2,62565.4,62647.2,2604.3686,2026-07-13 04:30:00
1783918800000,62647.2,62888.0,62447.0,62605.4,5153.911,2026-07-13 05:00:00
1783920600000,62605.3,62800.0,62535.8,62765.2,1099.8078,2026-07-13 05:30:00
1783922400000,62765.2,62836.4,62673.8,62808.5,1114.7042,2026-07-13 06:00:00
1783924200000,62808.6,62844.0,62726.4,62767.6,700.7319,2026-07-13 06:30:00
1783926000000,62767.7,62972.0,62714.0,62925.6,1770.4252,2026-07-13 07:00:00
1783927800000,62925.7,63027.6,62875.5,62951.5,2018.3303,2026-07-13 07:30:00
1783929600000,62951.6,63072.9,62902.0,63046.9,1606.5665,2026-07-13 08:00:00
1783931400000,63047.0,63250.0,62959.7,63174.1,2238.4295,2026-07-13 08:30:00
1783933200000,63174.2,63177.9,63063.2,63091.1,1015.3582,2026-07-13 09:00:00
1783935000000,63091.1,63097.8,63055.8,63070.3,648.3136,2026-07-13 09:30:00
1783936800000,63070.3,63127.1,63035.6,63059.6,784.3833,2026-07-13 10:00:00
1783938600000,63059.5,63094.0,62830.0,62837.8,2190.9131,2026-07-13 10:30:00
1783940400000,62837.9,63110.0,62837.9,62992.9,1640.3607,2026-07-13 11:00:00
1783942200000,62992.9,62996.3,62869.3,62875.4,747.1561,2026-07-13 11:30:00
1783944000000,62875.5,62953.9,62688.0,62720.6,1979.9017,2026-07-13 12:00:00
1783945800000,62720.7,62759.6,62550.0,62604.8,2355.836,2026-07-13 12:30:00
1783947600000,62604.8,62650.0,62349.0,62502.1,3060.0786,2026-07-13 13:00:00
1783949400000,62502.2,62742.0,62140.0,62301.1,6077.7626,2026-07-13 13:30:00
1783951200000,62301.0,62630.6,62065.9,62523.5,5637.0433,2026-07-13 14:00:00
1783953000000,62523.6,62775.3,62435.0,62765.1,3192.0502,2026-07-13 14:30:00
1783954800000,62765.1,62950.0,62652.3,62785.5,2523.1127,2026-07-13 15:00:00
1783956600000,62785.4,62824.4,62532.0,62587.0,1694.6887,2026-07-13 15:30:00
1783958400000,62587.0,62607.7,62255.0,62326.2,2767.8323,2026-07-13 16:00:00
1783960200000,62326.2,62398.7,62180.3,62255.1,2306.9604,2026-07-13 16:30:00
1783962000000,62255.1,62349.9,62155.4,62163.0,1403.0544,2026-07-13 17:00:00
1783963800000,62163.0,62205.5,61866.1,61878.7,5512.5814,2026-07-13 17:30:00
1783965600000,61878.7,62033.2,61800.5,61920.0,2514.0114,2026-07-13 18:00:00
1783967400000,61920.0,62083.3,61876.9,61999.1,1243.3219,2026-07-13 18:30:00
1783969200000,61999.1,62088.0,61959.1,61995.8,899.2511,2026-07-13 19:00:00
1783971000000,61995.9,62281.5,61995.8,62264.1,1226.0879,2026-07-13 19:30:00
1783972800000,62264.0,62304.4,62051.3,62189.5,1260.7978,2026-07-13 20:00:00
1783974600000,62189.5,62240.0,62015.4,62178.1,607.4125,2026-07-13 20:30:00
1783976400000,62178.1,62187.7,61961.7,62007.0,642.6694,2026-07-13 21:00:00
1783978200000,62007.0,62088.9,61861.2,62033.9,1072.8636,2026-07-13 21:30:00
1783980000000,62033.9,62199.9,62025.4,62133.3,858.6933,2026-07-13 22:00:00
1783981800000,62133.2,62160.0,61880.0,61897.0,763.4202,2026-07-13 22:30:00
1783983600000,61897.1,62216.0,61850.0,62138.3,960.8751,2026-07-13 23:00:00
1783985400000,62138.3,62321.6,62072.3,62313.1,1076.2088,2026-07-13 23:30:00
1783987200000,62313.2,62468.0,62240.0,62347.2,1671.8354,2026-07-14 00:00:00
1783989000000,62347.2,62651.0,62265.6,62523.0,2521.0116,2026-07-14 00:30:00
1783990800000,62523.0,62617.2,62430.4,62497.8,1614.0842,2026-07-14 01:00:00
1783992600000,62497.8,62548.6,62432.3,62507.1,767.9106,2026-07-14 01:30:00
1783994400000,62507.1,62595.5,62290.0,62343.8,1072.1933,2026-07-14 02:00:00
1783996200000,62343.7,62617.8,62343.7,62515.0,1300.2791,2026-07-14 02:30:00
1783998000000,62515.1,62579.8,62286.0,62446.3,1209.8802,2026-07-14 03:00:00
1783999800000,62446.3,62556.0,62406.2,62543.2,595.7998,2026-07-14 03:30:00
1784001600000,62543.2,62645.9,62509.0,62622.9,842.5163,2026-07-14 04:00:00
1784003400000,62622.9,62747.0,62622.9,62716.9,1585.4578,2026-07-14 04:30:00
1784005200000,62716.9,62845.0,62673.5,62814.3,1845.4638,2026-07-14 05:00:00
1784007000000,62814.4,62845.0,62658.2,62694.3,1304.2395,2026-07-14 05:30:00
1784008800000,62694.4,62707.6,62622.8,62658.0,1333.5834,2026-07-14 06:00:00
1784010600000,62658.1,62752.6,62528.5,62594.4,1167.781,2026-07-14 06:30:00
1784012400000,62594.4,62629.0,62520.0,62614.8,1115.883,2026-07-14 07:00:00
1784014200000,62614.7,62624.4,62474.1,62521.3,1406.9343,2026-07-14 07:30:00
1784016000000,62521.4,62651.5,62460.3,62623.6,733.3722,2026-07-14 08:00:00
1784017800000,62623.7,62775.0,62601.4,62678.9,1163.2733,2026-07-14 08:30:00
1784019600000,62679.0,62719.6,62618.0,62640.0,509.4508,2026-07-14 09:00:00
1784021400000,62640.0,62648.8,62507.2,62607.8,762.2555,2026-07-14 09:30:00
1784023200000,62607.9,62712.8,62607.9,62635.1,670.2494,2026-07-14 10:00:00
1784025000000,62635.1,62888.0,62576.0,62770.6,1579.1533,2026-07-14 10:30:00
1784026800000,62770.5,62850.0,62684.9,62835.0,1075.2727,2026-07-14 11:00:00
1784028600000,62835.0,62898.2,62781.0,62808.8,1020.3108,2026-07-14 11:30:00
1784030400000,62808.9,63099.9,62751.2,62926.1,3354.9065,2026-07-14 12:00:00
1784032200000,62926.1,63980.1,62912.0,63940.2,19645.1692,2026-07-14 12:30:00
1784034000000,63940.2,64187.0,63732.2,63937.4,6108.0432,2026-07-14 13:00:00
1784035800000,63937.4,63960.5,63680.0,63817.6,4505.6179,2026-07-14 13:30:00
1784037600000,63817.6,63905.8,63550.0,63885.8,4437.6918,2026-07-14 14:00:00
1784039400000,63885.8,64375.2,63827.8,64277.6,5124.6518,2026-07-14 14:30:00
1784041200000,64277.6,64542.6,64169.4,64475.9,6999.6621,2026-07-14 15:00:00
1784043000000,64475.9,65100.0,64469.6,64731.6,12140.2117,2026-07-14 15:30:00
1784044800000,64731.6,64886.9,64600.2,64805.2,3643.3205,2026-07-14 16:00:00
1784046600000,64805.2,64872.0,64687.8,64706.4,1520.1032,2026-07-14 16:30:00
1784048400000,64706.4,64706.5,64250.0,64502.8,4445.6862,2026-07-14 17:00:00
1784050200000,64502.7,64688.1,64405.7,64607.6,1950.701,2026-07-14 17:30:00
1784052000000,64607.7,64611.0,64451.5,64499.8,1101.5172,2026-07-14 18:00:00
1784053800000,64499.8,64629.6,64455.9,64553.6,807.9115,2026-07-14 18:30:00
1784055600000,64553.5,64682.6,64516.9,64537.1,657.1743,2026-07-14 19:00:00
1784057400000,64537.1,64635.9,64465.1,64546.5,905.3244,2026-07-14 19:30:00
1784059200000,64547.3,64568.5,64419.5,64421.5,511.602,2026-07-14 20:00:00
1784061000000,64421.5,64584.1,64384.4,64543.3,626.2708,2026-07-14 20:30:00
1784062800000,64543.3,64644.4,64491.7,64634.3,913.0078,2026-07-14 21:00:00
1784064600000,64634.3,64868.7,64611.0,64652.8,1460.1609,2026-07-14 21:30:00
1784066400000,64652.8,65097.1,64479.7,64907.0,3890.5637,2026-07-14 22:00:00
1784068200000,64907.0,65006.5,64833.9,64840.0,1352.1335,2026-07-14 22:30:00
1784070000000,64840.0,65024.6,64743.5,64890.7,1328.9656,2026-07-14 23:00:00
1784071800000,64890.7,65011.0,64868.1,65010.0,700.8757,2026-07-14 23:30:00
1784073600000,65010.0,65039.1,64805.6,64857.1,1360.7821,2026-07-15 00:00:00
1784075400000,64857.0,64858.0,64742.6,64791.1,864.2007,2026-07-15 00:30:00
1784077200000,64791.1,64825.5,64671.3,64814.9,1130.9195,2026-07-15 01:00:00
1784079000000,64814.9,64824.0,64620.0,64645.4,816.5215,2026-07-15 01:30:00
1784080800000,64645.5,64733.3,64482.1,64500.7,1262.2422,2026-07-15 02:00:00
1784082600000,64500.6,64542.2,64446.6,64470.0,1106.2271,2026-07-15 02:30:00
1784084400000,64470.0,64645.9,64470.0,64593.5,1166.5597,2026-07-15 03:00:00
1784086200000,64593.6,64822.5,64582.5,64766.7,1428.8425,2026-07-15 03:30:00
1784088000000,64766.7,64865.5,64734.4,64736.2,996.1527,2026-07-15 04:00:00
1784089800000,64736.2,64841.6,64690.0,64726.2,599.1079,2026-07-15 04:30:00
1784091600000,64726.2,64791.6,64583.0,64630.0,874.2465,2026-07-15 05:00:00
1784093400000,64630.0,64942.9,64622.3,64924.8,861.887,2026-07-15 05:30:00
1784095200000,64924.8,65035.6,64850.1,64960.5,2165.0166,2026-07-15 06:00:00
1784097000000,64960.7,65265.0,64759.9,64780.3,5254.2815,2026-07-15 06:30:00
1784098800000,64780.3,64860.8,64452.0,64499.6,3569.3523,2026-07-15 07:00:00
1784100600000,64499.5,64616.2,64480.1,64524.8,2219.6589,2026-07-15 07:30:00
1784102400000,64524.9,64659.8,64524.9,64618.9,1118.2691,2026-07-15 08:00:00
1784104200000,64619.0,64763.5,64589.6,64745.8,1308.9371,2026-07-15 08:30:00
1784106000000,64745.9,64893.7,64733.6,64803.2,1121.2494,2026-07-15 09:00:00
1784107800000,64803.2,64803.3,64612.2,64637.1,1274.5953,2026-07-15 09:30:00
1784109600000,64637.0,64818.0,64579.3,64600.0,1022.6215,2026-07-15 10:00:00
1784111400000,64600.1,64658.6,64576.0,64626.6,519.2819,2026-07-15 10:30:00
1784113200000,64626.6,64722.3,64576.9,64605.2,544.0978,2026-07-15 11:00:00
1784115000000,64605.2,64721.3,64602.1,64707.8,435.439,2026-07-15 11:30:00
1784116800000,64707.8,64733.0,64567.0,64650.3,1076.778,2026-07-15 12:00:00
1784118600000,64650.3,65255.5,64644.8,65130.1,6651.5855,2026-07-15 12:30:00
1784120400000,65130.1,65553.2,65117.9,65290.0,8464.2258,2026-07-15 13:00:00
1784122200000,65289.9,65498.0,64858.0,65095.0,6140.1233,2026-07-15 13:30:00
1784124000000,65094.9,65398.3,65030.5,65306.5,4466.4642,2026-07-15 14:00:00
1784125800000,65306.4,65490.9,65261.1,65362.9,2891.1769,2026-07-15 14:30:00
1784127600000,65362.9,65460.0,65220.6,65376.3,2072.9274,2026-07-15 15:00:00
1784129400000,65376.3,65588.0,65299.2,65389.0,2764.5786,2026-07-15 15:30:00
1784131200000,65389.0,65436.0,65014.8,65139.9,3708.1395,2026-07-15 16:00:00
1784133000000,65139.9,65148.8,64750.0,65088.9,4463.5077,2026-07-15 16:30:00
1784134800000,65088.9,65131.9,64957.6,65023.1,1148.4098,2026-07-15 17:00:00
1784136600000,65023.1,65170.7,64944.0,65030.5,2122.7566,2026-07-15 17:30:00
1784138400000,65030.4,65125.5,64950.0,65042.0,1134.5703,2026-07-15 18:00:00
1784140200000,65041.9,65100.0,64824.5,64846.2,868.7497,2026-07-15 18:30:00
1784142000000,64846.2,64933.4,64710.4,64831.7,1412.4587,2026-07-15 19:00:00
1784143800000,64831.8,64976.9,64816.0,64953.2,772.4367,2026-07-15 19:30:00
1784145600000,64953.1,64999.5,64872.1,64981.2,505.836,2026-07-15 20:00:00
1784147400000,64981.3,65030.7,64940.0,64940.9,260.0078,2026-07-15 20:30:00
1784149200000,64940.8,64993.9,64810.0,64842.1,412.7717,2026-07-15 21:00:00
1784151000000,64842.2,64858.2,64766.6,64808.3,453.5001,2026-07-15 21:30:00
1784152800000,64808.4,64875.2,64747.7,64875.1,662.7796,2026-07-15 22:00:00
1784154600000,64875.1,64954.0,64830.4,64836.2,589.5837,2026-07-15 22:30:00
1784156400000,64836.2,64922.1,64816.8,64823.8,343.4014,2026-07-15 23:00:00
1784158200000,64823.8,64844.0,64656.0,64725.0,779.6359,2026-07-15 23:30:00
1784160000000,64725.0,64819.8,64537.9,64537.9,1279.5356,2026-07-16 00:00:00
1784161800000,64537.8,64631.0,64464.5,64561.9,1742.7819,2026-07-16 00:30:00
1784163600000,64562.0,64634.5,64366.4,64537.5,1532.4776,2026-07-16 01:00:00
1784165400000,64537.5,64813.0,64532.3,64700.3,1195.0091,2026-07-16 01:30:00
1784167200000,64700.2,64707.8,64561.1,64650.0,789.9588,2026-07-16 02:00:00
1784169000000,64649.9,64665.6,64546.9,64612.4,545.4413,2026-07-16 02:30:00
1784170800000,64612.4,64699.9,64563.1,64659.7,494.1829,2026-07-16 03:00:00
1784172600000,64659.7,64730.0,64520.4,64588.8,559.6568,2026-07-16 03:30:00
1784174400000,64588.9,64639.5,64512.3,64628.7,575.5387,2026-07-16 04:00:00
1784176200000,64628.8,64666.0,64552.8,64613.2,366.2804,2026-07-16 04:30:00
1784178000000,64613.1,64928.9,64577.4,64899.7,1930.3858,2026-07-16 05:00:00
1784179800000,64899.7,64974.7,64816.7,64886.3,1347.3708,2026-07-16 05:30:00
1784181600000,64886.3,64939.4,64768.0,64790.0,865.2245,2026-07-16 06:00:00
1784183400000,64790.0,64799.5,64597.3,64748.0,910.3576,2026-07-16 06:30:00
1784185200000,64748.0,64748.0,64468.0,64472.7,1257.3941,2026-07-16 07:00:00
1784187000000,64472.6,64479.8,64050.0,64210.1,5177.4993,2026-07-16 07:30:00
1784188800000,64210.1,64230.2,63853.0,64129.8,5698.9722,2026-07-16 08:00:00
1784190600000,64129.8,64336.3,64030.1,64096.7,3507.9318,2026-07-16 08:30:00
1784192400000,64096.6,64159.7,63993.0,64006.8,1181.3822,2026-07-16 09:00:00
1784194200000,64006.7,64100.0,63986.0,64071.6,1019.4372,2026-07-16 09:30:00
1784196000000,64071.6,64210.0,64047.6,64197.6,1091.4687,2026-07-16 10:00:00
1784197800000,64197.6,64236.6,64138.1,64188.6,419.1581,2026-07-16 10:30:00
1784199600000,64188.6,64230.0,64066.7,64150.0,667.4197,2026-07-16 11:00:00
1784201400000,64150.1,64243.1,64068.0,64219.8,1006.0462,2026-07-16 11:30:00
1784203200000,64219.8,64224.0,64051.8,64166.7,858.9727,2026-07-16 12:00:00
1784205000000,64166.6,64188.0,63826.7,63940.0,2833.58,2026-07-16 12:30:00
1784206800000,63940.0,64225.0,63928.8,64223.1,1916.344,2026-07-16 13:00:00
1784208600000,64223.1,64450.0,64077.4,64346.7,3758.8753,2026-07-16 13:30:00
1784210400000,64346.8,64846.4,64300.0,64727.7,5489.8314,2026-07-16 14:00:00
1784212200000,64727.6,64800.0,64344.9,64509.9,3344.6871,2026-07-16 14:30:00
1784214000000,64509.9,64874.4,64288.0,64797.0,3217.7398,2026-07-16 15:00:00
1784215800000,64797.0,64800.0,64588.1,64679.0,2298.4211,2026-07-16 15:30:00
1784217600000,64679.1,64694.4,64369.8,64521.5,1859.9678,2026-07-16 16:00:00
1784219400000,64521.5,64639.7,64290.7,64453.8,1786.3521,2026-07-16 16:30:00
1784221200000,64453.9,64458.9,64068.2,64200.1,2340.9543,2026-07-16 17:00:00
1784223000000,64200.1,64265.1,63962.0,64054.5,1818.9813,2026-07-16 17:30:00
1784224800000,64054.6,64312.1,64024.7,64191.0,1081.7053,2026-07-16 18:00:00
1784226600000,64191.0,64302.2,64071.2,64213.3,706.2986,2026-07-16 18:30:00
1784228400000,64213.4,64285.5,64134.1,64234.8,571.5003,2026-07-16 19:00:00
1784230200000,64234.7,64260.5,64120.0,64242.7,401.4227,2026-07-16 19:30:00
1784232000000,64242.6,64252.7,64130.0,64153.8,261.656,2026-07-16 20:00:00
1784233800000,64153.8,64179.9,64075.8,64089.8,472.7545,2026-07-16 20:30:00
1784235600000,64089.8,64182.5,64071.2,64143.0,291.3705,2026-07-16 21:00:00
1784237400000,64143.0,64216.7,64107.6,64137.9,255.6923,2026-07-16 21:30:00
1784239200000,64137.9,64217.3,63986.0,63993.4,642.3238,2026-07-16 22:00:00
1784241000000,63993.4,64173.3,63918.0,63935.9,1628.2171,2026-07-16 22:30:00
1784242800000,63935.9,63977.3,63716.2,63786.5,2272.8319,2026-07-16 23:00:00
1784244600000,63786.4,63880.0,63716.2,63795.9,1217.1596,2026-07-16 23:30:00
1784246400000,63796.0,63885.0,63718.2,63775.2,1506.9395,2026-07-17 00:00:00
1784248200000,63775.2,63862.6,63577.0,63862.5,2921.2068,2026-07-17 00:30:00
1784250000000,63862.5,64039.4,63793.6,63947.6,2478.6266,2026-07-17 01:00:00
1784251800000,63947.7,63950.0,63443.8,63512.5,3400.6243,2026-07-17 01:30:00
1784253600000,63512.5,63642.7,63378.5,63506.3,2046.7496,2026-07-17 02:00:00
1784255400000,63506.2,63549.9,63358.1,63460.6,1424.1302,2026-07-17 02:30:00
1784257200000,63460.7,63697.5,63456.0,63655.2,1416.2092,2026-07-17 03:00:00
1784259000000,63655.1,63673.7,63505.0,63543.5,928.2086,2026-07-17 03:30:00
1784260800000,63543.4,63543.5,63270.0,63358.9,1964.3308,2026-07-17 04:00:00
1784262600000,63358.8,63547.4,63310.4,63451.9,1477.4113,2026-07-17 04:30:00
1784264400000,63451.8,63451.8,63150.0,63178.1,1853.9651,2026-07-17 05:00:00
1784266200000,63178.2,63206.6,62777.0,62812.6,7794.1966,2026-07-17 05:30:00
1784268000000,62812.7,62969.2,62650.5,62906.2,5289.0064,2026-07-17 06:00:00
1784269800000,62906.2,62938.1,62822.5,62920.0,1140.322,2026-07-17 06:30:00
1784271600000,62920.0,62920.0,62763.8,62902.8,1289.8923,2026-07-17 07:00:00
1784273400000,62902.8,62951.2,62782.1,62789.6,1291.9068,2026-07-17 07:30:00
1784275200000,62789.7,62865.0,62703.9,62768.2,1857.3533,2026-07-17 08:00:00
1784277000000,62768.2,62911.6,62600.0,62857.3,2179.2431,2026-07-17 08:30:00
1784278800000,62857.2,62943.9,62824.0,62921.1,1004.135,2026-07-17 09:00:00
1784280600000,62921.1,63040.0,62900.1,62962.2,1215.2048,2026-07-17 09:30:00
1784282400000,62962.2,63105.0,62957.5,63061.8,1661.0485,2026-07-17 10:00:00
1784284200000,63061.8,63167.1,63043.3,63145.6,882.0938,2026-07-17 10:30:00
1784286000000,63145.7,63187.4,63027.4,63099.4,1131.241,2026-07-17 11:00:00
1784287800000,63099.4,63330.9,63069.0,63264.3,1984.0808,2026-07-17 11:30:00
1784289600000,63264.4,63315.4,63130.5,63162.3,1554.0634,2026-07-17 12:00:00
1784291400000,63162.3,63172.5,63024.4,63067.3,1805.1706,2026-07-17 12:30:00
1784293200000,63067.4,63073.5,62740.6,62831.9,4137.4718,2026-07-17 13:00:00
1784295000000,62831.8,63167.9,62510.0,63136.4,6732.4974,2026-07-17 13:30:00
1784296800000,63136.4,63498.0,63127.1,63222.3,5445.4375,2026-07-17 14:00:00
1784298600000,63222.2,63330.0,63052.5,63150.2,2420.7673,2026-07-17 14:30:00
1784300400000,63150.1,63245.5,62813.6,63241.1,3689.3692,2026-07-17 15:00:00
1784302200000,63241.1,63436.8,63077.1,63436.7,2341.6242,2026-07-17 15:30:00
1784304000000,63436.8,63543.0,63284.7,63446.1,2813.9111,2026-07-17 16:00:00
1784305800000,63446.2,63682.9,63336.6,63560.6,2234.5392,2026-07-17 16:30:00
1784307600000,63560.7,64119.2,63560.7,63996.2,5686.1785,2026-07-17 17:00:00
1784309400000,63996.2,64208.4,63942.1,64018.1,2444.62,2026-07-17 17:30:00
1784311200000,64018.2,64075.8,63856.0,63926.7,1630.7109,2026-07-17 18:00:00
1784313000000,63926.7,64358.8,63915.1,64224.0,2610.1914,2026-07-17 18:30:00
1784314800000,64224.0,64230.6,63950.0,64059.6,1446.1603,2026-07-17 19:00:00
1784316600000,64059.6,64180.6,64036.4,64130.0,855.9938,2026-07-17 19:30:00
1784318400000,64129.9,64129.9,63955.1,64008.9,902.992,2026-07-17 20:00:00
1784320200000,64008.9,64173.9,63936.0,64090.0,928.4221,2026-07-17 20:30:00
1784322000000,64090.0,64200.0,64090.0,64116.2,521.0446,2026-07-17 21:00:00
1784323800000,64116.3,64126.4,64031.8,64078.5,424.0934,2026-07-17 21:30:00
1784325600000,64078.6,64125.0,63935.8,63938.7,565.7562,2026-07-17 22:00:00
1784327400000,63938.8,63973.3,63888.0,63956.2,518.3496,2026-07-17 22:30:00
1784329200000,63956.3,63956.3,63852.6,63942.8,384.9434,2026-07-17 23:00:00
1784331000000,63942.7,63989.8,63900.0,63908.2,445.9206,2026-07-17 23:30:00
1784332800000,63908.2,63998.7,63866.0,63963.0,467.0092,2026-07-18 00:00:00
1784334600000,63962.9,63963.0,63862.2,63882.7,288.1984,2026-07-18 00:30:00
1784336400000,63882.7,63982.2,63855.7,63973.0,355.7165,2026-07-18 01:00:00
1784338200000,63972.9,63973.0,63888.2,63935.1,275.2793,2026-07-18 01:30:00
1784340000000,63935.0,63987.7,63901.2,63969.4,597.5231,2026-07-18 02:00:00
1784341800000,63969.4,64012.7,63917.1,63928.8,413.3191,2026-07-18 02:30:00
1784343600000,63928.9,63967.1,63920.0,63926.4,303.3175,2026-07-18 03:00:00
1784345400000,63926.4,64003.1,63898.0,63989.5,379.3896,2026-07-18 03:30:00
1784347200000,63989.5,63991.3,63930.0,63959.0,326.3746,2026-07-18 04:00:00
1784349000000,63959.1,63959.1,63916.2,63942.7,214.3279,2026-07-18 04:30:00
1784350800000,63942.6,63955.9,63900.4,63946.7,251.0064,2026-07-18 05:00:00
1784352600000,63946.8,63979.4,63911.9,63933.0,261.796,2026-07-18 05:30:00
1784354400000,63933.0,63973.4,63920.2,63959.9,220.7974,2026-07-18 06:00:00
1784356200000,63960.0,63960.0,63915.4,63955.7,274.257,2026-07-18 06:30:00
1784358000000,63955.6,63994.5,63950.0,63987.6,390.1782,2026-07-18 07:00:00
1784359800000,63987.5,63999.0,63969.2,63980.8,367.4592,2026-07-18 07:30:00
1784361600000,63980.9,63993.9,63931.3,63987.5,481.7132,2026-07-18 08:00:00
1784363400000,63987.5,63998.0,63954.7,63975.4,250.3281,2026-07-18 08:30:00
1784365200000,63975.5,63987.9,63913.1,63917.3,344.9226,2026-07-18 09:00:00
1784367000000,63917.4,63965.7,63917.3,63963.8,222.782,2026-07-18 09:30:00
1784368800000,63963.8,63989.4,63960.8,63989.0,229.9801,2026-07-18 10:00:00
1784370600000,63989.0,63990.0,63974.2,63983.8,152.1708,2026-07-18 10:30:00
1784372400000,63983.9,63998.9,63983.8,63993.1,192.7365,2026-07-18 11:00:00
1784374200000,63993.1,64068.0,63993.0,64038.4,567.9293,2026-07-18 11:30:00
1784376000000,64038.5,64185.3,64025.6,64066.8,1628.0564,2026-07-18 12:00:00
1784377800000,64066.8,64257.7,64040.1,64182.4,1542.6516,2026-07-18 12:30:00
1784379600000,64182.4,64184.9,63933.5,64032.6,1643.1005,2026-07-18 13:00:00
1784381400000,64032.5,64085.8,63996.8,64085.7,432.1437,2026-07-18 13:30:00
1784383200000,64085.8,64154.3,64073.6,64154.3,502.4954,2026-07-18 14:00:00
1784385000000,64154.3,64170.0,64083.3,64099.0,419.7628,2026-07-18 14:30:00
1784386800000,64098.9,64108.2,64043.4,64043.5,269.801,2026-07-18 15:00:00
1784388600000,64043.4,64136.5,64001.9,64093.0,449.7329,2026-07-18 15:30:00
1784390400000,64093.0,64128.0,64056.6,64120.0,279.5228,2026-07-18 16:00:00
1784392200000,64120.0,64294.9,64092.8,64278.7,1372.8158,2026-07-18 16:30:00
1784394000000,64278.8,64424.0,64244.1,64265.9,1520.109,2026-07-18 17:00:00
1784395800000,64265.9,64462.8,64262.4,64447.8,1617.2896,2026-07-18 17:30:00
1784397600000,64447.8,64645.3,64422.4,64534.2,2073.0634,2026-07-18 18:00:00
1784399400000,64534.3,64541.9,64437.7,64476.6,800.7633,2026-07-18 18:30:00
1784401200000,64476.6,64561.7,64444.4,64444.5,604.4541,2026-07-18 19:00:00
1784403000000,64444.5,64539.0,64441.5,64521.4,341.7076,2026-07-18 19:30:00
1784404800000,64521.4,64719.9,64475.3,64613.2,1994.5459,2026-07-18 20:00:00
1784406600000,64613.3,64688.0,64542.9,64666.7,1026.7118,2026-07-18 20:30:00
1784408400000,64666.8,64832.0,64611.6,64697.0,1709.073,2026-07-18 21:00:00
1784410200000,64697.0,64789.0,64584.3,64705.0,811.8411,2026-07-18 21:30:00
1784412000000,64705.0,64849.1,64695.9,64704.2,855.07,2026-07-18 22:00:00
1784413800000,64704.1,64809.4,64685.0,64778.7,689.3092,2026-07-18 22:30:00
1784415600000,64778.7,64818.6,64688.7,64800.4,1021.8306,2026-07-18 23:00:00
1784417400000,64800.5,64814.9,64769.5,64802.4,281.5674,2026-07-18 23:30:00
1784419200000,64802.5,64888.0,64755.0,64760.1,914.2061,2026-07-19 00:00:00
1784421000000,64760.1,64788.0,64725.9,64749.9,593.3333,2026-07-19 00:30:00
1784422800000,64749.9,64759.0,64733.0,64740.4,419.434,2026-07-19 01:00:00
1784424600000,64740.4,64757.8,64730.0,64734.1,387.8945,2026-07-19 01:30:00
1784426400000,64734.2,64942.0,64664.1,64790.0,1555.2383,2026-07-19 02:00:00
1784428200000,64790.0,64926.7,64787.3,64789.2,649.9281,2026-07-19 02:30:00
1784430000000,64789.3,64809.9,64588.1,64644.1,1259.0303,2026-07-19 03:00:00
1784431800000,64644.0,64689.9,64621.4,64689.9,338.6678,2026-07-19 03:30:00
1784433600000,64689.9,64690.0,64591.6,64687.3,581.7799,2026-07-19 04:00:00
1784435400000,64687.3,64771.5,64670.6,64696.9,384.8776,2026-07-19 04:30:00
1784437200000,64696.9,64790.0,64667.9,64686.5,534.8646,2026-07-19 05:00:00
1784439000000,64686.5,64721.9,64645.1,64695.4,307.6019,2026-07-19 05:30:00
1784440800000,64695.4,64732.0,64655.0,64703.0,574.6838,2026-07-19 06:00:00
1784442600000,64703.0,64736.3,64673.9,64685.8,399.8116,2026-07-19 06:30:00
1784444400000,64685.8,64703.9,64663.2,64702.7,420.807,2026-07-19 07:00:00
1784446200000,64702.7,64760.0,64650.4,64694.2,746.4155,2026-07-19 07:30:00
1784448000000,64694.2,64708.0,64605.0,64636.9,996.7103,2026-07-19 08:00:00
1784449800000,64636.8,64725.0,64606.5,64685.2,508.6254,2026-07-19 08:30:00
1784451600000,64685.3,64702.5,64527.7,64559.0,1007.354,2026-07-19 09:00:00
1784453400000,64559.0,64583.9,64476.0,64494.8,1085.7893,2026-07-19 09:30:00
1784455200000,64494.8,64600.0,64450.0,64600.0,666.6338,2026-07-19 10:00:00
1784457000000,64600.0,64680.0,64545.0,64561.2,829.0917,2026-07-19 10:30:00
1784458800000,64561.2,64627.6,64485.4,64524.3,910.9706,2026-07-19 11:00:00
1784460600000,64524.4,64541.3,64414.6,64443.4,1054.9893,2026-07-19 11:30:00
1784462400000,64443.4,64443.4,64237.1,64279.5,3216.6628,2026-07-19 12:00:00
1784464200000,64279.5,64434.1,64271.3,64417.0,1525.8719,2026-07-19 12:30:00
1784466000000,64417.1,64446.1,64272.4,64380.1,925.1272,2026-07-19 13:00:00
1784467800000,64380.1,64490.0,64380.0,64450.5,919.8096,2026-07-19 13:30:00
1784469600000,64450.5,64533.7,64386.8,64431.4,909.6882,2026-07-19 14:00:00
1784471400000,64431.4,64633.0,64416.3,64561.9,1005.5869,2026-07-19 14:30:00
1784473200000,64561.8,64598.0,64472.1,64479.5,638.7926,2026-07-19 15:00:00
1784475000000,64479.5,64562.5,64467.2,64549.5,517.3757,2026-07-19 15:30:00
1784476800000,64549.5,64616.5,64475.0,64578.6,644.4486,2026-07-19 16:00:00
1784478600000,64578.6,64580.8,64487.2,64505.0,594.6155,2026-07-19 16:30:00
1784480400000,64505.1,64730.0,64368.0,64618.1,1867.3696,2026-07-19 17:00:00
1784482200000,64618.2,64700.6,64506.6,64522.1,448.1276,2026-07-19 17:30:00
1784484000000,64522.1,64529.2,64242.0,64364.5,1757.1722,2026-07-19 18:00:00
1784485800000,64364.5,64423.9,64311.2,64395.5,471.9514,2026-07-19 18:30:00
1784487600000,64395.5,64439.1,64311.2,64413.1,326.3568,2026-07-19 19:00:00
1784489400000,64413.2,64429.5,64355.4,64429.5,248.1084,2026-07-19 19:30:00
1784491200000,64429.5,64532.4,64429.5,64460.1,391.6911,2026-07-19 20:00:00
1784493000000,64460.1,64509.5,64447.3,64509.5,248.4286,2026-07-19 20:30:00
1784494800000,64509.5,64530.0,64426.9,64450.1,244.6247,2026-07-19 21:00:00
1784496600000,64450.2,64450.2,64312.8,64385.8,471.636,2026-07-19 21:30:00
1784498400000,64385.8,64869.0,64314.5,64722.1,2794.2811,2026-07-19 22:00:00
1784500200000,64722.1,64794.9,64637.7,64645.3,771.403,2026-07-19 22:30:00
1784502000000,64645.3,64694.9,64538.5,64651.8,586.8352,2026-07-19 23:00:00
1784503800000,64651.9,64750.0,64616.8,64700.0,678.312,2026-07-19 23:30:00
1784505600000,64700.1,65088.0,64546.0,64852.6,3757.1075,2026-07-20 00:00:00
1784507400000,64852.5,64920.0,64384.9,64530.2,2169.9119,2026-07-20 00:30:00
1784509200000,64530.3,65016.1,64476.0,64820.3,2391.6724,2026-07-20 01:00:00
1784511000000,64820.2,64904.8,64471.6,64600.0,1592.2794,2026-07-20 01:30:00
1784512800000,64600.0,64923.6,64550.0,64639.5,2393.0531,2026-07-20 02:00:00
1784514600000,64639.5,64934.4,64626.2,64798.0,1621.2419,2026-07-20 02:30:00
1784516400000,64797.9,64855.0,64605.4,64650.1,822.9124,2026-07-20 03:00:00
1784518200000,64650.0,64885.0,64631.8,64836.4,853.9025,2026-07-20 03:30:00
1784520000000,64836.3,64836.4,64600.4,64738.0,839.6603,2026-07-20 04:00:00
1784521800000,64737.9,64794.4,64505.3,64509.9,1598.0595,2026-07-20 04:30:00
1784523600000,64509.9,64535.1,64031.5,64157.0,7109.1504,2026-07-20 05:00:00
1784525400000,64156.9,64228.1,64061.0,64098.8,1765.2694,2026-07-20 05:30:00
1784527200000,64098.7,64205.4,64050.0,64105.7,1493.9329,2026-07-20 06:00:00
1784529000000,64105.6,64132.8,63722.6,63885.1,7416.3661,2026-07-20 06:30:00
1784530800000,63885.1,64104.1,63855.0,64099.7,1732.9315,2026-07-20 07:00:00
1784532600000,64099.6,64280.0,64056.0,64242.5,2238.7377,2026-07-20 07:30:00
1784534400000,64242.4,64336.2,64188.5,64199.7,1910.5248,2026-07-20 08:00:00
1784536200000,64199.6,64246.0,63844.3,64029.3,3431.5316,2026-07-20 08:30:00
1784538000000,64029.3,64173.4,63977.8,64173.4,762.9809,2026-07-20 09:00:00
1784539800000,64173.3,64260.5,64151.8,64168.0,1016.903,2026-07-20 09:30:00
1784541600000,64168.0,64389.9,64128.1,64322.1,1255.5775,2026-07-20 10:00:00
1784543400000,64322.0,64325.0,64211.3,64273.6,845.1933,2026-07-20 10:30:00
1784545200000,64273.6,64423.0,64239.9,64320.3,1027.3818,2026-07-20 11:00:00
1784547000000,64320.4,65050.0,64314.6,64970.8,6880.4926,2026-07-20 11:30:00
1784548800000,64970.9,64978.8,64641.5,64672.5,3521.2515,2026-07-20 12:00:00
1784550600000,64672.5,64722.5,64570.2,64622.1,1607.9996,2026-07-20 12:30:00
1784552400000,64622.1,64730.0,64506.0,64532.8,1231.2527,2026-07-20 13:00:00
1784554200000,64532.8,64746.8,64158.5,64313.1,5931.7726,2026-07-20 13:30:00
1784556000000,64313.2,64471.4,64040.9,64438.7,3727.7012,2026-07-20 14:00:00
1784557800000,64438.6,64554.5,64268.8,64393.6,1949.4636,2026-07-20 14:30:00
1784559600000,64393.6,64988.8,64390.0,64916.6,5184.9362,2026-07-20 15:00:00
1784561400000,64916.5,65710.0,64776.3,65569.7,11999.813,2026-07-20 15:30:00
1784563200000,65569.7,65606.7,65346.6,65417.2,3315.6314,2026-07-20 16:00:00
1784565000000,65417.1,65533.3,65311.9,65479.9,1948.1478,2026-07-20 16:30:00
1784566800000,65479.9,65544.6,65400.1,65478.6,1144.7236,2026-07-20 17:00:00
1784568600000,65478.5,65624.7,65315.4,65556.5,1546.4075,2026-07-20 17:30:00
1784570400000,65556.6,65770.4,65535.8,65561.1,2613.919,2026-07-20 18:00:00
1784572200000,65561.0,65561.1,65164.6,65207.0,2632.2376,2026-07-20 18:30:00
1784574000000,65206.9,65248.7,65028.0,65120.5,2345.6461,2026-07-20 19:00:00
1784575800000,65120.4,65150.0,65006.8,65110.9,1483.062,2026-07-20 19:30:00
1784577600000,65111.0,65299.7,65027.1,65255.7,869.2972,2026-07-20 20:00:00
1784579400000,65255.7,65418.0,65242.2,65338.1,837.3368,2026-07-20 20:30:00
1784581200000,65338.0,65338.0,65260.0,65274.5,336.9191,2026-07-20 21:00:00
1784583000000,65274.6,65415.3,65233.8,65254.6,863.6906,2026-07-20 21:30:00
1784584800000,65254.6,65259.8,65101.0,65191.1,800.1502,2026-07-20 22:00:00
1784586600000,65191.0,65206.1,65055.5,65118.2,687.5911,2026-07-20 22:30:00
1784588400000,65118.3,65238.9,65100.0,65213.5,532.4325,2026-07-20 23:00:00
1784590200000,65213.5,65247.6,65133.2,65224.1,490.9768,2026-07-20 23:30:00
1784592000000,65224.0,65396.3,65119.0,65320.2,1146.4671,2026-07-21 00:00:00
1784593800000,65320.1,65565.8,65320.1,65534.7,1330.6748,2026-07-21 00:30:00
1784595600000,65534.7,65640.9,65400.0,65413.6,1513.0694,2026-07-21 01:00:00
1784597400000,65413.6,65444.0,65200.1,65205.4,1395.4899,2026-07-21 01:30:00
1784599200000,65205.5,65392.0,65150.0,65236.2,1111.8983,2026-07-21 02:00:00
1784601000000,65236.1,65473.3,65236.1,65382.9,638.1097,2026-07-21 02:30:00
1784602800000,65382.9,65509.6,65376.4,65465.6,839.3886,2026-07-21 03:00:00
1784604600000,65465.6,65566.7,65415.1,65534.7,798.4354,2026-07-21 03:30:00
1784606400000,65534.7,65714.0,65476.3,65484.4,1889.0126,2026-07-21 04:00:00
1784608200000,65484.4,65544.0,65442.4,65489.1,713.039,2026-07-21 04:30:00
1784610000000,65489.0,65623.4,65455.9,65562.4,647.8925,2026-07-21 05:00:00
1784611800000,65562.5,65930.5,65530.1,65720.9,3521.4898,2026-07-21 05:30:00
1784613600000,65720.9,65824.2,65605.0,65790.0,1348.5651,2026-07-21 06:00:00
1784615400000,65790.1,65970.0,65777.9,65889.5,2624.8065,2026-07-21 06:30:00
1784617200000,65889.5,65994.5,65830.0,65935.1,1206.7183,2026-07-21 07:00:00
1784619000000,65935.1,66229.3,65918.0,66160.1,4602.0251,2026-07-21 07:30:00
1784620800000,66160.0,66324.2,66095.7,66185.0,3272.4206,2026-07-21 08:00:00
1784622600000,66185.0,66322.9,66150.0,66192.0,1598.6485,2026-07-21 08:30:00
1784624400000,66192.0,66214.6,66100.0,66199.7,1586.8266,2026-07-21 09:00:00
1784626200000,66199.6,66315.8,66189.9,66249.9,1195.5844,2026-07-21 09:30:00
1784628000000,66249.9,66379.9,66218.1,66365.5,1894.0766,2026-07-21 10:00:00
1784629800000,66365.6,66387.0,66143.8,66155.0,1636.8977,2026-07-21 10:30:00
1784631600000,66155.1,66227.6,66115.2,66204.6,1313.021,2026-07-21 11:00:00
1784633400000,66204.6,66324.9,66201.6,66314.9,960.7878,2026-07-21 11:30:00
1784635200000,66314.9,66499.9,66238.2,66428.0,2351.4616,2026-07-21 12:00:00
1784637000000,66428.1,66621.8,66392.1,66522.5,3018.1247,2026-07-21 12:30:00
1784638800000,66522.6,66636.6,66380.0,66403.7,2176.1091,2026-07-21 13:00:00
1784640600000,66403.7,66775.0,66283.7,66741.5,5543.522,2026-07-21 13:30:00
1784642400000,66741.4,66928.0,66611.7,66705.0,6144.7879,2026-07-21 14:00:00
1784644200000,66705.0,66880.0,66620.0,66803.3,1987.6918,2026-07-21 14:30:00
1784646000000,66803.4,66803.4,66588.0,66588.0,2026.0221,2026-07-21 15:00:00
1784647800000,66588.0,66688.0,66481.9,66650.0,1826.9885,2026-07-21 15:30:00
1784649600000,66650.0,66732.0,66488.0,66499.9,1317.7595,2026-07-21 16:00:00
1784651400000,66500.0,66625.0,66440.0,66510.4,1393.515,2026-07-21 16:30:00
1784653200000,66510.4,66541.9,66352.2,66421.8,1264.6429,2026-07-21 17:00:00
1784655000000,66421.7,66482.4,66015.3,66186.5,4265.3387,2026-07-21 17:30:00
1784656800000,66186.6,66309.1,66080.0,66217.6,1437.562,2026-07-21 18:00:00
1784658600000,66217.7,66365.0,66066.3,66296.7,1902.2196,2026-07-21 18:30:00
1784660400000,66296.6,66388.0,66240.0,66371.7,869.4897,2026-07-21 19:00:00
1784662200000,66371.6,66480.0,66356.6,66416.4,951.3939,2026-07-21 19:30:00
1784664000000,66416.3,66453.3,66334.3,66368.5,575.2077,2026-07-21 20:00:00
1784665800000,66368.5,66472.7,66368.5,66378.1,460.2377,2026-07-21 20:30:00
1784667600000,66378.1,66399.0,66277.0,66291.8,653.6688,2026-07-21 21:00:00
1784669400000,66291.8,66370.0,66261.6,66357.8,561.6234,2026-07-21 21:30:00
1784671200000,66357.8,66357.8,66156.2,66253.2,999.566,2026-07-21 22:00:00
1784673000000,66253.3,66316.9,66211.0,66278.3,377.3982,2026-07-21 22:30:00
1784674800000,66278.3,66374.0,66200.0,66374.0,533.5388,2026-07-21 23:00:00
1784676600000,66374.0,66546.7,66353.3,66519.8,1082.7825,2026-07-21 23:30:00
1784678400000,66519.8,66699.9,66506.0,66636.0,1526.1739,2026-07-22 00:00:00
1784680200000,66635.9,66710.0,66580.1,66592.7,1106.4741,2026-07-22 00:30:00
1784682000000,66592.7,66632.4,66297.0,66325.0,1957.2883,2026-07-22 01:00:00
1784683800000,66325.1,66474.2,66250.0,66405.7,936.1859,2026-07-22 01:30:00
1784685600000,66405.7,66514.6,66333.3,66376.0,1106.174,2026-07-22 02:00:00
1784687400000,66375.9,66375.9,66265.0,66285.4,810.407,2026-07-22 02:30:00
1784689200000,66285.5,66340.8,66147.1,66253.4,1221.0392,2026-07-22 03:00:00
1784691000000,66253.3,66337.9,66152.0,66180.1,865.9571,2026-07-22 03:30:00
1784692800000,66180.0,66375.9,66166.3,66340.1,933.0519,2026-07-22 04:00:00
1784694600000,66340.0,66398.0,66294.0,66349.6,531.9361,2026-07-22 04:30:00
1784696400000,66349.6,66349.7,65974.7,66039.1,3200.3155,2026-07-22 05:00:00
1784698200000,66039.0,66098.6,65905.0,65948.8,2030.2542,2026-07-22 05:30:00
1784700000000,65948.9,65993.7,65788.0,65824.9,2503.1628,2026-07-22 06:00:00
1784701800000,65824.8,65966.2,65794.1,65899.5,1203.184,2026-07-22 06:30:00
1784703600000,65899.6,65935.7,65804.8,65871.5,992.0211,2026-07-22 07:00:00
1784705400000,65871.5,65880.0,65654.2,65806.4,2106.086,2026-07-22 07:30:00
1784707200000,65806.4,66138.0,65806.4,65981.1,3633.0106,2026-07-22 08:00:00
1784709000000,65981.1,66039.6,65890.0,65946.6,1142.6198,2026-07-22 08:30:00
1784710800000,65946.7,66055.0,65928.6,65991.0,928.1084,2026-07-22 09:00:00
1784712600000,65991.0,65991.1,65814.0,65893.9,934.102,2026-07-22 09:30:00
1784714400000,65894.0,65958.0,65860.0,65937.6,921.3478,2026-07-22 10:00:00
1784716200000,65937.6,66088.0,65920.0,66023.4,2044.6104,2026-07-22 10:30:00
1784718000000,66023.3,66068.0,65951.8,66024.7,1134.2221,2026-07-22 11:00:00
1784719800000,66024.7,66045.2,65873.9,65992.1,1305.2887,2026-07-22 11:30:00
1784721600000,65992.1,65992.1,65823.3,65861.1,1544.2543,2026-07-22 12:00:00
1784723400000,65861.0,65885.8,65505.4,65606.7,4974.9254,2026-07-22 12:30:00
1784725200000,65606.6,65659.6,65538.6,65594.8,1739.0197,2026-07-22 13:00:00
1784727000000,65594.8,65957.6,65569.3,65920.8,3587.308,2026-07-22 13:30:00
1784728800000,65920.8,66184.5,65558.0,65591.3,5260.4078,2026-07-22 14:00:00
1784730600000,65591.3,65849.9,65555.0,65766.7,1985.6936,2026-07-22 14:30:00
1784732400000,65766.7,66100.0,65765.2,66046.5,3286.7974,2026-07-22 15:00:00
1784734200000,66046.5,66090.3,65909.1,66011.2,2088.6504,2026-07-22 15:30:00
1784736000000,66011.3,66122.0,65878.2,65992.0,1626.936,2026-07-22 16:00:00
1784737800000,65992.0,66396.6,65973.8,66192.9,3862.5832,2026-07-22 16:30:00
1784739600000,66192.9,66247.2,65908.0,65965.0,1232.0609,2026-07-22 17:00:00
1784741400000,65965.0,66215.5,65950.5,65993.7,1364.2221,2026-07-22 17:30:00
1784743200000,65993.6,66050.0,65808.0,65858.5,1340.0793,2026-07-22 18:00:00
1784745000000,65858.5,65916.4,65692.6,65862.0,1346.4396,2026-07-22 18:30:00
1784746800000,65862.1,65897.3,65664.4,65863.2,589.7496,2026-07-22 19:00:00
1784748600000,65863.1,65946.8,65812.1,65895.6,915.1559,2026-07-22 19:30:00
1784750400000,65895.5,65958.5,65760.1,65907.9,1241.4459,2026-07-22 20:00:00
1784752200000,65908.0,65920.0,65870.0,65893.4,296.3844,2026-07-22 20:30:00
1784754000000,65893.4,65920.0,65862.0,65881.7,271.4679,2026-07-22 21:00:00
1784755800000,65881.7,66099.9,65881.6,66045.1,801.4846,2026-07-22 21:30:00
1784757600000,66045.1,66050.0,65902.2,65997.9,568.9812,2026-07-22 22:00:00
1784759400000,65997.9,66022.2,65902.2,66017.7,364.1337,2026-07-22 22:30:00
1784761200000,66017.8,66046.7,65809.4,65941.3,646.2032,2026-07-22 23:00:00
1784763000000,65941.3,66111.0,65920.0,66080.8,502.3082,2026-07-22 23:30:00
1784764800000,66080.9,66288.0,66037.6,66220.7,1529.3773,2026-07-23 00:00:00
1784766600000,66220.7,66246.8,66021.8,66031.0,1080.2565,2026-07-23 00:30:00
1784768400000,66031.0,66186.9,65871.8,65900.1,1601.2239,2026-07-23 01:00:00
1784770200000,65900.1,65918.6,65723.0,65795.4,1401.9854,2026-07-23 01:30:00
1784772000000,65795.4,65811.6,65615.6,65713.1,1648.533,2026-07-23 02:00:00
1784773800000,65713.0,65809.0,65692.4,65777.3,754.6973,2026-07-23 02:30:00
1784775600000,65777.3,65792.0,65538.1,65601.4,2419.3759,2026-07-23 03:00:00
1784777400000,65601.3,65670.0,65591.3,65625.4,575.8708,2026-07-23 03:30:00
1784779200000,65625.3,65709.0,65557.0,65664.7,1070.0163,2026-07-23 04:00:00
1784781000000,65664.7,65670.5,65563.7,65584.7,645.1948,2026-07-23 04:30:00
1784782800000,65584.8,65689.9,65538.3,65689.9,751.529,2026-07-23 05:00:00
1784784600000,65690.0,65764.7,65609.6,65655.7,720.667,2026-07-23 05:30:00
1784786400000,65655.7,65712.0,65588.0,65711.9,605.5931,2026-07-23 06:00:00
1784788200000,65712.0,65784.9,65676.2,65757.1,584.6518,2026-07-23 06:30:00
1784790000000,65757.0,65757.1,65302.3,65404.5,3804.175,2026-07-23 07:00:00
1784791800000,65404.5,65429.7,65333.0,65408.5,1145.2722,2026-07-23 07:30:00
1784793600000,65408.4,65561.7,65379.2,65557.9,1703.5305,2026-07-23 08:00:00
1784795400000,65557.9,65626.8,65553.0,65597.4,974.0751,2026-07-23 08:30:00
1784797200000,65597.4,65722.9,65566.1,65681.9,1251.7282,2026-07-23 09:00:00
1784799000000,65681.9,65699.6,65587.4,65607.2,760.6595,2026-07-23 09:30:00
1784800800000,65607.1,65737.8,65553.0,65732.9,1055.6232,2026-07-23 10:00:00
1784802600000,65733.0,65753.8,65686.6,65700.0,861.9013,2026-07-23 10:30:00
1784804400000,65700.0,65709.6,65589.3,65595.4,745.7783,2026-07-23 11:00:00
1784806200000,65595.4,65612.3,65508.0,65530.0,806.3999,2026-07-23 11:30:00
1784808000000,65530.0,65556.7,65366.0,65391.9,1950.176,2026-07-23 12:00:00
1784809800000,65391.8,65391.9,64934.4,65131.5,6833.903,2026-07-23 12:30:00
1784811600000,65131.5,65192.8,64910.1,64993.6,2742.8601,2026-07-23 13:00:00
1784813400000,64993.5,65179.7,64823.0,64855.9,5094.3438,2026-07-23 13:30:00
1784815200000,64855.9,65191.7,64782.4,65116.3,3742.3416,2026-07-23 14:00:00
1784817000000,65116.3,65180.0,64814.0,64879.8,2049.6045,2026-07-23 14:30:00
1784818800000,64879.8,64930.0,64681.4,64831.3,4612.6792,2026-07-23 15:00:00
1784820600000,64831.4,64995.3,64780.5,64927.6,1514.7247,2026-07-23 15:30:00
1784822400000,64927.5,64931.1,64715.7,64792.0,1821.4725,2026-07-23 16:00:00
1784824200000,64792.0,64804.6,64652.4,64727.4,1670.9918,2026-07-23 16:30:00
1784826000000,64727.5,64861.4,64696.1,64823.2,1974.7135,2026-07-23 17:00:00
1784827800000,64823.2,64877.8,64606.0,64646.1,1611.0365,2026-07-23 17:30:00
1784829600000,64646.0,64808.9,64646.0,64787.5,925.0792,2026-07-23 18:00:00
1784831400000,64787.4,64920.0,64750.0,64837.8,825.4718,2026-07-23 18:30:00
1784833200000,64837.8,64903.9,64721.9,64865.3,773.8977,2026-07-23 19:00:00
1784835000000,64865.4,64900.0,64666.9,64817.9,1293.8732,2026-07-23 19:30:00
1784836800000,64817.9,65155.0,64807.3,65130.0,1716.8112,2026-07-23 20:00:00
1784838600000,65129.9,65138.3,65067.1,65108.7,524.8792,2026-07-23 20:30:00
1784840400000,65108.8,65173.2,64968.0,65083.5,1068.3224,2026-07-23 21:00:00
1784842200000,65083.5,65137.5,65029.0,65137.4,741.1094,2026-07-23 21:30:00
1784844000000,65137.5,65185.0,64978.4,65105.9,1505.323,2026-07-23 22:00:00
1784845800000,65105.9,65190.0,65100.7,65160.4,535.3468,2026-07-23 22:30:00
1784847600000,65160.3,65184.8,65106.4,65141.6,940.5618,2026-07-23 23:00:00
1784849400000,65141.7,65172.9,65010.5,65066.0,706.0838,2026-07-23 23:30:00
1784851200000,65066.0,65076.0,64840.5,64841.5,2221.7936,2026-07-24 00:00:00
1784853000000,64841.5,64940.7,64720.0,64940.6,1513.2817,2026-07-24 00:30:00
1784854800000,64940.7,65096.1,64906.0,64993.6,1211.3043,2026-07-24 01:00:00
1784856600000,64993.6,65138.0,64988.5,65039.2,824.4151,2026-07-24 01:30:00
1784858400000,65039.1,65153.7,65016.0,65112.7,751.4914,2026-07-24 02:00:00
1784860200000,65112.6,65112.7,64882.5,65085.5,1122.2926,2026-07-24 02:30:00
1784862000000,65085.6,65368.0,65036.8,65290.1,2909.9802,2026-07-24 03:00:00
1784863800000,65290.2,65430.0,65234.1,65418.5,1676.616,2026-07-24 03:30:00
1784865600000,65418.5,65432.0,65291.7,65381.9,1619.6083,2026-07-24 04:00:00
1784867400000,65381.9,65384.9,65235.6,65284.4,942.5693,2026-07-24 04:30:00
1784869200000,65284.3,65365.0,65214.6,65302.3,640.1402,2026-07-24 05:00:00
1784871000000,65302.3,65307.2,65233.0,65283.9,455.4796,2026-07-24 05:30:00
1784872800000,65283.8,65468.3,65245.6,65420.8,1237.9294,2026-07-24 06:00:00
1784874600000,65420.8,65488.4,65360.4,65444.1,900.2766,2026-07-24 06:30:00
1784876400000,65444.2,65780.6,65443.5,65616.7,4676.4253,2026-07-24 07:00:00
1784878200000,65616.6,65668.5,65337.9,65470.5,2599.0245,2026-07-24 07:30:00
1784880000000,65470.6,65481.3,65276.2,65363.2,1248.7803,2026-07-24 08:00:00
1784881800000,65363.1,65423.9,65275.4,65277.8,716.3994,2026-07-24 08:30:00
1784883600000,65277.7,65293.3,64923.4,64940.3,3320.9821,2026-07-24 09:00:00
1784885400000,64940.2,65123.5,64935.2,65084.6,1783.8779,2026-07-24 09:30:00
1784887200000,65084.6,65136.2,64932.1,64982.2,1183.5039,2026-07-24 10:00:00
1784889000000,64982.2,65026.7,64860.9,64919.9,1106.3052,2026-07-24 10:30:00
1784890800000,64919.9,65033.3,64885.1,64995.1,1004.1987,2026-07-24 11:00:00
1784892600000,64995.1,65071.7,64820.0,65049.9,1731.7963,2026-07-24 11:30:00
1784894400000,65049.8,65098.6,64953.7,64988.6,1255.7139,2026-07-24 12:00:00
1784896200000,64988.7,65029.9,64735.0,64750.1,2014.9771,2026-07-24 12:30:00
1784898000000,64750.0,64774.9,64313.5,64353.5,7656.466,2026-07-24 13:00:00
1784899800000,64353.5,64416.4,63885.4,64121.0,10034.0417,2026-07-24 13:30:00
1784901600000,64121.0,64172.7,63700.0,63833.5,7652.0623,2026-07-24 14:00:00
1784903400000,63833.5,64032.9,63710.0,64032.8,4749.9593,2026-07-24 14:30:00
1784905200000,64032.9,64172.0,63825.0,64100.3,3214.6282,2026-07-24 15:00:00
1784907000000,64100.3,64310.4,64007.4,64060.9,6343.7298,2026-07-24 15:30:00
1784908800000,64060.8,64174.3,63983.4,64058.5,1312.0724,2026-07-24 16:00:00
1784910600000,64058.4,64058.4,63850.5,63928.0,1620.613,2026-07-24 16:30:00
1784912400000,63928.1,64121.9,63878.0,64071.4,1644.7464,2026-07-24 17:00:00
1784914200000,64071.5,64182.4,64058.1,64154.1,698.7796,2026-07-24 17:30:00
1784916000000,64154.2,64192.8,64086.4,64109.9,1000.3251,2026-07-24 18:00:00
1784917800000,64110.0,64272.3,64094.9,64239.0,1252.0785,2026-07-24 18:30:00
1784919600000,64239.0,64255.5,64105.5,64166.1,843.8729,2026-07-24 19:00:00
1784921400000,64166.2,64240.0,64136.4,64196.2,699.6255,2026-07-24 19:30:00
1784923200000,64196.2,64250.0,64161.2,64202.5,335.2914,2026-07-24 20:00:00
1784925000000,64202.4,64202.5,64094.7,64138.4,622.1055,2026-07-24 20:30:00
1784926800000,64138.3,64190.0,64100.6,64140.2,531.9384,2026-07-24 21:00:00
1784928600000,64140.2,64174.1,64089.5,64115.7,544.7624,2026-07-24 21:30:00
1784930400000,64115.7,64143.6,64092.6,64139.4,309.3953,2026-07-24 22:00:00
1784932200000,64139.5,64189.9,64132.5,64132.5,233.8374,2026-07-24 22:30:00
1784934000000,64132.6,64150.0,64112.1,64146.2,188.2168,2026-07-24 23:00:00
1784935800000,64146.2,64149.9,64105.0,64119.7,182.9611,2026-07-24 23:30:00
1784937600000,64119.6,64148.8,64107.0,64130.5,257.1951,2026-07-25 00:00:00
1784939400000,64130.4,64140.7,63984.8,64040.4,869.1325,2026-07-25 00:30:00
1784941200000,64040.4,64127.3,63970.6,64014.4,852.428,2026-07-25 01:00:00
1784943000000,64014.4,64113.6,64000.0,64031.4,527.6094,2026-07-25 01:30:00
1784944800000,64031.4,64064.8,63990.7,64020.2,364.8975,2026-07-25 02:00:00
1784946600000,64020.3,64027.2,63981.3,64010.5,358.9705,2026-07-25 02:30:00
1784948400000,64010.5,64073.7,63981.7,64042.6,453.7983,2026-07-25 03:00:00
1784950200000,64042.7,64065.7,64010.6,64045.0,182.5266,2026-07-25 03:30:00
1784952000000,64044.9,64099.9,64044.9,64070.4,239.0269,2026-07-25 04:00:00
1784953800000,64070.4,64169.1,64051.0,64150.1,812.0076,2026-07-25 04:30:00
1784955600000,64150.1,64166.4,64108.8,64112.4,411.7443,2026-07-25 05:00:00
1784957400000,64112.3,64112.4,63952.5,63987.5,843.743,2026-07-25 05:30:00
1784959200000,63987.6,64033.1,63961.0,63981.1,534.2604,2026-07-25 06:00:00
1784961000000,63981.1,63998.4,63933.0,63985.2,640.7203,2026-07-25 06:30:00
1784962800000,63985.2,64011.6,63964.8,63996.0,318.2961,2026-07-25 07:00:00
1784964600000,63996.0,64006.5,63970.9,63973.1,337.8513,2026-07-25 07:30:00
1784966400000,63973.1,63974.7,63891.7,63961.4,582.6153,2026-07-25 08:00:00
1784968200000,63961.4,63974.6,63769.1,63843.7,1908.1134,2026-07-25 08:30:00
1784970000000,63843.7,63907.9,63793.9,63906.4,677.7819,2026-07-25 09:00:00
1784971800000,63906.4,63994.6,63888.8,63969.9,552.9506,2026-07-25 09:30:00
1784973600000,63970.0,64018.6,63970.0,63997.1,405.2615,2026-07-25 10:00:00
1784975400000,63997.1,64036.7,63958.6,64036.7,771.6932,2026-07-25 10:30:00
1784977200000,64036.6,64059.5,64011.4,64045.0,374.2489,2026-07-25 11:00:00
1784979000000,64045.0,64076.9,64012.6,64028.1,412.0522,2026-07-25 11:30:00
1784980800000,64028.2,64045.4,64000.1,64005.1,288.5997,2026-07-25 12:00:00
1784982600000,64005.1,64087.0,63996.7,64082.0,522.9974,2026-07-25 12:30:00
1784984400000,64081.9,64100.0,64067.3,64092.6,504.9494,2026-07-25 13:00:00
1784986200000,64092.6,64256.0,64077.7,64136.9,2470.3946,2026-07-25 13:30:00
1784988000000,64136.9,64160.1,64084.9,64129.7,727.0162,2026-07-25 14:00:00
1784989800000,64129.8,64189.2,64129.8,64180.1,548.2871,2026-07-25 14:30:00
1784991600000,64180.0,64248.0,64153.8,64182.2,934.4456,2026-07-25 15:00:00
1784993400000,64182.2,64208.0,64140.0,64152.5,308.9938,2026-07-25 15:30:00
1784995200000,64152.5,64184.7,64092.2,64110.1,494.8454,2026-07-25 16:00:00
1784997000000,64110.1,64220.0,64110.0,64186.1,305.0335,2026-07-25 16:30:00
1784998800000,64186.0,64253.3,64166.4,64241.6,434.028,2026-07-25 17:00:00
1785000600000,64241.6,64326.9,64218.0,64237.9,1314.697,2026-07-25 17:30:00
1785002400000,64237.9,64398.7,64237.9,64387.9,1309.3904,2026-07-25 18:00:00
1785004200000,64387.9,64428.5,64352.3,64392.3,1067.5195,2026-07-25 18:30:00
1785006000000,64392.4,64414.5,64365.8,64379.7,420.474,2026-07-25 19:00:00
1785007800000,64379.7,64406.9,64356.5,64362.7,227.145,2026-07-25 19:30:00
1785009600000,64362.8,64368.5,64310.8,64346.6,429.5079,2026-07-25 20:00:00
1785011400000,64346.6,64346.7,64285.2,64303.2,353.7539,2026-07-25 20:30:00
1785013200000,64303.3,64306.0,64225.2,64268.4,373.6919,2026-07-25 21:00:00
1785015000000,64268.4,64399.6,64268.3,64317.1,569.2296,2026-07-25 21:30:00
1785016800000,64317.2,64389.3,64317.1,64358.7,300.5061,2026-07-25 22:00:00
1785018600000,64358.6,64394.1,64328.4,64374.2,284.9026,2026-07-25 22:30:00
1785020400000,64374.2,64395.7,64360.0,64373.3,338.6196,2026-07-25 23:00:00
1785022200000,64373.2,64394.2,64333.7,64344.3,257.1772,2026-07-25 23:30:00
1785024000000,64344.3,64470.6,64318.7,64441.6,692.1318,2026-07-26 00:00:00
1785025800000,64441.7,64477.5,64367.1,64477.4,541.3611,2026-07-26 00:30:00
1785027600000,64477.5,64512.2,64433.4,64447.1,632.7318,2026-07-26 01:00:00
1785029400000,64447.0,64471.9,64415.7,64435.0,823.8029,2026-07-26 01:30:00
1785031200000,64435.0,64442.1,64392.3,64442.0,331.0072,2026-07-26 02:00:00
1785033000000,64442.1,64493.4,64389.0,64486.8,547.7057,2026-07-26 02:30:00
1785034800000,64486.9,64547.0,64449.6,64519.9,713.754,2026-07-26 03:00:00
1785036600000,64520.0,64545.8,64493.2,64514.2,445.1123,2026-07-26 03:30:00
1785038400000,64514.2,64519.7,64454.6,64517.7,281.1544,2026-07-26 04:00:00
1785040200000,64517.7,64565.0,64484.5,64493.5,531.6529,2026-07-26 04:30:00
1785042000000,64493.5,64493.6,64452.2,64452.2,374.8928,2026-07-26 05:00:00
1785043800000,64452.2,64452.3,64377.0,64385.8,784.0797,2026-07-26 05:30:00
1785045600000,64385.8,64406.2,64255.3,64277.4,1280.0872,2026-07-26 06:00:00
1785047400000,64277.3,64424.0,64269.0,64413.1,653.9954,2026-07-26 06:30:00
1785049200000,64413.1,64437.7,64333.5,64345.1,829.6299,2026-07-26 07:00:00
1785051000000,64345.0,64355.0,64321.2,64348.6,452.0308,2026-07-26 07:30:00
1785052800000,64348.5,64385.7,64324.1,64369.9,278.0269,2026-07-26 08:00:00
1785054600000,64370.0,64465.0,64364.4,64449.9,396.5608,2026-07-26 08:30:00
1785056400000,64450.0,64520.0,64449.0,64502.3,557.0035,2026-07-26 09:00:00
1785058200000,64502.4,64516.0,64477.4,64500.4,423.8484,2026-07-26 09:30:00
1785060000000,64500.4,64510.0,64456.3,64488.4,635.6367,2026-07-26 10:00:00
1785061800000,64488.5,64544.3,64479.5,64479.5,504.957,2026-07-26 10:30:00
1785063600000,64479.6,64500.0,64463.1,64463.1,280.5422,2026-07-26 11:00:00
1785065400000,64463.2,64481.9,64451.2,64477.7,294.4204,2026-07-26 11:30:00
1785067200000,64477.6,64637.9,64477.6,64546.3,1583.3032,2026-07-26 12:00:00
1785069000000,64546.3,64548.3,64395.5,64432.6,691.3022,2026-07-26 12:30:00
1785070800000,64432.6,64485.0,64380.6,64442.8,693.7924,2026-07-26 13:00:00
1785072600000,64442.8,64542.8,64422.4,64494.1,796.9922,2026-07-26 13:30:00
1785074400000,64494.1,64744.8,64494.1,64604.9,3013.1719,2026-07-26 14:00:00
1785076200000,64604.9,64723.5,64590.8,64683.9,1070.4752,2026-07-26 14:30:00
1785078000000,64684.0,64768.1,64642.7,64732.6,1794.0627,2026-07-26 15:00:00
1785079800000,64732.7,64798.4,64699.5,64737.2,943.8333,2026-07-26 15:30:00
1785081600000,64737.2,64789.8,64670.7,64773.0,1071.5145,2026-07-26 16:00:00
1785083400000,64773.0,64918.4,64703.6,64703.7,1924.4196,2026-07-26 16:30:00
1785085200000,64703.6,64771.0,64638.8,64689.4,762.0898,2026-07-26 17:00:00
1785087000000,64689.4,64728.0,64640.1,64664.8,347.9577,2026-07-26 17:30:00
1785088800000,64664.7,64681.4,64638.1,64659.8,252.4029,2026-07-26 18:00:00
1785090600000,64659.8,64748.2,64649.1,64709.2,215.8808,2026-07-26 18:30:00
1785092400000,64709.3,64724.0,64641.4,64698.6,232.5194,2026-07-26 19:00:00
1785094200000,64698.6,64735.6,64670.1,64672.7,223.0284,2026-07-26 19:30:00
1785096000000,64672.6,64678.7,64600.6,64625.4,314.3885,2026-07-26 20:00:00
1785097800000,64625.3,64647.2,64620.9,64621.9,154.4883,2026-07-26 20:30:00
1785099600000,64622.0,64840.0,64621.8,64794.0,554.6694,2026-07-26 21:00:00
1785101400000,64794.0,64888.0,64759.7,64823.7,493.4189,2026-07-26 21:30:00
1785103200000,64823.8,65280.0,64823.8,65198.4,5177.0815,2026-07-26 22:00:00
1785105000000,65198.3,65480.0,65178.6,65381.1,3680.4868,2026-07-26 22:30:00
1785106800000,65381.2,65576.7,65290.0,65311.0,3215.0711,2026-07-26 23:00:00
1785108600000,65311.0,65442.2,65228.5,65379.3,1085.6142,2026-07-26 23:30:00
1785110400000,65379.3,65402.9,65080.0,65165.1,2345.6917,2026-07-27 00:00:00
1785112200000,65165.1,65200.0,65021.1,65098.9,1029.3826,2026-07-27 00:30:00
1785114000000,65098.9,65175.0,64961.6,64991.6,1511.3449,2026-07-27 01:00:00
1785115800000,64991.7,65189.0,64866.5,65175.5,1736.9017,2026-07-27 01:30:00
1785117600000,65175.4,65215.0,65120.0,65154.6,798.4565,2026-07-27 02:00:00
1785119400000,65154.6,65256.7,65083.8,65149.0,685.2108,2026-07-27 02:30:00
1785121200000,65149.1,65317.5,65141.9,65283.8,1083.5435,2026-07-27 03:00:00
1785123000000,65283.9,65338.6,65223.2,65257.5,845.1296,2026-07-27 03:30:00
1785124800000,65257.5,65473.5,65216.8,65294.5,1278.2888,2026-07-27 04:00:00
1785126600000,65294.6,65411.7,65218.4,65255.5,630.6763,2026-07-27 04:30:00
1785128400000,65255.6,65409.0,65252.1,65382.6,649.6225,2026-07-27 05:00:00
1785130200000,65382.6,65469.9,65323.5,65434.8,685.4431,2026-07-27 05:30:00
1785132000000,65434.7,65740.0,65422.9,65471.5,4605.0333,2026-07-27 06:00:00
1785133800000,65471.4,65560.0,65380.0,65387.2,894.0786,2026-07-27 06:30:00
1785135600000,65387.2,65423.6,65320.5,65388.1,1028.1003,2026-07-27 07:00:00
1785137400000,65388.1,65388.1,65173.2,65198.9,1761.9133,2026-07-27 07:30:00
1785139200000,65199.0,65239.3,65100.0,65212.3,1616.1616,2026-07-27 08:00:00
1785141000000,65212.2,65215.3,65103.0,65140.1,748.3486,2026-07-27 08:30:00
1785142800000,65140.0,65210.5,65076.0,65205.8,1072.7308,2026-07-27 09:00:00
1785144600000,65205.8,65322.6,65183.8,65238.9,1217.7423,2026-07-27 09:30:00
1785146400000,65238.8,65372.9,65210.5,65329.5,650.1099,2026-07-27 10:00:00
1785148200000,65329.6,65412.2,65306.2,65314.8,655.6558,2026-07-27 10:30:00
1785150000000,65314.7,65314.8,65102.1,65102.1,959.9832,2026-07-27 11:00:00
1785151800000,65102.1,65191.5,65061.3,65081.9,1092.3574,2026-07-27 11:30:00
1785153600000,65081.9,65230.1,64978.0,64981.1,2375.9884,2026-07-27 12:00:00
1785155400000,64981.0,65120.0,64808.7,65065.0,3695.0034,2026-07-27 12:30:00
1785157200000,65064.9,65101.5,64881.0,64913.4,1720.8372,2026-07-27 13:00:00
1785159000000,64913.4,65682.5,64908.6,65185.7,8203.9332,2026-07-27 13:30:00
1785160800000,65185.7,65399.9,64838.0,64838.0,4482.9276,2026-07-27 14:00:00
1785162600000,64838.1,64850.0,64415.0,64660.1,7595.4687,2026-07-27 14:30:00
1785164400000,64660.0,64748.9,64521.3,64619.3,1883.6513,2026-07-27 15:00:00
1785166200000,64619.3,64666.8,64382.3,64520.0,2471.6558,2026-07-27 15:30:00
1785168000000,64520.0,64769.0,64483.7,64700.1,1768.449,2026-07-27 16:00:00
1785169800000,64700.1,64946.7,64700.1,64874.0,3170.4667,2026-07-27 16:30:00
1785171600000,64874.0,65033.0,64750.0,64977.3,1909.3697,2026-07-27 17:00:00
1785173400000,64977.3,65060.1,64920.1,64992.8,1469.8733,2026-07-27 17:30:00
1785175200000,64992.8,65030.0,64810.0,64888.1,801.9373,2026-07-27 18:00:00
1785177000000,64888.1,64904.7,64720.2,64850.3,1474.6399,2026-07-27 18:30:00
1785178800000,64850.4,65005.0,64774.4,64969.4,926.7329,2026-07-27 19:00:00
1785180600000,64969.4,65056.0,64891.0,64957.1,674.262,2026-07-27 19:30:00
1785182400000,64957.2,65028.6,64872.2,64990.0,419.1829,2026-07-27 20:00:00
1785184200000,64990.0,65000.0,64873.9,64942.3,345.9954,2026-07-27 20:30:00
1785186000000,64942.4,64942.4,64791.7,64803.3,339.5122,2026-07-27 21:00:00
1785187800000,64803.3,64861.6,64769.9,64796.1,443.6442,2026-07-27 21:30:00
1785189600000,64796.0,64796.1,64542.3,64571.3,1306.7426,2026-07-27 22:00:00
1785191400000,64571.4,64571.4,63756.2,63756.4,7546.7115,2026-07-27 22:30:00
1785193200000,63756.5,63931.7,63566.0,63852.4,6751.3306,2026-07-27 23:00:00
1785195000000,63852.4,63899.9,63600.1,63727.4,2327.411,2026-07-27 23:30:00
1785196800000,63727.4,63798.0,63448.0,63674.8,3724.6433,2026-07-28 00:00:00
1785198600000,63674.8,63684.3,63428.0,63449.1,1793.8091,2026-07-28 00:30:00
1785200400000,63449.0,63501.7,63011.0,63272.2,7548.1907,2026-07-28 01:00:00
1785202200000,63272.1,63359.5,63135.0,63188.7,1469.2538,2026-07-28 01:30:00
1785204000000,63188.8,63268.0,63115.4,63193.3,1202.1244,2026-07-28 02:00:00
1785205800000,63193.3,63211.7,63068.0,63145.3,1259.2117,2026-07-28 02:30:00
1785207600000,63145.4,63311.8,63133.0,63257.9,1668.9759,2026-07-28 03:00:00
1785209400000,63258.0,63341.6,63201.3,63312.6,965.3516,2026-07-28 03:30:00
1785211200000,63312.5,63330.0,63249.5,63253.4,1107.8547,2026-07-28 04:00:00
1785213000000,63253.4,63324.7,63185.5,63323.5,719.86,2026-07-28 04:30:00
1785214800000,63323.6,63599.9,63289.8,63520.5,3055.2414,2026-07-28 05:00:00
1785216600000,63520.4,63535.8,63400.2,63418.3,767.1589,2026-07-28 05:30:00
1785218400000,63418.4,63505.7,63363.3,63490.0,1036.0631,2026-07-28 06:00:00
1785220200000,63490.0,63635.0,63471.3,63605.4,1253.0652,2026-07-28 06:30:00
1785222000000,63605.4,63627.6,63487.3,63540.4,1198.4933,2026-07-28 07:00:00
1785223800000,63540.3,63544.0,63415.1,63468.5,867.9638,2026-07-28 07:30:00
1785225600000,63468.4,63507.0,63393.6,63449.0,704.3639,2026-07-28 08:00:00
1785227400000,63449.0,63497.8,63373.0,63395.0,1004.0087,2026-07-28 08:30:00
1785229200000,63395.0,63464.3,63355.9,63461.0,529.6627,2026-07-28 09:00:00
1785231000000,63461.0,63546.0,63328.6,63362.8,919.4023,2026-07-28 09:30:00
1785232800000,63362.7,63400.0,63257.0,63351.3,1595.5566,2026-07-28 10:00:00
1785234600000,63351.3,63520.0,63333.3,63435.8,1200.784,2026-07-28 10:30:00
1785236400000,63435.8,63566.4,63312.0,63418.9,1321.7294,2026-07-28 11:00:00
1785238200000,63418.9,63550.0,63332.1,63423.0,935.6384,2026-07-28 11:30:00
1785240000000,63423.1,63500.0,63382.6,63396.0,791.027,2026-07-28 12:00:00
1785241800000,63396.0,63545.6,63333.0,63513.1,1425.8789,2026-07-28 12:30:00
1785243600000,63513.1,63558.0,63269.8,63274.3,1281.1659,2026-07-28 13:00:00
1785245400000,63274.2,63364.9,62700.1,63079.8,8558.882,2026-07-28 13:30:00
1785247200000,63079.7,63283.2,62923.5,63160.9,2989.8516,2026-07-28 14:00:00
1785249000000,63160.9,63520.0,63121.4,63385.3,3394.1619,2026-07-28 14:30:00
1785250800000,63385.3,63950.1,63236.0,63723.1,5400.3192,2026-07-28 15:00:00
1785252600000,63723.1,63997.7,63669.4,63895.2,3488.1464,2026-07-28 15:30:00
1785254400000,63895.3,63926.4,63763.4,63801.7,1594.4974,2026-07-28 16:00:00
1785256200000,63801.6,64077.9,63743.0,64013.4,1874.2739,2026-07-28 16:30:00
1785258000000,64013.5,64013.5,63658.9,63701.2,1828.465,2026-07-28 17:00:00
1785259800000,63701.2,63705.4,63458.9,63662.9,2023.1182,2026-07-28 17:30:00
1785261600000,63662.9,63823.2,63644.8,63672.8,1210.2357,2026-07-28 18:00:00
1785263400000,63672.9,63779.8,63637.2,63707.4,480.9514,2026-07-28 18:30:00
1785265200000,63707.4,63830.9,63700.0,63730.3,748.0606,2026-07-28 19:00:00
1785267000000,63730.3,63880.0,63653.5,63873.0,774.4834,2026-07-28 19:30:00
1785268800000,63873.0,63999.0,63850.0,63874.3,1185.5708,2026-07-28 20:00:00
1785270600000,63874.4,63924.4,63852.2,63888.9,324.7789,2026-07-28 20:30:00
1785272400000,63888.9,63965.9,63865.7,63895.9,329.974,2026-07-28 21:00:00
1785274200000,63895.9,64047.8,63873.1,63947.5,516.3198,2026-07-28 21:30:00
1785276000000,63947.5,63996.3,63883.2,63888.9,471.7274,2026-07-28 22:00:00
1785277800000,63888.8,63888.8,63732.5,63750.4,673.0999,2026-07-28 22:30:00
1785279600000,63750.4,63763.7,63522.0,63613.7,1278.8742,2026-07-28 23:00:00
1785281400000,63613.7,63924.2,63612.9,63900.2,1823.263,2026-07-28 23:30:00
1785283200000,63900.1,64179.8,63896.1,63984.9,2206.2671,2026-07-29 00:00:00
1785285000000,63984.9,64160.9,63833.5,63920.0,1660.6077,2026-07-29 00:30:00
1785286800000,63919.9,63970.0,63740.4,63875.8,1460.0972,2026-07-29 01:00:00
1785288600000,63875.8,63906.9,63651.3,63671.1,1189.1299,2026-07-29 01:30:00
1785290400000,63671.0,63993.0,63616.0,63993.0,1720.0911,2026-07-29 02:00:00
1785292200000,63992.9,64100.0,63880.7,63949.8,1687.1408,2026-07-29 02:30:00
1785294000000,63949.9,63975.8,63756.0,63766.9,1261.2389,2026-07-29 03:00:00
1785295800000,63766.9,63844.4,63677.0,63721.6,1369.7223,2026-07-29 03:30:00
1785297600000,63721.7,63812.4,63562.4,63780.8,1576.7211,2026-07-29 04:00:00
1785299400000,63780.8,63945.3,63742.8,63938.6,914.2529,2026-07-29 04:30:00
1785301200000,63938.5,63989.5,63853.3,63920.3,1996.9797,2026-07-29 05:00:00
1785303000000,63920.4,64066.7,63890.0,64035.3,1418.7999,2026-07-29 05:30:00
1785304800000,64035.2,64370.0,63983.9,64368.1,3149.5454,2026-07-29 06:00:00
1785306600000,64368.2,64435.0,64349.7,64400.3,2426.8322,2026-07-29 06:30:00
1785308400000,64400.4,64476.0,64373.4,64476.0,1289.4964,2026-07-29 07:00:00
1785310200000,64475.9,64555.0,64406.3,64534.7,1765.1913,2026-07-29 07:30:00
1785312000000,64534.7,64553.5,64257.1,64275.5,1895.2492,2026-07-29 08:00:00
1785313800000,64275.4,64496.0,64250.5,64389.7,1312.1037,2026-07-29 08:30:00
1785315600000,64389.7,64449.9,64350.1,64430.9,707.5152,2026-07-29 09:00:00
1785317400000,64431.0,64743.8,64431.0,64669.5,3147.5282,2026-07-29 09:30:00
1785319200000,64669.5,64691.2,64579.2,64596.4,1491.8774,2026-07-29 10:00:00
1785321000000,64596.4,64653.0,64381.0,64444.4,1801.2699,2026-07-29 10:30:00
1785322800000,64444.4,64576.9,64411.7,64470.0,946.9864,2026-07-29 11:00:00
1785324600000,64470.1,64489.7,64395.0,64487.9,775.666,2026-07-29 11:30:00
1785326400000,64487.9,64488.0,64250.5,64314.9,1366.3493,2026-07-29 12:00:00
1785328200000,64314.8,64355.0,64162.7,64253.9,1610.6393,2026-07-29 12:30:00
1785330000000,64253.8,64312.9,64078.4,64181.6,2637.8385,2026-07-29 13:00:00
1785331800000,64181.5,64646.0,64119.5,64639.4,4921.6232,2026-07-29 13:30:00
1785333600000,64639.4,64697.3,64080.0,64170.6,3528.707,2026-07-29 14:00:00
1785335400000,64170.6,64288.0,64023.0,64083.0,2679.9654,2026-07-29 14:30:00
1785337200000,64083.0,64175.0,63926.5,64075.0,2379.5712,2026-07-29 15:00:00
1785339000000,64075.0,64163.7,63846.2,63942.9,2186.2288,2026-07-29 15:30:00
1785340800000,63942.9,64127.9,63873.1,64003.0,1768.4588,2026-07-29 16:00:00
1785342600000,64003.0,64062.5,63587.8,63787.9,4218.2719,2026-07-29 16:30:00
1785344400000,63787.9,63854.1,63691.1,63733.7,1145.1226,2026-07-29 17:00:00
1785346200000,63733.8,64280.0,63704.5,64252.8,2363.7099,2026-07-29 17:30:00
1785348000000,64252.7,64664.0,63966.0,64076.2,7943.4004,2026-07-29 18:00:00
1785349800000,64076.2,64616.0,63739.3,64481.8,5437.2181,2026-07-29 18:30:00
1785351600000,64481.7,64576.0,63935.4,64013.0,3845.854,2026-07-29 19:00:00
1785353400000,64013.0,64096.7,63476.8,63554.3,4055.6889,2026-07-29 19:30:00
1785355200000,63554.2,63688.0,63336.0,63494.5,3227.2728,2026-07-29 20:00:00
1785357000000,63494.4,63711.6,63441.8,63483.2,1029.6844,2026-07-29 20:30:00
1785358800000,63483.2,63544.8,63226.5,63538.4,2500.5579,2026-07-29 21:00:00
1785360600000,63538.4,63827.6,63497.1,63827.6,1440.612,2026-07-29 21:30:00
1785362400000,63827.6,64098.0,63825.8,64009.0,2957.5728,2026-07-29 22:00:00
1785364200000,64009.0,64020.0,63871.0,63906.9,745.2141,2026-07-29 22:30:00
1785366000000,63907.0,64045.7,63862.8,63973.6,915.6622,2026-07-29 23:00:00
1785367800000,63973.5,64025.6,63894.8,63955.1,761.1441,2026-07-29 23:30:00
1785369600000,63955.0,64088.0,63930.0,63976.4,820.4299,2026-07-30 00:00:00
1785371400000,63976.5,63984.2,63580.0,63672.2,2189.9752,2026-07-30 00:30:00
1785373200000,63672.2,63860.0,63655.1,63810.0,1511.4768,2026-07-30 01:00:00
1785375000000,63810.0,64385.0,63810.0,64241.1,3489.7093,2026-07-30 01:30:00
1785376800000,64241.2,64391.8,64210.1,64328.9,1214.8606,2026-07-30 02:00:00
1785378600000,64328.9,64329.0,64121.8,64161.1,1133.5482,2026-07-30 02:30:00
1785380400000,64161.1,64282.9,64100.0,64240.9,1001.4411,2026-07-30 03:00:00
1785382200000,64241.0,64241.0,64113.0,64137.7,913.8552,2026-07-30 03:30:00
1785384000000,64137.8,64159.7,64069.0,64076.6,727.0629,2026-07-30 04:00:00
1785385800000,64076.7,64143.1,63978.7,63999.9,834.8946,2026-07-30 04:30:00
1785387600000,63999.8,64013.5,63882.6,63989.0,1208.0694,2026-07-30 05:00:00
1785389400000,63989.1,64162.9,63962.5,64016.0,986.8913,2026-07-30 05:30:00
1785391200000,64016.1,64065.1,63941.2,64059.3,549.3987,2026-07-30 06:00:00
1785393000000,64059.2,64059.3,63922.2,63973.9,686.6487,2026-07-30 06:30:00
1785394800000,63973.9,64121.7,63964.0,64034.0,882.5554,2026-07-30 07:00:00
1785396600000,64034.0,64043.5,63912.5,63980.4,664.551,2026-07-30 07:30:00
1785398400000,63980.5,64322.8,63950.0,64237.0,1168.8967,2026-07-30 08:00:00
1785400200000,64237.0,64328.2,64200.3,64277.6,934.5606,2026-07-30 08:30:00
1785402000000,64277.6,64498.1,64255.0,64463.1,1896.9817,2026-07-30 09:00:00
1785403800000,64463.0,64619.7,64463.0,64543.5,3017.4079,2026-07-30 09:30:00
1785405600000,64543.5,64605.0,64529.8,64600.0,1016.1733,2026-07-30 10:00:00
1785407400000,64600.1,64600.1,64536.2,64546.5,846.2816,2026-07-30 10:30:00
1785409200000,64546.6,64643.5,64504.9,64547.9,1042.6073,2026-07-30 11:00:00
1785411000000,64547.9,64870.8,64522.3,64757.5,3498.5468,2026-07-30 11:30:00
1785412800000,64757.4,65000.0,64755.9,64851.5,3454.5428,2026-07-30 12:00:00
1785414600000,64851.5,64916.5,64806.4,64886.2,1568.482,2026-07-30 12:30:00
1785416400000,64886.3,64936.2,64779.6,64799.9,1426.2486,2026-07-30 13:00:00
1785418200000,64799.9,65158.0,64654.7,64996.5,6174.8211,2026-07-30 13:30:00
1785420000000,64996.6,65016.9,64590.7,64745.1,3748.59,2026-07-30 14:00:00
1785421800000,64745.2,64840.0,64610.0,64650.0,1349.9237,2026-07-30 14:30:00
1785423600000,64650.0,64861.1,64573.2,64661.0,1523.508,2026-07-30 15:00:00
1785425400000,64660.9,64772.1,64610.7,64706.0,755.5033,2026-07-30 15:30:00
1785427200000,64705.9,64938.1,64700.6,64859.7,1296.5168,2026-07-30 16:00:00
1785429000000,64859.8,64875.0,64739.2,64790.7,476.4335,2026-07-30 16:30:00
1785430800000,64790.7,64937.0,64744.1,64909.8,811.3612,2026-07-30 17:00:00
1785432600000,64909.7,64967.2,64793.3,64843.0,900.6648,2026-07-30 17:30:00
1785434400000,64843.0,64869.0,64720.8,64770.1,386.6285,2026-07-30 18:00:00
1785436200000,64770.0,64794.4,64662.3,64674.5,417.3375,2026-07-30 18:30:00
1785438000000,64674.6,64874.2,64674.5,64858.3,805.0787,2026-07-30 19:00:00
1785439800000,64858.2,64858.5,64749.1,64776.9,462.0913,2026-07-30 19:30:00
1785441600000,64777.5,64911.6,64735.2,64766.9,818.6068,2026-07-30 20:00:00
1785443400000,64767.0,64856.1,64725.2,64745.7,650.1043,2026-07-30 20:30:00
1785445200000,64745.7,64775.0,64705.0,64717.6,345.8687,2026-07-30 21:00:00
1785447000000,64717.7,64772.1,64678.1,64706.7,627.7057,2026-07-30 21:30:00
1785448800000,64706.7,64972.0,64637.5,64969.9,1240.7443,2026-07-30 22:00:00
1785450600000,64970.0,64995.6,64810.0,64825.7,700.4615,2026-07-30 22:30:00
1785452400000,64825.6,64924.9,64804.8,64907.5,454.1357,2026-07-30 23:00:00
1785454200000,64907.5,65060.4,64714.7,64757.6,1909.6981,2026-07-30 23:30:00
1785456000000,64757.6,64878.3,64707.7,64750.0,809.9451,2026-07-31 00:00:00
1785457800000,64749.9,64799.0,64667.1,64704.2,896.7906,2026-07-31 00:30:00
1785459600000,64704.3,65390.8,64704.3,65156.6,6406.3595,2026-07-31 01:00:00
1785461400000,65156.6,65164.5,64426.1,64535.8,5642.9213,2026-07-31 01:30:00
1785463200000,64535.7,64586.8,64323.0,64332.7,2661.3777,2026-07-31 02:00:00
1785465000000,64332.7,64396.6,64167.0,64275.8,3369.6401,2026-07-31 02:30:00
1785466800000,64275.8,64409.8,64146.1,64357.8,1554.6767,2026-07-31 03:00:00
1785468600000,64357.8,64416.0,64272.7,64340.2,1095.902,2026-07-31 03:30:00
1785470400000,64340.2,64415.8,64200.7,64310.0,1024.7328,2026-07-31 04:00:00
1785472200000,64309.9,64340.0,64254.2,64279.3,480.3349,2026-07-31 04:30:00
1785474000000,64279.3,64393.0,64279.3,64299.3,824.699,2026-07-31 05:00:00
1785475800000,64299.3,64336.3,64240.0,64320.9,612.0053,2026-07-31 05:30:00
1785477600000,64320.8,64426.0,64284.9,64426.0,569.5662,2026-07-31 06:00:00
1785479400000,64425.9,64466.7,64160.7,64203.1,1718.8666,2026-07-31 06:30:00
1785481200000,64203.0,64212.3,63944.0,63960.0,3939.8516,2026-07-31 07:00:00
1785483000000,63960.0,63999.4,63819.2,63903.7,3637.1351,2026-07-31 07:30:00
1785484800000,63903.8,63949.5,63820.6,63926.6,1518.4555,2026-07-31 08:00:00
1785486600000,63926.6,63926.6,63777.0,63798.0,1626.8486,2026-07-31 08:30:00
1785488400000,63797.9,63814.2,63658.0,63666.9,1821.1057,2026-07-31 09:00:00
1785490200000,63666.9,63727.7,63601.3,63689.2,1927.8028,2026-07-31 09:30:00
1785492000000,63689.2,63798.9,63565.0,63789.1,1482.2913,2026-07-31 10:00:00
1785493800000,63789.2,63927.6,63789.1,63891.2,2211.0249,2026-07-31 10:30:00
1785495600000,63891.2,63987.1,63828.3,63870.8,1412.2069,2026-07-31 11:00:00
1785497400000,63870.8,63874.6,63751.5,63778.5,715.866,2026-07-31 11:30:00
1785499200000,63778.6,63807.1,63674.0,63729.4,1031.3628,2026-07-31 12:00:00
1785501000000,63729.4,63743.3,63600.0,63733.4,1289.5361,2026-07-31 12:30:00
1785502800000,63733.4,63812.0,63690.7,63800.0,1144.7837,2026-07-31 13:00:00
1785504600000,63800.0,63800.0,63209.0,63242.7,7954.7424,2026-07-31 13:30:00
1785506400000,63242.6,63284.6,62410.5,62618.0,17174.0647,2026-07-31 14:00:00
1785508200000,62618.0,62796.3,62573.8,62664.7,5013.6655,2026-07-31 14:30:00
1785510000000,62664.6,62696.2,62463.0,62562.8,2400.6891,2026-07-31 15:00:00
1785511800000,62562.7,62744.5,62537.2,62691.4,2183.7001,2026-07-31 15:30:00
1785513600000,62691.3,62909.9,62680.0,62895.3,2151.2081,2026-07-31 16:00:00
1785515400000,62895.4,62898.7,62780.8,62845.2,768.8538,2026-07-31 16:30:00
1785517200000,62845.2,62978.0,62768.8,62950.1,1881.8516,2026-07-31 17:00:00
1785519000000,62950.0,63260.0,62928.2,63211.9,2006.5779,2026-07-31 17:30:00
1785520800000,63212.0,63269.3,63021.1,63026.4,1432.4954,2026-07-31 18:00:00
1785522600000,63026.4,63156.0,62931.1,63065.2,1080.6771,2026-07-31 18:30:00
1785524400000,63065.1,63134.7,62992.4,62993.0,523.1742,2026-07-31 19:00:00
1785526200000,62993.0,63035.1,62902.1,62947.3,986.7344,2026-07-31 19:30:00
1785528000000,62947.3,63010.0,62913.7,62977.3,491.1059,2026-07-31 20:00:00
1785529800000,62977.3,62988.1,62888.0,62933.1,835.6027,2026-07-31 20:30:00
1785531600000,62933.1,63019.0,62815.2,62989.5,568.616,2026-07-31 21:00:00
1785533400000,62989.5,63032.9,62891.8,62924.9,610.3132,2026-07-31 21:30:00
1785535200000,62924.8,62995.3,62836.5,62958.3,510.3669,2026-07-31 22:00:00
1785537000000,62958.3,62974.2,62875.8,62916.9,411.6186,2026-07-31 22:30:00
1785538800000,62916.9,62986.0,62915.2,62952.6,413.1775,2026-07-31 23:00:00
1785540600000,62952.6,62965.0,62830.8,62858.0,457.4412,2026-07-31 23:30:00
1785542400000,62858.0,62974.1,62858.0,62944.5,608.0327,2026-08-01 00:00:00
1785544200000,62944.6,63011.1,62907.7,62910.6,650.7741,2026-08-01 00:30:00
1785546000000,62910.5,62970.0,62895.9,62926.0,614.4687,2026-08-01 01:00:00
1785547800000,62926.0,62956.8,62900.7,62946.4,254.2403,2026-08-01 01:30:00
1785549600000,62946.4,63061.6,62946.4,63043.3,505.8503,2026-08-01 02:00:00
1785551400000,63043.2,63074.0,63020.0,63043.1,662.0559,2026-08-01 02:30:00
1785553200000,63043.1,63047.1,62938.3,62985.7,347.5264,2026-08-01 03:00:00
1785555000000,62985.8,63002.8,62950.0,62976.1,371.88,2026-08-01 03:30:00
1785556800000,62976.0,63026.0,62967.3,63018.0,213.0884,2026-08-01 04:00:00
1785558600000,63018.0,63073.3,63014.4,63072.0,225.594,2026-08-01 04:30:00
1785560400000,63072.0,63108.6,63019.7,63062.9,733.4373,2026-08-01 05:00:00
1785562200000,63062.9,63071.8,62963.4,63001.0,366.0244,2026-08-01 05:30:00
1785564000000,63001.0,63046.5,62961.2,63035.8,368.7972,2026-08-01 06:00:00
1785565800000,63035.8,63050.0,63026.4,63046.9,150.7973,2026-08-01 06:30:00
1785567600000,63046.9,63081.0,63035.8,63036.9,240.8908,2026-08-01 07:00:00
1785569400000,63037.0,63037.0,63000.0,63021.0,365.9148,2026-08-01 07:30:00
1785571200000,63021.0,63078.3,63020.9,63066.2,218.3285,2026-08-01 08:00:00
1785573000000,63066.1,63125.4,63061.7,63096.5,308.8281,2026-08-01 08:30:00
1785574800000,63096.4,63118.1,63068.3,63083.9,252.7735,2026-08-01 09:00:00
1785576600000,63084.0,63088.9,63004.4,63019.6,301.2837,2026-08-01 09:30:00
1785578400000,63019.6,63092.7,62953.0,63015.2,717.3614,2026-08-01 10:00:00
1785580200000,63015.2,63049.6,62990.6,63029.9,212.4495,2026-08-01 10:30:00
1785582000000,63029.9,63052.8,63007.5,63047.8,201.7469,2026-08-01 11:00:00
1785583800000,63047.8,63061.8,63033.0,63042.9,200.2235,2026-08-01 11:30:00
1785585600000,63042.9,63090.0,63042.9,63065.9,443.8109,2026-08-01 12:00:00
1785587400000,63065.8,63072.6,63046.9,63062.3,237.1207,2026-08-01 12:30:00
1785589200000,63062.4,63067.9,63047.4,63047.4,242.5386,2026-08-01 13:00:00
1785591000000,63047.4,63061.8,63013.2,63031.9,295.9673,2026-08-01 13:30:00
1785592800000,63031.9,63096.4,63031.8,63082.7,287.221,2026-08-01 14:00:00
1785594600000,63082.7,63099.9,63046.4,63099.8,402.1055,2026-08-01 14:30:00
1785596400000,63099.9,63099.9,63021.4,63028.6,243.1917,2026-08-01 15:00:00
1785598200000,63028.7,63032.2,62974.6,62974.6,394.1489,2026-08-01 15:30:00
1785600000000,62974.6,62978.9,62888.9,62924.2,1097.8906,2026-08-01 16:00:00
1785601800000,62924.2,63009.4,62842.5,62906.2,793.4213,2026-08-01 16:30:00
1785603600000,62906.2,62973.9,62763.3,62813.9,1049.1617,2026-08-01 17:00:00
1785605400000,62814.0,62825.0,62620.9,62687.9,1636.9722,2026-08-01 17:30:00
1785607200000,62687.8,62715.0,62473.5,62544.5,1965.4279,2026-08-01 18:00:00
1785609000000,62544.4,62557.2,62227.0,62543.2,4836.9654,2026-08-01 18:30:00
1785610800000,62543.2,62597.2,62451.5,62511.9,1054.6969,2026-08-01 19:00:00
1785612600000,62511.9,62557.4,62414.0,62496.5,859.4069,2026-08-01 19:30:00
1785614400000,62496.5,62617.5,62450.0,62583.2,1057.3632,2026-08-01 20:00:00
1785616200000,62583.1,62640.8,62525.0,62629.9,366.7554,2026-08-01 20:30:00
1785618000000,62630.0,62771.3,62629.9,62759.6,868.2301,2026-08-01 21:00:00
1785619800000,62759.5,62830.5,62731.2,62785.7,581.6767,2026-08-01 21:30:00
1785621600000,62785.6,62836.0,62760.0,62828.4,411.0057,2026-08-01 22:00:00
1785623400000,62828.4,62828.7,62800.0,62800.1,338.6556,2026-08-01 22:30:00
1785625200000,62800.1,62827.7,62734.4,62737.0,428.6126,2026-08-01 23:00:00
1785627000000,62737.0,62809.1,62736.9,62788.9,539.441,2026-08-01 23:30:00
1785628800000,62788.9,62961.8,62788.9,62852.9,1479.3379,2026-08-02 00:00:00
1785630600000,62852.9,62885.8,62783.4,62809.8,410.0695,2026-08-02 00:30:00
1785632400000,62809.7,63075.5,62809.7,62957.6,1088.4238,2026-08-02 01:00:00
1785634200000,62957.6,62997.6,62950.6,62960.0,428.0387,2026-08-02 01:30:00
1785636000000,62960.0,63556.1,62928.1,63374.1,6108.4146,2026-08-02 02:00:00
1785637800000,63374.2,63451.1,63292.6,63419.5,1862.3366,2026-08-02 02:30:00
1785639600000,63419.4,63532.7,63350.8,63416.2,1168.6311,2026-08-02 03:00:00
1785641400000,63416.2,63485.0,63394.6,63435.0,605.9643,2026-08-02 03:30:00
1785643200000,63435.1,63531.3,63435.0,63512.6,824.8988,2026-08-02 04:00:00
1785645000000,63512.7,63587.0,63488.4,63549.3,704.5558,2026-08-02 04:30:00
1785646800000,63549.3,63618.3,63421.5,63464.3,1087.6048,2026-08-02 05:00:00
1785648600000,63464.3,63464.3,63388.0,63427.9,1001.1371,2026-08-02 05:30:00
1785650400000,63427.9,63467.3,63400.0,63466.2,502.1797,2026-08-02 06:00:00
1785652200000,63466.2,63475.6,63437.6,63458.0,263.6363,2026-08-02 06:30:00
1785654000000,63458.0,63465.0,63450.9,63454.9,209.354,2026-08-02 07:00:00
1785655800000,63454.9,63512.4,63444.0,63461.6,585.1751,2026-08-02 07:30:00
1785657600000,63461.6,63500.0,63360.1,63360.1,762.6576,2026-08-02 08:00:00
1785659400000,63360.1,63363.0,63127.9,63164.1,3306.0595,2026-08-02 08:30:00
1785661200000,63164.1,63283.3,63040.0,63198.1,1779.3167,2026-08-02 09:00:00
1785663000000,63198.1,63283.8,63195.0,63238.4,654.8746,2026-08-02 09:30:00
1785664800000,63238.3,63238.4,63077.2,63107.6,1594.7033,2026-08-02 10:00:00
1785666600000,63107.7,63178.9,63107.7,63164.1,421.2873,2026-08-02 10:30:00
1785668400000,63164.2,63168.0,63081.6,63121.6,447.6401,2026-08-02 11:00:00
1785670200000,63121.7,63150.0,62936.5,62998.3,1467.3469,2026-08-02 11:30:00
1785672000000,62998.4,63200.0,62998.3,63147.9,1379.6905,2026-08-02 12:00:00
1785673800000,63147.9,63184.0,63074.1,63088.1,752.2607,2026-08-02 12:30:00
1785675600000,63088.1,63110.8,63019.3,63054.9,522.2479,2026-08-02 13:00:00
1785677400000,63054.9,63104.7,62971.5,63097.5,760.7397,2026-08-02 13:30:00
1785679200000,63097.6,63133.0,63033.0,63099.9,469.7944,2026-08-02 14:00:00
1785681000000,63100.0,63154.8,63031.0,63040.9,643.0978,2026-08-02 14:30:00
1785682800000,63040.9,63107.1,63020.0,63093.6,485.7905,2026-08-02 15:00:00
1785684600000,63093.6,63153.6,63076.4,63080.6,315.3507,2026-08-02 15:30:00
1785686400000,63080.7,63112.9,63036.0,63087.1,307.2351,2026-08-02 16:00:00
1785688200000,63087.1,63237.4,63072.6,63157.9,881.2459,2026-08-02 16:30:00
1785690000000,63157.9,63318.4,63121.7,63257.9,570.4728,2026-08-02 17:00:00
1785691800000,63258.0,63315.0,63258.0,63277.3,803.1187,2026-08-02 17:30:00
1785693600000,63277.2,63310.0,63261.0,63261.0,312.4364,2026-08-02 18:00:00
1785695400000,63261.1,63585.0,63261.1,63353.6,1922.4092,2026-08-02 18:30:00
1785697200000,63353.6,63363.9,63303.4,63304.6,448.1849,2026-08-02 19:00:00
1785699000000,63304.5,63455.6,63304.5,63426.8,367.9093,2026-08-02 19:30:00
1785700800000,63426.9,63469.6,63371.7,63380.1,293.575,2026-08-02 20:00:00
1785702600000,63380.0,63470.0,63380.0,63462.8,332.2777,2026-08-02 20:30:00
1785704400000,63462.8,63540.0,63446.5,63510.6,899.9052,2026-08-02 21:00:00
1785706200000,63510.7,63763.0,63475.0,63546.5,1836.9046,2026-08-02 21:30:00
1785708000000,63546.6,63779.8,63539.8,63568.4,1428.0458,2026-08-02 22:00:00
1785709800000,63568.3,63577.6,63345.0,63390.1,1418.563,2026-08-02 22:30:00
1785711600000,63390.0,63520.0,63316.8,63508.1,843.8744,2026-08-02 23:00:00
1785713400000,63508.1,63569.2,63454.2,63545.7,617.1525,2026-08-02 23:30:00
1785715200000,63545.7,63566.0,63222.0,63227.0,1628.9948,2026-08-03 00:00:00
1785717000000,63227.1,63393.7,63170.9,63290.0,891.1121,2026-08-03 00:30:00
1785718800000,63289.9,63320.9,63080.0,63148.1,1535.6799,2026-08-03 01:00:00
1785720600000,63148.0,63224.6,63130.0,63186.9,969.3815,2026-08-03 01:30:00
1785722400000,63186.9,63276.3,63063.2,63100.0,1060.2622,2026-08-03 02:00:00
1785724200000,63100.0,63190.6,63081.4,63110.8,699.6967,2026-08-03 02:30:00
1785726000000,63110.7,63143.0,63036.0,63047.6,853.5898,2026-08-03 03:00:00
1785727800000,63047.6,63065.1,62742.5,62838.6,3008.1363,2026-08-03 03:30:00
1785729600000,62838.5,62952.1,62781.2,62941.1,1167.4635,2026-08-03 04:00:00
1785731400000,62941.1,62975.4,62727.0,62763.9,1269.1389,2026-08-03 04:30:00
1785733200000,62763.8,62849.8,62717.4,62786.9,1358.5453,2026-08-03 05:00:00
1785735000000,62786.9,62835.7,62743.2,62800.0,648.072,2026-08-03 05:30:00
1785736800000,62800.0,62841.9,62728.1,62767.4,691.9616,2026-08-03 06:00:00
1785738600000,62767.3,62812.4,62581.1,62599.9,2042.0527,2026-08-03 06:30:00
1785740400000,62599.9,62654.1,62520.3,62612.5,1343.7646,2026-08-03 07:00:00
1785742200000,62612.5,62673.0,62544.8,62591.2,1151.315,2026-08-03 07:30:00
1785744000000,62591.2,62620.0,62295.0,62308.6,3335.8261,2026-08-03 08:00:00
1785745800000,62308.5,62516.4,62268.0,62509.5,2050.4733,2026-08-03 08:30:00
1785747600000,62509.5,62640.6,62490.7,62618.0,1380.3412,2026-08-03 09:00:00
1785749400000,62618.0,62835.0,62591.4,62803.8,1762.0804,2026-08-03 09:30:00
1785751200000,62803.8,62834.6,62703.1,62709.6,1587.7566,2026-08-03 10:00:00
1785753000000,62709.6,62749.7,62573.8,62714.2,1285.251,2026-08-03 10:30:00
1785754800000,62714.2,62748.2,62545.6,62669.5,827.1908,2026-08-03 11:00:00
1785756600000,62669.5,62748.3,62503.2,62524.9,1056.2645,2026-08-03 11:30:00
1785758400000,62524.9,62666.8,62410.3,62597.5,1992.4673,2026-08-03 12:00:00
1785760200000,62597.5,62772.0,62580.0,62672.6,1264.9308,2026-08-03 12:30:00
1785762000000,62672.5,62975.4,62664.5,62739.2,2843.4322,2026-08-03 13:00:00
1785763800000,62739.1,63367.0,62525.8,63321.8,7189.1996,2026-08-03 13:30:00
1785765600000,63321.8,63775.5,63100.0,63737.6,9134.2361,2026-08-03 14:00:00
1785767400000,63737.6,63989.9,63606.5,63938.1,8010.985,2026-08-03 14:30:00
1785769200000,63938.1,63971.8,63630.0,63680.1,3610.6303,2026-08-03 15:00:00
1785771000000,63680.1,63880.0,63612.7,63659.7,2276.2321,2026-08-03 15:30:00
1785772800000,63659.8,63915.0,63630.0,63872.9,2164.7492,2026-08-03 16:00:00
1785774600000,63872.9,63872.9,63680.0,63741.8,895.5597,2026-08-03 16:30:00
1785776400000,63741.8,64050.0,63680.0,63793.7,2566.5606,2026-08-03 17:00:00
1785778200000,63793.7,63925.0,63763.4,63879.9,853.2467,2026-08-03 17:30:00
1785780000000,63879.9,63987.5,63769.7,63818.7,1311.4752,2026-08-03 18:00:00
1785781800000,63818.8,63898.6,63722.4,63830.7,1232.5077,2026-08-03 18:30:00
1785783600000,63830.8,63974.7,63805.7,63931.0,664.8602,2026-08-03 19:00:00
1785785400000,63931.1,64048.1,63818.1,63828.8,1127.7405,2026-08-03 19:30:00
1785787200000,63828.9,63995.1,63781.9,63916.6,596.4011,2026-08-03 20:00:00
1785789000000,63916.6,63916.6,63736.0,63758.1,673.3078,2026-08-03 20:30:00
1785790800000,63758.1,63760.1,63654.1,63694.8,1285.7642,2026-08-03 21:00:00
1785792600000,63694.8,63704.1,63520.0,63559.2,1546.9647,2026-08-03 21:30:00
1785794400000,63559.1,63656.5,63365.0,63504.6,1997.419,2026-08-03 22:00:00
1785796200000,63504.5,63617.4,63470.5,63589.7,635.3397,2026-08-03 22:30:00
1785798000000,63589.8,63597.4,63500.0,63554.4,435.9626,2026-08-03 23:00:00
1785799800000,63554.5,63554.5,63439.8,63503.5,647.242,2026-08-03 23:30:00
1785801600000,63503.5,63570.4,63362.3,63424.7,987.8085,2026-08-04 00:00:00
1785803400000,63424.6,63454.0,63296.0,63335.8,1191.8669,2026-08-04 00:30:00
1785805200000,63335.9,63550.8,63335.8,63505.2,1219.0496,2026-08-04 01:00:00
1785807000000,63505.2,63905.9,63505.1,63815.7,2623.223,2026-08-04 01:30:00
1785808800000,63815.8,63841.8,63651.0,63662.2,1014.5031,2026-08-04 02:00:00
1785810600000,63662.3,63958.5,63651.0,63792.2,1368.426,2026-08-04 02:30:00
1785812400000,63792.3,63808.3,63616.2,63745.1,898.614,2026-08-04 03:00:00
1785814200000,63745.1,63831.7,63745.1,63764.3,415.6597,2026-08-04 03:30:00
1785816000000,63764.2,63850.0,63720.8,63804.1,595.8835,2026-08-04 04:00:00
1785817800000,63804.1,64249.1,63804.0,64013.2,5193.6343,2026-08-04 04:30:00
1785819600000,64013.2,64033.0,63786.3,63797.2,1872.623,2026-08-04 05:00:00
1785821400000,63797.1,63843.0,63767.3,63785.0,698.6202,2026-08-04 05:30:00
1785823200000,63785.0,63845.8,63733.3,63740.0,711.8001,2026-08-04 06:00:00
1785825000000,63740.0,63758.6,63628.8,63653.5,1248.4475,2026-08-04 06:30:00
1785826800000,63653.5,63653.5,63481.4,63625.6,1241.4783,2026-08-04 07:00:00
1785828600000,63625.5,63747.4,63615.0,63666.2,1084.9634,2026-08-04 07:30:00
1785830400000,63666.2,63733.0,63561.8,63597.9,742.899,2026-08-04 08:00:00
1785832200000,63598.0,63606.1,63535.1,63558.2,569.4927,2026-08-04 08:30:00
1785834000000,63558.3,63578.5,63490.0,63551.6,547.7962,2026-08-04 09:00:00
1785835800000,63551.6,63591.1,63499.8,63583.2,389.1778,2026-08-04 09:30:00
1785837600000,63583.1,63591.4,63430.5,63450.0,903.3791,2026-08-04 10:00:00
1785839400000,63450.1,63825.6,63440.0,63741.2,1940.4633,2026-08-04 10:30:00
1785841200000,63741.2,63857.1,63689.0,63760.0,938.2054,2026-08-04 11:00:00
1785843000000,63760.0,63929.3,63697.3,63893.5,1279.7828,2026-08-04 11:30:00
1785844800000,63893.4,63893.5,63760.6,63814.8,808.2125,2026-08-04 12:00:00
1785846600000,63815.0,64100.0,63786.9,63882.8,3072.6052,2026-08-04 12:30:00
1785848400000,63882.8,63999.0,63823.5,63865.8,1366.9288,2026-08-04 13:00:00
1785850200000,63865.7,64080.0,63628.1,63662.5,4838.1886,2026-08-04 13:30:00
1785852000000,63662.6,63913.6,63581.2,63861.6,2783.4102,2026-08-04 14:00:00
1785853800000,63861.7,64178.7,63822.4,64095.6,3584.1553,2026-08-04 14:30:00
1785855600000,64095.7,64199.0,63891.0,63920.0,1779.3458,2026-08-04 15:00:00
1785857400000,63920.0,64211.0,63777.6,64088.0,3548.9845,2026-08-04 15:30:00
1785859200000,64088.1,64105.5,63939.6,63993.9,1160.8862,2026-08-04 16:00:00
1785861000000,63993.9,64025.0,63860.1,63929.3,1071.0369,2026-08-04 16:30:00
1785862800000,63929.4,64155.0,63929.3,64130.5,1265.7599,2026-08-04 17:00:00
1785864600000,64130.6,64150.0,63864.3,63943.4,837.7566,2026-08-04 17:30:00
1785866400000,63943.4,64388.0,63937.9,64331.9,3004.8768,2026-08-04 18:00:00
1785868200000,64332.0,64375.0,64180.2,64272.1,1010.4327,2026-08-04 18:30:00
1785870000000,64272.1,64337.9,64230.0,64250.9,578.995,2026-08-04 19:00:00
1785871800000,64250.9,64387.5,64176.8,64198.0,962.3572,2026-08-04 19:30:00
1785873600000,64197.9,64215.4,63975.0,64096.8,1586.5415,2026-08-04 20:00:00
1785875400000,64096.8,64398.8,64096.8,64314.0,1379.661,2026-08-04 20:30:00
1785877200000,64314.0,64314.1,64160.9,64225.7,638.2419,2026-08-04 21:00:00
1785879000000,64225.7,64244.6,64140.0,64164.0,294.8719,2026-08-04 21:30:00
1785880800000,64163.9,64240.0,64103.5,64225.6,566.1746,2026-08-04 22:00:00
1785882600000,64225.6,64260.0,64134.3,64238.7,383.8876,2026-08-04 22:30:00
1785884400000,64238.8,64534.5,64151.1,64151.1,4347.6809,2026-08-04 23:00:00
1785886200000,64151.2,64245.2,64059.1,64078.0,1146.1175,2026-08-04 23:30:00
1785888000000,64078.1,64083.0,63980.0,64042.3,1120.016,2026-08-05 00:00:00
1785889800000,64042.3,64169.3,63956.6,63967.9,1107.2874,2026-08-05 00:30:00
1785891600000,63967.9,64093.1,63925.0,64089.9,973.8416,2026-08-05 01:00:00
1785893400000,64089.9,64318.8,64089.9,64312.0,1174.8764,2026-08-05 01:30:00
1785895200000,64312.0,64496.2,64293.0,64389.5,2258.7359,2026-08-05 02:00:00
1785897000000,64389.6,64459.0,64334.8,64337.0,776.4191,2026-08-05 02:30:00
1785898800000,64337.1,64415.0,64033.4,64033.5,2037.4481,2026-08-05 03:00:00
1785900600000,64033.5,64169.0,64021.2,64157.5,944.2851,2026-08-05 03:30:00
1785902400000,64157.4,64179.9,64059.8,64136.8,831.4231,2026-08-05 04:00:00
1785904200000,64136.8,64196.6,64087.6,64146.2,541.0251,2026-08-05 04:30:00
1785906000000,64146.2,64500.0,64132.5,64401.7,1605.7988,2026-08-05 05:00:00
1785907800000,64401.7,64404.5,64276.3,64305.0,785.4685,2026-08-05 05:30:00
1785909600000,64305.0,64339.6,64252.1,64280.0,513.6522,2026-08-05 06:00:00
1785911400000,64280.0,64342.9,64205.0,64232.0,431.6726,2026-08-05 06:30:00
1785913200000,64232.1,64254.1,64025.1,64057.1,1759.2857,2026-08-05 07:00:00
1785915000000,64057.0,64143.2,63963.3,64143.1,1538.7873,2026-08-05 07:30:00
1785916800000,64143.2,64248.9,64111.0,64247.9,1173.0781,2026-08-05 08:00:00
1785918600000,64248.0,64256.6,64060.8,64101.5,1095.0489,2026-08-05 08:30:00
1785920400000,64101.5,64169.5,64077.7,64133.6,544.7178,2026-08-05 09:00:00
1785922200000,64133.6,64189.0,64123.2,64133.1,300.298,2026-08-05 09:30:00
1785924000000,64133.1,64212.9,64050.0,64180.1,618.7068,2026-08-05 10:00:00
1785925800000,64180.2,64209.7,63988.0,64038.0,951.6724,2026-08-05 10:30:00
1785927600000,64038.0,64093.3,64004.4,64044.9,878.4133,2026-08-05 11:00:00
1785929400000,64044.9,64117.4,64025.1,64048.0,597.2359,2026-08-05 11:30:00
1785931200000,64048.0,64580.3,64015.9,64488.7,4370.8612,2026-08-05 12:00:00
1785933000000,64488.7,64515.8,64289.5,64300.1,2203.7925,2026-08-05 12:30:00
1785934800000,64300.1,64315.3,64072.9,64115.1,2710.4203,2026-08-05 13:00:00
1785936600000,64115.1,64397.1,63840.0,64378.9,7060.6156,2026-08-05 13:30:00
1785938400000,64378.8,64543.2,64271.5,64319.6,3603.1356,2026-08-05 14:00:00
1785940200000,64319.5,64505.0,64260.0,64440.0,2232.294,2026-08-05 14:30:00
1785942000000,64440.0,64720.0,64411.4,64463.8,4845.1139,2026-08-05 15:00:00
1785943800000,64463.8,64681.5,64350.0,64351.0,1785.2849,2026-08-05 15:30:00
1785945600000,64351.1,64746.5,64350.2,64716.5,2726.2063,2026-08-05 16:00:00
1785947400000,64716.6,64727.0,64579.6,64634.6,1354.3624,2026-08-05 16:30:00
1785949200000,64634.7,64668.7,64508.0,64580.6,1165.3423,2026-08-05 17:00:00
1785951000000,64580.6,64784.8,64557.9,64736.5,2628.8494,2026-08-05 17:30:00
1785952800000,64736.6,64800.0,64638.6,64692.1,1644.1039,2026-08-05 18:00:00
1785954600000,64692.1,64827.3,64647.8,64763.6,899.4547,2026-08-05 18:30:00
1785956400000,64763.7,64890.0,64746.4,64880.1,2010.1798,2026-08-05 19:00:00
1785958200000,64880.0,64927.6,64810.0,64810.0,1905.7542,2026-08-05 19:30:00
1785960000000,64810.0,65026.0,64775.0,64957.5,3911.2897,2026-08-05 20:00:00
1785961800000,64957.5,64972.0,64804.2,64806.7,778.022,2026-08-05 20:30:00
1785963600000,64806.7,64806.8,64627.0,64650.0,1243.4776,2026-08-05 21:00:00
1785965400000,64649.9,64742.4,64643.9,64704.7,891.3474,2026-08-05 21:30:00
1785967200000,64704.7,64749.8,64620.0,64710.1,845.4977,2026-08-05 22:00:00
1785969000000,64710.0,64760.0,64600.3,64608.8,589.4499,2026-08-05 22:30:00
1785970800000,64608.8,64729.4,64551.9,64666.4,855.1803,2026-08-05 23:00:00
1785972600000,64666.4,64683.0,64562.5,64626.8,811.1372,2026-08-05 23:30:00
1785974400000,64626.8,64688.0,64534.0,64670.1,1130.0767,2026-08-06 00:00:00
1785976200000,64670.1,64720.0,64595.0,64617.0,938.3403,2026-08-06 00:30:00
1785978000000,64617.0,64625.0,64488.0,64495.0,723.0381,2026-08-06 01:00:00
1785979800000,64495.0,64638.0,64463.5,64561.5,626.4011,2026-08-06 01:30:00
1785981600000,64561.6,64627.5,64408.0,64503.9,1814.877,2026-08-06 02:00:00
1785983400000,64504.0,64575.4,64455.0,64560.2,555.8075,2026-08-06 02:30:00
1785985200000,64560.2,64560.3,64483.8,64515.7,385.1034,2026-08-06 03:00:00
1785987000000,64515.6,64556.5,64467.4,64502.1,393.0917,2026-08-06 03:30:00
1785988800000,64502.2,64688.0,64470.0,64675.9,873.9111,2026-08-06 04:00:00
1785990600000,64676.0,64704.7,64599.6,64703.9,760.7649,2026-08-06 04:30:00
1785992400000,64704.0,64980.0,64703.9,64866.6,2578.4714,2026-08-06 05:00:00
1785994200000,64866.5,64888.8,64822.3,64884.6,940.158,2026-08-06 05:30:00
1785996000000,64884.7,64884.7,64713.3,64803.7,872.6916,2026-08-06 06:00:00
1785997800000,64803.8,64836.0,64781.8,64835.9,499.7822,2026-08-06 06:30:00
1785999600000,64835.9,64939.9,64796.5,64870.7,871.7599,2026-08-06 07:00:00
1786001400000,64870.8,64880.0,64747.1,64788.2,724.1654,2026-08-06 07:30:00
1786003200000,64788.2,64876.8,64726.2,64876.7,693.7026,2026-08-06 08:00:00
1786005000000,64876.8,64975.0,64841.0,64912.4,882.8769,2026-08-06 08:30:00
1786006800000,64912.5,64918.0,64700.0,64709.7,1208.9394,2026-08-06 09:00:00
1786008600000,64709.7,64709.7,64609.3,64658.8,1093.9102,2026-08-06 09:30:00
1786010400000,64658.8,64672.5,64562.2,64658.1,1084.9436,2026-08-06 10:00:00
1786012200000,64658.1,64659.1,64579.5,64595.6,357.2822,2026-08-06 10:30:00
1786014000000,64595.6,64630.6,64478.0,64561.5,1306.89,2026-08-06 11:00:00
1786015800000,64561.5,64640.0,64555.0,64589.2,751.5881,2026-08-06 11:30:00
1786017600000,64589.1,64612.4,64423.0,64518.9,1486.4543,2026-08-06 12:00:00
1786019400000,64519.0,64572.7,64354.3,64388.7,1260.9253,2026-08-06 12:30:00
1786021200000,64388.7,64416.9,64148.6,64219.0,3796.3753,2026-08-06 13:00:00
1786023000000,64219.0,64513.4,64144.0,64402.7,2796.0666,2026-08-06 13:30:00
1786024800000,64402.7,64558.0,64355.1,64400.0,2233.7195,2026-08-06 14:00:00
1786026600000,64400.0,64818.0,64324.3,64748.8,3960.6983,2026-08-06 14:30:00
1786028400000,64748.7,64957.4,64668.8,64792.4,3076.4128,2026-08-06 15:00:00
1786030200000,64792.3,64838.0,64588.5,64599.0,1622.4848,2026-08-06 15:30:00
1786032000000,64599.0,64685.4,64556.1,64617.4,1222.8452,2026-08-06 16:00:00
1786033800000,64617.4,64744.6,64580.0,64727.4,916.1499,2026-08-06 16:30:00
1786035600000,64727.3,64806.2,64642.6,64653.8,499.8868,2026-08-06 17:00:00
1786037400000,64653.7,64688.0,64514.4,64588.8,700.9661,2026-08-06 17:30:00
1786039200000,64588.7,64592.3,64439.1,64492.5,893.5122,2026-08-06 18:00:00
1786041000000,64492.5,64494.5,64343.9,64388.7,758.0393,2026-08-06 18:30:00
1786042800000,64388.6,64435.6,64359.0,64369.8,417.9666,2026-08-06 19:00:00
1786044600000,64369.7,64450.0,64330.0,64420.5,493.4536,2026-08-06 19:30:00
1786046400000,64420.5,64512.8,64405.7,64455.9,599.2804,2026-08-06 20:00:00
1786048200000,64455.9,64464.6,64407.5,64407.6,166.1722,2026-08-06 20:30:00
1786050000000,64407.5,64493.4,64407.5,64424.7,307.3454,2026-08-06 21:00:00
1786051800000,64424.6,64464.5,64371.3,64414.6,520.4699,2026-08-06 21:30:00
1786053600000,64414.7,64424.3,64290.1,64333.7,412.3774,2026-08-06 22:00:00
1786055400000,64333.8,64362.2,64306.0,64320.0,465.6533,2026-08-06 22:30:00
1786057200000,64320.0,64336.7,64188.0,64218.7,796.964,2026-08-06 23:00:00
1786059000000,64218.7,64307.9,64162.3,64297.6,870.5206,2026-08-06 23:30:00
1786060800000,64297.5,64390.5,64201.1,64243.6,1079.717,2026-08-07 00:00:00
1786062600000,64243.6,64316.1,64205.9,64299.4,599.1913,2026-08-07 00:30:00
1786064400000,64299.4,64420.0,64285.5,64394.7,787.6952,2026-08-07 01:00:00
1786066200000,64394.6,64459.1,64269.3,64396.6,609.0295,2026-08-07 01:30:00
1786068000000,64396.6,64524.7,64225.0,64292.3,1569.4915,2026-08-07 02:00:00
1786069800000,64292.3,64448.7,64249.0,64369.1,860.0004,2026-08-07 02:30:00
1786071600000,64369.1,64383.8,64233.0,64289.3,561.5963,2026-08-07 03:00:00
1786073400000,64289.4,64347.3,64247.1,64264.5,338.8349,2026-08-07 03:30:00
1786075200000,64264.5,64343.8,64214.0,64275.9,503.1915,2026-08-07 04:00:00
1786077000000,64275.9,64332.0,64111.1,64229.8,1122.0097,2026-08-07 04:30:00
1786078800000,64229.8,64239.5,64148.5,64157.1,647.2555,2026-08-07 05:00:00
1786080600000,64157.1,64373.5,64156.9,64305.1,904.5134,2026-08-07 05:30:00
1786082400000,64305.1,64442.0,64289.0,64391.5,1158.3,2026-08-07 06:00:00
1786084200000,64391.5,64400.0,64240.4,64276.2,875.8738,2026-08-07 06:30:00
1786086000000,64276.2,64400.0,64229.4,64374.9,1049.6801,2026-08-07 07:00:00
1786087800000,64375.0,64399.1,64275.1,64289.7,615.8898,2026-08-07 07:30:00
1786089600000,64289.7,64428.9,64274.5,64415.1,973.2368,2026-08-07 08:00:00
1786091400000,64415.1,64644.9,64415.1,64569.9,2290.6715,2026-08-07 08:30:00
1786093200000,64569.9,64854.6,64569.9,64798.2,2562.4657,2026-08-07 09:00:00
1786095000000,64798.3,64934.9,64771.1,64803.1,2474.3814,2026-08-07 09:30:00
1786096800000,64803.1,64860.5,64767.4,64860.4,991.998,2026-08-07 10:00:00
1786098600000,64860.4,64889.9,64817.2,64864.2,663.809,2026-08-07 10:30:00
1786100400000,64864.2,65188.0,64863.5,65051.6,4488.4883,2026-08-07 11:00:00
1786102200000,65051.6,65074.0,64963.7,64997.8,1092.3115,2026-08-07 11:30:00
1786104000000,64997.9,65263.0,64997.8,65102.7,3195.0642,2026-08-07 12:00:00
1786105800000,65103.1,65357.8,64935.2,65256.8,6478.5523,2026-08-07 12:30:00
1786107600000,65256.7,65295.0,65079.0,65130.0,1350.8077,2026-08-07 13:00:00
1786109400000,65129.9,65306.1,64950.0,64982.1,3032.566,2026-08-07 13:30:00
1786111200000,64982.1,65205.7,64750.0,65156.0,5866.5069,2026-08-07 14:00:00
1786113000000,65155.9,65244.7,64914.5,64924.9,1937.6401,2026-08-07 14:30:00
1786114800000,64924.9,65042.6,64853.0,64997.4,1355.6857,2026-08-07 15:00:00
1786116600000,64997.3,65100.0,64877.7,64884.8,731.6454,2026-08-07 15:30:00
1786118400000,64884.7,65048.0,64856.8,64902.8,1097.5655,2026-08-07 16:00:00
1786120200000,64902.7,64942.7,64780.0,64780.0,994.9526,2026-08-07 16:30:00
1786122000000,64780.1,64803.3,64550.7,64564.1,3025.9213,2026-08-07 17:00:00
1786123800000,64564.1,64741.7,64485.0,64741.6,1964.9521,2026-08-07 17:30:00
1786125600000,64741.7,64855.2,64741.6,64778.9,937.3746,2026-08-07 18:00:00
1786127400000,64778.9,64807.9,64647.7,64705.4,716.8917,2026-08-07 18:30:00
1786129200000,64705.4,64959.3,64705.3,64913.5,1171.8632,2026-08-07 19:00:00
1786131000000,64913.5,64993.2,64903.0,64930.0,1441.8327,2026-08-07 19:30:00
1786132800000,64930.0,65015.0,64921.5,64953.8,404.3343,2026-08-07 20:00:00
1786134600000,64953.9,64953.9,64921.2,64947.0,274.8005,2026-08-07 20:30:00
1786136400000,64947.1,64993.7,64920.6,64969.6,329.1626,2026-08-07 21:00:00
1786138200000,64969.6,65087.0,64892.4,64895.7,456.2086,2026-08-07 21:30:00
1786140000000,64895.7,64925.0,64867.8,64896.6,298.4188,2026-08-07 22:00:00
1786141800000,64896.5,64896.6,64797.5,64850.0,847.6123,2026-08-07 22:30:00
1786143600000,64850.0,64855.7,64845.1,64853.7,110.3578,2026-08-07 23:00:00
1786145400000,64853.8,64886.0,64853.7,64886.0,191.6559,2026-08-07 23:30:00
1786147200000,64885.9,64917.8,64791.3,64850.9,452.4439,2026-08-08 00:00:00
1786149000000,64851.0,64885.9,64836.4,64885.8,320.906,2026-08-08 00:30:00
1786150800000,64885.8,64923.0,64872.7,64873.0,335.5556,2026-08-08 01:00:00
1786152600000,64873.0,64899.2,64873.0,64876.0,182.0574,2026-08-08 01:30:00
1786154400000,64876.0,64896.4,64859.0,64896.3,136.5327,2026-08-08 02:00:00
1786156200000,64896.4,64926.3,64879.9,64885.0,222.1372,2026-08-08 02:30:00
1786158000000,64885.1,65015.6,64881.8,64995.7,653.6958,2026-08-08 03:00:00
1786159800000,64995.7,65044.7,64962.6,64999.9,552.772,2026-08-08 03:30:00
1786161600000,65000.0,65043.5,64933.8,64973.0,366.5768,2026-08-08 04:00:00
1786163400000,64973.0,65045.4,64965.9,64975.2,569.374,2026-08-08 04:30:00
1786165200000,64975.2,64992.7,64960.4,64989.6,186.2808,2026-08-08 05:00:00
1786167000000,64989.6,64989.9,64943.4,64965.6,175.9947,2026-08-08 05:30:00
1786168800000,64965.7,64970.2,64937.7,64946.8,232.4003,2026-08-08 06:00:00
1786170600000,64946.8,64989.5,64933.7,64978.3,179.7455,2026-08-08 06:30:00
1786172400000,64978.3,64981.6,64966.8,64969.2,97.5084,2026-08-08 07:00:00
1786174200000,64969.2,64969.3,64915.1,64934.0,236.9197,2026-08-08 07:30:00
1786176000000,64933.9,64949.5,64906.8,64949.4,195.9452,2026-08-08 08:00:00
1786177800000,64949.4,64991.3,64949.4,64957.6,340.767,2026-08-08 08:30:00
1786179600000,64957.7,64991.0,64957.6,64986.8,204.512,2026-08-08 09:00:00
1786181400000,64986.7,65024.9,64953.7,64956.1,238.9417,2026-08-08 09:30:00
1786183200000,64956.1,64997.9,64956.0,64997.9,414.638,2026-08-08 10:00:00
1786185000000,64997.8,64998.0,64973.7,64984.6,116.9608,2026-08-08 10:30:00
1786186800000,64984.6,64988.0,64941.3,64941.3,306.069,2026-08-08 11:00:00
1786188600000,64941.3,64941.4,64928.0,64933.9,255.9551,2026-08-08 11:30:00
1786190400000,64933.9,65037.0,64882.2,64947.7,1218.2765,2026-08-08 12:00:00
1786192200000,64947.8,64993.2,64947.8,64971.2,157.0482,2026-08-08 12:30:00
1786194000000,64971.3,64996.6,64971.2,64993.2,178.8072,2026-08-08 13:00:00
1786195800000,64993.2,64993.2,64964.8,64988.8,173.2521,2026-08-08 13:30:00
1786197600000,64988.8,65118.4,64988.7,65096.3,829.3233,2026-08-08 14:00:00
1786199400000,65096.4,65172.5,65076.0,65096.0,1231.2175,2026-08-08 14:30:00
1786201200000,65096.0,65123.0,65043.1,65057.0,327.8634,2026-08-08 15:00:00
1786203000000,65057.0,65065.9,65025.0,65046.3,395.025,2026-08-08 15:30:00
1786204800000,65046.2,65086.5,65040.0,65040.0,185.3699,2026-08-08 16:00:00
1786206600000,65040.0,65055.8,65002.2,65055.7,205.1716,2026-08-08 16:30:00
1786208400000,65055.8,65109.3,65043.5,65079.9,188.4232,2026-08-08 17:00:00
1786210200000,65080.0,65128.1,65078.0,65087.1,198.1201,2026-08-08 17:30:00
1786212000000,65087.2,65097.1,64985.5,65007.8,220.7442,2026-08-08 18:00:00
1786213800000,65007.8,65033.7,65007.7,65014.3,109.8768,2026-08-08 18:30:00
1786215600000,65014.3,65024.1,64990.0,64992.9,191.6115,2026-08-08 19:00:00
1786217400000,64992.8,65059.1,64985.6,65041.1,160.5831,2026-08-08 19:30:00
1786219200000,65041.1,65054.6,65026.3,65035.5,97.0328,2026-08-08 20:00:00
1786221000000,65035.5,65059.9,65033.3,65046.0,79.2102,2026-08-08 20:30:00
1786222800000,65046.0,65046.0,65010.0,65010.0,87.4134,2026-08-08 21:00:00
1786224600000,65010.0,65037.0,64969.2,64990.4,189.8754,2026-08-08 21:30:00
1786226400000,64990.5,65014.2,64965.0,64967.1,296.5285,2026-08-08 22:00:00
1786228200000,64967.1,64968.9,64909.8,64909.9,333.0529,2026-08-08 22:30:00
1786230000000,64909.9,64944.6,64901.1,64901.2,218.4621,2026-08-08 23:00:00
1786231800000,64901.1,64944.6,64901.1,64928.4,206.8006,2026-08-08 23:30:00
1786233600000,64928.4,64940.9,64927.0,64940.9,157.2329,2026-08-09 00:00:00
1786235400000,64940.8,64964.1,64930.2,64947.1,167.3807,2026-08-09 00:30:00
1786237200000,64947.0,64980.1,64810.0,64836.4,1088.4138,2026-08-09 01:00:00
1786239000000,64836.4,64867.1,64819.7,64842.7,449.7682,2026-08-09 01:30:00
1786240800000,64842.6,64842.7,64770.0,64820.0,808.559,2026-08-09 02:00:00
1786242600000,64820.0,64820.1,64743.1,64790.0,710.1887,2026-08-09 02:30:00
1786244400000,64790.0,64790.1,64680.0,64745.4,1157.6946,2026-08-09 03:00:00
1786246200000,64745.3,64772.8,64738.1,64753.8,285.1696,2026-08-09 03:30:00
1786248000000,64753.8,64803.5,64753.8,64803.4,340.2387,2026-08-09 04:00:00
1786249800000,64803.5,64803.5,64752.4,64752.7,176.3041,2026-08-09 04:30:00
1786251600000,64752.7,64759.7,64751.4,64754.5,137.6115,2026-08-09 05:00:00
1786253400000,64754.5,64775.0,64740.0,64775.0,199.4768,2026-08-09 05:30:00
1786255200000,64774.9,64817.5,64769.0,64811.0,348.4004,2026-08-09 06:00:00
1786257000000,64811.0,64835.0,64811.0,64819.2,315.5151,2026-08-09 06:30:00
1786258800000,64819.1,64819.2,64805.0,64805.9,288.1529,2026-08-09 07:00:00
1786260600000,64805.9,64813.0,64788.6,64790.4,159.7496,2026-08-09 07:30:00
1786262400000,64790.3,64900.1,64790.3,64855.4,672.7579,2026-08-09 08:00:00
1786264200000,64855.4,64867.7,64752.3,64787.2,501.9233,2026-08-09 08:30:00
1786266000000,64787.3,64798.4,64775.4,64779.0,194.845,2026-08-09 09:00:00
1786267800000,64778.9,64852.5,64774.2,64852.4,189.3908,2026-08-09 09:30:00
1786269600000,64852.4,64956.8,64852.4,64935.6,999.3355,2026-08-09 10:00:00
1786271400000,64935.6,64942.7,64903.1,64923.9,239.4031,2026-08-09 10:30:00
1786273200000,64923.8,64956.5,64923.8,64947.7,318.1516,2026-08-09 11:00:00
1786275000000,64947.7,64968.3,64912.5,64912.8,248.3153,2026-08-09 11:30:00
1786276800000,64912.8,64917.6,64884.8,64910.3,270.526,2026-08-09 12:00:00
1786278600000,64910.3,64924.7,64905.8,64924.7,108.3284,2026-08-09 12:30:00
1786280400000,64924.6,65060.0,64924.6,65052.8,696.5994,2026-08-09 13:00:00
1786282200000,65052.8,65239.4,65052.8,65188.7,2444.8072,2026-08-09 13:30:00
1786284000000,65188.8,65210.0,65130.5,65157.8,558.3048,2026-08-09 14:00:00
1786285800000,65157.8,65279.9,65117.2,65239.5,916.2793,2026-08-09 14:30:00
1786287600000,65239.6,65244.2,65171.2,65198.0,696.7072,2026-08-09 15:00:00
1786289400000,65198.0,65209.2,65190.0,65200.0,346.9347,2026-08-09 15:30:00
1786291200000,65200.0,65234.7,65150.0,65173.3,578.9354,2026-08-09 16:00:00
1786293000000,65173.2,65235.0,65173.2,65208.2,294.4997,2026-08-09 16:30:00
1786294800000,65208.2,65214.7,65190.0,65214.7,274.3987,2026-08-09 17:00:00
1786296600000,65214.6,65214.9,65170.0,65174.3,179.3377,2026-08-09 17:30:00
1786298400000,65174.4,65190.6,65161.5,65190.6,110.7426,2026-08-09 18:00:00
1786300200000,65190.6,65197.9,65170.1,65170.1,91.4843,2026-08-09 18:30:00
1786302000000,65170.1,65189.0,65160.0,65188.2,131.7583,2026-08-09 19:00:00
1786303800000,65188.2,65188.3,65155.0,65159.5,109.3238,2026-08-09 19:30:00
1786305600000,65159.5,65164.1,65043.2,65096.0,616.89,2026-08-09 20:00:00
1786307400000,65096.0,65148.5,65095.9,65114.2,141.7133,2026-08-09 20:30:00
1786309200000,65114.1,65120.2,65095.9,65115.7,161.7244,2026-08-09 21:00:00
1786311000000,65115.7,65234.6,65115.7,65173.5,634.8157,2026-08-09 21:30:00
1786312800000,65173.5,65500.0,65173.5,65212.6,3683.2867,2026-08-09 22:00:00
1786314600000,65212.6,65230.0,64937.3,65043.3,1665.3358,2026-08-09 22:30:00
1786316400000,65043.3,65096.1,64871.5,64893.0,1332.2565,2026-08-09 23:00:00
1786318200000,64892.9,64917.3,64805.6,64870.1,1389.4681,2026-08-09 23:30:00
1786320000000,64870.1,65306.6,64818.7,64973.4,2222.6545,2026-08-10 00:00:00
1786321800000,64973.3,65021.2,64794.4,64948.7,1859.0519,2026-08-10 00:30:00
1786323600000,64948.8,65048.5,64872.6,64975.0,583.082,2026-08-10 01:00:00
1786325400000,64974.9,65368.9,64865.0,65172.1,1816.577,2026-08-10 01:30:00
1786327200000,65172.2,65185.5,64878.7,64936.3,1282.0274,2026-08-10 02:00:00
1786329000000,64936.3,65199.0,64935.2,65077.6,723.7389,2026-08-10 02:30:00
1786330800000,65077.5,65146.0,64880.2,65000.1,912.8921,2026-08-10 03:00:00
1786332600000,65000.1,65070.0,64928.0,64950.5,405.9841,2026-08-10 03:30:00
1786334400000,64950.5,65087.4,64931.4,65000.2,463.6127,2026-08-10 04:00:00
1786336200000,65000.2,65029.0,64904.4,64980.0,708.3666,2026-08-10 04:30:00
1786338000000,64979.9,65040.9,64951.8,65018.9,307.3713,2026-08-10 05:00:00
1786339800000,65018.8,65135.9,64993.5,65109.9,550.1494,2026-08-10 05:30:00
1786341600000,65109.8,65255.5,65100.0,65136.8,1034.3911,2026-08-10 06:00:00
1786343400000,65136.8,65303.4,65136.7,65269.6,714.0838,2026-08-10 06:30:00
1786345200000,65269.6,65299.1,65203.0,65284.0,630.4342,2026-08-10 07:00:00
1786347000000,65283.9,65337.9,65171.3,65179.1,818.3212,2026-08-10 07:30:00
1786348800000,65179.1,65300.0,65178.3,65263.7,450.0856,2026-08-10 08:00:00
1786350600000,65263.7,65274.0,65157.3,65212.2,381.4218,2026-08-10 08:30:00
1786352400000,65212.2,65212.3,65131.7,65137.0,327.8961,2026-08-10 09:00:00
1786354200000,65136.9,65136.9,64930.0,64943.2,1652.5173,2026-08-10 09:30:00
1786356000000,64943.1,65057.0,64943.1,65003.3,727.3373,2026-08-10 10:00:00
1786357800000,65003.3,65040.1,64977.2,64991.3,409.7246,2026-08-10 10:30:00
1786359600000,64991.2,65070.1,64950.1,65055.5,489.9238,2026-08-10 11:00:00
1786361400000,65055.4,65112.4,65032.0,65100.3,412.5932,2026-08-10 11:30:00
1786363200000,65100.4,65217.0,65006.3,65021.6,986.4018,2026-08-10 12:00:00
1786365000000,65021.6,65031.0,64816.5,64839.7,2037.5211,2026-08-10 12:30:00
1786366800000,64839.8,64948.6,64820.0,64898.3,1284.8459,2026-08-10 13:00:00
1786368600000,64898.3,64915.6,64500.0,64539.5,5556.5521,2026-08-10 13:30:00
1786370400000,64539.4,64804.9,64508.1,64752.3,2130.3367,2026-08-10 14:00:00
1786372200000,64752.3,64866.6,64571.8,64595.0,1619.2189,2026-08-10 14:30:00
1786374000000,64595.1,64687.8,64280.0,64373.2,5086.0894,2026-08-10 15:00:00
1786375800000,64373.2,64392.8,64162.9,64277.1,4174.0242,2026-08-10 15:30:00
1786377600000,64277.1,64325.0,63957.0,64099.0,6817.2885,2026-08-10 16:00:00
1786379400000,64099.1,64172.8,63803.0,63890.9,5142.8302,2026-08-10 16:30:00
1786381200000,63890.9,63996.0,63806.0,63900.1,2568.2579,2026-08-10 17:00:00
1786383000000,63900.1,64023.5,63862.0,63933.3,1325.2642,2026-08-10 17:30:00
1786384800000,63933.3,64006.1,63875.6,63876.1,1094.8111,2026-08-10 18:00:00
1786386600000,63876.1,63914.2,63775.9,63870.1,1648.7199,2026-08-10 18:30:00
1786388400000,63870.0,64007.4,63860.8,64002.5,757.0573,2026-08-10 19:00:00
1786390200000,64002.5,64092.3,63901.0,64016.7,1144.9255,2026-08-10 19:30:00
1786392000000,64016.7,64091.7,63990.4,64090.2,712.4495,2026-08-10 20:00:00
1786393800000,64090.2,64174.8,64070.5,64133.2,667.023,2026-08-10 20:30:00
1786395600000,64133.3,64133.3,64038.3,64092.1,662.4856,2026-08-10 21:00:00
1786397400000,64092.1,64097.4,63957.1,63960.3,626.1739,2026-08-10 21:30:00
1786399200000,63960.2,64033.7,63933.1,63988.2,528.2851,2026-08-10 22:00:00
1786401000000,63988.2,63997.5,63914.4,63997.5,458.6458,2026-08-10 22:30:00
1786402800000,63997.4,63998.5,63921.0,63962.8,526.1934,2026-08-10 23:00:00
1786404600000,63962.8,63962.8,63881.1,63947.7,361.216,2026-08-10 23:30:00
1786406400000,63947.6,63975.7,63844.7,63963.7,977.5041,2026-08-11 00:00:00
1786408200000,63963.8,64050.0,63926.8,64021.2,1090.2604,2026-08-11 00:30:00
1786410000000,64021.1,64058.0,63955.9,64046.5,716.5629,2026-08-11 01:00:00
1786411800000,64046.5,64056.1,63938.0,64035.6,412.4174,2026-08-11 01:30:00
1786413600000,64035.6,64064.0,64016.5,64030.0,451.396,2026-08-11 02:00:00
1786415400000,64030.1,64033.0,64007.8,64017.3,249.1655,2026-08-11 02:30:00
1786417200000,64017.3,64158.8,64017.3,64112.4,766.8468,2026-08-11 03:00:00
1786419000000,64112.4,64141.3,64095.6,64120.0,406.3317,2026-08-11 03:30:00
1786420800000,64119.9,64134.1,64083.2,64086.0,279.6796,2026-08-11 04:00:00
1786422600000,64085.9,64090.0,64000.2,64000.3,503.306,2026-08-11 04:30:00
1786424400000,64000.2,64032.6,63935.4,63951.7,617.146,2026-08-11 05:00:00
1786426200000,63951.7,64024.8,63944.4,63967.8,335.8676,2026-08-11 05:30:00
1786428000000,63967.7,64028.4,63902.4,63903.4,381.771,2026-08-11 06:00:00
1786429800000,63903.3,63947.4,63825.0,63944.4,1023.7661,2026-08-11 06:30:00
1786431600000,63944.4,63988.0,63880.5,63883.6,426.7332,2026-08-11 07:00:00
1786433400000,63883.5,64079.0,63883.5,64035.0,811.5621,2026-08-11 07:30:00
1786435200000,64035.0,64083.3,64016.8,64027.3,405.9621,2026-08-11 08:00:00
1786437000000,64027.3,64123.0,64027.3,64111.5,422.2705,2026-08-11 08:30:00
1786438800000,64111.5,64173.7,64100.7,64163.9,913.2459,2026-08-11 09:00:00
1786440600000,64163.9,64277.0,64156.7,64276.9,1399.2836,2026-08-11 09:30:00
1786442400000,64276.9,64284.2,64169.9,64273.6,877.9827,2026-08-11 10:00:00
1786444200000,64273.5,64283.1,64191.3,64201.1,590.4279,2026-08-11 10:30:00
1786446000000,64201.1,64368.2,64201.1,64305.4,1371.3172,2026-08-11 11:00:00
1786447800000,64305.4,64379.8,64305.0,64356.3,1094.8193,2026-08-11 11:30:00
1786449600000,64356.2,64474.0,64261.0,64289.7,2765.2637,2026-08-11 12:00:00
1786451400000,64289.7,64359.9,64280.3,64300.0,1107.3543,2026-08-11 12:30:00
1786453200000,64300.0,64350.0,64139.1,64174.0,1422.569,2026-08-11 13:00:00
1786455000000,64174.0,64218.0,64023.7,64182.2,2953.1927,2026-08-11 13:30:00
1786456800000,64182.2,64244.9,63888.5,64008.6,2339.5588,2026-08-11 14:00:00
1786458600000,64008.6,64044.1,63674.5,63750.1,4078.4023,2026-08-11 14:30:00
1786460400000,63750.1,63850.3,63689.0,63845.9,2673.8909,2026-08-11 15:00:00
1786462200000,63845.8,63845.8,63405.3,63584.7,6577.5126,2026-08-11 15:30:00
1786464000000,63584.6,63638.5,63500.8,63572.8,1752.0571,2026-08-11 16:00:00
1786465800000,63572.7,63599.4,63432.7,63488.6,1247.4761,2026-08-11 16:30:00
1786467600000,63488.5,63581.8,63435.0,63550.6,1024.3961,2026-08-11 17:00:00
1786469400000,63550.7,63618.0,63498.2,63585.1,1658.817,2026-08-11 17:30:00
1786471200000,63585.1,63608.2,63456.2,63456.3,877.9203,2026-08-11 18:00:00
1786473000000,63456.3,63495.0,63162.7,63349.9,5942.7678,2026-08-11 18:30:00
1786474800000,63349.8,63361.8,63197.9,63332.4,1099.1856,2026-08-11 19:00:00
1786476600000,63332.5,63516.7,63332.5,63509.6,909.4749,2026-08-11 19:30:00
1786478400000,63509.7,63690.5,63509.7,63648.4,1646.9898,2026-08-11 20:00:00
1786480200000,63648.5,63723.4,63620.9,63712.2,571.5002,2026-08-11 20:30:00
1786482000000,63712.1,63736.5,63606.6,63637.6,632.672,2026-08-11 21:00:00
1786483800000,63637.6,63660.0,63580.0,63638.4,441.1115,2026-08-11 21:30:00
1786485600000,63638.3,63742.8,63638.3,63688.9,452.9277,2026-08-11 22:00:00
1786487400000,63688.9,63697.4,63580.7,63635.5,393.163,2026-08-11 22:30:00
1786489200000,63635.5,63635.5,63512.3,63566.4,468.3607,2026-08-11 23:00:00
1786491000000,63566.4,63624.2,63551.5,63566.1,280.7747,2026-08-11 23:30:00
1786492800000,63566.0,63679.2,63496.0,63640.1,932.9009,2026-08-12 00:00:00
1786494600000,63640.1,63716.2,63640.0,63714.2,459.3308,2026-08-12 00:30:00
1786496400000,63714.1,63760.2,63686.0,63718.2,655.5217,2026-08-12 01:00:00
1786498200000,63718.1,63827.8,63658.7,63795.0,888.0716,2026-08-12 01:30:00
1786500000000,63794.9,63869.8,63752.5,63869.8,1108.8204,2026-08-12 02:00:00
1786501800000,63869.8,63886.8,63702.0,63722.9,689.9488,2026-08-12 02:30:00
1786503600000,63723.0,63773.7,63677.8,63730.1,564.3377,2026-08-12 03:00:00
1786505400000,63730.1,63821.9,63712.2,63800.1,393.1255,2026-08-12 03:30:00
1786507200000,63800.1,63864.2,63740.4,63770.0,586.2958,2026-08-12 04:00:00
1786509000000,63769.9,63807.9,63706.5,63747.7,570.2492,2026-08-12 04:30:00
1786510800000,63747.7,63811.0,63700.0,63809.9,437.8356,2026-08-12 05:00:00
1786512600000,63809.9,63845.3,63790.0,63814.7,528.0039,2026-08-12 05:30:00
1786514400000,63814.6,63814.6,63578.3,63614.7,1382.8135,2026-08-12 06:00:00
1786516200000,63614.7,63690.2,63580.0,63690.1,892.0751,2026-08-12 06:30:00
1786518000000,63690.1,63775.7,63680.7,63701.2,538.9387,2026-08-12 07:00:00
1786519800000,63701.3,63809.8,63611.2,63803.4,645.0223,2026-08-12 07:30:00
1786521600000,63803.4,63835.8,63744.7,63796.7,1115.3669,2026-08-12 08:00:00
1786523400000,63796.6,63797.2,63744.2,63766.1,609.7647,2026-08-12 08:30:00
1786525200000,63766.1,63975.7,63735.0,63958.8,2283.7633,2026-08-12 09:00:00
1786527000000,63958.8,64083.9,63958.8,64077.0,2302.5965,2026-08-12 09:30:00
1786528800000,64077.0,64193.1,64033.3,64036.9,2459.7294,2026-08-12 10:00:00
1786530600000,64037.0,64126.0,64036.9,64104.9,1175.2276,2026-08-12 10:30:00
1786532400000,64105.0,64180.0,64075.1,64169.5,947.4101,2026-08-12 11:00:00
1786534200000,64169.5,64215.6,64128.1,64202.5,966.521,2026-08-12 11:30:00
1786536000000,64202.5,64450.6,64172.5,64387.9,3550.7092,2026-08-12 12:00:00
1786537800000,64387.8,64466.0,63942.3,64094.2,7589.8335,2026-08-12 12:30:00
1786539600000,64094.2,64132.2,63882.0,63931.0,1709.7192,2026-08-12 13:00:00
1786541400000,63931.0,64051.8,63802.7,63811.6,2245.599,2026-08-12 13:30:00
1786543200000,63811.6,63904.1,63573.0,63630.1,3966.2378,2026-08-12 14:00:00
1786545000000,63630.1,63676.3,63335.4,63347.7,4479.2418,2026-08-12 14:30:00
1786546800000,63347.8,63524.7,63280.0,63478.0,3228.3014,2026-08-12 15:00:00
1786548600000,63478.0,63550.0,63374.7,63417.7,1380.7187,2026-08-12 15:30:00
1786550400000,63417.7,63544.7,63340.1,63542.6,1369.6369,2026-08-12 16:00:00
1786552200000,63542.6,63558.5,63436.6,63463.1,778.0357,2026-08-12 16:30:00
1786554000000,63463.0,63525.0,63392.4,63423.5,862.6868,2026-08-12 17:00:00
1786555800000,63423.5,63516.7,63381.7,63445.8,508.1983,2026-08-12 17:30:00
1786557600000,63445.8,63480.6,63366.0,63410.8,719.1316,2026-08-12 18:00:00
1786559400000,63410.8,63508.3,63350.0,63361.3,915.485,2026-08-12 18:30:00
1786561200000,63361.2,63440.0,63288.0,63367.1,1116.9075,2026-08-12 19:00:00
1786563000000,63367.2,63415.1,63301.9,63400.8,940.1907,2026-08-12 19:30:00
1786564800000,63400.7,63510.8,63399.2,63491.8,939.8421,2026-08-12 20:00:00
1786566600000,63491.8,63587.8,63491.7,63587.8,1259.7275,2026-08-12 20:30:00
1786568400000,63587.7,63643.3,63449.4,63465.5,856.7535,2026-08-12 21:00:00
1786570200000,63465.5,63558.4,63403.5,63448.0,542.2957,2026-08-12 21:30:00
1786572000000,63448.1,63517.2,63402.5,63463.5,392.3107,2026-08-12 22:00:00
1786573800000,63463.4,63477.9,63346.6,63409.2,567.7587,2026-08-12 22:30:00
1786575600000,63409.3,63419.6,63352.0,63405.9,639.0624,2026-08-12 23:00:00
1786577400000,63405.9,63467.8,63384.6,63461.5,666.6514,2026-08-12 23:30:00
1786579200000,63461.5,63698.0,63445.1,63601.4,1781.2878,2026-08-13 00:00:00
1786581000000,63601.5,63607.1,63483.3,63537.6,550.9304,2026-08-13 00:30:00
1786582800000,63537.6,63616.8,63378.0,63400.0,1033.1263,2026-08-13 01:00:00
1786584600000,63400.0,63520.0,63350.1,63435.3,1069.3424,2026-08-13 01:30:00
1786586400000,63435.3,63464.8,63400.2,63441.5,378.0602,2026-08-13 02:00:00
1786588200000,63441.4,63562.5,63351.0,63530.0,699.8657,2026-08-13 02:30:00
1786590000000,63529.9,63615.0,63487.3,63552.9,1051.2721,2026-08-13 03:00:00
1786591800000,63552.9,63683.6,63542.6,63627.0,1134.997,2026-08-13 03:30:00
1786593600000,63626.9,63650.8,63567.2,63572.8,611.4667,2026-08-13 04:00:00
1786595400000,63572.7,63760.0,63572.7,63665.5,1383.8191,2026-08-13 04:30:00
1786597200000,63665.5,63997.8,63639.5,63912.8,3350.2565,2026-08-13 05:00:00
1786599000000,63912.7,63928.5,63842.0,63842.0,1010.5075,2026-08-13 05:30:00
1786600800000,63842.0,63855.0,63775.0,63790.0,1058.0561,2026-08-13 06:00:00
1786602600000,63790.0,63914.4,63723.0,63914.4,1580.4207,2026-08-13 06:30:00
1786604400000,63914.4,63920.0,63825.0,63866.6,716.2856,2026-08-13 07:00:00
1786606200000,63866.5,63866.6,63816.2,63835.2,404.3669,2026-08-13 07:30:00
1786608000000,63835.2,63880.0,63756.3,63756.3,699.9695,2026-08-13 08:00:00
1786609800000,63756.3,63775.0,63712.5,63743.4,547.4469,2026-08-13 08:30:00
1786611600000,63743.4,63743.4,63545.5,63630.0,1831.5402,2026-08-13 09:00:00
1786613400000,63630.0,63760.0,63630.0,63753.5,558.665,2026-08-13 09:30:00
1786615200000,63753.5,63804.9,63590.0,63600.0,1513.3628,2026-08-13 10:00:00
1786617000000,63600.0,63635.2,63561.8,63631.0,471.4094,2026-08-13 10:30:00
1786618800000,63631.0,63641.1,63411.0,63415.7,2057.876,2026-08-13 11:00:00
1786620600000,63415.7,63481.3,63313.0,63459.0,2221.8889,2026-08-13 11:30:00
1786622400000,63459.0,63564.0,63414.8,63544.3,1082.1181,2026-08-13 12:00:00
1786624200000,63544.2,63680.5,63431.8,63665.8,2120.7626,2026-08-13 12:30:00
1786626000000,63665.8,63777.0,63537.3,63578.3,2210.3728,2026-08-13 13:00:00
1786627800000,63578.2,63831.5,63530.1,63695.2,2328.0521,2026-08-13 13:30:00
1786629600000,63695.3,63858.0,63652.4,63783.4,1658.7785,2026-08-13 14:00:00
1786631400000,63783.4,63974.4,63738.6,63831.8,2524.8105,2026-08-13 14:30:00
1786633200000,63831.8,63911.0,63560.1,63599.8,1927.5873,2026-08-13 15:00:00
1786635000000,63599.8,63731.3,63380.1,63383.9,2105.4457,2026-08-13 15:30:00
1786636800000,63384.0,63557.0,63273.0,63341.8,3434.1661,2026-08-13 16:00:00
1786638600000,63341.8,63415.0,62818.0,63138.1,8801.579,2026-08-13 16:30:00
1786640400000,63138.0,63240.0,63050.0,63163.3,2071.9015,2026-08-13 17:00:00
1786642200000,63163.2,63276.7,63081.1,63118.8,1258.7743,2026-08-13 17:30:00
1786644000000,63118.7,63269.6,63090.5,63095.3,833.2704,2026-08-13 18:00:00
1786645800000,63095.3,63356.0,63082.4,63282.7,1437.3795,2026-08-13 18:30:00
1786647600000,63282.6,63498.4,63282.6,63396.1,1459.4957,2026-08-13 19:00:00
1786649400000,63396.0,63444.0,63364.7,63388.8,754.7365,2026-08-13 19:30:00
1786651200000,63388.8,63449.7,63342.4,63427.5,827.8517,2026-08-13 20:00:00
1786653000000,63427.5,63448.0,63355.0,63388.8,299.307,2026-08-13 20:30:00
1786654800000,63388.9,63444.8,63362.4,63428.8,419.4268,2026-08-13 21:00:00
1786656600000,63428.9,63476.2,63411.6,63456.0,379.8856,2026-08-13 21:30:00
1786658400000,63456.0,63620.0,63456.0,63598.3,1247.7557,2026-08-13 22:00:00
1786660200000,63598.2,63605.7,63500.5,63501.7,445.971,2026-08-13 22:30:00
1786662000000,63501.7,63515.9,63425.2,63448.2,626.4436,2026-08-13 23:00:00
1786663800000,63448.2,63475.0,63365.4,63456.8,943.7894,2026-08-13 23:30:00
1786665600000,63456.8,63534.5,63387.9,63416.9,1231.9079,2026-08-14 00:00:00
1786667400000,63416.9,63531.0,63375.1,63515.0,1281.832,2026-08-14 00:30:00
1786669200000,63515.0,63566.8,63430.4,63459.5,1856.2915,2026-08-14 01:00:00
1786671000000,63459.6,63550.0,63434.9,63545.8,648.2615,2026-08-14 01:30:00
1786672800000,63545.9,63600.1,63449.3,63462.1,973.8203,2026-08-14 02:00:00
1786674600000,63462.2,63538.3,63430.4,63430.4,1120.9209,2026-08-14 02:30:00
1786676400000,63430.4,63555.0,63384.5,63434.1,707.3856,2026-08-14 03:00:00
1786678200000,63434.2,63434.2,63271.1,63288.3,1329.3657,2026-08-14 03:30:00
1786680000000,63288.2,63455.6,63230.8,63393.5,969.2797,2026-08-14 04:00:00
1786681800000,63393.4,63400.0,63339.1,63350.0,309.2813,2026-08-14 04:30:00
1786683600000,63349.9,63374.8,63260.0,63301.0,546.4739,2026-08-14 05:00:00
1786685400000,63300.9,63380.6,63282.0,63360.5,354.3052,2026-08-14 05:30:00
1786687200000,63360.5,63360.5,63151.0,63151.0,921.8758,2026-08-14 06:00:00
1786689000000,63151.0,63219.2,62910.0,62950.1,2757.5353,2026-08-14 06:30:00
1786690800000,62950.1,63086.4,62919.1,63076.5,1478.3941,2026-08-14 07:00:00
1786692600000,63076.4,63076.5,62887.5,62887.5,1551.1829,2026-08-14 07:30:00
1786694400000,62887.5,62968.4,62703.4,62755.2,3366.6218,2026-08-14 08:00:00
1786696200000,62755.2,62917.6,62666.0,62913.9,2156.4302,2026-08-14 08:30:00
1786698000000,62913.9,62913.9,62766.1,62767.3,1012.3068,2026-08-14 09:00:00
1786699800000,62767.3,62820.0,62716.3,62772.8,1726.6623,2026-08-14 09:30:00
1786701600000,62772.7,62900.0,62720.0,62867.1,1851.8262,2026-08-14 10:00:00
1786703400000,62867.1,62926.0,62781.9,62795.0,930.3908,2026-08-14 10:30:00
1786705200000,62794.9,62898.4,62789.0,62866.6,795.6181,2026-08-14 11:00:00
1786707000000,62866.7,62913.0,62816.7,62843.1,659.2812,2026-08-14 11:30:00
1786708800000,62843.0,62880.6,62733.0,62869.6,1238.5238,2026-08-14 12:00:00
1786710600000,62869.6,62891.0,62700.0,62711.4,989.6996,2026-08-14 12:30:00
1786712400000,62711.4,62774.0,62570.7,62754.6,2876.137,2026-08-14 13:00:00
1786714200000,62754.6,62800.1,62576.0,62641.7,2078.589,2026-08-14 13:30:00
1786716000000,62641.8,62710.0,62531.0,62650.0,2130.6907,2026-08-14 14:00:00
1786717800000,62649.9,62777.0,62508.3,62590.1,2667.0958,2026-08-14 14:30:00
1786719600000,62590.1,62832.4,62590.0,62832.3,1457.0526,2026-08-14 15:00:00
1786721400000,62832.3,63069.7,62770.0,62966.1,4367.7984,2026-08-14 15:30:00
1786723200000,62966.2,63136.0,62946.0,63095.6,1891.471,2026-08-14 16:00:00
1786725000000,63095.5,63197.0,63070.3,63108.3,1309.0471,2026-08-14 16:30:00
1786726800000,63108.3,63215.1,63086.9,63171.5,1127.7536,2026-08-14 17:00:00
1786728600000,63171.5,63193.3,62965.1,62986.6,1411.098,2026-08-14 17:30:00
1786730400000,62986.7,63054.2,62916.3,63008.1,832.1888,2026-08-14 18:00:00
1786732200000,63008.1,63013.7,62855.6,62898.9,1390.3664,2026-08-14 18:30:00
1786734000000,62899.0,62907.5,62785.8,62899.9,1102.5268,2026-08-14 19:00:00
1786735800000,62899.9,62972.4,62856.8,62938.4,1032.8463,2026-08-14 19:30:00
1786737600000,62938.5,63000.0,62901.9,62924.4,481.7975,2026-08-14 20:00:00
1786739400000,62924.4,62929.6,62866.7,62877.8,384.6979,2026-08-14 20:30:00
1786741200000,62877.8,62914.4,62856.4,62866.5,350.0108,2026-08-14 21:00:00
1786743000000,62866.6,62904.1,62846.2,62902.7,191.3829,2026-08-14 21:30:00
1786744800000,62902.6,62934.0,62761.0,62794.1,901.2355,2026-08-14 22:00:00
1786746600000,62794.2,62875.1,62794.1,62858.8,488.3571,2026-08-14 22:30:00
1786748400000,62858.8,62925.2,62830.2,62922.1,467.4538,2026-08-14 23:00:00
1786750200000,62922.0,63049.0,62871.2,63019.5,1638.2244,2026-08-14 23:30:00
1786752000000,63019.6,63039.3,62972.0,62989.1,335.9801,2026-08-15 00:00:00
1786753800000,62989.1,63014.8,62967.4,62993.4,262.9531,2026-08-15 00:30:00
1786755600000,62993.4,63018.0,62966.2,63016.2,338.975,2026-08-15 01:00:00
1786757400000,63016.2,63018.1,62989.4,63015.7,191.3551,2026-08-15 01:30:00
1786759200000,63015.8,63090.0,63009.1,63077.5,404.6222,2026-08-15 02:00:00
1786761000000,63077.5,63120.1,63077.5,63115.6,368.4395,2026-08-15 02:30:00
1786762800000,63115.7,63164.5,63057.7,63063.0,580.9637,2026-08-15 03:00:00
1786764600000,63063.0,63065.8,63014.2,63026.7,337.8117,2026-08-15 03:30:00
1786766400000,63026.7,63100.0,63026.7,63100.0,259.9623,2026-08-15 04:00:00
1786768200000,63099.9,63125.1,63086.4,63090.1,295.9502,2026-08-15 04:30:00
1786770000000,63090.2,63129.0,63088.0,63088.1,210.4111,2026-08-15 05:00:00
1786771800000,63088.1,63095.9,63000.3,63055.7,531.0534,2026-08-15 05:30:00
1786773600000,63055.6,63068.1,63000.0,63008.5,278.8175,2026-08-15 06:00:00
1786775400000,63008.6,63106.6,63008.6,63084.0,236.6903,2026-08-15 06:30:00
1786777200000,63084.1,63098.9,63034.0,63043.6,470.3538,2026-08-15 07:00:00
1786779000000,63043.7,63073.8,63005.9,63049.1,330.97,2026-08-15 07:30:00
1786780800000,63049.0,63058.3,63020.0,63024.3,140.9915,2026-08-15 08:00:00
1786782600000,63024.4,63039.8,62888.0,62911.6,1492.4802,2026-08-15 08:30:00
1786784400000,62911.6,62958.8,62872.5,62953.1,776.8063,2026-08-15 09:00:00
1786786200000,62953.0,63022.2,62953.0,62995.1,371.3823,2026-08-15 09:30:00
1786788000000,62995.0,63007.5,62973.1,62987.1,158.5169,2026-08-15 10:00:00
1786789800000,62987.1,63027.5,62981.6,63012.7,214.6814,2026-08-15 10:30:00
1786791600000,63012.7,63018.0,62995.0,63003.2,154.805,2026-08-15 11:00:00
1786793400000,63003.3,63034.7,62963.8,62991.6,396.9432,2026-08-15 11:30:00
1786795200000,62991.5,62991.6,62950.0,62960.7,232.2561,2026-08-15 12:00:00
1786797000000,62960.8,63028.0,62913.1,63025.0,406.217,2026-08-15 12:30:00
1786798800000,63025.1,63060.0,62992.8,63007.2,417.1517,2026-08-15 13:00:00
1786800600000,63007.3,63027.4,63000.9,63027.4,192.2629,2026-08-15 13:30:00
1786802400000,63027.3,63027.4,62963.4,63009.2,180.3985,2026-08-15 14:00:00
1786804200000,63009.2,63022.8,63000.0,63009.9,159.2916,2026-08-15 14:30:00
1786806000000,63009.9,63060.7,62999.5,63047.0,507.1428,2026-08-15 15:00:00
1786807800000,63047.0,63095.8,63043.9,63065.0,340.5539,2026-08-15 15:30:00
1786809600000,63065.0,63094.2,63033.9,63094.2,257.3882,2026-08-15 16:00:00
1786811400000,63094.1,63094.2,63061.0,63066.3,132.2232,2026-08-15 16:30:00
1786813200000,63066.2,63073.6,63028.7,63039.9,151.0928,2026-08-15 17:00:00
1786815000000,63040.0,63048.9,63032.2,63045.4,109.5279,2026-08-15 17:30:00
1786816800000,63045.5,63081.5,63020.0,63022.9,154.2562,2026-08-15 18:00:00
1786818600000,63022.8,63028.1,63013.7,63028.0,166.7556,2026-08-15 18:30:00
1786820400000,63028.0,63089.9,63028.0,63071.3,139.2282,2026-08-15 19:00:00
1786822200000,63071.4,63091.7,63071.3,63091.6,168.4186,2026-08-15 19:30:00
1786824000000,63091.6,63091.7,63039.7,63050.8,140.6958,2026-08-15 20:00:00
1786825800000,63050.9,63078.8,63050.0,63078.8,66.1573,2026-08-15 20:30:00
1786827600000,63078.7,63116.0,63072.1,63116.0,141.4494,2026-08-15 21:00:00
1786829400000,63116.0,63135.0,63110.3,63126.1,172.0397,2026-08-15 21:30:00
1786831200000,63126.1,63139.0,63097.5,63120.0,216.3026,2026-08-15 22:00:00
1786833000000,63120.0,63143.0,63102.0,63102.0,154.895,2026-08-15 22:30:00
1786834800000,63102.0,63112.2,63077.2,63077.3,176.4982,2026-08-15 23:00:00
1786836600000,63077.2,63077.3,63056.0,63057.5,113.3152,2026-08-15 23:30:00
1786838400000,63057.4,63057.5,63040.5,63046.7,167.212,2026-08-16 00:00:00
1786840200000,63046.7,63063.1,63040.5,63058.1,169.5955,2026-08-16 00:30:00
1786842000000,63058.1,63058.1,63020.7,63026.9,140.8418,2026-08-16 01:00:00
1786843800000,63026.9,63050.7,62980.0,63050.7,283.5838,2026-08-16 01:30:00
1786845600000,63050.6,63096.4,62990.7,63088.9,400.5746,2026-08-16 02:00:00
1786847400000,63088.8,63120.0,63082.5,63091.2,422.4315,2026-08-16 02:30:00
1786849200000,63091.3,63095.0,63082.2,63094.9,117.0299,2026-08-16 03:00:00
1786851000000,63094.9,63099.0,63084.7,63098.9,184.2487,2026-08-16 03:30:00
1786852800000,63098.9,63122.2,63097.9,63122.2,124.6303,2026-08-16 04:00:00
1786854600000,63122.2,63122.2,63052.0,63052.1,139.3702,2026-08-16 04:30:00
1786856400000,63052.1,63065.8,63035.0,63039.1,125.7949,2026-08-16 05:00:00
1786858200000,63039.1,63050.0,63009.0,63029.8,282.1764,2026-08-16 05:30:00
1786860000000,63029.8,63044.8,63016.9,63042.0,227.4233,2026-08-16 06:00:00
1786861800000,63041.9,63059.6,63025.5,63033.8,132.5289,2026-08-16 06:30:00
1786863600000,63033.7,63035.2,63020.2,63033.5,110.2924,2026-08-16 07:00:00
1786865400000,63033.5,63033.5,63024.6,63031.0,173.3145,2026-08-16 07:30:00
1786867200000,63031.0,63046.1,63030.4,63043.3,214.5354,2026-08-16 08:00:00
1786869000000,63043.3,63046.4,63036.6,63036.6,147.4594,2026-08-16 08:30:00
1786870800000,63036.7,63036.7,63036.6,63036.6,43.2212,2026-08-16 09:00:00
1786872600000,63036.7,63036.7,62937.7,62965.1,464.8485,2026-08-16 09:30:00
1786874400000,62965.0,62994.5,62942.7,62994.5,363.3518,2026-08-16 10:00:00
1786876200000,62994.5,62994.5,62987.9,62987.9,116.6847,2026-08-16 10:30:00
1786878000000,62987.9,62988.8,62960.0,62964.9,147.0935,2026-08-16 11:00:00
1786879800000,62964.9,62986.8,62953.5,62986.5,224.507,2026-08-16 11:30:00
1786881600000,62986.5,63001.7,62986.5,62990.1,145.7587,2026-08-16 12:00:00
1786883400000,62990.1,62992.3,62964.0,62990.8,159.8709,2026-08-16 12:30:00
1786885200000,62990.8,63042.2,62990.7,63039.6,208.5464,2026-08-16 13:00:00
1786887000000,63039.7,63039.7,63030.8,63030.8,85.493,2026-08-16 13:30:00
1786888800000,63030.9,63072.4,63025.6,63046.6,446.6216,2026-08-16 14:00:00
1786890600000,63046.5,63073.4,63041.4,63073.3,210.3927,2026-08-16 14:30:00
1786892400000,63073.3,63089.7,63073.3,63085.7,257.832,2026-08-16 15:00:00
1786894200000,63085.7,63106.9,63082.6,63106.9,326.4318,2026-08-16 15:30:00
1786896000000,63106.9,63326.8,63102.3,63287.4,2477.62,2026-08-16 16:00:00
1786897800000,63287.4,63363.5,63173.3,63228.3,1293.0276,2026-08-16 16:30:00
1786899600000,63228.3,63245.0,63150.4,63161.9,426.7997,2026-08-16 17:00:00
1786901400000,63162.0,63166.0,63079.9,63129.2,928.9426,2026-08-16 17:30:00
1786903200000,63129.2,63151.3,63086.0,63130.0,382.9921,2026-08-16 18:00:00
1786905000000,63129.9,63130.0,63117.5,63121.1,172.6289,2026-08-16 18:30:00
1786906800000,63121.1,63194.5,63121.1,63191.4,208.5833,2026-08-16 19:00:00
1786908600000,63191.4,63203.3,63058.9,63080.9,387.6806,2026-08-16 19:30:00
1786910400000,63081.0,63117.5,63060.7,63070.8,221.1971,2026-08-16 20:00:00
1786912200000,63070.7,63090.3,63000.0,63045.0,422.7278,2026-08-16 20:30:00
1786914000000,63044.9,63059.7,63000.1,63006.7,299.0567,2026-08-16 21:00:00
1786915800000,63006.7,63016.0,62700.0,62900.0,1817.8279,2026-08-16 21:30:00
1786917600000,62900.1,62935.2,62760.1,62826.1,759.4553,2026-08-16 22:00:00
1786919400000,62826.1,62886.9,62685.0,62886.9,1255.0748,2026-08-16 22:30:00
1786921200000,62887.0,62970.2,62801.3,62828.5,692.9464,2026-08-16 23:00:00
1786923000000,62828.5,62906.9,62811.9,62878.8,415.2037,2026-08-16 23:30:00
1786924800000,62878.7,62913.6,62737.7,62846.9,720.4117,2026-08-17 00:00:00
1786926600000,62846.9,62935.0,62726.2,62888.3,723.9617,2026-08-17 00:30:00
1786928400000,62888.2,63168.2,62866.8,63102.7,1787.5532,2026-08-17 01:00:00
1786930200000,63102.8,63226.9,63075.8,63075.9,1366.9255,2026-08-17 01:30:00
1786932000000,63075.9,63183.0,63002.5,63152.0,860.4856,2026-08-17 02:00:00
1786933800000,63152.0,63476.8,63100.0,63377.9,3671.4963,2026-08-17 02:30:00
1786935600000,63377.9,63424.9,63307.2,63320.8,1236.6721,2026-08-17 03:00:00
1786937400000,63320.8,63499.5,63311.9,63405.0,1104.0959,2026-08-17 03:30:00
1786939200000,63405.0,63498.0,63404.9,63478.5,1580.8936,2026-08-17 04:00:00
1786941000000,63478.5,63554.8,63440.1,63511.5,1793.2336,2026-08-17 04:30:00
1786942800000,63511.5,63563.0,63411.4,63462.2,1837.8847,2026-08-17 05:00:00
1786944600000,63462.2,63500.0,63410.0,63487.2,638.1273,2026-08-17 05:30:00
1786946400000,63487.2,63590.0,63446.9,63552.4,1165.8862,2026-08-17 06:00:00
1786948200000,63552.4,63695.2,63532.9,63631.8,1733.4222,2026-08-17 06:30:00
1786950000000,63631.9,63637.0,63500.0,63555.9,751.9724,2026-08-17 07:00:00
1786951800000,63555.8,63555.9,63499.8,63499.9,867.7724,2026-08-17 07:30:00
1786953600000,63499.9,63525.4,63377.1,63397.0,1186.5591,2026-08-17 08:00:00
1786955400000,63397.0,63415.4,63318.2,63354.8,880.3357,2026-08-17 08:30:00
1786957200000,63354.9,63407.0,63300.9,63350.5,934.5788,2026-08-17 09:00:00
1786959000000,63350.6,63350.6,63260.9,63287.8,843.6311,2026-08-17 09:30:00
1786960800000,63287.7,63425.6,63265.0,63425.6,653.17,2026-08-17 10:00:00
1786962600000,63425.6,63666.0,63419.2,63656.0,2529.5367,2026-08-17 10:30:00
1786964400000,63655.9,63679.7,63609.6,63638.3,1044.5439,2026-08-17 11:00:00
1786966200000,63638.3,63761.2,63550.0,63593.0,2401.9233,2026-08-17 11:30:00
1786968000000,63593.0,63649.0,63499.0,63550.2,1264.4422,2026-08-17 12:00:00
1786969800000,63550.3,63610.0,63498.0,63518.7,931.7311,2026-08-17 12:30:00
1786971600000,63518.6,63550.0,63408.1,63469.0,904.9264,2026-08-17 13:00:00
1786973400000,63468.9,63775.7,63444.5,63640.7,2781.7402,2026-08-17 13:30:00
1786975200000,63640.7,63715.0,63550.5,63591.2,1340.5005,2026-08-17 14:00:00
1786977000000,63591.2,63876.5,63558.5,63868.9,2442.6774,2026-08-17 14:30:00
1786978800000,63869.0,64150.0,63773.4,64018.7,6056.6761,2026-08-17 15:00:00
1786980600000,64018.7,64200.0,63953.9,64170.0,3185.9408,2026-08-17 15:30:00
1786982400000,64170.0,64189.8,64018.2,64059.5,2619.3402,2026-08-17 16:00:00
1786984200000,64059.5,64145.7,64035.0,64084.7,1034.6043,2026-08-17 16:30:00
1786986000000,64084.7,64400.0,63946.0,64172.1,4515.5891,2026-08-17 17:00:00
1786987800000,64172.2,64323.1,64040.0,64296.2,2218.1559,2026-08-17 17:30:00
1786989600000,64296.2,64591.0,64250.2,64454.2,3588.5754,2026-08-17 18:00:00
1786991400000,64454.3,64479.9,64364.1,64399.7,1263.7917,2026-08-17 18:30:00
1786993200000,64399.7,64399.8,64282.3,64367.1,964.4102,2026-08-17 19:00:00
1786995000000,64367.1,64384.9,64253.0,64279.9,582.4874,2026-08-17 19:30:00
1786996800000,64279.9,64413.0,64233.7,64380.7,769.0682,2026-08-17 20:00:00
1786998600000,64380.8,64381.8,64293.7,64358.8,470.4389,2026-08-17 20:30:00
1787000400000,64358.7,64403.8,64291.1,64295.0,394.4132,2026-08-17 21:00:00
1787002200000,64295.0,64360.0,64262.6,64345.0,569.8187,2026-08-17 21:30:00
1787004000000,64345.1,64386.7,64252.8,64261.3,546.8313,2026-08-17 22:00:00
1787005800000,64261.2,64309.5,64243.9,64256.3,239.6709,2026-08-17 22:30:00
1787007600000,64256.4,64458.6,64251.9,64458.6,617.6639,2026-08-17 23:00:00
1787009400000,64458.7,64550.0,64425.6,64500.0,1327.0637,2026-08-17 23:30:00
1787011200000,64500.1,64531.4,64386.4,64432.0,861.6958,2026-08-18 00:00:00
1787013000000,64432.0,64432.0,64327.4,64348.3,875.7153,2026-08-18 00:30:00
1787014800000,64348.3,64348.3,64261.1,64299.6,767.6189,2026-08-18 01:00:00
1787016600000,64299.6,64320.0,64121.4,64180.0,1042.004,2026-08-18 01:30:00
1787018400000,64179.9,64251.3,64121.6,64128.1,1116.6662,2026-08-18 02:00:00
1787020200000,64128.2,64183.1,64022.0,64073.4,1646.807,2026-08-18 02:30:00
1787022000000,64073.4,64120.0,64054.0,64083.1,904.3996,2026-08-18 03:00:00
1787023800000,64083.0,64174.4,64009.5,64147.6,1289.9807,2026-08-18 03:30:00
1787025600000,64147.6,64147.6,64057.1,64120.8,848.1869,2026-08-18 04:00:00
1787027400000,64120.8,64218.3,64120.8,64185.0,1024.5862,2026-08-18 04:30:00
1787029200000,64185.0,64248.4,64144.8,64225.1,1010.1144,2026-08-18 05:00:00
1787031000000,64225.1,64226.0,64107.8,64200.7,748.8,2026-08-18 05:30:00
1787032800000,64200.7,64329.2,64120.9,64316.1,1181.2785,2026-08-18 06:00:00
1787034600000,64316.2,64423.2,64250.0,64294.0,1831.9212,2026-08-18 06:30:00
1787036400000,64294.0,64329.0,64250.5,64250.5,891.2351,2026-08-18 07:00:00
1787038200000,64250.5,64251.0,64136.0,64174.4,953.4157,2026-08-18 07:30:00
1787040000000,64174.4,64214.2,64058.0,64187.7,1374.6778,2026-08-18 08:00:00
1787041800000,64187.7,64310.0,64174.1,64261.0,620.663,2026-08-18 08:30:00
1787043600000,64260.9,64260.9,64123.0,64132.5,591.965,2026-08-18 09:00:00
1787045400000,64132.5,64163.1,64108.8,64144.6,491.0044,2026-08-18 09:30:00
1787047200000,64144.6,64186.0,64105.0,64142.0,843.6631,2026-08-18 10:00:00
1787049000000,64142.0,64196.0,64141.9,64179.7,261.3917,2026-08-18 10:30:00
1787050800000,64179.8,64353.2,64168.6,64339.1,1171.9537,2026-08-18 11:00:00
1787052600000,64339.1,64378.5,64308.6,64322.2,563.5125,2026-08-18 11:30:00
1787054400000,64322.2,64324.1,64251.3,64270.0,573.0696,2026-08-18 12:00:00
1787056200000,64270.1,64270.2,64188.2,64192.3,562.3092,2026-08-18 12:30:00
1787058000000,64192.3,64192.3,64033.5,64045.8,1624.6544,2026-08-18 13:00:00
1787059800000,64045.7,64258.0,64016.3,64194.1,2537.3709,2026-08-18 13:30:00
1787061600000,64194.0,65016.6,64188.9,64967.7,9550.4541,2026-08-18 14:00:00
1787063400000,64967.7,65036.9,64633.0,64688.3,6020.2166,2026-08-18 14:30:00
1787065200000,64688.3,64812.6,64618.6,64772.1,1656.4524,2026-08-18 15:00:00
1787067000000,64772.0,64863.3,64762.8,64828.0,1084.183,2026-08-18 15:30:00
1787068800000,64828.0,64865.0,64665.5,64675.9,1328.9976,2026-08-18 16:00:00
1787070600000,64675.9,64852.6,64640.7,64807.0,1083.1435,2026-08-18 16:30:00
1787072400000,64807.1,64812.9,64728.3,64800.0,457.4768,2026-08-18 17:00:00
1787074200000,64799.9,64800.0,64641.0,64641.1,687.1101,2026-08-18 17:30:00
1787076000000,64641.0,64779.0,64631.4,64765.5,642.4248,2026-08-18 18:00:00
1787077800000,64765.5,64796.9,64726.0,64746.5,369.5506,2026-08-18 18:30:00
1787079600000,64746.4,64768.0,64675.2,64747.4,319.7373,2026-08-18 19:00:00
1787081400000,64747.3,64752.2,64612.9,64620.6,800.7059,2026-08-18 19:30:00
1787083200000,64620.6,64635.0,64561.5,64586.8,565.0102,2026-08-18 20:00:00
1787085000000,64586.9,64629.3,64539.7,64552.8,372.1549,2026-08-18 20:30:00
1787086800000,64552.9,64630.2,64552.8,64603.5,243.6331,2026-08-18 21:00:00
1787088600000,64603.5,64603.6,64540.0,64583.5,386.0085,2026-08-18 21:30:00
1787090400000,64583.4,64588.0,64530.0,64571.8,341.8304,2026-08-18 22:00:00
1787092200000,64571.8,64632.6,64568.6,64615.0,469.0184,2026-08-18 22:30:00
1787094000000,64614.9,64710.0,64603.5,64695.1,606.0948,2026-08-18 23:00:00
1787095800000,64695.1,64789.1,64695.0,64700.6,971.6743,2026-08-18 23:30:00
1787097600000,64700.6,64712.8,64518.7,64576.6,1330.2981,2026-08-19 00:00:00
1787099400000,64576.7,64630.0,64456.2,64462.9,1151.8033,2026-08-19 00:30:00
1787101200000,64462.9,64529.9,64409.0,64464.4,2013.9088,2026-08-19 01:00:00
1787103000000,64464.8,64471.3,64367.9,64379.6,876.7824,2026-08-19 01:30:00
1787104800000,64379.5,64392.9,64322.2,64370.6,1140.8952,2026-08-19 02:00:00
1787106600000,64370.5,64399.8,64325.0,64330.0,671.5239,2026-08-19 02:30:00
1787108400000,64330.1,64398.5,64251.2,64335.3,1496.1632,2026-08-19 03:00:00
1787110200000,64335.3,64355.1,64297.3,64304.4,510.8389,2026-08-19 03:30:00
1787112000000,64304.3,64370.0,64269.9,64336.1,505.7688,2026-08-19 04:00:00
1787113800000,64336.0,64348.6,64280.0,64293.0,496.7612,2026-08-19 04:30:00
1787115600000,64292.9,64391.4,64285.0,64330.0,580.5351,2026-08-19 05:00:00
1787117400000,64329.9,64332.0,64200.0,64213.5,997.4675,2026-08-19 05:30:00
1787119200000,64213.5,64281.4,64141.9,64246.0,1347.8256,2026-08-19 06:00:00
1787121000000,64246.0,64321.5,64225.0,64319.6,947.6168,2026-08-19 06:30:00
1787122800000,64319.5,64358.2,64245.4,64317.3,1334.2124,2026-08-19 07:00:00
1787124600000,64317.3,64375.0,64265.6,64266.1,697.3257,2026-08-19 07:30:00
1787126400000,64266.1,64303.3,64220.0,64267.1,898.5473,2026-08-19 08:00:00
1787128200000,64267.1,64486.4,64261.6,64382.4,1664.7328,2026-08-19 08:30:00
1787130000000,64382.4,64444.0,64337.7,64357.3,635.174,2026-08-19 09:00:00
1787131800000,64357.3,64396.0,64326.0,64392.3,410.0296,2026-08-19 09:30:00
1787133600000,64392.3,64392.4,64336.7,64370.8,335.7322,2026-08-19 10:00:00
1787135400000,64370.7,64435.2,64348.2,64425.0,599.9445,2026-08-19 10:30:00
1787137200000,64425.1,64518.9,64420.0,64473.0,930.4793,2026-08-19 11:00:00
1787139000000,64472.9,64499.9,64428.6,64477.6,672.5804,2026-08-19 11:30:00
1787140800000,64477.6,64481.6,64435.8,64459.6,284.7952,2026-08-19 12:00:00
1787142600000,64459.7,64957.0,64450.4,64852.9,8765.5594,2026-08-19 12:30:00
1787144400000,64853.0,65005.0,64764.9,64977.1,3001.0449,2026-08-19 13:00:00
1787146200000,64977.2,65188.0,64766.5,64982.9,8716.045,2026-08-19 13:30:00
1787148000000,64983.0,65444.0,64983.0,65374.2,8493.2117,2026-08-19 14:00:00
1787149800000,65374.2,65980.0,65310.2,65894.6,11836.0647,2026-08-19 14:30:00
1787151600000,65894.6,70099.2,65856.4,68331.7,46467.2593,2026-08-19 15:00:00
1787153400000,68331.7,68854.1,67753.6,68530.1,17432.0397,2026-08-19 15:30:00
1787155200000,68530.0,68994.0,68509.5,68878.2,5983.9661,2026-08-19 16:00:00
1787157000000,68878.3,68881.3,68388.4,68444.1,2970.4735,2026-08-19 16:30:00
1787158800000,68444.0,68520.0,67819.5,67990.0,6401.0325,2026-08-19 17:00:00
1787160600000,67990.0,68245.0,67802.0,68176.3,3024.9223,2026-08-19 17:30:00
1787162400000,68176.4,68299.0,68010.2,68250.2,2091.5698,2026-08-19 18:00:00
1787164200000,68250.1,68440.5,68202.1,68362.3,1158.3669,2026-08-19 18:30:00
1787166000000,68362.2,68429.1,68068.7,68153.0,1738.0924,2026-08-19 19:00:00
1787167800000,68153.0,68456.0,68101.3,68405.0,1525.1809,2026-08-19 19:30:00
1787169600000,68405.0,68791.8,68355.9,68673.7,2877.518,2026-08-19 20:00:00
1787171400000,68673.7,69576.6,68591.8,69025.2,6824.1214,2026-08-19 20:30:00
1787173200000,69025.2,69918.7,68958.6,69612.1,6768.0463,2026-08-19 21:00:00
1787175000000,69612.1,70054.0,69345.6,69698.9,4205.8336,2026-08-19 21:30:00
1787176800000,69698.9,69824.0,69121.6,69122.6,2807.382,2026-08-19 22:00:00
1787178600000,69122.6,69458.3,68942.6,69236.2,2657.1374,2026-08-19 22:30:00
1787180400000,69236.2,69438.0,69188.3,69352.0,1451.5355,2026-08-19 23:00:00
1787182200000,69352.0,69371.8,69130.8,69307.8,1109.5207,2026-08-19 23:30:00
1787184000000,69307.9,69769.1,69285.4,69600.0,2590.5233,2026-08-20 00:00:00
1787185800000,69599.9,69689.0,69345.5,69395.7,2296.827,2026-08-20 00:30:00
1787187600000,69395.7,69489.9,69250.0,69303.3,1612.8108,2026-08-20 01:00:00
1787189400000,69303.3,69859.0,69267.2,69694.8,2748.7073,2026-08-20 01:30:00
1787191200000,69694.8,69796.4,69465.0,69489.6,1721.6678,2026-08-20 02:00:00
1787193000000,69489.6,69529.5,69238.9,69292.3,1915.023,2026-08-20 02:30:00
1787194800000,69292.2,69295.0,68878.4,68958.7,3161.277,2026-08-20 03:00:00
1787196600000,68958.6,69339.6,68955.3,69180.1,1480.7749,2026-08-20 03:30:00
1787198400000,69180.1,69392.7,69149.2,69345.9,1129.9509,2026-08-20 04:00:00
1787200200000,69345.9,69600.0,69212.6,69480.0,1231.4793,2026-08-20 04:30:00
1787202000000,69480.1,69650.0,69432.5,69565.3,1061.1388,2026-08-20 05:00:00
1787203800000,69565.4,69612.7,69343.1,69402.1,1332.8557,2026-08-20 05:30:00
1787205600000,69402.2,69689.0,69334.0,69583.9,1505.3564,2026-08-20 06:00:00
1787207400000,69584.0,69915.0,69575.2,69828.4,2892.0785,2026-08-20 06:30:00
1787209200000,69828.5,70030.3,69568.0,69663.9,3433.0839,2026-08-20 07:00:00
1787211000000,69664.0,69820.0,69483.0,69819.9,1923.0636,2026-08-20 07:30:00
1787212800000,69820.0,71579.5,69776.9,71327.7,18613.8121,2026-08-20 08:00:00
1787214600000,71327.8,71794.9,71154.5,71549.9,7135.3141,2026-08-20 08:30:00
1787216400000,71550.0,72059.3,71456.0,71795.0,6751.5002,2026-08-20 09:00:00
1787218200000,71795.0,72022.2,71651.9,71778.9,3611.5552,2026-08-20 09:30:00
1787220000000,71778.9,72492.9,71680.1,72010.3,7625.3685,2026-08-20 10:00:00
1787221800000,72010.4,72017.7,71726.4,71969.8,2454.8585,2026-08-20 10:30:00
1787223600000,71969.9,72119.1,71803.3,71860.2,1883.0263,2026-08-20 11:00:00
1787225400000,71860.2,72299.4,71777.0,71891.3,3643.0216,2026-08-20 11:30:00
1787227200000,71891.3,71962.7,71452.7,71812.8,4450.7897,2026-08-20 12:00:00
1787229000000,71812.8,72003.0,71472.2,71917.9,3484.1634,2026-08-20 12:30:00
1787230800000,71917.9,72082.3,71811.5,71928.9,2545.4302,2026-08-20 13:00:00
1787232600000,71928.9,71935.9,71068.5,71659.9,8566.1602,2026-08-20 13:30:00
1787234400000,71659.9,71958.9,71317.7,71416.7,3088.0938,2026-08-20 14:00:00
1787236200000,71416.7,71799.2,71375.0,71790.4,1951.5218,2026-08-20 14:30:00
1787238000000,71790.3,72559.3,71754.4,72389.9,8282.8565,2026-08-20 15:00:00
1787239800000,72390.0,72845.0,72125.6,72438.2,6255.8976,2026-08-20 15:30:00
1787241600000,72438.3,72488.0,72180.0,72381.7,2096.6724,2026-08-20 16:00:00
1787243400000,72381.7,72888.0,72250.1,72817.3,3252.2363,2026-08-20 16:30:00
1787245200000,72817.3,72852.1,72486.0,72773.1,2688.5751,2026-08-20 17:00:00
1787247000000,72773.1,72939.0,72629.5,72700.4,2198.6705,2026-08-20 17:30:00
1787248800000,72700.4,72775.0,72423.4,72654.4,2240.3733,2026-08-20 18:00:00
1787250600000,72654.4,72668.6,72345.3,72393.0,1258.0472,2026-08-20 18:30:00
1787252400000,72392.9,72604.6,72284.8,72565.3,934.7779,2026-08-20 19:00:00
1787254200000,72565.3,72737.2,72503.6,72649.9,869.2652,2026-08-20 19:30:00
1787256000000,72649.9,72883.8,72589.2,72792.7,885.9553,2026-08-20 20:00:00
1787257800000,72792.7,73070.0,72551.0,72634.3,2215.8513,2026-08-20 20:30:00
1787259600000,72634.3,72816.2,72520.1,72626.3,631.4272,2026-08-20 21:00:00
1787261400000,72626.2,72796.1,72617.7,72700.8,503.5292,2026-08-20 21:30:00
1787263200000,72700.9,72795.9,72456.0,72755.6,910.7073,2026-08-20 22:00:00
1787265000000,72755.7,72846.5,72635.5,72641.8,677.6649,2026-08-20 22:30:00
1787266800000,72641.8,73414.8,72624.1,73183.2,4375.1641,2026-08-20 23:00:00
1787268600000,73183.2,73360.0,72952.4,72996.6,1598.2242,2026-08-20 23:30:00
1787270400000,72996.6,73880.0,72984.5,73689.9,6300.4174,2026-08-21 00:00:00
1787272200000,73690.0,73970.0,73490.0,73672.4,3270.3425,2026-08-21 00:30:00
1787274000000,73672.4,74888.0,73630.0,74690.0,11968.7596,2026-08-21 01:00:00
1787275800000,74690.1,75770.0,74510.6,75101.5,13974.4682,2026-08-21 01:30:00
1787277600000,75101.5,75164.6,74630.0,74945.7,5218.8262,2026-08-21 02:00:00
1787279400000,74945.7,75079.6,74350.0,74411.1,3929.9973,2026-08-21 02:30:00
1787281200000,74411.2,74614.1,74209.5,74579.5,2454.1033,2026-08-21 03:00:00
1787283000000,74579.5,74866.1,74410.0,74487.8,2837.5971,2026-08-21 03:30:00
1787284800000,74487.7,74919.0,74487.7,74790.0,1706.6592,2026-08-21 04:00:00
1787286600000,74789.9,75029.7,74750.0,74999.9,1708.1598,2026-08-21 04:30:00
1787288400000,75000.0,75494.9,74881.4,75172.2,5926.1846,2026-08-21 05:00:00
1787290200000,75172.3,75444.4,75070.0,75442.7,1982.6107,2026-08-21 05:30:00
1787292000000,75442.7,75513.3,75068.1,75306.0,3073.1385,2026-08-21 06:00:00
1787293800000,75306.1,75707.9,75247.3,75609.8,3589.8405,2026-08-21 06:30:00
1787295600000,75609.9,76880.6,75580.0,76372.6,14262.3776,2026-08-21 07:00:00
1787297400000,76372.7,76804.4,76205.0,76303.3,5853.4302,2026-08-21 07:30:00
1787299200000,76303.3,77420.0,76251.1,77217.7,12113.8225,2026-08-21 08:00:00
1787301000000,77217.7,79603.1,77144.0,79275.8,25756.8907,2026-08-21 08:30:00
1787302800000,79275.9,79386.9,77250.0,77715.5,21940.3183,2026-08-21 09:00:00
1787304600000,77715.6,78361.9,77570.0,77907.6,6437.7635,2026-08-21 09:30:00
1787306400000,77907.6,78252.3,77611.0,77918.4,4020.635,2026-08-21 10:00:00
1787308200000,77918.4,78000.0,77605.0,77814.7,2062.8237,2026-08-21 10:30:00
1787310000000,77814.6,77866.8,77200.0,77424.7,4901.7957,2026-08-21 11:00:00
1787311800000,77424.7,77453.2,76392.8,76759.7,8909.5534,2026-08-21 11:30:00
1787313600000,76759.7,77029.6,76545.6,76708.2,2853.8587,2026-08-21 12:00:00
1787315400000,76708.2,77513.0,76649.9,77233.3,4286.2643,2026-08-21 12:30:00
1787317200000,77233.3,77408.8,76848.6,77107.5,2705.261,2026-08-21 13:00:00
1787319000000,77107.4,77720.0,76228.4,77250.1,9544.0629,2026-08-21 13:30:00
1787320800000,77250.2,77265.0,76539.5,77058.1,5726.1217,2026-08-21 14:00:00
1787322600000,77058.1,77463.4,76859.5,77388.3,2579.2305,2026-08-21 14:30:00
1787324400000,77388.3,77888.0,77324.5,77613.9,4342.5223,2026-08-21 15:00:00
1787326200000,77613.9,77750.0,77157.0,77222.8,2056.6348,2026-08-21 15:30:00
1787328000000,77222.7,77388.0,76755.0,77388.0,3817.9904,2026-08-21 16:00:00
1787329800000,77388.0,77571.2,77222.2,77463.1,1774.493,2026-08-21 16:30:00
1787331600000,77463.1,77720.2,77166.7,77549.9,2748.3334,2026-08-21 17:00:00
1787333400000,77550.0,77646.2,77300.1,77378.1,1412.2535,2026-08-21 17:30:00
1787335200000,77378.0,77527.3,77237.5,77377.3,1060.4207,2026-08-21 18:00:00
1787337000000,77377.3,77432.0,76611.0,77117.0,3497.121,2026-08-21 18:30:00
1787338800000,77117.1,77314.0,76829.2,77293.1,1666.1797,2026-08-21 19:00:00
1787340600000,77293.0,77330.1,76958.7,76999.0,1215.1644,2026-08-21 19:30:00
1787342400000,76999.0,77497.5,76802.7,77457.5,2099.8647,2026-08-21 20:00:00
1787344200000,77457.4,77515.9,77262.8,77489.9,859.5647,2026-08-21 20:30:00
1787346000000,77489.9,78194.1,77349.7,78074.9,3182.4965,2026-08-21 21:00:00
1787347800000,78075.0,78696.6,77967.1,78499.8,4087.8945,2026-08-21 21:30:00
1787349600000,78499.8,78769.9,78160.1,78495.4,2677.4828,2026-08-21 22:00:00
1787351400000,78495.3,78623.1,78054.1,78449.9,2238.8954,2026-08-21 22:30:00
1787353200000,78450.0,78720.0,78320.0,78395.2,1750.2665,2026-08-21 23:00:00
1787355000000,78395.2,78500.0,78101.7,78317.5,1448.2765,2026-08-21 23:30:00
1787356800000,78317.4,78491.8,77705.3,77900.6,2472.0803,2026-08-22 00:00:00
1787358600000,77900.6,78049.5,77666.7,77933.3,1610.9741,2026-08-22 00:30:00
1787360400000,77933.3,78190.0,77877.6,77997.2,1001.9664,2026-08-22 01:00:00
1787362200000,77997.3,78234.7,77800.6,77813.0,1121.7363,2026-08-22 01:30:00
1787364000000,77812.9,78460.0,77777.0,78368.5,1196.5293,2026-08-22 02:00:00
1787365800000,78368.5,78550.0,78142.9,78479.6,1666.6164,2026-08-22 02:30:00
1787367600000,78479.7,78796.0,78352.6,78751.9,1892.2938,2026-08-22 03:00:00
1787369400000,78751.8,78819.9,78370.3,78402.1,1452.6944,2026-08-22 03:30:00
1787371200000,78402.0,78586.0,78194.0,78578.5,1596.8067,2026-08-22 04:00:00
1787373000000,78578.5,78812.1,78450.0,78455.5,1725.4365,2026-08-22 04:30:00
1787374800000,78455.4,78580.0,76438.5,77290.0,12273.8393,2026-08-22 05:00:00
1787376600000,77290.0,77568.0,76893.0,77371.9,3583.8998,2026-08-22 05:30:00
1787378400000,77371.9,77433.0,77136.1,77238.5,1456.2888,2026-08-22 06:00:00
1787380200000,77238.4,77550.0,76966.7,77480.1,2323.1807,2026-08-22 06:30:00
1787382000000,77480.0,77661.3,77201.9,77473.0,1871.3431,2026-08-22 07:00:00
1787383800000,77473.0,77497.5,77256.9,77282.0,862.4387,2026-08-22 07:30:00
1787385600000,77282.0,77425.0,77086.1,77200.2,1203.3589,2026-08-22 08:00:00
1787387400000,77200.2,77305.1,77000.4,77191.2,1232.8038,2026-08-22 08:30:00
1787389200000,77191.3,77374.6,77039.9,77193.3,1145.0161,2026-08-22 09:00:00
1787391000000,77193.2,77237.5,76812.0,77051.8,1845.9573,2026-08-22 09:30:00
1787392800000,77051.7,77061.1,76501.8,76945.3,3730.0392,2026-08-22 10:00:00
1787394600000,76945.3,77200.0,76855.1,76981.7,1884.0982,2026-08-22 10:30:00
1787396400000,76981.8,77084.5,76810.2,76986.4,971.922,2026-08-22 11:00:00
1787398200000,76986.4,77229.0,76948.3,77133.5,931.1535,2026-08-22 11:30:00
1787400000000,77133.6,77349.8,77079.2,77329.9,1065.2994,2026-08-22 12:00:00
1787401800000,77329.9,77400.0,77202.1,77297.0,684.2874,2026-08-22 12:30:00
1787403600000,77297.0,77315.0,77120.0,77176.2,688.3196,2026-08-22 13:00:00
1787405400000,77176.3,77400.0,77108.6,77293.9,827.8525,2026-08-22 13:30:00
1787407200000,77293.9,77333.3,76925.6,77109.3,1123.7803,2026-08-22 14:00:00
1787409000000,77109.3,77180.3,76932.6,77019.9,838.8765,2026-08-22 14:30:00
1787410800000,77020.0,77107.0,76871.4,77000.1,579.0705,2026-08-22 15:00:00
1787412600000,77000.1,77122.8,76920.0,76987.9,651.8711,2026-08-22 15:30:00
1787414400000,76987.9,77255.0,76963.1,77206.1,951.8734,2026-08-22 16:00:00
1787416200000,77206.0,77584.8,77184.5,77294.0,2381.5793,2026-08-22 16:30:00
1787418000000,77294.1,77362.9,77057.1,77102.8,1341.8492,2026-08-22 17:00:00
1787419800000,77102.7,77385.2,77102.7,77287.0,563.3505,2026-08-22 17:30:00
1787421600000,77287.1,77365.6,77222.6,77309.8,303.2853,2026-08-22 18:00:00
1787423400000,77309.9,77337.9,77141.4,77269.4,324.9316,2026-08-22 18:30:00
1787425200000,77269.5,77353.8,77210.9,77289.6,273.2849,2026-08-22 19:00:00
1787427000000,77289.6,77480.1,77289.6,77419.0,536.7128,2026-08-22 19:30:00
1787428800000,77419.1,77467.1,77300.4,77300.5,334.5332,2026-08-22 20:00:00
1787430600000,77300.5,77419.0,77260.0,77321.9,359.181,2026-08-22 20:30:00
1787432400000,77321.8,77329.2,77030.9,77184.0,710.3191,2026-08-22 21:00:00
1787434200000,77184.0,77205.6,76828.7,76864.9,891.8807,2026-08-22 21:30:00
1787436000000,76864.9,77166.7,76763.7,77058.1,1205.526,2026-08-22 22:00:00
1787437800000,77058.1,77150.0,76882.3,77010.6,628.8583,2026-08-22 22:30:00
1787439600000,77010.7,77100.0,76958.0,76963.4,277.6644,2026-08-22 23:00:00
1787441400000,76963.4,77150.0,76910.8,77086.7,410.8837,2026-08-22 23:30:00
1787443200000,77086.7,77267.1,77062.1,77240.4,486.2652,2026-08-23 00:00:00
1787445000000,77240.4,77369.9,77239.4,77310.0,692.4524,2026-08-23 00:30:00
1787446800000,77310.1,77417.3,77179.9,77280.0,1012.247,2026-08-23 01:00:00
1787448600000,77280.0,77339.7,77163.7,77195.9,529.556,2026-08-23 01:30:00
1787450400000,77196.0,77219.0,77019.0,77120.0,755.6737,2026-08-23 02:00:00
1787452200000,77119.9,77237.5,77070.1,77087.6,604.7324,2026-08-23 02:30:00
1787454000000,77087.6,77162.4,77000.0,77000.0,570.0325,2026-08-23 03:00:00
1787455800000,77000.1,77015.5,76850.0,76950.1,1211.7872,2026-08-23 03:30:00
1787457600000,76950.1,77057.0,76701.0,76978.5,1617.9696,2026-08-23 04:00:00
1787459400000,76978.6,76988.9,76470.6,76624.0,3187.5674,2026-08-23 04:30:00
1787461200000,76624.0,76763.9,75513.2,76232.5,11580.1468,2026-08-23 05:00:00
1787463000000,76232.4,76347.1,76033.0,76071.4,1520.5212,2026-08-23 05:30:00
1787464800000,76071.4,76318.9,75880.0,76241.2,1788.0002,2026-08-23 06:00:00
1787466600000,76241.1,76368.0,76016.5,76108.6,1136.9567,2026-08-23 06:30:00
1787468400000,76108.7,76360.0,76030.0,76233.4,765.7876,2026-08-23 07:00:00
1787470200000,76233.4,76239.0,75921.5,76030.0,1151.4874,2026-08-23 07:30:00
1787472000000,76030.0,76314.9,75979.0,76241.5,1607.4526,2026-08-23 08:00:00
1787473800000,76241.6,76691.7,76241.6,76498.1,2715.5773,2026-08-23 08:30:00
1787475600000,76498.1,76647.4,76480.0,76556.6,773.7052,2026-08-23 09:00:00
1787477400000,76556.6,76649.9,76468.9,76550.0,580.8112,2026-08-23 09:30:00
1787479200000,76550.0,76939.8,76537.7,76756.9,2133.6548,2026-08-23 10:00:00
1787481000000,76756.9,76930.0,76743.1,76779.6,727.5144,2026-08-23 10:30:00
1787482800000,76779.7,77315.0,76732.1,77152.8,2464.1609,2026-08-23 11:00:00
1787484600000,77152.9,77380.0,77115.0,77299.1,1761.3113,2026-08-23 11:30:00
1787486400000,77299.1,77304.0,77003.3,77035.4,1293.5783,2026-08-23 12:00:00
1787488200000,77035.4,77259.0,77035.4,77200.1,607.8697,2026-08-23 12:30:00
1787490000000,77200.1,77777.0,77185.1,77427.9,3671.5304,2026-08-23 13:00:00
1787491800000,77427.9,77625.0,77335.6,77479.4,1239.7548,2026-08-23 13:30:00
1787493600000,77479.4,77633.1,77302.9,77437.0,1102.4733,2026-08-23 14:00:00
1787495400000,77437.0,77476.3,76770.0,77174.9,3696.516,2026-08-23 14:30:00
1787497200000,77175.0,77320.0,76855.0,77187.0,1616.1606,2026-08-23 15:00:00
1787499000000,77187.1,77300.0,77112.8,77137.8,644.3185,2026-08-23 15:30:00
1787500800000,77137.8,77319.5,77137.7,77307.3,578.8539,2026-08-23 16:00:00
1787502600000,77307.3,77471.8,77295.9,77400.1,795.7198,2026-08-23 16:30:00
1787504400000,77400.1,77432.4,77130.0,77244.5,941.6761,2026-08-23 17:00:00
1787506200000,77244.5,77316.0,77140.0,77166.3,553.9427,2026-08-23 17:30:00
1787508000000,77166.2,77388.0,77088.4,77330.0,904.4311,2026-08-23 18:00:00
1787509800000,77330.1,77350.5,77230.0,77326.6,211.1507,2026-08-23 18:30:00
1787511600000,77326.7,77390.8,77225.9,77334.7,312.7492,2026-08-23 19:00:00
1787513400000,77334.8,77480.7,77230.1,77320.8,428.1326,2026-08-23 19:30:00
1787515200000,77320.8,77399.4,77177.3,77354.7,429.4602,2026-08-23 20:00:00
1787517000000,77354.7,77439.9,77354.6,77381.9,168.2623,2026-08-23 20:30:00
1787518800000,77382.0,78054.2,77382.0,78014.7,2622.0038,2026-08-23 21:00:00
1787520600000,78014.6,78048.5,77514.9,77826.0,1758.0195,2026-08-23 21:30:00
1787522400000,77826.0,77976.4,77553.4,77650.6,1429.7374,2026-08-23 22:00:00
1787524200000,77650.6,77720.0,77550.1,77592.5,616.4039,2026-08-23 22:30:00
1787526000000,77592.5,77665.7,77275.1,77655.8,1084.7496,2026-08-23 23:00:00
1787527800000,77655.8,77825.1,77366.0,77725.7,1134.0616,2026-08-23 23:30:00
1787529600000,77725.8,77737.2,77229.9,77423.3,1239.8749,2026-08-24 00:00:00
1787531400000,77423.3,77670.0,77136.9,77669.9,1467.4147,2026-08-24 00:30:00
1787533200000,77669.9,77721.7,77203.2,77223.1,1425.4634,2026-08-24 01:00:00
1787535000000,77223.0,77360.0,76855.1,76903.4,1923.534,2026-08-24 01:30:00
1787536800000,76903.4,77498.9,76855.7,77424.9,1960.5379,2026-08-24 02:00:00
1787538600000,77424.9,77547.9,77218.0,77465.4,962.3901,2026-08-24 02:30:00
1787540400000,77465.5,77518.0,77099.6,77111.4,947.3388,2026-08-24 03:00:00
1787542200000,77111.3,77160.0,76920.0,76934.3,1365.7855,2026-08-24 03:30:00
1787544000000,76934.4,77257.3,76934.4,77219.5,810.8592,2026-08-24 04:00:00
1787545800000,77219.5,77237.6,76663.6,76905.5,2134.0157,2026-08-24 04:30:00
1787547600000,76905.5,77236.2,76843.6,77057.7,1666.6035,2026-08-24 05:00:00
1787549400000,77057.6,77185.5,76841.6,77143.2,758.8692,2026-08-24 05:30:00
1787551200000,77143.2,77456.0,77057.5,77345.7,1297.4196,2026-08-24 06:00:00
1787553000000,77345.7,77520.0,77216.1,77459.1,1246.8122,2026-08-24 06:30:00
1787554800000,77459.2,77777.7,77450.0,77579.1,1754.4651,2026-08-24 07:00:00
1787556600000,77579.2,77580.0,77264.6,77303.7,1111.7673,2026-08-24 07:30:00
1787558400000,77303.7,77409.2,76827.3,76915.7,2502.102,2026-08-24 08:00:00
1787560200000,76915.6,77142.0,76893.4,77036.5,1003.9133,2026-08-24 08:30:00
1787562000000,77036.5,77414.0,77016.2,77409.9,1627.5768,2026-08-24 09:00:00
1787563800000,77410.0,77584.0,77382.0,77536.7,1175.5193,2026-08-24 09:30:00
1787565600000,77536.8,77931.0,77520.2,77838.9,3673.3489,2026-08-24 10:00:00
1787567400000,77839.0,78006.0,77520.0,77608.1,2519.4324,2026-08-24 10:30:00
1787569200000,77608.1,77880.0,77429.0,77822.9,1427.0863,2026-08-24 11:00:00
1787571000000,77823.0,78589.0,77803.3,78420.7,6219.0248,2026-08-24 11:30:00
1787572800000,78420.7,78479.8,77936.7,78427.5,2077.7968,2026-08-24 12:00:00
1787574600000,78427.6,79327.0,78340.0,79136.6,7393.8935,2026-08-24 12:30:00
1787576400000,79136.6,79436.9,78849.9,78984.3,4115.5142,2026-08-24 13:00:00
1787578200000,78984.3,79009.9,77742.0,78560.7,8896.9156,2026-08-24 13:30:00
1787580000000,78560.6,79636.9,78545.2,79355.6,8437.5215,2026-08-24 14:00:00
1787581800000,79355.5,79810.0,79234.2,79470.0,6938.3523,2026-08-24 14:30:00
1787583600000,79470.0,79948.3,79311.9,79842.0,4719.0141,2026-08-24 15:00:00
1787585400000,79842.0,79998.9,78737.4,79055.5,7688.1229,2026-08-24 15:30:00
1787587200000,79055.5,79840.4,79052.4,79628.4,4967.4355,2026-08-24 16:00:00
1787589000000,79628.4,79741.9,78853.0,79023.6,3384.9697,2026-08-24 16:30:00
1787590800000,79023.7,79168.0,78400.1,78512.1,6898.7293,2026-08-24 17:00:00
1787592600000,78512.1,78827.6,78448.5,78730.0,2084.0363,2026-08-24 17:30:00
1787594400000,78730.0,79038.0,78700.0,78979.5,1650.7182,2026-08-24 18:00:00
1787596200000,78979.6,79058.8,78678.3,78898.1,1279.509,2026-08-24 18:30:00
1787598000000,78898.0,79100.0,78571.9,78845.4,2143.9519,2026-08-24 19:00:00
1787599800000,78845.5,78930.0,78555.6,78720.8,1106.991,2026-08-24 19:30:00
1787601600000,78720.7,78792.1,78520.5,78665.8,1003.8029,2026-08-24 20:00:00
1787603400000,78665.8,78963.0,78610.0,78906.0,919.7531,2026-08-24 20:30:00
1787605200000,78906.1,79015.3,78823.5,78898.4,495.5584,2026-08-24 21:00:00
1787607000000,78898.5,79017.5,78886.2,78952.1,334.2731,2026-08-24 21:30:00
1787608800000,78952.1,78958.9,78717.6,78748.8,500.659,2026-08-24 22:00:00
1787610600000,78748.8,78886.8,78649.3,78711.4,478.2376,2026-08-24 22:30:00
1787612400000,78711.3,78945.9,78586.0,78862.1,810.886,2026-08-24 23:00:00
1787614200000,78862.2,78975.1,78800.0,78954.0,507.4949,2026-08-24 23:30:00
1787616000000,78954.0,79044.0,78680.0,78764.0,1115.0853,2026-08-25 00:00:00
1787617800000,78763.9,79867.0,78712.9,79712.0,5138.131,2026-08-25 00:30:00
1787619600000,79712.0,79966.0,79436.1,79802.3,3208.9566,2026-08-25 01:00:00
1787621400000,79802.3,79888.0,79483.6,79808.8,1427.8075,2026-08-25 01:30:00
1787623200000,79808.9,81084.2,79706.0,80976.0,10943.2563,2026-08-25 02:00:00
1787625000000,80975.9,81266.4,80390.5,80618.2,6551.0864,2026-08-25 02:30:00
1787626800000,80618.2,80928.7,80480.0,80619.0,2215.1338,2026-08-25 03:00:00
1787628600000,80619.0,80850.0,80276.0,80447.3,2736.629,2026-08-25 03:30:00
1787630400000,80447.3,80580.3,80220.0,80237.7,1693.2839,2026-08-25 04:00:00
1787632200000,80237.8,80376.5,80126.9,80357.0,1347.4134,2026-08-25 04:30:00
1787634000000,80357.0,80733.1,80302.5,80627.2,1716.1087,2026-08-25 05:00:00
1787635800000,80627.2,80808.1,80575.3,80706.4,1243.2566,2026-08-25 05:30:00
1787637600000,80706.5,80888.0,80648.7,80718.7,1261.14,2026-08-25 06:00:00
1787639400000,80718.7,80721.0,80371.7,80546.9,1300.1629,2026-08-25 06:30:00
1787641200000,80547.0,80788.0,80517.6,80631.1,1153.4606,2026-08-25 07:00:00
1787643000000,80631.0,80668.5,79320.0,79665.4,6812.3874,2026-08-25 07:30:00
1787644800000,79665.4,80220.4,79572.5,80164.2,2710.6671,2026-08-25 08:00:00
1787646600000,80164.2,80190.3,79800.1,79897.6,1633.9169,2026-08-25 08:30:00
1787648400000,79897.7,79931.5,79674.1,79785.3,1377.01,2026-08-25 09:00:00
1787650200000,79785.3,79918.0,78843.2,79158.4,5643.7866,2026-08-25 09:30:00
1787652000000,79158.4,79400.0,78960.0,79247.9,1914.0176,2026-08-25 10:00:00
1787653800000,79248.0,79455.9,79203.0,79278.0,1026.0456,2026-08-25 10:30:00
1787655600000,79278.0,79372.0,79022.8,79225.0,1350.4236,2026-08-25 11:00:00
1787657400000,79225.0,79436.8,79000.2,79095.8,1510.0896,2026-08-25 11:30:00
1787659200000,79095.7,79151.9,78588.0,78861.3,4721.625,2026-08-25 12:00:00
1787661000000,78861.3,79068.5,78737.5,78955.2,1584.9857,2026-08-25 12:30:00
1787662800000,78955.1,79058.5,78521.3,78615.0,2882.3601,2026-08-25 13:00:00
1787664600000,78615.0,79210.0,78050.0,78619.9,7495.8767,2026-08-25 13:30:00
1787666400000,78620.0,79276.8,78491.4,79169.0,4868.9455,2026-08-25 14:00:00
1787668200000,79169.1,79333.0,78989.1,79201.0,2675.3926,2026-08-25 14:30:00
1787670000000,79201.0,79320.0,78950.4,79196.8,1960.4346,2026-08-25 15:00:00
1787671800000,79196.8,79486.0,79139.6,79462.2,1982.1175,2026-08-25 15:30:00
1787673600000,79462.1,79542.5,79022.4,79103.7,2111.8041,2026-08-25 16:00:00
1787675400000,79103.8,79330.0,79055.0,79117.0,1190.7868,2026-08-25 16:30:00
1787677200000,79117.0,79117.1,78699.7,78769.5,1916.8115,2026-08-25 17:00:00
1787679000000,78769.6,79218.2,78769.5,79202.7,1215.3122,2026-08-25 17:30:00
1787680800000,79202.7,79336.4,79176.3,79231.1,1032.9226,2026-08-25 18:00:00
1787682600000,79231.0,79231.1,79001.6,79082.8,559.4416,2026-08-25 18:30:00
1787684400000,79082.8,79189.3,78866.3,78882.1,761.1856,2026-08-25 19:00:00
1787686200000,78882.0,78908.0,78680.0,78889.7,1151.2535,2026-08-25 19:30:00
1787688000000,78889.7,78940.0,78629.1,78733.0,805.0786,2026-08-25 20:00:00
1787689800000,78733.0,78753.0,78128.0,78162.8,3089.6024,2026-08-25 20:30:00
1787691600000,78162.8,78452.6,77810.0,78429.0,3703.2114,2026-08-25 21:00:00
1787693400000,78428.9,78640.8,78335.7,78538.5,1539.5901,2026-08-25 21:30:00
1787695200000,78538.6,78980.0,78538.5,78620.0,2563.1415,2026-08-25 22:00:00
1787697000000,78620.1,78930.0,78563.7,78858.9,879.0854,2026-08-25 22:30:00
1787698800000,78858.9,78947.3,78598.0,78700.4,1112.0423,2026-08-25 23:00:00
1787700600000,78700.5,78770.0,78362.1,78506.1,1073.1806,2026-08-25 23:30:00
1787702400000,78506.1,78606.2,78263.4,78564.5,1190.8134,2026-08-26 00:00:00
1787704200000,78564.5,78684.4,78333.2,78603.3,1000.6908,2026-08-26 00:30:00
1787706000000,78603.3,78880.0,78577.3,78680.0,1314.8612,2026-08-26 01:00:00
1787707800000,78680.1,78930.9,78680.1,78787.0,748.8009,2026-08-26 01:30:00
1787709600000,78787.1,79234.3,78714.6,79196.5,1396.2441,2026-08-26 02:00:00
1787711400000,79196.5,79208.9,79012.2,79072.4,881.2763,2026-08-26 02:30:00
1787713200000,79072.3,79156.8,78956.0,79015.0,623.2739,2026-08-26 03:00:00
1787715000000,79015.0,79088.2,78860.0,79056.9,545.1293,2026-08-26 03:30:00
1787716800000,79057.0,79167.9,78929.8,78984.4,731.6818,2026-08-26 04:00:00
1787718600000,78984.4,79025.0,78757.0,78798.2,837.2491,2026-08-26 04:30:00
1787720400000,78798.2,79043.4,78603.8,78990.2,1378.3126,2026-08-26 05:00:00
1787722200000,78990.2,79107.5,78907.4,79049.8,856.9472,2026-08-26 05:30:00
1787724000000,79049.7,79176.5,78791.9,78870.7,1071.2413,2026-08-26 06:00:00
1787725800000,78870.8,78934.9,78760.3,78904.9,595.1417,2026-08-26 06:30:00
1787727600000,78904.8,79068.4,78830.0,78902.4,709.528,2026-08-26 07:00:00
1787729400000,78902.5,79020.0,78850.0,78884.7,559.2297,2026-08-26 07:30:00
1787731200000,78884.8,79080.3,78783.9,78945.9,931.686,2026-08-26 08:00:00
1787733000000,78945.9,78995.2,78556.1,78675.5,1743.6828,2026-08-26 08:30:00
1787734800000,78675.5,78847.0,78369.4,78505.5,2545.6284,2026-08-26 09:00:00
1787736600000,78505.5,78569.0,78209.7,78415.3,1595.5791,2026-08-26 09:30:00
1787738400000,78415.2,78610.7,78258.9,78600.3,1477.7412,2026-08-26 10:00:00
1787740200000,78600.3,78858.0,78535.9,78689.7,1509.2459,2026-08-26 10:30:00
1787742000000,78689.7,78750.0,78581.1,78587.1,741.5234,2026-08-26 11:00:00
1787743800000,78587.0,78593.5,78276.0,78447.4,1427.6175,2026-08-26 11:30:00
1787745600000,78447.3,78693.0,78247.7,78672.6,1657.4229,2026-08-26 12:00:00
1787747400000,78672.5,78672.6,77822.9,78279.5,5149.8143,2026-08-26 12:30:00
1787749200000,78279.5,78410.0,77867.4,78014.7,3363.9583,2026-08-26 13:00:00
1787751000000,78014.8,78519.6,78014.8,78404.5,3201.7389,2026-08-26 13:30:00
1787752800000,78404.6,78573.1,78160.0,78204.1,2439.2864,2026-08-26 14:00:00
1787754600000,78204.0,78250.7,77725.0,77759.3,4470.5024,2026-08-26 14:30:00
1787756400000,77759.3,78136.0,77554.5,78121.0,4399.6099,2026-08-26 15:00:00
1787758200000,78121.0,78135.9,77884.6,77979.9,1626.2253,2026-08-26 15:30:00
1787760000000,77979.9,78133.0,77941.5,78024.0,1205.3641,2026-08-26 16:00:00
1787761800000,78023.9,78143.3,77820.4,77961.6,1433.2274,2026-08-26 16:30:00
1787763600000,77961.7,78486.7,77961.7,78482.0,1960.5286,2026-08-26 17:00:00
1787765400000,78482.0,78588.0,78328.2,78406.3,1630.9061,2026-08-26 17:30:00
1787767200000,78406.3,78643.8,78361.7,78434.0,1134.4168,2026-08-26 18:00:00
1787769000000,78433.9,78468.0,78245.0,78437.9,988.4033,2026-08-26 18:30:00
1787770800000,78437.9,78533.0,78250.0,78492.0,601.6173,2026-08-26 19:00:00
1787772600000,78492.0,78509.2,78335.4,78431.7,565.219,2026-08-26 19:30:00
1787774400000,78431.8,78487.3,78150.9,78355.0,580.8624,2026-08-26 20:00:00
1787776200000,78354.9,78415.2,78247.6,78414.3,263.1174,2026-08-26 20:30:00
1787778000000,78414.3,78820.8,78342.5,78715.3,1271.0882,2026-08-26 21:00:00
1787779800000,78715.2,78798.0,78614.3,78683.7,492.211,2026-08-26 21:30:00
1787781600000,78683.8,78954.0,78643.4,78791.5,1575.5187,2026-08-26 22:00:00
1787783400000,78791.4,78791.4,78521.9,78661.9,922.0634,2026-08-26 22:30:00
1787785200000,78661.8,78860.0,78617.1,78824.1,805.8807,2026-08-26 23:00:00
1787787000000,78824.1,79150.2,78824.0,78993.2,2192.7843,2026-08-26 23:30:00
1787788800000,78993.3,79000.0,78784.6,78869.5,982.4102,2026-08-27 00:00:00
1787790600000,78869.4,78880.0,78660.0,78660.1,893.6437,2026-08-27 00:30:00
1787792400000,78660.0,78933.3,78504.4,78899.9,1633.3919,2026-08-27 01:00:00
1787794200000,78899.9,78988.0,78666.8,78869.5,1292.1789,2026-08-27 01:30:00
1787796000000,78869.6,78950.0,78691.4,78729.2,585.6285,2026-08-27 02:00:00
1787797800000,78729.2,78772.8,78673.3,78694.1,505.1669,2026-08-27 02:30:00
1787799600000,78694.1,78957.5,78607.1,78863.1,1121.4396,2026-08-27 03:00:00
1787801400000,78863.2,78888.0,78736.5,78797.6,759.8157,2026-08-27 03:30:00
1787803200000,78797.5,78862.0,78743.6,78743.7,346.4065,2026-08-27 04:00:00
1787805000000,78743.6,78786.8,78650.0,78739.6,626.4157,2026-08-27 04:30:00
1787806800000,78739.6,78767.9,78585.0,78630.9,542.4652,2026-08-27 05:00:00
1787808600000,78630.9,78899.0,78561.2,78876.9,1021.5725,2026-08-27 05:30:00
1787810400000,78877.0,78877.0,78575.7,78622.0,1070.6393,2026-08-27 06:00:00
1787812200000,78621.9,78819.1,78621.9,78782.4,721.4885,2026-08-27 06:30:00
1787814000000,78782.3,78833.4,78706.1,78757.2,554.7864,2026-08-27 07:00:00
1787815800000,78757.2,79063.1,78757.1,79040.1,1314.5543,2026-08-27 07:30:00
1787817600000,79040.0,79860.0,79001.8,79707.0,7444.8888,2026-08-27 08:00:00
1787819400000,79707.0,79999.0,79648.2,79720.0,3262.9122,2026-08-27 08:30:00
1787821200000,79720.0,80488.8,79635.8,80455.0,4840.0988,2026-08-27 09:00:00
1787823000000,80455.1,80499.9,79849.4,79955.6,3080.3338,2026-08-27 09:30:00
1787824800000,79955.5,80129.6,79302.9,79630.7,4202.8996,2026-08-27 10:00:00
1787826600000,79630.7,79649.6,79323.2,79600.0,2299.1673,2026-08-27 10:30:00
1787828400000,79599.9,79744.9,79461.3,79494.3,1345.6504,2026-08-27 11:00:00
1787830200000,79494.3,79535.8,79100.0,79445.9,2186.8155,2026-08-27 11:30:00
1787832000000,79446.0,79571.8,79337.1,79512.8,958.9536,2026-08-27 12:00:00
1787833800000,79512.9,79517.4,79216.0,79241.2,1144.7596,2026-08-27 12:30:00
1787835600000,79241.2,79453.0,79227.0,79311.7,1189.1159,2026-08-27 13:00:00
1787837400000,79311.7,79541.0,78853.4,79494.0,3961.7333,2026-08-27 13:30:00
1787839200000,79494.1,79875.0,79312.8,79873.9,3976.6201,2026-08-27 14:00:00
1787841000000,79873.9,80351.2,79753.9,80162.4,4946.0548,2026-08-27 14:30:00
1787842800000,80162.3,80776.7,80045.2,80559.9,4934.6298,2026-08-27 15:00:00
1787844600000,80560.0,80570.0,80251.2,80258.8,2171.2587,2026-08-27 15:30:00
1787846400000,80258.9,80497.1,80136.7,80362.5,1942.0727,2026-08-27 16:00:00
1787848200000,80362.6,80592.4,80219.9,80322.2,1807.0549,2026-08-27 16:30:00
1787850000000,80322.3,80799.9,80173.8,80672.6,2844.2764,2026-08-27 17:00:00
1787851800000,80672.6,80764.7,80378.8,80395.6,1473.2407,2026-08-27 17:30:00
1787853600000,80395.7,80395.7,79706.3,79880.8,3001.7239,2026-08-27 18:00:00
1787855400000,79880.8,80117.0,79774.8,80116.7,890.6939,2026-08-27 18:30:00
1787857200000,80116.7,80259.0,80000.0,80144.4,929.3985,2026-08-27 19:00:00
1787859000000,80144.5,80196.6,79831.7,79870.0,812.6398,2026-08-27 19:30:00
1787860800000,79870.0,80093.2,79838.0,79955.2,476.7356,2026-08-27 20:00:00
1787862600000,79955.2,80067.5,79923.0,80067.5,375.6986,2026-08-27 20:30:00
1787864400000,80067.5,80126.3,79952.3,79996.9,380.7271,2026-08-27 21:00:00
1787866200000,79996.9,80156.9,79939.3,80140.5,328.1524,2026-08-27 21:30:00
1787868000000,80140.5,80409.9,80140.5,80202.6,932.3395,2026-08-27 22:00:00
1787869800000,80202.5,80267.0,80111.1,80267.0,418.5978,2026-08-27 22:30:00
1787871600000,80267.0,80371.0,80100.0,80280.6,621.0657,2026-08-27 23:00:00
1787873400000,80280.6,80290.7,80150.0,80211.9,386.8723,2026-08-27 23:30:00
1787875200000,80212.0,80436.2,80111.7,80390.0,1185.8614,2026-08-28 00:00:00
1787877000000,80390.0,80676.5,80310.6,80544.2,1785.4969,2026-08-28 00:30:00
1787878800000,80544.2,81158.0,80538.7,81100.5,4400.0848,2026-08-28 01:00:00
1787880600000,81100.5,81520.0,80407.0,80476.8,6512.9876,2026-08-28 01:30:00
1787882400000,80476.8,80476.8,79877.5,79883.2,3269.9855,2026-08-28 02:00:00
1787884200000,79883.3,80128.1,79675.1,79889.3,2883.6542,2026-08-28 02:30:00
1787886000000,79889.4,80017.4,79739.5,79867.4,1268.9564,2026-08-28 03:00:00
1787887800000,79867.3,79957.0,79746.5,79780.0,702.6422,2026-08-28 03:30:00
1787889600000,79780.0,79942.8,79564.0,79780.4,2472.6171,2026-08-28 04:00:00
1787891400000,79780.4,79811.0,79585.1,79607.6,907.9488,2026-08-28 04:30:00
1787893200000,79607.6,79700.0,79523.3,79694.5,1054.4384,2026-08-28 05:00:00
1787895000000,79694.4,79845.4,79616.2,79658.5,1219.7058,2026-08-28 05:30:00
1787896800000,79658.6,79882.4,79658.5,79793.0,892.8281,2026-08-28 06:00:00
1787898600000,79792.9,79970.5,79760.0,79863.4,845.5258,2026-08-28 06:30:00
1787900400000,79863.5,79863.5,79625.0,79763.9,938.3022,2026-08-28 07:00:00
1787902200000,79763.9,79769.9,79519.6,79647.4,1676.6889,2026-08-28 07:30:00
1787904000000,79647.3,79843.4,79647.3,79752.5,1162.9615,2026-08-28 08:00:00
1787905800000,79752.5,79798.4,79439.6,79490.0,1667.8012,2026-08-28 08:30:00
1787907600000,79489.9,79493.8,79218.4,79358.4,2018.1677,2026-08-28 09:00:00
1787909400000,79358.3,79422.9,79248.5,79258.2,942.7121,2026-08-28 09:30:00
1787911200000,79258.2,79307.7,78950.8,79276.0,2705.8998,2026-08-28 10:00:00
1787913000000,79276.0,79544.9,79262.8,79540.3,1477.4858,2026-08-28 10:30:00
1787914800000,79540.3,79749.2,79530.0,79644.7,1897.8053,2026-08-28 11:00:00
1787916600000,79644.7,79721.9,79519.3,79570.1,844.9721,2026-08-28 11:30:00
1787918400000,79570.0,79691.6,79478.6,79488.4,758.5937,2026-08-28 12:00:00
1787920200000,79488.4,79500.0,79269.0,79390.8,1357.369,2026-08-28 12:30:00
1787922000000,79390.7,79454.7,79028.1,79171.3,1498.3569,2026-08-28 13:00:00
1787923800000,79171.2,79538.0,79000.0,79284.3,3019.5105,2026-08-28 13:30:00
1787925600000,79284.1,79701.1,78388.0,78908.4,10869.4582,2026-08-28 14:00:00
1787927400000,78908.4,79675.9,78801.3,79509.9,6913.8146,2026-08-28 14:30:00
1787929200000,79510.0,79860.0,79176.5,79308.6,3154.9862,2026-08-28 15:00:00
1787931000000,79308.6,79320.2,78246.7,78294.1,5745.0811,2026-08-28 15:30:00
1787932800000,78294.1,78372.0,76847.3,77507.8,17299.8107,2026-08-28 16:00:00
1787934600000,77507.9,77973.1,77478.8,77761.2,5736.2063,2026-08-28 16:30:00
1787936400000,77761.2,78150.0,77629.9,77913.4,3204.5352,2026-08-28 17:00:00
1787938200000,77913.4,77976.9,77663.3,77877.4,1217.403,2026-08-28 17:30:00
1787940000000,77877.4,77915.0,77470.4,77559.7,1882.1415,2026-08-28 18:00:00
1787941800000,77559.8,77600.0,77238.2,77533.6,2842.9199,2026-08-28 18:30:00
1787943600000,77533.6,77787.4,77490.0,77670.1,1638.9093,2026-08-28 19:00:00
1787945400000,77670.0,77675.8,77341.6,77549.9,1250.7304,2026-08-28 19:30:00
1787947200000,77549.9,77587.9,77364.0,77482.0,1072.6848,2026-08-28 20:00:00
1787949000000,77482.0,77482.0,77280.0,77385.3,663.3479,2026-08-28 20:30:00
1787950800000,77385.3,77414.9,77300.0,77385.1,354.8529,2026-08-28 21:00:00
1787952600000,77385.1,77508.0,77217.0,77346.7,557.3403,2026-08-28 21:30:00
1787954400000,77346.7,77568.8,77311.5,77546.3,498.3461,2026-08-28 22:00:00
1787956200000,77546.2,77745.0,77538.0,77728.1,922.1253,2026-08-28 22:30:00
1787958000000,77728.0,77749.9,77630.1,77653.6,496.7253,2026-08-28 23:00:00
1787959800000,77653.7,77820.7,77612.3,77813.0,444.344,2026-08-28 23:30:00
1787961600000,77812.9,77918.2,77757.8,77865.1,1075.7853,2026-08-29 00:00:00
1787963400000,77865.1,77865.1,77682.0,77695.0,1132.91,2026-08-29 00:30:00
1787965200000,77694.9,77761.5,77563.2,77758.6,882.63,2026-08-29 01:00:00
1787967000000,77758.6,77807.6,77720.3,77760.5,350.4328,2026-08-29 01:30:00
1787968800000,77760.6,77791.6,77540.0,77598.5,656.0297,2026-08-29 02:00:00
1787970600000,77598.4,77679.9,77552.3,77635.1,421.3774,2026-08-29 02:30:00
1787972400000,77635.1,77696.1,77606.2,77656.0,328.3536,2026-08-29 03:00:00
1787974200000,77656.0,77674.9,77470.0,77475.0,509.103,2026-08-29 03:30:00
1787976000000,77475.0,77591.0,77475.0,77576.3,380.0994,2026-08-29 04:00:00
1787977800000,77576.4,77649.8,77548.9,77615.6,413.3101,2026-08-29 04:30:00
1787979600000,77615.6,77676.6,77590.2,77625.5,370.3762,2026-08-29 05:00:00
1787981400000,77625.4,77683.7,77566.7,77600.0,355.8942,2026-08-29 05:30:00
1787983200000,77600.0,77606.3,77350.0,77383.8,1135.7733,2026-08-29 06:00:00
1787985000000,77383.8,77466.0,77383.7,77430.1,536.7856,2026-08-29 06:30:00
1787986800000,77430.0,77499.8,77403.4,77487.4,393.3388,2026-08-29 07:00:00
1787988600000,77487.3,77633.6,77477.1,77581.3,632.5738,2026-08-29 07:30:00
1787990400000,77581.4,77582.7,77439.4,77559.0,440.4488,2026-08-29 08:00:00
1787992200000,77559.0,77597.4,77474.2,77597.3,369.2911,2026-08-29 08:30:00
1787994000000,77597.4,77650.0,77487.7,77589.9,1060.824,2026-08-29 09:00:00
1787995800000,77589.9,77717.8,77589.9,77612.1,622.3904,2026-08-29 09:30:00
1787997600000,77612.0,77684.3,77476.0,77629.4,527.7987,2026-08-29 10:00:00
1787999400000,77629.4,77687.4,77600.0,77600.0,326.3703,2026-08-29 10:30:00
1788001200000,77600.1,77690.0,77581.1,77658.8,165.3522,2026-08-29 11:00:00
1788003000000,77658.8,77667.5,77530.0,77554.7,250.847,2026-08-29 11:30:00
1788004800000,77554.7,77626.8,77505.5,77555.0,234.793,2026-08-29 12:00:00
1788006600000,77554.9,77568.1,77476.8,77555.8,315.3264,2026-08-29 12:30:00
1788008400000,77555.7,77699.8,77533.4,77615.3,550.9999,2026-08-29 13:00:00
1788010200000,77615.3,77686.9,77601.3,77662.5,200.9226,2026-08-29 13:30:00
1788012000000,77662.4,77725.5,77621.1,77662.1,489.6991,2026-08-29 14:00:00
1788013800000,77662.1,78125.0,77648.8,77975.2,2874.4044,2026-08-29 14:30:00
1788015600000,77975.2,77982.7,77817.6,77862.6,938.4579,2026-08-29 15:00:00
1788017400000,77862.5,77901.1,77762.1,77821.7,620.6675,2026-08-29 15:30:00
1788019200000,77821.7,78080.0,77814.8,77911.2,948.0828,2026-08-29 16:00:00
1788021000000,77911.2,78055.0,77850.0,77981.0,547.529,2026-08-29 16:30:00
1788022800000,77981.0,78063.9,77945.2,77947.4,367.5531,2026-08-29 17:00:00
1788024600000,77947.3,78062.8,77858.0,78062.7,339.9589,2026-08-29 17:30:00
1788026400000,78062.7,78119.9,77982.8,78012.1,408.2593,2026-08-29 18:00:00
1788028200000,78012.1,78239.8,77975.0,78117.6,1016.1998,2026-08-29 18:30:00
1788030000000,78117.6,78299.0,78117.5,78212.5,636.2353,2026-08-29 19:00:00
1788031800000,78212.5,78234.6,78099.4,78152.4,383.0103,2026-08-29 19:30:00
1788033600000,78152.3,78264.9,78128.9,78136.9,300.4142,2026-08-29 20:00:00
1788035400000,78136.8,78136.8,78071.4,78086.4,273.568,2026-08-29 20:30:00
1788037200000,78086.3,78155.9,78020.0,78070.7,371.7663,2026-08-29 21:00:00
1788039000000,78070.8,78163.8,78035.0,78127.8,170.317,2026-08-29 21:30:00
1788040800000,78127.8,78183.4,78050.0,78114.9,300.402,2026-08-29 22:00:00
1788042600000,78114.8,78206.2,78107.3,78192.3,180.373,2026-08-29 22:30:00
1788044400000,78192.4,78227.0,78158.2,78223.3,291.7572,2026-08-29 23:00:00
1788046200000,78223.2,78245.0,78185.0,78194.6,396.3742,2026-08-29 23:30:00
1788048000000,78194.5,78299.0,78107.5,78180.1,490.7659,2026-08-30 00:00:00
1788049800000,78180.0,78267.8,78137.7,78138.6,256.7257,2026-08-30 00:30:00
1788051600000,78138.6,78149.9,77937.0,77979.7,713.3289,2026-08-30 01:00:00
1788053400000,77979.8,78098.9,77950.3,78041.7,462.5164,2026-08-30 01:30:00
1788055200000,78041.7,78095.8,77975.0,78003.7,400.754,2026-08-30 02:00:00
1788057000000,78003.8,78141.4,77971.8,78069.8,397.6294,2026-08-30 02:30:00
1788058800000,78069.7,78137.3,78025.0,78136.0,261.2261,2026-08-30 03:00:00
1788060600000,78136.0,78198.7,78104.3,78104.4,389.3448,2026-08-30 03:30:00
1788062400000,78104.4,78188.0,78059.1,78087.1,283.7545,2026-08-30 04:00:00
1788064200000,78087.1,78087.1,77950.0,78083.3,506.2025,2026-08-30 04:30:00
1788066000000,78083.3,78191.1,78083.3,78114.0,282.5695,2026-08-30 05:00:00
1788067800000,78114.0,78114.0,78085.2,78103.2,111.601,2026-08-30 05:30:00
1788069600000,78103.2,78166.0,78084.2,78153.0,182.7794,2026-08-30 06:00:00
1788071400000,78152.9,78288.0,78152.9,78249.9,693.3996,2026-08-30 06:30:00
1788073200000,78249.9,78263.9,78188.9,78189.3,229.1147,2026-08-30 07:00:00
1788075000000,78189.3,78189.3,78077.1,78083.5,434.4707,2026-08-30 07:30:00
1788076800000,78083.6,78172.2,78083.5,78124.3,336.6638,2026-08-30 08:00:00
1788078600000,78124.3,78124.3,78001.6,78047.6,518.0778,2026-08-30 08:30:00
1788080400000,78047.5,78096.8,77952.0,77964.8,481.4685,2026-08-30 09:00:00
1788082200000,77964.7,78034.3,77960.0,77972.0,448.8129,2026-08-30 09:30:00
1788084000000,77972.0,78095.0,77916.0,78015.3,687.6097,2026-08-30 10:00:00
1788085800000,78015.4,78120.0,78012.5,78110.4,271.322,2026-08-30 10:30:00
1788087600000,78110.5,78188.0,78110.4,78188.0,315.2776,2026-08-30 11:00:00
1788089400000,78188.0,78200.0,78084.0,78137.4,595.186,2026-08-30 11:30:00
1788091200000,78137.4,78686.5,78137.4,78592.3,4753.8678,2026-08-30 12:00:00
1788093000000,78592.2,78819.8,78505.1,78756.2,2375.6578,2026-08-30 12:30:00
1788094800000,78756.2,78800.0,78550.0,78691.9,984.6182,2026-08-30 13:00:00
1788096600000,78692.0,78935.3,78640.3,78818.9,1725.1604,2026-08-30 13:30:00
1788098400000,78818.9,78915.0,78732.8,78823.3,1042.6299,2026-08-30 14:00:00
1788100200000,78823.3,78902.0,78680.3,78744.4,610.8099,2026-08-30 14:30:00
1788102000000,78744.4,78838.9,78585.0,78745.0,1182.4801,2026-08-30 15:00:00
1788103800000,78745.1,78860.0,78741.2,78786.4,621.4422,2026-08-30 15:30:00
1788105600000,78786.4,79254.6,78700.0,78999.7,3444.5839,2026-08-30 16:00:00
1788107400000,78999.8,79387.8,78980.0,79307.7,2657.8516,2026-08-30 16:30:00
1788109200000,79307.7,79309.4,78726.7,78900.2,2660.7099,2026-08-30 17:00:00
1788111000000,78900.2,79049.3,78842.2,78989.4,896.2352,2026-08-30 17:30:00
1788112800000,78989.4,79041.8,78730.8,78977.6,705.5569,2026-08-30 18:00:00
1788114600000,78977.6,79149.4,78977.6,79006.0,779.2859,2026-08-30 18:30:00
1788116400000,79005.9,79015.9,78870.7,78880.1,364.3833,2026-08-30 19:00:00
1788118200000,78880.1,78912.0,78678.3,78828.7,658.1019,2026-08-30 19:30:00
1788120000000,78828.6,78902.3,78810.0,78810.0,259.5267,2026-08-30 20:00:00
1788121800000,78810.1,78858.7,78368.8,78560.0,1548.2388,2026-08-30 20:30:00
1788123600000,78560.0,78633.8,78178.0,78601.8,2099.0631,2026-08-30 21:00:00
1788125400000,78601.8,78700.0,78508.3,78616.5,526.7415,2026-08-30 21:30:00
1788127200000,78616.6,78780.0,78268.0,78350.6,1391.1688,2026-08-30 22:00:00
1788129000000,78350.6,78516.9,78236.1,78396.1,694.8269,2026-08-30 22:30:00
1788130800000,78396.0,78425.0,77603.2,77648.9,4075.4416,2026-08-30 23:00:00
1788132600000,77649.0,77856.0,76916.6,77640.2,5404.04,2026-08-30 23:30:00
1788134400000,77640.3,77948.6,77398.1,77874.3,2728.4979,2026-08-31 00:00:00
1788136200000,77874.3,78160.0,77848.4,77901.5,1492.8104,2026-08-31 00:30:00
1788138000000,77901.5,77968.8,77525.5,77744.7,1651.7258,2026-08-31 01:00:00
1788139800000,77744.6,77924.9,77585.0,77605.8,1051.3112,2026-08-31 01:30:00
1788141600000,77605.7,77977.7,77481.6,77838.8,1643.797,2026-08-31 02:00:00
1788143400000,77838.9,77906.7,77350.0,77438.1,1422.8749,2026-08-31 02:30:00
1788145200000,77438.1,77720.4,77355.5,77688.9,1157.1159,2026-08-31 03:00:00
1788147000000,77688.9,77831.0,77632.4,77718.0,902.1783,2026-08-31 03:30:00
1788148800000,77718.1,77734.8,77461.4,77485.3,1250.6042,2026-08-31 04:00:00
1788150600000,77485.2,77637.5,77424.8,77590.1,1138.608,2026-08-31 04:30:00
1788152400000,77590.0,78133.2,77477.5,77968.7,2614.3281,2026-08-31 05:00:00
1788154200000,77968.7,78031.3,77830.7,77980.1,978.3959,2026-08-31 05:30:00
1788156000000,77980.1,78085.0,77826.1,77988.1,1276.8383,2026-08-31 06:00:00
1788157800000,77988.2,78130.0,77887.0,78050.5,1105.254,2026-08-31 06:30:00
1788159600000,78050.4,78290.0,78000.0,78179.8,1391.4358,2026-08-31 07:00:00
1788161400000,78179.9,78257.9,78091.1,78164.4,744.1016,2026-08-31 07:30:00
1788163200000,78164.5,78333.5,77953.0,78061.2,1432.7008,2026-08-31 08:00:00
1788165000000,78061.3,78475.8,78037.7,78436.8,1649.6257,2026-08-31 08:30:00
1788166800000,78436.9,78790.9,78351.9,78615.9,2910.0707,2026-08-31 09:00:00
1788168600000,78615.9,78778.9,78478.0,78483.0,1296.5866,2026-08-31 09:30:00
1788170400000,78483.1,78495.7,78266.2,78413.1,1401.7931,2026-08-31 10:00:00
1788172200000,78413.1,78721.0,78343.5,78681.6,1036.0731,2026-08-31 10:30:00
1788174000000,78681.6,78681.6,78432.8,78452.4,821.8188,2026-08-31 11:00:00
1788175800000,78452.4,78452.4,78260.8,78281.5,879.7214,2026-08-31 11:30:00
1788177600000,78281.6,78510.0,78022.2,78055.2,2323.4534,2026-08-31 12:00:00
1788179400000,78055.2,78137.4,77634.5,77904.0,3315.8572,2026-08-31 12:30:00
1788181200000,77904.0,78178.9,77850.1,78019.9,1829.7399,2026-08-31 13:00:00
1788183000000,78019.9,78265.2,77689.9,77830.0,3713.4826,2026-08-31 13:30:00
1788184800000,77830.0,78068.0,77714.9,77997.9,1809.1402,2026-08-31 14:00:00
1788186600000,77997.9,78650.0,77940.0,78570.8,4381.2056,2026-08-31 14:30:00
1788188400000,78571.1,78658.7,78168.0,78427.9,2254.7095,2026-08-31 15:00:00
1788190200000,78427.9,78744.8,78366.8,78542.2,1856.8217,2026-08-31 15:30:00
1788192000000,78542.2,78765.1,78470.3,78615.5,1290.2184,2026-08-31 16:00:00
1788193800000,78615.5,78855.1,78529.9,78596.0,1427.4032,2026-08-31 16:30:00
1788195600000,78595.9,78785.0,78459.5,78509.3,1289.3584,2026-08-31 17:00:00
1788197400000,78509.3,78999.0,78500.0,78863.8,2011.4628,2026-08-31 17:30:00
1788199200000,78863.8,79064.8,78738.6,78872.9,1392.5764,2026-08-31 18:00:00
1788201000000,78872.9,79200.0,78850.9,78976.3,1340.0783,2026-08-31 18:30:00
1788202800000,78976.4,79238.9,78976.4,79057.5,867.719,2026-08-31 19:00:00
1788204600000,79057.5,79110.0,78814.4,78863.6,819.6926,2026-08-31 19:30:00
1788206400000,78863.7,79138.4,78831.0,78884.5,604.3785,2026-08-31 20:00:00
1788208200000,78884.6,78926.6,78751.6,78823.3,544.5015,2026-08-31 20:30:00
1788210000000,78823.3,78940.4,78692.7,78921.8,712.5132,2026-08-31 21:00:00
1788211800000,78921.8,79038.8,78914.0,78920.0,627.4788,2026-08-31 21:30:00
1788213600000,78920.0,78975.0,78700.2,78721.4,526.4349,2026-08-31 22:00:00
1788215400000,78721.4,78727.1,78534.2,78552.2,669.01,2026-08-31 22:30:00
1788217200000,78552.1,78552.2,78355.0,78539.2,880.0829,2026-08-31 23:00:00
1788219000000,78539.2,78555.0,78463.3,78549.9,320.6704,2026-08-31 23:30:00
1788220800000,78549.9,78869.9,78519.2,78821.8,941.2513,2026-09-01 00:00:00
1788222600000,78821.7,78850.0,78529.8,78610.3,830.4994,2026-09-01 00:30:00
1788224400000,78610.4,78764.7,78371.9,78378.1,1138.9007,2026-09-01 01:00:00
1788226200000,78378.2,78554.3,78322.9,78372.0,833.7499,2026-09-01 01:30:00
1788228000000,78372.1,78372.1,78133.4,78194.4,1641.3675,2026-09-01 02:00:00
1788229800000,78194.4,78434.6,78194.4,78420.0,583.5973,2026-09-01 02:30:00
1788231600000,78420.0,78476.8,78363.5,78449.4,537.5614,2026-09-01 03:00:00
1788233400000,78449.5,78847.1,78442.2,78654.6,1672.4708,2026-09-01 03:30:00
1788235200000,78654.7,78917.9,78623.2,78794.2,798.4614,2026-09-01 04:00:00
1788237000000,78794.1,78828.6,78650.0,78698.7,511.6047,2026-09-01 04:30:00
1788238800000,78698.8,78978.7,78698.8,78960.0,962.5268,2026-09-01 05:00:00
1788240600000,78960.0,79185.7,78926.4,79140.1,2600.5531,2026-09-01 05:30:00
1788242400000,79140.1,79140.2,78780.0,78856.9,1695.8032,2026-09-01 06:00:00
1788244200000,78857.0,78910.0,78696.8,78696.8,643.2716,2026-09-01 06:30:00
1788246000000,78696.8,78773.3,78664.0,78744.0,765.0923,2026-09-01 07:00:00
1788247800000,78744.0,78771.0,78460.9,78599.4,1310.2679,2026-09-01 07:30:00
1788249600000,78599.4,78628.5,77834.6,77861.4,4508.0025,2026-09-01 08:00:00
1788251400000,77861.3,78023.5,77785.0,77849.0,2856.2987,2026-09-01 08:30:00
1788253200000,77849.0,77947.7,77755.6,77892.7,1602.974,2026-09-01 09:00:00
1788255000000,77892.7,78022.7,77825.0,77877.4,1049.5043,2026-09-01 09:30:00
1788256800000,77877.3,78015.2,77720.6,77979.5,1578.8597,2026-09-01 10:00:00
1788258600000,77979.4,78159.0,77952.3,77989.5,1287.0085,2026-09-01 10:30:00
1788260400000,77989.6,78020.1,77851.2,77974.7,796.7757,2026-09-01 11:00:00
1788262200000,77974.8,78180.2,77919.3,78060.0,1148.9869,2026-09-01 11:30:00
1788264000000,78060.0,78117.6,77870.3,77951.8,1105.109,2026-09-01 12:00:00
1788265800000,77951.8,78050.0,77712.7,77968.3,2429.5582,2026-09-01 12:30:00
1788267600000,77968.4,77981.5,77400.9,77855.4,3539.1554,2026-09-01 13:00:00
1788269400000,77855.4,78178.0,77475.0,78038.0,4313.862,2026-09-01 13:30:00
1788271200000,78038.1,78388.0,78011.8,78212.3,3369.1035,2026-09-01 14:00:00
1788273000000,78212.4,78386.7,78093.1,78135.5,1701.6049,2026-09-01 14:30:00
1788274800000,78135.5,78135.5,77681.8,77831.7,2505.2255,2026-09-01 15:00:00
1788276600000,77831.8,78072.3,77775.2,77882.1,1112.8421,2026-09-01 15:30:00
1788278400000,77882.1,77940.0,77423.5,77586.9,2996.1192,2026-09-01 16:00:00
1788280200000,77586.8,77622.0,77270.0,77560.4,2491.4078,2026-09-01 16:30:00
1788282000000,77560.4,77625.4,77375.7,77482.3,758.3249,2026-09-01 17:00:00
1788283800000,77482.2,77689.4,77180.0,77233.1,1864.1158,2026-09-01 17:30:00
1788285600000,77233.1,77296.0,76664.0,77025.2,6097.2291,2026-09-01 18:00:00
1788287400000,77025.1,77132.0,76385.0,77124.9,6424.377,2026-09-01 18:30:00
1788289200000,77124.9,77442.9,77073.0,77319.6,2229.7155,2026-09-01 19:00:00
1788291000000,77319.5,77349.6,77162.3,77284.8,775.6865,2026-09-01 19:30:00
1788292800000,77284.8,77450.0,77200.0,77368.8,749.9709,2026-09-01 20:00:00
1788294600000,77368.9,77440.0,77301.0,77420.0,574.2759,2026-09-01 20:30:00
1788296400000,77420.1,77498.5,76871.8,77164.5,2213.4691,2026-09-01 21:00:00
1788298200000,77164.4,77242.8,77001.7,77177.9,610.7294,2026-09-01 21:30:00
1788300000000,77177.9,77287.4,77037.5,77037.8,633.9832,2026-09-01 22:00:00
1788301800000,77037.7,77333.0,76993.8,77240.9,1149.1392,2026-09-01 22:30:00
1788303600000,77240.9,77362.1,77184.0,77362.0,481.6583,2026-09-01 23:00:00
1788305400000,77362.0,77645.0,77345.9,77399.3,1656.9281,2026-09-01 23:30:00
1788307200000,77399.2,77490.2,77229.9,77230.0,910.5148,2026-09-02 00:00:00
1788309000000,77230.0,77308.4,77100.0,77185.7,860.8926,2026-09-02 00:30:00
1788310800000,77185.7,77350.2,77112.2,77122.9,1290.2367,2026-09-02 01:00:00
1788312600000,77122.9,77160.6,76667.3,76986.6,3303.2344,2026-09-02 01:30:00
1788314400000,76986.5,77319.3,76919.9,77290.9,1666.4073,2026-09-02 02:00:00
1788316200000,77290.8,77298.0,77105.1,77298.0,1307.2995,2026-09-02 02:30:00
1788318000000,77298.0,77770.8,77272.8,77614.0,2459.7293,2026-09-02 03:00:00
1788319800000,77614.1,77625.6,77472.1,77530.6,1452.334,2026-09-02 03:30:00
1788321600000,77530.6,77530.7,77242.4,77398.0,1280.8755,2026-09-02 04:00:00
1788323400000,77398.1,77578.6,77392.3,77520.0,691.7456,2026-09-02 04:30:00
1788325200000,77519.9,77734.5,77399.2,77705.0,1269.6974,2026-09-02 05:00:00
1788327000000,77705.1,77728.5,77542.2,77623.1,845.7784,2026-09-02 05:30:00
1788328800000,77623.1,77690.0,77504.8,77509.9,891.6878,2026-09-02 06:00:00
1788330600000,77510.0,77651.5,77421.3,77583.2,733.1762,2026-09-02 06:30:00
1788332400000,77583.2,77730.0,77560.5,77564.1,595.0622,2026-09-02 07:00:00
1788334200000,77564.1,77601.3,77442.5,77449.2,528.3844,2026-09-02 07:30:00
1788336000000,77449.3,77520.0,77216.0,77216.4,1179.6079,2026-09-02 08:00:00
1788337800000,77216.5,77225.2,76716.8,76826.5,3625.4037,2026-09-02 08:30:00
1788339600000,76826.5,77026.0,76539.6,76869.4,2639.7751,2026-09-02 09:00:00
1788341400000,76869.4,76871.9,76456.0,76723.6,2698.353,2026-09-02 09:30:00
1788343200000,76723.6,76730.8,76535.8,76546.5,1212.1591,2026-09-02 10:00:00
1788345000000,76546.5,76675.9,76204.5,76653.5,4099.2096,2026-09-02 10:30:00
1788346800000,76653.4,76733.0,76315.0,76477.2,2821.9619,2026-09-02 11:00:00
1788348600000,76477.1,76812.2,76457.6,76799.7,1680.1048,2026-09-02 11:30:00
1788350400000,76799.8,77029.7,76650.0,76956.2,2488.0459,2026-09-02 12:00:00
1788352200000,76956.3,76956.3,76567.9,76576.3,1461.1919,2026-09-02 12:30:00
1788354000000,76576.3,76924.0,76576.3,76837.0,1348.1813,2026-09-02 13:00:00
1788355800000,76837.1,77419.2,76577.8,77119.2,5600.022,2026-09-02 13:30:00
1788357600000,77119.3,77459.6,76972.1,77304.9,2848.2031,2026-09-02 14:00:00
1788359400000,77304.9,77369.1,77030.0,77030.8,2054.0166,2026-09-02 14:30:00
1788361200000,77030.8,77153.8,76708.0,77009.0,2971.1175,2026-09-02 15:00:00
1788363000000,77009.0,77366.0,76949.0,77256.3,3126.4887,2026-09-02 15:30:00
1788364800000,77256.3,77550.8,77170.0,77425.0,2271.7416,2026-09-02 16:00:00
1788366600000,77425.0,77530.0,77139.3,77139.4,1807.8675,2026-09-02 16:30:00
1788368400000,77139.3,77217.4,76925.4,77071.4,1519.4708,2026-09-02 17:00:00
1788370200000,77071.4,77372.0,77050.0,77349.9,1181.7091,2026-09-02 17:30:00
1788372000000,77349.8,77500.0,77291.6,77413.2,929.1512,2026-09-02 18:00:00
1788373800000,77413.3,77418.5,77257.6,77345.1,554.602,2026-09-02 18:30:00
1788375600000,77345.1,77384.6,77128.3,77128.4,666.5283,2026-09-02 19:00:00
1788377400000,77128.4,77314.8,77088.4,77307.7,617.8299,2026-09-02 19:30:00
1788379200000,77307.8,77488.5,77170.5,77338.0,848.7711,2026-09-02 20:00:00
1788381000000,77338.1,77443.9,77261.8,77365.1,517.314,2026-09-02 20:30:00
1788382800000,77365.1,77365.1,77211.0,77254.4,290.8538,2026-09-02 21:00:00
1788384600000,77254.4,77400.0,77210.0,77249.9,360.1781,2026-09-02 21:30:00
1788386400000,77250.0,77250.0,76985.0,76986.8,614.8598,2026-09-02 22:00:00
1788388200000,76986.7,77133.6,76986.7,76995.9,342.9509,2026-09-02 22:30:00
1788390000000,76995.8,77187.0,76972.4,77165.2,598.259,2026-09-02 23:00:00
1788391800000,77165.1,77344.7,77083.3,77303.8,583.6989,2026-09-02 23:30:00
1788393600000,77303.7,77357.9,77000.0,77003.2,1029.5869,2026-09-03 00:00:00
1788395400000,77003.2,77108.5,76932.1,77033.5,968.8879,2026-09-03 00:30:00
1788397200000,77033.5,77400.0,76926.0,77397.3,1646.5612,2026-09-03 01:00:00
1788399000000,77397.4,77511.3,77256.8,77321.3,1238.0917,2026-09-03 01:30:00
1788400800000,77321.3,77590.0,77209.0,77563.9,1196.4221,2026-09-03 02:00:00
1788402600000,77563.9,77875.9,77517.5,77785.4,3253.0347,2026-09-03 02:30:00
1788404400000,77785.5,77847.4,77663.9,77699.2,1263.8318,2026-09-03 03:00:00
1788406200000,77699.2,77740.0,77600.0,77666.1,629.2446,2026-09-03 03:30:00
1788408000000,77666.1,77798.6,77516.0,77544.3,884.4331,2026-09-03 04:00:00
1788409800000,77544.2,77764.3,77512.0,77746.6,747.8611,2026-09-03 04:30:00
1788411600000,77746.7,77798.9,77050.0,77165.7,2614.2401,2026-09-03 05:00:00
1788413400000,77165.7,77797.0,77140.0,77772.0,2601.2623,2026-09-03 05:30:00
1788415200000,77771.9,77818.5,77658.0,77711.7,1031.2964,2026-09-03 06:00:00
1788417000000,77711.6,77811.8,77683.1,77792.1,851.3198,2026-09-03 06:30:00
1788418800000,77792.2,78149.9,77766.0,77907.9,3393.5772,2026-09-03 07:00:00
1788420600000,77908.0,78038.3,77563.6,77630.1,2033.8643,2026-09-03 07:30:00
1788422400000,77630.1,78035.7,77630.1,77947.8,1735.3646,2026-09-03 08:00:00
1788424200000,77947.9,77960.0,77720.9,77803.8,1015.7441,2026-09-03 08:30:00
1788426000000,77803.9,77941.2,77700.0,77700.0,813.0671,2026-09-03 09:00:00
1788427800000,77700.0,77750.3,77580.0,77580.1,1244.3564,2026-09-03 09:30:00
1788429600000,77580.0,77679.8,77489.7,77602.9,1215.1321,2026-09-03 10:00:00
1788431400000,77602.9,77745.5,77436.2,77705.5,1658.9317,2026-09-03 10:30:00
1788433200000,77705.4,77919.3,77672.5,77888.7,1440.6387,2026-09-03 11:00:00
1788435000000,77888.7,77980.7,77791.7,77900.1,1240.588,2026-09-03 11:30:00
1788436800000,77900.1,78113.2,77845.3,77932.8,1592.0858,2026-09-03 12:00:00
1788438600000,77932.8,78756.9,77932.8,78615.9,8088.1731,2026-09-03 12:30:00
1788440400000,78615.9,78678.3,78412.3,78454.0,2327.4967,2026-09-03 13:00:00
1788442200000,78454.1,78952.0,78400.2,78793.5,4846.9013,2026-09-03 13:30:00
1788444000000,78793.4,79666.0,78654.8,79629.0,7524.5232,2026-09-03 14:00:00
1788445800000,79628.9,80544.3,79555.0,80518.3,14129.4301,2026-09-03 14:30:00
1788447600000,80518.4,80945.3,80315.0,80713.5,9128.234,2026-09-03 15:00:00
1788449400000,80713.5,81338.4,80646.4,81319.9,7146.0307,2026-09-03 15:30:00
1788451200000,81319.9,81333.6,80580.0,80729.5,6082.0392,2026-09-03 16:00:00
1788453000000,80729.5,81000.0,80729.4,80929.8,1965.0744,2026-09-03 16:30:00
1788454800000,80929.9,81115.2,80843.4,80965.0,1600.6427,2026-09-03 17:00:00
1788456600000,80965.0,81158.0,80952.4,81009.9,1230.5184,2026-09-03 17:30:00
1788458400000,81009.9,81319.7,80901.1,80912.2,1822.1984,2026-09-03 18:00:00
1788460200000,80912.2,81232.8,80859.6,81220.0,900.4593,2026-09-03 18:30:00
1788462000000,81219.9,81641.2,81125.4,81507.0,4353.8853,2026-09-03 19:00:00
1788463800000,81506.9,81770.0,81341.7,81721.7,2702.6432,2026-09-03 19:30:00
1788465600000,81721.7,81750.0,81348.2,81494.3,1847.0907,2026-09-03 20:00:00
1788467400000,81494.3,81600.0,81370.0,81422.6,1141.4086,2026-09-03 20:30:00
1788469200000,81422.6,81768.8,81253.7,81730.0,1637.1179,2026-09-03 21:00:00
1788471000000,81730.0,82279.9,81386.7,81553.7,5052.3096,2026-09-03 21:30:00
1788472800000,81553.7,81580.0,81075.4,81091.3,1916.3064,2026-09-03 22:00:00
1788474600000,81091.3,81248.0,80852.7,81104.7,2177.7335,2026-09-03 22:30:00
1788476400000,81104.7,81250.6,81040.0,81250.5,863.1189,2026-09-03 23:00:00
1788478200000,81250.6,81314.0,81088.0,81228.7,918.8641,2026-09-03 23:30:00
1788480000000,81228.6,81325.3,81040.7,81109.0,1306.9554,2026-09-04 00:00:00
1788481800000,81108.8,81411.9,80925.0,80934.9,2053.9976,2026-09-04 00:30:00
1788483600000,80934.9,81070.0,80730.1,80795.3,1741.7772,2026-09-04 01:00:00
1788485400000,80795.3,80997.5,80727.3,80930.5,979.0103,2026-09-04 01:30:00
1788487200000,80930.6,80930.6,80650.0,80688.0,962.6201,2026-09-04 02:00:00
1788489000000,80688.0,80813.3,80620.4,80800.0,840.0188,2026-09-04 02:30:00
1788490800000,80799.9,80993.9,80799.0,80800.1,1004.7136,2026-09-04 03:00:00
1788492600000,80800.1,80933.3,80764.7,80799.2,514.1377,2026-09-04 03:30:00
1788494400000,80799.1,81247.0,80774.6,81220.9,1451.1862,2026-09-04 04:00:00
1788496200000,81220.9,81230.8,80975.7,81031.9,905.9694,2026-09-04 04:30:00
1788498000000,81032.0,81120.0,80895.3,80978.3,747.0898,2026-09-04 05:00:00
1788499800000,80978.2,81022.0,80812.7,80950.2,725.3839,2026-09-04 05:30:00
1788501600000,80950.2,81051.4,80658.4,80688.0,791.4463,2026-09-04 06:00:00
1788503400000,80688.0,80831.0,80520.6,80777.0,2044.1917,2026-09-04 06:30:00
1788505200000,80776.9,80936.4,80751.5,80825.5,814.6873,2026-09-04 07:00:00
1788507000000,80825.4,80875.0,80620.4,80631.8,968.1899,2026-09-04 07:30:00
1788508800000,80631.7,80969.0,80466.0,80946.0,2094.0662,2026-09-04 08:00:00
1788510600000,80945.9,81200.0,80933.2,81108.8,2240.8535,2026-09-04 08:30:00
1788512400000,81108.8,81268.8,80886.9,81000.0,2049.2523,2026-09-04 09:00:00
1788514200000,81000.0,81188.0,80950.0,81010.5,1110.7778,2026-09-04 09:30:00
1788516000000,81010.4,81092.3,80786.1,80918.2,1274.3499,2026-09-04 10:00:00
1788517800000,80918.2,81174.6,80870.3,81148.3,1002.2801,2026-09-04 10:30:00
1788519600000,81148.3,81378.8,81043.1,81291.5,1345.2825,2026-09-04 11:00:00
1788521400000,81291.5,81315.0,81161.0,81183.4,907.4701,2026-09-04 11:30:00
1788523200000,81183.4,81331.6,81080.0,81294.2,1273.7069,2026-09-04 12:00:00
1788525000000,81294.1,81294.1,79135.0,79420.0,23749.2332,2026-09-04 12:30:00
1788526800000,79420.1,79550.0,79151.0,79276.3,4003.1333,2026-09-04 13:00:00
1788528600000,79276.4,79688.0,78910.3,79344.7,7191.6613,2026-09-04 13:30:00
1788530400000,79344.8,79542.0,79035.6,79337.8,2874.7394,2026-09-04 14:00:00
1788532200000,79337.7,79435.0,78610.6,78872.1,6612.7361,2026-09-04 14:30:00
1788534000000,78872.1,79388.0,78746.3,79371.9,2724.2854,2026-09-04 15:00:00
1788535800000,79372.0,79516.0,79306.0,79378.9,1577.7196,2026-09-04 15:30:00
1788537600000,79378.9,79543.5,79335.2,79509.6,848.5377,2026-09-04 16:00:00
1788539400000,79509.6,79828.1,79489.9,79704.2,3405.6931,2026-09-04 16:30:00
1788541200000,79704.2,79713.4,79458.0,79467.4,1273.2087,2026-09-04 17:00:00
1788543000000,79467.5,79540.0,79324.0,79426.0,1123.5575,2026-09-04 17:30:00
1788544800000,79425.9,79576.2,79425.9,79494.1,624.8175,2026-09-04 18:00:00
1788546600000,79494.1,79624.3,79492.0,79576.4,457.9155,2026-09-04 18:30:00
1788548400000,79576.5,79777.0,79576.5,79762.3,732.9996,2026-09-04 19:00:00
1788550200000,79762.3,79769.5,79591.0,79749.7,655.2918,2026-09-04 19:30:00
1788552000000,79749.6,79824.2,79705.9,79717.2,466.6193,2026-09-04 20:00:00
1788553800000,79717.1,79738.0,79626.2,79662.6,374.784,2026-09-04 20:30:00
1788555600000,79662.6,79769.0,79653.2,79734.4,392.6297,2026-09-04 21:00:00
1788557400000,79734.5,79776.0,79479.1,79588.7,581.1631,2026-09-04 21:30:00
1788559200000,79588.6,79666.0,79588.6,79658.4,296.3411,2026-09-04 22:00:00
1788561000000,79658.5,79684.6,79586.5,79594.9,252.8531,2026-09-04 22:30:00
1788562800000,79594.8,79721.3,79558.7,79693.7,260.4507,2026-09-04 23:00:00
1788564600000,79693.7,79693.8,79583.3,79620.3,256.8049,2026-09-04 23:30:00
1788566400000,79620.2,79690.8,79558.3,79614.1,539.2423,2026-09-05 00:00:00
1788568200000,79614.2,79658.7,79507.7,79534.6,676.5798,2026-09-05 00:30:00
1788570000000,79534.6,79657.7,79504.3,79650.2,536.6801,2026-09-05 01:00:00
1788571800000,79650.2,79667.7,79497.0,79497.0,392.3789,2026-09-05 01:30:00
1788573600000,79497.1,79557.8,79436.6,79483.5,481.719,2026-09-05 02:00:00
1788575400000,79483.6,79580.0,79481.8,79529.9,311.0565,2026-09-05 02:30:00
1788577200000,79529.9,79576.6,79470.6,79539.1,351.7527,2026-09-05 03:00:00
1788579000000,79539.2,79592.1,79539.2,79545.6,193.652,2026-09-05 03:30:00
1788580800000,79545.6,79555.9,79471.0,79516.3,284.7557,2026-09-05 04:00:00
1788582600000,79516.3,79520.2,79448.0,79460.0,341.3165,2026-09-05 04:30:00
1788584400000,79460.1,79556.2,79402.9,79555.6,744.299,2026-09-05 05:00:00
1788586200000,79555.6,79569.7,79455.4,79540.2,905.5221,2026-09-05 05:30:00
1788588000000,79540.2,79613.3,79535.7,79605.4,346.8739,2026-09-05 06:00:00
1788589800000,79605.4,79693.0,79590.6,79603.8,447.4251,2026-09-05 06:30:00
1788591600000,79603.7,79685.5,79600.0,79682.1,334.8586,2026-09-05 07:00:00
1788593400000,79682.1,79722.6,79649.2,79672.3,504.0194,2026-09-05 07:30:00
1788595200000,79672.3,79684.1,79564.4,79600.4,687.3545,2026-09-05 08:00:00
1788597000000,79600.4,79630.7,79519.9,79612.0,775.2332,2026-09-05 08:30:00
1788598800000,79612.0,79693.1,79602.0,79653.9,318.8033,2026-09-05 09:00:00
1788600600000,79654.0,79668.6,79567.9,79587.7,306.202,2026-09-05 09:30:00
1788602400000,79587.7,79620.0,79568.0,79576.6,233.094,2026-09-05 10:00:00
1788604200000,79576.6,79630.0,79550.0,79574.1,403.1274,2026-09-05 10:30:00
1788606000000,79574.0,79632.4,79574.0,79581.4,423.3514,2026-09-05 11:00:00
1788607800000,79581.4,79638.7,79563.9,79568.0,251.0889,2026-09-05 11:30:00
1788609600000,79568.0,79632.3,79567.9,79608.0,227.1847,2026-09-05 12:00:00
1788611400000,79608.0,79743.0,79568.8,79662.7,1183.1047,2026-09-05 12:30:00
1788613200000,79662.8,79713.5,79624.4,79704.7,458.5587,2026-09-05 13:00:00
1788615000000,79704.6,79712.0,79503.6,79571.0,726.2688,2026-09-05 13:30:00
1788616800000,79571.0,79698.1,79570.9,79687.2,493.629,2026-09-05 14:00:00
1788618600000,79687.1,79714.2,79649.7,79674.0,326.8441,2026-09-05 14:30:00
1788620400000,79674.1,79733.3,79643.7,79650.7,482.4915,2026-09-05 15:00:00
1788622200000,79650.7,79777.0,79650.7,79759.9,409.3573,2026-09-05 15:30:00
1788624000000,79760.0,79879.8,79705.9,79854.4,1036.5861,2026-09-05 16:00:00
1788625800000,79854.4,80178.0,79854.1,80006.3,2563.3862,2026-09-05 16:30:00
1788627600000,80006.3,80117.8,79907.4,79998.5,1237.5904,2026-09-05 17:00:00
1788629400000,79998.4,80105.2,79947.5,80030.7,776.0767,2026-09-05 17:30:00
1788631200000,80030.7,80047.2,79920.9,79920.9,383.3339,2026-09-05 18:00:00
1788633000000,79921.0,80015.0,79882.8,79965.3,517.8264,2026-09-05 18:30:00
1788634800000,79965.4,79965.4,79854.9,79926.9,321.409,2026-09-05 19:00:00
1788636600000,79927.0,79934.1,79674.2,79708.7,747.7713,2026-09-05 19:30:00
1788638400000,79708.7,79804.0,79650.2,79681.5,653.0358,2026-09-05 20:00:00
1788640200000,79681.6,79756.6,79633.8,79703.2,401.3681,2026-09-05 20:30:00
1788642000000,79703.2,79842.4,79685.5,79818.3,236.84,2026-09-05 21:00:00
1788643800000,79818.3,79899.4,79801.6,79864.5,528.3406,2026-09-05 21:30:00
1788645600000,79864.6,79894.5,79724.2,79768.0,567.5028,2026-09-05 22:00:00
1788647400000,79768.1,79813.3,79713.2,79748.0,265.5164,2026-09-05 22:30:00
1788649200000,79748.0,79786.9,79681.8,79766.2,318.2541,2026-09-05 23:00:00
1788651000000,79766.3,79860.0,79666.9,79792.3,504.5342,2026-09-05 23:30:00
1788652800000,79792.2,79894.4,79786.2,79888.8,337.9094,2026-09-06 00:00:00
1788654600000,79888.8,79898.4,79822.9,79829.3,448.8642,2026-09-06 00:30:00
1788656400000,79829.4,79971.3,79829.3,79878.1,643.3303,2026-09-06 01:00:00
1788658200000,79878.1,80035.9,79876.9,79912.6,772.1243,2026-09-06 01:30:00
1788660000000,79912.7,79976.4,79859.6,79875.2,397.1579,2026-09-06 02:00:00
1788661800000,79875.2,79912.5,79833.0,79874.9,385.8536,2026-09-06 02:30:00
1788663600000,79874.9,79940.0,79856.1,79869.5,272.9021,2026-09-06 03:00:00
1788665400000,79869.6,80075.6,79869.6,80000.0,601.8418,2026-09-06 03:30:00
1788667200000,80000.0,80000.1,79844.6,79899.7,399.6727,2026-09-06 04:00:00
1788669000000,79899.7,79919.9,79809.9,79826.8,416.2315,2026-09-06 04:30:00
1788670800000,79826.8,79870.0,79765.0,79820.0,569.4278,2026-09-06 05:00:00
1788672600000,79820.1,80085.0,79820.0,79960.0,924.1347,2026-09-06 05:30:00
1788674400000,79960.0,79960.0,79800.0,79800.2,479.8057,2026-09-06 06:00:00
1788676200000,79800.2,79816.1,79653.5,79744.3,879.2576,2026-09-06 06:30:00
1788678000000,79744.2,79823.6,79520.0,79780.6,1684.7869,2026-09-06 07:00:00
1788679800000,79780.6,79822.6,79743.7,79772.1,437.594,2026-09-06 07:30:00
1788681600000,79772.0,79860.0,79763.9,79764.3,404.1489,2026-09-06 08:00:00
1788683400000,79764.4,79846.8,79717.7,79812.3,299.9925,2026-09-06 08:30:00
1788685200000,79812.3,79950.0,79770.2,79925.1,643.0683,2026-09-06 09:00:00
1788687000000,79925.1,79958.0,79804.3,79841.7,468.4943,2026-09-06 09:30:00
1788688800000,79841.7,79945.9,79841.6,79931.6,382.242,2026-09-06 10:00:00
1788690600000,79931.5,79984.2,79922.8,79955.5,372.548,2026-09-06 10:30:00
1788692400000,79955.5,79955.5,79856.0,79858.3,411.0816,2026-09-06 11:00:00
1788694200000,79858.4,79930.0,79850.0,79867.2,230.7845,2026-09-06 11:30:00
1788696000000,79867.2,79972.3,79820.0,79932.3,591.7,2026-09-06 12:00:00
1788697800000,79932.4,79969.0,79882.0,79882.7,404.5967,2026-09-06 12:30:00
1788699600000,79882.7,79932.9,79752.6,79760.0,571.9727,2026-09-06 13:00:00
1788701400000,79760.0,79828.1,79731.4,79800.0,604.5231,2026-09-06 13:30:00
1788703200000,79800.1,79810.0,79558.0,79633.4,1534.2111,2026-09-06 14:00:00
1788705000000,79633.3,79736.2,79119.6,79505.1,4260.7422,2026-09-06 14:30:00
1788706800000,79505.2,79635.7,79344.0,79603.0,989.6391,2026-09-06 15:00:00
1788708600000,79603.0,79690.0,79552.8,79674.9,388.691,2026-09-06 15:30:00
1788710400000,79674.9,79703.8,79560.1,79683.6,453.1918,2026-09-06 16:00:00
1788712200000,79683.7,79763.2,79606.9,79652.9,393.2175,2026-09-06 16:30:00
1788714000000,79652.9,79740.0,79542.2,79660.1,361.3718,2026-09-06 17:00:00
1788715800000,79660.1,79732.7,79644.6,79701.7,377.7815,2026-09-06 17:30:00
1788717600000,79701.7,79880.0,79701.7,79879.8,742.5925,2026-09-06 18:00:00
1788719400000,79879.7,79932.6,79859.9,79909.9,375.1662,2026-09-06 18:30:00
1788721200000,79910.0,79910.0,79780.1,79813.4,272.8645,2026-09-06 19:00:00
1788723000000,79813.4,79813.4,79759.7,79794.4,200.3936,2026-09-06 19:30:00
1788724800000,79794.5,79917.2,79740.1,79891.4,200.9336,2026-09-06 20:00:00
1788726600000,79891.3,79939.7,79858.3,79876.2,271.4496,2026-09-06 20:30:00
1788728400000,79876.3,79998.9,79851.8,79851.9,669.5381,2026-09-06 21:00:00
1788730200000,79851.9,79960.0,79833.3,79902.6,241.068,2026-09-06 21:30:00
1788732000000,79902.6,79902.6,79602.6,79784.6,1075.8644,2026-09-06 22:00:00
1788733800000,79784.5,80059.8,79775.4,80008.7,1253.5095,2026-09-06 22:30:00
1788735600000,80008.7,80328.1,79969.6,80085.0,1998.3492,2026-09-06 23:00:00
1788737400000,80085.0,80549.7,80084.9,80300.1,1960.3059,2026-09-06 23:30:00
1788739200000,80300.1,80405.0,80005.6,80165.0,1756.9017,2026-09-07 00:00:00
1788741000000,80165.0,80237.1,80022.0,80114.7,747.4551,2026-09-07 00:30:00
1788742800000,80114.6,80200.0,79817.5,79882.2,1497.6434,2026-09-07 01:00:00
1788744600000,79882.1,79950.0,79762.4,79882.5,700.6482,2026-09-07 01:30:00
1788746400000,79882.5,80010.0,79755.0,79994.0,829.8329,2026-09-07 02:00:00
1788748200000,79994.0,80400.0,79795.0,79840.0,2248.3976,2026-09-07 02:30:00
1788750000000,79839.9,79955.6,79687.8,79700.0,1859.5106,2026-09-07 03:00:00
1788751800000,79700.0,79744.1,79539.0,79557.4,1383.3369,2026-09-07 03:30:00
1788753600000,79557.5,79673.6,79519.0,79579.0,747.3963,2026-09-07 04:00:00
1788755400000,79579.0,79696.0,79506.7,79685.7,562.5954,2026-09-07 04:30:00
1788757200000,79685.6,79884.4,79622.9,79810.8,843.2771,2026-09-07 05:00:00
1788759000000,79810.7,79825.0,79712.0,79713.0,563.7191,2026-09-07 05:30:00
1788760800000,79713.1,79785.0,79644.8,79670.8,377.5114,2026-09-07 06:00:00
1788762600000,79670.8,79702.4,79617.6,79619.6,386.9589,2026-09-07 06:30:00
1788764400000,79619.6,79654.7,79351.9,79389.4,1193.435,2026-09-07 07:00:00
1788766200000,79389.3,79485.9,78920.0,79357.9,4485.7157,2026-09-07 07:30:00
1788768000000,79357.9,79487.0,79350.6,79428.8,951.0083,2026-09-07 08:00:00
1788769800000,79428.8,79508.0,79382.3,79396.1,581.5313,2026-09-07 08:30:00
1788771600000,79396.2,79523.5,79382.3,79445.0,534.5222,2026-09-07 09:00:00
1788773400000,79445.1,79445.1,79252.8,79274.1,670.4167,2026-09-07 09:30:00
1788775200000,79274.0,79388.0,79274.0,79383.9,422.8164,2026-09-07 10:00:00
1788777000000,79383.9,79415.7,79310.0,79327.9,326.4043,2026-09-07 10:30:00
1788778800000,79328.0,79433.6,79232.9,79401.8,497.5755,2026-09-07 11:00:00
1788780600000,79401.7,79448.7,79331.0,79378.6,391.0432,2026-09-07 11:30:00
1788782400000,79378.6,79496.7,79366.5,79492.0,406.4482,2026-09-07 12:00:00
1788784200000,79491.9,79593.2,79423.6,79562.7,831.6033,2026-09-07 12:30:00
1788786000000,79562.6,79611.0,79491.2,79604.9,756.1446,2026-09-07 13:00:00
1788787800000,79604.9,79605.0,79265.1,79317.1,1291.1737,2026-09-07 13:30:00
1788789600000,79317.1,79360.1,78995.0,79020.2,2517.7411,2026-09-07 14:00:00
1788791400000,79020.1,79250.0,78920.7,79155.9,2217.7804,2026-09-07 14:30:00
1788793200000,79155.9,79156.0,78777.0,78993.9,1686.596,2026-09-07 15:00:00
1788795000000,78994.0,79000.0,78619.6,78794.7,3185.377,2026-09-07 15:30:00
1788796800000,78794.6,78894.8,78775.0,78804.1,1063.871,2026-09-07 16:00:00
1788798600000,78804.1,79014.7,78803.1,79000.0,862.2018,2026-09-07 16:30:00
1788800400000,78999.9,79128.6,78975.8,79083.9,965.5146,2026-09-07 17:00:00
1788802200000,79083.8,79187.5,79033.6,79148.0,533.0314,2026-09-07 17:30:00
1788804000000,79148.0,79178.5,79090.7,79110.9,336.353,2026-09-07 18:00:00
1788805800000,79110.9,79215.0,79054.1,79163.6,318.4514,2026-09-07 18:30:00
1788807600000,79163.6,79210.0,79115.4,79200.0,289.5355,2026-09-07 19:00:00
1788809400000,79199.9,79383.4,79199.9,79324.2,739.7603,2026-09-07 19:30:00
1788811200000,79324.2,79357.7,79152.7,79182.9,556.4953,2026-09-07 20:00:00
1788813000000,79182.9,79220.1,79131.0,79200.1,312.2435,2026-09-07 20:30:00
1788814800000,79200.2,79241.5,79169.3,79193.7,181.7248,2026-09-07 21:00:00
1788816600000,79193.7,79201.2,79118.3,79120.0,284.4687,2026-09-07 21:30:00
1788818400000,79120.0,79180.0,78975.4,79068.2,752.3738,2026-09-07 22:00:00
1788820200000,79068.3,79068.3,78704.4,78911.7,1409.9743,2026-09-07 22:30:00
1788822000000,78911.7,79142.6,78891.1,78970.1,1068.2954,2026-09-07 23:00:00
1788823800000,78970.0,79176.5,78952.0,79074.5,566.5787,2026-09-07 23:30:00
1788825600000,79074.4,79116.3,78925.0,78966.1,846.6204,2026-09-08 00:00:00
1788827400000,78966.1,79278.5,78950.0,79278.4,813.2692,2026-09-08 00:30:00
1788829200000,79278.4,79430.8,79225.5,79357.8,1011.0071,2026-09-08 01:00:00
1788831000000,79357.8,79424.2,79268.8,79402.4,620.5037,2026-09-08 01:30:00
1788832800000,79402.3,79454.0,79210.3,79229.4,971.2295,2026-09-08 02:00:00
1788834600000,79229.5,79233.5,78893.9,78893.9,1281.4031,2026-09-08 02:30:00
1788836400000,78894.0,78976.7,78681.4,78735.6,1820.4732,2026-09-08 03:00:00
1788838200000,78735.5,78950.0,78730.1,78877.0,1346.089,2026-09-08 03:30:00
1788840000000,78877.0,78900.0,78714.4,78786.0,883.6141,2026-09-08 04:00:00
1788841800000,78786.0,78848.7,78622.5,78644.1,733.5786,2026-09-08 04:30:00
1788843600000,78644.0,78850.0,78511.8,78786.7,2478.6142,2026-09-08 05:00:00
1788845400000,78786.7,78786.7,78531.8,78545.1,1243.5683,2026-09-08 05:30:00
1788847200000,78545.2,78608.5,78315.2,78350.0,3010.9235,2026-09-08 06:00:00
1788849000000,78350.0,78454.8,78217.8,78288.1,2018.4765,2026-09-08 06:30:00
1788850800000,78288.1,78479.8,78259.6,78435.6,1312.6137,2026-09-08 07:00:00
1788852600000,78435.7,78567.0,78123.2,78443.9,2216.6729,2026-09-08 07:30:00
1788854400000,78444.0,78477.9,78250.0,78445.9,1318.3049,2026-09-08 08:00:00
1788856200000,78445.8,78553.6,78351.0,78389.1,801.965,2026-09-08 08:30:00
1788858000000,78389.2,78475.8,78300.5,78436.5,1018.0826,2026-09-08 09:00:00
1788859800000,78436.5,78765.0,78411.7,78721.0,1988.5441,2026-09-08 09:30:00
1788861600000,78720.9,78965.0,78629.0,78810.2,1680.157,2026-09-08 10:00:00
1788863400000,78810.2,78834.6,78523.5,78526.1,1070.8104,2026-09-08 10:30:00
1788865200000,78526.1,78539.8,78253.5,78414.1,1750.972,2026-09-08 11:00:00
1788867000000,78414.1,78458.0,78333.7,78398.8,791.1447,2026-09-08 11:30:00
1788868800000,78398.8,78398.8,78187.0,78350.0,1368.5678,2026-09-08 12:00:00
1788870600000,78350.0,78448.6,78271.9,78422.0,741.6829,2026-09-08 12:30:00
1788872400000,78422.1,78514.6,78284.0,78313.0,681.4189,2026-09-08 13:00:00
1788874200000,78313.0,78347.8,77574.3,77941.9,7882.645,2026-09-08 13:30:00
1788876000000,77942.0,78357.5,77824.1,78310.1,3170.3331,2026-09-08 14:00:00
1788877800000,78310.0,78598.3,78205.6,78525.9,2186.5062,2026-09-08 14:30:00
1788879600000,78525.9,78679.8,78419.0,78420.2,2022.4567,2026-09-08 15:00:00
1788881400000,78420.2,78873.1,78412.7,78866.0,2458.7693,2026-09-08 15:30:00
1788883200000,78865.9,78883.3,78535.3,78610.0,1229.0576,2026-09-08 16:00:00
