timestamp,open,high,low,close,volume,datetime
1773291600000,1.3694,1.3718,1.3648,1.3697,6964699.0,2026-03-12 05:00:00
1773295200000,1.3697,1.3726,1.3663,1.3716,2910847.0,2026-03-12 06:00:00
1773298800000,1.3716,1.377,1.3686,1.3754,4291548.0,2026-03-12 07:00:00
1773302400000,1.3754,1.3815,1.3731,1.379,4646543.0,2026-03-12 08:00:00
1773306000000,1.379,1.3879,1.3746,1.3809,4179846.0,2026-03-12 09:00:00
1773309600000,1.3809,1.3905,1.3776,1.3892,4754279.0,2026-03-12 10:00:00
1773313200000,1.3891,1.3927,1.3862,1.3872,4007119.0,2026-03-12 11:00:00
1773316800000,1.3872,1.392,1.3847,1.3875,4604290.0,2026-03-12 12:00:00
1773320400000,1.3875,1.3918,1.3764,1.3815,8131558.0,2026-03-12 13:00:00
1773324000000,1.3815,1.3912,1.3638,1.3681,16760916.0,2026-03-12 14:00:00
1773327600000,1.3681,1.3832,1.3649,1.3785,9956772.0,2026-03-12 15:00:00
1773331200000,1.3785,1.3852,1.3701,1.3812,6481283.0,2026-03-12 16:00:00
1773334800000,1.3813,1.3839,1.3765,1.3793,2206001.0,2026-03-12 17:00:00
1773338400000,1.3794,1.3804,1.3706,1.3713,2384091.0,2026-03-12 18:00:00
1773342000000,1.3713,1.3811,1.3687,1.3779,5061853.0,2026-03-12 19:00:00
1773345600000,1.3778,1.3797,1.3703,1.3711,2449293.0,2026-03-12 20:00:00
1773349200000,1.3711,1.3753,1.3707,1.3732,1737588.0,2026-03-12 21:00:00
1773352800000,1.3732,1.3786,1.3715,1.3782,2762998.0,2026-03-12 22:00:00
1773356400000,1.3783,1.389,1.3781,1.384,6433269.0,2026-03-12 23:00:00
1773360000000,1.3839,1.4239,1.3824,1.4061,24213939.0,2026-03-13 00:00:00
1773363600000,1.4061,1.4161,1.4036,1.4134,6325337.0,2026-03-13 01:00:00
1773367200000,1.4133,1.4142,1.3996,1.4009,6948895.0,2026-03-13 02:00:00
1773370800000,1.401,1.4142,1.3997,1.4118,3699458.0,2026-03-13 03:00:00
1773374400000,1.4118,1.4137,1.407,1.4107,5021182.0,2026-03-13 04:00:00
1773378000000,1.4106,1.4264,1.4071,1.4229,8718028.0,2026-03-13 05:00:00
1773381600000,1.4229,1.4259,1.4116,1.4128,10173753.0,2026-03-13 06:00:00
1773385200000,1.4128,1.4202,1.4108,1.4149,5109041.0,2026-03-13 07:00:00
1773388800000,1.4149,1.4335,1.4125,1.426,9415715.0,2026-03-13 08:00:00
1773392400000,1.4259,1.4365,1.4257,1.4281,7985692.0,2026-03-13 09:00:00
1773396000000,1.4282,1.4383,1.4282,1.4334,7109190.0,2026-03-13 10:00:00
1773399600000,1.4334,1.4339,1.4191,1.4199,6305572.0,2026-03-13 11:00:00
1773403200000,1.4199,1.4396,1.4195,1.4331,7984252.0,2026-03-13 12:00:00
1773406800000,1.4331,1.4487,1.4301,1.4431,19945711.0,2026-03-13 13:00:00
1773410400000,1.443,1.4531,1.4207,1.4224,19038189.0,2026-03-13 14:00:00
1773414000000,1.4225,1.4285,1.4063,1.4082,15766496.0,2026-03-13 15:00:00
1773417600000,1.4082,1.4146,1.3993,1.4094,10304094.0,2026-03-13 16:00:00
1773421200000,1.4094,1.4122,1.3913,1.3937,10006593.0,2026-03-13 17:00:00
1773424800000,1.3936,1.4008,1.3892,1.3966,5898747.0,2026-03-13 18:00:00
1773428400000,1.3965,1.4018,1.3953,1.4008,4660736.0,2026-03-13 19:00:00
1773432000000,1.4007,1.4038,1.3971,1.4014,4338807.0,2026-03-13 20:00:00
1773435600000,1.4015,1.4055,1.3963,1.3998,4256614.0,2026-03-13 21:00:00
1773439200000,1.3999,1.4008,1.3892,1.3941,4989234.0,2026-03-13 22:00:00
1773442800000,1.3941,1.3994,1.3924,1.398,3154180.0,2026-03-13 23:00:00
1773446400000,1.398,1.3991,1.3916,1.3934,3016501.0,2026-03-14 00:00:00
1773450000000,1.3934,1.4004,1.3918,1.3991,3528195.0,2026-03-14 01:00:00
1773453600000,1.3991,1.4016,1.3965,1.3976,2554953.0,2026-03-14 02:00:00
1773457200000,1.3975,1.4028,1.3961,1.3998,3016421.0,2026-03-14 03:00:00
1773460800000,1.3999,1.4035,1.3953,1.3972,5205913.0,2026-03-14 04:00:00
1773464400000,1.3972,1.3986,1.393,1.3944,2869835.0,2026-03-14 05:00:00
1773468000000,1.3944,1.3944,1.3832,1.3916,7292227.0,2026-03-14 06:00:00
1773471600000,1.3917,1.3969,1.3909,1.3934,2701146.0,2026-03-14 07:00:00
1773475200000,1.3933,1.396,1.3913,1.3926,4890783.0,2026-03-14 08:00:00
1773478800000,1.3925,1.3965,1.388,1.3893,3784094.0,2026-03-14 09:00:00
1773482400000,1.3892,1.3902,1.3867,1.3886,3539735.0,2026-03-14 10:00:00
1773486000000,1.3887,1.3922,1.3882,1.3916,1979863.0,2026-03-14 11:00:00
1773489600000,1.3917,1.3933,1.387,1.3885,3096756.0,2026-03-14 12:00:00
1773493200000,1.3885,1.3938,1.3873,1.3908,2425018.0,2026-03-14 13:00:00
1773496800000,1.3909,1.3923,1.3865,1.3882,2947196.0,2026-03-14 14:00:00
1773500400000,1.3882,1.3909,1.3873,1.3895,1315313.0,2026-03-14 15:00:00
1773504000000,1.3894,1.3923,1.3862,1.3922,1864085.0,2026-03-14 16:00:00
1773507600000,1.3922,1.3927,1.3878,1.3888,1555115.0,2026-03-14 17:00:00
1773511200000,1.3888,1.3922,1.3873,1.3905,1832287.0,2026-03-14 18:00:00
1773514800000,1.3906,1.3906,1.3887,1.3892,1143507.0,2026-03-14 19:00:00
1773518400000,1.3893,1.3932,1.388,1.3924,1344109.0,2026-03-14 20:00:00
1773522000000,1.3925,1.3969,1.3904,1.3949,1668571.0,2026-03-14 21:00:00
1773525600000,1.3949,1.3977,1.3937,1.3958,1637118.0,2026-03-14 22:00:00
1773529200000,1.3958,1.4077,1.3958,1.4056,3564844.0,2026-03-14 23:00:00
1773532800000,1.4055,1.4093,1.4014,1.4045,3658354.0,2026-03-15 00:00:00
1773536400000,1.4045,1.4074,1.4011,1.4043,2315822.0,2026-03-15 01:00:00
1773540000000,1.4043,1.4193,1.4043,1.4152,6237420.0,2026-03-15 02:00:00
1773543600000,1.4153,1.4198,1.4109,1.4117,5557567.0,2026-03-15 03:00:00
1773547200000,1.4117,1.418,1.4117,1.4164,5140286.0,2026-03-15 04:00:00
1773550800000,1.4164,1.4204,1.4133,1.4134,3962328.0,2026-03-15 05:00:00
1773554400000,1.4134,1.4154,1.4047,1.4095,6359251.0,2026-03-15 06:00:00
1773558000000,1.4094,1.4114,1.4054,1.4069,2441520.0,2026-03-15 07:00:00
1773561600000,1.407,1.4127,1.407,1.4127,3059722.0,2026-03-15 08:00:00
1773565200000,1.4127,1.4183,1.4126,1.4144,5603474.0,2026-03-15 09:00:00
1773568800000,1.4144,1.4174,1.4136,1.4159,1576082.0,2026-03-15 10:00:00
1773572400000,1.4159,1.4204,1.4134,1.4191,2422531.0,2026-03-15 11:00:00
1773576000000,1.4191,1.4247,1.4144,1.4233,4749135.0,2026-03-15 12:00:00
1773579600000,1.4233,1.4297,1.4154,1.4226,14733677.0,2026-03-15 13:00:00
1773583200000,1.4226,1.4246,1.4119,1.4168,5724896.0,2026-03-15 14:00:00
1773586800000,1.4167,1.4222,1.4143,1.4152,4917308.0,2026-03-15 15:00:00
1773590400000,1.4152,1.4177,1.4088,1.4121,4774042.0,2026-03-15 16:00:00
1773594000000,1.4122,1.4238,1.4115,1.4187,4183650.0,2026-03-15 17:00:00
1773597600000,1.4188,1.4203,1.4084,1.4101,3161268.0,2026-03-15 18:00:00
1773601200000,1.4101,1.4146,1.4091,1.4121,2782097.0,2026-03-15 19:00:00
1773604800000,1.4121,1.4226,1.4097,1.417,2806830.0,2026-03-15 20:00:00
1773608400000,1.4171,1.43,1.4141,1.4265,3643917.0,2026-03-15 21:00:00
1773612000000,1.4265,1.4643,1.4221,1.4546,22707538.0,2026-03-15 22:00:00
1773615600000,1.4545,1.4573,1.4381,1.4482,13477760.0,2026-03-15 23:00:00
1773619200000,1.4481,1.4574,1.4436,1.4462,9479553.0,2026-03-16 00:00:00
1773622800000,1.4463,1.4497,1.4344,1.4465,8155191.0,2026-03-16 01:00:00
1773626400000,1.4465,1.4487,1.4351,1.4423,3502253.0,2026-03-16 02:00:00
1773630000000,1.4423,1.48,1.4395,1.4671,21808848.0,2026-03-16 03:00:00
1773633600000,1.467,1.486,1.4669,1.4797,15848938.0,2026-03-16 04:00:00
1773637200000,1.4796,1.4844,1.4736,1.4805,8954746.0,2026-03-16 05:00:00
1773640800000,1.4805,1.4812,1.4731,1.4765,6010730.0,2026-03-16 06:00:00
1773644400000,1.4764,1.4882,1.4755,1.4825,9179974.0,2026-03-16 07:00:00
1773648000000,1.4826,1.4888,1.4637,1.4678,11269319.0,2026-03-16 08:00:00
1773651600000,1.4678,1.4759,1.4658,1.4735,6757976.0,2026-03-16 09:00:00
1773655200000,1.4735,1.4758,1.4657,1.4743,5817107.0,2026-03-16 10:00:00
1773658800000,1.4743,1.475,1.4657,1.4691,3154030.0,2026-03-16 11:00:00
1773662400000,1.469,1.4804,1.4689,1.4757,9679616.0,2026-03-16 12:00:00
1773666000000,1.4756,1.4923,1.474,1.482,11439756.0,2026-03-16 13:00:00
1773669600000,1.482,1.5089,1.4706,1.5085,22516735.0,2026-03-16 14:00:00
1773673200000,1.5085,1.5163,1.4915,1.4923,26205141.0,2026-03-16 15:00:00
1773676800000,1.4923,1.5107,1.491,1.508,9159840.0,2026-03-16 16:00:00
1773680400000,1.5081,1.5183,1.5047,1.5179,11964898.0,2026-03-16 17:00:00
1773684000000,1.5178,1.5437,1.5157,1.5347,25212475.0,2026-03-16 18:00:00
1773687600000,1.5348,1.5422,1.5201,1.5294,12994558.0,2026-03-16 19:00:00
1773691200000,1.5293,1.5303,1.5227,1.5274,5266166.0,2026-03-16 20:00:00
1773694800000,1.5273,1.5398,1.525,1.527,7260084.0,2026-03-16 21:00:00
1773698400000,1.527,1.5516,1.527,1.5506,10932813.0,2026-03-16 22:00:00
1773702000000,1.5506,1.5511,1.5364,1.5421,8214319.0,2026-03-16 23:00:00
1773705600000,1.5421,1.5539,1.5335,1.5446,13730729.0,2026-03-17 00:00:00
1773709200000,1.5446,1.5777,1.5435,1.5701,24401099.0,2026-03-17 01:00:00
1773712800000,1.5701,1.6067,1.5589,1.5931,27944666.0,2026-03-17 02:00:00
1773716400000,1.5931,1.5946,1.5338,1.5436,30164550.0,2026-03-17 03:00:00
1773720000000,1.5436,1.5522,1.5229,1.5296,21696809.0,2026-03-17 04:00:00
1773723600000,1.5296,1.5315,1.5095,1.5149,13239413.0,2026-03-17 05:00:00
1773727200000,1.5149,1.5224,1.5043,1.5162,10096944.0,2026-03-17 06:00:00
1773730800000,1.5162,1.5427,1.5157,1.5292,12702713.0,2026-03-17 07:00:00
1773734400000,1.5293,1.532,1.5186,1.5199,6954454.0,2026-03-17 08:00:00
1773738000000,1.5199,1.5228,1.5082,1.5117,13238190.0,2026-03-17 09:00:00
1773741600000,1.5118,1.512,1.501,1.5082,8641539.0,2026-03-17 10:00:00
1773745200000,1.5082,1.5178,1.5065,1.5089,6634102.0,2026-03-17 11:00:00
1773748800000,1.509,1.5145,1.501,1.5043,11995279.0,2026-03-17 12:00:00
1773752400000,1.5042,1.5168,1.4946,1.5031,33241812.0,2026-03-17 13:00:00
1773756000000,1.503,1.5126,1.4932,1.5116,14421608.0,2026-03-17 14:00:00
1773759600000,1.5117,1.5212,1.5018,1.5129,12751252.0,2026-03-17 15:00:00
1773763200000,1.5129,1.5402,1.4992,1.5178,53388328.0,2026-03-17 16:00:00
1773766800000,1.5177,1.5311,1.5162,1.5299,6644787.0,2026-03-17 17:00:00
1773770400000,1.5299,1.5374,1.5244,1.5356,5173050.0,2026-03-17 18:00:00
1773774000000,1.5357,1.54,1.5291,1.5324,3998790.0,2026-03-17 19:00:00
1773777600000,1.5324,1.5348,1.5272,1.5322,2940406.0,2026-03-17 20:00:00
1773781200000,1.5321,1.5357,1.5255,1.5294,3992068.0,2026-03-17 21:00:00
1773784800000,1.5294,1.5359,1.5195,1.5271,4926291.0,2026-03-17 22:00:00
1773788400000,1.527,1.5298,1.5165,1.5174,7832529.0,2026-03-17 23:00:00
1773792000000,1.5174,1.5205,1.5082,1.5145,6466819.0,2026-03-18 00:00:00
1773795600000,1.5146,1.5224,1.5133,1.5144,5210090.0,2026-03-18 01:00:00
1773799200000,1.5145,1.5305,1.514,1.5262,3909439.0,2026-03-18 02:00:00
1773802800000,1.5262,1.5389,1.5249,1.5383,5808528.0,2026-03-18 03:00:00
1773806400000,1.5384,1.5408,1.523,1.5259,8675566.0,2026-03-18 04:00:00
1773810000000,1.526,1.5367,1.5208,1.5228,5566012.0,2026-03-18 05:00:00
1773813600000,1.5229,1.53,1.5227,1.5237,2868079.0,2026-03-18 06:00:00
1773817200000,1.5237,1.5237,1.5141,1.5193,5649188.0,2026-03-18 07:00:00
1773820800000,1.5194,1.5248,1.5188,1.5215,4007114.0,2026-03-18 08:00:00
1773824400000,1.5215,1.5267,1.5203,1.5231,2333547.0,2026-03-18 09:00:00
1773828000000,1.5231,1.5242,1.5085,1.5106,6444970.0,2026-03-18 10:00:00
1773831600000,1.5105,1.5115,1.4826,1.489,25779436.0,2026-03-18 11:00:00
1773835200000,1.489,1.49,1.4566,1.4633,26801048.0,2026-03-18 12:00:00
1773838800000,1.4633,1.4731,1.4547,1.4656,12444538.0,2026-03-18 13:00:00
1773842400000,1.4657,1.4672,1.4435,1.4452,12918088.0,2026-03-18 14:00:00
1773846000000,1.4451,1.4519,1.4378,1.4399,13958131.0,2026-03-18 15:00:00
1773849600000,1.4399,1.4465,1.4351,1.442,14189195.0,2026-03-18 16:00:00
1773853200000,1.4419,1.4584,1.4392,1.4557,7382450.0,2026-03-18 17:00:00
1773856800000,1.4557,1.466,1.4473,1.4513,11280595.0,2026-03-18 18:00:00
1773860400000,1.4513,1.4598,1.4476,1.4483,6606242.0,2026-03-18 19:00:00
1773864000000,1.4484,1.4615,1.4412,1.4583,7934542.0,2026-03-18 20:00:00
1773867600000,1.4582,1.4718,1.4576,1.4668,4028321.0,2026-03-18 21:00:00
1773871200000,1.4668,1.467,1.4583,1.4615,4026760.0,2026-03-18 22:00:00
1773874800000,1.4615,1.4649,1.4568,1.4638,2884597.0,2026-03-18 23:00:00
1773878400000,1.4639,1.464,1.4581,1.4601,3807074.0,2026-03-19 00:00:00
1773882000000,1.4601,1.4665,1.4555,1.4607,3143453.0,2026-03-19 01:00:00
1773885600000,1.4608,1.4634,1.4542,1.4567,3244513.0,2026-03-19 02:00:00
1773889200000,1.4567,1.4779,1.4565,1.4734,8221066.0,2026-03-19 03:00:00
1773892800000,1.4735,1.4735,1.4626,1.4656,6313635.0,2026-03-19 04:00:00
1773896400000,1.4656,1.467,1.4587,1.4659,4264826.0,2026-03-19 05:00:00
1773900000000,1.4659,1.4809,1.4628,1.468,14410303.0,2026-03-19 06:00:00
1773903600000,1.4679,1.4696,1.4501,1.4605,12622334.0,2026-03-19 07:00:00
1773907200000,1.4606,1.4636,1.4514,1.4548,7795711.0,2026-03-19 08:00:00
1773910800000,1.4549,1.4703,1.4548,1.4685,9936648.0,2026-03-19 09:00:00
1773914400000,1.4686,1.4696,1.4615,1.4623,3982848.0,2026-03-19 10:00:00
1773918000000,1.4623,1.465,1.4563,1.4579,4513983.0,2026-03-19 11:00:00
1773921600000,1.4578,1.4579,1.4345,1.4365,10625662.0,2026-03-19 12:00:00
1773925200000,1.4365,1.4535,1.4317,1.4514,15438813.0,2026-03-19 13:00:00
1773928800000,1.4515,1.4563,1.4381,1.4435,8919838.0,2026-03-19 14:00:00
1773932400000,1.4435,1.4493,1.4235,1.4311,17106834.0,2026-03-19 15:00:00
1773936000000,1.431,1.4365,1.4228,1.4264,9030503.0,2026-03-19 16:00:00
1773939600000,1.4264,1.4388,1.4211,1.4381,9206549.0,2026-03-19 17:00:00
1773943200000,1.438,1.4382,1.4298,1.4361,3654204.0,2026-03-19 18:00:00
1773946800000,1.4361,1.4517,1.4353,1.444,10775022.0,2026-03-19 19:00:00
1773950400000,1.4439,1.4533,1.4422,1.4487,3352243.0,2026-03-19 20:00:00
1773954000000,1.4486,1.4551,1.4483,1.4538,2265309.0,2026-03-19 21:00:00
1773957600000,1.4538,1.4548,1.4436,1.4485,3088037.0,2026-03-19 22:00:00
1773961200000,1.4486,1.4531,1.4418,1.4467,2965385.0,2026-03-19 23:00:00
1773964800000,1.4466,1.4522,1.4447,1.4493,2939632.0,2026-03-20 00:00:00
1773968400000,1.4494,1.4599,1.4493,1.4559,3682444.0,2026-03-20 01:00:00
1773972000000,1.4559,1.4566,1.4455,1.4514,3828648.0,2026-03-20 02:00:00
1773975600000,1.4513,1.4561,1.4492,1.4521,2713260.0,2026-03-20 03:00:00
1773979200000,1.4521,1.4564,1.4466,1.4528,2699803.0,2026-03-20 04:00:00
1773982800000,1.4528,1.4577,1.4491,1.4543,3128500.0,2026-03-20 05:00:00
1773986400000,1.4543,1.4624,1.4497,1.4498,7534735.0,2026-03-20 06:00:00
1773990000000,1.4499,1.4559,1.4427,1.4536,4878072.0,2026-03-20 07:00:00
1773993600000,1.4537,1.4658,1.4528,1.459,4876652.0,2026-03-20 08:00:00
1773997200000,1.459,1.4593,1.4443,1.4471,5041970.0,2026-03-20 09:00:00
1774000800000,1.4472,1.4533,1.4432,1.4498,4290370.0,2026-03-20 10:00:00
1774004400000,1.4498,1.4544,1.4421,1.4486,5045145.0,2026-03-20 11:00:00
1774008000000,1.4485,1.452,1.4407,1.4416,4794223.0,2026-03-20 12:00:00
1774011600000,1.4415,1.4482,1.4357,1.4372,9242276.0,2026-03-20 13:00:00
1774015200000,1.4372,1.4442,1.4328,1.436,7638370.0,2026-03-20 14:00:00
1774018800000,1.4359,1.4413,1.4271,1.4369,6738579.0,2026-03-20 15:00:00
1774022400000,1.4369,1.4425,1.4321,1.4366,5265487.0,2026-03-20 16:00:00
1774026000000,1.4367,1.44,1.4276,1.4384,3229076.0,2026-03-20 17:00:00
1774029600000,1.4385,1.4389,1.4278,1.4302,2948753.0,2026-03-20 18:00:00
1774033200000,1.4303,1.4365,1.4238,1.4351,5846230.0,2026-03-20 19:00:00
1774036800000,1.4351,1.4367,1.4283,1.4358,2422760.0,2026-03-20 20:00:00
1774040400000,1.4358,1.4488,1.433,1.4424,3306839.0,2026-03-20 21:00:00
1774044000000,1.4424,1.4516,1.4424,1.447,3724072.0,2026-03-20 22:00:00
1774047600000,1.4471,1.4472,1.439,1.4442,2036948.0,2026-03-20 23:00:00
1774051200000,1.4442,1.4484,1.442,1.4468,2318059.0,2026-03-21 00:00:00
1774054800000,1.4468,1.4492,1.4417,1.4426,2245461.0,2026-03-21 01:00:00
1774058400000,1.4427,1.4478,1.4414,1.446,2015428.0,2026-03-21 02:00:00
1774062000000,1.4461,1.4468,1.4442,1.445,1353301.0,2026-03-21 03:00:00
1774065600000,1.4451,1.4473,1.4433,1.4437,2065260.0,2026-03-21 04:00:00
1774069200000,1.4436,1.4506,1.4436,1.4506,3381077.0,2026-03-21 05:00:00
1774072800000,1.4506,1.4522,1.447,1.448,3427787.0,2026-03-21 06:00:00
1774076400000,1.4479,1.4492,1.4428,1.4431,2340116.0,2026-03-21 07:00:00
1774080000000,1.4432,1.4447,1.4386,1.4401,3482259.0,2026-03-21 08:00:00
1774083600000,1.4402,1.4421,1.4358,1.439,4478055.0,2026-03-21 09:00:00
1774087200000,1.4391,1.44,1.4368,1.4395,1445962.0,2026-03-21 10:00:00
1774090800000,1.4395,1.4422,1.4382,1.4417,1318762.0,2026-03-21 11:00:00
1774094400000,1.4418,1.4462,1.4396,1.4441,2952519.0,2026-03-21 12:00:00
1774098000000,1.4441,1.4454,1.4345,1.4388,6676213.0,2026-03-21 13:00:00
1774101600000,1.4389,1.4442,1.4341,1.4355,3042386.0,2026-03-21 14:00:00
1774105200000,1.4356,1.4394,1.433,1.4371,2020260.0,2026-03-21 15:00:00
1774108800000,1.4371,1.4377,1.4333,1.436,1482183.0,2026-03-21 16:00:00
1774112400000,1.4361,1.4406,1.4329,1.4388,2175679.0,2026-03-21 17:00:00
1774116000000,1.4388,1.4408,1.4358,1.4365,1557729.0,2026-03-21 18:00:00
1774119600000,1.4366,1.4374,1.4347,1.4362,1067825.0,2026-03-21 19:00:00
1774123200000,1.4362,1.4421,1.4358,1.4405,2315367.0,2026-03-21 20:00:00
1774126800000,1.4405,1.4412,1.4377,1.4392,981160.0,2026-03-21 21:00:00
1774130400000,1.4392,1.4408,1.4369,1.4383,1798601.0,2026-03-21 22:00:00
1774134000000,1.4383,1.4386,1.3993,1.4078,19056727.0,2026-03-21 23:00:00
1774137600000,1.4078,1.417,1.3928,1.41,19552135.0,2026-03-22 00:00:00
1774141200000,1.4101,1.4155,1.4046,1.4093,6417106.0,2026-03-22 01:00:00
1774144800000,1.4093,1.4198,1.4071,1.416,4599096.0,2026-03-22 02:00:00
1774148400000,1.4159,1.4256,1.4122,1.4164,4819306.0,2026-03-22 03:00:00
1774152000000,1.4164,1.4198,1.4094,1.4165,7453966.0,2026-03-22 04:00:00
1774155600000,1.4164,1.4166,1.4109,1.411,2082520.0,2026-03-22 05:00:00
1774159200000,1.4111,1.4124,1.4091,1.4101,2534946.0,2026-03-22 06:00:00
1774162800000,1.4101,1.4121,1.4023,1.4026,3147921.0,2026-03-22 07:00:00
1774166400000,1.4027,1.4032,1.3923,1.3985,5901338.0,2026-03-22 08:00:00
1774170000000,1.3985,1.4029,1.3946,1.3955,3430082.0,2026-03-22 09:00:00
1774173600000,1.3954,1.3962,1.3859,1.3879,6774300.0,2026-03-22 10:00:00
1774177200000,1.3879,1.395,1.3849,1.3901,5710230.0,2026-03-22 11:00:00
1774180800000,1.3901,1.4011,1.3896,1.3988,4936402.0,2026-03-22 12:00:00
1774184400000,1.3988,1.4063,1.3952,1.3976,5286164.0,2026-03-22 13:00:00
1774188000000,1.3976,1.4022,1.3933,1.3964,3147034.0,2026-03-22 14:00:00
1774191600000,1.3965,1.4002,1.3905,1.3918,3709908.0,2026-03-22 15:00:00
1774195200000,1.3919,1.3945,1.3894,1.3937,6474089.0,2026-03-22 16:00:00
1774198800000,1.3937,1.395,1.3907,1.3919,1578313.0,2026-03-22 17:00:00
1774202400000,1.392,1.392,1.3794,1.3871,4725773.0,2026-03-22 18:00:00
1774206000000,1.3871,1.3872,1.3801,1.384,3727145.0,2026-03-22 19:00:00
1774209600000,1.3841,1.3896,1.384,1.3859,2270171.0,2026-03-22 20:00:00
1774213200000,1.3859,1.387,1.3706,1.3787,11089183.0,2026-03-22 21:00:00
1774216800000,1.3788,1.3921,1.371,1.39,6428676.0,2026-03-22 22:00:00
1774220400000,1.3901,1.3925,1.3831,1.3843,3738880.0,2026-03-22 23:00:00
1774224000000,1.3842,1.3899,1.3734,1.3782,8473844.0,2026-03-23 00:00:00
1774227600000,1.3782,1.3896,1.3747,1.3813,6446187.0,2026-03-23 01:00:00
1774231200000,1.3814,1.3928,1.381,1.3846,6399106.0,2026-03-23 02:00:00
1774234800000,1.3846,1.3915,1.3777,1.3809,4394044.0,2026-03-23 03:00:00
1774238400000,1.3809,1.3901,1.3778,1.39,3189391.0,2026-03-23 04:00:00
1774242000000,1.3899,1.3964,1.3873,1.3905,9489900.0,2026-03-23 05:00:00
1774245600000,1.3904,1.3904,1.3677,1.3708,12556530.0,2026-03-23 06:00:00
1774249200000,1.3709,1.375,1.3616,1.372,9155617.0,2026-03-23 07:00:00
1774252800000,1.3719,1.3793,1.3665,1.3676,3625994.0,2026-03-23 08:00:00
1774256400000,1.3676,1.3708,1.3608,1.3683,3670766.0,2026-03-23 09:00:00
1774260000000,1.3684,1.3798,1.3675,1.3712,5308487.0,2026-03-23 10:00:00
1774263600000,1.3713,1.4444,1.3713,1.4106,84627890.0,2026-03-23 11:00:00
1774267200000,1.4106,1.4263,1.4009,1.4242,16932854.0,2026-03-23 12:00:00
1774270800000,1.4243,1.4433,1.4203,1.4414,14324938.0,2026-03-23 13:00:00
1774274400000,1.4415,1.456,1.4408,1.4548,11751006.0,2026-03-23 14:00:00
1774278000000,1.4547,1.4655,1.43,1.4307,16660623.0,2026-03-23 15:00:00
1774281600000,1.4308,1.4423,1.427,1.4333,11583638.0,2026-03-23 16:00:00
1774285200000,1.4334,1.446,1.426,1.4437,7449317.0,2026-03-23 17:00:00
1774288800000,1.4436,1.4462,1.436,1.4412,4456903.0,2026-03-23 18:00:00
1774292400000,1.4412,1.4449,1.4308,1.4338,3889936.0,2026-03-23 19:00:00
1774296000000,1.4337,1.4394,1.4302,1.4376,2686729.0,2026-03-23 20:00:00
1774299600000,1.4376,1.4396,1.4338,1.4352,2302129.0,2026-03-23 21:00:00
1774303200000,1.4352,1.4367,1.4248,1.4287,3950963.0,2026-03-23 22:00:00
1774306800000,1.4287,1.4337,1.4224,1.4315,2986180.0,2026-03-23 23:00:00
1774310400000,1.4315,1.4345,1.4155,1.4192,5276070.0,2026-03-24 00:00:00
1774314000000,1.4191,1.4227,1.4094,1.4128,5737592.0,2026-03-24 01:00:00
1774317600000,1.4128,1.4164,1.4081,1.4086,6131939.0,2026-03-24 02:00:00
1774321200000,1.4086,1.4153,1.4079,1.414,2883686.0,2026-03-24 03:00:00
1774324800000,1.4139,1.4164,1.4061,1.4082,3856131.0,2026-03-24 04:00:00
1774328400000,1.4081,1.4149,1.4044,1.4133,3672458.0,2026-03-24 05:00:00
1774332000000,1.4133,1.4167,1.4096,1.4152,4809244.0,2026-03-24 06:00:00
1774335600000,1.4152,1.432,1.4137,1.4305,8869568.0,2026-03-24 07:00:00
1774339200000,1.4304,1.4326,1.4138,1.4163,11752415.0,2026-03-24 08:00:00
1774342800000,1.4163,1.4234,1.4123,1.4223,5912679.0,2026-03-24 09:00:00
1774346400000,1.4223,1.4228,1.4158,1.4206,3191173.0,2026-03-24 10:00:00
1774350000000,1.4206,1.4252,1.414,1.4224,5814026.0,2026-03-24 11:00:00
1774353600000,1.4223,1.4227,1.4133,1.4156,2604058.0,2026-03-24 12:00:00
1774357200000,1.4156,1.4172,1.3994,1.4019,10468439.0,2026-03-24 13:00:00
1774360800000,1.4019,1.4082,1.3948,1.4015,13167780.0,2026-03-24 14:00:00
1774364400000,1.4016,1.4079,1.3995,1.4002,7789565.0,2026-03-24 15:00:00
1774368000000,1.4001,1.4035,1.3882,1.3903,8198130.0,2026-03-24 16:00:00
1774371600000,1.3903,1.3932,1.3828,1.3876,7769797.0,2026-03-24 17:00:00
1774375200000,1.3876,1.3944,1.3866,1.388,5321082.0,2026-03-24 18:00:00
1774378800000,1.3881,1.3927,1.3863,1.387,2868771.0,2026-03-24 19:00:00
1774382400000,1.3869,1.412,1.3853,1.4088,10196020.0,2026-03-24 20:00:00
1774386000000,1.4089,1.4137,1.4043,1.412,3714680.0,2026-03-24 21:00:00
1774389600000,1.4121,1.4136,1.4069,1.4101,3355496.0,2026-03-24 22:00:00
1774393200000,1.4103,1.4173,1.4084,1.415,3938607.0,2026-03-24 23:00:00
1774396800000,1.415,1.4241,1.4113,1.4194,4125527.0,2026-03-25 00:00:00
1774400400000,1.4193,1.4217,1.4147,1.4162,5111084.0,2026-03-25 01:00:00
1774404000000,1.4162,1.4166,1.4096,1.4099,4198363.0,2026-03-25 02:00:00
1774407600000,1.4099,1.4141,1.4061,1.4125,3136885.0,2026-03-25 03:00:00
1774411200000,1.4125,1.4169,1.4104,1.4154,2331421.0,2026-03-25 04:00:00
1774414800000,1.4153,1.4228,1.4144,1.4172,3971645.0,2026-03-25 05:00:00
1774418400000,1.4172,1.4226,1.4155,1.4174,5006263.0,2026-03-25 06:00:00
1774422000000,1.4174,1.426,1.4163,1.4197,4884166.0,2026-03-25 07:00:00
1774425600000,1.4197,1.4253,1.4163,1.4187,10043354.0,2026-03-25 08:00:00
1774429200000,1.4188,1.4208,1.412,1.4171,8621062.0,2026-03-25 09:00:00
1774432800000,1.4171,1.4234,1.4162,1.4222,4101017.0,2026-03-25 10:00:00
1774436400000,1.4223,1.4372,1.422,1.4281,15780972.0,2026-03-25 11:00:00
1774440000000,1.4282,1.4315,1.4128,1.4215,12334659.0,2026-03-25 12:00:00
1774443600000,1.4215,1.4287,1.4174,1.4196,4629098.0,2026-03-25 13:00:00
1774447200000,1.4197,1.4217,1.4142,1.4146,5205648.0,2026-03-25 14:00:00
1774450800000,1.4147,1.416,1.4008,1.4065,11096636.0,2026-03-25 15:00:00
1774454400000,1.4065,1.4202,1.4038,1.4147,8633894.0,2026-03-25 16:00:00
1774458000000,1.4148,1.4166,1.4093,1.4107,4091531.0,2026-03-25 17:00:00
1774461600000,1.4106,1.418,1.4092,1.412,3351729.0,2026-03-25 18:00:00
1774465200000,1.4119,1.4148,1.4079,1.4112,2325141.0,2026-03-25 19:00:00
1774468800000,1.4112,1.4146,1.4091,1.4136,2280114.0,2026-03-25 20:00:00
1774472400000,1.4137,1.4171,1.4112,1.4129,2051473.0,2026-03-25 21:00:00
1774476000000,1.4129,1.4221,1.4117,1.4173,2717711.0,2026-03-25 22:00:00
1774479600000,1.4173,1.4188,1.4118,1.4139,2390206.0,2026-03-25 23:00:00
1774483200000,1.4138,1.4158,1.4106,1.4128,2108632.0,2026-03-26 00:00:00
1774486800000,1.4127,1.4145,1.4096,1.4102,2767158.0,2026-03-26 01:00:00
1774490400000,1.4101,1.411,1.3988,1.4027,4321679.0,2026-03-26 02:00:00
1774494000000,1.4027,1.4027,1.3951,1.4008,4035767.0,2026-03-26 03:00:00
1774497600000,1.4008,1.4047,1.3968,1.4017,3109816.0,2026-03-26 04:00:00
1774501200000,1.4017,1.4022,1.387,1.3881,7058118.0,2026-03-26 05:00:00
1774504800000,1.388,1.3924,1.3849,1.3849,7568215.0,2026-03-26 06:00:00
1774508400000,1.3849,1.3869,1.3787,1.385,6160395.0,2026-03-26 07:00:00
1774512000000,1.385,1.3858,1.3794,1.3814,4446345.0,2026-03-26 08:00:00
1774515600000,1.3815,1.3834,1.3674,1.3721,10073716.0,2026-03-26 09:00:00
1774519200000,1.3721,1.3764,1.3686,1.3727,4087812.0,2026-03-26 10:00:00
1774522800000,1.3728,1.376,1.3682,1.3704,3277894.0,2026-03-26 11:00:00
1774526400000,1.3705,1.3749,1.3692,1.3734,2946054.0,2026-03-26 12:00:00
1774530000000,1.3735,1.382,1.3701,1.3776,7265703.0,2026-03-26 13:00:00
1774533600000,1.3777,1.3807,1.3642,1.3675,8851725.0,2026-03-26 14:00:00
1774537200000,1.3674,1.3676,1.3517,1.3596,18638803.0,2026-03-26 15:00:00
1774540800000,1.3596,1.3654,1.359,1.3601,6389361.0,2026-03-26 16:00:00
1774544400000,1.36,1.3638,1.3505,1.3533,6046093.0,2026-03-26 17:00:00
1774548000000,1.3533,1.3549,1.3353,1.3466,20547693.0,2026-03-26 18:00:00
1774551600000,1.3465,1.351,1.3428,1.3434,5810928.0,2026-03-26 19:00:00
1774555200000,1.3433,1.3644,1.3431,1.3585,15199783.0,2026-03-26 20:00:00
1774558800000,1.3586,1.3695,1.3572,1.3658,5770839.0,2026-03-26 21:00:00
1774562400000,1.3658,1.3678,1.3571,1.3626,11989552.0,2026-03-26 22:00:00
1774566000000,1.3627,1.3643,1.3577,1.3599,2893991.0,2026-03-26 23:00:00
1774569600000,1.3599,1.3629,1.3573,1.3609,3386679.0,2026-03-27 00:00:00
1774573200000,1.361,1.3688,1.3597,1.3682,4241829.0,2026-03-27 01:00:00
1774576800000,1.3682,1.3719,1.366,1.3697,3436651.0,2026-03-27 02:00:00
1774580400000,1.3696,1.3703,1.363,1.3636,2240137.0,2026-03-27 03:00:00
1774584000000,1.3636,1.3641,1.3554,1.3627,3086676.0,2026-03-27 04:00:00
1774587600000,1.3627,1.3679,1.3598,1.3615,2552575.0,2026-03-27 05:00:00
1774591200000,1.3616,1.3636,1.3589,1.3595,1593659.0,2026-03-27 06:00:00
1774594800000,1.3594,1.3641,1.3567,1.3582,3616966.0,2026-03-27 07:00:00
1774598400000,1.3581,1.3605,1.3431,1.3499,11499808.0,2026-03-27 08:00:00
1774602000000,1.3499,1.35,1.3391,1.3456,5389991.0,2026-03-27 09:00:00
1774605600000,1.3455,1.3468,1.3245,1.3323,18478161.0,2026-03-27 10:00:00
1774609200000,1.3323,1.338,1.3289,1.3343,8462735.0,2026-03-27 11:00:00
1774612800000,1.3343,1.3345,1.3254,1.3319,26920365.0,2026-03-27 12:00:00
1774616400000,1.3319,1.3423,1.3268,1.3397,16390936.0,2026-03-27 13:00:00
1774620000000,1.3396,1.3436,1.327,1.3317,11239074.0,2026-03-27 14:00:00
1774623600000,1.3317,1.3451,1.3309,1.3346,19737444.0,2026-03-27 15:00:00
1774627200000,1.3347,1.3361,1.3287,1.3296,9403095.0,2026-03-27 16:00:00
1774630800000,1.3296,1.3365,1.322,1.3229,7025125.0,2026-03-27 17:00:00
1774634400000,1.323,1.3252,1.3172,1.3224,6108245.0,2026-03-27 18:00:00
1774638000000,1.3225,1.3284,1.3185,1.3242,5264965.0,2026-03-27 19:00:00
1774641600000,1.3242,1.3271,1.321,1.3253,5327906.0,2026-03-27 20:00:00
1774645200000,1.3253,1.3315,1.3252,1.3275,2659556.0,2026-03-27 21:00:00
1774648800000,1.3275,1.3281,1.3214,1.3238,1828217.0,2026-03-27 22:00:00
1774652400000,1.3237,1.3258,1.3195,1.3247,3383581.0,2026-03-27 23:00:00
1774656000000,1.3248,1.3287,1.3236,1.3256,2784860.0,2026-03-28 00:00:00
1774659600000,1.3257,1.3269,1.3182,1.3228,3308291.0,2026-03-28 01:00:00
1774663200000,1.3228,1.3266,1.3206,1.3231,2287223.0,2026-03-28 02:00:00
1774666800000,1.3231,1.3282,1.3231,1.3262,2532393.0,2026-03-28 03:00:00
1774670400000,1.3263,1.3303,1.3244,1.33,4983054.0,2026-03-28 04:00:00
1774674000000,1.33,1.3415,1.3276,1.3366,7883786.0,2026-03-28 05:00:00
1774677600000,1.3365,1.339,1.333,1.335,3648473.0,2026-03-28 06:00:00
1774681200000,1.3349,1.3407,1.3341,1.3403,2428268.0,2026-03-28 07:00:00
1774684800000,1.3403,1.3421,1.3365,1.3373,3869010.0,2026-03-28 08:00:00
1774688400000,1.3372,1.3378,1.3354,1.3363,3435374.0,2026-03-28 09:00:00
1774692000000,1.3363,1.3428,1.3339,1.3369,2812571.0,2026-03-28 10:00:00
1774695600000,1.3369,1.3417,1.3366,1.3395,3008323.0,2026-03-28 11:00:00
1774699200000,1.3396,1.341,1.3351,1.3376,3126927.0,2026-03-28 12:00:00
1774702800000,1.3376,1.3566,1.3373,1.3497,13106467.0,2026-03-28 13:00:00
1774706400000,1.3497,1.3516,1.3453,1.347,5127414.0,2026-03-28 14:00:00
1774710000000,1.347,1.3577,1.3456,1.3526,6196570.0,2026-03-28 15:00:00
1774713600000,1.3526,1.3538,1.3488,1.3493,2805240.0,2026-03-28 16:00:00
1774717200000,1.3492,1.3514,1.3437,1.3449,2978036.0,2026-03-28 17:00:00
1774720800000,1.345,1.3467,1.3442,1.3452,1929379.0,2026-03-28 18:00:00
1774724400000,1.3452,1.3458,1.3406,1.3443,2047793.0,2026-03-28 19:00:00
1774728000000,1.3443,1.3472,1.3435,1.3459,1715876.0,2026-03-28 20:00:00
1774731600000,1.3458,1.3459,1.3394,1.3406,1646860.0,2026-03-28 21:00:00
1774735200000,1.3407,1.3431,1.3378,1.3406,2888626.0,2026-03-28 22:00:00
1774738800000,1.3406,1.3406,1.3302,1.3326,5392604.0,2026-03-28 23:00:00
1774742400000,1.3326,1.3352,1.3292,1.3319,3637614.0,2026-03-29 00:00:00
1774746000000,1.3318,1.337,1.3317,1.3349,3696202.0,2026-03-29 01:00:00
1774749600000,1.335,1.3379,1.3337,1.3358,1593244.0,2026-03-29 02:00:00
1774753200000,1.3357,1.3412,1.3345,1.3376,3440613.0,2026-03-29 03:00:00
1774756800000,1.3375,1.3378,1.3339,1.3353,1318064.0,2026-03-29 04:00:00
1774760400000,1.3352,1.3353,1.3275,1.3324,8003800.0,2026-03-29 05:00:00
1774764000000,1.3324,1.343,1.3324,1.3337,9905488.0,2026-03-29 06:00:00
1774767600000,1.3337,1.3362,1.3316,1.3332,5498307.0,2026-03-29 07:00:00
1774771200000,1.3333,1.3384,1.3312,1.3363,3007018.0,2026-03-29 08:00:00
1774774800000,1.3364,1.3369,1.3331,1.3348,1887498.0,2026-03-29 09:00:00
1774778400000,1.3347,1.3347,1.33,1.333,2082649.0,2026-03-29 10:00:00
1774782000000,1.3329,1.3398,1.3324,1.3375,3638330.0,2026-03-29 11:00:00
1774785600000,1.3374,1.3378,1.3325,1.3338,2513409.0,2026-03-29 12:00:00
1774789200000,1.3338,1.3342,1.3242,1.3257,5350771.0,2026-03-29 13:00:00
1774792800000,1.3257,1.3316,1.3232,1.3254,3549529.0,2026-03-29 14:00:00
1774796400000,1.3253,1.3275,1.3202,1.3248,4024280.0,2026-03-29 15:00:00
1774800000000,1.3249,1.3288,1.3233,1.3243,1792351.0,2026-03-29 16:00:00
1774803600000,1.3243,1.3266,1.3181,1.3226,4274551.0,2026-03-29 17:00:00
1774807200000,1.3227,1.3253,1.3204,1.3228,2326538.0,2026-03-29 18:00:00
1774810800000,1.3227,1.323,1.3153,1.3172,4017764.0,2026-03-29 19:00:00
1774814400000,1.3173,1.3262,1.3168,1.3233,2939675.0,2026-03-29 20:00:00
1774818000000,1.3234,1.3279,1.3228,1.3267,1510300.0,2026-03-29 21:00:00
1774821600000,1.3267,1.3267,1.2938,1.3182,25697277.0,2026-03-29 22:00:00
1774825200000,1.3182,1.3319,1.3178,1.327,12670853.0,2026-03-29 23:00:00
1774828800000,1.3271,1.3522,1.3237,1.3306,15251891.0,2026-03-30 00:00:00
1774832400000,1.3305,1.3416,1.3305,1.3396,5669982.0,2026-03-30 01:00:00
1774836000000,1.3396,1.3547,1.3384,1.3477,9643196.0,2026-03-30 02:00:00
1774839600000,1.3477,1.3549,1.3448,1.3514,5765544.0,2026-03-30 03:00:00
1774843200000,1.3514,1.3604,1.3499,1.3501,10124849.0,2026-03-30 04:00:00
1774846800000,1.3502,1.3569,1.3462,1.3514,16679646.0,2026-03-30 05:00:00
1774850400000,1.3513,1.3567,1.3495,1.3502,4211472.0,2026-03-30 06:00:00
1774854000000,1.3502,1.3589,1.3501,1.3577,4195972.0,2026-03-30 07:00:00
1774857600000,1.3576,1.3664,1.3562,1.3606,11098851.0,2026-03-30 08:00:00
1774861200000,1.3606,1.3611,1.3496,1.3497,6861155.0,2026-03-30 09:00:00
1774864800000,1.3497,1.3497,1.3442,1.3477,6185029.0,2026-03-30 10:00:00
1774868400000,1.3477,1.36,1.3472,1.3496,12380089.0,2026-03-30 11:00:00
1774872000000,1.3496,1.3555,1.3492,1.3509,4384134.0,2026-03-30 12:00:00
1774875600000,1.3508,1.3563,1.3437,1.3455,7477936.0,2026-03-30 13:00:00
1774879200000,1.3454,1.3489,1.3345,1.3473,10961513.0,2026-03-30 14:00:00
1774882800000,1.3472,1.3499,1.3384,1.3448,6767808.0,2026-03-30 15:00:00
1774886400000,1.3448,1.345,1.3371,1.3413,4555027.0,2026-03-30 16:00:00
1774890000000,1.3412,1.3447,1.3317,1.3336,5251939.0,2026-03-30 17:00:00
1774893600000,1.3335,1.3353,1.3238,1.3248,6532360.0,2026-03-30 18:00:00
1774897200000,1.3248,1.3258,1.3158,1.3221,6502992.0,2026-03-30 19:00:00
1774900800000,1.322,1.3268,1.3205,1.3262,4331610.0,2026-03-30 20:00:00
1774904400000,1.3263,1.3338,1.3236,1.33,8489166.0,2026-03-30 21:00:00
1774908000000,1.3301,1.3324,1.3264,1.3279,2225055.0,2026-03-30 22:00:00
1774911600000,1.3279,1.3279,1.3188,1.3232,3978754.0,2026-03-30 23:00:00
1774915200000,1.3232,1.3284,1.3183,1.3251,5735482.0,2026-03-31 00:00:00
1774918800000,1.3251,1.3472,1.3226,1.3385,8619970.0,2026-03-31 01:00:00
1774922400000,1.3385,1.3402,1.3345,1.3359,2424849.0,2026-03-31 02:00:00
1774926000000,1.3359,1.336,1.3248,1.3252,4550837.0,2026-03-31 03:00:00
1774929600000,1.3252,1.3266,1.3195,1.3233,8764508.0,2026-03-31 04:00:00
1774933200000,1.3232,1.329,1.3193,1.3214,7638511.0,2026-03-31 05:00:00
1774936800000,1.3214,1.3284,1.314,1.3232,16144992.0,2026-03-31 06:00:00
1774940400000,1.3233,1.3248,1.3129,1.3187,11451101.0,2026-03-31 07:00:00
1774944000000,1.3187,1.3227,1.3089,1.313,5225344.0,2026-03-31 08:00:00
1774947600000,1.313,1.3159,1.3032,1.3067,14082416.0,2026-03-31 09:00:00
1774951200000,1.3067,1.3131,1.3062,1.3101,4267924.0,2026-03-31 10:00:00
1774954800000,1.3101,1.3174,1.3066,1.3141,7743877.0,2026-03-31 11:00:00
1774958400000,1.3141,1.3205,1.3129,1.3145,6378370.0,2026-03-31 12:00:00
1774962000000,1.3146,1.3275,1.314,1.3256,7351036.0,2026-03-31 13:00:00
1774965600000,1.3255,1.338,1.3104,1.3139,16182044.0,2026-03-31 14:00:00
1774969200000,1.3138,1.3278,1.3134,1.3146,8915521.0,2026-03-31 15:00:00
1774972800000,1.3146,1.3368,1.3137,1.3299,11094893.0,2026-03-31 16:00:00
1774976400000,1.3299,1.3451,1.3272,1.3304,18198857.0,2026-03-31 17:00:00
1774980000000,1.3304,1.342,1.3304,1.3399,6153035.0,2026-03-31 18:00:00
1774983600000,1.3399,1.3459,1.3398,1.3444,4839935.0,2026-03-31 19:00:00
1774987200000,1.3443,1.3498,1.3413,1.3439,4357651.0,2026-03-31 20:00:00
1774990800000,1.3439,1.3444,1.3371,1.3404,4347338.0,2026-03-31 21:00:00
1774994400000,1.3403,1.3412,1.3319,1.3348,3735450.0,2026-03-31 22:00:00
1774998000000,1.3347,1.3416,1.3336,1.3401,3055310.0,2026-03-31 23:00:00
1775001600000,1.3401,1.345,1.3373,1.3445,3837940.0,2026-04-01 00:00:00
1775005200000,1.3445,1.3452,1.3333,1.3344,3740131.0,2026-04-01 01:00:00
1775008800000,1.3345,1.3373,1.3306,1.3339,3213238.0,2026-04-01 02:00:00
1775012400000,1.3339,1.3512,1.3339,1.3476,9287483.0,2026-04-01 03:00:00
1775016000000,1.3476,1.3488,1.3379,1.3385,5185078.0,2026-04-01 04:00:00
1775019600000,1.3386,1.3488,1.3352,1.3459,15188191.0,2026-04-01 05:00:00
1775023200000,1.3459,1.3632,1.3458,1.3617,12909778.0,2026-04-01 06:00:00
1775026800000,1.3617,1.3668,1.3555,1.356,7548344.0,2026-04-01 07:00:00
1775030400000,1.3559,1.358,1.3514,1.3521,7268469.0,2026-04-01 08:00:00
1775034000000,1.3521,1.3534,1.3485,1.3509,4113243.0,2026-04-01 09:00:00
1775037600000,1.3509,1.3545,1.3482,1.3522,3150924.0,2026-04-01 10:00:00
1775041200000,1.3522,1.355,1.3501,1.3538,2182938.0,2026-04-01 11:00:00
1775044800000,1.3538,1.3604,1.3485,1.3532,9106640.0,2026-04-01 12:00:00
1775048400000,1.3533,1.357,1.3442,1.3462,7033788.0,2026-04-01 13:00:00
1775052000000,1.3461,1.3577,1.3453,1.3553,6582200.0,2026-04-01 14:00:00
1775055600000,1.3553,1.357,1.3498,1.357,4361692.0,2026-04-01 15:00:00
1775059200000,1.3569,1.362,1.3511,1.3582,4700325.0,2026-04-01 16:00:00
1775062800000,1.3582,1.3679,1.3503,1.3514,8069018.0,2026-04-01 17:00:00
1775066400000,1.3514,1.3521,1.3454,1.347,4079893.0,2026-04-01 18:00:00
1775070000000,1.347,1.3534,1.3468,1.3498,4374770.0,2026-04-01 19:00:00
1775073600000,1.3499,1.3516,1.3415,1.3479,6381506.0,2026-04-01 20:00:00
1775077200000,1.3479,1.3563,1.3476,1.3545,4571456.0,2026-04-01 21:00:00
1775080800000,1.3544,1.355,1.3462,1.3483,2681606.0,2026-04-01 22:00:00
1775084400000,1.3483,1.351,1.346,1.3471,2590772.0,2026-04-01 23:00:00
1775088000000,1.3472,1.3562,1.3465,1.3562,2712112.0,2026-04-02 00:00:00
1775091600000,1.3563,1.3563,1.321,1.3274,19066852.0,2026-04-02 01:00:00
1775095200000,1.3273,1.329,1.3158,1.3173,11083381.0,2026-04-02 02:00:00
1775098800000,1.3174,1.3174,1.3055,1.3118,13569278.0,2026-04-02 03:00:00
1775102400000,1.3118,1.3196,1.3038,1.307,17428204.0,2026-04-02 04:00:00
1775106000000,1.307,1.3151,1.306,1.3143,5807542.0,2026-04-02 05:00:00
1775109600000,1.3143,1.3178,1.3114,1.3149,3763402.0,2026-04-02 06:00:00
1775113200000,1.3148,1.3175,1.3121,1.3167,2983810.0,2026-04-02 07:00:00
1775116800000,1.3166,1.3166,1.3102,1.311,3373194.0,2026-04-02 08:00:00
1775120400000,1.311,1.3121,1.3068,1.3109,3097831.0,2026-04-02 09:00:00
1775124000000,1.3109,1.3112,1.3064,1.3075,2243978.0,2026-04-02 10:00:00
1775127600000,1.3075,1.3083,1.298,1.2991,6893008.0,2026-04-02 11:00:00
1775131200000,1.2992,1.2999,1.2892,1.29,10782577.0,2026-04-02 12:00:00
1775134800000,1.29,1.2931,1.2793,1.288,14450222.0,2026-04-02 13:00:00
1775138400000,1.288,1.3026,1.2814,1.2992,19919882.0,2026-04-02 14:00:00
1775142000000,1.2991,1.3016,1.2901,1.2991,6689746.0,2026-04-02 15:00:00
1775145600000,1.2991,1.3081,1.2939,1.3034,7175445.0,2026-04-02 16:00:00
1775149200000,1.3034,1.3104,1.297,1.298,9788390.0,2026-04-02 17:00:00
1775152800000,1.2979,1.308,1.2966,1.3058,4274570.0,2026-04-02 18:00:00
1775156400000,1.3059,1.3091,1.3004,1.3071,4407924.0,2026-04-02 19:00:00
1775160000000,1.3072,1.3224,1.304,1.3171,9486910.0,2026-04-02 20:00:00
1775163600000,1.3171,1.3189,1.3116,1.3149,3163496.0,2026-04-02 21:00:00
1775167200000,1.3149,1.3178,1.3115,1.317,3231437.0,2026-04-02 22:00:00
1775170800000,1.317,1.3203,1.3148,1.3191,3384964.0,2026-04-02 23:00:00
1775174400000,1.3192,1.3235,1.3137,1.3151,8757415.0,2026-04-03 00:00:00
1775178000000,1.3151,1.3199,1.3117,1.3127,7165780.0,2026-04-03 01:00:00
1775181600000,1.3128,1.3164,1.3023,1.3068,8452127.0,2026-04-03 02:00:00
1775185200000,1.3068,1.3212,1.3064,1.3209,9546172.0,2026-04-03 03:00:00
1775188800000,1.3208,1.3228,1.3137,1.3192,7103039.0,2026-04-03 04:00:00
1775192400000,1.3193,1.3253,1.3152,1.3179,5399535.0,2026-04-03 05:00:00
1775196000000,1.3178,1.3201,1.3146,1.3185,3989269.0,2026-04-03 06:00:00
1775199600000,1.3185,1.3235,1.3162,1.3181,3197428.0,2026-04-03 07:00:00
1775203200000,1.3181,1.3208,1.316,1.3171,5654440.0,2026-04-03 08:00:00
1775206800000,1.317,1.3171,1.3102,1.3109,4930358.0,2026-04-03 09:00:00
1775210400000,1.3109,1.3169,1.3086,1.3152,10281112.0,2026-04-03 10:00:00
1775214000000,1.3152,1.324,1.3142,1.3199,8502839.0,2026-04-03 11:00:00
1775217600000,1.3198,1.3348,1.3175,1.3193,13635687.0,2026-04-03 12:00:00
1775221200000,1.3192,1.32,1.3139,1.317,4782208.0,2026-04-03 13:00:00
1775224800000,1.3171,1.3204,1.3143,1.3185,3077821.0,2026-04-03 14:00:00
1775228400000,1.3184,1.3227,1.3175,1.3179,3478986.0,2026-04-03 15:00:00
1775232000000,1.3179,1.3249,1.3177,1.3237,7310428.0,2026-04-03 16:00:00
1775235600000,1.3237,1.3247,1.3183,1.3204,2439042.0,2026-04-03 17:00:00
1775239200000,1.3204,1.3219,1.3166,1.3172,3407367.0,2026-04-03 18:00:00
1775242800000,1.3172,1.3179,1.3125,1.317,3153720.0,2026-04-03 19:00:00
1775246400000,1.3169,1.3183,1.3156,1.3158,1668257.0,2026-04-03 20:00:00
1775250000000,1.3158,1.3189,1.3126,1.3172,4801945.0,2026-04-03 21:00:00
1775253600000,1.3173,1.3219,1.3149,1.3159,6097089.0,2026-04-03 22:00:00
1775257200000,1.3159,1.3181,1.3116,1.3175,6021001.0,2026-04-03 23:00:00
1775260800000,1.3176,1.3184,1.3152,1.3154,1528008.0,2026-04-04 00:00:00
1775264400000,1.3154,1.3168,1.3138,1.3143,1337461.0,2026-04-04 01:00:00
1775268000000,1.3142,1.3149,1.3124,1.3139,1212675.0,2026-04-04 02:00:00
1775271600000,1.3139,1.316,1.3136,1.315,2045784.0,2026-04-04 03:00:00
1775275200000,1.315,1.3176,1.3145,1.3154,1466518.0,2026-04-04 04:00:00
1775278800000,1.3155,1.3182,1.3146,1.3163,2169049.0,2026-04-04 05:00:00
1775282400000,1.3164,1.3204,1.3156,1.319,3024171.0,2026-04-04 06:00:00
1775286000000,1.3191,1.3197,1.3146,1.3153,2722226.0,2026-04-04 07:00:00
1775289600000,1.3154,1.3158,1.3128,1.3131,2771379.0,2026-04-04 08:00:00
1775293200000,1.3132,1.3134,1.3114,1.3114,3830656.0,2026-04-04 09:00:00
1775296800000,1.3114,1.3138,1.3054,1.3133,12185984.0,2026-04-04 10:00:00
1775300400000,1.3132,1.3158,1.3102,1.3113,10041347.0,2026-04-04 11:00:00
1775304000000,1.3113,1.3113,1.3082,1.3096,2849906.0,2026-04-04 12:00:00
1775307600000,1.3097,1.3108,1.3073,1.3084,2924134.0,2026-04-04 13:00:00
1775311200000,1.3085,1.3118,1.3057,1.3117,2653991.0,2026-04-04 14:00:00
1775314800000,1.3118,1.3165,1.3107,1.312,5611372.0,2026-04-04 15:00:00
1775318400000,1.312,1.3151,1.31,1.3117,3248004.0,2026-04-04 16:00:00
1775322000000,1.3116,1.3154,1.3109,1.3138,1816981.0,2026-04-04 17:00:00
1775325600000,1.3138,1.3151,1.3127,1.3128,1243656.0,2026-04-04 18:00:00
1775329200000,1.3128,1.322,1.3125,1.3168,4623151.0,2026-04-04 19:00:00
1775332800000,1.3168,1.3174,1.3147,1.3159,1494629.0,2026-04-04 20:00:00
1775336400000,1.3159,1.3182,1.3136,1.3162,3641554.0,2026-04-04 21:00:00
1775340000000,1.3163,1.3179,1.3154,1.316,4460950.0,2026-04-04 22:00:00
1775343600000,1.316,1.316,1.3125,1.3147,4676869.0,2026-04-04 23:00:00
1775347200000,1.3147,1.3148,1.3108,1.3118,5003577.0,2026-04-05 00:00:00
1775350800000,1.3118,1.3135,1.3108,1.3122,4387978.0,2026-04-05 01:00:00
1775354400000,1.3122,1.3192,1.3095,1.3161,7399636.0,2026-04-05 02:00:00
1775358000000,1.316,1.3166,1.3125,1.3126,2918228.0,2026-04-05 03:00:00
1775361600000,1.3125,1.3145,1.3085,1.3099,12259826.0,2026-04-05 04:00:00
1775365200000,1.31,1.3114,1.2988,1.2997,12633674.0,2026-04-05 05:00:00
1775368800000,1.2997,1.3025,1.2944,1.3006,13437855.0,2026-04-05 06:00:00
1775372400000,1.3007,1.3031,1.2957,1.297,8605709.0,2026-04-05 07:00:00
1775376000000,1.297,1.2992,1.2961,1.2983,2623624.0,2026-04-05 08:00:00
1775379600000,1.2982,1.3013,1.2976,1.2998,3607134.0,2026-04-05 09:00:00
1775383200000,1.2998,1.3033,1.2974,1.298,2351590.0,2026-04-05 10:00:00
1775386800000,1.2979,1.2998,1.2967,1.2978,1706895.0,2026-04-05 11:00:00
1775390400000,1.2978,1.2978,1.2779,1.2816,16285069.0,2026-04-05 12:00:00
1775394000000,1.2815,1.292,1.2791,1.2883,17565721.0,2026-04-05 13:00:00
1775397600000,1.2883,1.2899,1.2844,1.2855,2267330.0,2026-04-05 14:00:00
1775401200000,1.2855,1.3049,1.2827,1.2957,10261041.0,2026-04-05 15:00:00
1775404800000,1.2958,1.3011,1.2957,1.2971,3578349.0,2026-04-05 16:00:00
1775408400000,1.2971,1.3023,1.2959,1.3015,3284583.0,2026-04-05 17:00:00
1775412000000,1.3015,1.3042,1.2981,1.3021,5646897.0,2026-04-05 18:00:00
1775415600000,1.3021,1.3067,1.2984,1.2997,2379924.0,2026-04-05 19:00:00
1775419200000,1.2997,1.3045,1.2987,1.3035,2419221.0,2026-04-05 20:00:00
1775422800000,1.3035,1.3038,1.2975,1.3001,2719204.0,2026-04-05 21:00:00
1775426400000,1.3,1.3123,1.2963,1.3116,6890933.0,2026-04-05 22:00:00
1775430000000,1.3116,1.3315,1.3106,1.3257,16302670.0,2026-04-05 23:00:00
1775433600000,1.3258,1.3395,1.3257,1.3311,13828046.0,2026-04-06 00:00:00
1775437200000,1.3311,1.3333,1.3255,1.3292,5914371.0,2026-04-06 01:00:00
1775440800000,1.3292,1.3487,1.3287,1.3401,12824693.0,2026-04-06 02:00:00
1775444400000,1.3401,1.3418,1.3358,1.338,6350136.0,2026-04-06 03:00:00
1775448000000,1.3379,1.3418,1.3357,1.3393,4395100.0,2026-04-06 04:00:00
1775451600000,1.3393,1.3403,1.3361,1.3397,2416280.0,2026-04-06 05:00:00
1775455200000,1.3396,1.3463,1.3381,1.3408,9001670.0,2026-04-06 06:00:00
1775458800000,1.3409,1.3453,1.3368,1.3437,13329581.0,2026-04-06 07:00:00
1775462400000,1.3437,1.3459,1.3381,1.3382,7583866.0,2026-04-06 08:00:00
1775466000000,1.3381,1.3569,1.3371,1.3519,11840080.0,2026-04-06 09:00:00
1775469600000,1.352,1.3566,1.3511,1.3525,6041656.0,2026-04-06 10:00:00
1775473200000,1.3525,1.3528,1.3475,1.3493,5115470.0,2026-04-06 11:00:00
1775476800000,1.3493,1.3502,1.3416,1.3429,5224617.0,2026-04-06 12:00:00
1775480400000,1.3429,1.3474,1.3415,1.3466,4165800.0,2026-04-06 13:00:00
1775484000000,1.3466,1.3528,1.3403,1.3472,10004516.0,2026-04-06 14:00:00
1775487600000,1.3471,1.3503,1.344,1.35,5223504.0,2026-04-06 15:00:00
1775491200000,1.35,1.3532,1.3418,1.343,5193494.0,2026-04-06 16:00:00
1775494800000,1.343,1.3435,1.3339,1.3389,6534154.0,2026-04-06 17:00:00
1775498400000,1.3389,1.3423,1.3363,1.3406,2336211.0,2026-04-06 18:00:00
1775502000000,1.3405,1.3434,1.3368,1.3411,2507461.0,2026-04-06 19:00:00
1775505600000,1.3411,1.343,1.3393,1.3405,2703874.0,2026-04-06 20:00:00
1775509200000,1.3404,1.3404,1.3343,1.3348,3128598.0,2026-04-06 21:00:00
1775512800000,1.3347,1.3349,1.3177,1.3178,8823966.0,2026-04-06 22:00:00
1775516400000,1.3178,1.3219,1.3115,1.3202,11830733.0,2026-04-06 23:00:00
1775520000000,1.3202,1.3249,1.3189,1.3206,4930147.0,2026-04-07 00:00:00
1775523600000,1.3206,1.3238,1.3134,1.3137,4993491.0,2026-04-07 01:00:00
1775527200000,1.3137,1.3187,1.3116,1.3163,4300425.0,2026-04-07 02:00:00
1775530800000,1.3163,1.3175,1.3139,1.3162,3114428.0,2026-04-07 03:00:00
1775534400000,1.3162,1.3197,1.3125,1.3177,4318209.0,2026-04-07 04:00:00
1775538000000,1.3177,1.3184,1.3088,1.3106,11172495.0,2026-04-07 05:00:00
1775541600000,1.3106,1.3115,1.3043,1.3105,8296809.0,2026-04-07 06:00:00
1775545200000,1.3105,1.3158,1.31,1.3117,7356167.0,2026-04-07 07:00:00
1775548800000,1.3118,1.3225,1.3102,1.319,13588899.0,2026-04-07 08:00:00
1775552400000,1.319,1.324,1.3173,1.3193,4733619.0,2026-04-07 09:00:00
1775556000000,1.3193,1.3208,1.3052,1.3065,7703107.0,2026-04-07 10:00:00
1775559600000,1.3066,1.3084,1.3025,1.3054,5298380.0,2026-04-07 11:00:00
1775563200000,1.3055,1.3117,1.3002,1.3078,7173253.0,2026-04-07 12:00:00
1775566800000,1.3078,1.3126,1.3038,1.3042,5171377.0,2026-04-07 13:00:00
1775570400000,1.3042,1.3047,1.2955,1.2957,8379108.0,2026-04-07 14:00:00
1775574000000,1.2956,1.3016,1.2939,1.2967,7156812.0,2026-04-07 15:00:00
1775577600000,1.2967,1.3024,1.2945,1.2998,5439085.0,2026-04-07 16:00:00
1775581200000,1.2998,1.3142,1.2984,1.3076,7367132.0,2026-04-07 17:00:00
1775584800000,1.3076,1.309,1.299,1.3015,4175832.0,2026-04-07 18:00:00
1775588400000,1.3014,1.3166,1.3004,1.3134,8643252.0,2026-04-07 19:00:00
1775592000000,1.3134,1.3214,1.313,1.3175,7317560.0,2026-04-07 20:00:00
1775595600000,1.3175,1.3399,1.3167,1.3375,14722002.0,2026-04-07 21:00:00
1775599200000,1.3375,1.3735,1.3357,1.3728,27764665.0,2026-04-07 22:00:00
1775602800000,1.3728,1.3958,1.3666,1.378,29797828.0,2026-04-07 23:00:00
1775606400000,1.378,1.383,1.3594,1.3659,18310236.0,2026-04-08 00:00:00
1775610000000,1.3659,1.3729,1.3631,1.3695,6215165.0,2026-04-08 01:00:00
1775613600000,1.3695,1.3757,1.368,1.374,4455324.0,2026-04-08 02:00:00
1775617200000,1.374,1.3771,1.3683,1.3696,7655912.0,2026-04-08 03:00:00
1775620800000,1.3696,1.3775,1.3687,1.3755,10123324.0,2026-04-08 04:00:00
1775624400000,1.3754,1.3871,1.3754,1.384,7554247.0,2026-04-08 05:00:00
1775628000000,1.384,1.3861,1.3791,1.3795,4571321.0,2026-04-08 06:00:00
1775631600000,1.3794,1.3841,1.377,1.3792,3825690.0,2026-04-08 07:00:00
1775635200000,1.3792,1.3834,1.3774,1.3806,2829372.0,2026-04-08 08:00:00
1775638800000,1.3806,1.3871,1.3772,1.3806,6474030.0,2026-04-08 09:00:00
1775642400000,1.3806,1.3845,1.378,1.3832,7707556.0,2026-04-08 10:00:00
1775646000000,1.3831,1.3849,1.3712,1.3775,10919950.0,2026-04-08 11:00:00
1775649600000,1.3775,1.3829,1.3739,1.3797,9201648.0,2026-04-08 12:00:00
1775653200000,1.3797,1.3891,1.3731,1.3737,13848645.0,2026-04-08 13:00:00
1775656800000,1.3737,1.3746,1.3449,1.3498,22158453.0,2026-04-08 14:00:00
1775660400000,1.3499,1.3564,1.3484,1.3543,8026340.0,2026-04-08 15:00:00
1775664000000,1.3543,1.3592,1.3517,1.3566,4833628.0,2026-04-08 16:00:00
1775667600000,1.3566,1.3633,1.3536,1.3617,6066367.0,2026-04-08 17:00:00
1775671200000,1.3616,1.3618,1.3468,1.3476,6394452.0,2026-04-08 18:00:00
1775674800000,1.3476,1.3514,1.3437,1.3511,5833831.0,2026-04-08 19:00:00
1775678400000,1.351,1.3529,1.3456,1.3479,2875848.0,2026-04-08 20:00:00
1775682000000,1.3479,1.3568,1.3472,1.3523,2862239.0,2026-04-08 21:00:00
1775685600000,1.3524,1.3528,1.3437,1.344,3642422.0,2026-04-08 22:00:00
1775689200000,1.3439,1.3452,1.338,1.3419,8504852.0,2026-04-08 23:00:00
1775692800000,1.3419,1.3423,1.3335,1.3388,5415271.0,2026-04-09 00:00:00
1775696400000,1.3389,1.3396,1.3261,1.3336,16372743.0,2026-04-09 01:00:00
1775700000000,1.3336,1.336,1.3311,1.3336,4411733.0,2026-04-09 02:00:00
1775703600000,1.3337,1.3364,1.329,1.3303,8860206.0,2026-04-09 03:00:00
1775707200000,1.3304,1.3318,1.3267,1.3308,6788040.0,2026-04-09 04:00:00
1775710800000,1.3308,1.335,1.3302,1.3321,5714473.0,2026-04-09 05:00:00
1775714400000,1.3322,1.3347,1.3252,1.3322,6413755.0,2026-04-09 06:00:00
1775718000000,1.3321,1.3333,1.3294,1.331,2373181.0,2026-04-09 07:00:00
1775721600000,1.331,1.3358,1.3296,1.334,3226002.0,2026-04-09 08:00:00
1775725200000,1.3341,1.3383,1.3326,1.3371,3444642.0,2026-04-09 09:00:00
1775728800000,1.3372,1.3378,1.332,1.332,2706570.0,2026-04-09 10:00:00
1775732400000,1.332,1.3349,1.3245,1.3288,14785408.0,2026-04-09 11:00:00
1775736000000,1.3288,1.3323,1.3254,1.3306,3023148.0,2026-04-09 12:00:00
1775739600000,1.3307,1.3323,1.3257,1.3289,3873321.0,2026-04-09 13:00:00
1775743200000,1.3289,1.3333,1.3211,1.332,7663464.0,2026-04-09 14:00:00
1775746800000,1.332,1.3547,1.3293,1.3515,13969025.0,2026-04-09 15:00:00
1775750400000,1.3516,1.3588,1.3454,1.3516,9580844.0,2026-04-09 16:00:00
1775754000000,1.3515,1.3595,1.351,1.3579,6060791.0,2026-04-09 17:00:00
1775757600000,1.3579,1.3587,1.3494,1.3546,5696034.0,2026-04-09 18:00:00
1775761200000,1.3545,1.3601,1.3512,1.3553,4911085.0,2026-04-09 19:00:00
1775764800000,1.3553,1.3588,1.3528,1.3562,4329650.0,2026-04-09 20:00:00
1775768400000,1.3562,1.3608,1.3501,1.353,3970394.0,2026-04-09 21:00:00
1775772000000,1.353,1.3692,1.3509,1.3516,9014723.0,2026-04-09 22:00:00
1775775600000,1.3517,1.3524,1.3412,1.343,6915625.0,2026-04-09 23:00:00
1775779200000,1.343,1.3472,1.3397,1.3444,4905957.0,2026-04-10 00:00:00
1775782800000,1.3444,1.3497,1.3391,1.3426,7665892.0,2026-04-10 01:00:00
1775786400000,1.3427,1.3464,1.3409,1.3427,3195843.0,2026-04-10 02:00:00
1775790000000,1.3427,1.3451,1.3399,1.3403,6209689.0,2026-04-10 03:00:00
1775793600000,1.3403,1.3482,1.3403,1.3456,2734176.0,2026-04-10 04:00:00
1775797200000,1.3456,1.348,1.3418,1.3427,4204779.0,2026-04-10 05:00:00
1775800800000,1.3427,1.3462,1.3382,1.3414,3487131.0,2026-04-10 06:00:00
1775804400000,1.3413,1.3423,1.3349,1.3365,4661003.0,2026-04-10 07:00:00
1775808000000,1.3365,1.3466,1.3342,1.3388,10483979.0,2026-04-10 08:00:00
1775811600000,1.3387,1.3422,1.3351,1.3383,9136423.0,2026-04-10 09:00:00
1775815200000,1.3383,1.3399,1.3352,1.3366,6794768.0,2026-04-10 10:00:00
1775818800000,1.3367,1.3433,1.3361,1.3408,2845362.0,2026-04-10 11:00:00
1775822400000,1.3408,1.3463,1.3387,1.3424,12505319.0,2026-04-10 12:00:00
1775826000000,1.3424,1.3449,1.3371,1.3437,3982961.0,2026-04-10 13:00:00
1775829600000,1.3437,1.3576,1.3424,1.3573,8891499.0,2026-04-10 14:00:00
1775833200000,1.3572,1.3605,1.3452,1.3473,11334331.0,2026-04-10 15:00:00
1775836800000,1.3474,1.3534,1.3466,1.3509,5020200.0,2026-04-10 16:00:00
1775840400000,1.3509,1.3552,1.3481,1.3548,2461297.0,2026-04-10 17:00:00
1775844000000,1.3548,1.3594,1.3519,1.3591,4080520.0,2026-04-10 18:00:00
1775847600000,1.3591,1.3627,1.3578,1.3624,4296941.0,2026-04-10 19:00:00
1775851200000,1.3624,1.3655,1.3591,1.3637,4357791.0,2026-04-10 20:00:00
1775854800000,1.3636,1.364,1.3568,1.3599,2843519.0,2026-04-10 21:00:00
1775858400000,1.36,1.3607,1.3542,1.3558,1888096.0,2026-04-10 22:00:00
1775862000000,1.3558,1.3563,1.3538,1.3553,1010284.0,2026-04-10 23:00:00
1775865600000,1.3554,1.3558,1.3525,1.3538,2096147.0,2026-04-11 00:00:00
1775869200000,1.3537,1.3537,1.3489,1.3524,3400687.0,2026-04-11 01:00:00
1775872800000,1.3525,1.3564,1.3521,1.3543,2178007.0,2026-04-11 02:00:00
1775876400000,1.3542,1.3565,1.3495,1.35,2353285.0,2026-04-11 03:00:00
1775880000000,1.35,1.3515,1.3474,1.3501,2349590.0,2026-04-11 04:00:00
1775883600000,1.3501,1.3505,1.345,1.347,5033115.0,2026-04-11 05:00:00
1775887200000,1.3469,1.347,1.3433,1.3455,2967451.0,2026-04-11 06:00:00
1775890800000,1.3454,1.3472,1.3447,1.3458,2102639.0,2026-04-11 07:00:00
1775894400000,1.3458,1.3477,1.3439,1.3444,2447949.0,2026-04-11 08:00:00
1775898000000,1.3444,1.3479,1.3411,1.3468,8663588.0,2026-04-11 09:00:00
1775901600000,1.3467,1.3471,1.3447,1.3461,2439409.0,2026-04-11 10:00:00
1775905200000,1.3461,1.3492,1.3434,1.3449,6695725.0,2026-04-11 11:00:00
1775908800000,1.3449,1.3454,1.3411,1.3434,7343988.0,2026-04-11 12:00:00
1775912400000,1.3434,1.3444,1.3393,1.3442,4986249.0,2026-04-11 13:00:00
1775916000000,1.3443,1.3486,1.3408,1.3416,7106825.0,2026-04-11 14:00:00
1775919600000,1.3416,1.3458,1.3384,1.3451,6093870.0,2026-04-11 15:00:00
1775923200000,1.3452,1.3583,1.3447,1.3538,6954495.0,2026-04-11 16:00:00
1775926800000,1.3538,1.3561,1.3504,1.3524,4081191.0,2026-04-11 17:00:00
1775930400000,1.3524,1.3665,1.3504,1.3635,7662530.0,2026-04-11 18:00:00
1775934000000,1.3636,1.375,1.3626,1.3707,8689392.0,2026-04-11 19:00:00
1775937600000,1.3707,1.3724,1.3578,1.3609,7614692.0,2026-04-11 20:00:00
1775941200000,1.3609,1.3649,1.3591,1.3618,2502752.0,2026-04-11 21:00:00
1775944800000,1.3617,1.3691,1.3595,1.361,3547700.0,2026-04-11 22:00:00
1775948400000,1.3609,1.361,1.3506,1.3541,4359702.0,2026-04-11 23:00:00
1775952000000,1.3542,1.3543,1.3508,1.3529,3653167.0,2026-04-12 00:00:00
1775955600000,1.353,1.3553,1.3241,1.3285,17714619.0,2026-04-12 01:00:00
1775959200000,1.3284,1.3366,1.3241,1.3336,9238480.0,2026-04-12 02:00:00
1775962800000,1.3335,1.3355,1.329,1.3293,4907812.0,2026-04-12 03:00:00
1775966400000,1.3293,1.3301,1.3261,1.3271,2879629.0,2026-04-12 04:00:00
1775970000000,1.3271,1.3304,1.3258,1.3295,2935324.0,2026-04-12 05:00:00
1775973600000,1.3295,1.3315,1.3279,1.3288,1710079.0,2026-04-12 06:00:00
1775977200000,1.3287,1.3302,1.3265,1.3287,2021081.0,2026-04-12 07:00:00
1775980800000,1.3286,1.331,1.3269,1.3276,2345949.0,2026-04-12 08:00:00
1775984400000,1.3276,1.3312,1.3252,1.3293,5486574.0,2026-04-12 09:00:00
1775988000000,1.3293,1.3325,1.3285,1.3297,4600386.0,2026-04-12 10:00:00
1775991600000,1.3297,1.3332,1.3291,1.332,6643508.0,2026-04-12 11:00:00
1775995200000,1.332,1.3335,1.3264,1.3301,6672796.0,2026-04-12 12:00:00
1775998800000,1.3301,1.3324,1.3223,1.3227,10321787.0,2026-04-12 13:00:00
1776002400000,1.3227,1.327,1.3207,1.3217,14132966.0,2026-04-12 14:00:00
1776006000000,1.3217,1.3246,1.3185,1.3231,3336311.0,2026-04-12 15:00:00
1776009600000,1.323,1.3274,1.3225,1.3273,1616247.0,2026-04-12 16:00:00
1776013200000,1.3274,1.3332,1.3262,1.3319,2771909.0,2026-04-12 17:00:00
1776016800000,1.3319,1.3334,1.3291,1.3301,2916248.0,2026-04-12 18:00:00
1776020400000,1.3301,1.3312,1.3286,1.3302,1246904.0,2026-04-12 19:00:00
1776024000000,1.3302,1.3388,1.3287,1.3359,3283637.0,2026-04-12 20:00:00
1776027600000,1.336,1.3386,1.3328,1.3358,3017117.0,2026-04-12 21:00:00
1776031200000,1.3357,1.3357,1.3218,1.3273,6119136.0,2026-04-12 22:00:00
1776034800000,1.3273,1.3273,1.3215,1.3238,3229949.0,2026-04-12 23:00:00
1776038400000,1.3238,1.3326,1.3224,1.3309,3435959.0,2026-04-13 00:00:00
1776042000000,1.331,1.3322,1.3257,1.3313,2404550.0,2026-04-13 01:00:00
1776045600000,1.3314,1.3326,1.3236,1.3248,3660121.0,2026-04-13 02:00:00
1776049200000,1.3249,1.3282,1.3235,1.3244,2170597.0,2026-04-13 03:00:00
1776052800000,1.3245,1.3264,1.3182,1.3219,6967442.0,2026-04-13 04:00:00
1776056400000,1.3219,1.3312,1.3208,1.3308,4199002.0,2026-04-13 05:00:00
1776060000000,1.3309,1.3367,1.3305,1.3339,9907455.0,2026-04-13 06:00:00
1776063600000,1.334,1.3349,1.3248,1.3251,4065235.0,2026-04-13 07:00:00
1776067200000,1.325,1.3282,1.3224,1.3251,5978626.0,2026-04-13 08:00:00
1776070800000,1.325,1.3301,1.324,1.3261,7048837.0,2026-04-13 09:00:00
1776074400000,1.326,1.3262,1.3229,1.3245,1729185.0,2026-04-13 10:00:00
1776078000000,1.3245,1.3274,1.3239,1.3251,1669082.0,2026-04-13 11:00:00
1776081600000,1.325,1.333,1.3225,1.3312,5026402.0,2026-04-13 12:00:00
1776085200000,1.3313,1.3405,1.3269,1.339,9912136.0,2026-04-13 13:00:00
1776088800000,1.3389,1.3461,1.3311,1.3451,7172671.0,2026-04-13 14:00:00
1776092400000,1.345,1.3457,1.3304,1.3338,4142383.0,2026-04-13 15:00:00
1776096000000,1.3337,1.3418,1.3284,1.3389,5636777.0,2026-04-13 16:00:00
1776099600000,1.339,1.3449,1.3365,1.3373,3386727.0,2026-04-13 17:00:00
1776103200000,1.3374,1.3399,1.3337,1.3398,3547137.0,2026-04-13 18:00:00
1776106800000,1.3397,1.3551,1.3379,1.3526,7289141.0,2026-04-13 19:00:00
1776110400000,1.3526,1.3547,1.346,1.3464,6100203.0,2026-04-13 20:00:00
1776114000000,1.3464,1.3529,1.3434,1.3502,3176689.0,2026-04-13 21:00:00
1776117600000,1.3501,1.3766,1.3495,1.3742,19751463.0,2026-04-13 22:00:00
1776121200000,1.3743,1.3836,1.3703,1.3753,14448578.0,2026-04-13 23:00:00
1776124800000,1.3753,1.3771,1.3603,1.3617,10758061.0,2026-04-14 00:00:00
1776128400000,1.3617,1.3677,1.3591,1.3662,5492772.0,2026-04-14 01:00:00
1776132000000,1.3662,1.3706,1.3642,1.3679,5198678.0,2026-04-14 02:00:00
1776135600000,1.368,1.368,1.365,1.3668,2719115.0,2026-04-14 03:00:00
1776139200000,1.3668,1.3679,1.36,1.3631,7685213.0,2026-04-14 04:00:00
1776142800000,1.3632,1.3652,1.3608,1.3619,4239059.0,2026-04-14 05:00:00
1776146400000,1.3618,1.3728,1.3618,1.3709,7798079.0,2026-04-14 06:00:00
1776150000000,1.3709,1.3768,1.3672,1.3679,10933783.0,2026-04-14 07:00:00
1776153600000,1.368,1.3754,1.3661,1.3729,3915703.0,2026-04-14 08:00:00
1776157200000,1.373,1.3754,1.3708,1.3728,2243859.0,2026-04-14 09:00:00
1776160800000,1.3727,1.3728,1.3684,1.3697,2720009.0,2026-04-14 10:00:00
1776164400000,1.3696,1.3743,1.3676,1.3687,3785222.0,2026-04-14 11:00:00
1776168000000,1.3686,1.371,1.3645,1.3669,5171192.0,2026-04-14 12:00:00
1776171600000,1.3668,1.393,1.3666,1.3919,13775112.0,2026-04-14 13:00:00
1776175200000,1.392,1.395,1.3712,1.3714,15782281.0,2026-04-14 14:00:00
1776178800000,1.3715,1.3789,1.3666,1.374,11342206.0,2026-04-14 15:00:00
1776182400000,1.3739,1.3802,1.3656,1.368,6409653.0,2026-04-14 16:00:00
1776186000000,1.368,1.3736,1.3647,1.3683,3976159.0,2026-04-14 17:00:00
1776189600000,1.3683,1.37,1.3517,1.3539,6714033.0,2026-04-14 18:00:00
1776193200000,1.3538,1.3601,1.3511,1.3599,6454293.0,2026-04-14 19:00:00
1776196800000,1.3599,1.3606,1.3543,1.3561,3439730.0,2026-04-14 20:00:00
1776200400000,1.3561,1.361,1.3552,1.3594,2956334.0,2026-04-14 21:00:00
1776204000000,1.3593,1.365,1.3543,1.3575,9355849.0,2026-04-14 22:00:00
1776207600000,1.3575,1.3653,1.3564,1.3611,6696886.0,2026-04-14 23:00:00
1776211200000,1.3611,1.3659,1.3566,1.3612,12628697.0,2026-04-15 00:00:00
1776214800000,1.3612,1.3645,1.3584,1.3618,5570142.0,2026-04-15 01:00:00
1776218400000,1.3618,1.3634,1.3546,1.3565,2746535.0,2026-04-15 02:00:00
1776222000000,1.3566,1.3577,1.3552,1.3571,1217945.0,2026-04-15 03:00:00
1776225600000,1.3571,1.3599,1.3566,1.3584,1784821.0,2026-04-15 04:00:00
1776229200000,1.3583,1.3607,1.3543,1.3579,2045037.0,2026-04-15 05:00:00
1776232800000,1.3579,1.3581,1.3531,1.3548,2776358.0,2026-04-15 06:00:00
1776236400000,1.3548,1.3561,1.347,1.352,5619903.0,2026-04-15 07:00:00
1776240000000,1.352,1.357,1.35,1.355,2705061.0,2026-04-15 08:00:00
1776243600000,1.355,1.356,1.35,1.352,2711100.0,2026-04-15 09:00:00
1776247200000,1.351,1.359,1.351,1.355,2651780.0,2026-04-15 10:00:00
1776250800000,1.355,1.365,1.355,1.362,3398715.0,2026-04-15 11:00:00
1776254400000,1.363,1.368,1.36,1.364,3608542.0,2026-04-15 12:00:00
1776258000000,1.365,1.368,1.36,1.367,4278695.0,2026-04-15 13:00:00
1776261600000,1.367,1.379,1.363,1.375,7093696.0,2026-04-15 14:00:00
1776265200000,1.375,1.383,1.371,1.373,10078115.0,2026-04-15 15:00:00
1776268800000,1.373,1.382,1.37,1.378,6631092.0,2026-04-15 16:00:00
1776272400000,1.377,1.384,1.375,1.379,4335477.0,2026-04-15 17:00:00
1776276000000,1.38,1.387,1.377,1.386,3540934.0,2026-04-15 18:00:00
1776279600000,1.386,1.409,1.383,1.4,10679036.0,2026-04-15 19:00:00
1776283200000,1.4,1.401,1.385,1.388,5015489.0,2026-04-15 20:00:00
1776286800000,1.387,1.389,1.38,1.387,3525188.0,2026-04-15 21:00:00
1776290400000,1.388,1.402,1.387,1.393,6311668.0,2026-04-15 22:00:00
1776294000000,1.393,1.393,1.385,1.391,3649674.0,2026-04-15 23:00:00
1776297600000,1.392,1.398,1.386,1.397,3954315.0,2026-04-16 00:00:00
1776301200000,1.397,1.402,1.39,1.4,5587323.0,2026-04-16 01:00:00
1776304800000,1.4,1.41,1.396,1.406,6683023.0,2026-04-16 02:00:00
1776308400000,1.406,1.415,1.404,1.406,7326507.0,2026-04-16 03:00:00
1776312000000,1.405,1.411,1.401,1.404,4342426.0,2026-04-16 04:00:00
1776315600000,1.404,1.407,1.399,1.405,3506749.0,2026-04-16 05:00:00
1776319200000,1.405,1.409,1.403,1.409,2771928.0,2026-04-16 06:00:00
1776322800000,1.408,1.412,1.403,1.405,3879724.0,2026-04-16 07:00:00
1776326400000,1.404,1.409,1.401,1.404,5647656.0,2026-04-16 08:00:00
1776330000000,1.405,1.423,1.403,1.416,14695127.0,2026-04-16 09:00:00
1776333600000,1.416,1.417,1.407,1.409,4852126.0,2026-04-16 10:00:00
1776337200000,1.408,1.409,1.401,1.408,5288661.0,2026-04-16 11:00:00
1776340800000,1.409,1.423,1.407,1.413,6406091.0,2026-04-16 12:00:00
1776344400000,1.414,1.434,1.398,1.406,19663801.0,2026-04-16 13:00:00
1776348000000,1.407,1.412,1.392,1.41,15255016.0,2026-04-16 14:00:00
1776351600000,1.409,1.432,1.406,1.429,13382001.0,2026-04-16 15:00:00
1776355200000,1.428,1.441,1.415,1.419,12005651.0,2026-04-16 16:00:00
1776358800000,1.418,1.429,1.413,1.426,5587687.0,2026-04-16 17:00:00
1776362400000,1.427,1.448,1.423,1.445,7906821.0,2026-04-16 18:00:00
1776366000000,1.446,1.466,1.44,1.464,10078665.0,2026-04-16 19:00:00
1776369600000,1.463,1.466,1.443,1.451,6664421.0,2026-04-16 20:00:00
1776373200000,1.452,1.458,1.445,1.445,3737361.0,2026-04-16 21:00:00
1776376800000,1.445,1.453,1.445,1.45,3661410.0,2026-04-16 22:00:00
1776380400000,1.451,1.457,1.447,1.452,3650717.0,2026-04-16 23:00:00
1776384000000,1.451,1.455,1.439,1.44,4932525.0,2026-04-17 00:00:00
1776387600000,1.44,1.442,1.426,1.43,7713505.0,2026-04-17 01:00:00
1776391200000,1.429,1.431,1.421,1.428,3947610.0,2026-04-17 02:00:00
1776394800000,1.429,1.438,1.426,1.43,6599151.0,2026-04-17 03:00:00
1776398400000,1.43,1.433,1.425,1.43,6758560.0,2026-04-17 04:00:00
1776402000000,1.43,1.436,1.424,1.425,6896696.0,2026-04-17 05:00:00
1776405600000,1.424,1.433,1.423,1.432,3138904.0,2026-04-17 06:00:00
1776409200000,1.432,1.439,1.431,1.436,4625741.0,2026-04-17 07:00:00
1776412800000,1.437,1.447,1.434,1.445,6566116.0,2026-04-17 08:00:00
1776416400000,1.445,1.458,1.441,1.45,7735590.0,2026-04-17 09:00:00
1776420000000,1.45,1.453,1.431,1.436,6907091.0,2026-04-17 10:00:00
1776423600000,1.436,1.448,1.435,1.446,2922344.0,2026-04-17 11:00:00
1776427200000,1.447,1.46,1.443,1.458,7828646.0,2026-04-17 12:00:00
1776430800000,1.458,1.49,1.454,1.485,22277751.0,2026-04-17 13:00:00
1776434400000,1.486,1.509,1.482,1.498,16227730.0,2026-04-17 14:00:00
1776438000000,1.498,1.501,1.475,1.485,13099080.0,2026-04-17 15:00:00
1776441600000,1.485,1.5,1.484,1.496,9477167.0,2026-04-17 16:00:00
1776445200000,1.497,1.497,1.475,1.482,8949920.0,2026-04-17 17:00:00
1776448800000,1.483,1.484,1.472,1.476,5180272.0,2026-04-17 18:00:00
1776452400000,1.477,1.492,1.475,1.486,4419792.0,2026-04-17 19:00:00
1776456000000,1.487,1.489,1.474,1.481,3466900.0,2026-04-17 20:00:00
1776459600000,1.481,1.486,1.476,1.479,2386959.0,2026-04-17 21:00:00
1776463200000,1.478,1.488,1.476,1.484,4149759.0,2026-04-17 22:00:00
1776466800000,1.484,1.484,1.47,1.475,5273941.0,2026-04-17 23:00:00
1776470400000,1.475,1.479,1.471,1.475,3783053.0,2026-04-18 00:00:00
1776474000000,1.475,1.482,1.472,1.477,3801291.0,2026-04-18 01:00:00
1776477600000,1.477,1.478,1.468,1.474,3810138.0,2026-04-18 02:00:00
1776481200000,1.474,1.474,1.465,1.468,3203452.0,2026-04-18 03:00:00
1776484800000,1.468,1.469,1.462,1.467,4204039.0,2026-04-18 04:00:00
1776488400000,1.467,1.477,1.467,1.468,4125604.0,2026-04-18 05:00:00
1776492000000,1.468,1.472,1.462,1.469,5299563.0,2026-04-18 06:00:00
1776495600000,1.469,1.475,1.468,1.473,4622987.0,2026-04-18 07:00:00
1776499200000,1.474,1.475,1.445,1.452,18062012.0,2026-04-18 08:00:00
1776502800000,1.452,1.454,1.445,1.45,8147273.0,2026-04-18 09:00:00
1776506400000,1.449,1.45,1.434,1.438,7829483.0,2026-04-18 10:00:00
1776510000000,1.438,1.439,1.424,1.43,9900738.0,2026-04-18 11:00:00
1776513600000,1.431,1.437,1.429,1.435,5847044.0,2026-04-18 12:00:00
1776517200000,1.435,1.438,1.428,1.436,4786455.0,2026-04-18 13:00:00
1776520800000,1.436,1.438,1.431,1.433,3969188.0,2026-04-18 14:00:00
1776524400000,1.434,1.44,1.429,1.435,4969658.0,2026-04-18 15:00:00
1776528000000,1.434,1.439,1.43,1.432,4257674.0,2026-04-18 16:00:00
1776531600000,1.432,1.433,1.426,1.43,3521304.0,2026-04-18 17:00:00
1776535200000,1.431,1.434,1.422,1.424,5495734.0,2026-04-18 18:00:00
1776538800000,1.424,1.431,1.423,1.426,2695629.0,2026-04-18 19:00:00
1776542400000,1.427,1.43,1.422,1.427,2108022.0,2026-04-18 20:00:00
1776546000000,1.427,1.436,1.426,1.434,2418727.0,2026-04-18 21:00:00
1776549600000,1.434,1.435,1.428,1.433,2645224.0,2026-04-18 22:00:00
1776553200000,1.434,1.437,1.43,1.431,3081230.0,2026-04-18 23:00:00
1776556800000,1.432,1.435,1.428,1.432,2651178.0,2026-04-19 00:00:00
1776560400000,1.432,1.438,1.428,1.43,3320447.0,2026-04-19 01:00:00
1776564000000,1.431,1.434,1.423,1.429,4876669.0,2026-04-19 02:00:00
1776567600000,1.429,1.433,1.425,1.428,3449533.0,2026-04-19 03:00:00
1776571200000,1.428,1.433,1.422,1.429,4370965.0,2026-04-19 04:00:00
1776574800000,1.43,1.443,1.428,1.429,6046790.0,2026-04-19 05:00:00
1776578400000,1.429,1.43,1.416,1.428,12662109.0,2026-04-19 06:00:00
1776582000000,1.427,1.429,1.413,1.419,10148877.0,2026-04-19 07:00:00
1776585600000,1.419,1.429,1.413,1.424,10950460.0,2026-04-19 08:00:00
1776589200000,1.424,1.425,1.411,1.42,9176274.0,2026-04-19 09:00:00
1776592800000,1.42,1.427,1.414,1.422,9243406.0,2026-04-19 10:00:00
1776596400000,1.422,1.43,1.421,1.428,5406971.0,2026-04-19 11:00:00
1776600000000,1.429,1.433,1.424,1.43,6741148.0,2026-04-19 12:00:00
1776603600000,1.431,1.447,1.429,1.437,14821655.0,2026-04-19 13:00:00
1776607200000,1.438,1.442,1.431,1.436,6406778.0,2026-04-19 14:00:00
1776610800000,1.436,1.438,1.418,1.43,11376041.0,2026-04-19 15:00:00
1776614400000,1.429,1.431,1.418,1.421,4510261.0,2026-04-19 16:00:00
1776618000000,1.421,1.423,1.41,1.411,9518488.0,2026-04-19 17:00:00
1776621600000,1.412,1.417,1.41,1.414,5864087.0,2026-04-19 18:00:00
1776625200000,1.414,1.421,1.414,1.416,3228012.0,2026-04-19 19:00:00
1776628800000,1.417,1.417,1.408,1.409,5420365.0,2026-04-19 20:00:00
1776632400000,1.409,1.416,1.408,1.408,3082814.0,2026-04-19 21:00:00
1776636000000,1.408,1.409,1.39,1.398,13706762.0,2026-04-19 22:00:00
1776639600000,1.398,1.398,1.392,1.393,4922606.0,2026-04-19 23:00:00
1776643200000,1.394,1.407,1.392,1.405,6342875.0,2026-04-20 00:00:00
1776646800000,1.404,1.411,1.403,1.407,3611197.0,2026-04-20 01:00:00
1776650400000,1.407,1.408,1.403,1.407,3814234.0,2026-04-20 02:00:00
1776654000000,1.407,1.413,1.406,1.41,4174904.0,2026-04-20 03:00:00
1776657600000,1.41,1.41,1.404,1.408,3080693.0,2026-04-20 04:00:00
1776661200000,1.408,1.409,1.394,1.398,6092114.0,2026-04-20 05:00:00
1776664800000,1.398,1.415,1.398,1.413,5785940.0,2026-04-20 06:00:00
1776668400000,1.413,1.432,1.41,1.415,17037309.0,2026-04-20 07:00:00
1776672000000,1.415,1.417,1.406,1.408,6234944.0,2026-04-20 08:00:00
1776675600000,1.408,1.421,1.407,1.416,5639854.0,2026-04-20 09:00:00
1776679200000,1.417,1.427,1.412,1.414,8174067.0,2026-04-20 10:00:00
1776682800000,1.414,1.418,1.411,1.414,4692832.0,2026-04-20 11:00:00
1776686400000,1.415,1.423,1.412,1.42,5113235.0,2026-04-20 12:00:00
1776690000000,1.421,1.427,1.416,1.424,8469055.0,2026-04-20 13:00:00
1776693600000,1.423,1.431,1.413,1.416,12545191.0,2026-04-20 14:00:00
1776697200000,1.416,1.434,1.407,1.431,12339109.0,2026-04-20 15:00:00
1776700800000,1.432,1.433,1.421,1.423,5625395.0,2026-04-20 16:00:00
1776704400000,1.423,1.432,1.421,1.427,4745482.0,2026-04-20 17:00:00
1776708000000,1.426,1.436,1.426,1.432,8402087.0,2026-04-20 18:00:00
1776711600000,1.431,1.433,1.426,1.43,4058211.0,2026-04-20 19:00:00
1776715200000,1.429,1.433,1.423,1.431,5295982.0,2026-04-20 20:00:00
1776718800000,1.43,1.432,1.423,1.428,2947962.0,2026-04-20 21:00:00
1776722400000,1.428,1.431,1.423,1.425,2261774.0,2026-04-20 22:00:00
1776726000000,1.425,1.425,1.42,1.423,4028249.0,2026-04-20 23:00:00
1776729600000,1.423,1.429,1.423,1.427,3754763.0,2026-04-21 00:00:00
1776733200000,1.426,1.431,1.424,1.425,3489209.0,2026-04-21 01:00:00
1776736800000,1.425,1.426,1.42,1.421,2592516.0,2026-04-21 02:00:00
1776740400000,1.421,1.425,1.418,1.423,3440505.0,2026-04-21 03:00:00
1776744000000,1.423,1.428,1.422,1.427,2638567.0,2026-04-21 04:00:00
1776747600000,1.426,1.433,1.426,1.43,4497429.0,2026-04-21 05:00:00
1776751200000,1.43,1.44,1.426,1.436,6912414.0,2026-04-21 06:00:00
1776754800000,1.435,1.441,1.431,1.438,6912817.0,2026-04-21 07:00:00
1776758400000,1.438,1.449,1.436,1.441,6858752.0,2026-04-21 08:00:00
1776762000000,1.442,1.444,1.436,1.44,4615943.0,2026-04-21 09:00:00
1776765600000,1.441,1.446,1.437,1.443,3900770.0,2026-04-21 10:00:00
1776769200000,1.443,1.444,1.436,1.438,4521537.0,2026-04-21 11:00:00
1776772800000,1.439,1.44,1.425,1.431,9496925.0,2026-04-21 12:00:00
1776776400000,1.431,1.435,1.428,1.432,6446431.0,2026-04-21 13:00:00
1776780000000,1.432,1.444,1.429,1.431,6667943.0,2026-04-21 14:00:00
1776783600000,1.431,1.433,1.424,1.431,7833212.0,2026-04-21 15:00:00
1776787200000,1.431,1.435,1.426,1.428,5223236.0,2026-04-21 16:00:00
1776790800000,1.427,1.43,1.412,1.423,11069513.0,2026-04-21 17:00:00
1776794400000,1.423,1.426,1.419,1.425,4666317.0,2026-04-21 18:00:00
1776798000000,1.425,1.431,1.41,1.413,7576260.0,2026-04-21 19:00:00
1776801600000,1.412,1.428,1.411,1.423,7295515.0,2026-04-21 20:00:00
1776805200000,1.423,1.424,1.419,1.421,1932797.0,2026-04-21 21:00:00
1776808800000,1.421,1.423,1.415,1.421,2575066.0,2026-04-21 22:00:00
1776812400000,1.421,1.433,1.421,1.432,4294127.0,2026-04-21 23:00:00
1776816000000,1.433,1.434,1.429,1.431,3297588.0,2026-04-22 00:00:00
1776819600000,1.432,1.432,1.426,1.428,1824672.0,2026-04-22 01:00:00
1776823200000,1.429,1.449,1.425,1.447,9186781.0,2026-04-22 02:00:00
1776826800000,1.448,1.45,1.44,1.442,6091837.0,2026-04-22 03:00:00
1776830400000,1.443,1.447,1.44,1.443,3753999.0,2026-04-22 04:00:00
1776834000000,1.444,1.46,1.442,1.453,11720037.0,2026-04-22 05:00:00
1776837600000,1.454,1.457,1.451,1.455,3853989.0,2026-04-22 06:00:00
1776841200000,1.456,1.458,1.451,1.454,5052313.0,2026-04-22 07:00:00
1776844800000,1.454,1.455,1.449,1.452,5138283.0,2026-04-22 08:00:00
1776848400000,1.452,1.454,1.449,1.45,3791484.0,2026-04-22 09:00:00
1776852000000,1.451,1.452,1.448,1.45,2514763.0,2026-04-22 10:00:00
1776855600000,1.449,1.454,1.448,1.454,3865402.0,2026-04-22 11:00:00
1776859200000,1.453,1.455,1.446,1.45,6058232.0,2026-04-22 12:00:00
1776862800000,1.449,1.46,1.446,1.458,9409151.0,2026-04-22 13:00:00
1776866400000,1.458,1.462,1.45,1.457,6354655.0,2026-04-22 14:00:00
1776870000000,1.456,1.46,1.45,1.455,5699157.0,2026-04-22 15:00:00
1776873600000,1.455,1.458,1.444,1.446,6085546.0,2026-04-22 16:00:00
1776877200000,1.446,1.451,1.444,1.449,3786568.0,2026-04-22 17:00:00
1776880800000,1.448,1.453,1.446,1.446,1909766.0,2026-04-22 18:00:00
1776884400000,1.447,1.448,1.436,1.441,4653764.0,2026-04-22 19:00:00
1776888000000,1.44,1.442,1.433,1.435,3150495.0,2026-04-22 20:00:00
1776891600000,1.436,1.441,1.435,1.44,2229977.0,2026-04-22 21:00:00
1776895200000,1.441,1.441,1.434,1.437,3312571.0,2026-04-22 22:00:00
1776898800000,1.437,1.437,1.427,1.428,5131439.0,2026-04-22 23:00:00
1776902400000,1.428,1.431,1.415,1.428,12500772.0,2026-04-23 00:00:00
1776906000000,1.429,1.429,1.419,1.424,3620131.0,2026-04-23 01:00:00
1776909600000,1.425,1.425,1.414,1.418,5967929.0,2026-04-23 02:00:00
1776913200000,1.417,1.42,1.41,1.415,4207823.0,2026-04-23 03:00:00
1776916800000,1.415,1.418,1.414,1.416,3357074.0,2026-04-23 04:00:00
1776920400000,1.417,1.42,1.413,1.418,4112592.0,2026-04-23 05:00:00
1776924000000,1.419,1.424,1.418,1.422,3900358.0,2026-04-23 06:00:00
1776927600000,1.422,1.423,1.418,1.419,3147199.0,2026-04-23 07:00:00
1776931200000,1.42,1.42,1.413,1.416,4112862.0,2026-04-23 08:00:00
1776934800000,1.416,1.418,1.41,1.413,4675646.0,2026-04-23 09:00:00
1776938400000,1.414,1.415,1.407,1.409,5381942.0,2026-04-23 10:00:00
1776942000000,1.409,1.417,1.409,1.415,4051407.0,2026-04-23 11:00:00
1776945600000,1.415,1.42,1.414,1.417,5658287.0,2026-04-23 12:00:00
1776949200000,1.417,1.419,1.413,1.415,5695935.0,2026-04-23 13:00:00
1776952800000,1.416,1.429,1.412,1.428,5954833.0,2026-04-23 14:00:00
1776956400000,1.429,1.436,1.424,1.43,7226691.0,2026-04-23 15:00:00
1776960000000,1.43,1.432,1.426,1.429,6204012.0,2026-04-23 16:00:00
1776963600000,1.429,1.436,1.419,1.434,22637084.0,2026-04-23 17:00:00
1776967200000,1.434,1.44,1.43,1.43,11658367.0,2026-04-23 18:00:00
1776970800000,1.43,1.433,1.425,1.429,5471897.0,2026-04-23 19:00:00
1776974400000,1.428,1.436,1.426,1.432,5232600.0,2026-04-23 20:00:00
1776978000000,1.432,1.437,1.429,1.433,2946864.0,2026-04-23 21:00:00
1776981600000,1.432,1.438,1.432,1.435,3275505.0,2026-04-23 22:00:00
1776985200000,1.435,1.44,1.431,1.438,3298644.0,2026-04-23 23:00:00
1776988800000,1.438,1.44,1.436,1.44,3399783.0,2026-04-24 00:00:00
1776992400000,1.439,1.445,1.431,1.443,5631917.0,2026-04-24 01:00:00
1776996000000,1.444,1.445,1.435,1.437,3908096.0,2026-04-24 02:00:00
1776999600000,1.437,1.438,1.427,1.429,4945164.0,2026-04-24 03:00:00
1777003200000,1.429,1.43,1.425,1.429,5769290.0,2026-04-24 04:00:00
1777006800000,1.428,1.433,1.424,1.431,5774509.0,2026-04-24 05:00:00
1777010400000,1.431,1.433,1.428,1.428,3139804.0,2026-04-24 06:00:00
1777014000000,1.428,1.432,1.427,1.432,2621032.0,2026-04-24 07:00:00
1777017600000,1.432,1.436,1.428,1.431,4521114.0,2026-04-24 08:00:00
1777021200000,1.431,1.431,1.423,1.425,4178979.0,2026-04-24 09:00:00
1777024800000,1.425,1.432,1.422,1.43,4745165.0,2026-04-24 10:00:00
1777028400000,1.43,1.44,1.43,1.437,8191152.0,2026-04-24 11:00:00
1777032000000,1.437,1.441,1.431,1.434,4484317.0,2026-04-24 12:00:00
1777035600000,1.433,1.444,1.432,1.435,7976926.0,2026-04-24 13:00:00
1777039200000,1.434,1.438,1.427,1.433,8447636.0,2026-04-24 14:00:00
1777042800000,1.433,1.447,1.427,1.447,8343047.0,2026-04-24 15:00:00
1777046400000,1.447,1.45,1.436,1.44,5649557.0,2026-04-24 16:00:00
1777050000000,1.439,1.442,1.434,1.439,3567684.0,2026-04-24 17:00:00
1777053600000,1.44,1.441,1.432,1.437,2917826.0,2026-04-24 18:00:00
1777057200000,1.437,1.442,1.435,1.438,2150860.0,2026-04-24 19:00:00
1777060800000,1.439,1.441,1.434,1.439,3160937.0,2026-04-24 20:00:00
1777064400000,1.439,1.442,1.435,1.437,3154732.0,2026-04-24 21:00:00
1777068000000,1.436,1.438,1.428,1.43,3446340.0,2026-04-24 22:00:00
1777071600000,1.43,1.433,1.43,1.433,2665385.0,2026-04-24 23:00:00
1777075200000,1.432,1.434,1.43,1.433,1861916.0,2026-04-25 00:00:00
1777078800000,1.432,1.437,1.432,1.435,2179433.0,2026-04-25 01:00:00
1777082400000,1.436,1.437,1.432,1.432,2272904.0,2026-04-25 02:00:00
1777086000000,1.432,1.436,1.431,1.435,2693646.0,2026-04-25 03:00:00
1777089600000,1.435,1.437,1.432,1.433,2723925.0,2026-04-25 04:00:00
1777093200000,1.433,1.433,1.43,1.431,2808423.0,2026-04-25 05:00:00
1777096800000,1.431,1.434,1.429,1.431,1733291.0,2026-04-25 06:00:00
1777100400000,1.431,1.434,1.429,1.432,2657399.0,2026-04-25 07:00:00
1777104000000,1.432,1.434,1.431,1.434,2686376.0,2026-04-25 08:00:00
1777107600000,1.434,1.436,1.431,1.435,2075007.0,2026-04-25 09:00:00
1777111200000,1.434,1.436,1.433,1.435,2009225.0,2026-04-25 10:00:00
1777114800000,1.435,1.435,1.428,1.43,2279412.0,2026-04-25 11:00:00
1777118400000,1.429,1.43,1.426,1.427,3771133.0,2026-04-25 12:00:00
1777122000000,1.427,1.431,1.427,1.43,2488343.0,2026-04-25 13:00:00
1777125600000,1.43,1.431,1.427,1.428,1589902.0,2026-04-25 14:00:00
1777129200000,1.428,1.43,1.423,1.425,3939789.0,2026-04-25 15:00:00
1777132800000,1.425,1.427,1.419,1.424,5363439.0,2026-04-25 16:00:00
1777136400000,1.423,1.424,1.417,1.419,3336315.0,2026-04-25 17:00:00
1777140000000,1.419,1.422,1.418,1.42,1665628.0,2026-04-25 18:00:00
1777143600000,1.421,1.421,1.418,1.419,1169713.0,2026-04-25 19:00:00
1777147200000,1.419,1.421,1.417,1.42,2081241.0,2026-04-25 20:00:00
1777150800000,1.421,1.423,1.42,1.421,1720553.0,2026-04-25 21:00:00
1777154400000,1.421,1.425,1.421,1.422,2157753.0,2026-04-25 22:00:00
1777158000000,1.422,1.425,1.421,1.423,1973528.0,2026-04-25 23:00:00
1777161600000,1.423,1.423,1.419,1.42,2183837.0,2026-04-26 00:00:00
1777165200000,1.42,1.421,1.417,1.419,2044159.0,2026-04-26 01:00:00
1777168800000,1.419,1.422,1.417,1.421,2173430.0,2026-04-26 02:00:00
1777172400000,1.421,1.423,1.416,1.418,1691832.0,2026-04-26 03:00:00
1777176000000,1.417,1.423,1.417,1.421,3626772.0,2026-04-26 04:00:00
1777179600000,1.421,1.429,1.42,1.425,5620246.0,2026-04-26 05:00:00
1777183200000,1.424,1.428,1.424,1.427,2673980.0,2026-04-26 06:00:00
1777186800000,1.427,1.428,1.425,1.427,1577782.0,2026-04-26 07:00:00
1777190400000,1.428,1.429,1.424,1.426,4183027.0,2026-04-26 08:00:00
1777194000000,1.425,1.427,1.424,1.427,2281837.0,2026-04-26 09:00:00
1777197600000,1.427,1.428,1.425,1.426,2111788.0,2026-04-26 10:00:00
1777201200000,1.426,1.431,1.426,1.429,2682737.0,2026-04-26 11:00:00
1777204800000,1.429,1.431,1.422,1.424,3735058.0,2026-04-26 12:00:00
1777208400000,1.423,1.425,1.421,1.424,2698813.0,2026-04-26 13:00:00
1777212000000,1.423,1.429,1.422,1.426,3763698.0,2026-04-26 14:00:00
1777215600000,1.427,1.429,1.425,1.428,1875676.0,2026-04-26 15:00:00
1777219200000,1.429,1.429,1.424,1.424,1095203.0,2026-04-26 16:00:00
1777222800000,1.425,1.426,1.421,1.423,1815284.0,2026-04-26 17:00:00
1777226400000,1.424,1.429,1.421,1.427,2985111.0,2026-04-26 18:00:00
1777230000000,1.428,1.435,1.426,1.429,4718408.0,2026-04-26 19:00:00
1777233600000,1.429,1.432,1.426,1.426,1781300.0,2026-04-26 20:00:00
1777237200000,1.426,1.429,1.418,1.428,5864970.0,2026-04-26 21:00:00
1777240800000,1.428,1.435,1.422,1.426,6979779.0,2026-04-26 22:00:00
1777244400000,1.425,1.434,1.423,1.43,4371863.0,2026-04-26 23:00:00
1777248000000,1.429,1.44,1.423,1.439,5745062.0,2026-04-27 00:00:00
1777251600000,1.439,1.446,1.433,1.443,7553761.0,2026-04-27 01:00:00
1777255200000,1.443,1.445,1.439,1.443,3963847.0,2026-04-27 02:00:00
1777258800000,1.443,1.446,1.44,1.442,4235238.0,2026-04-27 03:00:00
1777262400000,1.442,1.442,1.437,1.439,3770722.0,2026-04-27 04:00:00
1777266000000,1.439,1.44,1.414,1.417,19024685.0,2026-04-27 05:00:00
1777269600000,1.417,1.419,1.411,1.416,11309631.0,2026-04-27 06:00:00
1777273200000,1.416,1.417,1.412,1.412,5638564.0,2026-04-27 07:00:00
1777276800000,1.413,1.417,1.411,1.417,6130243.0,2026-04-27 08:00:00
1777280400000,1.417,1.418,1.413,1.415,4172387.0,2026-04-27 09:00:00
1777284000000,1.415,1.416,1.412,1.414,4014547.0,2026-04-27 10:00:00
1777287600000,1.413,1.414,1.411,1.413,2895747.0,2026-04-27 11:00:00
1777291200000,1.412,1.414,1.408,1.41,6054788.0,2026-04-27 12:00:00
1777294800000,1.41,1.412,1.397,1.4,16801194.0,2026-04-27 13:00:00
1777298400000,1.401,1.41,1.397,1.402,13009463.0,2026-04-27 14:00:00
1777302000000,1.403,1.404,1.383,1.388,23576841.0,2026-04-27 15:00:00
1777305600000,1.387,1.391,1.384,1.387,7692199.0,2026-04-27 16:00:00
1777309200000,1.387,1.395,1.387,1.392,5162435.0,2026-04-27 17:00:00
1777312800000,1.392,1.397,1.391,1.395,3333422.0,2026-04-27 18:00:00
1777316400000,1.394,1.396,1.386,1.391,2988221.0,2026-04-27 19:00:00
1777320000000,1.391,1.394,1.389,1.392,1567170.0,2026-04-27 20:00:00
1777323600000,1.391,1.393,1.388,1.389,2333854.0,2026-04-27 21:00:00
1777327200000,1.389,1.396,1.388,1.395,2558203.0,2026-04-27 22:00:00
1777330800000,1.395,1.402,1.395,1.399,3975833.0,2026-04-27 23:00:00
1777334400000,1.4,1.4,1.394,1.397,3303491.0,2026-04-28 00:00:00
1777338000000,1.397,1.399,1.395,1.397,2522090.0,2026-04-28 01:00:00
1777341600000,1.396,1.399,1.389,1.393,4075867.0,2026-04-28 02:00:00
1777345200000,1.393,1.393,1.387,1.391,3241894.0,2026-04-28 03:00:00
1777348800000,1.392,1.394,1.389,1.391,3528898.0,2026-04-28 04:00:00
1777352400000,1.391,1.397,1.391,1.392,2786594.0,2026-04-28 05:00:00
1777356000000,1.392,1.396,1.385,1.388,4091892.0,2026-04-28 06:00:00
1777359600000,1.388,1.393,1.383,1.392,3404421.0,2026-04-28 07:00:00
1777363200000,1.393,1.395,1.39,1.391,2611482.0,2026-04-28 08:00:00
1777366800000,1.391,1.392,1.385,1.387,2179616.0,2026-04-28 09:00:00
1777370400000,1.386,1.389,1.385,1.386,2626035.0,2026-04-28 10:00:00
1777374000000,1.387,1.388,1.378,1.381,6582438.0,2026-04-28 11:00:00
1777377600000,1.38,1.384,1.377,1.382,5724221.0,2026-04-28 12:00:00
1777381200000,1.382,1.384,1.373,1.378,8782178.0,2026-04-28 13:00:00
1777384800000,1.377,1.377,1.366,1.369,9700004.0,2026-04-28 14:00:00
1777388400000,1.369,1.375,1.367,1.373,7683425.0,2026-04-28 15:00:00
1777392000000,1.374,1.377,1.369,1.376,5241117.0,2026-04-28 16:00:00
1777395600000,1.376,1.38,1.373,1.378,4447891.0,2026-04-28 17:00:00
1777399200000,1.377,1.382,1.377,1.382,2657705.0,2026-04-28 18:00:00
1777402800000,1.381,1.386,1.376,1.381,4606115.0,2026-04-28 19:00:00
1777406400000,1.382,1.384,1.38,1.382,1642754.0,2026-04-28 20:00:00
1777410000000,1.381,1.383,1.377,1.379,1659354.0,2026-04-28 21:00:00
1777413600000,1.38,1.383,1.377,1.379,2740288.0,2026-04-28 22:00:00
1777417200000,1.379,1.381,1.377,1.379,1750235.0,2026-04-28 23:00:00
1777420800000,1.379,1.384,1.377,1.382,2732567.0,2026-04-29 00:00:00
1777424400000,1.382,1.383,1.376,1.381,3354661.0,2026-04-29 01:00:00
1777428000000,1.381,1.383,1.377,1.379,2620957.0,2026-04-29 02:00:00
1777431600000,1.379,1.39,1.378,1.389,8983222.0,2026-04-29 03:00:00
1777435200000,1.389,1.397,1.386,1.394,6590730.0,2026-04-29 04:00:00
1777438800000,1.394,1.396,1.392,1.394,2609608.0,2026-04-29 05:00:00
1777442400000,1.395,1.396,1.389,1.391,3815672.0,2026-04-29 06:00:00
1777446000000,1.392,1.395,1.389,1.391,3303649.0,2026-04-29 07:00:00
1777449600000,1.391,1.392,1.387,1.39,3298940.0,2026-04-29 08:00:00
1777453200000,1.391,1.405,1.389,1.402,13350370.0,2026-04-29 09:00:00
1777456800000,1.403,1.405,1.396,1.397,6520485.0,2026-04-29 10:00:00
1777460400000,1.397,1.397,1.391,1.394,4840828.0,2026-04-29 11:00:00
1777464000000,1.393,1.394,1.378,1.381,10296610.0,2026-04-29 12:00:00
1777467600000,1.381,1.383,1.369,1.374,9978947.0,2026-04-29 13:00:00
1777471200000,1.375,1.377,1.368,1.372,7190402.0,2026-04-29 14:00:00
1777474800000,1.372,1.373,1.357,1.36,13428374.0,2026-04-29 15:00:00
1777478400000,1.36,1.367,1.357,1.363,9795992.0,2026-04-29 16:00:00
1777482000000,1.362,1.367,1.361,1.367,5455377.0,2026-04-29 17:00:00
1777485600000,1.367,1.37,1.344,1.357,18453925.0,2026-04-29 18:00:00
1777489200000,1.357,1.358,1.35,1.353,3940292.0,2026-04-29 19:00:00
1777492800000,1.353,1.364,1.352,1.362,8280041.0,2026-04-29 20:00:00
1777496400000,1.361,1.373,1.36,1.367,4027422.0,2026-04-29 21:00:00
1777500000000,1.368,1.37,1.366,1.368,2946162.0,2026-04-29 22:00:00
1777503600000,1.368,1.37,1.363,1.368,2628476.0,2026-04-29 23:00:00
1777507200000,1.368,1.384,1.368,1.381,6665947.0,2026-04-30 00:00:00
1777510800000,1.382,1.384,1.376,1.379,4588308.0,2026-04-30 01:00:00
1777514400000,1.378,1.381,1.366,1.372,6893626.0,2026-04-30 02:00:00
1777518000000,1.372,1.375,1.37,1.373,3406230.0,2026-04-30 03:00:00
1777521600000,1.372,1.373,1.36,1.362,5163530.0,2026-04-30 04:00:00
1777525200000,1.362,1.367,1.357,1.363,3212262.0,2026-04-30 05:00:00
1777528800000,1.363,1.371,1.359,1.368,5459457.0,2026-04-30 06:00:00
1777532400000,1.368,1.375,1.366,1.374,2348982.0,2026-04-30 07:00:00
1777536000000,1.373,1.376,1.371,1.371,2981424.0,2026-04-30 08:00:00
1777539600000,1.372,1.379,1.371,1.372,2843028.0,2026-04-30 09:00:00
1777543200000,1.372,1.374,1.368,1.37,2829045.0,2026-04-30 10:00:00
1777546800000,1.37,1.375,1.365,1.368,4308806.0,2026-04-30 11:00:00
1777550400000,1.369,1.375,1.368,1.368,4343551.0,2026-04-30 12:00:00
1777554000000,1.369,1.374,1.363,1.368,5187094.0,2026-04-30 13:00:00
1777557600000,1.368,1.372,1.361,1.367,5379405.0,2026-04-30 14:00:00
1777561200000,1.366,1.374,1.363,1.368,3998725.0,2026-04-30 15:00:00
1777564800000,1.369,1.369,1.363,1.365,2140766.0,2026-04-30 16:00:00
1777568400000,1.365,1.369,1.361,1.366,2691339.0,2026-04-30 17:00:00
1777572000000,1.367,1.371,1.365,1.369,2966997.0,2026-04-30 18:00:00
1777575600000,1.369,1.374,1.368,1.369,2345546.0,2026-04-30 19:00:00
1777579200000,1.37,1.371,1.366,1.368,1804890.0,2026-04-30 20:00:00
1777582800000,1.369,1.371,1.364,1.365,1799023.0,2026-04-30 21:00:00
1777586400000,1.365,1.367,1.363,1.363,2535178.0,2026-04-30 22:00:00
1777590000000,1.364,1.367,1.363,1.367,2101857.0,2026-04-30 23:00:00
1777593600000,1.367,1.373,1.363,1.368,10405741.0,2026-05-01 00:00:00
1777597200000,1.368,1.374,1.364,1.371,9317434.0,2026-05-01 01:00:00
1777600800000,1.371,1.372,1.367,1.37,1720695.0,2026-05-01 02:00:00
1777604400000,1.369,1.38,1.367,1.376,5852742.0,2026-05-01 03:00:00
1777608000000,1.375,1.378,1.373,1.375,3240225.0,2026-05-01 04:00:00
1777611600000,1.375,1.378,1.373,1.376,2222424.0,2026-05-01 05:00:00
1777615200000,1.376,1.378,1.371,1.372,2361070.0,2026-05-01 06:00:00
1777618800000,1.373,1.375,1.37,1.373,2461750.0,2026-05-01 07:00:00
1777622400000,1.374,1.38,1.372,1.377,3437998.0,2026-05-01 08:00:00
1777626000000,1.377,1.378,1.372,1.374,1979784.0,2026-05-01 09:00:00
1777629600000,1.375,1.376,1.37,1.376,2381851.0,2026-05-01 10:00:00
1777633200000,1.376,1.379,1.374,1.377,1924758.0,2026-05-01 11:00:00
1777636800000,1.376,1.387,1.376,1.383,6513906.0,2026-05-01 12:00:00
1777640400000,1.382,1.399,1.382,1.397,8494344.0,2026-05-01 13:00:00
1777644000000,1.398,1.399,1.388,1.393,8113803.0,2026-05-01 14:00:00
1777647600000,1.394,1.399,1.39,1.395,7488642.0,2026-05-01 15:00:00
1777651200000,1.395,1.398,1.39,1.39,4116606.0,2026-05-01 16:00:00
1777654800000,1.39,1.395,1.387,1.393,3317452.0,2026-05-01 17:00:00
1777658400000,1.394,1.395,1.391,1.392,1374630.0,2026-05-01 18:00:00
1777662000000,1.393,1.395,1.391,1.392,1733519.0,2026-05-01 19:00:00
1777665600000,1.392,1.394,1.381,1.384,3352425.0,2026-05-01 20:00:00
1777669200000,1.384,1.388,1.383,1.387,1401394.0,2026-05-01 21:00:00
1777672800000,1.388,1.389,1.382,1.382,2116336.0,2026-05-01 22:00:00
1777676400000,1.383,1.385,1.379,1.384,6326155.0,2026-05-01 23:00:00
1777680000000,1.385,1.39,1.383,1.385,5666661.0,2026-05-02 00:00:00
1777683600000,1.386,1.388,1.383,1.384,1850312.0,2026-05-02 01:00:00
1777687200000,1.384,1.388,1.379,1.384,4867444.0,2026-05-02 02:00:00
1777690800000,1.385,1.388,1.382,1.384,1882982.0,2026-05-02 03:00:00
1777694400000,1.385,1.385,1.381,1.384,2782461.0,2026-05-02 04:00:00
1777698000000,1.384,1.384,1.381,1.383,2437504.0,2026-05-02 05:00:00
1777701600000,1.383,1.387,1.382,1.386,1112273.0,2026-05-02 06:00:00
1777705200000,1.387,1.387,1.384,1.385,968282.0,2026-05-02 07:00:00
1777708800000,1.385,1.385,1.383,1.383,850823.0,2026-05-02 08:00:00
1777712400000,1.383,1.387,1.382,1.386,4869046.0,2026-05-02 09:00:00
1777716000000,1.385,1.387,1.384,1.387,1205130.0,2026-05-02 10:00:00
1777719600000,1.386,1.39,1.384,1.385,4107684.0,2026-05-02 11:00:00
1777723200000,1.385,1.387,1.383,1.386,2519077.0,2026-05-02 12:00:00
1777726800000,1.386,1.392,1.385,1.391,2995809.0,2026-05-02 13:00:00
1777730400000,1.39,1.393,1.389,1.391,1300641.0,2026-05-02 14:00:00
1777734000000,1.39,1.394,1.39,1.393,2285850.0,2026-05-02 15:00:00
1777737600000,1.392,1.395,1.39,1.393,2138737.0,2026-05-02 16:00:00
1777741200000,1.393,1.394,1.39,1.39,1323753.0,2026-05-02 17:00:00
1777744800000,1.391,1.393,1.388,1.393,1683110.0,2026-05-02 18:00:00
1777748400000,1.392,1.395,1.392,1.394,917926.0,2026-05-02 19:00:00
1777752000000,1.394,1.394,1.392,1.393,1325724.0,2026-05-02 20:00:00
1777755600000,1.393,1.4,1.388,1.392,7501617.0,2026-05-02 21:00:00
1777759200000,1.393,1.4,1.391,1.395,5659560.0,2026-05-02 22:00:00
1777762800000,1.396,1.396,1.389,1.393,7343630.0,2026-05-02 23:00:00
1777766400000,1.393,1.394,1.386,1.389,3478373.0,2026-05-03 00:00:00
1777770000000,1.388,1.389,1.382,1.382,2993026.0,2026-05-03 01:00:00
1777773600000,1.382,1.384,1.38,1.382,2274170.0,2026-05-03 02:00:00
1777777200000,1.382,1.383,1.38,1.383,3159143.0,2026-05-03 03:00:00
1777780800000,1.382,1.384,1.38,1.383,1629871.0,2026-05-03 04:00:00
1777784400000,1.382,1.385,1.382,1.384,1437601.0,2026-05-03 05:00:00
1777788000000,1.383,1.385,1.381,1.385,2825469.0,2026-05-03 06:00:00
1777791600000,1.385,1.388,1.384,1.385,2755568.0,2026-05-03 07:00:00
1777795200000,1.386,1.388,1.385,1.387,1827172.0,2026-05-03 08:00:00
1777798800000,1.388,1.39,1.386,1.388,2387413.0,2026-05-03 09:00:00
1777802400000,1.388,1.39,1.387,1.388,1202965.0,2026-05-03 10:00:00
1777806000000,1.388,1.398,1.386,1.394,4604767.0,2026-05-03 11:00:00
1777809600000,1.394,1.398,1.394,1.396,2559096.0,2026-05-03 12:00:00
1777813200000,1.395,1.398,1.392,1.395,3033756.0,2026-05-03 13:00:00
1777816800000,1.394,1.397,1.391,1.396,1916412.0,2026-05-03 14:00:00
1777820400000,1.396,1.398,1.393,1.395,2367880.0,2026-05-03 15:00:00
1777824000000,1.395,1.398,1.392,1.394,1529916.0,2026-05-03 16:00:00
1777827600000,1.393,1.396,1.391,1.394,2646499.0,2026-05-03 17:00:00
1777831200000,1.395,1.395,1.392,1.394,1353234.0,2026-05-03 18:00:00
1777834800000,1.393,1.398,1.392,1.395,1635837.0,2026-05-03 19:00:00
1777838400000,1.394,1.399,1.391,1.392,2418522.0,2026-05-03 20:00:00
1777842000000,1.392,1.395,1.388,1.39,2363324.0,2026-05-03 21:00:00
1777845600000,1.391,1.404,1.391,1.397,7728951.0,2026-05-03 22:00:00
1777849200000,1.396,1.401,1.385,1.386,6615105.0,2026-05-03 23:00:00
1777852800000,1.386,1.388,1.382,1.388,5915512.0,2026-05-04 00:00:00
1777856400000,1.387,1.407,1.382,1.405,13611476.0,2026-05-04 01:00:00
1777860000000,1.405,1.415,1.4,1.409,16449512.0,2026-05-04 02:00:00
1777863600000,1.41,1.414,1.407,1.412,5450912.0,2026-05-04 03:00:00
1777867200000,1.412,1.42,1.412,1.415,6856484.0,2026-05-04 04:00:00
1777870800000,1.416,1.417,1.41,1.411,4767225.0,2026-05-04 05:00:00
1777874400000,1.411,1.412,1.4,1.408,12080067.0,2026-05-04 06:00:00
1777878000000,1.408,1.414,1.406,1.409,3516643.0,2026-05-04 07:00:00
1777881600000,1.41,1.412,1.406,1.41,3126483.0,2026-05-04 08:00:00
1777885200000,1.411,1.419,1.409,1.417,3454862.0,2026-05-04 09:00:00
1777888800000,1.416,1.417,1.384,1.394,25308874.0,2026-05-04 10:00:00
1777892400000,1.394,1.397,1.391,1.393,6017951.0,2026-05-04 11:00:00
1777896000000,1.393,1.396,1.391,1.393,4626723.0,2026-05-04 12:00:00
1777899600000,1.392,1.399,1.387,1.393,6790810.0,2026-05-04 13:00:00
1777903200000,1.392,1.413,1.387,1.407,13153432.0,2026-05-04 14:00:00
1777906800000,1.408,1.408,1.391,1.398,13230478.0,2026-05-04 15:00:00
1777910400000,1.397,1.405,1.392,1.4,7891602.0,2026-05-04 16:00:00
1777914000000,1.4,1.412,1.399,1.407,4761015.0,2026-05-04 17:00:00
1777917600000,1.408,1.409,1.401,1.403,3067014.0,2026-05-04 18:00:00
1777921200000,1.402,1.404,1.396,1.397,3072200.0,2026-05-04 19:00:00
1777924800000,1.396,1.397,1.391,1.393,2237910.0,2026-05-04 20:00:00
1777928400000,1.392,1.398,1.392,1.397,2520574.0,2026-05-04 21:00:00
1777932000000,1.396,1.4,1.393,1.394,3365316.0,2026-05-04 22:00:00
1777935600000,1.394,1.394,1.388,1.39,2660705.0,2026-05-04 23:00:00
1777939200000,1.39,1.395,1.389,1.394,3708782.0,2026-05-05 00:00:00
1777942800000,1.395,1.398,1.392,1.396,2286843.0,2026-05-05 01:00:00
1777946400000,1.397,1.404,1.395,1.4,4463414.0,2026-05-05 02:00:00
1777950000000,1.399,1.409,1.398,1.405,6257656.0,2026-05-05 03:00:00
1777953600000,1.404,1.406,1.399,1.401,3867673.0,2026-05-05 04:00:00
1777957200000,1.4,1.406,1.398,1.401,6549291.0,2026-05-05 05:00:00
1777960800000,1.401,1.407,1.399,1.406,4210421.0,2026-05-05 06:00:00
1777964400000,1.407,1.41,1.401,1.406,6712487.0,2026-05-05 07:00:00
1777968000000,1.405,1.409,1.405,1.406,2532392.0,2026-05-05 08:00:00
1777971600000,1.406,1.407,1.401,1.402,1638960.0,2026-05-05 09:00:00
1777975200000,1.402,1.407,1.401,1.406,3277652.0,2026-05-05 10:00:00
1777978800000,1.405,1.408,1.4,1.407,4005038.0,2026-05-05 11:00:00
1777982400000,1.406,1.414,1.405,1.411,3150274.0,2026-05-05 12:00:00
1777986000000,1.412,1.42,1.409,1.413,9441556.0,2026-05-05 13:00:00
1777989600000,1.413,1.413,1.403,1.41,6860187.0,2026-05-05 14:00:00
1777993200000,1.41,1.415,1.409,1.411,3748451.0,2026-05-05 15:00:00
1777996800000,1.411,1.415,1.403,1.408,3569798.0,2026-05-05 16:00:00
1778000400000,1.408,1.409,1.403,1.407,2443713.0,2026-05-05 17:00:00
1778004000000,1.408,1.413,1.407,1.409,3117011.0,2026-05-05 18:00:00
1778007600000,1.408,1.413,1.407,1.412,1871791.0,2026-05-05 19:00:00
1778011200000,1.411,1.417,1.411,1.416,3543515.0,2026-05-05 20:00:00
1778014800000,1.416,1.422,1.412,1.414,4138686.0,2026-05-05 21:00:00
1778018400000,1.415,1.421,1.408,1.414,7269406.0,2026-05-05 22:00:00
1778022000000,1.415,1.418,1.408,1.412,2725911.0,2026-05-05 23:00:00
1778025600000,1.411,1.415,1.406,1.41,4161520.0,2026-05-06 00:00:00
1778029200000,1.41,1.419,1.408,1.418,3807799.0,2026-05-06 01:00:00
1778032800000,1.418,1.418,1.409,1.415,3086093.0,2026-05-06 02:00:00
1778036400000,1.416,1.424,1.415,1.42,6181990.0,2026-05-06 03:00:00
1778040000000,1.42,1.425,1.416,1.419,5228021.0,2026-05-06 04:00:00
1778043600000,1.419,1.423,1.413,1.422,8812496.0,2026-05-06 05:00:00
1778047200000,1.422,1.427,1.42,1.426,7740390.0,2026-05-06 06:00:00
1778050800000,1.426,1.435,1.423,1.431,8162724.0,2026-05-06 07:00:00
1778054400000,1.43,1.443,1.428,1.442,8873820.0,2026-05-06 08:00:00
1778058000000,1.442,1.451,1.437,1.448,10536085.0,2026-05-06 09:00:00
1778061600000,1.449,1.454,1.446,1.45,7456389.0,2026-05-06 10:00:00
1778065200000,1.45,1.457,1.448,1.45,7598925.0,2026-05-06 11:00:00
1778068800000,1.45,1.452,1.443,1.445,7053015.0,2026-05-06 12:00:00
1778072400000,1.445,1.445,1.416,1.422,23178442.0,2026-05-06 13:00:00
1778076000000,1.421,1.429,1.412,1.422,14623734.0,2026-05-06 14:00:00
1778079600000,1.422,1.431,1.42,1.428,5807136.0,2026-05-06 15:00:00
1778083200000,1.428,1.434,1.422,1.428,5578605.0,2026-05-06 16:00:00
1778086800000,1.428,1.43,1.423,1.424,2471477.0,2026-05-06 17:00:00
1778090400000,1.424,1.427,1.42,1.421,2955958.0,2026-05-06 18:00:00
1778094000000,1.422,1.428,1.421,1.427,2790654.0,2026-05-06 19:00:00
1778097600000,1.427,1.428,1.42,1.423,2029563.0,2026-05-06 20:00:00
1778101200000,1.424,1.428,1.42,1.426,2295175.0,2026-05-06 21:00:00
1778104800000,1.426,1.426,1.42,1.42,3215912.0,2026-05-06 22:00:00
1778108400000,1.42,1.424,1.415,1.424,3094818.0,2026-05-06 23:00:00
1778112000000,1.424,1.425,1.415,1.417,3737311.0,2026-05-07 00:00:00
1778115600000,1.417,1.419,1.411,1.415,6004182.0,2026-05-07 01:00:00
1778119200000,1.415,1.415,1.408,1.411,4284789.0,2026-05-07 02:00:00
1778122800000,1.411,1.411,1.402,1.405,7468044.0,2026-05-07 03:00:00
1778126400000,1.404,1.409,1.402,1.406,6229693.0,2026-05-07 04:00:00
1778130000000,1.406,1.413,1.406,1.41,9723022.0,2026-05-07 05:00:00
1778133600000,1.41,1.416,1.403,1.415,8325828.0,2026-05-07 06:00:00
1778137200000,1.414,1.421,1.413,1.419,5270799.0,2026-05-07 07:00:00
1778140800000,1.419,1.42,1.414,1.415,4370087.0,2026-05-07 08:00:00
1778144400000,1.416,1.416,1.409,1.411,3120819.0,2026-05-07 09:00:00
1778148000000,1.41,1.413,1.405,1.409,3764323.0,2026-05-07 10:00:00
1778151600000,1.409,1.413,1.407,1.408,4014275.0,2026-05-07 11:00:00
1778155200000,1.408,1.414,1.408,1.413,3305827.0,2026-05-07 12:00:00
1778158800000,1.413,1.413,1.395,1.4,10172531.0,2026-05-07 13:00:00
1778162400000,1.4,1.403,1.39,1.391,11309044.0,2026-05-07 14:00:00
1778166000000,1.392,1.394,1.382,1.389,9622732.0,2026-05-07 15:00:00
1778169600000,1.389,1.392,1.385,1.387,6373406.0,2026-05-07 16:00:00
1778173200000,1.388,1.392,1.382,1.39,5899669.0,2026-05-07 17:00:00
1778176800000,1.39,1.395,1.387,1.391,3744404.0,2026-05-07 18:00:00
1778180400000,1.392,1.392,1.384,1.384,2731523.0,2026-05-07 19:00:00
1778184000000,1.385,1.393,1.38,1.381,4760156.0,2026-05-07 20:00:00
1778187600000,1.382,1.386,1.379,1.382,2432838.0,2026-05-07 21:00:00
1778191200000,1.382,1.386,1.379,1.384,3449970.0,2026-05-07 22:00:00
1778194800000,1.383,1.387,1.383,1.385,2568721.0,2026-05-07 23:00:00
1778198400000,1.386,1.389,1.382,1.385,3884267.0,2026-05-08 00:00:00
1778202000000,1.385,1.386,1.381,1.385,2280493.0,2026-05-08 01:00:00
1778205600000,1.384,1.385,1.378,1.382,3348558.0,2026-05-08 02:00:00
1778209200000,1.382,1.386,1.378,1.384,5053510.0,2026-05-08 03:00:00
1778212800000,1.383,1.386,1.382,1.385,3726892.0,2026-05-08 04:00:00
1778216400000,1.384,1.387,1.382,1.382,2295694.0,2026-05-08 05:00:00
1778220000000,1.382,1.382,1.376,1.381,8749425.0,2026-05-08 06:00:00
1778223600000,1.381,1.384,1.377,1.383,4338101.0,2026-05-08 07:00:00
1778227200000,1.382,1.389,1.38,1.386,9941778.0,2026-05-08 08:00:00
1778230800000,1.387,1.391,1.384,1.386,3697484.0,2026-05-08 09:00:00
1778234400000,1.385,1.391,1.383,1.388,4423434.0,2026-05-08 10:00:00
1778238000000,1.389,1.392,1.387,1.391,4724470.0,2026-05-08 11:00:00
1778241600000,1.391,1.393,1.385,1.386,5876241.0,2026-05-08 12:00:00
1778245200000,1.387,1.388,1.382,1.385,4171575.0,2026-05-08 13:00:00
1778248800000,1.386,1.396,1.386,1.391,10032521.0,2026-05-08 14:00:00
1778252400000,1.392,1.398,1.384,1.396,7055404.0,2026-05-08 15:00:00
1778256000000,1.396,1.397,1.391,1.394,7085534.0,2026-05-08 16:00:00
1778259600000,1.394,1.41,1.392,1.407,8078084.0,2026-05-08 17:00:00
1778263200000,1.408,1.424,1.407,1.419,14360059.0,2026-05-08 18:00:00
1778266800000,1.419,1.427,1.415,1.418,8148588.0,2026-05-08 19:00:00
1778270400000,1.419,1.419,1.41,1.412,5172301.0,2026-05-08 20:00:00
1778274000000,1.411,1.421,1.411,1.42,3177846.0,2026-05-08 21:00:00
1778277600000,1.421,1.424,1.417,1.418,4637441.0,2026-05-08 22:00:00
1778281200000,1.418,1.419,1.414,1.417,3798221.0,2026-05-08 23:00:00
1778284800000,1.418,1.425,1.417,1.425,4829546.0,2026-05-09 00:00:00
1778288400000,1.425,1.435,1.423,1.431,8702773.0,2026-05-09 01:00:00
1778292000000,1.432,1.434,1.427,1.43,5492706.0,2026-05-09 02:00:00
1778295600000,1.43,1.433,1.426,1.429,4312931.0,2026-05-09 03:00:00
1778299200000,1.429,1.434,1.426,1.427,5539869.0,2026-05-09 04:00:00
1778302800000,1.428,1.431,1.424,1.425,6661273.0,2026-05-09 05:00:00
1778306400000,1.426,1.427,1.422,1.426,8947051.0,2026-05-09 06:00:00
1778310000000,1.425,1.427,1.421,1.423,11581943.0,2026-05-09 07:00:00
1778313600000,1.424,1.425,1.422,1.423,3205552.0,2026-05-09 08:00:00
1778317200000,1.424,1.425,1.417,1.418,5910805.0,2026-05-09 09:00:00
1778320800000,1.418,1.422,1.416,1.421,2895901.0,2026-05-09 10:00:00
1778324400000,1.42,1.422,1.419,1.422,1921875.0,2026-05-09 11:00:00
1778328000000,1.422,1.422,1.418,1.419,2553909.0,2026-05-09 12:00:00
1778331600000,1.419,1.42,1.415,1.418,3041653.0,2026-05-09 13:00:00
1778335200000,1.419,1.421,1.413,1.414,4520287.0,2026-05-09 14:00:00
1778338800000,1.414,1.415,1.41,1.412,6127219.0,2026-05-09 15:00:00
1778342400000,1.413,1.419,1.409,1.416,10357953.0,2026-05-09 16:00:00
1778346000000,1.416,1.426,1.416,1.421,7541712.0,2026-05-09 17:00:00
1778349600000,1.42,1.424,1.419,1.421,3186073.0,2026-05-09 18:00:00
1778353200000,1.422,1.424,1.42,1.423,1202427.0,2026-05-09 19:00:00
1778356800000,1.423,1.423,1.419,1.421,931480.0,2026-05-09 20:00:00
1778360400000,1.42,1.423,1.42,1.422,1597900.0,2026-05-09 21:00:00
1778364000000,1.421,1.424,1.42,1.422,2168484.0,2026-05-09 22:00:00
1778367600000,1.422,1.425,1.418,1.419,2612867.0,2026-05-09 23:00:00
1778371200000,1.419,1.422,1.414,1.416,4566540.0,2026-05-10 00:00:00
1778374800000,1.416,1.417,1.41,1.414,4370806.0,2026-05-10 01:00:00
1778378400000,1.413,1.421,1.412,1.415,7163140.0,2026-05-10 02:00:00
1778382000000,1.416,1.42,1.412,1.415,6912526.0,2026-05-10 03:00:00
1778385600000,1.416,1.418,1.414,1.417,2504610.0,2026-05-10 04:00:00
1778389200000,1.417,1.419,1.415,1.416,2606994.0,2026-05-10 05:00:00
1778392800000,1.416,1.418,1.414,1.417,2726832.0,2026-05-10 06:00:00
1778396400000,1.418,1.421,1.416,1.418,2684820.0,2026-05-10 07:00:00
1778400000000,1.419,1.427,1.418,1.426,4678072.0,2026-05-10 08:00:00
1778403600000,1.425,1.428,1.422,1.427,7957966.0,2026-05-10 09:00:00
1778407200000,1.427,1.43,1.423,1.426,7724605.0,2026-05-10 10:00:00
1778410800000,1.426,1.427,1.416,1.422,8333741.0,2026-05-10 11:00:00
1778414400000,1.422,1.424,1.419,1.424,4130700.0,2026-05-10 12:00:00
1778418000000,1.424,1.434,1.422,1.432,8546089.0,2026-05-10 13:00:00
1778421600000,1.432,1.437,1.428,1.434,7739240.0,2026-05-10 14:00:00
1778425200000,1.435,1.445,1.432,1.444,9820170.0,2026-05-10 15:00:00
1778428800000,1.444,1.479,1.441,1.472,38550480.0,2026-05-10 16:00:00
1778432400000,1.471,1.508,1.471,1.503,29545159.0,2026-05-10 17:00:00
1778436000000,1.503,1.506,1.484,1.486,16262739.0,2026-05-10 18:00:00
1778439600000,1.485,1.491,1.475,1.487,12797129.0,2026-05-10 19:00:00
1778443200000,1.486,1.489,1.436,1.45,33399726.0,2026-05-10 20:00:00
1778446800000,1.45,1.464,1.443,1.454,11935330.0,2026-05-10 21:00:00
1778450400000,1.454,1.474,1.452,1.473,17190743.0,2026-05-10 22:00:00
1778454000000,1.473,1.477,1.468,1.473,7240535.0,2026-05-10 23:00:00
1778457600000,1.473,1.478,1.452,1.458,14831256.0,2026-05-11 00:00:00
1778461200000,1.458,1.469,1.451,1.461,8064957.0,2026-05-11 01:00:00
1778464800000,1.461,1.462,1.448,1.453,6227704.0,2026-05-11 02:00:00
1778468400000,1.453,1.454,1.439,1.448,10257486.0,2026-05-11 03:00:00
1778472000000,1.449,1.457,1.444,1.448,12836359.0,2026-05-11 04:00:00
1778475600000,1.448,1.456,1.447,1.454,3602390.0,2026-05-11 05:00:00
1778479200000,1.454,1.459,1.45,1.452,6183652.0,2026-05-11 06:00:00
1778482800000,1.453,1.454,1.441,1.449,8287763.0,2026-05-11 07:00:00
1778486400000,1.449,1.451,1.441,1.445,10694336.0,2026-05-11 08:00:00
1778490000000,1.446,1.454,1.444,1.451,4929413.0,2026-05-11 09:00:00
1778493600000,1.451,1.454,1.448,1.45,6701383.0,2026-05-11 10:00:00
1778497200000,1.451,1.457,1.446,1.456,7116889.0,2026-05-11 11:00:00
1778500800000,1.456,1.463,1.453,1.457,9714745.0,2026-05-11 12:00:00
1778504400000,1.456,1.464,1.451,1.459,8863851.0,2026-05-11 13:00:00
1778508000000,1.46,1.472,1.454,1.47,16783796.0,2026-05-11 14:00:00
1778511600000,1.47,1.488,1.465,1.484,17406180.0,2026-05-11 15:00:00
1778515200000,1.483,1.487,1.47,1.473,12201276.0,2026-05-11 16:00:00
1778518800000,1.473,1.481,1.465,1.479,7537113.0,2026-05-11 17:00:00
1778522400000,1.479,1.481,1.469,1.469,4237469.0,2026-05-11 18:00:00
1778526000000,1.47,1.48,1.466,1.479,5877035.0,2026-05-11 19:00:00
1778529600000,1.478,1.482,1.471,1.472,7239254.0,2026-05-11 20:00:00
1778533200000,1.473,1.474,1.468,1.468,2491350.0,2026-05-11 21:00:00
1778536800000,1.468,1.476,1.467,1.473,3278885.0,2026-05-11 22:00:00
1778540400000,1.474,1.479,1.47,1.477,4622802.0,2026-05-11 23:00:00
1778544000000,1.477,1.484,1.474,1.478,6303979.0,2026-05-12 00:00:00
1778547600000,1.479,1.481,1.455,1.465,16230722.0,2026-05-12 01:00:00
1778551200000,1.466,1.47,1.459,1.464,6184288.0,2026-05-12 02:00:00
1778554800000,1.464,1.465,1.457,1.459,4703738.0,2026-05-12 03:00:00
1778558400000,1.46,1.466,1.456,1.462,5049542.0,2026-05-12 04:00:00
1778562000000,1.462,1.469,1.459,1.462,8741062.0,2026-05-12 05:00:00
1778565600000,1.462,1.466,1.454,1.457,9115340.0,2026-05-12 06:00:00
1778569200000,1.457,1.464,1.453,1.462,6864442.0,2026-05-12 07:00:00
1778572800000,1.462,1.471,1.458,1.464,9780718.0,2026-05-12 08:00:00
1778576400000,1.463,1.464,1.453,1.454,7846787.0,2026-05-12 09:00:00
1778580000000,1.454,1.457,1.446,1.449,12808204.0,2026-05-12 10:00:00
1778583600000,1.449,1.451,1.442,1.448,7593711.0,2026-05-12 11:00:00
1778587200000,1.448,1.455,1.445,1.45,9393788.0,2026-05-12 12:00:00
1778590800000,1.45,1.452,1.431,1.434,15431808.0,2026-05-12 13:00:00
1778594400000,1.433,1.44,1.423,1.427,14763090.0,2026-05-12 14:00:00
1778598000000,1.426,1.431,1.417,1.423,12843128.0,2026-05-12 15:00:00
1778601600000,1.423,1.428,1.419,1.422,6148170.0,2026-05-12 16:00:00
1778605200000,1.422,1.434,1.421,1.432,4871624.0,2026-05-12 17:00:00
1778608800000,1.433,1.437,1.43,1.434,3341971.0,2026-05-12 18:00:00
1778612400000,1.435,1.442,1.435,1.44,4129677.0,2026-05-12 19:00:00
1778616000000,1.439,1.442,1.437,1.44,2675520.0,2026-05-12 20:00:00
1778619600000,1.44,1.441,1.436,1.44,3975355.0,2026-05-12 21:00:00
1778623200000,1.439,1.443,1.438,1.438,2637434.0,2026-05-12 22:00:00
1778626800000,1.438,1.44,1.433,1.436,4584066.0,2026-05-12 23:00:00
1778630400000,1.436,1.44,1.434,1.438,3881801.0,2026-05-13 00:00:00
1778634000000,1.439,1.451,1.438,1.448,7904461.0,2026-05-13 01:00:00
1778637600000,1.447,1.453,1.446,1.448,3388581.0,2026-05-13 02:00:00
1778641200000,1.447,1.453,1.446,1.45,4214637.0,2026-05-13 03:00:00
1778644800000,1.45,1.463,1.448,1.462,11381622.0,2026-05-13 04:00:00
1778648400000,1.462,1.465,1.453,1.453,9182389.0,2026-05-13 05:00:00
1778652000000,1.454,1.461,1.451,1.453,8870153.0,2026-05-13 06:00:00
1778655600000,1.454,1.464,1.453,1.461,5018682.0,2026-05-13 07:00:00
1778659200000,1.462,1.466,1.458,1.462,5488785.0,2026-05-13 08:00:00
1778662800000,1.462,1.469,1.461,1.468,4506401.0,2026-05-13 09:00:00
1778666400000,1.468,1.469,1.455,1.457,4968612.0,2026-05-13 10:00:00
1778670000000,1.457,1.459,1.446,1.447,13186884.0,2026-05-13 11:00:00
1778673600000,1.447,1.449,1.424,1.433,22663221.0,2026-05-13 12:00:00
1778677200000,1.432,1.438,1.422,1.427,16224758.0,2026-05-13 13:00:00
1778680800000,1.426,1.43,1.42,1.428,10499626.0,2026-05-13 14:00:00
1778684400000,1.427,1.431,1.41,1.411,15242018.0,2026-05-13 15:00:00
1778688000000,1.412,1.423,1.41,1.421,13164390.0,2026-05-13 16:00:00
1778691600000,1.422,1.43,1.422,1.427,5358748.0,2026-05-13 17:00:00
1778695200000,1.428,1.433,1.425,1.425,3992797.0,2026-05-13 18:00:00
1778698800000,1.426,1.426,1.415,1.417,5398161.0,2026-05-13 19:00:00
1778702400000,1.418,1.425,1.417,1.425,4077907.0,2026-05-13 20:00:00
1778706000000,1.424,1.425,1.416,1.418,3016799.0,2026-05-13 21:00:00
1778709600000,1.418,1.424,1.414,1.422,5367111.0,2026-05-13 22:00:00
1778713200000,1.422,1.427,1.419,1.426,6125271.0,2026-05-13 23:00:00
1778716800000,1.426,1.433,1.425,1.43,10530234.0,2026-05-14 00:00:00
1778720400000,1.431,1.434,1.425,1.431,7974671.0,2026-05-14 01:00:00
1778724000000,1.432,1.433,1.422,1.425,3369989.0,2026-05-14 02:00:00
1778727600000,1.424,1.429,1.419,1.422,5217842.0,2026-05-14 03:00:00
1778731200000,1.421,1.431,1.42,1.43,4596795.0,2026-05-14 04:00:00
1778734800000,1.43,1.439,1.428,1.434,4712687.0,2026-05-14 05:00:00
1778738400000,1.435,1.436,1.425,1.434,8814509.0,2026-05-14 06:00:00
1778742000000,1.433,1.436,1.429,1.431,7612108.0,2026-05-14 07:00:00
1778745600000,1.431,1.436,1.428,1.434,4259775.0,2026-05-14 08:00:00
1778749200000,1.434,1.435,1.426,1.429,3634623.0,2026-05-14 09:00:00
1778752800000,1.428,1.437,1.426,1.435,4337937.0,2026-05-14 10:00:00
1778756400000,1.436,1.439,1.43,1.432,3406892.0,2026-05-14 11:00:00
1778760000000,1.431,1.451,1.43,1.447,9210623.0,2026-05-14 12:00:00
1778763600000,1.447,1.459,1.44,1.442,12827394.0,2026-05-14 13:00:00
1778767200000,1.441,1.474,1.437,1.471,22609967.0,2026-05-14 14:00:00
1778770800000,1.471,1.474,1.461,1.472,14354157.0,2026-05-14 15:00:00
1778774400000,1.472,1.48,1.463,1.48,12995635.0,2026-05-14 16:00:00
1778778000000,1.48,1.5,1.471,1.491,24773161.0,2026-05-14 17:00:00
1778781600000,1.49,1.544,1.485,1.535,44246564.0,2026-05-14 18:00:00
1778785200000,1.535,1.549,1.51,1.516,35174528.0,2026-05-14 19:00:00
1778788800000,1.517,1.517,1.496,1.508,18672371.0,2026-05-14 20:00:00
1778792400000,1.507,1.511,1.493,1.498,7756293.0,2026-05-14 21:00:00
1778796000000,1.497,1.505,1.493,1.5,9534531.0,2026-05-14 22:00:00
1778799600000,1.499,1.499,1.482,1.484,7455797.0,2026-05-14 23:00:00
1778803200000,1.485,1.5,1.484,1.494,9667198.0,2026-05-15 00:00:00
1778806800000,1.494,1.499,1.483,1.485,9279937.0,2026-05-15 01:00:00
1778810400000,1.484,1.492,1.475,1.49,11896853.0,2026-05-15 02:00:00
1778814000000,1.489,1.492,1.482,1.489,4419468.0,2026-05-15 03:00:00
1778817600000,1.488,1.49,1.471,1.472,5764552.0,2026-05-15 04:00:00
1778821200000,1.473,1.475,1.452,1.459,26474901.0,2026-05-15 05:00:00
1778824800000,1.459,1.472,1.457,1.467,12163115.0,2026-05-15 06:00:00
1778828400000,1.468,1.472,1.464,1.468,6377902.0,2026-05-15 07:00:00
1778832000000,1.469,1.471,1.46,1.469,14911480.0,2026-05-15 08:00:00
1778835600000,1.47,1.472,1.46,1.463,10068937.0,2026-05-15 09:00:00
1778839200000,1.463,1.476,1.462,1.473,6027675.0,2026-05-15 10:00:00
1778842800000,1.474,1.475,1.464,1.467,4324855.0,2026-05-15 11:00:00
1778846400000,1.467,1.468,1.457,1.458,8176511.0,2026-05-15 12:00:00
1778850000000,1.458,1.458,1.427,1.43,29375541.0,2026-05-15 13:00:00
1778853600000,1.431,1.44,1.426,1.438,15951097.0,2026-05-15 14:00:00
1778857200000,1.438,1.44,1.428,1.434,8376849.0,2026-05-15 15:00:00
1778860800000,1.433,1.447,1.432,1.445,11219193.0,2026-05-15 16:00:00
1778864400000,1.445,1.45,1.444,1.445,4863472.0,2026-05-15 17:00:00
1778868000000,1.446,1.449,1.439,1.44,5236519.0,2026-05-15 18:00:00
1778871600000,1.441,1.441,1.431,1.433,9626892.0,2026-05-15 19:00:00
1778875200000,1.434,1.437,1.43,1.433,3433427.0,2026-05-15 20:00:00
1778878800000,1.433,1.437,1.428,1.429,2800779.0,2026-05-15 21:00:00
1778882400000,1.429,1.434,1.429,1.432,2466807.0,2026-05-15 22:00:00
1778886000000,1.432,1.435,1.431,1.433,2642061.0,2026-05-15 23:00:00
1778889600000,1.433,1.439,1.431,1.434,4322447.0,2026-05-16 00:00:00
1778893200000,1.434,1.438,1.43,1.436,4620163.0,2026-05-16 01:00:00
1778896800000,1.436,1.439,1.434,1.436,2701430.0,2026-05-16 02:00:00
1778900400000,1.436,1.438,1.432,1.434,2209066.0,2026-05-16 03:00:00
1778904000000,1.435,1.436,1.416,1.425,19923990.0,2026-05-16 04:00:00
1778907600000,1.424,1.429,1.421,1.424,10856679.0,2026-05-16 05:00:00
1778911200000,1.423,1.425,1.412,1.419,7827680.0,2026-05-16 06:00:00
1778914800000,1.419,1.419,1.403,1.416,14929046.0,2026-05-16 07:00:00
1778918400000,1.415,1.417,1.413,1.414,3335141.0,2026-05-16 08:00:00
1778922000000,1.413,1.415,1.4,1.401,12100796.0,2026-05-16 09:00:00
1778925600000,1.401,1.408,1.394,1.406,13186432.0,2026-05-16 10:00:00
1778929200000,1.406,1.413,1.405,1.409,4903831.0,2026-05-16 11:00:00
1778932800000,1.409,1.412,1.407,1.41,3515617.0,2026-05-16 12:00:00
1778936400000,1.41,1.415,1.406,1.41,9163399.0,2026-05-16 13:00:00
1778940000000,1.411,1.412,1.404,1.409,11090114.0,2026-05-16 14:00:00
1778943600000,1.408,1.414,1.408,1.413,5140175.0,2026-05-16 15:00:00
1778947200000,1.414,1.42,1.412,1.416,8106555.0,2026-05-16 16:00:00
1778950800000,1.416,1.418,1.414,1.415,1336458.0,2026-05-16 17:00:00
1778954400000,1.415,1.417,1.412,1.414,2694316.0,2026-05-16 18:00:00
1778958000000,1.414,1.417,1.413,1.415,1388261.0,2026-05-16 19:00:00
1778961600000,1.415,1.418,1.413,1.414,1790554.0,2026-05-16 20:00:00
1778965200000,1.414,1.416,1.412,1.413,2442560.0,2026-05-16 21:00:00
1778968800000,1.413,1.415,1.41,1.412,2958089.0,2026-05-16 22:00:00
1778972400000,1.412,1.415,1.411,1.413,2373752.0,2026-05-16 23:00:00
1778976000000,1.413,1.417,1.408,1.41,6307789.0,2026-05-17 00:00:00
1778979600000,1.411,1.413,1.402,1.403,11253374.0,2026-05-17 01:00:00
1778983200000,1.403,1.41,1.401,1.406,10518019.0,2026-05-17 02:00:00
1778986800000,1.406,1.414,1.405,1.412,3375619.0,2026-05-17 03:00:00
1778990400000,1.411,1.417,1.411,1.414,3456175.0,2026-05-17 04:00:00
1778994000000,1.414,1.421,1.414,1.416,3337457.0,2026-05-17 05:00:00
1778997600000,1.415,1.419,1.414,1.416,2381587.0,2026-05-17 06:00:00
1779001200000,1.416,1.42,1.415,1.418,2475809.0,2026-05-17 07:00:00
1779004800000,1.417,1.419,1.413,1.414,5262678.0,2026-05-17 08:00:00
1779008400000,1.413,1.421,1.412,1.42,5708734.0,2026-05-17 09:00:00
1779012000000,1.42,1.428,1.419,1.424,10777625.0,2026-05-17 10:00:00
1779015600000,1.423,1.424,1.419,1.422,3018827.0,2026-05-17 11:00:00
1779019200000,1.421,1.426,1.42,1.423,2922066.0,2026-05-17 12:00:00
1779022800000,1.422,1.423,1.415,1.418,3943861.0,2026-05-17 13:00:00
1779026400000,1.418,1.418,1.409,1.413,6014420.0,2026-05-17 14:00:00
1779030000000,1.412,1.414,1.408,1.411,3188812.0,2026-05-17 15:00:00
1779033600000,1.412,1.415,1.409,1.41,2743629.0,2026-05-17 16:00:00
1779037200000,1.411,1.412,1.407,1.41,2756429.0,2026-05-17 17:00:00
1779040800000,1.41,1.413,1.405,1.412,2718707.0,2026-05-17 18:00:00
1779044400000,1.413,1.422,1.412,1.421,3536985.0,2026-05-17 19:00:00
1779048000000,1.421,1.423,1.416,1.418,4085239.0,2026-05-17 20:00:00
1779051600000,1.418,1.426,1.416,1.423,3297488.0,2026-05-17 21:00:00
1779055200000,1.422,1.422,1.408,1.41,8539113.0,2026-05-17 22:00:00
1779058800000,1.411,1.413,1.365,1.4,50276849.0,2026-05-17 23:00:00
1779062400000,1.401,1.401,1.387,1.396,19124130.0,2026-05-18 00:00:00
1779066000000,1.396,1.397,1.383,1.394,8629387.0,2026-05-18 01:00:00
1779069600000,1.394,1.402,1.389,1.391,6795748.0,2026-05-18 02:00:00
1779073200000,1.392,1.4,1.388,1.392,5156930.0,2026-05-18 03:00:00
1779076800000,1.392,1.399,1.385,1.393,5111406.0,2026-05-18 04:00:00
1779080400000,1.393,1.395,1.386,1.388,7246779.0,2026-05-18 05:00:00
1779084000000,1.389,1.391,1.376,1.388,14828047.0,2026-05-18 06:00:00
1779087600000,1.388,1.39,1.379,1.386,4391668.0,2026-05-18 07:00:00
1779091200000,1.385,1.389,1.38,1.387,3207183.0,2026-05-18 08:00:00
1779094800000,1.386,1.387,1.381,1.382,2405199.0,2026-05-18 09:00:00
1779098400000,1.381,1.383,1.376,1.378,3989954.0,2026-05-18 10:00:00
1779102000000,1.377,1.396,1.375,1.39,7925930.0,2026-05-18 11:00:00
1779105600000,1.389,1.402,1.389,1.398,7516052.0,2026-05-18 12:00:00
1779109200000,1.398,1.398,1.375,1.385,10280993.0,2026-05-18 13:00:00
1779112800000,1.384,1.385,1.371,1.377,8926991.0,2026-05-18 14:00:00
1779116400000,1.377,1.378,1.367,1.375,7165546.0,2026-05-18 15:00:00
1779120000000,1.375,1.38,1.369,1.377,3481449.0,2026-05-18 16:00:00
1779123600000,1.377,1.383,1.375,1.379,2559888.0,2026-05-18 17:00:00
1779127200000,1.38,1.38,1.362,1.366,6580046.0,2026-05-18 18:00:00
1779130800000,1.366,1.39,1.366,1.387,8920341.0,2026-05-18 19:00:00
1779134400000,1.387,1.392,1.382,1.383,3359498.0,2026-05-18 20:00:00
1779138000000,1.384,1.395,1.381,1.392,2812332.0,2026-05-18 21:00:00
1779141600000,1.393,1.396,1.387,1.392,3704963.0,2026-05-18 22:00:00
1779145200000,1.392,1.394,1.387,1.389,2376286.0,2026-05-18 23:00:00
1779148800000,1.389,1.397,1.388,1.392,4500312.0,2026-05-19 00:00:00
1779152400000,1.392,1.392,1.383,1.383,3531558.0,2026-05-19 01:00:00
1779156000000,1.383,1.388,1.377,1.379,5745936.0,2026-05-19 02:00:00
1779159600000,1.378,1.384,1.376,1.382,4172040.0,2026-05-19 03:00:00
1779163200000,1.383,1.387,1.378,1.386,4850248.0,2026-05-19 04:00:00
1779166800000,1.385,1.387,1.377,1.381,7945647.0,2026-05-19 05:00:00
1779170400000,1.381,1.387,1.38,1.384,9235246.0,2026-05-19 06:00:00
1779174000000,1.384,1.389,1.381,1.388,11337959.0,2026-05-19 07:00:00
1779177600000,1.388,1.388,1.379,1.382,10065530.0,2026-05-19 08:00:00
1779181200000,1.381,1.384,1.369,1.374,8680518.0,2026-05-19 09:00:00
1779184800000,1.373,1.376,1.367,1.374,5492337.0,2026-05-19 10:00:00
1779188400000,1.374,1.376,1.368,1.371,3937833.0,2026-05-19 11:00:00
1779192000000,1.371,1.378,1.369,1.376,5262877.0,2026-05-19 12:00:00
1779195600000,1.376,1.381,1.369,1.375,8971574.0,2026-05-19 13:00:00
1779199200000,1.376,1.379,1.359,1.366,10649482.0,2026-05-19 14:00:00
1779202800000,1.365,1.372,1.364,1.366,5244535.0,2026-05-19 15:00:00
1779206400000,1.367,1.373,1.362,1.372,4847040.0,2026-05-19 16:00:00
1779210000000,1.372,1.374,1.361,1.363,4755099.0,2026-05-19 17:00:00
1779213600000,1.362,1.367,1.36,1.361,3131154.0,2026-05-19 18:00:00
1779217200000,1.362,1.366,1.355,1.357,6730703.0,2026-05-19 19:00:00
1779220800000,1.356,1.36,1.354,1.357,2339923.0,2026-05-19 20:00:00
1779224400000,1.357,1.363,1.356,1.359,2669129.0,2026-05-19 21:00:00
1779228000000,1.358,1.359,1.351,1.356,5628551.0,2026-05-19 22:00:00
1779231600000,1.356,1.365,1.355,1.36,3890800.0,2026-05-19 23:00:00
1779235200000,1.361,1.364,1.35,1.356,8211993.0,2026-05-20 00:00:00
1779238800000,1.355,1.358,1.346,1.355,7777625.0,2026-05-20 01:00:00
1779242400000,1.354,1.356,1.349,1.351,2803127.0,2026-05-20 02:00:00
1779246000000,1.351,1.358,1.348,1.355,1978126.0,2026-05-20 03:00:00
1779249600000,1.356,1.36,1.352,1.358,2642774.0,2026-05-20 04:00:00
1779253200000,1.359,1.369,1.358,1.367,6244517.0,2026-05-20 05:00:00
1779256800000,1.368,1.37,1.365,1.37,4843723.0,2026-05-20 06:00:00
1779260400000,1.37,1.373,1.366,1.368,3179253.0,2026-05-20 07:00:00
1779264000000,1.368,1.372,1.364,1.37,3091481.0,2026-05-20 08:00:00
1779267600000,1.369,1.372,1.367,1.369,3249132.0,2026-05-20 09:00:00
1779271200000,1.369,1.375,1.368,1.369,2858395.0,2026-05-20 10:00:00
1779274800000,1.369,1.37,1.363,1.363,4146261.0,2026-05-20 11:00:00
1779278400000,1.363,1.375,1.362,1.372,3727455.0,2026-05-20 12:00:00
1779282000000,1.371,1.373,1.357,1.363,6800561.0,2026-05-20 13:00:00
1779285600000,1.363,1.375,1.357,1.372,8040977.0,2026-05-20 14:00:00
1779289200000,1.371,1.38,1.367,1.374,10139508.0,2026-05-20 15:00:00
1779292800000,1.373,1.377,1.365,1.374,5562356.0,2026-05-20 16:00:00
1779296400000,1.375,1.38,1.37,1.375,6545540.0,2026-05-20 17:00:00
1779300000000,1.374,1.376,1.364,1.367,7219771.0,2026-05-20 18:00:00
1779303600000,1.366,1.372,1.364,1.371,4070949.0,2026-05-20 19:00:00
1779307200000,1.371,1.372,1.363,1.369,4754885.0,2026-05-20 20:00:00
1779310800000,1.369,1.371,1.366,1.366,2017805.0,2026-05-20 21:00:00
1779314400000,1.366,1.367,1.359,1.365,3979490.0,2026-05-20 22:00:00
1779318000000,1.364,1.367,1.361,1.366,2691773.0,2026-05-20 23:00:00
1779321600000,1.366,1.378,1.365,1.375,5541872.0,2026-05-21 00:00:00
1779325200000,1.376,1.381,1.375,1.377,4448713.0,2026-05-21 01:00:00
1779328800000,1.377,1.386,1.376,1.38,3946176.0,2026-05-21 02:00:00
1779332400000,1.38,1.384,1.379,1.383,2264032.0,2026-05-21 03:00:00
1779336000000,1.383,1.385,1.38,1.381,2371459.0,2026-05-21 04:00:00
1779339600000,1.382,1.383,1.371,1.373,3241815.0,2026-05-21 05:00:00
1779343200000,1.373,1.376,1.368,1.37,4810318.0,2026-05-21 06:00:00
1779346800000,1.37,1.377,1.368,1.374,3645154.0,2026-05-21 07:00:00
1779350400000,1.375,1.385,1.375,1.38,10418232.0,2026-05-21 08:00:00
1779354000000,1.379,1.382,1.373,1.373,4098308.0,2026-05-21 09:00:00
1779357600000,1.373,1.374,1.362,1.366,14309348.0,2026-05-21 10:00:00
1779361200000,1.366,1.369,1.362,1.362,4309086.0,2026-05-21 11:00:00
1779364800000,1.363,1.366,1.36,1.365,4962526.0,2026-05-21 12:00:00
1779368400000,1.364,1.368,1.353,1.361,9264418.0,2026-05-21 13:00:00
1779372000000,1.361,1.363,1.35,1.355,7650518.0,2026-05-21 14:00:00
1779375600000,1.355,1.365,1.354,1.36,5252799.0,2026-05-21 15:00:00
1779379200000,1.36,1.364,1.356,1.361,3933989.0,2026-05-21 16:00:00
1779382800000,1.361,1.386,1.36,1.381,14775873.0,2026-05-21 17:00:00
1779386400000,1.38,1.382,1.365,1.371,6581206.0,2026-05-21 18:00:00
1779390000000,1.37,1.381,1.37,1.379,3501658.0,2026-05-21 19:00:00
1779393600000,1.379,1.381,1.375,1.377,2855707.0,2026-05-21 20:00:00
1779397200000,1.376,1.379,1.374,1.374,2617312.0,2026-05-21 21:00:00
1779400800000,1.375,1.376,1.37,1.371,2825013.0,2026-05-21 22:00:00
1779404400000,1.371,1.374,1.368,1.373,2967765.0,2026-05-21 23:00:00
1779408000000,1.373,1.374,1.366,1.368,2759253.0,2026-05-22 00:00:00
1779411600000,1.367,1.371,1.364,1.37,1880480.0,2026-05-22 01:00:00
1779415200000,1.37,1.374,1.368,1.372,3921709.0,2026-05-22 02:00:00
1779418800000,1.373,1.374,1.37,1.372,1873659.0,2026-05-22 03:00:00
1779422400000,1.372,1.376,1.367,1.37,2665136.0,2026-05-22 04:00:00
1779426000000,1.37,1.373,1.366,1.368,3928265.0,2026-05-22 05:00:00
1779429600000,1.368,1.369,1.359,1.359,8627116.0,2026-05-22 06:00:00
1779433200000,1.36,1.367,1.355,1.363,11773806.0,2026-05-22 07:00:00
1779436800000,1.364,1.368,1.359,1.362,6376402.0,2026-05-22 08:00:00
1779440400000,1.361,1.364,1.357,1.358,3034996.0,2026-05-22 09:00:00
1779444000000,1.358,1.361,1.356,1.359,2657652.0,2026-05-22 10:00:00
1779447600000,1.359,1.361,1.353,1.36,3203170.0,2026-05-22 11:00:00
1779451200000,1.36,1.366,1.359,1.365,4198307.0,2026-05-22 12:00:00
1779454800000,1.365,1.37,1.356,1.361,8583163.0,2026-05-22 13:00:00
1779458400000,1.361,1.361,1.348,1.35,7686578.0,2026-05-22 14:00:00
1779462000000,1.35,1.357,1.346,1.353,5445889.0,2026-05-22 15:00:00
1779465600000,1.352,1.355,1.349,1.354,2988503.0,2026-05-22 16:00:00
1779469200000,1.353,1.359,1.349,1.352,4711125.0,2026-05-22 17:00:00
1779472800000,1.353,1.355,1.333,1.348,16762578.0,2026-05-22 18:00:00
1779476400000,1.348,1.352,1.333,1.337,13337570.0,2026-05-22 19:00:00
1779480000000,1.337,1.342,1.334,1.34,8490363.0,2026-05-22 20:00:00
1779483600000,1.341,1.343,1.339,1.342,2198980.0,2026-05-22 21:00:00
1779487200000,1.342,1.343,1.336,1.34,2578960.0,2026-05-22 22:00:00
1779490800000,1.34,1.343,1.328,1.334,8889392.0,2026-05-22 23:00:00
1779494400000,1.333,1.336,1.326,1.333,11325695.0,2026-05-23 00:00:00
1779498000000,1.334,1.338,1.332,1.337,3012599.0,2026-05-23 01:00:00
1779501600000,1.336,1.34,1.335,1.339,2455153.0,2026-05-23 02:00:00
1779505200000,1.339,1.341,1.338,1.339,2585985.0,2026-05-23 03:00:00
1779508800000,1.34,1.34,1.333,1.335,2284797.0,2026-05-23 04:00:00
1779512400000,1.336,1.336,1.328,1.329,6506988.0,2026-05-23 05:00:00
1779516000000,1.33,1.335,1.326,1.331,9287467.0,2026-05-23 06:00:00
1779519600000,1.332,1.333,1.299,1.31,40057895.0,2026-05-23 07:00:00
1779523200000,1.311,1.318,1.306,1.31,24869402.0,2026-05-23 08:00:00
1779526800000,1.309,1.318,1.309,1.316,5410924.0,2026-05-23 09:00:00
1779530400000,1.317,1.323,1.316,1.321,3345025.0,2026-05-23 10:00:00
1779534000000,1.321,1.326,1.32,1.324,3476534.0,2026-05-23 11:00:00
1779537600000,1.324,1.327,1.323,1.326,2895036.0,2026-05-23 12:00:00
1779541200000,1.326,1.336,1.325,1.332,7760674.0,2026-05-23 13:00:00
1779544800000,1.332,1.34,1.33,1.338,11647186.0,2026-05-23 14:00:00
1779548400000,1.339,1.341,1.334,1.335,7287597.0,2026-05-23 15:00:00
1779552000000,1.335,1.338,1.332,1.337,7725690.0,2026-05-23 16:00:00
1779555600000,1.336,1.339,1.334,1.338,2435612.0,2026-05-23 17:00:00
1779559200000,1.338,1.35,1.337,1.345,6415711.0,2026-05-23 18:00:00
1779562800000,1.345,1.347,1.342,1.345,1774241.0,2026-05-23 19:00:00
1779566400000,1.346,1.371,1.344,1.37,13568467.0,2026-05-23 20:00:00
1779570000000,1.371,1.375,1.352,1.358,9500653.0,2026-05-23 21:00:00
1779573600000,1.359,1.363,1.351,1.358,6405357.0,2026-05-23 22:00:00
1779577200000,1.357,1.361,1.355,1.357,2108016.0,2026-05-23 23:00:00
1779580800000,1.358,1.363,1.355,1.36,2419838.0,2026-05-24 00:00:00
1779584400000,1.361,1.362,1.358,1.36,2506163.0,2026-05-24 01:00:00
1779588000000,1.359,1.362,1.357,1.36,2261237.0,2026-05-24 02:00:00
1779591600000,1.36,1.363,1.358,1.36,2192747.0,2026-05-24 03:00:00
1779595200000,1.36,1.361,1.358,1.36,2353742.0,2026-05-24 04:00:00
1779598800000,1.359,1.36,1.354,1.359,2981170.0,2026-05-24 05:00:00
1779602400000,1.359,1.363,1.356,1.362,1910909.0,2026-05-24 06:00:00
1779606000000,1.361,1.364,1.357,1.358,1894520.0,2026-05-24 07:00:00
1779609600000,1.359,1.361,1.356,1.36,1563550.0,2026-05-24 08:00:00
1779613200000,1.359,1.366,1.359,1.364,4327566.0,2026-05-24 09:00:00
1779616800000,1.364,1.37,1.361,1.363,7417256.0,2026-05-24 10:00:00
1779620400000,1.362,1.369,1.361,1.365,10409446.0,2026-05-24 11:00:00
1779624000000,1.365,1.365,1.359,1.361,4135483.0,2026-05-24 12:00:00
1779627600000,1.361,1.363,1.355,1.358,3046753.0,2026-05-24 13:00:00
1779631200000,1.358,1.359,1.337,1.349,9689614.0,2026-05-24 14:00:00
1779634800000,1.349,1.35,1.347,1.348,2462363.0,2026-05-24 15:00:00
1779638400000,1.348,1.352,1.346,1.349,2605043.0,2026-05-24 16:00:00
1779642000000,1.349,1.354,1.349,1.353,2493034.0,2026-05-24 17:00:00
1779645600000,1.353,1.353,1.346,1.348,3466016.0,2026-05-24 18:00:00
1779649200000,1.347,1.35,1.344,1.349,2377482.0,2026-05-24 19:00:00
1779652800000,1.348,1.349,1.342,1.344,2312166.0,2026-05-24 20:00:00
1779656400000,1.344,1.346,1.33,1.335,7821067.0,2026-05-24 21:00:00
1779660000000,1.335,1.35,1.334,1.346,7574300.0,2026-05-24 22:00:00
1779663600000,1.347,1.353,1.346,1.349,2900974.0,2026-05-24 23:00:00
1779667200000,1.35,1.355,1.349,1.351,2986225.0,2026-05-25 00:00:00
1779670800000,1.35,1.355,1.345,1.346,2236933.0,2026-05-25 01:00:00
1779674400000,1.346,1.356,1.345,1.346,4430942.0,2026-05-25 02:00:00
1779678000000,1.346,1.348,1.342,1.346,2344639.0,2026-05-25 03:00:00
1779681600000,1.346,1.356,1.344,1.354,4527256.0,2026-05-25 04:00:00
1779685200000,1.355,1.36,1.353,1.357,3005185.0,2026-05-25 05:00:00
1779688800000,1.358,1.36,1.353,1.358,2132619.0,2026-05-25 06:00:00
1779692400000,1.358,1.36,1.351,1.358,7348154.0,2026-05-25 07:00:00
1779696000000,1.358,1.365,1.355,1.359,8787396.0,2026-05-25 08:00:00
1779699600000,1.359,1.363,1.355,1.36,3538249.0,2026-05-25 09:00:00
1779703200000,1.359,1.361,1.358,1.36,2335962.0,2026-05-25 10:00:00
1779706800000,1.36,1.361,1.356,1.356,3749761.0,2026-05-25 11:00:00
1779710400000,1.357,1.359,1.355,1.356,2423519.0,2026-05-25 12:00:00
1779714000000,1.356,1.358,1.354,1.358,1909282.0,2026-05-25 13:00:00
1779717600000,1.357,1.362,1.356,1.361,3380012.0,2026-05-25 14:00:00
1779721200000,1.36,1.365,1.356,1.358,3964594.0,2026-05-25 15:00:00
1779724800000,1.358,1.363,1.356,1.361,2223947.0,2026-05-25 16:00:00
1779728400000,1.362,1.364,1.359,1.361,2116716.0,2026-05-25 17:00:00
1779732000000,1.36,1.363,1.357,1.358,1128436.0,2026-05-25 18:00:00
1779735600000,1.357,1.358,1.353,1.356,2726592.0,2026-05-25 19:00:00
1779739200000,1.355,1.359,1.35,1.354,2407153.0,2026-05-25 20:00:00
1779742800000,1.353,1.356,1.353,1.354,1290670.0,2026-05-25 21:00:00
1779746400000,1.353,1.355,1.345,1.347,4576834.0,2026-05-25 22:00:00
1779750000000,1.348,1.351,1.345,1.35,2735330.0,2026-05-25 23:00:00
1779753600000,1.349,1.351,1.334,1.341,6025473.0,2026-05-26 00:00:00
1779757200000,1.341,1.344,1.336,1.338,6159618.0,2026-05-26 01:00:00
1779760800000,1.339,1.339,1.334,1.336,3706444.0,2026-05-26 02:00:00
1779764400000,1.336,1.34,1.333,1.339,3964771.0,2026-05-26 03:00:00
1779768000000,1.34,1.346,1.338,1.344,3545186.0,2026-05-26 04:00:00
1779771600000,1.345,1.35,1.343,1.347,3588926.0,2026-05-26 05:00:00
1779775200000,1.347,1.349,1.344,1.348,2891458.0,2026-05-26 06:00:00
1779778800000,1.347,1.348,1.338,1.34,3885244.0,2026-05-26 07:00:00
1779782400000,1.339,1.343,1.338,1.34,2343533.0,2026-05-26 08:00:00
1779786000000,1.339,1.343,1.338,1.341,2689352.0,2026-05-26 09:00:00
1779789600000,1.34,1.359,1.339,1.356,7639336.0,2026-05-26 10:00:00
1779793200000,1.356,1.357,1.35,1.351,4823810.0,2026-05-26 11:00:00
1779796800000,1.351,1.355,1.347,1.354,4374236.0,2026-05-26 12:00:00
1779800400000,1.355,1.36,1.347,1.354,4810001.0,2026-05-26 13:00:00
1779804000000,1.355,1.365,1.346,1.352,8374419.0,2026-05-26 14:00:00
1779807600000,1.351,1.353,1.338,1.343,7563506.0,2026-05-26 15:00:00
1779811200000,1.343,1.345,1.336,1.34,5256717.0,2026-05-26 16:00:00
1779814800000,1.34,1.343,1.325,1.331,12020568.0,2026-05-26 17:00:00
1779818400000,1.331,1.338,1.327,1.328,4651828.0,2026-05-26 18:00:00
1779822000000,1.329,1.334,1.325,1.331,3307464.0,2026-05-26 19:00:00
1779825600000,1.331,1.333,1.329,1.333,2050667.0,2026-05-26 20:00:00
1779829200000,1.333,1.334,1.327,1.331,2507183.0,2026-05-26 21:00:00
1779832800000,1.331,1.333,1.327,1.329,4517969.0,2026-05-26 22:00:00
1779836400000,1.329,1.331,1.327,1.328,2909345.0,2026-05-26 23:00:00
1779840000000,1.328,1.332,1.327,1.332,3335123.0,2026-05-27 00:00:00
1779843600000,1.331,1.332,1.328,1.33,3292595.0,2026-05-27 01:00:00
1779847200000,1.33,1.33,1.325,1.33,4329242.0,2026-05-27 02:00:00
1779850800000,1.33,1.332,1.325,1.327,4072219.0,2026-05-27 03:00:00
1779854400000,1.327,1.33,1.319,1.329,8922099.0,2026-05-27 04:00:00
1779858000000,1.329,1.332,1.328,1.331,3601784.0,2026-05-27 05:00:00
1779861600000,1.33,1.336,1.329,1.334,3912978.0,2026-05-27 06:00:00
1779865200000,1.334,1.336,1.328,1.33,6087602.0,2026-05-27 07:00:00
1779868800000,1.33,1.337,1.328,1.335,10393429.0,2026-05-27 08:00:00
1779872400000,1.334,1.337,1.326,1.328,17437812.0,2026-05-27 09:00:00
1779876000000,1.328,1.334,1.327,1.329,7991634.0,2026-05-27 10:00:00
1779879600000,1.33,1.334,1.328,1.328,3764321.0,2026-05-27 11:00:00
1779883200000,1.329,1.341,1.324,1.331,12928066.0,2026-05-27 12:00:00
1779886800000,1.331,1.333,1.317,1.323,12674324.0,2026-05-27 13:00:00
1779890400000,1.323,1.33,1.317,1.329,8185193.0,2026-05-27 14:00:00
1779894000000,1.33,1.343,1.328,1.336,10057311.0,2026-05-27 15:00:00
1779897600000,1.336,1.338,1.327,1.332,4844697.0,2026-05-27 16:00:00
1779901200000,1.332,1.332,1.316,1.32,7050845.0,2026-05-27 17:00:00
1779904800000,1.319,1.326,1.316,1.326,3220862.0,2026-05-27 18:00:00
1779908400000,1.326,1.333,1.325,1.33,4532281.0,2026-05-27 19:00:00
1779912000000,1.33,1.334,1.326,1.33,2795586.0,2026-05-27 20:00:00
1779915600000,1.33,1.332,1.309,1.315,7424080.0,2026-05-27 21:00:00
1779919200000,1.315,1.32,1.309,1.31,9128188.0,2026-05-27 22:00:00
1779922800000,1.309,1.312,1.302,1.307,12087912.0,2026-05-27 23:00:00
1779926400000,1.307,1.311,1.305,1.309,4365487.0,2026-05-28 00:00:00
1779930000000,1.308,1.31,1.297,1.302,9176917.0,2026-05-28 01:00:00
1779933600000,1.302,1.305,1.299,1.301,5568976.0,2026-05-28 02:00:00
1779937200000,1.301,1.303,1.273,1.279,36351145.0,2026-05-28 03:00:00
1779940800000,1.278,1.284,1.266,1.284,19407331.0,2026-05-28 04:00:00
1779944400000,1.284,1.285,1.276,1.283,6231366.0,2026-05-28 05:00:00
1779948000000,1.282,1.289,1.279,1.287,5793076.0,2026-05-28 06:00:00
1779951600000,1.287,1.293,1.286,1.293,6071479.0,2026-05-28 07:00:00
1779955200000,1.292,1.293,1.286,1.288,2881858.0,2026-05-28 08:00:00
1779958800000,1.288,1.293,1.286,1.291,2074542.0,2026-05-28 09:00:00
1779962400000,1.291,1.296,1.287,1.288,3757154.0,2026-05-28 10:00:00
1779966000000,1.288,1.29,1.285,1.286,3765758.0,2026-05-28 11:00:00
1779969600000,1.286,1.294,1.282,1.293,4848818.0,2026-05-28 12:00:00
1779973200000,1.294,1.299,1.288,1.295,8431215.0,2026-05-28 13:00:00
1779976800000,1.295,1.31,1.285,1.301,12362809.0,2026-05-28 14:00:00
1779980400000,1.3,1.314,1.293,1.312,7803120.0,2026-05-28 15:00:00
1779984000000,1.312,1.329,1.305,1.323,10691572.0,2026-05-28 16:00:00
1779987600000,1.323,1.329,1.317,1.325,5546525.0,2026-05-28 17:00:00
1779991200000,1.324,1.338,1.324,1.334,5585723.0,2026-05-28 18:00:00
1779994800000,1.333,1.334,1.314,1.316,4580121.0,2026-05-28 19:00:00
1779998400000,1.315,1.324,1.309,1.32,5688253.0,2026-05-28 20:00:00
1780002000000,1.32,1.323,1.315,1.319,3190825.0,2026-05-28 21:00:00
1780005600000,1.318,1.321,1.311,1.314,3897631.0,2026-05-28 22:00:00
1780009200000,1.314,1.318,1.312,1.315,3077546.0,2026-05-28 23:00:00
1780012800000,1.314,1.32,1.313,1.314,4120888.0,2026-05-29 00:00:00
1780016400000,1.314,1.317,1.307,1.309,3943868.0,2026-05-29 01:00:00
1780020000000,1.309,1.311,1.303,1.303,2812210.0,2026-05-29 02:00:00
1780023600000,1.303,1.314,1.303,1.312,2974474.0,2026-05-29 03:00:00
1780027200000,1.311,1.312,1.302,1.31,4100201.0,2026-05-29 04:00:00
1780030800000,1.309,1.315,1.307,1.314,3233681.0,2026-05-29 05:00:00
1780034400000,1.314,1.32,1.313,1.316,5267802.0,2026-05-29 06:00:00
1780038000000,1.315,1.318,1.309,1.316,4101660.0,2026-05-29 07:00:00
1780041600000,1.315,1.323,1.315,1.32,4955717.0,2026-05-29 08:00:00
1780045200000,1.321,1.327,1.319,1.323,3286244.0,2026-05-29 09:00:00
1780048800000,1.322,1.323,1.316,1.318,3050236.0,2026-05-29 10:00:00
1780052400000,1.317,1.318,1.306,1.311,7726017.0,2026-05-29 11:00:00
1780056000000,1.311,1.311,1.301,1.304,8339971.0,2026-05-29 12:00:00
1780059600000,1.303,1.305,1.296,1.301,10323677.0,2026-05-29 13:00:00
1780063200000,1.301,1.308,1.293,1.307,10546634.0,2026-05-29 14:00:00
1780066800000,1.306,1.333,1.303,1.321,16082496.0,2026-05-29 15:00:00
1780070400000,1.321,1.33,1.315,1.326,9826796.0,2026-05-29 16:00:00
1780074000000,1.326,1.332,1.323,1.323,6172220.0,2026-05-29 17:00:00
1780077600000,1.324,1.33,1.315,1.318,7154281.0,2026-05-29 18:00:00
1780081200000,1.318,1.323,1.309,1.32,5437570.0,2026-05-29 19:00:00
1780084800000,1.32,1.325,1.319,1.322,3129782.0,2026-05-29 20:00:00
1780088400000,1.322,1.326,1.315,1.315,2960772.0,2026-05-29 21:00:00
1780092000000,1.315,1.32,1.313,1.32,3216110.0,2026-05-29 22:00:00
1780095600000,1.32,1.33,1.318,1.328,4727222.0,2026-05-29 23:00:00
1780099200000,1.329,1.349,1.326,1.347,12313449.0,2026-05-30 00:00:00
1780102800000,1.348,1.365,1.342,1.356,21561296.0,2026-05-30 01:00:00
1780106400000,1.356,1.363,1.353,1.359,11035930.0,2026-05-30 02:00:00
1780110000000,1.36,1.362,1.349,1.35,7998340.0,2026-05-30 03:00:00
1780113600000,1.35,1.352,1.335,1.343,14840508.0,2026-05-30 04:00:00
1780117200000,1.342,1.351,1.341,1.347,10889723.0,2026-05-30 05:00:00
1780120800000,1.348,1.349,1.342,1.344,5550924.0,2026-05-30 06:00:00
1780124400000,1.344,1.346,1.339,1.342,3719265.0,2026-05-30 07:00:00
1780128000000,1.341,1.342,1.339,1.34,3292410.0,2026-05-30 08:00:00
1780131600000,1.339,1.345,1.339,1.343,4322609.0,2026-05-30 09:00:00
1780135200000,1.343,1.344,1.34,1.341,1882932.0,2026-05-30 10:00:00
1780138800000,1.341,1.343,1.336,1.34,4589967.0,2026-05-30 11:00:00
1780142400000,1.34,1.342,1.336,1.339,4975530.0,2026-05-30 12:00:00
1780146000000,1.339,1.341,1.336,1.34,3029797.0,2026-05-30 13:00:00
1780149600000,1.34,1.346,1.338,1.342,4972343.0,2026-05-30 14:00:00
1780153200000,1.341,1.345,1.338,1.342,4944246.0,2026-05-30 15:00:00
1780156800000,1.341,1.348,1.34,1.346,5084523.0,2026-05-30 16:00:00
1780160400000,1.347,1.352,1.343,1.351,5026089.0,2026-05-30 17:00:00
1780164000000,1.352,1.353,1.347,1.35,4190563.0,2026-05-30 18:00:00
1780167600000,1.351,1.351,1.344,1.347,3808567.0,2026-05-30 19:00:00
1780171200000,1.347,1.349,1.345,1.347,2017297.0,2026-05-30 20:00:00
1780174800000,1.347,1.351,1.345,1.349,2826962.0,2026-05-30 21:00:00
1780178400000,1.349,1.349,1.336,1.341,8926730.0,2026-05-30 22:00:00
1780182000000,1.341,1.343,1.337,1.34,3426910.0,2026-05-30 23:00:00
1780185600000,1.34,1.341,1.336,1.34,4863817.0,2026-05-31 00:00:00
1780189200000,1.339,1.343,1.339,1.341,3095821.0,2026-05-31 01:00:00
1780192800000,1.341,1.346,1.335,1.341,6648315.0,2026-05-31 02:00:00
1780196400000,1.341,1.345,1.34,1.343,2514483.0,2026-05-31 03:00:00
1780200000000,1.344,1.346,1.342,1.346,1459139.0,2026-05-31 04:00:00
1780203600000,1.345,1.346,1.341,1.342,2403872.0,2026-05-31 05:00:00
1780207200000,1.342,1.343,1.339,1.339,1563880.0,2026-05-31 06:00:00
1780210800000,1.34,1.34,1.331,1.334,6881716.0,2026-05-31 07:00:00
1780214400000,1.334,1.339,1.334,1.337,3591894.0,2026-05-31 08:00:00
1780218000000,1.338,1.342,1.335,1.338,2492847.0,2026-05-31 09:00:00
1780221600000,1.339,1.339,1.332,1.335,3168718.0,2026-05-31 10:00:00
1780225200000,1.335,1.343,1.335,1.341,3301834.0,2026-05-31 11:00:00
1780228800000,1.341,1.343,1.337,1.341,2478490.0,2026-05-31 12:00:00
1780232400000,1.341,1.347,1.34,1.342,4355939.0,2026-05-31 13:00:00
1780236000000,1.341,1.344,1.326,1.329,20034117.0,2026-05-31 14:00:00
1780239600000,1.329,1.334,1.327,1.33,3411971.0,2026-05-31 15:00:00
1780243200000,1.329,1.332,1.32,1.326,13635610.0,2026-05-31 16:00:00
1780246800000,1.327,1.331,1.326,1.329,2642200.0,2026-05-31 17:00:00
1780250400000,1.33,1.33,1.324,1.326,2402777.0,2026-05-31 18:00:00
1780254000000,1.327,1.327,1.319,1.325,4705021.0,2026-05-31 19:00:00
1780257600000,1.326,1.331,1.325,1.33,1780380.0,2026-05-31 20:00:00
1780261200000,1.33,1.334,1.328,1.334,3361471.0,2026-05-31 21:00:00
1780264800000,1.334,1.34,1.33,1.336,7266744.0,2026-05-31 22:00:00
1780268400000,1.336,1.342,1.326,1.331,7717942.0,2026-05-31 23:00:00
1780272000000,1.332,1.34,1.33,1.337,7998112.0,2026-06-01 00:00:00
1780275600000,1.337,1.338,1.32,1.32,8886450.0,2026-06-01 01:00:00
1780279200000,1.32,1.335,1.318,1.33,7716961.0,2026-06-01 02:00:00
1780282800000,1.33,1.335,1.328,1.33,3379796.0,2026-06-01 03:00:00
1780286400000,1.331,1.333,1.316,1.321,6125246.0,2026-06-01 04:00:00
1780290000000,1.321,1.322,1.314,1.316,4715724.0,2026-06-01 05:00:00
1780293600000,1.316,1.316,1.308,1.313,7924596.0,2026-06-01 06:00:00
1780297200000,1.313,1.314,1.302,1.302,7559538.0,2026-06-01 07:00:00
1780300800000,1.303,1.307,1.297,1.302,6470563.0,2026-06-01 08:00:00
1780304400000,1.301,1.309,1.301,1.303,4242970.0,2026-06-01 09:00:00
1780308000000,1.303,1.307,1.3,1.304,4021741.0,2026-06-01 10:00:00
1780311600000,1.304,1.307,1.3,1.302,3632919.0,2026-06-01 11:00:00
1780315200000,1.303,1.306,1.295,1.302,8535077.0,2026-06-01 12:00:00
1780318800000,1.302,1.303,1.285,1.289,17098123.0,2026-06-01 13:00:00
1780322400000,1.289,1.292,1.28,1.285,11900370.0,2026-06-01 14:00:00
1780326000000,1.285,1.29,1.278,1.281,9283491.0,2026-06-01 15:00:00
1780329600000,1.28,1.293,1.278,1.292,7940376.0,2026-06-01 16:00:00
1780333200000,1.293,1.304,1.292,1.299,8306132.0,2026-06-01 17:00:00
1780336800000,1.299,1.302,1.294,1.296,3589850.0,2026-06-01 18:00:00
1780340400000,1.295,1.301,1.293,1.299,1866830.0,2026-06-01 19:00:00
1780344000000,1.299,1.3,1.294,1.298,3967421.0,2026-06-01 20:00:00
1780347600000,1.297,1.298,1.29,1.291,3719179.0,2026-06-01 21:00:00
1780351200000,1.29,1.301,1.285,1.299,7260091.0,2026-06-01 22:00:00
1780354800000,1.299,1.301,1.292,1.297,4997744.0,2026-06-01 23:00:00
1780358400000,1.296,1.297,1.287,1.288,4911496.0,2026-06-02 00:00:00
1780362000000,1.288,1.29,1.278,1.278,6539231.0,2026-06-02 01:00:00
1780365600000,1.278,1.284,1.266,1.283,15814044.0,2026-06-02 02:00:00
1780369200000,1.284,1.288,1.281,1.287,4540303.0,2026-06-02 03:00:00
1780372800000,1.288,1.289,1.279,1.28,6458368.0,2026-06-02 04:00:00
1780376400000,1.28,1.28,1.265,1.266,10396566.0,2026-06-02 05:00:00
1780380000000,1.266,1.272,1.262,1.264,8340860.0,2026-06-02 06:00:00
1780383600000,1.265,1.271,1.257,1.267,9962835.0,2026-06-02 07:00:00
1780387200000,1.266,1.269,1.261,1.263,5254426.0,2026-06-02 08:00:00
1780390800000,1.264,1.265,1.256,1.258,6879041.0,2026-06-02 09:00:00
1780394400000,1.259,1.267,1.256,1.267,3414651.0,2026-06-02 10:00:00
1780398000000,1.266,1.266,1.258,1.259,4155310.0,2026-06-02 11:00:00
1780401600000,1.259,1.265,1.257,1.263,4210260.0,2026-06-02 12:00:00
1780405200000,1.262,1.268,1.258,1.261,6168330.0,2026-06-02 13:00:00
1780408800000,1.26,1.261,1.226,1.233,35747896.0,2026-06-02 14:00:00
1780412400000,1.234,1.236,1.215,1.221,25627676.0,2026-06-02 15:00:00
1780416000000,1.221,1.242,1.218,1.231,10209719.0,2026-06-02 16:00:00
1780419600000,1.231,1.243,1.23,1.235,5810126.0,2026-06-02 17:00:00
1780423200000,1.235,1.24,1.217,1.223,8617074.0,2026-06-02 18:00:00
1780426800000,1.223,1.23,1.205,1.221,15626153.0,2026-06-02 19:00:00
1780430400000,1.22,1.227,1.211,1.222,6726403.0,2026-06-02 20:00:00
1780434000000,1.223,1.231,1.219,1.226,4296748.0,2026-06-02 21:00:00
1780437600000,1.225,1.225,1.193,1.199,17899759.0,2026-06-02 22:00:00
1780441200000,1.2,1.212,1.195,1.211,11857066.0,2026-06-02 23:00:00
1780444800000,1.211,1.225,1.21,1.223,10628522.0,2026-06-03 00:00:00
1780448400000,1.223,1.231,1.217,1.222,6153168.0,2026-06-03 01:00:00
1780452000000,1.222,1.224,1.216,1.22,4298915.0,2026-06-03 02:00:00
1780455600000,1.219,1.223,1.188,1.197,15434083.0,2026-06-03 03:00:00
1780459200000,1.197,1.218,1.196,1.218,10524340.0,2026-06-03 04:00:00
1780462800000,1.217,1.234,1.217,1.231,11501644.0,2026-06-03 05:00:00
1780466400000,1.231,1.246,1.23,1.237,11876081.0,2026-06-03 06:00:00
1780470000000,1.238,1.248,1.236,1.242,5819539.0,2026-06-03 07:00:00
1780473600000,1.242,1.245,1.237,1.241,7867950.0,2026-06-03 08:00:00
1780477200000,1.242,1.245,1.234,1.237,7840557.0,2026-06-03 09:00:00
1780480800000,1.238,1.244,1.237,1.241,4254492.0,2026-06-03 10:00:00
1780484400000,1.24,1.244,1.233,1.236,5715342.0,2026-06-03 11:00:00
1780488000000,1.236,1.237,1.23,1.235,6597939.0,2026-06-03 12:00:00
1780491600000,1.234,1.237,1.225,1.23,8149017.0,2026-06-03 13:00:00
1780495200000,1.23,1.233,1.221,1.23,9516280.0,2026-06-03 14:00:00
1780498800000,1.23,1.231,1.22,1.224,9102006.0,2026-06-03 15:00:00
1780502400000,1.224,1.228,1.208,1.222,17071522.0,2026-06-03 16:00:00
1780506000000,1.222,1.228,1.212,1.22,8022446.0,2026-06-03 17:00:00
1780509600000,1.221,1.224,1.211,1.217,7344381.0,2026-06-03 18:00:00
1780513200000,1.217,1.219,1.201,1.204,12965299.0,2026-06-03 19:00:00
1780516800000,1.203,1.208,1.185,1.193,18757484.0,2026-06-03 20:00:00
1780520400000,1.193,1.219,1.19,1.218,8550588.0,2026-06-03 21:00:00
1780524000000,1.217,1.219,1.203,1.205,10623148.0,2026-06-03 22:00:00
1780527600000,1.205,1.207,1.197,1.201,5635940.0,2026-06-03 23:00:00
1780531200000,1.2,1.207,1.185,1.192,14397908.0,2026-06-04 00:00:00
1780534800000,1.193,1.196,1.155,1.161,28493945.0,2026-06-04 01:00:00
1780538400000,1.161,1.186,1.14,1.18,29852950.0,2026-06-04 02:00:00
1780542000000,1.18,1.21,1.18,1.208,13985875.0,2026-06-04 03:00:00
1780545600000,1.208,1.211,1.199,1.2,11690953.0,2026-06-04 04:00:00
1780549200000,1.2,1.201,1.183,1.188,8960230.0,2026-06-04 05:00:00
1780552800000,1.187,1.2,1.185,1.189,6581661.0,2026-06-04 06:00:00
1780556400000,1.189,1.19,1.166,1.166,10586137.0,2026-06-04 07:00:00
1780560000000,1.166,1.172,1.16,1.166,10399654.0,2026-06-04 08:00:00
1780563600000,1.166,1.168,1.144,1.161,14547798.0,2026-06-04 09:00:00
1780567200000,1.161,1.162,1.142,1.148,11536114.0,2026-06-04 10:00:00
1780570800000,1.147,1.158,1.14,1.155,8905931.0,2026-06-04 11:00:00
1780574400000,1.155,1.181,1.149,1.178,15401190.0,2026-06-04 12:00:00
1780578000000,1.179,1.183,1.161,1.178,12548311.0,2026-06-04 13:00:00
1780581600000,1.179,1.182,1.166,1.172,7754041.0,2026-06-04 14:00:00
1780585200000,1.171,1.182,1.164,1.167,5826833.0,2026-06-04 15:00:00
1780588800000,1.167,1.173,1.159,1.169,5445846.0,2026-06-04 16:00:00
1780592400000,1.169,1.175,1.158,1.168,7257824.0,2026-06-04 17:00:00
1780596000000,1.169,1.182,1.162,1.179,6117000.0,2026-06-04 18:00:00
1780599600000,1.179,1.184,1.171,1.174,3847882.0,2026-06-04 19:00:00
1780603200000,1.174,1.177,1.165,1.175,2815834.0,2026-06-04 20:00:00
1780606800000,1.175,1.178,1.155,1.158,5214791.0,2026-06-04 21:00:00
1780610400000,1.157,1.169,1.153,1.168,10688783.0,2026-06-04 22:00:00
1780614000000,1.168,1.171,1.157,1.168,6349036.0,2026-06-04 23:00:00
1780617600000,1.167,1.174,1.159,1.161,5646968.0,2026-06-05 00:00:00
1780621200000,1.16,1.161,1.15,1.156,8544584.0,2026-06-05 01:00:00
1780624800000,1.156,1.157,1.133,1.134,10140547.0,2026-06-05 02:00:00
1780628400000,1.134,1.147,1.131,1.134,12212781.0,2026-06-05 03:00:00
1780632000000,1.134,1.148,1.129,1.147,13887581.0,2026-06-05 04:00:00
1780635600000,1.147,1.149,1.119,1.119,18457324.0,2026-06-05 05:00:00
1780639200000,1.12,1.126,1.09,1.117,39084431.0,2026-06-05 06:00:00
1780642800000,1.118,1.138,1.103,1.135,15609010.0,2026-06-05 07:00:00
1780646400000,1.136,1.136,1.115,1.118,7890790.0,2026-06-05 08:00:00
1780650000000,1.118,1.14,1.117,1.14,13610492.0,2026-06-05 09:00:00
1780653600000,1.14,1.146,1.13,1.136,6800467.0,2026-06-05 10:00:00
1780657200000,1.135,1.135,1.117,1.118,9936348.0,2026-06-05 11:00:00
1780660800000,1.118,1.125,1.109,1.118,13394787.0,2026-06-05 12:00:00
1780664400000,1.119,1.138,1.1,1.102,20584199.0,2026-06-05 13:00:00
1780668000000,1.101,1.118,1.096,1.106,18054590.0,2026-06-05 14:00:00
1780671600000,1.106,1.109,1.091,1.099,24872396.0,2026-06-05 15:00:00
1780675200000,1.099,1.123,1.083,1.119,35439700.0,2026-06-05 16:00:00
1780678800000,1.119,1.122,1.099,1.108,10133619.0,2026-06-05 17:00:00
1780682400000,1.108,1.113,1.079,1.083,16075647.0,2026-06-05 18:00:00
1780686000000,1.083,1.104,1.068,1.098,23234130.0,2026-06-05 19:00:00
1780689600000,1.097,1.118,1.084,1.115,16047736.0,2026-06-05 20:00:00
1780693200000,1.114,1.12,1.11,1.111,7939126.0,2026-06-05 21:00:00
1780696800000,1.111,1.111,1.095,1.106,11177330.0,2026-06-05 22:00:00
1780700400000,1.106,1.115,1.086,1.097,16851646.0,2026-06-05 23:00:00
1780704000000,1.096,1.112,1.096,1.11,9656673.0,2026-06-06 00:00:00
1780707600000,1.109,1.114,1.099,1.101,5204794.0,2026-06-06 01:00:00
1780711200000,1.1,1.102,1.09,1.095,6921775.0,2026-06-06 02:00:00
1780714800000,1.094,1.095,1.082,1.084,11167807.0,2026-06-06 03:00:00
1780718400000,1.085,1.09,1.05,1.056,30648419.0,2026-06-06 04:00:00
1780722000000,1.057,1.09,1.048,1.088,37191140.0,2026-06-06 05:00:00
1780725600000,1.088,1.1,1.08,1.082,16104653.0,2026-06-06 06:00:00
1780729200000,1.081,1.098,1.08,1.091,9767212.0,2026-06-06 07:00:00
1780732800000,1.092,1.104,1.089,1.098,7226088.0,2026-06-06 08:00:00
1780736400000,1.098,1.103,1.087,1.091,8156457.0,2026-06-06 09:00:00
1780740000000,1.09,1.091,1.071,1.08,12933073.0,2026-06-06 10:00:00
1780743600000,1.08,1.089,1.078,1.086,5242830.0,2026-06-06 11:00:00
1780747200000,1.087,1.098,1.079,1.095,8639077.0,2026-06-06 12:00:00
1780750800000,1.096,1.102,1.091,1.097,6196578.0,2026-06-06 13:00:00
1780754400000,1.098,1.109,1.096,1.102,9296432.0,2026-06-06 14:00:00
1780758000000,1.102,1.103,1.085,1.095,11595239.0,2026-06-06 15:00:00
1780761600000,1.095,1.101,1.086,1.094,8915735.0,2026-06-06 16:00:00
1780765200000,1.095,1.097,1.079,1.081,9827054.0,2026-06-06 17:00:00
1780768800000,1.082,1.087,1.077,1.083,9053345.0,2026-06-06 18:00:00
1780772400000,1.083,1.089,1.079,1.079,4270234.0,2026-06-06 19:00:00
1780776000000,1.08,1.085,1.076,1.083,5752956.0,2026-06-06 20:00:00
1780779600000,1.083,1.094,1.083,1.086,6797378.0,2026-06-06 21:00:00
1780783200000,1.087,1.089,1.08,1.085,6119179.0,2026-06-06 22:00:00
1780786800000,1.086,1.094,1.084,1.093,3356234.0,2026-06-06 23:00:00
1780790400000,1.092,1.097,1.088,1.089,3548485.0,2026-06-07 00:00:00
1780794000000,1.088,1.12,1.087,1.116,14781920.0,2026-06-07 01:00:00
1780797600000,1.115,1.123,1.106,1.119,6290762.0,2026-06-07 02:00:00
1780801200000,1.119,1.124,1.114,1.117,5542811.0,2026-06-07 03:00:00
1780804800000,1.118,1.122,1.109,1.121,5271689.0,2026-06-07 04:00:00
1780808400000,1.121,1.126,1.118,1.119,5697792.0,2026-06-07 05:00:00
1780812000000,1.119,1.129,1.115,1.125,5588353.0,2026-06-07 06:00:00
1780815600000,1.124,1.136,1.121,1.135,8347421.0,2026-06-07 07:00:00
1780819200000,1.136,1.155,1.129,1.154,12791063.0,2026-06-07 08:00:00
1780822800000,1.154,1.169,1.144,1.144,27536840.0,2026-06-07 09:00:00
1780826400000,1.145,1.147,1.131,1.134,9945468.0,2026-06-07 10:00:00
1780830000000,1.135,1.14,1.131,1.139,7388215.0,2026-06-07 11:00:00
1780833600000,1.138,1.139,1.117,1.122,16600595.0,2026-06-07 12:00:00
1780837200000,1.123,1.124,1.119,1.121,5356645.0,2026-06-07 13:00:00
1780840800000,1.122,1.136,1.121,1.132,6184508.0,2026-06-07 14:00:00
1780844400000,1.133,1.136,1.127,1.133,3997748.0,2026-06-07 15:00:00
1780848000000,1.132,1.139,1.129,1.136,3896835.0,2026-06-07 16:00:00
1780851600000,1.136,1.145,1.135,1.143,5228911.0,2026-06-07 17:00:00
1780855200000,1.143,1.151,1.139,1.14,4551273.0,2026-06-07 18:00:00
1780858800000,1.14,1.141,1.119,1.124,15768400.0,2026-06-07 19:00:00
1780862400000,1.123,1.136,1.12,1.132,5987934.0,2026-06-07 20:00:00
1780866000000,1.131,1.133,1.124,1.13,4183860.0,2026-06-07 21:00:00
1780869600000,1.13,1.171,1.127,1.152,30354706.0,2026-06-07 22:00:00
1780873200000,1.152,1.159,1.149,1.155,6751816.0,2026-06-07 23:00:00
1780876800000,1.155,1.167,1.147,1.162,7898228.0,2026-06-08 00:00:00
1780880400000,1.162,1.164,1.141,1.156,7581200.0,2026-06-08 01:00:00
1780884000000,1.156,1.161,1.151,1.156,3778306.0,2026-06-08 02:00:00
1780887600000,1.156,1.161,1.148,1.15,3718031.0,2026-06-08 03:00:00
1780891200000,1.151,1.152,1.138,1.139,4769453.0,2026-06-08 04:00:00
1780894800000,1.14,1.143,1.131,1.136,5561467.0,2026-06-08 05:00:00
1780898400000,1.136,1.143,1.135,1.14,4653556.0,2026-06-08 06:00:00
1780902000000,1.14,1.15,1.136,1.147,4394686.0,2026-06-08 07:00:00
1780905600000,1.146,1.147,1.135,1.139,3410734.0,2026-06-08 08:00:00
1780909200000,1.138,1.149,1.138,1.149,5650956.0,2026-06-08 09:00:00
1780912800000,1.149,1.152,1.142,1.143,5360208.0,2026-06-08 10:00:00
1780916400000,1.143,1.165,1.142,1.156,7984962.0,2026-06-08 11:00:00
1780920000000,1.157,1.17,1.145,1.169,9940495.0,2026-06-08 12:00:00
1780923600000,1.169,1.17,1.154,1.162,9956685.0,2026-06-08 13:00:00
1780927200000,1.162,1.175,1.156,1.171,6780478.0,2026-06-08 14:00:00
1780930800000,1.172,1.184,1.167,1.169,9284339.0,2026-06-08 15:00:00
1780934400000,1.169,1.177,1.163,1.164,4051686.0,2026-06-08 16:00:00
1780938000000,1.164,1.172,1.157,1.172,5400526.0,2026-06-08 17:00:00
1780941600000,1.172,1.179,1.17,1.174,5735747.0,2026-06-08 18:00:00
1780945200000,1.173,1.186,1.172,1.179,8709347.0,2026-06-08 19:00:00
1780948800000,1.179,1.181,1.167,1.176,5819734.0,2026-06-08 20:00:00
1780952400000,1.177,1.185,1.176,1.179,5425387.0,2026-06-08 21:00:00
1780956000000,1.179,1.179,1.17,1.177,5875765.0,2026-06-08 22:00:00
1780959600000,1.176,1.181,1.165,1.167,3935134.0,2026-06-08 23:00:00
1780963200000,1.167,1.171,1.15,1.152,14313641.0,2026-06-09 00:00:00
1780966800000,1.151,1.157,1.148,1.151,6084718.0,2026-06-09 01:00:00
1780970400000,1.15,1.154,1.142,1.152,4726417.0,2026-06-09 02:00:00
1780974000000,1.152,1.156,1.149,1.154,3331532.0,2026-06-09 03:00:00
1780977600000,1.153,1.172,1.149,1.165,10452667.0,2026-06-09 04:00:00
1780981200000,1.166,1.176,1.161,1.172,4573302.0,2026-06-09 05:00:00
1780984800000,1.173,1.176,1.17,1.172,4392403.0,2026-06-09 06:00:00
1780988400000,1.172,1.176,1.165,1.17,5813701.0,2026-06-09 07:00:00
1780992000000,1.17,1.171,1.163,1.166,5458025.0,2026-06-09 08:00:00
1780995600000,1.166,1.17,1.157,1.158,4985827.0,2026-06-09 09:00:00
1780999200000,1.158,1.161,1.154,1.158,5262419.0,2026-06-09 10:00:00
1781002800000,1.159,1.159,1.151,1.155,2974187.0,2026-06-09 11:00:00
1781006400000,1.154,1.163,1.153,1.162,5891686.0,2026-06-09 12:00:00
1781010000000,1.162,1.166,1.153,1.156,6980258.0,2026-06-09 13:00:00
1781013600000,1.156,1.16,1.129,1.137,20886121.0,2026-06-09 14:00:00
1781017200000,1.137,1.142,1.126,1.126,17136262.0,2026-06-09 15:00:00
1781020800000,1.126,1.131,1.118,1.128,18499043.0,2026-06-09 16:00:00
1781024400000,1.127,1.147,1.127,1.137,12866539.0,2026-06-09 17:00:00
1781028000000,1.137,1.146,1.135,1.138,6535593.0,2026-06-09 18:00:00
1781031600000,1.138,1.145,1.135,1.139,7171223.0,2026-06-09 19:00:00
1781035200000,1.139,1.145,1.138,1.143,4109027.0,2026-06-09 20:00:00
1781038800000,1.143,1.144,1.134,1.136,4987673.0,2026-06-09 21:00:00
1781042400000,1.136,1.141,1.132,1.135,3799910.0,2026-06-09 22:00:00
1781046000000,1.135,1.139,1.133,1.136,3302968.0,2026-06-09 23:00:00
1781049600000,1.137,1.141,1.126,1.137,5264638.0,2026-06-10 00:00:00
1781053200000,1.137,1.137,1.126,1.129,4954089.0,2026-06-10 01:00:00
1781056800000,1.129,1.131,1.114,1.117,7173021.0,2026-06-10 02:00:00
1781060400000,1.116,1.123,1.116,1.119,3677766.0,2026-06-10 03:00:00
1781064000000,1.118,1.122,1.112,1.116,3725997.0,2026-06-10 04:00:00
1781067600000,1.116,1.117,1.108,1.112,4603155.0,2026-06-10 05:00:00
1781071200000,1.112,1.114,1.105,1.11,4573575.0,2026-06-10 06:00:00
1781074800000,1.11,1.119,1.11,1.115,4648949.0,2026-06-10 07:00:00
1781078400000,1.115,1.116,1.104,1.106,10603966.0,2026-06-10 08:00:00
1781082000000,1.107,1.11,1.1,1.108,7290510.0,2026-06-10 09:00:00
1781085600000,1.109,1.111,1.104,1.109,3720473.0,2026-06-10 10:00:00
1781089200000,1.11,1.111,1.1,1.103,11523939.0,2026-06-10 11:00:00
1781092800000,1.103,1.124,1.101,1.116,14207377.0,2026-06-10 12:00:00
1781096400000,1.116,1.137,1.115,1.129,14438125.0,2026-06-10 13:00:00
1781100000000,1.13,1.13,1.116,1.124,8411447.0,2026-06-10 14:00:00
1781103600000,1.124,1.133,1.117,1.127,9699369.0,2026-06-10 15:00:00
1781107200000,1.128,1.129,1.107,1.114,8941688.0,2026-06-10 16:00:00
1781110800000,1.114,1.118,1.102,1.11,6843537.0,2026-06-10 17:00:00
1781114400000,1.109,1.11,1.098,1.106,6428735.0,2026-06-10 18:00:00
1781118000000,1.106,1.107,1.094,1.097,7044827.0,2026-06-10 19:00:00
1781121600000,1.097,1.103,1.093,1.098,5007273.0,2026-06-10 20:00:00
1781125200000,1.098,1.098,1.087,1.091,5848317.0,2026-06-10 21:00:00
1781128800000,1.092,1.099,1.089,1.094,6245785.0,2026-06-10 22:00:00
1781132400000,1.093,1.099,1.088,1.096,4828737.0,2026-06-10 23:00:00
1781136000000,1.096,1.103,1.095,1.101,5104576.0,2026-06-11 00:00:00
1781139600000,1.1,1.12,1.1,1.115,13772269.0,2026-06-11 01:00:00
1781143200000,1.115,1.117,1.104,1.108,3704714.0,2026-06-11 02:00:00
1781146800000,1.108,1.122,1.105,1.118,7814376.0,2026-06-11 03:00:00
1781150400000,1.118,1.121,1.113,1.118,4723226.0,2026-06-11 04:00:00
1781154000000,1.118,1.119,1.113,1.114,2782737.0,2026-06-11 05:00:00
1781157600000,1.113,1.121,1.111,1.114,4915457.0,2026-06-11 06:00:00
1781161200000,1.113,1.117,1.111,1.114,2591398.0,2026-06-11 07:00:00
1781164800000,1.114,1.123,1.114,1.12,4006474.0,2026-06-11 08:00:00
1781168400000,1.121,1.121,1.115,1.117,2894473.0,2026-06-11 09:00:00
1781172000000,1.116,1.125,1.113,1.12,14677793.0,2026-06-11 10:00:00
1781175600000,1.121,1.125,1.118,1.121,4256872.0,2026-06-11 11:00:00
1781179200000,1.121,1.122,1.107,1.113,12086529.0,2026-06-11 12:00:00
1781182800000,1.113,1.12,1.107,1.116,6027164.0,2026-06-11 13:00:00
1781186400000,1.116,1.118,1.11,1.112,3934006.0,2026-06-11 14:00:00
1781190000000,1.112,1.118,1.106,1.112,7787544.0,2026-06-11 15:00:00
1781193600000,1.112,1.115,1.105,1.108,4459635.0,2026-06-11 16:00:00
1781197200000,1.107,1.143,1.103,1.139,20460597.0,2026-06-11 17:00:00
1781200800000,1.138,1.145,1.132,1.136,8202684.0,2026-06-11 18:00:00
1781204400000,1.136,1.15,1.133,1.143,7189028.0,2026-06-11 19:00:00
1781208000000,1.143,1.143,1.131,1.135,7151298.0,2026-06-11 20:00:00
1781211600000,1.135,1.142,1.134,1.14,4137805.0,2026-06-11 21:00:00
1781215200000,1.14,1.146,1.138,1.142,4903550.0,2026-06-11 22:00:00
1781218800000,1.142,1.144,1.137,1.142,4859070.0,2026-06-11 23:00:00
1781222400000,1.142,1.145,1.137,1.141,4098865.0,2026-06-12 00:00:00
1781226000000,1.142,1.142,1.134,1.139,3023886.0,2026-06-12 01:00:00
1781229600000,1.139,1.149,1.138,1.145,2991604.0,2026-06-12 02:00:00
1781233200000,1.146,1.146,1.139,1.143,2729946.0,2026-06-12 03:00:00
1781236800000,1.144,1.15,1.141,1.145,3724627.0,2026-06-12 04:00:00
1781240400000,1.146,1.146,1.137,1.139,3673320.0,2026-06-12 05:00:00
1781244000000,1.139,1.141,1.126,1.128,7773768.0,2026-06-12 06:00:00
1781247600000,1.128,1.136,1.128,1.133,4725020.0,2026-06-12 07:00:00
1781251200000,1.133,1.144,1.132,1.141,5826790.0,2026-06-12 08:00:00
1781254800000,1.142,1.151,1.138,1.145,5461014.0,2026-06-12 09:00:00
1781258400000,1.146,1.148,1.139,1.142,3011479.0,2026-06-12 10:00:00
1781262000000,1.142,1.145,1.139,1.141,2192557.0,2026-06-12 11:00:00
1781265600000,1.141,1.142,1.133,1.135,4863693.0,2026-06-12 12:00:00
1781269200000,1.135,1.136,1.125,1.13,9642705.0,2026-06-12 13:00:00
1781272800000,1.129,1.151,1.128,1.147,11981077.0,2026-06-12 14:00:00
1781276400000,1.148,1.157,1.126,1.128,15755881.0,2026-06-12 15:00:00
1781280000000,1.128,1.136,1.125,1.135,10447215.0,2026-06-12 16:00:00
1781283600000,1.134,1.139,1.129,1.132,4291559.0,2026-06-12 17:00:00
1781287200000,1.132,1.134,1.127,1.13,3581900.0,2026-06-12 18:00:00
1781290800000,1.13,1.136,1.129,1.131,3556038.0,2026-06-12 19:00:00
1781294400000,1.13,1.135,1.129,1.132,3402414.0,2026-06-12 20:00:00
1781298000000,1.132,1.134,1.128,1.129,2405906.0,2026-06-12 21:00:00
1781301600000,1.129,1.131,1.126,1.13,2987838.0,2026-06-12 22:00:00
1781305200000,1.13,1.132,1.127,1.132,1816531.0,2026-06-12 23:00:00
1781308800000,1.131,1.135,1.13,1.133,2790268.0,2026-06-13 00:00:00
1781312400000,1.133,1.14,1.133,1.139,3870258.0,2026-06-13 01:00:00
1781316000000,1.138,1.139,1.132,1.134,2994878.0,2026-06-13 02:00:00
1781319600000,1.133,1.136,1.13,1.132,2786512.0,2026-06-13 03:00:00
1781323200000,1.133,1.137,1.131,1.132,2088865.0,2026-06-13 04:00:00
1781326800000,1.132,1.133,1.128,1.131,2239780.0,2026-06-13 05:00:00
1781330400000,1.131,1.138,1.13,1.136,2249627.0,2026-06-13 06:00:00
1781334000000,1.136,1.144,1.134,1.14,9839916.0,2026-06-13 07:00:00
1781337600000,1.14,1.146,1.139,1.143,4918172.0,2026-06-13 08:00:00
1781341200000,1.142,1.145,1.141,1.143,2315962.0,2026-06-13 09:00:00
1781344800000,1.143,1.146,1.141,1.144,2083699.0,2026-06-13 10:00:00
1781348400000,1.144,1.149,1.143,1.148,3042249.0,2026-06-13 11:00:00
1781352000000,1.148,1.155,1.145,1.153,4286678.0,2026-06-13 12:00:00
1781355600000,1.153,1.154,1.149,1.15,5627042.0,2026-06-13 13:00:00
1781359200000,1.15,1.157,1.15,1.154,3236575.0,2026-06-13 14:00:00
1781362800000,1.155,1.16,1.151,1.156,4528523.0,2026-06-13 15:00:00
1781366400000,1.155,1.156,1.143,1.147,8845405.0,2026-06-13 16:00:00
1781370000000,1.147,1.149,1.141,1.144,5183022.0,2026-06-13 17:00:00
1781373600000,1.144,1.148,1.143,1.146,2613697.0,2026-06-13 18:00:00
1781377200000,1.146,1.148,1.143,1.147,1936717.0,2026-06-13 19:00:00
1781380800000,1.147,1.147,1.144,1.145,1415885.0,2026-06-13 20:00:00
1781384400000,1.145,1.156,1.143,1.151,5172009.0,2026-06-13 21:00:00
1781388000000,1.152,1.153,1.148,1.148,3372136.0,2026-06-13 22:00:00
1781391600000,1.149,1.152,1.148,1.149,1336635.0,2026-06-13 23:00:00
1781395200000,1.15,1.15,1.147,1.149,2819055.0,2026-06-14 00:00:00
1781398800000,1.148,1.156,1.147,1.151,2992630.0,2026-06-14 01:00:00
1781402400000,1.152,1.155,1.15,1.15,1665576.0,2026-06-14 02:00:00
1781406000000,1.151,1.154,1.149,1.152,2500036.0,2026-06-14 03:00:00
1781409600000,1.152,1.154,1.145,1.147,2698898.0,2026-06-14 04:00:00
1781413200000,1.147,1.15,1.143,1.146,3541446.0,2026-06-14 05:00:00
1781416800000,1.147,1.153,1.144,1.146,4452854.0,2026-06-14 06:00:00
1781420400000,1.145,1.146,1.141,1.146,4988932.0,2026-06-14 07:00:00
1781424000000,1.146,1.147,1.143,1.145,3533440.0,2026-06-14 08:00:00
1781427600000,1.145,1.148,1.14,1.148,3106914.0,2026-06-14 09:00:00
1781431200000,1.148,1.148,1.142,1.143,1616564.0,2026-06-14 10:00:00
1781434800000,1.142,1.145,1.14,1.143,2825237.0,2026-06-14 11:00:00
1781438400000,1.142,1.144,1.136,1.137,2282212.0,2026-06-14 12:00:00
1781442000000,1.136,1.139,1.132,1.134,5876452.0,2026-06-14 13:00:00
1781445600000,1.134,1.136,1.125,1.131,7815731.0,2026-06-14 14:00:00
1781449200000,1.131,1.135,1.13,1.133,4314048.0,2026-06-14 15:00:00
1781452800000,1.133,1.138,1.133,1.136,3813824.0,2026-06-14 16:00:00
1781456400000,1.136,1.138,1.131,1.133,3207919.0,2026-06-14 17:00:00
1781460000000,1.133,1.135,1.129,1.132,3361259.0,2026-06-14 18:00:00
1781463600000,1.131,1.135,1.129,1.132,2484672.0,2026-06-14 19:00:00
1781467200000,1.132,1.14,1.131,1.137,2985157.0,2026-06-14 20:00:00
1781470800000,1.137,1.175,1.136,1.167,21780204.0,2026-06-14 21:00:00
1781474400000,1.168,1.177,1.161,1.172,12812789.0,2026-06-14 22:00:00
1781478000000,1.173,1.187,1.167,1.185,8909167.0,2026-06-14 23:00:00
1781481600000,1.184,1.188,1.179,1.183,7603117.0,2026-06-15 00:00:00
1781485200000,1.184,1.191,1.177,1.181,6607561.0,2026-06-15 01:00:00
1781488800000,1.182,1.193,1.179,1.182,5130625.0,2026-06-15 02:00:00
1781492400000,1.182,1.191,1.18,1.185,4982917.0,2026-06-15 03:00:00
1781496000000,1.186,1.188,1.181,1.182,2634577.0,2026-06-15 04:00:00
1781499600000,1.182,1.187,1.18,1.183,5484532.0,2026-06-15 05:00:00
1781503200000,1.182,1.186,1.18,1.181,4471897.0,2026-06-15 06:00:00
1781506800000,1.182,1.186,1.178,1.181,4763309.0,2026-06-15 07:00:00
1781510400000,1.181,1.183,1.178,1.18,3408788.0,2026-06-15 08:00:00
1781514000000,1.18,1.187,1.178,1.184,5730129.0,2026-06-15 09:00:00
1781517600000,1.184,1.199,1.183,1.198,9072214.0,2026-06-15 10:00:00
1781521200000,1.198,1.233,1.194,1.232,32474360.0,2026-06-15 11:00:00
1781524800000,1.231,1.248,1.225,1.237,24275214.0,2026-06-15 12:00:00
1781528400000,1.238,1.249,1.232,1.238,21097061.0,2026-06-15 13:00:00
1781532000000,1.238,1.247,1.233,1.243,11359022.0,2026-06-15 14:00:00
1781535600000,1.243,1.27,1.243,1.268,25072736.0,2026-06-15 15:00:00
1781539200000,1.268,1.292,1.257,1.279,29221961.0,2026-06-15 16:00:00
1781542800000,1.279,1.287,1.268,1.282,18566688.0,2026-06-15 17:00:00
1781546400000,1.282,1.288,1.273,1.28,8480766.0,2026-06-15 18:00:00
1781550000000,1.281,1.291,1.266,1.275,17653109.0,2026-06-15 19:00:00
1781553600000,1.275,1.278,1.262,1.264,9176864.0,2026-06-15 20:00:00
1781557200000,1.264,1.265,1.248,1.25,12653265.0,2026-06-15 21:00:00
1781560800000,1.25,1.255,1.236,1.24,11265048.0,2026-06-15 22:00:00
1781564400000,1.239,1.242,1.232,1.238,6805320.0,2026-06-15 23:00:00
1781568000000,1.238,1.242,1.232,1.233,7714732.0,2026-06-16 00:00:00
1781571600000,1.233,1.238,1.227,1.228,5103611.0,2026-06-16 01:00:00
1781575200000,1.227,1.229,1.213,1.218,10342111.0,2026-06-16 02:00:00
1781578800000,1.217,1.227,1.215,1.226,5787495.0,2026-06-16 03:00:00
1781582400000,1.226,1.23,1.22,1.221,5116332.0,2026-06-16 04:00:00
1781586000000,1.221,1.227,1.221,1.224,4049367.0,2026-06-16 05:00:00
1781589600000,1.224,1.236,1.224,1.234,6775902.0,2026-06-16 06:00:00
1781593200000,1.234,1.238,1.228,1.234,4314712.0,2026-06-16 07:00:00
1781596800000,1.234,1.251,1.231,1.246,7890965.0,2026-06-16 08:00:00
1781600400000,1.246,1.247,1.235,1.238,5621663.0,2026-06-16 09:00:00
1781604000000,1.238,1.242,1.235,1.238,4179644.0,2026-06-16 10:00:00
1781607600000,1.238,1.242,1.232,1.237,5286778.0,2026-06-16 11:00:00
1781611200000,1.236,1.255,1.235,1.244,7324267.0,2026-06-16 12:00:00
1781614800000,1.243,1.245,1.223,1.225,13521460.0,2026-06-16 13:00:00
1781618400000,1.225,1.23,1.204,1.209,19576888.0,2026-06-16 14:00:00
1781622000000,1.209,1.217,1.206,1.209,8688938.0,2026-06-16 15:00:00
1781625600000,1.208,1.214,1.207,1.212,4432423.0,2026-06-16 16:00:00
1781629200000,1.212,1.222,1.21,1.22,8665417.0,2026-06-16 17:00:00
1781632800000,1.22,1.23,1.219,1.226,6381589.0,2026-06-16 18:00:00
1781636400000,1.226,1.226,1.216,1.219,5534371.0,2026-06-16 19:00:00
1781640000000,1.219,1.224,1.215,1.222,3304113.0,2026-06-16 20:00:00
1781643600000,1.222,1.225,1.214,1.218,4617254.0,2026-06-16 21:00:00
1781647200000,1.219,1.221,1.215,1.22,2543471.0,2026-06-16 22:00:00
1781650800000,1.22,1.223,1.215,1.217,2158717.0,2026-06-16 23:00:00
1781654400000,1.216,1.219,1.212,1.214,3626421.0,2026-06-17 00:00:00
1781658000000,1.215,1.222,1.207,1.22,4335994.0,2026-06-17 01:00:00
1781661600000,1.221,1.227,1.214,1.219,3590036.0,2026-06-17 02:00:00
1781665200000,1.219,1.219,1.211,1.215,3844858.0,2026-06-17 03:00:00
1781668800000,1.216,1.221,1.213,1.217,3600602.0,2026-06-17 04:00:00
1781672400000,1.216,1.222,1.213,1.216,2707535.0,2026-06-17 05:00:00
1781676000000,1.217,1.22,1.208,1.21,4603723.0,2026-06-17 06:00:00
1781679600000,1.21,1.215,1.204,1.209,8287742.0,2026-06-17 07:00:00
1781683200000,1.209,1.21,1.194,1.195,12075064.0,2026-06-17 08:00:00
1781686800000,1.195,1.199,1.193,1.197,4664151.0,2026-06-17 09:00:00
1781690400000,1.197,1.198,1.193,1.195,5129101.0,2026-06-17 10:00:00
1781694000000,1.196,1.197,1.187,1.191,9407198.0,2026-06-17 11:00:00
1781697600000,1.192,1.198,1.188,1.196,6368723.0,2026-06-17 12:00:00
1781701200000,1.196,1.206,1.195,1.2,7793502.0,2026-06-17 13:00:00
1781704800000,1.199,1.203,1.187,1.193,7825989.0,2026-06-17 14:00:00
1781708400000,1.194,1.213,1.192,1.213,6483260.0,2026-06-17 15:00:00
1781712000000,1.212,1.224,1.21,1.211,8034367.0,2026-06-17 16:00:00
1781715600000,1.212,1.218,1.207,1.217,5506270.0,2026-06-17 17:00:00
1781719200000,1.216,1.219,1.192,1.208,22568008.0,2026-06-17 18:00:00
1781722800000,1.208,1.212,1.175,1.179,23688511.0,2026-06-17 19:00:00
1781726400000,1.179,1.19,1.177,1.189,7210222.0,2026-06-17 20:00:00
1781730000000,1.189,1.19,1.178,1.182,5869742.0,2026-06-17 21:00:00
1781733600000,1.181,1.188,1.17,1.183,7222595.0,2026-06-17 22:00:00
1781737200000,1.184,1.188,1.182,1.185,2501090.0,2026-06-17 23:00:00
1781740800000,1.185,1.191,1.184,1.186,2815065.0,2026-06-18 00:00:00
1781744400000,1.187,1.192,1.184,1.187,3269002.0,2026-06-18 01:00:00
1781748000000,1.187,1.191,1.187,1.188,2612743.0,2026-06-18 02:00:00
1781751600000,1.189,1.189,1.177,1.177,5428392.0,2026-06-18 03:00:00
1781755200000,1.178,1.178,1.166,1.169,8499131.0,2026-06-18 04:00:00
1781758800000,1.168,1.168,1.161,1.167,7077027.0,2026-06-18 05:00:00
1781762400000,1.167,1.171,1.162,1.17,4566739.0,2026-06-18 06:00:00
1781766000000,1.169,1.18,1.167,1.177,6145112.0,2026-06-18 07:00:00
1781769600000,1.178,1.18,1.175,1.177,4646907.0,2026-06-18 08:00:00
1781773200000,1.177,1.182,1.175,1.177,3957163.0,2026-06-18 09:00:00
1781776800000,1.177,1.178,1.166,1.169,6640266.0,2026-06-18 10:00:00
1781780400000,1.169,1.17,1.16,1.163,7650699.0,2026-06-18 11:00:00
1781784000000,1.164,1.17,1.162,1.168,6006045.0,2026-06-18 12:00:00
1781787600000,1.168,1.172,1.154,1.161,12888815.0,2026-06-18 13:00:00
1781791200000,1.16,1.169,1.153,1.159,9137106.0,2026-06-18 14:00:00
1781794800000,1.159,1.16,1.132,1.136,24646757.0,2026-06-18 15:00:00
1781798400000,1.136,1.148,1.135,1.146,8584783.0,2026-06-18 16:00:00
1781802000000,1.147,1.148,1.137,1.143,6840130.0,2026-06-18 17:00:00
1781805600000,1.143,1.146,1.135,1.138,3909498.0,2026-06-18 18:00:00
1781809200000,1.137,1.146,1.134,1.142,4840626.0,2026-06-18 19:00:00
1781812800000,1.142,1.154,1.142,1.152,4958064.0,2026-06-18 20:00:00
1781816400000,1.152,1.152,1.141,1.144,2355475.0,2026-06-18 21:00:00
1781820000000,1.144,1.148,1.141,1.146,6799196.0,2026-06-18 22:00:00
1781823600000,1.146,1.147,1.142,1.146,2323548.0,2026-06-18 23:00:00
1781827200000,1.146,1.15,1.142,1.148,3999087.0,2026-06-19 00:00:00
1781830800000,1.149,1.152,1.143,1.15,3281513.0,2026-06-19 01:00:00
1781834400000,1.15,1.153,1.144,1.148,2536330.0,2026-06-19 02:00:00
1781838000000,1.147,1.15,1.135,1.139,11452562.0,2026-06-19 03:00:00
1781841600000,1.139,1.14,1.124,1.127,11539767.0,2026-06-19 04:00:00
1781845200000,1.127,1.133,1.126,1.133,4917182.0,2026-06-19 05:00:00
1781848800000,1.132,1.136,1.128,1.133,4153826.0,2026-06-19 06:00:00
1781852400000,1.133,1.133,1.12,1.125,7438031.0,2026-06-19 07:00:00
1781856000000,1.124,1.131,1.123,1.125,6300218.0,2026-06-19 08:00:00
1781859600000,1.126,1.128,1.121,1.124,3183707.0,2026-06-19 09:00:00
1781863200000,1.124,1.127,1.12,1.125,2590534.0,2026-06-19 10:00:00
1781866800000,1.125,1.129,1.121,1.127,3989219.0,2026-06-19 11:00:00
1781870400000,1.127,1.132,1.118,1.13,6817308.0,2026-06-19 12:00:00
1781874000000,1.13,1.143,1.128,1.138,7020750.0,2026-06-19 13:00:00
1781877600000,1.139,1.141,1.133,1.136,4570034.0,2026-06-19 14:00:00
1781881200000,1.136,1.137,1.131,1.136,3017708.0,2026-06-19 15:00:00
1781884800000,1.135,1.138,1.128,1.129,4535297.0,2026-06-19 16:00:00
1781888400000,1.13,1.138,1.127,1.135,3665423.0,2026-06-19 17:00:00
1781892000000,1.136,1.136,1.128,1.131,3087441.0,2026-06-19 18:00:00
1781895600000,1.131,1.133,1.127,1.13,1860231.0,2026-06-19 19:00:00
1781899200000,1.13,1.135,1.126,1.133,3244214.0,2026-06-19 20:00:00
1781902800000,1.134,1.134,1.128,1.129,1713382.0,2026-06-19 21:00:00
1781906400000,1.129,1.135,1.128,1.133,3509188.0,2026-06-19 22:00:00
1781910000000,1.133,1.138,1.131,1.135,3615707.0,2026-06-19 23:00:00
1781913600000,1.134,1.142,1.134,1.136,5044367.0,2026-06-20 00:00:00
1781917200000,1.136,1.142,1.135,1.141,4188728.0,2026-06-20 01:00:00
1781920800000,1.141,1.141,1.135,1.138,3182617.0,2026-06-20 02:00:00
1781924400000,1.137,1.14,1.136,1.138,2517929.0,2026-06-20 03:00:00
1781928000000,1.138,1.145,1.137,1.144,4975889.0,2026-06-20 04:00:00
1781931600000,1.144,1.154,1.141,1.146,7627795.0,2026-06-20 05:00:00
1781935200000,1.147,1.151,1.146,1.148,3060386.0,2026-06-20 06:00:00
1781938800000,1.148,1.149,1.144,1.146,4474572.0,2026-06-20 07:00:00
1781942400000,1.146,1.147,1.143,1.145,3211132.0,2026-06-20 08:00:00
1781946000000,1.146,1.152,1.145,1.152,2569516.0,2026-06-20 09:00:00
1781949600000,1.152,1.152,1.146,1.149,3290993.0,2026-06-20 10:00:00
1781953200000,1.148,1.149,1.145,1.146,1884236.0,2026-06-20 11:00:00
1781956800000,1.147,1.149,1.144,1.145,3523297.0,2026-06-20 12:00:00
1781960400000,1.145,1.146,1.137,1.14,4233281.0,2026-06-20 13:00:00
1781964000000,1.139,1.152,1.133,1.146,9748400.0,2026-06-20 14:00:00
1781967600000,1.146,1.155,1.143,1.149,7378147.0,2026-06-20 15:00:00
1781971200000,1.15,1.15,1.143,1.149,4246333.0,2026-06-20 16:00:00
1781974800000,1.148,1.148,1.138,1.143,4466635.0,2026-06-20 17:00:00
1781978400000,1.142,1.146,1.14,1.14,2483941.0,2026-06-20 18:00:00
1781982000000,1.14,1.144,1.138,1.142,1792644.0,2026-06-20 19:00:00
1781985600000,1.143,1.146,1.142,1.145,2190886.0,2026-06-20 20:00:00
1781989200000,1.144,1.149,1.143,1.147,2097569.0,2026-06-20 21:00:00
1781992800000,1.147,1.155,1.146,1.152,4654331.0,2026-06-20 22:00:00
1781996400000,1.151,1.153,1.148,1.149,1119987.0,2026-06-20 23:00:00
1782000000000,1.15,1.15,1.147,1.149,2183420.0,2026-06-21 00:00:00
1782003600000,1.148,1.149,1.146,1.148,1722823.0,2026-06-21 01:00:00
1782007200000,1.149,1.149,1.146,1.146,812876.0,2026-06-21 02:00:00
1782010800000,1.147,1.151,1.145,1.149,2634414.0,2026-06-21 03:00:00
1782014400000,1.149,1.152,1.143,1.145,3010568.0,2026-06-21 04:00:00
1782018000000,1.145,1.145,1.142,1.144,3342599.0,2026-06-21 05:00:00
1782021600000,1.144,1.147,1.143,1.146,1339693.0,2026-06-21 06:00:00
1782025200000,1.147,1.15,1.145,1.147,2387827.0,2026-06-21 07:00:00
1782028800000,1.147,1.147,1.14,1.144,2075571.0,2026-06-21 08:00:00
1782032400000,1.143,1.15,1.143,1.149,1976374.0,2026-06-21 09:00:00
1782036000000,1.149,1.153,1.147,1.148,4889079.0,2026-06-21 10:00:00
1782039600000,1.148,1.15,1.14,1.141,7375240.0,2026-06-21 11:00:00
1782043200000,1.141,1.144,1.138,1.144,6883017.0,2026-06-21 12:00:00
1782046800000,1.143,1.146,1.14,1.144,3480463.0,2026-06-21 13:00:00
1782050400000,1.144,1.147,1.14,1.147,3275697.0,2026-06-21 14:00:00
1782054000000,1.146,1.151,1.145,1.148,6195913.0,2026-06-21 15:00:00
1782057600000,1.148,1.149,1.14,1.144,4440738.0,2026-06-21 16:00:00
1782061200000,1.143,1.146,1.139,1.141,3926369.0,2026-06-21 17:00:00
1782064800000,1.141,1.146,1.137,1.145,5145161.0,2026-06-21 18:00:00
1782068400000,1.144,1.147,1.143,1.144,3002757.0,2026-06-21 19:00:00
1782072000000,1.145,1.146,1.135,1.139,5546289.0,2026-06-21 20:00:00
1782075600000,1.138,1.139,1.12,1.134,21069913.0,2026-06-21 21:00:00
1782079200000,1.134,1.136,1.126,1.131,7558534.0,2026-06-21 22:00:00
1782082800000,1.131,1.131,1.122,1.123,8238898.0,2026-06-21 23:00:00
1782086400000,1.124,1.14,1.123,1.138,6468798.0,2026-06-22 00:00:00
1782090000000,1.139,1.152,1.133,1.145,8666181.0,2026-06-22 01:00:00
1782093600000,1.145,1.146,1.135,1.136,3718477.0,2026-06-22 02:00:00
1782097200000,1.135,1.138,1.127,1.13,4421930.0,2026-06-22 03:00:00
1782100800000,1.129,1.134,1.128,1.134,2834148.0,2026-06-22 04:00:00
1782104400000,1.133,1.138,1.133,1.134,2188960.0,2026-06-22 05:00:00
1782108000000,1.135,1.137,1.128,1.13,2437263.0,2026-06-22 06:00:00
1782111600000,1.131,1.1395,1.129,1.1366,4735784.0,2026-06-22 07:00:00
1782115200000,1.1366,1.1375,1.1313,1.1341,3875908.0,2026-06-22 08:00:00
1782118800000,1.1342,1.1368,1.1319,1.1339,1930201.0,2026-06-22 09:00:00
1782122400000,1.1339,1.1382,1.1337,1.1367,2272032.0,2026-06-22 10:00:00
1782126000000,1.1368,1.1494,1.1357,1.1472,5147841.0,2026-06-22 11:00:00
1782129600000,1.1472,1.1584,1.1456,1.1568,5660135.0,2026-06-22 12:00:00
1782133200000,1.1569,1.163,1.1515,1.163,6503801.0,2026-06-22 13:00:00
1782136800000,1.1631,1.1631,1.1394,1.1421,10042025.0,2026-06-22 14:00:00
1782140400000,1.1422,1.1472,1.1367,1.1388,6485852.0,2026-06-22 15:00:00
1782144000000,1.1389,1.1422,1.134,1.1377,4141637.0,2026-06-22 16:00:00
1782147600000,1.1377,1.1397,1.1316,1.1386,2242264.0,2026-06-22 17:00:00
1782151200000,1.1386,1.1433,1.1311,1.132,3112768.0,2026-06-22 18:00:00
1782154800000,1.1321,1.1346,1.1287,1.1335,3722983.0,2026-06-22 19:00:00
1782158400000,1.1334,1.1366,1.1287,1.131,3125915.0,2026-06-22 20:00:00
1782162000000,1.1309,1.1322,1.1245,1.1307,2778814.0,2026-06-22 21:00:00
1782165600000,1.1306,1.1334,1.1206,1.1267,5424871.0,2026-06-22 22:00:00
1782169200000,1.1266,1.1299,1.1251,1.1286,2245350.0,2026-06-22 23:00:00
1782172800000,1.1286,1.1313,1.1256,1.1306,3987764.0,2026-06-23 00:00:00
1782176400000,1.1305,1.1332,1.1215,1.128,4305533.0,2026-06-23 01:00:00
1782180000000,1.128,1.1298,1.1243,1.129,1643595.0,2026-06-23 02:00:00
1782183600000,1.129,1.129,1.1251,1.1268,1470240.0,2026-06-23 03:00:00
1782187200000,1.1268,1.1273,1.1151,1.1169,7287638.0,2026-06-23 04:00:00
1782190800000,1.1169,1.1191,1.1129,1.1153,6278069.0,2026-06-23 05:00:00
1782194400000,1.1153,1.1157,1.1065,1.1124,14436444.0,2026-06-23 06:00:00
1782198000000,1.1123,1.1164,1.1119,1.1121,2361805.0,2026-06-23 07:00:00
1782201600000,1.1122,1.1147,1.0933,1.0994,16469551.0,2026-06-23 08:00:00
1782205200000,1.0995,1.1047,1.0995,1.1031,3820503.0,2026-06-23 09:00:00
1782208800000,1.103,1.107,1.1008,1.1037,5479038.0,2026-06-23 10:00:00
1782212400000,1.1036,1.1098,1.1034,1.1087,4527820.0,2026-06-23 11:00:00
1782216000000,1.1086,1.1091,1.099,1.1002,3829027.0,2026-06-23 12:00:00
1782219600000,1.1003,1.1053,1.0957,1.1022,10109088.0,2026-06-23 13:00:00
1782223200000,1.1021,1.1077,1.0997,1.1008,5835894.0,2026-06-23 14:00:00
1782226800000,1.1008,1.1009,1.0912,1.0983,6861954.0,2026-06-23 15:00:00
1782230400000,1.0983,1.1034,1.0962,1.1002,5428400.0,2026-06-23 16:00:00
1782234000000,1.1002,1.1042,1.0957,1.0972,2302730.0,2026-06-23 17:00:00
1782237600000,1.0972,1.1009,1.0947,1.098,2295722.0,2026-06-23 18:00:00
1782241200000,1.0981,1.1043,1.0963,1.1013,3507598.0,2026-06-23 19:00:00
1782244800000,1.1013,1.1046,1.1012,1.1035,1713499.0,2026-06-23 20:00:00
1782248400000,1.1036,1.106,1.1026,1.104,1797371.0,2026-06-23 21:00:00
1782252000000,1.104,1.1115,1.1037,1.108,2579177.0,2026-06-23 22:00:00
1782255600000,1.1081,1.1112,1.105,1.1094,1717245.0,2026-06-23 23:00:00
1782259200000,1.1093,1.1123,1.108,1.1104,3793877.0,2026-06-24 00:00:00
1782262800000,1.1104,1.1132,1.1065,1.1082,2504065.0,2026-06-24 01:00:00
1782266400000,1.1082,1.1089,1.1042,1.1049,3025456.0,2026-06-24 02:00:00
1782270000000,1.1049,1.1055,1.0983,1.1032,4078489.0,2026-06-24 03:00:00
1782273600000,1.1031,1.1035,1.0937,1.101,5285621.0,2026-06-24 04:00:00
1782277200000,1.101,1.1063,1.1006,1.1045,2989957.0,2026-06-24 05:00:00
1782280800000,1.1044,1.1061,1.1016,1.1018,5210423.0,2026-06-24 06:00:00
1782284400000,1.1018,1.1027,1.0965,1.0981,5537269.0,2026-06-24 07:00:00
1782288000000,1.0982,1.1029,1.097,1.1016,4126062.0,2026-06-24 08:00:00
1782291600000,1.1016,1.1017,1.0963,1.0978,2727405.0,2026-06-24 09:00:00
1782295200000,1.0979,1.098,1.0833,1.0857,20810593.0,2026-06-24 10:00:00
1782298800000,1.0857,1.1016,1.081,1.0952,11231602.0,2026-06-24 11:00:00
1782302400000,1.0951,1.0952,1.0893,1.0895,6246162.0,2026-06-24 12:00:00
1782306000000,1.0896,1.0902,1.0745,1.0752,21812739.0,2026-06-24 13:00:00
1782309600000,1.0752,1.0817,1.0726,1.0748,9062266.0,2026-06-24 14:00:00
1782313200000,1.0749,1.075,1.0553,1.0576,19620505.0,2026-06-24 15:00:00
1782316800000,1.0575,1.0668,1.0501,1.056,17121228.0,2026-06-24 16:00:00
1782320400000,1.056,1.0604,1.0452,1.0503,18383730.0,2026-06-24 17:00:00
1782324000000,1.0504,1.0698,1.0487,1.0594,9084970.0,2026-06-24 18:00:00
1782327600000,1.0595,1.0612,1.052,1.0566,8430853.0,2026-06-24 19:00:00
1782331200000,1.0567,1.0776,1.0537,1.0738,11568019.0,2026-06-24 20:00:00
1782334800000,1.0737,1.0765,1.0663,1.0756,3820781.0,2026-06-24 21:00:00
1782338400000,1.0756,1.08,1.0693,1.0708,2388435.0,2026-06-24 22:00:00
1782342000000,1.0707,1.0753,1.0691,1.0729,1670967.0,2026-06-24 23:00:00
1782345600000,1.0729,1.0765,1.0713,1.0733,2897441.0,2026-06-25 00:00:00
1782349200000,1.0733,1.0773,1.072,1.0748,2460491.0,2026-06-25 01:00:00
1782352800000,1.0747,1.0766,1.0687,1.071,2819796.0,2026-06-25 02:00:00
1782356400000,1.071,1.073,1.0682,1.0713,3944244.0,2026-06-25 03:00:00
1782360000000,1.0714,1.0819,1.0693,1.0796,3204478.0,2026-06-25 04:00:00
1782363600000,1.0796,1.0875,1.078,1.0838,5355923.0,2026-06-25 05:00:00
1782367200000,1.0838,1.0888,1.083,1.0873,3029420.0,2026-06-25 06:00:00
1782370800000,1.0873,1.0876,1.0837,1.0863,2701473.0,2026-06-25 07:00:00
1782374400000,1.0863,1.0864,1.0816,1.0822,2437222.0,2026-06-25 08:00:00
1782378000000,1.0823,1.0832,1.0794,1.0809,1798052.0,2026-06-25 09:00:00
1782381600000,1.0809,1.0813,1.0723,1.0732,3924420.0,2026-06-25 10:00:00
1782385200000,1.0732,1.0739,1.0673,1.0715,4921619.0,2026-06-25 11:00:00
1782388800000,1.0714,1.0788,1.0665,1.0741,7349888.0,2026-06-25 12:00:00
1782392400000,1.0742,1.0757,1.0108,1.0143,44468395.0,2026-06-25 13:00:00
1782396000000,1.0143,1.0483,1.0142,1.0324,26984523.0,2026-06-25 14:00:00
1782399600000,1.0325,1.0368,1.0226,1.0342,9601387.0,2026-06-25 15:00:00
1782403200000,1.0341,1.0438,1.0256,1.0297,7326346.0,2026-06-25 16:00:00
1782406800000,1.0297,1.0453,1.0291,1.0452,5628904.0,2026-06-25 17:00:00
1782410400000,1.0452,1.0471,1.0327,1.0336,4553266.0,2026-06-25 18:00:00
1782414000000,1.0337,1.0341,1.0273,1.0334,4584898.0,2026-06-25 19:00:00
1782417600000,1.0335,1.0392,1.0307,1.0325,3179905.0,2026-06-25 20:00:00
1782421200000,1.0325,1.0429,1.0315,1.0428,3863705.0,2026-06-25 21:00:00
1782424800000,1.0428,1.0436,1.0377,1.0401,3403360.0,2026-06-25 22:00:00
1782428400000,1.04,1.0484,1.0366,1.0427,4348506.0,2026-06-25 23:00:00
1782432000000,1.0428,1.0455,1.0397,1.0402,3128365.0,2026-06-26 00:00:00
1782435600000,1.0401,1.042,1.028,1.0312,6471719.0,2026-06-26 01:00:00
1782439200000,1.0312,1.0316,1.0107,1.0137,20000109.0,2026-06-26 02:00:00
1782442800000,1.0137,1.0353,1.0081,1.0337,17368744.0,2026-06-26 03:00:00
1782446400000,1.0337,1.0351,1.0265,1.0276,5250214.0,2026-06-26 04:00:00
1782450000000,1.0276,1.0349,1.0263,1.0329,5380120.0,2026-06-26 05:00:00
1782453600000,1.0329,1.0454,1.0292,1.0439,9401956.0,2026-06-26 06:00:00
1782457200000,1.0439,1.0521,1.0437,1.0491,13544201.0,2026-06-26 07:00:00
1782460800000,1.0491,1.0502,1.0366,1.0387,7779701.0,2026-06-26 08:00:00
1782464400000,1.0388,1.0389,1.0282,1.031,9632392.0,2026-06-26 09:00:00
1782468000000,1.031,1.0336,1.0252,1.0269,8170923.0,2026-06-26 10:00:00
1782471600000,1.0269,1.0308,1.0192,1.0222,8237731.0,2026-06-26 11:00:00
1782475200000,1.0221,1.0332,1.0157,1.019,14247866.0,2026-06-26 12:00:00
1782478800000,1.0191,1.0385,1.0104,1.0382,17712425.0,2026-06-26 13:00:00
1782482400000,1.0383,1.0474,1.034,1.0361,19600843.0,2026-06-26 14:00:00
1782486000000,1.0361,1.0487,1.0342,1.0443,9782022.0,2026-06-26 15:00:00
1782489600000,1.0443,1.0532,1.0395,1.0441,11361841.0,2026-06-26 16:00:00
1782493200000,1.0441,1.0507,1.0436,1.0469,3988151.0,2026-06-26 17:00:00
1782496800000,1.0469,1.0494,1.039,1.0404,7241676.0,2026-06-26 18:00:00
1782500400000,1.0404,1.0529,1.0388,1.0472,9115689.0,2026-06-26 19:00:00
1782504000000,1.0471,1.0554,1.0423,1.0439,8176262.0,2026-06-26 20:00:00
1782507600000,1.044,1.0465,1.04,1.0418,3323506.0,2026-06-26 21:00:00
1782511200000,1.0417,1.0475,1.0372,1.0474,2909658.0,2026-06-26 22:00:00
1782514800000,1.0473,1.0491,1.0449,1.0482,2072109.0,2026-06-26 23:00:00
1782518400000,1.0482,1.0515,1.0433,1.0469,4020700.0,2026-06-27 00:00:00
1782522000000,1.0469,1.0518,1.0451,1.0514,2887427.0,2026-06-27 01:00:00
1782525600000,1.0513,1.066,1.0503,1.061,10213114.0,2026-06-27 02:00:00
1782529200000,1.061,1.062,1.0559,1.0583,5332976.0,2026-06-27 03:00:00
1782532800000,1.0583,1.0633,1.0582,1.0593,3230174.0,2026-06-27 04:00:00
1782536400000,1.0593,1.0599,1.0524,1.0571,4938679.0,2026-06-27 05:00:00
1782540000000,1.0571,1.0607,1.0532,1.059,4663258.0,2026-06-27 06:00:00
1782543600000,1.059,1.062,1.057,1.0596,6096449.0,2026-06-27 07:00:00
1782547200000,1.0596,1.0596,1.0543,1.0564,2832629.0,2026-06-27 08:00:00
1782550800000,1.0565,1.0579,1.0535,1.0577,3825204.0,2026-06-27 09:00:00
1782554400000,1.0577,1.059,1.056,1.0587,3228549.0,2026-06-27 10:00:00
1782558000000,1.0587,1.0599,1.0537,1.0586,3277130.0,2026-06-27 11:00:00
1782561600000,1.0587,1.061,1.0568,1.0601,2135178.0,2026-06-27 12:00:00
1782565200000,1.0601,1.0649,1.0588,1.0639,5704858.0,2026-06-27 13:00:00
1782568800000,1.0638,1.0682,1.0622,1.0678,5810628.0,2026-06-27 14:00:00
1782572400000,1.0679,1.0752,1.0673,1.0743,13263016.0,2026-06-27 15:00:00
1782576000000,1.0743,1.0766,1.0686,1.0694,7200540.0,2026-06-27 16:00:00
1782579600000,1.0695,1.0699,1.0598,1.06,9643313.0,2026-06-27 17:00:00
1782583200000,1.06,1.0603,1.0567,1.0583,4378102.0,2026-06-27 18:00:00
1782586800000,1.0583,1.0595,1.0517,1.0538,5560588.0,2026-06-27 19:00:00
1782590400000,1.0538,1.0561,1.0534,1.0544,2311085.0,2026-06-27 20:00:00
1782594000000,1.0545,1.0573,1.0507,1.0525,3172695.0,2026-06-27 21:00:00
1782597600000,1.0524,1.0533,1.0445,1.0529,5819892.0,2026-06-27 22:00:00
1782601200000,1.0529,1.0548,1.0466,1.0469,3571567.0,2026-06-27 23:00:00
1782604800000,1.0469,1.0507,1.0463,1.0493,3406285.0,2026-06-28 00:00:00
1782608400000,1.0494,1.0505,1.0452,1.0505,2258220.0,2026-06-28 01:00:00
1782612000000,1.0505,1.0526,1.0446,1.0459,3704661.0,2026-06-28 02:00:00
1782615600000,1.0459,1.0503,1.0458,1.0492,2355264.0,2026-06-28 03:00:00
1782619200000,1.0492,1.0499,1.0456,1.0478,2264502.0,2026-06-28 04:00:00
1782622800000,1.0478,1.0479,1.0415,1.0471,3684014.0,2026-06-28 05:00:00
1782626400000,1.047,1.0481,1.0407,1.0442,7058376.0,2026-06-28 06:00:00
1782630000000,1.0441,1.0507,1.044,1.0504,3403389.0,2026-06-28 07:00:00
1782633600000,1.0503,1.0583,1.0495,1.054,5691127.0,2026-06-28 08:00:00
1782637200000,1.0541,1.0549,1.0482,1.0493,3197273.0,2026-06-28 09:00:00
1782640800000,1.0493,1.0506,1.0452,1.0478,3598739.0,2026-06-28 10:00:00
1782644400000,1.0479,1.0529,1.0458,1.0521,2556296.0,2026-06-28 11:00:00
1782648000000,1.0521,1.0554,1.0484,1.0513,2575224.0,2026-06-28 12:00:00
1782651600000,1.0512,1.0521,1.0455,1.0489,2605844.0,2026-06-28 13:00:00
1782655200000,1.0489,1.057,1.048,1.0518,4762129.0,2026-06-28 14:00:00
1782658800000,1.0518,1.0573,1.0493,1.0519,3381959.0,2026-06-28 15:00:00
1782662400000,1.0518,1.0528,1.0433,1.0466,4262682.0,2026-06-28 16:00:00
1782666000000,1.0466,1.0493,1.0404,1.0466,3896176.0,2026-06-28 17:00:00
1782669600000,1.0466,1.0479,1.0428,1.0462,1696852.0,2026-06-28 18:00:00
1782673200000,1.0461,1.0488,1.0384,1.0438,4286880.0,2026-06-28 19:00:00
1782676800000,1.0437,1.0494,1.0431,1.0462,2586504.0,2026-06-28 20:00:00
1782680400000,1.0462,1.0462,1.0374,1.0402,3474121.0,2026-06-28 21:00:00
1782684000000,1.0402,1.0514,1.0327,1.0372,12697444.0,2026-06-28 22:00:00
1782687600000,1.0371,1.0517,1.0363,1.0478,6002554.0,2026-06-28 23:00:00
1782691200000,1.0477,1.0489,1.033,1.0469,11179115.0,2026-06-29 00:00:00
1782694800000,1.0469,1.0479,1.0386,1.043,5009128.0,2026-06-29 01:00:00
1782698400000,1.0429,1.0478,1.0312,1.0458,10187308.0,2026-06-29 02:00:00
1782702000000,1.0458,1.0553,1.0455,1.0503,7150178.0,2026-06-29 03:00:00
1782705600000,1.0503,1.0503,1.0413,1.043,4960971.0,2026-06-29 04:00:00
1782709200000,1.043,1.048,1.0354,1.048,6071357.0,2026-06-29 05:00:00
1782712800000,1.0481,1.0543,1.0469,1.0488,8258488.0,2026-06-29 06:00:00
1782716400000,1.0489,1.0518,1.045,1.0486,3053318.0,2026-06-29 07:00:00
1782720000000,1.0485,1.0503,1.0413,1.0433,4953298.0,2026-06-29 08:00:00
1782723600000,1.0433,1.05,1.0427,1.0486,3051966.0,2026-06-29 09:00:00
1782727200000,1.0487,1.055,1.0487,1.0514,3995366.0,2026-06-29 10:00:00
1782730800000,1.0513,1.0607,1.0471,1.0528,6134788.0,2026-06-29 11:00:00
1782734400000,1.0529,1.0657,1.0475,1.0548,16310345.0,2026-06-29 12:00:00
1782738000000,1.0549,1.0619,1.0438,1.0498,10814049.0,2026-06-29 13:00:00
1782741600000,1.0499,1.0506,1.0392,1.049,9915043.0,2026-06-29 14:00:00
1782745200000,1.0491,1.0515,1.0405,1.0488,6737468.0,2026-06-29 15:00:00
1782748800000,1.0488,1.0532,1.0424,1.0504,4850132.0,2026-06-29 16:00:00
1782752400000,1.0504,1.0685,1.0502,1.065,15104435.0,2026-06-29 17:00:00
1782756000000,1.0651,1.0689,1.0623,1.0644,6226137.0,2026-06-29 18:00:00
1782759600000,1.0645,1.0764,1.0629,1.0746,7803848.0,2026-06-29 19:00:00
1782763200000,1.0747,1.075,1.0624,1.0632,4544940.0,2026-06-29 20:00:00
1782766800000,1.0631,1.0655,1.0594,1.0641,6775264.0,2026-06-29 21:00:00
1782770400000,1.0642,1.065,1.0586,1.0589,2108539.0,2026-06-29 22:00:00
1782774000000,1.0589,1.0594,1.0546,1.0583,2396911.0,2026-06-29 23:00:00
1782777600000,1.0582,1.0585,1.0479,1.048,6749147.0,2026-06-30 00:00:00
1782781200000,1.048,1.0515,1.0461,1.0494,5381771.0,2026-06-30 01:00:00
1782784800000,1.0494,1.0518,1.0454,1.05,2886737.0,2026-06-30 02:00:00
1782788400000,1.05,1.0522,1.0433,1.0447,8904413.0,2026-06-30 03:00:00
1782792000000,1.0446,1.0472,1.042,1.0456,2979317.0,2026-06-30 04:00:00
1782795600000,1.0457,1.0488,1.0445,1.0486,2935946.0,2026-06-30 05:00:00
1782799200000,1.0487,1.0507,1.047,1.0492,3960218.0,2026-06-30 06:00:00
1782802800000,1.0492,1.0501,1.0457,1.0469,3498196.0,2026-06-30 07:00:00
1782806400000,1.0468,1.0475,1.0405,1.0443,5643057.0,2026-06-30 08:00:00
1782810000000,1.0442,1.0456,1.0415,1.0434,2325453.0,2026-06-30 09:00:00
1782813600000,1.0433,1.0438,1.041,1.0413,3213713.0,2026-06-30 10:00:00
1782817200000,1.0414,1.043,1.0364,1.0383,6161890.0,2026-06-30 11:00:00
1782820800000,1.0382,1.0382,1.0266,1.027,10344873.0,2026-06-30 12:00:00
1782824400000,1.0271,1.0354,1.0266,1.0347,11707339.0,2026-06-30 13:00:00
1782828000000,1.0347,1.0445,1.0322,1.0338,9353516.0,2026-06-30 14:00:00
1782831600000,1.0339,1.0404,1.0288,1.0334,6446238.0,2026-06-30 15:00:00
1782835200000,1.0334,1.0433,1.0316,1.0407,5820925.0,2026-06-30 16:00:00
1782838800000,1.0407,1.0438,1.0373,1.0381,2700019.0,2026-06-30 17:00:00
1782842400000,1.0381,1.0476,1.037,1.0426,6360153.0,2026-06-30 18:00:00
1782846000000,1.0426,1.0493,1.0381,1.0443,6975772.0,2026-06-30 19:00:00
1782849600000,1.0443,1.0462,1.0405,1.0414,2188032.0,2026-06-30 20:00:00
1782853200000,1.0414,1.0423,1.0378,1.0409,2688758.0,2026-06-30 21:00:00
1782856800000,1.0409,1.0439,1.0383,1.0401,1910842.0,2026-06-30 22:00:00
1782860400000,1.0401,1.0405,1.0375,1.0395,1349965.0,2026-06-30 23:00:00
1782864000000,1.0396,1.0408,1.0347,1.0368,3266384.0,2026-07-01 00:00:00
1782867600000,1.0368,1.0427,1.0211,1.0407,14975013.0,2026-07-01 01:00:00
1782871200000,1.0407,1.0471,1.0377,1.0453,6669493.0,2026-07-01 02:00:00
1782874800000,1.0453,1.0525,1.0417,1.0502,10075897.0,2026-07-01 03:00:00
1782878400000,1.0502,1.0538,1.0481,1.0508,3563262.0,2026-07-01 04:00:00
1782882000000,1.0509,1.053,1.0477,1.0503,2832295.0,2026-07-01 05:00:00
1782885600000,1.0503,1.0504,1.0387,1.0417,12007706.0,2026-07-01 06:00:00
1782889200000,1.0418,1.0437,1.0385,1.0436,2882858.0,2026-07-01 07:00:00
1782892800000,1.0435,1.0472,1.0375,1.047,3141611.0,2026-07-01 08:00:00
1782896400000,1.0471,1.0487,1.0439,1.0452,2388842.0,2026-07-01 09:00:00
1782900000000,1.0452,1.046,1.0388,1.0396,2471291.0,2026-07-01 10:00:00
1782903600000,1.0397,1.0423,1.0358,1.038,3683151.0,2026-07-01 11:00:00
1782907200000,1.038,1.0393,1.0338,1.0366,3593170.0,2026-07-01 12:00:00
1782910800000,1.0365,1.0491,1.0359,1.0488,10597987.0,2026-07-01 13:00:00
1782914400000,1.0488,1.06,1.0461,1.0515,12366783.0,2026-07-01 14:00:00
1782918000000,1.0515,1.0651,1.051,1.06,11394781.0,2026-07-01 15:00:00
1782921600000,1.0601,1.0642,1.055,1.0567,5517346.0,2026-07-01 16:00:00
1782925200000,1.0567,1.0623,1.0542,1.0613,3550461.0,2026-07-01 17:00:00
1782928800000,1.0613,1.0637,1.0575,1.0597,2492948.0,2026-07-01 18:00:00
1782932400000,1.0597,1.065,1.0583,1.0609,3963185.0,2026-07-01 19:00:00
1782936000000,1.0608,1.0611,1.0554,1.0576,2777103.0,2026-07-01 20:00:00
1782939600000,1.0576,1.0686,1.0573,1.066,4866889.0,2026-07-01 21:00:00
1782943200000,1.0659,1.0733,1.0596,1.061,7947857.0,2026-07-01 22:00:00
1782946800000,1.0609,1.0609,1.0514,1.0525,5326793.0,2026-07-01 23:00:00
1782950400000,1.0525,1.0526,1.0444,1.0473,4538707.0,2026-07-02 00:00:00
1782954000000,1.0473,1.0595,1.0462,1.0568,3425093.0,2026-07-02 01:00:00
1782957600000,1.0567,1.0607,1.0541,1.0593,2678878.0,2026-07-02 02:00:00
1782961200000,1.0594,1.0699,1.0557,1.0673,8111925.0,2026-07-02 03:00:00
1782964800000,1.0674,1.0675,1.061,1.0641,2851693.0,2026-07-02 04:00:00
1782968400000,1.0642,1.0661,1.0579,1.0593,2521288.0,2026-07-02 05:00:00
1782972000000,1.0592,1.0614,1.0551,1.0558,4148689.0,2026-07-02 06:00:00
1782975600000,1.0557,1.0593,1.055,1.0579,2290849.0,2026-07-02 07:00:00
1782979200000,1.058,1.0644,1.0578,1.0636,3455390.0,2026-07-02 08:00:00
1782982800000,1.0636,1.0811,1.0615,1.073,13081501.0,2026-07-02 09:00:00
1782986400000,1.0729,1.0818,1.0721,1.0809,5428006.0,2026-07-02 10:00:00
1782990000000,1.081,1.0856,1.0765,1.0835,8220320.0,2026-07-02 11:00:00
1782993600000,1.0835,1.0969,1.0827,1.0924,15830040.0,2026-07-02 12:00:00
1782997200000,1.0924,1.112,1.0912,1.1035,19702999.0,2026-07-02 13:00:00
1783000800000,1.1035,1.1072,1.0876,1.0915,14245664.0,2026-07-02 14:00:00
1783004400000,1.0915,1.096,1.0858,1.0933,5932322.0,2026-07-02 15:00:00
1783008000000,1.0934,1.0959,1.0862,1.0904,4966517.0,2026-07-02 16:00:00
1783011600000,1.0904,1.0936,1.0875,1.0879,3668770.0,2026-07-02 17:00:00
1783015200000,1.0878,1.091,1.0868,1.0888,1939415.0,2026-07-02 18:00:00
1783018800000,1.0888,1.0891,1.0829,1.0848,4687434.0,2026-07-02 19:00:00
1783022400000,1.0848,1.0852,1.0805,1.0827,2898894.0,2026-07-02 20:00:00
1783026000000,1.0828,1.0838,1.0785,1.0809,2015034.0,2026-07-02 21:00:00
1783029600000,1.0809,1.0841,1.0782,1.0831,1947994.0,2026-07-02 22:00:00
1783033200000,1.0831,1.0875,1.0816,1.0874,2611390.0,2026-07-02 23:00:00
1783036800000,1.0873,1.0878,1.082,1.0833,2578448.0,2026-07-03 00:00:00
1783040400000,1.0834,1.0952,1.0828,1.0934,3656939.0,2026-07-03 01:00:00
1783044000000,1.0935,1.0946,1.0864,1.0907,2671317.0,2026-07-03 02:00:00
1783047600000,1.0907,1.0923,1.0858,1.0901,1991985.0,2026-07-03 03:00:00
1783051200000,1.09,1.0935,1.088,1.0921,1713705.0,2026-07-03 04:00:00
1783054800000,1.0921,1.101,1.091,1.0994,3763575.0,2026-07-03 05:00:00
1783058400000,1.0994,1.1062,1.0988,1.1004,4216710.0,2026-07-03 06:00:00
1783062000000,1.1005,1.1045,1.0971,1.1021,3202800.0,2026-07-03 07:00:00
1783065600000,1.102,1.1069,1.0985,1.0996,4369524.0,2026-07-03 08:00:00
1783069200000,1.0996,1.1039,1.0978,1.1007,2582993.0,2026-07-03 09:00:00
1783072800000,1.1006,1.1124,1.0988,1.1087,6390709.0,2026-07-03 10:00:00
1783076400000,1.1088,1.112,1.106,1.1097,6222114.0,2026-07-03 11:00:00
1783080000000,1.1097,1.1136,1.1028,1.1072,5140583.0,2026-07-03 12:00:00
1783083600000,1.1073,1.1149,1.1073,1.1109,5562925.0,2026-07-03 13:00:00
1783087200000,1.1109,1.1136,1.1051,1.1117,6931557.0,2026-07-03 14:00:00
1783090800000,1.1118,1.1234,1.1116,1.1196,11529667.0,2026-07-03 15:00:00
1783094400000,1.1195,1.1211,1.1137,1.1148,7102726.0,2026-07-03 16:00:00
1783098000000,1.1147,1.124,1.1142,1.1229,4603479.0,2026-07-03 17:00:00
1783101600000,1.123,1.1291,1.12,1.1264,5307759.0,2026-07-03 18:00:00
1783105200000,1.1263,1.1449,1.1255,1.1313,13095989.0,2026-07-03 19:00:00
1783108800000,1.1312,1.1433,1.1272,1.1388,10189516.0,2026-07-03 20:00:00
1783112400000,1.1388,1.1408,1.1267,1.1327,5337294.0,2026-07-03 21:00:00
1783116000000,1.1327,1.1348,1.127,1.1295,2449094.0,2026-07-03 22:00:00
1783119600000,1.1296,1.1374,1.1281,1.1341,3555698.0,2026-07-03 23:00:00
1783123200000,1.1341,1.1427,1.1331,1.141,5294955.0,2026-07-04 00:00:00
1783126800000,1.141,1.141,1.131,1.1328,4875594.0,2026-07-04 01:00:00
1783130400000,1.1329,1.1385,1.1317,1.1351,3426211.0,2026-07-04 02:00:00
1783134000000,1.1351,1.1409,1.1318,1.1375,2948014.0,2026-07-04 03:00:00
1783137600000,1.1375,1.1493,1.136,1.1474,5748958.0,2026-07-04 04:00:00
1783141200000,1.1473,1.1474,1.137,1.1388,5575386.0,2026-07-04 05:00:00
1783144800000,1.1388,1.1462,1.1332,1.1372,4940979.0,2026-07-04 06:00:00
1783148400000,1.1373,1.1424,1.1326,1.139,4186284.0,2026-07-04 07:00:00
1783152000000,1.1389,1.1485,1.1389,1.1412,6292365.0,2026-07-04 08:00:00
1783155600000,1.1412,1.1435,1.1343,1.1364,4537745.0,2026-07-04 09:00:00
1783159200000,1.1363,1.1418,1.1347,1.141,4255499.0,2026-07-04 10:00:00
1783162800000,1.1409,1.1439,1.1376,1.1396,4346126.0,2026-07-04 11:00:00
1783166400000,1.1395,1.1541,1.1395,1.1472,10332686.0,2026-07-04 12:00:00
1783170000000,1.1473,1.1607,1.1469,1.1522,13298500.0,2026-07-04 13:00:00
1783173600000,1.1522,1.1741,1.152,1.1729,22039261.0,2026-07-04 14:00:00
1783177200000,1.173,1.1802,1.1666,1.1718,14619347.0,2026-07-04 15:00:00
1783180800000,1.1718,1.1767,1.163,1.1734,7434736.0,2026-07-04 16:00:00
1783184400000,1.1735,1.1838,1.1672,1.1807,9898384.0,2026-07-04 17:00:00
1783188000000,1.1808,1.1821,1.1726,1.1742,3852363.0,2026-07-04 18:00:00
1783191600000,1.1742,1.1777,1.1661,1.1676,5798630.0,2026-07-04 19:00:00
1783195200000,1.1676,1.1691,1.1589,1.1622,6173027.0,2026-07-04 20:00:00
1783198800000,1.1621,1.1676,1.161,1.1656,2438110.0,2026-07-04 21:00:00
1783202400000,1.1655,1.1662,1.1596,1.1615,2474871.0,2026-07-04 22:00:00
1783206000000,1.1616,1.162,1.1535,1.1567,6070353.0,2026-07-04 23:00:00
1783209600000,1.1567,1.1569,1.1464,1.149,8617153.0,2026-07-05 00:00:00
1783213200000,1.149,1.1508,1.142,1.1449,6975202.0,2026-07-05 01:00:00
1783216800000,1.1449,1.145,1.1331,1.1369,7762899.0,2026-07-05 02:00:00
1783220400000,1.1368,1.1403,1.135,1.1377,4859816.0,2026-07-05 03:00:00
1783224000000,1.1378,1.1419,1.1362,1.1374,5866689.0,2026-07-05 04:00:00
1783227600000,1.1373,1.1374,1.1322,1.1359,6261087.0,2026-07-05 05:00:00
1783231200000,1.1359,1.139,1.1331,1.1377,3732665.0,2026-07-05 06:00:00
1783234800000,1.1377,1.1407,1.1347,1.1394,5070639.0,2026-07-05 07:00:00
1783238400000,1.1394,1.1409,1.1368,1.1381,3164655.0,2026-07-05 08:00:00
1783242000000,1.1382,1.1388,1.1257,1.1273,10308790.0,2026-07-05 09:00:00
1783245600000,1.1273,1.1302,1.1244,1.1289,6046637.0,2026-07-05 10:00:00
1783249200000,1.1289,1.1328,1.1275,1.1314,3267199.0,2026-07-05 11:00:00
1783252800000,1.1315,1.1363,1.128,1.1351,4567360.0,2026-07-05 12:00:00
1783256400000,1.135,1.1364,1.1301,1.1348,3289619.0,2026-07-05 13:00:00
1783260000000,1.1348,1.1372,1.1328,1.1364,2414667.0,2026-07-05 14:00:00
1783263600000,1.1364,1.141,1.134,1.1363,5795699.0,2026-07-05 15:00:00
1783267200000,1.1362,1.1384,1.1334,1.1343,3117012.0,2026-07-05 16:00:00
1783270800000,1.1344,1.1385,1.1315,1.1341,2572759.0,2026-07-05 17:00:00
1783274400000,1.1341,1.1397,1.1339,1.1354,3322567.0,2026-07-05 18:00:00
1783278000000,1.1353,1.1376,1.1329,1.1346,4700421.0,2026-07-05 19:00:00
1783281600000,1.1345,1.1375,1.134,1.1368,2833542.0,2026-07-05 20:00:00
1783285200000,1.1368,1.1476,1.1344,1.1438,4926962.0,2026-07-05 21:00:00
1783288800000,1.1438,1.1616,1.1418,1.1574,13190443.0,2026-07-05 22:00:00
1783292400000,1.1573,1.1691,1.1547,1.1567,10728670.0,2026-07-05 23:00:00
1783296000000,1.1567,1.1582,1.1451,1.1553,9434015.0,2026-07-06 00:00:00
1783299600000,1.1554,1.161,1.1516,1.152,5622323.0,2026-07-06 01:00:00
1783303200000,1.152,1.1541,1.1456,1.1481,7771494.0,2026-07-06 02:00:00
1783306800000,1.148,1.1501,1.1407,1.1468,6075465.0,2026-07-06 03:00:00
1783310400000,1.1469,1.1485,1.144,1.1454,3240431.0,2026-07-06 04:00:00
1783314000000,1.1454,1.1455,1.1359,1.1404,7874258.0,2026-07-06 05:00:00
1783317600000,1.1404,1.1409,1.1361,1.1373,4119944.0,2026-07-06 06:00:00
1783321200000,1.1373,1.1464,1.1357,1.1455,6015108.0,2026-07-06 07:00:00
1783324800000,1.1456,1.1509,1.139,1.1418,5797624.0,2026-07-06 08:00:00
1783328400000,1.1419,1.1421,1.1335,1.1355,6175593.0,2026-07-06 09:00:00
1783332000000,1.1355,1.1443,1.1354,1.1422,4634835.0,2026-07-06 10:00:00
1783335600000,1.1422,1.1433,1.134,1.1342,6074700.0,2026-07-06 11:00:00
1783339200000,1.1342,1.1347,1.1133,1.1146,25993184.0,2026-07-06 12:00:00
1783342800000,1.1147,1.1222,1.1088,1.1156,19328188.0,2026-07-06 13:00:00
1783346400000,1.1155,1.1266,1.1131,1.1232,9883588.0,2026-07-06 14:00:00
1783350000000,1.1232,1.1448,1.123,1.1441,13133985.0,2026-07-06 15:00:00
1783353600000,1.1442,1.154,1.1391,1.153,14426049.0,2026-07-06 16:00:00
1783357200000,1.1531,1.1588,1.1459,1.1465,10380136.0,2026-07-06 17:00:00
1783360800000,1.1465,1.15,1.1408,1.1478,5598440.0,2026-07-06 18:00:00
1783364400000,1.1478,1.1523,1.1446,1.1485,6039320.0,2026-07-06 19:00:00
1783368000000,1.1485,1.1486,1.1416,1.1436,5765900.0,2026-07-06 20:00:00
1783371600000,1.1436,1.1644,1.1432,1.1532,13337706.0,2026-07-06 21:00:00
1783375200000,1.1532,1.1544,1.1463,1.1474,3335872.0,2026-07-06 22:00:00
1783378800000,1.1473,1.1498,1.1434,1.1445,3282195.0,2026-07-06 23:00:00
1783382400000,1.1446,1.1511,1.144,1.1483,3947415.0,2026-07-07 00:00:00
1783386000000,1.1483,1.1483,1.1389,1.1406,6603482.0,2026-07-07 01:00:00
1783389600000,1.1406,1.1418,1.1291,1.1305,9548935.0,2026-07-07 02:00:00
1783393200000,1.1305,1.1334,1.1267,1.1285,7775238.0,2026-07-07 03:00:00
1783396800000,1.1285,1.1289,1.1224,1.1247,5047423.0,2026-07-07 04:00:00
1783400400000,1.1246,1.1288,1.1203,1.1268,6537403.0,2026-07-07 05:00:00
1783404000000,1.1269,1.1327,1.1241,1.1318,4133932.0,2026-07-07 06:00:00
1783407600000,1.1318,1.1345,1.1259,1.1261,5432411.0,2026-07-07 07:00:00
1783411200000,1.1261,1.1275,1.1233,1.1244,2762739.0,2026-07-07 08:00:00
1783414800000,1.1244,1.127,1.1233,1.1264,3744935.0,2026-07-07 09:00:00
1783418400000,1.1264,1.1298,1.121,1.1231,4435597.0,2026-07-07 10:00:00
1783422000000,1.1232,1.1251,1.1193,1.1246,5630132.0,2026-07-07 11:00:00
1783425600000,1.1246,1.1316,1.1242,1.1261,5772911.0,2026-07-07 12:00:00
1783429200000,1.1261,1.127,1.1182,1.1202,7458246.0,2026-07-07 13:00:00
1783432800000,1.1202,1.1255,1.1076,1.1245,18235293.0,2026-07-07 14:00:00
1783436400000,1.1246,1.1327,1.12,1.13,9048620.0,2026-07-07 15:00:00
1783440000000,1.13,1.1348,1.1244,1.1288,6564749.0,2026-07-07 16:00:00
1783443600000,1.1289,1.132,1.1258,1.132,3157791.0,2026-07-07 17:00:00
1783447200000,1.1319,1.1319,1.1187,1.119,6808731.0,2026-07-07 18:00:00
1783450800000,1.1189,1.1251,1.1127,1.1223,8989761.0,2026-07-07 19:00:00
1783454400000,1.1223,1.1226,1.1167,1.1181,2783659.0,2026-07-07 20:00:00
1783458000000,1.1181,1.121,1.1114,1.1128,4096092.0,2026-07-07 21:00:00
1783461600000,1.1128,1.1165,1.1066,1.115,6726329.0,2026-07-07 22:00:00
1783465200000,1.1149,1.1186,1.1106,1.1115,3399452.0,2026-07-07 23:00:00
1783468800000,1.1115,1.1159,1.1094,1.1134,5040841.0,2026-07-08 00:00:00
1783472400000,1.1134,1.115,1.0971,1.0985,16599759.0,2026-07-08 01:00:00
1783476000000,1.0984,1.1014,1.0893,1.0999,11514548.0,2026-07-08 02:00:00
1783479600000,1.0999,1.1041,1.0935,1.095,5099239.0,2026-07-08 03:00:00
1783483200000,1.0949,1.0969,1.0912,1.0943,5430354.0,2026-07-08 04:00:00
1783486800000,1.0943,1.0959,1.0882,1.0909,4555537.0,2026-07-08 05:00:00
1783490400000,1.0909,1.0921,1.0857,1.0908,4985409.0,2026-07-08 06:00:00
1783494000000,1.0908,1.0949,1.0874,1.0935,5444217.0,2026-07-08 07:00:00
1783497600000,1.0935,1.0947,1.0739,1.0797,18805468.0,2026-07-08 08:00:00
1783501200000,1.0798,1.082,1.0753,1.0787,5907480.0,2026-07-08 09:00:00
1783504800000,1.0788,1.0837,1.0759,1.0832,5355777.0,2026-07-08 10:00:00
1783508400000,1.0832,1.0885,1.0798,1.0862,5589651.0,2026-07-08 11:00:00
1783512000000,1.0861,1.0881,1.0815,1.0816,4794279.0,2026-07-08 12:00:00
1783515600000,1.0815,1.0872,1.0773,1.0809,14359274.0,2026-07-08 13:00:00
1783519200000,1.0809,1.0842,1.0736,1.0776,8319991.0,2026-07-08 14:00:00
1783522800000,1.0776,1.0781,1.0688,1.0731,11427789.0,2026-07-08 15:00:00
1783526400000,1.0731,1.0836,1.0726,1.0835,5940311.0,2026-07-08 16:00:00
1783530000000,1.0835,1.0946,1.0831,1.0859,10661090.0,2026-07-08 17:00:00
1783533600000,1.0858,1.0903,1.0821,1.0873,9388573.0,2026-07-08 18:00:00
1783537200000,1.0874,1.0954,1.084,1.0906,8607938.0,2026-07-08 19:00:00
1783540800000,1.0907,1.0925,1.087,1.0881,4656883.0,2026-07-08 20:00:00
1783544400000,1.0881,1.0909,1.0834,1.0904,2538028.0,2026-07-08 21:00:00
1783548000000,1.0904,1.0926,1.0889,1.0924,1822777.0,2026-07-08 22:00:00
1783551600000,1.0924,1.0924,1.0871,1.0901,2460155.0,2026-07-08 23:00:00
1783555200000,1.0901,1.0911,1.0865,1.0874,2910125.0,2026-07-09 00:00:00
1783558800000,1.0873,1.0985,1.0821,1.0828,7306347.0,2026-07-09 01:00:00
1783562400000,1.0829,1.0899,1.0818,1.0839,4008035.0,2026-07-09 02:00:00
1783566000000,1.0839,1.089,1.0822,1.0871,2834161.0,2026-07-09 03:00:00
1783569600000,1.0871,1.0941,1.0844,1.0936,3375239.0,2026-07-09 04:00:00
1783573200000,1.0935,1.0997,1.0908,1.0988,5838853.0,2026-07-09 05:00:00
1783576800000,1.0988,1.1021,1.0961,1.0996,2646269.0,2026-07-09 06:00:00
1783580400000,1.0995,1.1025,1.0944,1.0975,4147949.0,2026-07-09 07:00:00
1783584000000,1.0974,1.0988,1.0935,1.0949,3310471.0,2026-07-09 08:00:00
1783587600000,1.0949,1.095,1.0911,1.094,3014291.0,2026-07-09 09:00:00
1783591200000,1.094,1.0962,1.0895,1.0916,2729454.0,2026-07-09 10:00:00
1783594800000,1.0916,1.0934,1.09,1.0929,2394012.0,2026-07-09 11:00:00
1783598400000,1.093,1.0967,1.0901,1.0935,5685803.0,2026-07-09 12:00:00
1783602000000,1.0936,1.1013,1.0922,1.0986,4622583.0,2026-07-09 13:00:00
1783605600000,1.0986,1.1004,1.0899,1.0933,5815468.0,2026-07-09 14:00:00
1783609200000,1.0933,1.0964,1.0886,1.0894,5152634.0,2026-07-09 15:00:00
1783612800000,1.0895,1.0916,1.0857,1.0882,3092552.0,2026-07-09 16:00:00
1783616400000,1.0882,1.0976,1.0882,1.0958,2754314.0,2026-07-09 17:00:00
1783620000000,1.0958,1.1,1.0925,1.0944,3083848.0,2026-07-09 18:00:00
1783623600000,1.0943,1.0981,1.0915,1.0971,1885314.0,2026-07-09 19:00:00
1783627200000,1.097,1.0993,1.0949,1.0969,1082643.0,2026-07-09 20:00:00
1783630800000,1.0969,1.098,1.0963,1.0972,1131136.0,2026-07-09 21:00:00
1783634400000,1.0972,1.098,1.095,1.0954,1406184.0,2026-07-09 22:00:00
1783638000000,1.0954,1.0958,1.0919,1.0927,1821628.0,2026-07-09 23:00:00
1783641600000,1.0928,1.0931,1.0884,1.0915,3245020.0,2026-07-10 00:00:00
1783645200000,1.0915,1.1087,1.0895,1.1043,8338441.0,2026-07-10 01:00:00
1783648800000,1.1043,1.1092,1.1022,1.1071,4090497.0,2026-07-10 02:00:00
1783652400000,1.1072,1.1088,1.1033,1.1065,2372827.0,2026-07-10 03:00:00
1783656000000,1.1066,1.1118,1.1056,1.1088,3224825.0,2026-07-10 04:00:00
1783659600000,1.1087,1.11,1.1068,1.109,2464567.0,2026-07-10 05:00:00
1783663200000,1.1091,1.11,1.1042,1.1051,2419989.0,2026-07-10 06:00:00
1783666800000,1.1052,1.1074,1.103,1.105,1935817.0,2026-07-10 07:00:00
1783670400000,1.1051,1.115,1.1042,1.1115,4687583.0,2026-07-10 08:00:00
1783674000000,1.1114,1.1178,1.1092,1.1151,3416823.0,2026-07-10 09:00:00
1783677600000,1.1152,1.1174,1.1122,1.1136,2609071.0,2026-07-10 10:00:00
1783681200000,1.1137,1.1152,1.1085,1.112,3022575.0,2026-07-10 11:00:00
1783684800000,1.112,1.114,1.1068,1.1068,4112489.0,2026-07-10 12:00:00
1783688400000,1.1068,1.1125,1.1057,1.1096,4177846.0,2026-07-10 13:00:00
1783692000000,1.1097,1.11,1.0955,1.1004,12762193.0,2026-07-10 14:00:00
1783695600000,1.1004,1.1054,1.0994,1.1031,2779487.0,2026-07-10 15:00:00
1783699200000,1.1031,1.1055,1.0987,1.1045,3504381.0,2026-07-10 16:00:00
1783702800000,1.1045,1.1056,1.1002,1.1005,2356482.0,2026-07-10 17:00:00
1783706400000,1.1004,1.1042,1.0965,1.0991,4089225.0,2026-07-10 18:00:00
1783710000000,1.0991,1.1062,1.0978,1.1046,4409745.0,2026-07-10 19:00:00
1783713600000,1.1047,1.1059,1.1024,1.1034,2725587.0,2026-07-10 20:00:00
1783717200000,1.1034,1.1061,1.102,1.1043,1868666.0,2026-07-10 21:00:00
1783720800000,1.1042,1.1056,1.103,1.105,1163269.0,2026-07-10 22:00:00
1783724400000,1.105,1.105,1.1024,1.1041,1210908.0,2026-07-10 23:00:00
1783728000000,1.1041,1.1049,1.1009,1.1046,1778880.0,2026-07-11 00:00:00
1783731600000,1.1046,1.1077,1.1021,1.1024,1908630.0,2026-07-11 01:00:00
1783735200000,1.1022,1.1062,1.1017,1.1058,1506684.0,2026-07-11 02:00:00
1783738800000,1.1058,1.1092,1.1048,1.1072,2208327.0,2026-07-11 03:00:00
1783742400000,1.1071,1.1073,1.1034,1.1041,1794782.0,2026-07-11 04:00:00
1783746000000,1.104,1.1071,1.1032,1.106,1225003.0,2026-07-11 05:00:00
1783749600000,1.106,1.1088,1.1047,1.107,1471474.0,2026-07-11 06:00:00
1783753200000,1.1069,1.1087,1.1066,1.1072,1414831.0,2026-07-11 07:00:00
1783756800000,1.1072,1.1082,1.1051,1.108,1634561.0,2026-07-11 08:00:00
1783760400000,1.1079,1.1105,1.1058,1.1059,2127206.0,2026-07-11 09:00:00
1783764000000,1.1059,1.1087,1.1055,1.1083,1404502.0,2026-07-11 10:00:00
1783767600000,1.1084,1.1095,1.1072,1.108,1915815.0,2026-07-11 11:00:00
1783771200000,1.108,1.1088,1.1071,1.108,1391207.0,2026-07-11 12:00:00
1783774800000,1.108,1.1114,1.1077,1.1082,1341868.0,2026-07-11 13:00:00
1783778400000,1.1082,1.1151,1.1081,1.113,3541190.0,2026-07-11 14:00:00
1783782000000,1.1131,1.1179,1.1087,1.1127,6992730.0,2026-07-11 15:00:00
1783785600000,1.1126,1.1157,1.1104,1.1121,3430247.0,2026-07-11 16:00:00
1783789200000,1.112,1.1166,1.1108,1.1143,2590940.0,2026-07-11 17:00:00
1783792800000,1.1142,1.1178,1.1132,1.1164,1333049.0,2026-07-11 18:00:00
1783796400000,1.1164,1.1189,1.1136,1.1151,2678274.0,2026-07-11 19:00:00
1783800000000,1.1151,1.1157,1.1135,1.114,615142.0,2026-07-11 20:00:00
1783803600000,1.1139,1.116,1.1132,1.1143,2064963.0,2026-07-11 21:00:00
1783807200000,1.1142,1.1148,1.1072,1.1085,4747218.0,2026-07-11 22:00:00
1783810800000,1.1085,1.1089,1.0958,1.0962,8453252.0,2026-07-11 23:00:00
1783814400000,1.0961,1.098,1.0886,1.0925,9571812.0,2026-07-12 00:00:00
1783818000000,1.0925,1.0982,1.0918,1.0981,5963272.0,2026-07-12 01:00:00
1783821600000,1.0982,1.0982,1.0941,1.0954,2787287.0,2026-07-12 02:00:00
1783825200000,1.0954,1.0992,1.0947,1.0991,2475147.0,2026-07-12 03:00:00
1783828800000,1.099,1.0998,1.0937,1.0949,3014519.0,2026-07-12 04:00:00
1783832400000,1.095,1.0958,1.0931,1.0939,1595081.0,2026-07-12 05:00:00
1783836000000,1.0938,1.0938,1.0862,1.091,5118962.0,2026-07-12 06:00:00
1783839600000,1.0909,1.0931,1.0898,1.0909,1570092.0,2026-07-12 07:00:00
1783843200000,1.091,1.0945,1.0905,1.0933,2948619.0,2026-07-12 08:00:00
1783846800000,1.0934,1.0967,1.09,1.0943,3479333.0,2026-07-12 09:00:00
1783850400000,1.0943,1.0957,1.0932,1.0943,1647890.0,2026-07-12 10:00:00
1783854000000,1.0943,1.098,1.0922,1.0957,1823739.0,2026-07-12 11:00:00
1783857600000,1.0957,1.0996,1.0952,1.0986,2325534.0,2026-07-12 12:00:00
1783861200000,1.0986,1.1009,1.0967,1.0978,2141917.0,2026-07-12 13:00:00
1783864800000,1.0977,1.1038,1.0957,1.1011,3359213.0,2026-07-12 14:00:00
1783868400000,1.1012,1.1028,1.0992,1.1013,2430391.0,2026-07-12 15:00:00
1783872000000,1.1014,1.1033,1.0991,1.1013,2200621.0,2026-07-12 16:00:00
1783875600000,1.1013,1.102,1.0967,1.0979,1810583.0,2026-07-12 17:00:00
1783879200000,1.0979,1.1008,1.0967,1.1004,1083049.0,2026-07-12 18:00:00
1783882800000,1.1004,1.1011,1.0978,1.0999,710623.0,2026-07-12 19:00:00
1783886400000,1.0999,1.1005,1.0983,1.0988,1031650.0,2026-07-12 20:00:00
1783890000000,1.0989,1.1005,1.0925,1.0937,3038343.0,2026-07-12 21:00:00
1783893600000,1.0937,1.0937,1.0802,1.0858,9428200.0,2026-07-12 22:00:00
1783897200000,1.0857,1.087,1.0829,1.0853,3077620.0,2026-07-12 23:00:00
1783900800000,1.0853,1.1024,1.0832,1.0924,11259077.0,2026-07-13 00:00:00
1783904400000,1.0925,1.0934,1.0791,1.0804,8262575.0,2026-07-13 01:00:00
1783908000000,1.0803,1.083,1.0758,1.0793,9565473.0,2026-07-13 02:00:00
1783911600000,1.0792,1.0793,1.0667,1.0716,14110027.0,2026-07-13 03:00:00
1783915200000,1.0716,1.0752,1.0699,1.0721,4958552.0,2026-07-13 04:00:00
1783918800000,1.0722,1.0785,1.0697,1.0755,7025293.0,2026-07-13 05:00:00
1783922400000,1.0756,1.0775,1.0743,1.0773,3868983.0,2026-07-13 06:00:00
1783926000000,1.0774,1.081,1.0761,1.079,4003058.0,2026-07-13 07:00:00
1783929600000,1.079,1.0826,1.0778,1.0792,3056701.0,2026-07-13 08:00:00
1783933200000,1.0792,1.08,1.0779,1.0781,1990845.0,2026-07-13 09:00:00
1783936800000,1.0781,1.0788,1.0752,1.0767,3008877.0,2026-07-13 10:00:00
1783940400000,1.0767,1.0806,1.0767,1.0769,2227172.0,2026-07-13 11:00:00
1783944000000,1.0769,1.078,1.0693,1.0731,5184680.0,2026-07-13 12:00:00
1783947600000,1.073,1.0732,1.0652,1.0683,9179561.0,2026-07-13 13:00:00
1783951200000,1.0683,1.0777,1.0664,1.0769,10352599.0,2026-07-13 14:00:00
1783954800000,1.0769,1.0797,1.0716,1.0719,4457758.0,2026-07-13 15:00:00
1783958400000,1.072,1.0741,1.0658,1.0681,5839333.0,2026-07-13 16:00:00
1783962000000,1.068,1.07,1.0582,1.0584,7444506.0,2026-07-13 17:00:00
1783965600000,1.0584,1.0625,1.0555,1.061,7544204.0,2026-07-13 18:00:00
1783969200000,1.061,1.0701,1.0601,1.0668,6768908.0,2026-07-13 19:00:00
1783972800000,1.0668,1.0676,1.0584,1.0618,4752225.0,2026-07-13 20:00:00
1783976400000,1.0618,1.0619,1.0525,1.0589,4932355.0,2026-07-13 21:00:00
1783980000000,1.0588,1.0626,1.058,1.0581,2724958.0,2026-07-13 22:00:00
1783983600000,1.0581,1.0674,1.0567,1.0668,7440866.0,2026-07-13 23:00:00
1783987200000,1.0668,1.07,1.0638,1.0686,4970309.0,2026-07-14 00:00:00
1783990800000,1.0687,1.0704,1.0645,1.0646,2905400.0,2026-07-14 01:00:00
1783994400000,1.0646,1.067,1.062,1.0652,4194992.0,2026-07-14 02:00:00
1783998000000,1.0651,1.0669,1.0601,1.0655,4646698.0,2026-07-14 03:00:00
1784001600000,1.0656,1.0685,1.0635,1.0675,3927524.0,2026-07-14 04:00:00
1784005200000,1.0675,1.0728,1.0668,1.0707,5182207.0,2026-07-14 05:00:00
1784008800000,1.0708,1.071,1.0687,1.0691,1230868.0,2026-07-14 06:00:00
1784012400000,1.0691,1.0709,1.0669,1.0682,1749929.0,2026-07-14 07:00:00
1784016000000,1.0683,1.0709,1.0671,1.0683,1616196.0,2026-07-14 08:00:00
1784019600000,1.0683,1.0699,1.0671,1.0678,1148529.0,2026-07-14 09:00:00
1784023200000,1.0678,1.0716,1.0666,1.0704,3711489.0,2026-07-14 10:00:00
1784026800000,1.0705,1.0722,1.0686,1.0717,2579321.0,2026-07-14 11:00:00
1784030400000,1.0718,1.0906,1.0696,1.0887,22744539.0,2026-07-14 12:00:00
1784034000000,1.0888,1.1046,1.0848,1.0984,18686547.0,2026-07-14 13:00:00
1784037600000,1.0985,1.1043,1.094,1.1025,11425858.0,2026-07-14 14:00:00
1784041200000,1.1025,1.1103,1.0996,1.1043,16796427.0,2026-07-14 15:00:00
1784044800000,1.1043,1.1082,1.1023,1.1042,5481063.0,2026-07-14 16:00:00
1784048400000,1.1042,1.1046,1.0977,1.1038,6440672.0,2026-07-14 17:00:00
1784052000000,1.1039,1.1129,1.1028,1.1118,4349307.0,2026-07-14 18:00:00
1784055600000,1.1118,1.1204,1.1104,1.1149,12852594.0,2026-07-14 19:00:00
1784059200000,1.1148,1.1154,1.1077,1.1098,8337838.0,2026-07-14 20:00:00
1784062800000,1.1098,1.1105,1.1063,1.1076,4557057.0,2026-07-14 21:00:00
1784066400000,1.1076,1.1134,1.1046,1.1097,11452626.0,2026-07-14 22:00:00
1784070000000,1.1096,1.1121,1.1082,1.1111,2090322.0,2026-07-14 23:00:00
1784073600000,1.1112,1.1118,1.1062,1.1077,3836562.0,2026-07-15 00:00:00
1784077200000,1.1078,1.108,1.1018,1.1029,3355933.0,2026-07-15 01:00:00
1784080800000,1.1029,1.1037,1.0985,1.0989,3580228.0,2026-07-15 02:00:00
1784084400000,1.099,1.1049,1.0989,1.1037,6084247.0,2026-07-15 03:00:00
1784088000000,1.1037,1.106,1.1008,1.1029,2559102.0,2026-07-15 04:00:00
1784091600000,1.103,1.1066,1.0991,1.1061,2603355.0,2026-07-15 05:00:00
1784095200000,1.1062,1.1133,1.1053,1.1068,10783059.0,2026-07-15 06:00:00
1784098800000,1.1068,1.1075,1.1012,1.1032,2987888.0,2026-07-15 07:00:00
1784102400000,1.1032,1.1084,1.1026,1.1072,2457235.0,2026-07-15 08:00:00
1784106000000,1.1072,1.1119,1.107,1.1083,2641103.0,2026-07-15 09:00:00
1784109600000,1.1083,1.1096,1.1055,1.1079,1982897.0,2026-07-15 10:00:00
1784113200000,1.1078,1.1087,1.1063,1.1079,2334143.0,2026-07-15 11:00:00
1784116800000,1.1079,1.1212,1.105,1.1204,7967546.0,2026-07-15 12:00:00
1784120400000,1.1205,1.1287,1.1172,1.1214,20439325.0,2026-07-15 13:00:00
1784124000000,1.1213,1.1297,1.1177,1.1252,10884052.0,2026-07-15 14:00:00
1784127600000,1.1251,1.128,1.12,1.1257,6649072.0,2026-07-15 15:00:00
1784131200000,1.1257,1.1265,1.107,1.1133,12770605.0,2026-07-15 16:00:00
1784134800000,1.1133,1.1192,1.1106,1.117,6683791.0,2026-07-15 17:00:00
1784138400000,1.1169,1.1208,1.1111,1.1119,4119955.0,2026-07-15 18:00:00
1784142000000,1.1119,1.1143,1.1084,1.1093,3818321.0,2026-07-15 19:00:00
1784145600000,1.1094,1.1134,1.1073,1.1106,2562122.0,2026-07-15 20:00:00
1784149200000,1.1106,1.1155,1.1098,1.1149,3106697.0,2026-07-15 21:00:00
1784152800000,1.1148,1.1181,1.114,1.1154,3623765.0,2026-07-15 22:00:00
1784156400000,1.1154,1.1164,1.1114,1.1127,2135479.0,2026-07-15 23:00:00
1784160000000,1.1126,1.1158,1.1078,1.1102,5356801.0,2026-07-16 00:00:00
1784163600000,1.1102,1.1143,1.1053,1.1134,2930781.0,2026-07-16 01:00:00
1784167200000,1.1134,1.1167,1.1113,1.1163,2238963.0,2026-07-16 02:00:00
1784170800000,1.1163,1.1173,1.1112,1.1125,2112598.0,2026-07-16 03:00:00
1784174400000,1.1124,1.1134,1.1102,1.1132,1654438.0,2026-07-16 04:00:00
1784178000000,1.1133,1.1174,1.1127,1.1153,1923942.0,2026-07-16 05:00:00
1784181600000,1.1153,1.1176,1.1116,1.1137,3108703.0,2026-07-16 06:00:00
1784185200000,1.1137,1.115,1.1028,1.1058,7591360.0,2026-07-16 07:00:00
1784188800000,1.1058,1.1095,1.0991,1.1063,11993940.0,2026-07-16 08:00:00
1784192400000,1.1063,1.1074,1.1043,1.1046,2616779.0,2026-07-16 09:00:00
1784196000000,1.1045,1.109,1.1037,1.1082,2892719.0,2026-07-16 10:00:00
1784199600000,1.1081,1.1086,1.1047,1.1082,3548725.0,2026-07-16 11:00:00
1784203200000,1.1081,1.11,1.0994,1.101,5419616.0,2026-07-16 12:00:00
1784206800000,1.1009,1.1122,1.1006,1.1096,16950227.0,2026-07-16 13:00:00
1784210400000,1.1095,1.1159,1.108,1.1113,6443686.0,2026-07-16 14:00:00
1784214000000,1.1113,1.1179,1.1056,1.1141,9626902.0,2026-07-16 15:00:00
1784217600000,1.1142,1.1145,1.1068,1.1086,2637926.0,2026-07-16 16:00:00
1784221200000,1.1085,1.1085,1.0886,1.0939,20591617.0,2026-07-16 17:00:00
1784224800000,1.0939,1.0952,1.0875,1.0927,10414998.0,2026-07-16 18:00:00
1784228400000,1.0926,1.0988,1.0924,1.0965,4723317.0,2026-07-16 19:00:00
1784232000000,1.0965,1.0977,1.0945,1.097,2805369.0,2026-07-16 20:00:00
1784235600000,1.0969,1.0984,1.0947,1.0976,3377154.0,2026-07-16 21:00:00
1784239200000,1.0977,1.0985,1.089,1.0898,4281407.0,2026-07-16 22:00:00
1784242800000,1.0898,1.0907,1.0845,1.0865,6145575.0,2026-07-16 23:00:00
1784246400000,1.0864,1.0915,1.0824,1.0914,13238629.0,2026-07-17 00:00:00
1784250000000,1.0914,1.0953,1.0853,1.0874,5043739.0,2026-07-17 01:00:00
1784253600000,1.0873,1.0908,1.0853,1.0876,5122236.0,2026-07-17 02:00:00
1784257200000,1.0876,1.0945,1.0876,1.0919,3792955.0,2026-07-17 03:00:00
1784260800000,1.0919,1.0922,1.0865,1.0898,4633378.0,2026-07-17 04:00:00
1784264400000,1.0897,1.0901,1.0787,1.08,7523818.0,2026-07-17 05:00:00
1784268000000,1.0799,1.0873,1.0786,1.0868,4373796.0,2026-07-17 06:00:00
1784271600000,1.0867,1.0868,1.0818,1.0833,6729991.0,2026-07-17 07:00:00
1784275200000,1.0833,1.0855,1.0786,1.0842,5746161.0,2026-07-17 08:00:00
1784278800000,1.0841,1.0877,1.0838,1.0845,3912026.0,2026-07-17 09:00:00
1784282400000,1.0846,1.0876,1.0845,1.086,3612672.0,2026-07-17 10:00:00
1784286000000,1.0859,1.0865,1.0832,1.0841,2851571.0,2026-07-17 11:00:00
1784289600000,1.0841,1.0843,1.0774,1.0777,5774327.0,2026-07-17 12:00:00
1784293200000,1.0777,1.0803,1.0692,1.0798,15684482.0,2026-07-17 13:00:00
1784296800000,1.0799,1.0863,1.0799,1.0821,13650018.0,2026-07-17 14:00:00
1784300400000,1.082,1.083,1.0737,1.0828,8683914.0,2026-07-17 15:00:00
1784304000000,1.0828,1.0896,1.0808,1.0859,6716510.0,2026-07-17 16:00:00
1784307600000,1.0859,1.0954,1.0859,1.091,6305581.0,2026-07-17 17:00:00
1784311200000,1.0911,1.0935,1.0872,1.0916,5065299.0,2026-07-17 18:00:00
1784314800000,1.0916,1.0927,1.0851,1.0907,5492729.0,2026-07-17 19:00:00
1784318400000,1.0907,1.0907,1.0836,1.088,9972000.0,2026-07-17 20:00:00
1784322000000,1.088,1.0907,1.0868,1.0877,4803534.0,2026-07-17 21:00:00
1784325600000,1.0878,1.0884,1.0862,1.0878,2175052.0,2026-07-17 22:00:00
1784329200000,1.0878,1.0897,1.086,1.0883,1302104.0,2026-07-17 23:00:00
1784332800000,1.0883,1.0905,1.0862,1.0875,3928913.0,2026-07-18 00:00:00
1784336400000,1.0876,1.0895,1.0865,1.0878,1738831.0,2026-07-18 01:00:00
1784340000000,1.0878,1.0909,1.0873,1.0894,2651656.0,2026-07-18 02:00:00
1784343600000,1.0894,1.0909,1.0884,1.0895,1220159.0,2026-07-18 03:00:00
1784347200000,1.0895,1.0897,1.087,1.0873,1232034.0,2026-07-18 04:00:00
1784350800000,1.0873,1.0889,1.0861,1.0872,3096979.0,2026-07-18 05:00:00
1784354400000,1.0872,1.0892,1.0862,1.0885,1193371.0,2026-07-18 06:00:00
1784358000000,1.0885,1.09,1.0873,1.0881,2735818.0,2026-07-18 07:00:00
1784361600000,1.0881,1.0918,1.0869,1.0888,8795404.0,2026-07-18 08:00:00
1784365200000,1.0888,1.0892,1.0833,1.0857,5142857.0,2026-07-18 09:00:00
1784368800000,1.0856,1.0875,1.0855,1.0865,1624336.0,2026-07-18 10:00:00
1784372400000,1.0865,1.089,1.0856,1.0881,4169139.0,2026-07-18 11:00:00
1784376000000,1.088,1.0905,1.0851,1.0886,2268097.0,2026-07-18 12:00:00
1784379600000,1.0885,1.0885,1.0829,1.0853,2527569.0,2026-07-18 13:00:00
1784383200000,1.0854,1.0887,1.0843,1.0883,1975405.0,2026-07-18 14:00:00
1784386800000,1.0883,1.089,1.085,1.0859,2570058.0,2026-07-18 15:00:00
1784390400000,1.0859,1.0907,1.0859,1.0892,3080123.0,2026-07-18 16:00:00
1784394000000,1.0892,1.0938,1.087,1.0928,3571682.0,2026-07-18 17:00:00
1784397600000,1.0929,1.096,1.0892,1.0902,3889837.0,2026-07-18 18:00:00
1784401200000,1.0903,1.0933,1.0899,1.0929,2242234.0,2026-07-18 19:00:00
1784404800000,1.0929,1.0962,1.0919,1.0929,1671792.0,2026-07-18 20:00:00
1784408400000,1.0929,1.0979,1.0915,1.0932,6661604.0,2026-07-18 21:00:00
1784412000000,1.0932,1.0951,1.091,1.0928,2219229.0,2026-07-18 22:00:00
1784415600000,1.0928,1.0933,1.0911,1.0921,1357620.0,2026-07-18 23:00:00
1784419200000,1.0922,1.0938,1.0912,1.0938,2158222.0,2026-07-19 00:00:00
1784422800000,1.0939,1.0941,1.0921,1.0933,4515016.0,2026-07-19 01:00:00
1784426400000,1.0932,1.0993,1.0932,1.0965,4412822.0,2026-07-19 02:00:00
1784430000000,1.0965,1.0973,1.0922,1.0944,3911888.0,2026-07-19 03:00:00
1784433600000,1.0945,1.0981,1.0929,1.0959,3255567.0,2026-07-19 04:00:00
1784437200000,1.096,1.0973,1.095,1.0959,943829.0,2026-07-19 05:00:00
1784440800000,1.0959,1.0977,1.0948,1.0956,4831004.0,2026-07-19 06:00:00
1784444400000,1.0956,1.0969,1.0941,1.0946,3145351.0,2026-07-19 07:00:00
1784448000000,1.0947,1.0978,1.0944,1.0976,1609813.0,2026-07-19 08:00:00
1784451600000,1.0976,1.0986,1.0941,1.0948,1644317.0,2026-07-19 09:00:00
1784455200000,1.0947,1.099,1.0932,1.0972,1553708.0,2026-07-19 10:00:00
1784458800000,1.0972,1.0989,1.0958,1.0963,1768025.0,2026-07-19 11:00:00
1784462400000,1.0963,1.0965,1.0902,1.0949,3903924.0,2026-07-19 12:00:00
1784466000000,1.0949,1.0951,1.0916,1.0938,3155636.0,2026-07-19 13:00:00
1784469600000,1.0938,1.1012,1.0919,1.0982,7424682.0,2026-07-19 14:00:00
1784473200000,1.0981,1.0989,1.0962,1.0973,3008001.0,2026-07-19 15:00:00
1784476800000,1.0973,1.0978,1.0934,1.0935,2640589.0,2026-07-19 16:00:00
1784480400000,1.0934,1.096,1.0882,1.0938,4409154.0,2026-07-19 17:00:00
1784484000000,1.0938,1.0938,1.0888,1.0919,4094737.0,2026-07-19 18:00:00
1784487600000,1.0919,1.0943,1.0911,1.0942,2194001.0,2026-07-19 19:00:00
1784491200000,1.0942,1.0975,1.0942,1.0964,1932453.0,2026-07-19 20:00:00
1784494800000,1.0964,1.0968,1.0911,1.0925,2350480.0,2026-07-19 21:00:00
1784498400000,1.0924,1.1012,1.0916,1.097,5365816.0,2026-07-19 22:00:00
1784502000000,1.0971,1.0979,1.093,1.0972,2541709.0,2026-07-19 23:00:00
1784505600000,1.0972,1.106,1.0925,1.0956,10056575.0,2026-07-20 00:00:00
1784509200000,1.0956,1.108,1.094,1.0961,8113531.0,2026-07-20 01:00:00
1784512800000,1.0961,1.1031,1.0955,1.1006,4321413.0,2026-07-20 02:00:00
1784516400000,1.1007,1.1015,1.0963,1.0995,3528861.0,2026-07-20 03:00:00
1784520000000,1.0995,1.0999,1.0943,1.0952,2414432.0,2026-07-20 04:00:00
1784523600000,1.0952,1.0955,1.0855,1.0874,8195547.0,2026-07-20 05:00:00
1784527200000,1.0875,1.089,1.0825,1.0848,6821712.0,2026-07-20 06:00:00
1784530800000,1.0849,1.0902,1.0823,1.0896,2832026.0,2026-07-20 07:00:00
1784534400000,1.0895,1.0913,1.0854,1.0875,5224081.0,2026-07-20 08:00:00
1784538000000,1.0875,1.0925,1.0863,1.0895,3357295.0,2026-07-20 09:00:00
1784541600000,1.0895,1.0944,1.0892,1.0923,3467670.0,2026-07-20 10:00:00
1784545200000,1.0923,1.1065,1.0915,1.1055,11712020.0,2026-07-20 11:00:00
1784548800000,1.1055,1.1056,1.0976,1.0994,8381528.0,2026-07-20 12:00:00
1784552400000,1.0994,1.1006,1.0887,1.0905,9732047.0,2026-07-20 13:00:00
1784556000000,1.0904,1.0946,1.0856,1.0927,7912350.0,2026-07-20 14:00:00
1784559600000,1.0928,1.1135,1.0926,1.1122,16079917.0,2026-07-20 15:00:00
1784563200000,1.1121,1.1148,1.1097,1.1139,9628613.0,2026-07-20 16:00:00
1784566800000,1.1138,1.1169,1.1103,1.1148,7866680.0,2026-07-20 17:00:00
1784570400000,1.1148,1.1203,1.1133,1.114,11843694.0,2026-07-20 18:00:00
1784574000000,1.114,1.1181,1.1108,1.1164,9578257.0,2026-07-20 19:00:00
1784577600000,1.1164,1.1166,1.1123,1.1143,4585961.0,2026-07-20 20:00:00
1784581200000,1.1142,1.1183,1.114,1.1146,2495924.0,2026-07-20 21:00:00
1784584800000,1.1146,1.1146,1.1051,1.109,11062918.0,2026-07-20 22:00:00
1784588400000,1.109,1.1139,1.1087,1.1118,2419380.0,2026-07-20 23:00:00
1784592000000,1.1117,1.1172,1.1104,1.1156,3313818.0,2026-07-21 00:00:00
1784595600000,1.1155,1.1199,1.113,1.1132,6509760.0,2026-07-21 01:00:00
1784599200000,1.1132,1.1205,1.1113,1.1184,4245275.0,2026-07-21 02:00:00
1784602800000,1.1184,1.1253,1.1184,1.1237,5616454.0,2026-07-21 03:00:00
1784606400000,1.1237,1.1278,1.121,1.126,4927654.0,2026-07-21 04:00:00
1784610000000,1.1259,1.138,1.1252,1.1306,17701547.0,2026-07-21 05:00:00
1784613600000,1.1306,1.1361,1.1285,1.1336,5501230.0,2026-07-21 06:00:00
1784617200000,1.1335,1.1359,1.1308,1.1356,3533886.0,2026-07-21 07:00:00
1784620800000,1.1355,1.1371,1.1322,1.1326,6358488.0,2026-07-21 08:00:00
1784624400000,1.1325,1.136,1.1304,1.1343,2653262.0,2026-07-21 09:00:00
1784628000000,1.1343,1.1349,1.1293,1.1308,3654722.0,2026-07-21 10:00:00
1784631600000,1.1308,1.1368,1.1291,1.1358,4959569.0,2026-07-21 11:00:00
1784635200000,1.1358,1.1412,1.1338,1.1411,7214731.0,2026-07-21 12:00:00
1784638800000,1.1411,1.1445,1.1378,1.1404,9482845.0,2026-07-21 13:00:00
1784642400000,1.1404,1.1514,1.1391,1.1481,12300649.0,2026-07-21 14:00:00
1784646000000,1.1481,1.1562,1.1444,1.1543,12837855.0,2026-07-21 15:00:00
1784649600000,1.1543,1.1575,1.1477,1.1502,10301191.0,2026-07-21 16:00:00
1784653200000,1.1502,1.1611,1.1477,1.1573,10267044.0,2026-07-21 17:00:00
1784656800000,1.1572,1.1637,1.1525,1.1576,9560007.0,2026-07-21 18:00:00
1784660400000,1.1575,1.164,1.1525,1.1567,8005080.0,2026-07-21 19:00:00
1784664000000,1.1566,1.1572,1.1481,1.1484,6276193.0,2026-07-21 20:00:00
1784667600000,1.1484,1.1485,1.1445,1.1462,3995535.0,2026-07-21 21:00:00
1784671200000,1.1462,1.1465,1.1392,1.1417,5986779.0,2026-07-21 22:00:00
1784674800000,1.1417,1.1434,1.1376,1.1432,5468583.0,2026-07-21 23:00:00
1784678400000,1.1433,1.1474,1.1417,1.1454,5856362.0,2026-07-22 00:00:00
1784682000000,1.1454,1.146,1.1416,1.1438,3008315.0,2026-07-22 01:00:00
1784685600000,1.1438,1.1458,1.1403,1.1409,2629547.0,2026-07-22 02:00:00
1784689200000,1.1408,1.1415,1.1377,1.1387,4631207.0,2026-07-22 03:00:00
1784692800000,1.1386,1.1419,1.1381,1.1416,3352942.0,2026-07-22 04:00:00
1784696400000,1.1417,1.1419,1.1328,1.133,6533206.0,2026-07-22 05:00:00
1784700000000,1.133,1.1339,1.129,1.1316,7167443.0,2026-07-22 06:00:00
1784703600000,1.1317,1.1334,1.128,1.1303,4511571.0,2026-07-22 07:00:00
1784707200000,1.1304,1.1354,1.1303,1.1341,5465041.0,2026-07-22 08:00:00
1784710800000,1.1341,1.1362,1.1319,1.1346,3397245.0,2026-07-22 09:00:00
1784714400000,1.1346,1.1389,1.1337,1.1382,3748631.0,2026-07-22 10:00:00
1784718000000,1.1382,1.1399,1.1365,1.1382,4516121.0,2026-07-22 11:00:00
1784721600000,1.1383,1.1383,1.1329,1.1362,8415667.0,2026-07-22 12:00:00
1784725200000,1.1362,1.1434,1.1348,1.1423,8411403.0,2026-07-22 13:00:00
1784728800000,1.1422,1.1492,1.1356,1.1417,12110297.0,2026-07-22 14:00:00
1784732400000,1.1417,1.1555,1.1417,1.1509,11421041.0,2026-07-22 15:00:00
1784736000000,1.1509,1.1569,1.1463,1.153,8003601.0,2026-07-22 16:00:00
1784739600000,1.153,1.1533,1.1438,1.1471,4794605.0,2026-07-22 17:00:00
1784743200000,1.1472,1.148,1.1382,1.1411,7510751.0,2026-07-22 18:00:00
1784746800000,1.1411,1.1423,1.1353,1.1366,7143969.0,2026-07-22 19:00:00
1784750400000,1.1366,1.1385,1.1334,1.1376,4948414.0,2026-07-22 20:00:00
1784754000000,1.1376,1.142,1.1374,1.1419,2601500.0,2026-07-22 21:00:00
1784757600000,1.142,1.1424,1.138,1.142,3027790.0,2026-07-22 22:00:00
1784761200000,1.1419,1.1422,1.1354,1.1413,2680792.0,2026-07-22 23:00:00
1784764800000,1.1414,1.1445,1.1395,1.1404,3206678.0,2026-07-23 00:00:00
1784768400000,1.1403,1.1423,1.1374,1.1391,4453625.0,2026-07-23 01:00:00
1784772000000,1.139,1.139,1.1332,1.1376,5459163.0,2026-07-23 02:00:00
1784775600000,1.1376,1.1377,1.1327,1.1332,5226494.0,2026-07-23 03:00:00
1784779200000,1.1332,1.1371,1.1319,1.1354,3644540.0,2026-07-23 04:00:00
1784782800000,1.1355,1.1373,1.1329,1.134,2802677.0,2026-07-23 05:00:00
1784786400000,1.134,1.1366,1.1327,1.1361,1354644.0,2026-07-23 06:00:00
1784790000000,1.1362,1.1362,1.1292,1.1331,5456678.0,2026-07-23 07:00:00
1784793600000,1.1332,1.1363,1.1319,1.1353,3557434.0,2026-07-23 08:00:00
1784797200000,1.1352,1.1369,1.1321,1.1323,2178190.0,2026-07-23 09:00:00
1784800800000,1.1322,1.136,1.1309,1.1343,3367730.0,2026-07-23 10:00:00
1784804400000,1.1344,1.1357,1.1311,1.132,3242405.0,2026-07-23 11:00:00
1784808000000,1.132,1.1332,1.1187,1.1213,18745711.0,2026-07-23 12:00:00
1784811600000,1.1214,1.1215,1.1108,1.1109,22311437.0,2026-07-23 13:00:00
1784815200000,1.111,1.1154,1.1076,1.1093,9741183.0,2026-07-23 14:00:00
1784818800000,1.1094,1.1138,1.103,1.1121,18174619.0,2026-07-23 15:00:00
1784822400000,1.112,1.1122,1.1068,1.1079,5703008.0,2026-07-23 16:00:00
1784826000000,1.1079,1.1097,1.0997,1.1025,6305496.0,2026-07-23 17:00:00
1784829600000,1.1024,1.1061,1.1018,1.1049,5621880.0,2026-07-23 18:00:00
1784833200000,1.1049,1.1063,1.1019,1.1038,4055050.0,2026-07-23 19:00:00
1784836800000,1.1039,1.1126,1.1038,1.1123,6084297.0,2026-07-23 20:00:00
1784840400000,1.1123,1.1136,1.1087,1.1099,4271016.0,2026-07-23 21:00:00
1784844000000,1.1099,1.1127,1.1072,1.1116,2012650.0,2026-07-23 22:00:00
1784847600000,1.1117,1.1122,1.106,1.1073,1784836.0,2026-07-23 23:00:00
1784851200000,1.1073,1.1081,1.103,1.107,6183895.0,2026-07-24 00:00:00
1784854800000,1.107,1.1102,1.1063,1.1088,2439081.0,2026-07-24 01:00:00
1784858400000,1.1088,1.1093,1.1043,1.1058,2365682.0,2026-07-24 02:00:00
1784862000000,1.1058,1.1118,1.1051,1.1106,2950601.0,2026-07-24 03:00:00
1784865600000,1.1106,1.111,1.1056,1.1065,2747541.0,2026-07-24 04:00:00
1784869200000,1.1066,1.1101,1.1056,1.1093,2391827.0,2026-07-24 05:00:00
1784872800000,1.1094,1.1145,1.1091,1.1131,4341882.0,2026-07-24 06:00:00
1784876400000,1.1132,1.1211,1.1102,1.1135,9762439.0,2026-07-24 07:00:00
1784880000000,1.1135,1.1143,1.1106,1.1112,2711114.0,2026-07-24 08:00:00
1784883600000,1.1113,1.1119,1.1072,1.1079,3553869.0,2026-07-24 09:00:00
1784887200000,1.108,1.1084,1.1043,1.1065,2968253.0,2026-07-24 10:00:00
1784890800000,1.1066,1.1069,1.1011,1.1034,5820481.0,2026-07-24 11:00:00
1784894400000,1.1033,1.1048,1.0992,1.0993,4155792.0,2026-07-24 12:00:00
1784898000000,1.0993,1.0998,1.088,1.0922,24165592.0,2026-07-24 13:00:00
1784901600000,1.0922,1.0928,1.0862,1.0923,9072988.0,2026-07-24 14:00:00
1784905200000,1.0923,1.0939,1.0878,1.0906,6678112.0,2026-07-24 15:00:00
1784908800000,1.0906,1.0915,1.0844,1.086,6507947.0,2026-07-24 16:00:00
1784912400000,1.0859,1.0903,1.0848,1.0885,4913029.0,2026-07-24 17:00:00
1784916000000,1.0885,1.0886,1.0844,1.0868,3089642.0,2026-07-24 18:00:00
1784919600000,1.0867,1.0899,1.0846,1.0886,3544599.0,2026-07-24 19:00:00
1784923200000,1.0887,1.0914,1.0883,1.0902,2216534.0,2026-07-24 20:00:00
1784926800000,1.0901,1.0908,1.0877,1.0883,4264175.0,2026-07-24 21:00:00
1784930400000,1.0883,1.0921,1.0878,1.0912,1347557.0,2026-07-24 22:00:00
1784934000000,1.0911,1.0927,1.0901,1.0912,2247807.0,2026-07-24 23:00:00
1784937600000,1.0912,1.0937,1.0907,1.0932,4148018.0,2026-07-25 00:00:00
1784941200000,1.0931,1.0944,1.0917,1.0929,2871147.0,2026-07-25 01:00:00
1784944800000,1.0929,1.0942,1.091,1.0931,3041403.0,2026-07-25 02:00:00
1784948400000,1.093,1.0936,1.0908,1.0909,2542041.0,2026-07-25 03:00:00
1784952000000,1.0909,1.0937,1.0906,1.0929,2590696.0,2026-07-25 04:00:00
1784955600000,1.0929,1.0934,1.0895,1.0909,2477300.0,2026-07-25 05:00:00
1784959200000,1.0909,1.0919,1.087,1.0891,5554825.0,2026-07-25 06:00:00
1784962800000,1.089,1.0891,1.0863,1.0872,1981643.0,2026-07-25 07:00:00
1784966400000,1.0872,1.0882,1.0845,1.0863,4936304.0,2026-07-25 08:00:00
1784970000000,1.0864,1.0892,1.0855,1.088,1898078.0,2026-07-25 09:00:00
1784973600000,1.0881,1.0904,1.088,1.0902,1177283.0,2026-07-25 10:00:00
1784977200000,1.0901,1.091,1.0887,1.0894,2130297.0,2026-07-25 11:00:00
1784980800000,1.0894,1.0907,1.0886,1.0906,1903317.0,2026-07-25 12:00:00
1784984400000,1.0907,1.0931,1.0903,1.0909,4561824.0,2026-07-25 13:00:00
1784988000000,1.0909,1.0933,1.0899,1.0928,2074737.0,2026-07-25 14:00:00
1784991600000,1.0929,1.0999,1.0926,1.0978,3887894.0,2026-07-25 15:00:00
1784995200000,1.0979,1.1028,1.0967,1.1022,3196089.0,2026-07-25 16:00:00
1784998800000,1.1023,1.1073,1.1006,1.1028,4630299.0,2026-07-25 17:00:00
1785002400000,1.1029,1.1054,1.101,1.1024,1987925.0,2026-07-25 18:00:00
1785006000000,1.1024,1.1028,1.0987,1.1,2377795.0,2026-07-25 19:00:00
1785009600000,1.1,1.1005,1.0975,1.0978,1673542.0,2026-07-25 20:00:00
1785013200000,1.0977,1.1,1.0964,1.0986,4054931.0,2026-07-25 21:00:00
1785016800000,1.0987,1.1006,1.0977,1.0998,3903657.0,2026-07-25 22:00:00
1785020400000,1.0999,1.1003,1.097,1.0971,1459457.0,2026-07-25 23:00:00
1785024000000,1.097,1.0997,1.0964,1.0992,2558824.0,2026-07-26 00:00:00
1785027600000,1.0992,1.1002,1.0984,1.0993,1850745.0,2026-07-26 01:00:00
1785031200000,1.0993,1.1005,1.098,1.0999,1269433.0,2026-07-26 02:00:00
1785034800000,1.1,1.1017,1.0989,1.1008,2758032.0,2026-07-26 03:00:00
1785038400000,1.1009,1.104,1.0987,1.1012,3196952.0,2026-07-26 04:00:00
1785042000000,1.1012,1.1013,1.0981,1.0988,2438313.0,2026-07-26 05:00:00
1785045600000,1.0989,1.1,1.0948,1.0996,4864981.0,2026-07-26 06:00:00
1785049200000,1.0996,1.1004,1.0973,1.0982,2485044.0,2026-07-26 07:00:00
1785052800000,1.0982,1.099,1.0978,1.0989,1356129.0,2026-07-26 08:00:00
1785056400000,1.0988,1.1005,1.0982,1.0991,1182362.0,2026-07-26 09:00:00
1785060000000,1.0991,1.1011,1.0981,1.1001,1439215.0,2026-07-26 10:00:00
1785063600000,1.1,1.1005,1.0993,1.0999,1001049.0,2026-07-26 11:00:00
1785067200000,1.0999,1.1024,1.0979,1.0981,5502082.0,2026-07-26 12:00:00
1785070800000,1.0981,1.0983,1.0956,1.097,4901116.0,2026-07-26 13:00:00
1785074400000,1.0969,1.101,1.0953,1.0993,6810285.0,2026-07-26 14:00:00
1785078000000,1.0992,1.1048,1.0986,1.1041,5892197.0,2026-07-26 15:00:00
1785081600000,1.1041,1.1066,1.1013,1.1027,4952435.0,2026-07-26 16:00:00
1785085200000,1.1027,1.1028,1.1003,1.1013,2535386.0,2026-07-26 17:00:00
1785088800000,1.1013,1.1024,1.1001,1.1023,2771286.0,2026-07-26 18:00:00
1785092400000,1.1023,1.1026,1.1004,1.1016,1168583.0,2026-07-26 19:00:00
1785096000000,1.1015,1.1018,1.0998,1.1003,1530045.0,2026-07-26 20:00:00
1785099600000,1.1003,1.1054,1.0996,1.1033,2402365.0,2026-07-26 21:00:00
1785103200000,1.1033,1.1132,1.1033,1.112,10601346.0,2026-07-26 22:00:00
1785106800000,1.1121,1.1161,1.1097,1.1125,7293057.0,2026-07-26 23:00:00
1785110400000,1.1126,1.1128,1.107,1.1082,6738837.0,2026-07-27 00:00:00
1785114000000,1.1083,1.1098,1.1017,1.1075,5229898.0,2026-07-27 01:00:00
1785117600000,1.1075,1.1082,1.1045,1.1051,1989723.0,2026-07-27 02:00:00
1785121200000,1.1051,1.1077,1.1033,1.1068,2154633.0,2026-07-27 03:00:00
1785124800000,1.1068,1.1095,1.1051,1.1058,2916556.0,2026-07-27 04:00:00
1785128400000,1.1059,1.11,1.1054,1.1098,2217369.0,2026-07-27 05:00:00
1785132000000,1.1098,1.1144,1.1094,1.1103,5479364.0,2026-07-27 06:00:00
1785135600000,1.1103,1.111,1.1058,1.107,2941492.0,2026-07-27 07:00:00
1785139200000,1.1071,1.1075,1.1046,1.1059,2985208.0,2026-07-27 08:00:00
1785142800000,1.1058,1.1087,1.1033,1.1073,4292491.0,2026-07-27 09:00:00
1785146400000,1.1072,1.1088,1.1062,1.1074,1922729.0,2026-07-27 10:00:00
1785150000000,1.1073,1.1095,1.1035,1.1047,4698874.0,2026-07-27 11:00:00
1785153600000,1.1047,1.1066,1.0984,1.1045,12412442.0,2026-07-27 12:00:00
1785157200000,1.1046,1.1137,1.1015,1.107,11693502.0,2026-07-27 13:00:00
1785160800000,1.1071,1.1078,1.0845,1.0899,23756892.0,2026-07-27 14:00:00
1785164400000,1.0899,1.0913,1.0851,1.0856,6735223.0,2026-07-27 15:00:00
1785168000000,1.0855,1.0948,1.085,1.093,9086819.0,2026-07-27 16:00:00
1785171600000,1.093,1.0955,1.0897,1.0934,5464166.0,2026-07-27 17:00:00
1785175200000,1.0935,1.0942,1.0858,1.0895,7600858.0,2026-07-27 18:00:00
1785178800000,1.0895,1.0948,1.0877,1.0916,7272112.0,2026-07-27 19:00:00
1785182400000,1.0917,1.0932,1.0883,1.0904,3210039.0,2026-07-27 20:00:00
1785186000000,1.0903,1.0913,1.0857,1.0861,5059024.0,2026-07-27 21:00:00
1785189600000,1.0862,1.0862,1.0653,1.0661,26994176.0,2026-07-27 22:00:00
1785193200000,1.0661,1.0682,1.0615,1.0654,12949575.0,2026-07-27 23:00:00
1785196800000,1.0654,1.0657,1.0575,1.0583,8347009.0,2026-07-28 00:00:00
1785200400000,1.0583,1.0622,1.0534,1.057,13945006.0,2026-07-28 01:00:00
1785204000000,1.057,1.059,1.0552,1.0568,6655344.0,2026-07-28 02:00:00
1785207600000,1.0567,1.0597,1.0563,1.0577,4595676.0,2026-07-28 03:00:00
1785211200000,1.0576,1.0578,1.0549,1.0557,2817594.0,2026-07-28 04:00:00
1785214800000,1.0558,1.0602,1.0557,1.0571,3979390.0,2026-07-28 05:00:00
1785218400000,1.0571,1.0597,1.055,1.0592,4665633.0,2026-07-28 06:00:00
1785222000000,1.0592,1.0597,1.0535,1.0553,8113311.0,2026-07-28 07:00:00
1785225600000,1.0552,1.0572,1.0536,1.0558,3903002.0,2026-07-28 08:00:00
1785229200000,1.0559,1.0592,1.0546,1.0557,4284270.0,2026-07-28 09:00:00
1785232800000,1.0556,1.0573,1.0526,1.0549,5501219.0,2026-07-28 10:00:00
1785236400000,1.055,1.0552,1.0477,1.0487,12928966.0,2026-07-28 11:00:00
1785240000000,1.0486,1.0538,1.0478,1.0535,8473966.0,2026-07-28 12:00:00
1785243600000,1.0535,1.0551,1.0444,1.0501,19553250.0,2026-07-28 13:00:00
1785247200000,1.0501,1.0551,1.0458,1.0536,6101823.0,2026-07-28 14:00:00
1785250800000,1.0537,1.0671,1.0515,1.0647,13661011.0,2026-07-28 15:00:00
1785254400000,1.0647,1.0661,1.0613,1.0632,8812922.0,2026-07-28 16:00:00
1785258000000,1.0632,1.0632,1.0547,1.0573,4195430.0,2026-07-28 17:00:00
1785261600000,1.0574,1.0599,1.0547,1.0572,4424214.0,2026-07-28 18:00:00
1785265200000,1.0573,1.0625,1.0566,1.0604,3787441.0,2026-07-28 19:00:00
1785268800000,1.0604,1.063,1.0594,1.0628,4050728.0,2026-07-28 20:00:00
1785272400000,1.0627,1.0688,1.0627,1.0682,5081939.0,2026-07-28 21:00:00
1785276000000,1.0683,1.0699,1.0622,1.0625,4204199.0,2026-07-28 22:00:00
1785279600000,1.0624,1.0692,1.0584,1.0683,10227803.0,2026-07-28 23:00:00
1785283200000,1.0683,1.0799,1.0683,1.0786,14547548.0,2026-07-29 00:00:00
1785286800000,1.0785,1.0804,1.0709,1.0712,10884216.0,2026-07-29 01:00:00
1785290400000,1.0712,1.082,1.0695,1.0787,6281447.0,2026-07-29 02:00:00
1785294000000,1.0788,1.0805,1.0704,1.0708,5622889.0,2026-07-29 03:00:00
1785297600000,1.0709,1.0804,1.0673,1.08,9737610.0,2026-07-29 04:00:00
1785301200000,1.08,1.0908,1.0799,1.0853,10544723.0,2026-07-29 05:00:00
1785304800000,1.0854,1.0893,1.0823,1.0873,5956631.0,2026-07-29 06:00:00
1785308400000,1.0873,1.0901,1.0858,1.0898,3067530.0,2026-07-29 07:00:00
1785312000000,1.0899,1.0909,1.0843,1.0865,8206439.0,2026-07-29 08:00:00
1785315600000,1.0865,1.0932,1.0864,1.0878,6129758.0,2026-07-29 09:00:00
1785319200000,1.0878,1.0895,1.0857,1.0868,4268633.0,2026-07-29 10:00:00
1785322800000,1.0868,1.0886,1.0834,1.0836,6048406.0,2026-07-29 11:00:00
1785326400000,1.0837,1.0838,1.0745,1.0776,12100455.0,2026-07-29 12:00:00
1785330000000,1.0775,1.078,1.0702,1.075,8701675.0,2026-07-29 13:00:00
1785333600000,1.075,1.076,1.0688,1.0717,8032514.0,2026-07-29 14:00:00
1785337200000,1.0717,1.0732,1.0662,1.0676,8613107.0,2026-07-29 15:00:00
1785340800000,1.0675,1.0718,1.0654,1.0693,9334778.0,2026-07-29 16:00:00
1785344400000,1.0694,1.0799,1.0692,1.0798,6396348.0,2026-07-29 17:00:00
1785348000000,1.0798,1.0909,1.0755,1.0864,27082943.0,2026-07-29 18:00:00
1785351600000,1.0863,1.0893,1.0672,1.069,14604809.0,2026-07-29 19:00:00
1785355200000,1.0691,1.0702,1.0617,1.0654,12647436.0,2026-07-29 20:00:00
1785358800000,1.0654,1.0782,1.0631,1.0742,7482793.0,2026-07-29 21:00:00
1785362400000,1.0742,1.079,1.073,1.0738,3524018.0,2026-07-29 22:00:00
1785366000000,1.0738,1.0748,1.0702,1.073,2707583.0,2026-07-29 23:00:00
1785369600000,1.0731,1.0764,1.0678,1.07,3397966.0,2026-07-30 00:00:00
1785373200000,1.0699,1.0806,1.0694,1.0776,4665903.0,2026-07-30 01:00:00
1785376800000,1.0777,1.0798,1.0747,1.0748,1877741.0,2026-07-30 02:00:00
1785380400000,1.0748,1.0775,1.074,1.0747,1727817.0,2026-07-30 03:00:00
1785384000000,1.0748,1.0759,1.0724,1.0737,1918063.0,2026-07-30 04:00:00
1785387600000,1.0736,1.0774,1.0718,1.0758,2839735.0,2026-07-30 05:00:00
1785391200000,1.0757,1.0771,1.0722,1.0733,1739840.0,2026-07-30 06:00:00
1785394800000,1.0732,1.0794,1.0731,1.0762,4618182.0,2026-07-30 07:00:00
1785398400000,1.0763,1.0803,1.0745,1.0779,2675473.0,2026-07-30 08:00:00
1785402000000,1.0779,1.0823,1.0778,1.0804,3698555.0,2026-07-30 09:00:00
1785405600000,1.0804,1.0821,1.0773,1.0784,3815687.0,2026-07-30 10:00:00
1785409200000,1.0785,1.0845,1.0779,1.0833,4108295.0,2026-07-30 11:00:00
1785412800000,1.0833,1.0853,1.0811,1.0829,6223046.0,2026-07-30 12:00:00
1785416400000,1.0829,1.0885,1.0789,1.085,10464338.0,2026-07-30 13:00:00
1785420000000,1.0849,1.0902,1.0809,1.0867,7916739.0,2026-07-30 14:00:00
1785423600000,1.0868,1.0945,1.0852,1.0917,7494618.0,2026-07-30 15:00:00
1785427200000,1.0918,1.0936,1.0879,1.0894,4685630.0,2026-07-30 16:00:00
1785430800000,1.0895,1.0924,1.0866,1.0905,2877265.0,2026-07-30 17:00:00
1785434400000,1.0905,1.0921,1.0843,1.085,2842273.0,2026-07-30 18:00:00
1785438000000,1.085,1.0905,1.0844,1.0894,3973285.0,2026-07-30 19:00:00
1785441600000,1.0894,1.0917,1.0845,1.0849,5543115.0,2026-07-30 20:00:00
1785445200000,1.0849,1.0865,1.0836,1.0841,2867467.0,2026-07-30 21:00:00
1785448800000,1.084,1.0885,1.0831,1.0854,2029156.0,2026-07-30 22:00:00
1785452400000,1.0854,1.0894,1.0818,1.0824,5415093.0,2026-07-30 23:00:00
1785456000000,1.0825,1.0847,1.0807,1.0814,3621213.0,2026-07-31 00:00:00
1785459600000,1.0815,1.0895,1.0785,1.0802,7089067.0,2026-07-31 01:00:00
1785463200000,1.0801,1.0822,1.0782,1.0801,4287093.0,2026-07-31 02:00:00
1785466800000,1.08,1.0824,1.0773,1.0811,3642775.0,2026-07-31 03:00:00
1785470400000,1.081,1.0822,1.0802,1.0812,2324765.0,2026-07-31 04:00:00
1785474000000,1.0812,1.0827,1.0784,1.0798,3159209.0,2026-07-31 05:00:00
1785477600000,1.0798,1.0839,1.0787,1.0798,3830695.0,2026-07-31 06:00:00
1785481200000,1.0797,1.0797,1.0733,1.079,6172061.0,2026-07-31 07:00:00
1785484800000,1.0789,1.0798,1.075,1.0769,3568969.0,2026-07-31 08:00:00
1785488400000,1.0769,1.0771,1.0705,1.0716,4819836.0,2026-07-31 09:00:00
1785492000000,1.0715,1.0744,1.0703,1.073,4979332.0,2026-07-31 10:00:00
1785495600000,1.0731,1.0753,1.0707,1.0721,2309271.0,2026-07-31 11:00:00
1785499200000,1.0721,1.0723,1.0691,1.0719,6183976.0,2026-07-31 12:00:00
1785502800000,1.072,1.0739,1.0651,1.0658,8693929.0,2026-07-31 13:00:00
1785506400000,1.0658,1.0671,1.0566,1.0627,23996193.0,2026-07-31 14:00:00
1785510000000,1.0627,1.0647,1.0576,1.0601,7104942.0,2026-07-31 15:00:00
1785513600000,1.06,1.0634,1.0595,1.063,4043033.0,2026-07-31 16:00:00
1785517200000,1.063,1.0705,1.0628,1.0691,4068684.0,2026-07-31 17:00:00
1785520800000,1.069,1.0701,1.0628,1.0647,2342669.0,2026-07-31 18:00:00
1785524400000,1.0648,1.0659,1.0603,1.0613,5454543.0,2026-07-31 19:00:00
1785528000000,1.0613,1.0645,1.0609,1.0615,4199038.0,2026-07-31 20:00:00
1785531600000,1.0614,1.0647,1.0582,1.0601,10431055.0,2026-07-31 21:00:00
1785535200000,1.0601,1.0638,1.0589,1.0613,5035332.0,2026-07-31 22:00:00
1785538800000,1.0613,1.0629,1.0601,1.0611,2213304.0,2026-07-31 23:00:00
1785542400000,1.0612,1.0632,1.0612,1.0624,2202147.0,2026-08-01 00:00:00
1785546000000,1.0624,1.0646,1.0624,1.0644,1582028.0,2026-08-01 01:00:00
1785549600000,1.0645,1.0662,1.0644,1.0651,1293776.0,2026-08-01 02:00:00
1785553200000,1.0651,1.066,1.0636,1.0654,1562040.0,2026-08-01 03:00:00
1785556800000,1.0653,1.0666,1.0647,1.0664,1236159.0,2026-08-01 04:00:00
1785560400000,1.0664,1.0664,1.0619,1.0634,2594554.0,2026-08-01 05:00:00
1785564000000,1.0634,1.0646,1.0625,1.0633,1158179.0,2026-08-01 06:00:00
1785567600000,1.0634,1.0636,1.0608,1.0615,2059930.0,2026-08-01 07:00:00
1785571200000,1.0615,1.0622,1.0607,1.0618,1953533.0,2026-08-01 08:00:00
1785574800000,1.0619,1.0627,1.0606,1.0607,2492284.0,2026-08-01 09:00:00
1785578400000,1.0607,1.0633,1.0592,1.0619,2417423.0,2026-08-01 10:00:00
1785582000000,1.062,1.0632,1.0611,1.0632,1189765.0,2026-08-01 11:00:00
1785585600000,1.0632,1.0641,1.0626,1.0638,933151.0,2026-08-01 12:00:00
1785589200000,1.0638,1.0641,1.0622,1.0627,919885.0,2026-08-01 13:00:00
1785592800000,1.0627,1.0656,1.0627,1.0656,1957033.0,2026-08-01 14:00:00
1785596400000,1.0656,1.0656,1.0621,1.0622,1745846.0,2026-08-01 15:00:00
1785600000000,1.0621,1.0638,1.059,1.0604,3282334.0,2026-08-01 16:00:00
1785603600000,1.0604,1.0612,1.0563,1.0584,4730543.0,2026-08-01 17:00:00
1785607200000,1.0584,1.0593,1.0466,1.0526,13307079.0,2026-08-01 18:00:00
1785610800000,1.0526,1.0539,1.0507,1.0518,2967032.0,2026-08-01 19:00:00
1785614400000,1.0518,1.0556,1.051,1.0549,2995577.0,2026-08-01 20:00:00
1785618000000,1.055,1.0612,1.0547,1.0599,7947318.0,2026-08-01 21:00:00
1785621600000,1.0599,1.0616,1.0591,1.06,1856968.0,2026-08-01 22:00:00
1785625200000,1.0601,1.0615,1.0589,1.0599,2085872.0,2026-08-01 23:00:00
1785628800000,1.0599,1.0621,1.0599,1.062,4261691.0,2026-08-02 00:00:00
1785632400000,1.062,1.0682,1.062,1.0659,6637589.0,2026-08-02 01:00:00
1785636000000,1.0659,1.0757,1.0655,1.0757,10049866.0,2026-08-02 02:00:00
1785639600000,1.0757,1.0799,1.0743,1.077,5307236.0,2026-08-02 03:00:00
1785643200000,1.077,1.0836,1.0765,1.0815,5287134.0,2026-08-02 04:00:00
1785646800000,1.0814,1.0841,1.0799,1.0826,5132162.0,2026-08-02 05:00:00
1785650400000,1.0826,1.0853,1.081,1.0822,3301286.0,2026-08-02 06:00:00
1785654000000,1.0822,1.0847,1.0815,1.083,3409578.0,2026-08-02 07:00:00
1785657600000,1.0831,1.0838,1.0783,1.0796,5084504.0,2026-08-02 08:00:00
1785661200000,1.0795,1.0832,1.076,1.0824,4944705.0,2026-08-02 09:00:00
1785664800000,1.0823,1.0823,1.0789,1.0806,2535153.0,2026-08-02 10:00:00
1785668400000,1.0805,1.0822,1.0778,1.079,3154110.0,2026-08-02 11:00:00
1785672000000,1.0791,1.0812,1.0761,1.077,8385527.0,2026-08-02 12:00:00
1785675600000,1.077,1.0809,1.0768,1.0804,2316310.0,2026-08-02 13:00:00
1785679200000,1.0803,1.0826,1.0793,1.081,2313257.0,2026-08-02 14:00:00
1785682800000,1.0811,1.0823,1.0792,1.0797,1651225.0,2026-08-02 15:00:00
1785686400000,1.0797,1.0816,1.077,1.0803,2537948.0,2026-08-02 16:00:00
1785690000000,1.0803,1.0832,1.0797,1.0815,2143150.0,2026-08-02 17:00:00
1785693600000,1.0816,1.0866,1.0803,1.0809,6332524.0,2026-08-02 18:00:00
1785697200000,1.0808,1.082,1.0792,1.0814,3339955.0,2026-08-02 19:00:00
1785700800000,1.0815,1.0816,1.0797,1.0808,958794.0,2026-08-02 20:00:00
1785704400000,1.0809,1.0894,1.0808,1.086,4497556.0,2026-08-02 21:00:00
1785708000000,1.0861,1.093,1.0849,1.0849,5872347.0,2026-08-02 22:00:00
1785711600000,1.0849,1.0866,1.0821,1.0865,2734315.0,2026-08-02 23:00:00
1785715200000,1.0865,1.0874,1.0795,1.0807,5067679.0,2026-08-03 00:00:00
1785718800000,1.0806,1.081,1.0743,1.075,4796499.0,2026-08-03 01:00:00
1785722400000,1.075,1.0768,1.0724,1.0737,4454233.0,2026-08-03 02:00:00
1785726000000,1.0737,1.074,1.0678,1.0708,6517808.0,2026-08-03 03:00:00
1785729600000,1.0708,1.0731,1.0691,1.0697,6557471.0,2026-08-03 04:00:00
1785733200000,1.0697,1.0726,1.0694,1.072,4314486.0,2026-08-03 05:00:00
1785736800000,1.0719,1.0726,1.0671,1.0677,9730088.0,2026-08-03 06:00:00
1785740400000,1.0678,1.0692,1.0658,1.0675,6039414.0,2026-08-03 07:00:00
1785744000000,1.0675,1.0682,1.0619,1.067,7368584.0,2026-08-03 08:00:00
1785747600000,1.067,1.0717,1.0661,1.0711,4657448.0,2026-08-03 09:00:00
1785751200000,1.0711,1.072,1.0677,1.0695,2757747.0,2026-08-03 10:00:00
1785754800000,1.0696,1.0698,1.0629,1.0637,6095646.0,2026-08-03 11:00:00
1785758400000,1.0638,1.0659,1.0635,1.0655,3098359.0,2026-08-03 12:00:00
1785762000000,1.0655,1.0758,1.0649,1.0754,11293351.0,2026-08-03 13:00:00
1785765600000,1.0753,1.083,1.0724,1.0823,11084695.0,2026-08-03 14:00:00
1785769200000,1.0822,1.0867,1.0777,1.0833,10238613.0,2026-08-03 15:00:00
1785772800000,1.0834,1.0847,1.0785,1.0814,6019828.0,2026-08-03 16:00:00
1785776400000,1.0813,1.0845,1.0794,1.0806,6563059.0,2026-08-03 17:00:00
1785780000000,1.0807,1.0839,1.0801,1.0815,3824871.0,2026-08-03 18:00:00
1785783600000,1.0816,1.0828,1.0785,1.0796,4329236.0,2026-08-03 19:00:00
1785787200000,1.0796,1.0834,1.0786,1.0834,4332856.0,2026-08-03 20:00:00
1785790800000,1.0833,1.0837,1.0795,1.0796,3565926.0,2026-08-03 21:00:00
1785794400000,1.0795,1.0798,1.0736,1.0755,6695263.0,2026-08-03 22:00:00
1785798000000,1.0754,1.076,1.0725,1.0753,4434889.0,2026-08-03 23:00:00
1785801600000,1.0754,1.0762,1.0694,1.07,6655104.0,2026-08-04 00:00:00
1785805200000,1.07,1.079,1.0694,1.078,5190585.0,2026-08-04 01:00:00
1785808800000,1.078,1.0802,1.0747,1.0775,2526597.0,2026-08-04 02:00:00
1785812400000,1.0776,1.0782,1.0738,1.0768,2354274.0,2026-08-04 03:00:00
1785816000000,1.0769,1.0815,1.0757,1.0786,3880154.0,2026-08-04 04:00:00
1785819600000,1.0787,1.0795,1.0756,1.0757,3682228.0,2026-08-04 05:00:00
1785823200000,1.0757,1.0767,1.0717,1.0734,5866284.0,2026-08-04 06:00:00
1785826800000,1.0733,1.0793,1.0713,1.0784,3408730.0,2026-08-04 07:00:00
1785830400000,1.0783,1.0793,1.0733,1.0745,3210706.0,2026-08-04 08:00:00
1785834000000,1.0744,1.0748,1.0719,1.0726,1283191.0,2026-08-04 09:00:00
1785837600000,1.0727,1.0767,1.0698,1.0747,5962717.0,2026-08-04 10:00:00
1785841200000,1.0747,1.0791,1.0734,1.0788,5608708.0,2026-08-04 11:00:00
1785844800000,1.0787,1.079,1.075,1.0762,3196588.0,2026-08-04 12:00:00
1785848400000,1.0761,1.0785,1.0709,1.0715,7657784.0,2026-08-04 13:00:00
1785852000000,1.0715,1.0765,1.0703,1.0755,6387755.0,2026-08-04 14:00:00
1785855600000,1.0756,1.0799,1.0718,1.0768,7588377.0,2026-08-04 15:00:00
1785859200000,1.0769,1.0769,1.0731,1.074,2824740.0,2026-08-04 16:00:00
1785862800000,1.074,1.0778,1.0721,1.0732,2624446.0,2026-08-04 17:00:00
1785866400000,1.0732,1.0794,1.0731,1.0766,2474049.0,2026-08-04 18:00:00
1785870000000,1.0767,1.0825,1.0756,1.0797,3849840.0,2026-08-04 19:00:00
1785873600000,1.0797,1.0798,1.0735,1.0774,3601876.0,2026-08-04 20:00:00
1785877200000,1.0775,1.0779,1.0755,1.0759,2351564.0,2026-08-04 21:00:00
1785880800000,1.0758,1.0768,1.0738,1.0756,2178894.0,2026-08-04 22:00:00
1785884400000,1.0756,1.0784,1.0727,1.0731,4945008.0,2026-08-04 23:00:00
1785888000000,1.0731,1.0738,1.0685,1.0695,4217796.0,2026-08-05 00:00:00
1785891600000,1.0695,1.073,1.0675,1.0726,5202213.0,2026-08-05 01:00:00
1785895200000,1.0726,1.0764,1.072,1.0736,3597209.0,2026-08-05 02:00:00
1785898800000,1.0735,1.0744,1.0653,1.0672,5820845.0,2026-08-05 03:00:00
1785902400000,1.0671,1.0675,1.0659,1.0667,2648785.0,2026-08-05 04:00:00
1785906000000,1.0666,1.0725,1.0663,1.0693,2762867.0,2026-08-05 05:00:00
1785909600000,1.0692,1.0703,1.0679,1.0684,3266794.0,2026-08-05 06:00:00
1785913200000,1.0683,1.0687,1.063,1.0665,6618988.0,2026-08-05 07:00:00
1785916800000,1.0666,1.0673,1.0646,1.0652,3606114.0,2026-08-05 08:00:00
1785920400000,1.0653,1.0665,1.0641,1.0642,2540899.0,2026-08-05 09:00:00
1785924000000,1.0642,1.0643,1.0606,1.0612,6585762.0,2026-08-05 10:00:00
1785927600000,1.0613,1.0622,1.0594,1.0606,6484535.0,2026-08-05 11:00:00
1785931200000,1.0605,1.0682,1.06,1.0634,7641510.0,2026-08-05 12:00:00
1785934800000,1.0633,1.0637,1.0541,1.0613,14172267.0,2026-08-05 13:00:00
1785938400000,1.0612,1.0649,1.059,1.0646,7657480.0,2026-08-05 14:00:00
1785942000000,1.0645,1.0666,1.0598,1.0601,6109829.0,2026-08-05 15:00:00
1785945600000,1.06,1.0687,1.0598,1.0665,6554248.0,2026-08-05 16:00:00
1785949200000,1.0665,1.0713,1.0661,1.0697,5630664.0,2026-08-05 17:00:00
1785952800000,1.0696,1.0727,1.068,1.0688,5286067.0,2026-08-05 18:00:00
1785956400000,1.0688,1.0715,1.0679,1.0693,5136317.0,2026-08-05 19:00:00
1785960000000,1.0694,1.0719,1.0669,1.069,4168425.0,2026-08-05 20:00:00
1785963600000,1.0691,1.0691,1.0633,1.0644,6421402.0,2026-08-05 21:00:00
1785967200000,1.0643,1.065,1.0616,1.0617,1780172.0,2026-08-05 22:00:00
1785970800000,1.0617,1.0629,1.0599,1.0617,3039744.0,2026-08-05 23:00:00
1785974400000,1.0617,1.0629,1.0605,1.062,2446518.0,2026-08-06 00:00:00
1785978000000,1.062,1.062,1.0524,1.0531,5716336.0,2026-08-06 01:00:00
1785981600000,1.0532,1.0541,1.041,1.0466,24757535.0,2026-08-06 02:00:00
1785985200000,1.0465,1.0472,1.0408,1.0427,6163637.0,2026-08-06 03:00:00
1785988800000,1.0427,1.0478,1.0392,1.0473,8795242.0,2026-08-06 04:00:00
1785992400000,1.0473,1.0516,1.0473,1.0515,5079296.0,2026-08-06 05:00:00
1785996000000,1.0515,1.0519,1.049,1.0512,4997757.0,2026-08-06 06:00:00
1785999600000,1.0511,1.0514,1.0475,1.0487,4270016.0,2026-08-06 07:00:00
1786003200000,1.0486,1.0578,1.0478,1.0552,11019872.0,2026-08-06 08:00:00
1786006800000,1.0551,1.0562,1.0411,1.0448,13106614.0,2026-08-06 09:00:00
1786010400000,1.0449,1.047,1.0419,1.0469,4258469.0,2026-08-06 10:00:00
1786014000000,1.047,1.0512,1.045,1.0499,4133670.0,2026-08-06 11:00:00
1786017600000,1.0498,1.0498,1.0454,1.0461,3733594.0,2026-08-06 12:00:00
1786021200000,1.046,1.0469,1.0419,1.0451,6768075.0,2026-08-06 13:00:00
1786024800000,1.0452,1.0476,1.0417,1.047,7006419.0,2026-08-06 14:00:00
1786028400000,1.047,1.0536,1.0468,1.0485,6552285.0,2026-08-06 15:00:00
1786032000000,1.0486,1.0494,1.0424,1.0453,7623396.0,2026-08-06 16:00:00
1786035600000,1.0453,1.0486,1.0398,1.0409,6957319.0,2026-08-06 17:00:00
1786039200000,1.0408,1.0424,1.0335,1.0354,17438302.0,2026-08-06 18:00:00
1786042800000,1.0353,1.038,1.0319,1.0343,11506829.0,2026-08-06 19:00:00
1786046400000,1.0344,1.0369,1.0321,1.0327,3765849.0,2026-08-06 20:00:00
1786050000000,1.0328,1.036,1.032,1.0355,7377436.0,2026-08-06 21:00:00
1786053600000,1.0355,1.0369,1.0344,1.0367,1927458.0,2026-08-06 22:00:00
1786057200000,1.0366,1.0367,1.0294,1.0346,6811207.0,2026-08-06 23:00:00
1786060800000,1.0345,1.0362,1.0308,1.0358,5349352.0,2026-08-07 00:00:00
1786064400000,1.0358,1.0386,1.0347,1.0373,3181159.0,2026-08-07 01:00:00
1786068000000,1.0373,1.0377,1.0271,1.0299,13294499.0,2026-08-07 02:00:00
1786071600000,1.0298,1.0307,1.0189,1.0207,16046883.0,2026-08-07 03:00:00
1786075200000,1.0206,1.0231,1.0173,1.0201,12536907.0,2026-08-07 04:00:00
1786078800000,1.02,1.0222,1.0146,1.0205,16702485.0,2026-08-07 05:00:00
1786082400000,1.0205,1.0282,1.0201,1.0255,9752689.0,2026-08-07 06:00:00
1786086000000,1.0255,1.0284,1.0243,1.0279,4213943.0,2026-08-07 07:00:00
1786089600000,1.0279,1.0313,1.0264,1.0305,7340747.0,2026-08-07 08:00:00
1786093200000,1.0304,1.0367,1.0304,1.0354,14515459.0,2026-08-07 09:00:00
1786096800000,1.0354,1.0369,1.0336,1.0339,5744832.0,2026-08-07 10:00:00
1786100400000,1.0338,1.0363,1.0316,1.0333,4967299.0,2026-08-07 11:00:00
1786104000000,1.0333,1.043,1.0329,1.0375,16354761.0,2026-08-07 12:00:00
1786107600000,1.0375,1.0408,1.035,1.0357,8368566.0,2026-08-07 13:00:00
1786111200000,1.0357,1.0359,1.0249,1.0265,14911500.0,2026-08-07 14:00:00
1786114800000,1.0266,1.0299,1.0256,1.0272,3050395.0,2026-08-07 15:00:00
1786118400000,1.0273,1.03,1.0149,1.0149,11515653.0,2026-08-07 16:00:00
1786122000000,1.0149,1.0183,1.012,1.0161,14540002.0,2026-08-07 17:00:00
1786125600000,1.016,1.0212,1.0136,1.0177,7584033.0,2026-08-07 18:00:00
1786129200000,1.0177,1.0249,1.0175,1.023,6706085.0,2026-08-07 19:00:00
1786132800000,1.023,1.0258,1.0226,1.0248,2760701.0,2026-08-07 20:00:00
1786136400000,1.0248,1.0274,1.0216,1.0226,6047981.0,2026-08-07 21:00:00
1786140000000,1.0226,1.0234,1.0183,1.02,4186771.0,2026-08-07 22:00:00
1786143600000,1.02,1.0234,1.02,1.0202,3053951.0,2026-08-07 23:00:00
1786147200000,1.0202,1.0251,1.0195,1.0244,3807365.0,2026-08-08 00:00:00
1786150800000,1.0244,1.0309,1.0243,1.0294,4158415.0,2026-08-08 01:00:00
1786154400000,1.0294,1.0313,1.029,1.0302,3681113.0,2026-08-08 02:00:00
1786158000000,1.0302,1.0381,1.0302,1.0368,6519970.0,2026-08-08 03:00:00
1786161600000,1.0368,1.0389,1.0337,1.0344,5153945.0,2026-08-08 04:00:00
1786165200000,1.0344,1.0354,1.0314,1.0327,4231430.0,2026-08-08 05:00:00
1786168800000,1.0328,1.0353,1.0323,1.0342,2746555.0,2026-08-08 06:00:00
1786172400000,1.0342,1.0346,1.0322,1.034,2169898.0,2026-08-08 07:00:00
1786176000000,1.0341,1.0356,1.033,1.0355,3196234.0,2026-08-08 08:00:00
1786179600000,1.0356,1.0377,1.0347,1.0352,2942182.0,2026-08-08 09:00:00
1786183200000,1.0352,1.0399,1.035,1.0387,4171106.0,2026-08-08 10:00:00
1786186800000,1.0387,1.0399,1.0361,1.0372,3545209.0,2026-08-08 11:00:00
1786190400000,1.0372,1.0428,1.0366,1.0406,4613728.0,2026-08-08 12:00:00
1786194000000,1.0406,1.0424,1.0398,1.0411,4102860.0,2026-08-08 13:00:00
1786197600000,1.041,1.0453,1.041,1.0442,7013451.0,2026-08-08 14:00:00
1786201200000,1.0443,1.0462,1.0418,1.0448,6932611.0,2026-08-08 15:00:00
1786204800000,1.0448,1.0482,1.0448,1.0468,5192408.0,2026-08-08 16:00:00
1786208400000,1.0468,1.0474,1.0451,1.0452,3051961.0,2026-08-08 17:00:00
1786212000000,1.0453,1.0453,1.0412,1.0417,5348462.0,2026-08-08 18:00:00
1786215600000,1.0417,1.0432,1.0396,1.0422,2922504.0,2026-08-08 19:00:00
1786219200000,1.0421,1.0431,1.0417,1.0421,1070354.0,2026-08-08 20:00:00
1786222800000,1.042,1.0435,1.0417,1.0425,1065187.0,2026-08-08 21:00:00
1786226400000,1.0426,1.0431,1.0384,1.0385,2775957.0,2026-08-08 22:00:00
1786230000000,1.0384,1.0392,1.0366,1.0391,3312728.0,2026-08-08 23:00:00
1786233600000,1.039,1.0402,1.037,1.0391,3098776.0,2026-08-09 00:00:00
1786237200000,1.0391,1.0403,1.0349,1.0355,6063096.0,2026-08-09 01:00:00
1786240800000,1.0355,1.0364,1.0337,1.0348,3920736.0,2026-08-09 02:00:00
1786244400000,1.0348,1.0381,1.0337,1.0366,4575366.0,2026-08-09 03:00:00
1786248000000,1.0367,1.0389,1.0365,1.0373,1826496.0,2026-08-09 04:00:00
1786251600000,1.0373,1.0381,1.034,1.0361,3571466.0,2026-08-09 05:00:00
1786255200000,1.0361,1.041,1.0357,1.0406,5055900.0,2026-08-09 06:00:00
1786258800000,1.0406,1.041,1.0361,1.0367,3106535.0,2026-08-09 07:00:00
1786262400000,1.0367,1.0389,1.0303,1.0332,9978468.0,2026-08-09 08:00:00
1786266000000,1.0332,1.0354,1.0322,1.0352,5064923.0,2026-08-09 09:00:00
1786269600000,1.0352,1.0376,1.0352,1.0364,2875732.0,2026-08-09 10:00:00
1786273200000,1.0364,1.0368,1.035,1.0364,1479789.0,2026-08-09 11:00:00
1786276800000,1.0364,1.0372,1.0348,1.0367,1949800.0,2026-08-09 12:00:00
1786280400000,1.0366,1.0404,1.0365,1.0381,4486646.0,2026-08-09 13:00:00
1786284000000,1.0382,1.0428,1.0377,1.0421,4093879.0,2026-08-09 14:00:00
1786287600000,1.0422,1.0436,1.041,1.0429,3128568.0,2026-08-09 15:00:00
1786291200000,1.043,1.0455,1.0414,1.0437,3989757.0,2026-08-09 16:00:00
1786294800000,1.0437,1.044,1.041,1.0411,2062536.0,2026-08-09 17:00:00
1786298400000,1.0411,1.0421,1.0389,1.0397,2932433.0,2026-08-09 18:00:00
1786302000000,1.0397,1.0418,1.0394,1.0415,1461943.0,2026-08-09 19:00:00
1786305600000,1.0415,1.0418,1.0391,1.0416,2339964.0,2026-08-09 20:00:00
1786309200000,1.0416,1.0447,1.0407,1.0423,2332196.0,2026-08-09 21:00:00
1786312800000,1.0424,1.0473,1.0344,1.0365,6992366.0,2026-08-09 22:00:00
1786316400000,1.0365,1.0377,1.0274,1.0294,8324450.0,2026-08-09 23:00:00
1786320000000,1.0293,1.0371,1.0271,1.0307,9951336.0,2026-08-10 00:00:00
1786323600000,1.0308,1.0405,1.0277,1.0373,7467043.0,2026-08-10 01:00:00
1786327200000,1.0373,1.0379,1.0281,1.0343,8422219.0,2026-08-10 02:00:00
1786330800000,1.0343,1.0358,1.0278,1.0309,7134448.0,2026-08-10 03:00:00
1786334400000,1.0308,1.0339,1.0285,1.031,2673404.0,2026-08-10 04:00:00
1786338000000,1.0309,1.036,1.0303,1.0347,2940194.0,2026-08-10 05:00:00
1786341600000,1.0348,1.038,1.0343,1.0378,3269017.0,2026-08-10 06:00:00
1786345200000,1.0379,1.0397,1.0361,1.0368,2752663.0,2026-08-10 07:00:00
1786348800000,1.0369,1.0383,1.0309,1.0336,6197182.0,2026-08-10 08:00:00
1786352400000,1.0335,1.0344,1.0296,1.0301,4150640.0,2026-08-10 09:00:00
1786356000000,1.0301,1.0323,1.0295,1.0318,2209546.0,2026-08-10 10:00:00
1786359600000,1.0319,1.0342,1.0306,1.0342,3072956.0,2026-08-10 11:00:00
1786363200000,1.0341,1.0354,1.0274,1.0282,4634768.0,2026-08-10 12:00:00
1786366800000,1.0282,1.0291,1.0224,1.0256,11071982.0,2026-08-10 13:00:00
1786370400000,1.0255,1.0319,1.0253,1.0265,7865296.0,2026-08-10 14:00:00
1786374000000,1.0264,1.0268,1.0203,1.0226,15003363.0,2026-08-10 15:00:00
1786377600000,1.0226,1.0252,1.0162,1.0181,14449556.0,2026-08-10 16:00:00
1786381200000,1.0182,1.0218,1.0173,1.0196,3521536.0,2026-08-10 17:00:00
1786384800000,1.0195,1.0204,1.0151,1.0172,4459387.0,2026-08-10 18:00:00
1786388400000,1.0172,1.0231,1.0169,1.02,2953498.0,2026-08-10 19:00:00
1786392000000,1.0201,1.0207,1.0186,1.0192,1759055.0,2026-08-10 20:00:00
1786395600000,1.0192,1.0214,1.0162,1.0166,2990852.0,2026-08-10 21:00:00
1786399200000,1.0167,1.0172,1.0045,1.0113,21631419.0,2026-08-10 22:00:00
1786402800000,1.0112,1.0131,1.01,1.0117,11309247.0,2026-08-10 23:00:00
1786406400000,1.0117,1.0129,1.0092,1.0123,9417253.0,2026-08-11 00:00:00
1786410000000,1.0122,1.0158,1.0106,1.0152,4019311.0,2026-08-11 01:00:00
1786413600000,1.0151,1.016,1.0124,1.0128,2085118.0,2026-08-11 02:00:00
1786417200000,1.0128,1.0145,1.0123,1.0141,3409598.0,2026-08-11 03:00:00
1786420800000,1.0141,1.015,1.0125,1.0126,2781147.0,2026-08-11 04:00:00
1786424400000,1.0125,1.0134,1.0094,1.0094,4814636.0,2026-08-11 05:00:00
1786428000000,1.0093,1.0114,1.0014,1.0059,15458600.0,2026-08-11 06:00:00
1786431600000,1.0059,1.007,1.0024,1.0044,9186765.0,2026-08-11 07:00:00
1786435200000,1.0044,1.0059,1.0017,1.0052,8866718.0,2026-08-11 08:00:00
1786438800000,1.0053,1.007,1.004,1.0065,4391693.0,2026-08-11 09:00:00
1786442400000,1.0064,1.0066,1.0009,1.0049,7601026.0,2026-08-11 10:00:00
1786446000000,1.005,1.0095,1.0049,1.0076,8323059.0,2026-08-11 11:00:00
1786449600000,1.0076,1.0088,1.0036,1.0036,5204967.0,2026-08-11 12:00:00
1786453200000,1.0036,1.0094,1.0023,1.0081,10583853.0,2026-08-11 13:00:00
1786456800000,1.0081,1.0107,0.9876,0.9938,51194970.0,2026-08-11 14:00:00
1786460400000,0.9938,1.0076,0.9931,1.0033,43209229.0,2026-08-11 15:00:00
1786464000000,1.0033,1.0107,1.0017,1.0093,16290136.0,2026-08-11 16:00:00
1786467600000,1.0093,1.016,1.0088,1.0139,16689090.0,2026-08-11 17:00:00
1786471200000,1.0139,1.0188,1.0078,1.0125,12052910.0,2026-08-11 18:00:00
1786474800000,1.0125,1.0157,1.0088,1.015,8960412.0,2026-08-11 19:00:00
1786478400000,1.0151,1.0242,1.015,1.0171,11967789.0,2026-08-11 20:00:00
1786482000000,1.017,1.0259,1.0168,1.0239,11200487.0,2026-08-11 21:00:00
1786485600000,1.0238,1.0255,1.0198,1.0206,3980897.0,2026-08-11 22:00:00
1786489200000,1.0206,1.023,1.0181,1.0223,4233508.0,2026-08-11 23:00:00
1786492800000,1.0223,1.0227,1.0206,1.0217,3286474.0,2026-08-12 00:00:00
1786496400000,1.0218,1.0243,1.0217,1.0223,4276469.0,2026-08-12 01:00:00
1786500000000,1.0224,1.0249,1.0188,1.0206,5474807.0,2026-08-12 02:00:00
1786503600000,1.0207,1.0214,1.0188,1.0196,3012278.0,2026-08-12 03:00:00
1786507200000,1.0197,1.0211,1.0187,1.0198,2790448.0,2026-08-12 04:00:00
1786510800000,1.0199,1.0226,1.0185,1.0212,3080887.0,2026-08-12 05:00:00
1786514400000,1.0211,1.0211,1.0172,1.0191,4701455.0,2026-08-12 06:00:00
1786518000000,1.0192,1.0217,1.0174,1.0201,2962809.0,2026-08-12 07:00:00
1786521600000,1.0202,1.0209,1.0165,1.0168,3936896.0,2026-08-12 08:00:00
1786525200000,1.0167,1.0252,1.0165,1.0236,7933833.0,2026-08-12 09:00:00
1786528800000,1.0237,1.0253,1.0203,1.0208,4274173.0,2026-08-12 10:00:00
1786532400000,1.0209,1.0221,1.0197,1.0221,3502820.0,2026-08-12 11:00:00
1786536000000,1.0222,1.026,1.0146,1.0168,21856982.0,2026-08-12 12:00:00
1786539600000,1.0168,1.0181,1.013,1.0145,8619528.0,2026-08-12 13:00:00
1786543200000,1.0144,1.0159,1.0076,1.0087,14985903.0,2026-08-12 14:00:00
1786546800000,1.0086,1.0125,1.0076,1.0123,6867088.0,2026-08-12 15:00:00
1786550400000,1.0123,1.0128,1.0079,1.0084,5642362.0,2026-08-12 16:00:00
1786554000000,1.0085,1.0107,1.0061,1.01,5394989.0,2026-08-12 17:00:00
1786557600000,1.0099,1.0122,1.0085,1.0086,2437090.0,2026-08-12 18:00:00
1786561200000,1.0086,1.0094,1.0063,1.0069,2988137.0,2026-08-12 19:00:00
1786564800000,1.0069,1.0103,1.0066,1.0089,2206596.0,2026-08-12 20:00:00
1786568400000,1.009,1.0099,1.0027,1.0042,10739971.0,2026-08-12 21:00:00
1786572000000,1.0042,1.0073,1.0025,1.0039,3058515.0,2026-08-12 22:00:00
1786575600000,1.0038,1.0056,1.0003,1.0053,8671671.0,2026-08-12 23:00:00
1786579200000,1.0052,1.0073,1.0022,1.0039,3351378.0,2026-08-13 00:00:00
1786582800000,1.0039,1.0055,1.0014,1.004,3293507.0,2026-08-13 01:00:00
1786586400000,1.0041,1.0068,1.0021,1.0067,4316566.0,2026-08-13 02:00:00
1786590000000,1.0066,1.0126,1.0065,1.0104,8927194.0,2026-08-13 03:00:00
1786593600000,1.0104,1.0119,1.0099,1.0102,3626811.0,2026-08-13 04:00:00
1786597200000,1.0103,1.0147,1.0089,1.0129,6341120.0,2026-08-13 05:00:00
1786600800000,1.013,1.0144,1.0113,1.0141,2153414.0,2026-08-13 06:00:00
1786604400000,1.0141,1.0148,1.0126,1.0127,1992302.0,2026-08-13 07:00:00
1786608000000,1.0127,1.0129,1.011,1.0122,2599128.0,2026-08-13 08:00:00
1786611600000,1.0122,1.0126,1.0092,1.0121,3428261.0,2026-08-13 09:00:00
1786615200000,1.0122,1.0125,1.0056,1.0075,7418429.0,2026-08-13 10:00:00
1786618800000,1.0074,1.008,1.0016,1.0037,9375160.0,2026-08-13 11:00:00
1786622400000,1.0036,1.0072,1.003,1.0055,7731450.0,2026-08-13 12:00:00
1786626000000,1.0055,1.0092,1.0052,1.006,6180769.0,2026-08-13 13:00:00
1786629600000,1.0059,1.0102,1.0037,1.0094,8561354.0,2026-08-13 14:00:00
1786633200000,1.0095,1.0111,1.0025,1.0025,6535761.0,2026-08-13 15:00:00
1786636800000,1.0025,1.0071,0.9975,1.0045,16452914.0,2026-08-13 16:00:00
1786640400000,1.0046,1.0081,1.0039,1.0063,4081729.0,2026-08-13 17:00:00
1786644000000,1.0062,1.0102,1.004,1.0084,3962803.0,2026-08-13 18:00:00
1786647600000,1.0085,1.0099,1.0075,1.0095,3125994.0,2026-08-13 19:00:00
1786651200000,1.0096,1.0112,1.0085,1.0085,2304742.0,2026-08-13 20:00:00
1786654800000,1.0084,1.0097,1.0069,1.0078,2282292.0,2026-08-13 21:00:00
1786658400000,1.0078,1.0115,1.0076,1.0086,2464508.0,2026-08-13 22:00:00
1786662000000,1.0086,1.009,1.0074,1.0089,1860192.0,2026-08-13 23:00:00
1786665600000,1.009,1.0117,1.0086,1.0116,3185222.0,2026-08-14 00:00:00
1786669200000,1.0117,1.0124,1.0097,1.011,2920319.0,2026-08-14 01:00:00
1786672800000,1.011,1.0136,1.0108,1.0109,3804889.0,2026-08-14 02:00:00
1786676400000,1.0109,1.0115,1.0088,1.0092,2818461.0,2026-08-14 03:00:00
1786680000000,1.0093,1.0123,1.0086,1.0087,1609353.0,2026-08-14 04:00:00
1786683600000,1.0086,1.0095,1.0077,1.0092,1904816.0,2026-08-14 05:00:00
1786687200000,1.0093,1.0093,1.0048,1.005,4479577.0,2026-08-14 06:00:00
1786690800000,1.0049,1.005,1.0028,1.004,7812385.0,2026-08-14 07:00:00
1786694400000,1.004,1.0066,1.0034,1.0063,3538999.0,2026-08-14 08:00:00
1786698000000,1.0063,1.0065,1.0005,1.0033,4933029.0,2026-08-14 09:00:00
1786701600000,1.0033,1.0037,1.0017,1.002,3111018.0,2026-08-14 10:00:00
1786705200000,1.0021,1.0037,1.001,1.0021,2304876.0,2026-08-14 11:00:00
1786708800000,1.0021,1.0027,0.9992,1.0007,4798236.0,2026-08-14 12:00:00
1786712400000,1.0007,1.0051,1.0001,1.0024,6322126.0,2026-08-14 13:00:00
1786716000000,1.0024,1.0046,1.0002,1.0011,5129607.0,2026-08-14 14:00:00
1786719600000,1.001,1.0089,1.0005,1.0063,4840484.0,2026-08-14 15:00:00
1786723200000,1.0062,1.0071,1.0005,1.0018,6338217.0,2026-08-14 16:00:00
1786726800000,1.0018,1.0043,0.9984,1.0005,6192296.0,2026-08-14 17:00:00
1786730400000,1.0005,1.0029,0.9977,0.9991,6886206.0,2026-08-14 18:00:00
1786734000000,0.9991,1.0004,0.9979,0.9986,3798781.0,2026-08-14 19:00:00
1786737600000,0.9985,0.9993,0.9955,0.9983,5565962.0,2026-08-14 20:00:00
1786741200000,0.9982,0.9994,0.9951,0.9977,3915701.0,2026-08-14 21:00:00
1786744800000,0.9976,0.9986,0.9861,0.9923,22984233.0,2026-08-14 22:00:00
1786748400000,0.9922,0.9989,0.9917,0.9989,8261201.0,2026-08-14 23:00:00
1786752000000,0.9989,1.0007,0.9974,1.0,5027679.0,2026-08-15 00:00:00
1786755600000,1.0,1.0014,0.999,1.0011,3385357.0,2026-08-15 01:00:00
1786759200000,1.0012,1.0056,1.0012,1.0051,5604638.0,2026-08-15 02:00:00
1786762800000,1.0052,1.0073,1.003,1.004,4051716.0,2026-08-15 03:00:00
1786766400000,1.0041,1.006,1.0035,1.0045,2639627.0,2026-08-15 04:00:00
1786770000000,1.0045,1.0059,1.0018,1.0038,4811843.0,2026-08-15 05:00:00
1786773600000,1.0038,1.0059,1.0029,1.005,1524784.0,2026-08-15 06:00:00
1786777200000,1.005,1.0054,1.0018,1.0021,2825267.0,2026-08-15 07:00:00
1786780800000,1.0022,1.0033,1.0003,1.0009,2930059.0,2026-08-15 08:00:00
1786784400000,1.0009,1.0023,1.0002,1.0021,2157427.0,2026-08-15 09:00:00
1786788000000,1.0022,1.003,1.0012,1.0024,1310583.0,2026-08-15 10:00:00
1786791600000,1.0023,1.0035,1.0014,1.0018,1543944.0,2026-08-15 11:00:00
1786795200000,1.0018,1.0021,0.9999,1.002,2604188.0,2026-08-15 12:00:00
1786798800000,1.0021,1.0023,1.0009,1.0011,2080869.0,2026-08-15 13:00:00
1786802400000,1.0011,1.0021,0.9991,1.0013,2602765.0,2026-08-15 14:00:00
1786806000000,1.0012,1.002,1.0006,1.0017,1506165.0,2026-08-15 15:00:00
1786809600000,1.0017,1.0027,1.0008,1.0021,1916294.0,2026-08-15 16:00:00
1786813200000,1.0021,1.0032,1.0017,1.0019,1268870.0,2026-08-15 17:00:00
1786816800000,1.0019,1.0023,0.9997,1.0016,2357290.0,2026-08-15 18:00:00
1786820400000,1.0016,1.0037,1.0016,1.0036,1366614.0,2026-08-15 19:00:00
1786824000000,1.0036,1.0038,1.0026,1.0032,1519999.0,2026-08-15 20:00:00
1786827600000,1.0032,1.0047,1.0031,1.0035,1089319.0,2026-08-15 21:00:00
1786831200000,1.0036,1.0062,1.0035,1.0036,1578824.0,2026-08-15 22:00:00
1786834800000,1.0036,1.0038,1.0004,1.0019,3608898.0,2026-08-15 23:00:00
1786838400000,1.002,1.0023,1.0007,1.0011,1274291.0,2026-08-16 00:00:00
1786842000000,1.0011,1.0017,0.9994,1.0007,1898054.0,2026-08-16 01:00:00
1786845600000,1.0006,1.003,0.9993,1.0019,3296907.0,2026-08-16 02:00:00
1786849200000,1.0019,1.0026,1.0012,1.0016,1197189.0,2026-08-16 03:00:00
1786852800000,1.0015,1.0017,1.0001,1.0002,1345584.0,2026-08-16 04:00:00
1786856400000,1.0002,1.0006,0.9989,0.9996,2313647.0,2026-08-16 05:00:00
1786860000000,0.9996,1.0016,0.9989,0.9999,2259728.0,2026-08-16 06:00:00
1786863600000,0.9999,1.0023,0.9998,1.0021,1341712.0,2026-08-16 07:00:00
1786867200000,1.002,1.0021,1.0007,1.0011,1833825.0,2026-08-16 08:00:00
1786870800000,1.0011,1.0023,0.9993,0.9996,3665111.0,2026-08-16 09:00:00
1786874400000,0.9996,0.9999,0.9964,0.9995,4474355.0,2026-08-16 10:00:00
1786878000000,0.9995,1.0002,0.9987,0.9993,1531950.0,2026-08-16 11:00:00
1786881600000,0.9992,1.0005,0.9986,0.9995,1717424.0,2026-08-16 12:00:00
1786885200000,0.9994,1.0005,0.9994,0.9997,1666115.0,2026-08-16 13:00:00
1786888800000,0.9997,1.0008,0.9994,1.0005,2156599.0,2026-08-16 14:00:00
1786892400000,1.0005,1.002,1.0005,1.0013,2142477.0,2026-08-16 15:00:00
1786896000000,1.0014,1.0032,1.0008,1.0021,2672505.0,2026-08-16 16:00:00
1786899600000,1.0022,1.0025,1.0002,1.0003,2157212.0,2026-08-16 17:00:00
1786903200000,1.0002,1.0003,0.9972,0.9987,5978230.0,2026-08-16 18:00:00
1786906800000,0.9986,1.002,0.9983,1.0004,2539123.0,2026-08-16 19:00:00
1786910400000,1.0004,1.0012,0.9976,0.9989,3847276.0,2026-08-16 20:00:00
1786914000000,0.9988,0.9997,0.989,0.9949,13075022.0,2026-08-16 21:00:00
1786917600000,0.9948,0.9965,0.991,0.9935,5948947.0,2026-08-16 22:00:00
1786921200000,0.9934,0.9945,0.9908,0.9929,3723076.0,2026-08-16 23:00:00
1786924800000,0.9929,0.9937,0.9874,0.993,12242552.0,2026-08-17 00:00:00
1786928400000,0.9929,1.001,0.9925,0.9982,6985387.0,2026-08-17 01:00:00
1786932000000,0.9982,1.0044,0.997,1.0017,7725330.0,2026-08-17 02:00:00
1786935600000,1.0018,1.0027,1.0004,1.0019,3583218.0,2026-08-17 03:00:00
1786939200000,1.0019,1.0034,1.0008,1.0014,3030639.0,2026-08-17 04:00:00
1786942800000,1.0014,1.0035,1.0003,1.0005,2910967.0,2026-08-17 05:00:00
1786946400000,1.0004,1.0069,1.0003,1.0056,6897673.0,2026-08-17 06:00:00
1786950000000,1.0056,1.0061,1.0021,1.0025,3330358.0,2026-08-17 07:00:00
1786953600000,1.0025,1.0028,0.9966,0.9977,8399384.0,2026-08-17 08:00:00
1786957200000,0.9977,0.9986,0.9959,0.9964,3464883.0,2026-08-17 09:00:00
1786960800000,0.9963,1.0018,0.996,1.0014,3270020.0,2026-08-17 10:00:00
1786964400000,1.0014,1.0019,0.9994,0.9997,2118561.0,2026-08-17 11:00:00
1786968000000,0.9998,1.0012,0.9963,0.9973,4969887.0,2026-08-17 12:00:00
1786971600000,0.9974,1.0034,0.9965,1.0002,5750050.0,2026-08-17 13:00:00
1786975200000,1.0003,1.0045,0.9976,1.0038,5325603.0,2026-08-17 14:00:00
1786978800000,1.0039,1.0083,1.0013,1.0061,9770048.0,2026-08-17 15:00:00
1786982400000,1.0062,1.0066,1.0023,1.0023,3878516.0,2026-08-17 16:00:00
1786986000000,1.0024,1.0046,0.9996,1.001,4336397.0,2026-08-17 17:00:00
1786989600000,1.0011,1.0029,1.0002,1.0012,2696575.0,2026-08-17 18:00:00
1786993200000,1.0011,1.0013,0.9987,1.0009,2478386.0,2026-08-17 19:00:00
1786996800000,1.0009,1.0047,0.9992,1.0032,4563877.0,2026-08-17 20:00:00
1787000400000,1.0032,1.0038,1.0014,1.0016,1840250.0,2026-08-17 21:00:00
1787004000000,1.0017,1.0027,0.9995,0.9999,2236809.0,2026-08-17 22:00:00
1787007600000,0.9999,1.0041,0.9995,1.0025,2371995.0,2026-08-17 23:00:00
1787011200000,1.0026,1.0043,0.9998,1.0024,7078654.0,2026-08-18 00:00:00
1787014800000,1.0025,1.0025,0.994,0.9959,8220774.0,2026-08-18 01:00:00
1787018400000,0.9958,0.9967,0.9882,0.9901,13945972.0,2026-08-18 02:00:00
1787022000000,0.9902,0.9918,0.9887,0.9907,7498813.0,2026-08-18 03:00:00
1787025600000,0.9906,0.9956,0.9893,0.9943,5234331.0,2026-08-18 04:00:00
1787029200000,0.9943,0.9966,0.9923,0.9946,7205156.0,2026-08-18 05:00:00
1787032800000,0.9945,1.0,0.9933,0.9978,5778131.0,2026-08-18 06:00:00
1787036400000,0.9978,0.9987,0.9941,0.9959,6159179.0,2026-08-18 07:00:00
1787040000000,0.9959,0.9977,0.9916,0.9964,4554617.0,2026-08-18 08:00:00
1787043600000,0.9963,0.9968,0.9941,0.9953,1240404.0,2026-08-18 09:00:00
1787047200000,0.9954,0.9958,0.9943,0.9955,919950.0,2026-08-18 10:00:00
1787050800000,0.9955,1.0017,0.9954,0.998,4268281.0,2026-08-18 11:00:00
1787054400000,0.9981,0.9986,0.997,0.9974,1933350.0,2026-08-18 12:00:00
1787058000000,0.9973,0.9987,0.9953,0.9977,4424580.0,2026-08-18 13:00:00
1787061600000,0.9977,1.0061,0.9964,1.0006,10572546.0,2026-08-18 14:00:00
1787065200000,1.0005,1.0044,1.0,1.0035,5627752.0,2026-08-18 15:00:00
1787068800000,1.0035,1.0039,1.0002,1.0018,3723096.0,2026-08-18 16:00:00
1787072400000,1.0019,1.0019,1.0,1.0001,3111709.0,2026-08-18 17:00:00
1787076000000,1.0001,1.0022,0.9999,1.0009,1999848.0,2026-08-18 18:00:00
1787079600000,1.0008,1.0026,1.0004,1.0023,2930855.0,2026-08-18 19:00:00
1787083200000,1.0022,1.003,0.9981,0.9996,5937290.0,2026-08-18 20:00:00
1787086800000,0.9996,1.0019,0.9995,1.0,1707725.0,2026-08-18 21:00:00
1787090400000,1.0,1.0019,0.9985,0.9999,5309950.0,2026-08-18 22:00:00
1787094000000,0.9999,1.0031,0.9998,1.0014,4023413.0,2026-08-18 23:00:00
1787097600000,1.0014,1.0015,0.9956,0.9958,7340532.0,2026-08-19 00:00:00
1787101200000,0.9957,0.9997,0.9953,0.9982,5109462.0,2026-08-19 01:00:00
1787104800000,0.9982,0.9986,0.997,0.9978,1488075.0,2026-08-19 02:00:00
1787108400000,0.9978,1.0009,0.997,0.9998,2715737.0,2026-08-19 03:00:00
1787112000000,0.9998,1.0004,0.9991,0.9993,1527783.0,2026-08-19 04:00:00
1787115600000,0.9993,1.0014,0.9987,0.9994,3549694.0,2026-08-19 05:00:00
1787119200000,0.9994,1.005,0.9985,1.0038,7354716.0,2026-08-19 06:00:00
1787122800000,1.0039,1.006,1.0025,1.0031,4746928.0,2026-08-19 07:00:00
1787126400000,1.0031,1.0093,1.0028,1.0058,9548745.0,2026-08-19 08:00:00
1787130000000,1.0058,1.0077,1.0032,1.0037,4471531.0,2026-08-19 09:00:00
1787133600000,1.0038,1.0051,1.0029,1.0048,2338710.0,2026-08-19 10:00:00
1787137200000,1.0048,1.0063,1.004,1.0052,2567768.0,2026-08-19 11:00:00
1787140800000,1.0053,1.0121,1.0051,1.0109,9755370.0,2026-08-19 12:00:00
1787144400000,1.0108,1.0234,1.0096,1.0163,27322982.0,2026-08-19 13:00:00
1787148000000,1.0163,1.0343,1.0151,1.0327,21281633.0,2026-08-19 14:00:00
1787151600000,1.0328,1.0742,1.0303,1.0676,90904983.0,2026-08-19 15:00:00
1787155200000,1.0676,1.0707,1.0635,1.0641,31322856.0,2026-08-19 16:00:00
1787158800000,1.0641,1.0645,1.0517,1.0615,18433149.0,2026-08-19 17:00:00
1787162400000,1.0615,1.0698,1.0555,1.0689,10249540.0,2026-08-19 18:00:00
1787166000000,1.0689,1.0707,1.0641,1.0673,10917313.0,2026-08-19 19:00:00
1787169600000,1.0674,1.1038,1.0671,1.0989,40177071.0,2026-08-19 20:00:00
1787173200000,1.0989,1.1329,1.0957,1.1322,36746784.0,2026-08-19 21:00:00
1787176800000,1.1323,1.1361,1.0997,1.1027,49754456.0,2026-08-19 22:00:00
1787180400000,1.1027,1.1062,1.0949,1.1058,17863469.0,2026-08-19 23:00:00
1787184000000,1.1057,1.1131,1.1043,1.1078,17500542.0,2026-08-20 00:00:00
1787187600000,1.1078,1.1157,1.1062,1.1116,11218366.0,2026-08-20 01:00:00
1787191200000,1.1116,1.1136,1.0988,1.0991,8343535.0,2026-08-20 02:00:00
1787194800000,1.0991,1.1003,1.0879,1.0938,14800144.0,2026-08-20 03:00:00
1787198400000,1.0938,1.102,1.0931,1.1,7346482.0,2026-08-20 04:00:00
1787202000000,1.1,1.1099,1.0997,1.1044,6298787.0,2026-08-20 05:00:00
1787205600000,1.1044,1.112,1.1004,1.1114,12894145.0,2026-08-20 06:00:00
1787209200000,1.1113,1.1134,1.1073,1.1119,6544163.0,2026-08-20 07:00:00
1787212800000,1.1119,1.1561,1.1112,1.1528,48638646.0,2026-08-20 08:00:00
1787216400000,1.1528,1.1634,1.1453,1.1495,31849091.0,2026-08-20 09:00:00
1787220000000,1.1495,1.1665,1.1471,1.1603,22957295.0,2026-08-20 10:00:00
1787223600000,1.1602,1.1959,1.1566,1.1906,41703439.0,2026-08-20 11:00:00
1787227200000,1.1905,1.1974,1.1776,1.1926,42929572.0,2026-08-20 12:00:00
1787230800000,1.1926,1.223,1.1886,1.2203,56394033.0,2026-08-20 13:00:00
1787234400000,1.2203,1.2465,1.2147,1.2272,77874466.0,2026-08-20 14:00:00
1787238000000,1.2272,1.2646,1.2254,1.2607,63751001.0,2026-08-20 15:00:00
1787241600000,1.2606,1.3167,1.2517,1.3146,78901425.0,2026-08-20 16:00:00
1787245200000,1.3146,1.3443,1.3047,1.3102,87810365.0,2026-08-20 17:00:00
1787248800000,1.3103,1.3183,1.228,1.2296,128433360.0,2026-08-20 18:00:00
1787252400000,1.2295,1.2398,1.2201,1.2326,68629279.0,2026-08-20 19:00:00
1787256000000,1.2326,1.2474,1.2303,1.2433,24202774.0,2026-08-20 20:00:00
1787259600000,1.2433,1.2713,1.2425,1.2575,23460878.0,2026-08-20 21:00:00
1787263200000,1.2575,1.2657,1.2533,1.256,19655776.0,2026-08-20 22:00:00
1787266800000,1.2561,1.2752,1.2545,1.2678,22406819.0,2026-08-20 23:00:00
1787270400000,1.2677,1.2736,1.2581,1.2651,29289390.0,2026-08-21 00:00:00
1787274000000,1.265,1.3023,1.2634,1.2955,39955628.0,2026-08-21 01:00:00
1787277600000,1.2955,1.3002,1.2811,1.2887,23791755.0,2026-08-21 02:00:00
1787281200000,1.2887,1.3188,1.2838,1.308,36478261.0,2026-08-21 03:00:00
1787284800000,1.308,1.3205,1.2961,1.3142,35678825.0,2026-08-21 04:00:00
1787288400000,1.3142,1.3142,1.3031,1.3094,23089561.0,2026-08-21 05:00:00
1787292000000,1.3095,1.3207,1.2962,1.2984,28903214.0,2026-08-21 06:00:00
1787295600000,1.2984,1.3215,1.2976,1.3138,27822794.0,2026-08-21 07:00:00
1787299200000,1.3138,1.3996,1.3123,1.399,90131224.0,2026-08-21 08:00:00
1787302800000,1.399,1.4299,1.3378,1.4195,118853303.0,2026-08-21 09:00:00
1787306400000,1.4196,1.4255,1.3667,1.3841,74869497.0,2026-08-21 10:00:00
1787310000000,1.3842,1.4041,1.3553,1.3574,52424561.0,2026-08-21 11:00:00
1787313600000,1.3574,1.3873,1.347,1.381,39059060.0,2026-08-21 12:00:00
1787317200000,1.381,1.4218,1.3662,1.4161,54879377.0,2026-08-21 13:00:00
1787320800000,1.4161,1.418,1.3881,1.3993,58125877.0,2026-08-21 14:00:00
1787324400000,1.3993,1.4191,1.3944,1.4028,38149317.0,2026-08-21 15:00:00
1787328000000,1.4028,1.4076,1.3854,1.3992,39735212.0,2026-08-21 16:00:00
1787331600000,1.3993,1.414,1.3737,1.3864,38693176.0,2026-08-21 17:00:00
1787335200000,1.3865,1.4004,1.3682,1.3779,22993275.0,2026-08-21 18:00:00
1787338800000,1.3779,1.3877,1.3616,1.3721,21864645.0,2026-08-21 19:00:00
1787342400000,1.3722,1.3827,1.3661,1.3745,15839533.0,2026-08-21 20:00:00
1787346000000,1.3745,1.4099,1.3721,1.406,21842155.0,2026-08-21 21:00:00
1787349600000,1.406,1.4519,1.3987,1.4449,60201106.0,2026-08-21 22:00:00
1787353200000,1.4449,1.4759,1.4349,1.454,48216287.0,2026-08-21 23:00:00
1787356800000,1.4541,1.4827,1.4234,1.4596,54273594.0,2026-08-22 00:00:00
1787360400000,1.4596,1.5116,1.4561,1.4754,49848333.0,2026-08-22 01:00:00
1787364000000,1.4754,1.556,1.4748,1.549,56038339.0,2026-08-22 02:00:00
1787367600000,1.5491,1.5985,1.5418,1.563,80251961.0,2026-08-22 03:00:00
1787371200000,1.5631,1.6746,1.5529,1.6619,95372004.0,2026-08-22 04:00:00
1787374800000,1.6618,1.701,1.371,1.5278,281360668.0,2026-08-22 05:00:00
1787378400000,1.5278,1.5923,1.5141,1.5783,77680135.0,2026-08-22 06:00:00
1787382000000,1.5783,1.6275,1.5533,1.5635,86744140.0,2026-08-22 07:00:00
1787385600000,1.5636,1.5674,1.4838,1.5284,81840263.0,2026-08-22 08:00:00
1787389200000,1.5285,1.5313,1.4874,1.5027,39180583.0,2026-08-22 09:00:00
1787392800000,1.5027,1.5044,1.4238,1.4848,87984079.0,2026-08-22 10:00:00
1787396400000,1.4848,1.5008,1.4743,1.4888,24243210.0,2026-08-22 11:00:00
1787400000000,1.4888,1.5304,1.4844,1.5019,36145008.0,2026-08-22 12:00:00
1787403600000,1.5019,1.5101,1.4874,1.5,24808085.0,2026-08-22 13:00:00
1787407200000,1.5,1.5015,1.4346,1.4518,50953795.0,2026-08-22 14:00:00
1787410800000,1.4518,1.4561,1.4292,1.4396,39742464.0,2026-08-22 15:00:00
1787414400000,1.4397,1.4897,1.4339,1.4806,39070450.0,2026-08-22 16:00:00
1787418000000,1.4807,1.4864,1.4636,1.4801,15592292.0,2026-08-22 17:00:00
1787421600000,1.4802,1.4982,1.4772,1.4888,16706519.0,2026-08-22 18:00:00
1787425200000,1.4888,1.5067,1.4827,1.5004,14005482.0,2026-08-22 19:00:00
1787428800000,1.5005,1.5157,1.4937,1.5011,19676653.0,2026-08-22 20:00:00
1787432400000,1.5011,1.5011,1.4513,1.4543,26685744.0,2026-08-22 21:00:00
1787436000000,1.4543,1.4754,1.4455,1.4678,17345408.0,2026-08-22 22:00:00
1787439600000,1.4678,1.4703,1.4507,1.4617,9881526.0,2026-08-22 23:00:00
1787443200000,1.4617,1.5191,1.4616,1.513,29324201.0,2026-08-23 00:00:00
1787446800000,1.5129,1.5136,1.4841,1.4902,22784725.0,2026-08-23 01:00:00
1787450400000,1.4903,1.4941,1.4709,1.484,22386278.0,2026-08-23 02:00:00
1787454000000,1.4841,1.4936,1.4614,1.4743,23853655.0,2026-08-23 03:00:00
1787457600000,1.4743,1.4895,1.4443,1.4541,35417087.0,2026-08-23 04:00:00
1787461200000,1.4541,1.478,1.4374,1.4467,48373259.0,2026-08-23 05:00:00
1787464800000,1.4466,1.463,1.4335,1.4447,25289997.0,2026-08-23 06:00:00
1787468400000,1.4447,1.4737,1.4395,1.4615,26348973.0,2026-08-23 07:00:00
1787472000000,1.4615,1.4853,1.4576,1.4754,27157724.0,2026-08-23 08:00:00
1787475600000,1.4755,1.4865,1.4674,1.4775,15748736.0,2026-08-23 09:00:00
1787479200000,1.4775,1.5036,1.4753,1.4757,23040021.0,2026-08-23 10:00:00
1787482800000,1.4758,1.5037,1.4756,1.4945,22438411.0,2026-08-23 11:00:00
1787486400000,1.4944,1.499,1.4836,1.4944,14189791.0,2026-08-23 12:00:00
1787490000000,1.4944,1.525,1.4932,1.5201,38716543.0,2026-08-23 13:00:00
1787493600000,1.52,1.5513,1.4533,1.5154,79264086.0,2026-08-23 14:00:00
1787497200000,1.5154,1.5174,1.486,1.4964,36194354.0,2026-08-23 15:00:00
1787500800000,1.4964,1.5114,1.4938,1.5071,14616974.0,2026-08-23 16:00:00
1787504400000,1.5071,1.5246,1.4988,1.5044,26330636.0,2026-08-23 17:00:00
1787508000000,1.5044,1.5202,1.5018,1.508,15226655.0,2026-08-23 18:00:00
1787511600000,1.5081,1.5111,1.4869,1.4973,16063962.0,2026-08-23 19:00:00
1787515200000,1.4973,1.5079,1.4898,1.5008,9912924.0,2026-08-23 20:00:00
1787518800000,1.5007,1.5466,1.5006,1.5251,25003402.0,2026-08-23 21:00:00
1787522400000,1.5252,1.5316,1.5104,1.5168,20909157.0,2026-08-23 22:00:00
1787526000000,1.5167,1.5311,1.5082,1.5202,21292347.0,2026-08-23 23:00:00
1787529600000,1.5203,1.5235,1.4806,1.5056,32388944.0,2026-08-24 00:00:00
1787533200000,1.5056,1.5064,1.4652,1.4662,26195595.0,2026-08-24 01:00:00
1787536800000,1.4661,1.4939,1.4618,1.4868,22754285.0,2026-08-24 02:00:00
1787540400000,1.4868,1.4898,1.4632,1.4649,18871890.0,2026-08-24 03:00:00
1787544000000,1.4648,1.4837,1.4647,1.4791,16312501.0,2026-08-24 04:00:00
1787547600000,1.479,1.488,1.4637,1.4802,25069429.0,2026-08-24 05:00:00
1787551200000,1.4801,1.4909,1.4677,1.4838,21647409.0,2026-08-24 06:00:00
1787554800000,1.4837,1.5038,1.474,1.4752,34600316.0,2026-08-24 07:00:00
1787558400000,1.4753,1.478,1.4513,1.4596,27747814.0,2026-08-24 08:00:00
1787562000000,1.4596,1.4854,1.4585,1.4794,17565718.0,2026-08-24 09:00:00
1787565600000,1.4795,1.4899,1.477,1.4833,14568306.0,2026-08-24 10:00:00
1787569200000,1.4834,1.509,1.4704,1.4971,26890375.0,2026-08-24 11:00:00
1787572800000,1.4971,1.5182,1.4781,1.5168,30194178.0,2026-08-24 12:00:00
1787576400000,1.5168,1.5239,1.4764,1.4899,45900243.0,2026-08-24 13:00:00
1787580000000,1.4898,1.5303,1.4876,1.5098,40525511.0,2026-08-24 14:00:00
1787583600000,1.5098,1.529,1.4938,1.5005,33185661.0,2026-08-24 15:00:00
1787587200000,1.5006,1.5242,1.4965,1.499,28227356.0,2026-08-24 16:00:00
1787590800000,1.499,1.5013,1.4602,1.476,42026500.0,2026-08-24 17:00:00
1787594400000,1.476,1.4901,1.4671,1.4723,15897681.0,2026-08-24 18:00:00
1787598000000,1.4724,1.4857,1.4654,1.4823,18445945.0,2026-08-24 19:00:00
1787601600000,1.4824,1.4842,1.4691,1.479,9156985.0,2026-08-24 20:00:00
1787605200000,1.479,1.4888,1.4759,1.4814,6343288.0,2026-08-24 21:00:00
1787608800000,1.4815,1.4853,1.4758,1.4778,7716887.0,2026-08-24 22:00:00
1787612400000,1.4778,1.4845,1.4661,1.4813,11262773.0,2026-08-24 23:00:00
1787616000000,1.4812,1.5163,1.4745,1.5073,28997073.0,2026-08-25 00:00:00
1787619600000,1.5073,1.5162,1.496,1.5096,18040868.0,2026-08-25 01:00:00
1787623200000,1.5096,1.5505,1.504,1.5216,41505603.0,2026-08-25 02:00:00
1787626800000,1.5216,1.5326,1.5056,1.5132,20519561.0,2026-08-25 03:00:00
1787630400000,1.5133,1.517,1.5021,1.5137,14925274.0,2026-08-25 04:00:00
1787634000000,1.5136,1.5281,1.5114,1.519,16475764.0,2026-08-25 05:00:00
1787637600000,1.5191,1.5208,1.4925,1.5024,15799057.0,2026-08-25 06:00:00
1787641200000,1.5024,1.5118,1.4711,1.4855,21376974.0,2026-08-25 07:00:00
1787644800000,1.4855,1.497,1.484,1.4901,13192259.0,2026-08-25 08:00:00
1787648400000,1.4901,1.4956,1.4635,1.4796,17120932.0,2026-08-25 09:00:00
1787652000000,1.4796,1.4862,1.4754,1.484,10484507.0,2026-08-25 10:00:00
1787655600000,1.484,1.4866,1.4763,1.4801,9701476.0,2026-08-25 11:00:00
1787659200000,1.48,1.4827,1.459,1.4733,38227317.0,2026-08-25 12:00:00
1787662800000,1.4733,1.4757,1.4426,1.4568,60686306.0,2026-08-25 13:00:00
1787666400000,1.4568,1.4783,1.4531,1.4724,29829845.0,2026-08-25 14:00:00
1787670000000,1.4725,1.4798,1.4638,1.4779,12620795.0,2026-08-25 15:00:00
1787673600000,1.478,1.483,1.4656,1.4711,13553161.0,2026-08-25 16:00:00
1787677200000,1.4711,1.4772,1.4602,1.4756,10764476.0,2026-08-25 17:00:00
1787680800000,1.4757,1.482,1.4713,1.4753,7368595.0,2026-08-25 18:00:00
1787684400000,1.4754,1.478,1.4639,1.471,7471031.0,2026-08-25 19:00:00
1787688000000,1.4711,1.4727,1.4414,1.4431,17668114.0,2026-08-25 20:00:00
1787691600000,1.443,1.449,1.4039,1.4376,41734364.0,2026-08-25 21:00:00
1787695200000,1.4376,1.4523,1.4368,1.4466,12799317.0,2026-08-25 22:00:00
1787698800000,1.4465,1.4491,1.427,1.4336,13168826.0,2026-08-25 23:00:00
1787702400000,1.4336,1.4367,1.4216,1.4324,17012136.0,2026-08-26 00:00:00
1787706000000,1.4324,1.4468,1.4313,1.4412,12448308.0,2026-08-26 01:00:00
1787709600000,1.4413,1.4504,1.4367,1.4426,7478242.0,2026-08-26 02:00:00
1787713200000,1.4425,1.4455,1.434,1.439,7472496.0,2026-08-26 03:00:00
1787716800000,1.4389,1.4468,1.4313,1.4341,14927302.0,2026-08-26 04:00:00
1787720400000,1.4341,1.4463,1.4243,1.4421,18782153.0,2026-08-26 05:00:00
1787724000000,1.4421,1.4465,1.4308,1.4366,11280347.0,2026-08-26 06:00:00
1787727600000,1.4365,1.443,1.4314,1.432,10778698.0,2026-08-26 07:00:00
1787731200000,1.432,1.44,1.4222,1.4286,8614146.0,2026-08-26 08:00:00
1787734800000,1.4285,1.4323,1.4069,1.4094,22202342.0,2026-08-26 09:00:00
1787738400000,1.4094,1.4345,1.4029,1.4302,22615761.0,2026-08-26 10:00:00
1787742000000,1.4303,1.4315,1.4068,1.4114,22016353.0,2026-08-26 11:00:00
1787745600000,1.4114,1.4242,1.3916,1.4095,32908062.0,2026-08-26 12:00:00
1787749200000,1.4095,1.4119,1.3753,1.3939,51613206.0,2026-08-26 13:00:00
1787752800000,1.3939,1.3993,1.3692,1.371,33906019.0,2026-08-26 14:00:00
1787756400000,1.3709,1.3803,1.3567,1.3725,48661599.0,2026-08-26 15:00:00
1787760000000,1.3725,1.3805,1.3672,1.3747,18089475.0,2026-08-26 16:00:00
1787763600000,1.3747,1.3964,1.3732,1.3861,22218136.0,2026-08-26 17:00:00
1787767200000,1.3862,1.3898,1.3775,1.384,11198476.0,2026-08-26 18:00:00
1787770800000,1.384,1.3879,1.3761,1.3776,10095457.0,2026-08-26 19:00:00
1787774400000,1.3777,1.3799,1.3639,1.379,12991520.0,2026-08-26 20:00:00
1787778000000,1.3789,1.4008,1.3773,1.4004,16784396.0,2026-08-26 21:00:00
1787781600000,1.4004,1.4153,1.3976,1.4026,24049605.0,2026-08-26 22:00:00
1787785200000,1.4025,1.4264,1.3994,1.4217,20199690.0,2026-08-26 23:00:00
1787788800000,1.4217,1.4218,1.4029,1.4033,13753376.0,2026-08-27 00:00:00
1787792400000,1.4032,1.4162,1.3965,1.4084,15558349.0,2026-08-27 01:00:00
1787796000000,1.4085,1.4162,1.4013,1.4045,8224983.0,2026-08-27 02:00:00
1787799600000,1.4045,1.4127,1.3996,1.4063,7800210.0,2026-08-27 03:00:00
1787803200000,1.4064,1.4096,1.3972,1.4023,7292012.0,2026-08-27 04:00:00
1787806800000,1.4023,1.4104,1.3906,1.4096,16951909.0,2026-08-27 05:00:00
1787810400000,1.4095,1.4096,1.3974,1.405,7568459.0,2026-08-27 06:00:00
1787814000000,1.4049,1.4133,1.402,1.4114,6718726.0,2026-08-27 07:00:00
1787817600000,1.4114,1.4409,1.4095,1.4342,46584561.0,2026-08-27 08:00:00
1787821200000,1.4343,1.4536,1.4308,1.4349,26515557.0,2026-08-27 09:00:00
1787824800000,1.4348,1.4431,1.4163,1.4226,25282671.0,2026-08-27 10:00:00
1787828400000,1.4226,1.4322,1.4191,1.4246,10354013.0,2026-08-27 11:00:00
1787832000000,1.4245,1.4338,1.42,1.4206,11922891.0,2026-08-27 12:00:00
1787835600000,1.4206,1.4412,1.4185,1.4377,19321095.0,2026-08-27 13:00:00
1787839200000,1.4377,1.47,1.4352,1.4601,44543757.0,2026-08-27 14:00:00
1787842800000,1.4602,1.47,1.4508,1.4651,31357187.0,2026-08-27 15:00:00
1787846400000,1.4652,1.4732,1.4595,1.4647,19523210.0,2026-08-27 16:00:00
1787850000000,1.4646,1.4707,1.454,1.4576,11878657.0,2026-08-27 17:00:00
1787853600000,1.4577,1.4577,1.4347,1.4509,16983305.0,2026-08-27 18:00:00
1787857200000,1.4508,1.4567,1.4452,1.4564,10957696.0,2026-08-27 19:00:00
1787860800000,1.4563,1.4603,1.4481,1.4537,8842700.0,2026-08-27 20:00:00
1787864400000,1.4537,1.4551,1.4443,1.4493,5874150.0,2026-08-27 21:00:00
1787868000000,1.4493,1.4583,1.448,1.4526,8576604.0,2026-08-27 22:00:00
1787871600000,1.4525,1.4581,1.4493,1.4526,7885450.0,2026-08-27 23:00:00
1787875200000,1.4525,1.4538,1.4416,1.4468,10915962.0,2026-08-28 00:00:00
1787878800000,1.4468,1.4722,1.4463,1.4494,18109064.0,2026-08-28 01:00:00
1787882400000,1.4494,1.4495,1.4234,1.4322,25259607.0,2026-08-28 02:00:00
1787886000000,1.4322,1.4355,1.4249,1.43,13059438.0,2026-08-28 03:00:00
1787889600000,1.4299,1.4327,1.4192,1.4207,13610224.0,2026-08-28 04:00:00
1787893200000,1.4206,1.4265,1.4172,1.4213,10237620.0,2026-08-28 05:00:00
1787896800000,1.4212,1.4272,1.4212,1.4247,4991983.0,2026-08-28 06:00:00
1787900400000,1.4248,1.425,1.4159,1.4198,8352288.0,2026-08-28 07:00:00
1787904000000,1.4199,1.4261,1.4176,1.4197,7726488.0,2026-08-28 08:00:00
1787907600000,1.4197,1.4202,1.4084,1.4099,12883427.0,2026-08-28 09:00:00
1787911200000,1.41,1.4211,1.401,1.4208,13299914.0,2026-08-28 10:00:00
1787914800000,1.4209,1.4315,1.4189,1.4191,11501308.0,2026-08-28 11:00:00
1787918400000,1.419,1.4228,1.4125,1.4227,7237911.0,2026-08-28 12:00:00
1787922000000,1.4226,1.4253,1.4135,1.4178,11219873.0,2026-08-28 13:00:00
1787925600000,1.4179,1.4394,1.385,1.4304,59889439.0,2026-08-28 14:00:00
1787929200000,1.4305,1.4373,1.4017,1.4025,29444241.0,2026-08-28 15:00:00
1787932800000,1.4025,1.4122,1.3723,1.3919,44228221.0,2026-08-28 16:00:00
1787936400000,1.392,1.3932,1.3807,1.3877,15090031.0,2026-08-28 17:00:00
1787940000000,1.3876,1.3885,1.3623,1.3734,21969847.0,2026-08-28 18:00:00
1787943600000,1.3735,1.3837,1.3728,1.3779,9071573.0,2026-08-28 19:00:00
1787947200000,1.3778,1.3856,1.3745,1.3796,9024382.0,2026-08-28 20:00:00
1787950800000,1.3797,1.3837,1.3691,1.3718,5996388.0,2026-08-28 21:00:00
1787954400000,1.3718,1.3833,1.3702,1.3824,6400123.0,2026-08-28 22:00:00
1787958000000,1.3824,1.3837,1.3797,1.383,4044599.0,2026-08-28 23:00:00
1787961600000,1.3831,1.3888,1.3805,1.3824,5582381.0,2026-08-29 00:00:00
1787965200000,1.3825,1.3875,1.375,1.3842,6945250.0,2026-08-29 01:00:00
1787968800000,1.3842,1.3868,1.3787,1.3819,5528396.0,2026-08-29 02:00:00
1787972400000,1.382,1.3843,1.3772,1.3788,6561075.0,2026-08-29 03:00:00
1787976000000,1.3788,1.3856,1.3783,1.3855,6294050.0,2026-08-29 04:00:00
1787979600000,1.3855,1.3924,1.3841,1.3887,7081614.0,2026-08-29 05:00:00
1787983200000,1.3887,1.3888,1.3762,1.38,5400398.0,2026-08-29 06:00:00
1787986800000,1.3799,1.3859,1.3793,1.3821,4993100.0,2026-08-29 07:00:00
1787990400000,1.382,1.3835,1.378,1.3824,4077701.0,2026-08-29 08:00:00
1787994000000,1.3824,1.3856,1.3811,1.3832,4360572.0,2026-08-29 09:00:00
1787997600000,1.3832,1.3886,1.3786,1.3847,4841729.0,2026-08-29 10:00:00
1788001200000,1.3846,1.386,1.3813,1.3826,1869312.0,2026-08-29 11:00:00
1788004800000,1.3825,1.3861,1.3804,1.384,2849648.0,2026-08-29 12:00:00
1788008400000,1.384,1.3872,1.3822,1.3863,2919021.0,2026-08-29 13:00:00
1788012000000,1.3863,1.4025,1.3853,1.4002,11367887.0,2026-08-29 14:00:00
1788015600000,1.4002,1.4006,1.3889,1.3923,16908843.0,2026-08-29 15:00:00
1788019200000,1.3922,1.3969,1.3889,1.3912,8555085.0,2026-08-29 16:00:00
1788022800000,1.3912,1.394,1.3843,1.3916,9081809.0,2026-08-29 17:00:00
1788026400000,1.3916,1.3961,1.3893,1.3934,6397407.0,2026-08-29 18:00:00
1788030000000,1.3934,1.401,1.3921,1.3968,7275241.0,2026-08-29 19:00:00
1788033600000,1.3968,1.4012,1.3939,1.3966,4841386.0,2026-08-29 20:00:00
1788037200000,1.3966,1.3977,1.3906,1.3914,4525452.0,2026-08-29 21:00:00
1788040800000,1.3915,1.3945,1.3895,1.3924,2932517.0,2026-08-29 22:00:00
1788044400000,1.3925,1.3969,1.392,1.3958,4345492.0,2026-08-29 23:00:00
1788048000000,1.3957,1.3988,1.3922,1.3947,6158385.0,2026-08-30 00:00:00
1788051600000,1.3948,1.3948,1.3883,1.3909,5934430.0,2026-08-30 01:00:00
1788055200000,1.3909,1.3958,1.3902,1.393,6014541.0,2026-08-30 02:00:00
1788058800000,1.393,1.395,1.3905,1.392,3975689.0,2026-08-30 03:00:00
1788062400000,1.392,1.3939,1.3865,1.3918,5880376.0,2026-08-30 04:00:00
1788066000000,1.3917,1.3969,1.3912,1.3951,4164264.0,2026-08-30 05:00:00
1788069600000,1.3951,1.4032,1.393,1.4009,5950208.0,2026-08-30 06:00:00
1788073200000,1.4009,1.4012,1.3903,1.3907,7305316.0,2026-08-30 07:00:00
1788076800000,1.3907,1.3936,1.388,1.3913,4113999.0,2026-08-30 08:00:00
1788080400000,1.3913,1.392,1.3807,1.3857,9214479.0,2026-08-30 09:00:00
1788084000000,1.3856,1.3906,1.3839,1.3887,5947535.0,2026-08-30 10:00:00
1788087600000,1.3886,1.3928,1.3883,1.3917,4710033.0,2026-08-30 11:00:00
1788091200000,1.3916,1.4027,1.3909,1.4018,11275632.0,2026-08-30 12:00:00
1788094800000,1.4018,1.4104,1.3958,1.4078,11001633.0,2026-08-30 13:00:00
1788098400000,1.4079,1.4079,1.4013,1.4031,7183563.0,2026-08-30 14:00:00
1788102000000,1.4031,1.4048,1.3937,1.3974,8907768.0,2026-08-30 15:00:00
1788105600000,1.3974,1.4252,1.3957,1.422,23541517.0,2026-08-30 16:00:00
1788109200000,1.422,1.4239,1.4075,1.4183,17276556.0,2026-08-30 17:00:00
1788112800000,1.4182,1.4328,1.4111,1.4238,12410713.0,2026-08-30 18:00:00
1788116400000,1.4238,1.4238,1.4075,1.4106,11322960.0,2026-08-30 19:00:00
1788120000000,1.4106,1.4135,1.3873,1.3949,18410630.0,2026-08-30 20:00:00
1788123600000,1.395,1.3977,1.3816,1.3945,16679099.0,2026-08-30 21:00:00
1788127200000,1.3945,1.4029,1.3801,1.3854,11585171.0,2026-08-30 22:00:00
1788130800000,1.3854,1.3867,1.3344,1.3563,51865199.0,2026-08-30 23:00:00
1788134400000,1.3564,1.3701,1.351,1.3643,14114806.0,2026-08-31 00:00:00
1788138000000,1.3642,1.3653,1.3421,1.3428,19156743.0,2026-08-31 01:00:00
1788141600000,1.3429,1.3568,1.3386,1.3443,15443626.0,2026-08-31 02:00:00
1788145200000,1.3444,1.3569,1.3424,1.3541,9752041.0,2026-08-31 03:00:00
1788148800000,1.354,1.3546,1.3446,1.351,8511359.0,2026-08-31 04:00:00
1788152400000,1.351,1.3676,1.3486,1.363,16744043.0,2026-08-31 05:00:00
1788156000000,1.363,1.3672,1.3591,1.3637,10279544.0,2026-08-31 06:00:00
1788159600000,1.3636,1.373,1.3628,1.3719,14767073.0,2026-08-31 07:00:00
1788163200000,1.3718,1.3776,1.3647,1.3727,11287165.0,2026-08-31 08:00:00
1788166800000,1.3726,1.3792,1.3687,1.3718,11395841.0,2026-08-31 09:00:00
1788170400000,1.3718,1.3833,1.3669,1.3804,11469511.0,2026-08-31 10:00:00
1788174000000,1.3805,1.381,1.3699,1.3704,7465011.0,2026-08-31 11:00:00
1788177600000,1.3705,1.3781,1.3563,1.3615,19210688.0,2026-08-31 12:00:00
1788181200000,1.3616,1.3734,1.3591,1.3618,14110978.0,2026-08-31 13:00:00
1788184800000,1.3618,1.3808,1.3583,1.3759,18222449.0,2026-08-31 14:00:00
1788188400000,1.376,1.3783,1.3644,1.372,10051984.0,2026-08-31 15:00:00
1788192000000,1.3719,1.3829,1.3671,1.3755,8415180.0,2026-08-31 16:00:00
1788195600000,1.3754,1.3867,1.3711,1.3842,11432155.0,2026-08-31 17:00:00
1788199200000,1.3842,1.396,1.3795,1.3855,12797820.0,2026-08-31 18:00:00
1788202800000,1.3855,1.3917,1.3835,1.3868,8105911.0,2026-08-31 19:00:00
1788206400000,1.3868,1.3943,1.3841,1.3861,7813380.0,2026-08-31 20:00:00
1788210000000,1.3862,1.3905,1.3796,1.3859,7981833.0,2026-08-31 21:00:00
1788213600000,1.386,1.3873,1.3791,1.3802,2755134.0,2026-08-31 22:00:00
1788217200000,1.3801,1.3802,1.3745,1.3794,3538270.0,2026-08-31 23:00:00
1788220800000,1.3793,1.388,1.3782,1.3835,6699109.0,2026-09-01 00:00:00
1788224400000,1.3836,1.3868,1.3738,1.3761,6001206.0,2026-09-01 01:00:00
1788228000000,1.376,1.3762,1.3686,1.3748,7250064.0,2026-09-01 02:00:00
1788231600000,1.3748,1.3915,1.3743,1.3862,10602129.0,2026-09-01 03:00:00
1788235200000,1.3862,1.3882,1.3784,1.3801,6429075.0,2026-09-01 04:00:00
1788238800000,1.3802,1.3972,1.3795,1.3943,12469384.0,2026-09-01 05:00:00
1788242400000,1.3943,1.3948,1.3833,1.3834,9680289.0,2026-09-01 06:00:00
1788246000000,1.3834,1.3858,1.377,1.3795,6381924.0,2026-09-01 07:00:00
1788249600000,1.3795,1.3799,1.3606,1.3621,15194671.0,2026-09-01 08:00:00
1788253200000,1.3622,1.3676,1.361,1.3667,9131320.0,2026-09-01 09:00:00
1788256800000,1.3668,1.3835,1.3648,1.3771,12367349.0,2026-09-01 10:00:00
1788260400000,1.3771,1.3871,1.3739,1.3817,10024228.0,2026-09-01 11:00:00
1788264000000,1.3817,1.3833,1.3686,1.3691,13086468.0,2026-09-01 12:00:00
1788267600000,1.3692,1.377,1.3551,1.3749,26996879.0,2026-09-01 13:00:00
1788271200000,1.3749,1.3835,1.3733,1.3778,9829311.0,2026-09-01 14:00:00
1788274800000,1.3779,1.3815,1.3657,1.3776,11037294.0,2026-09-01 15:00:00
1788278400000,1.3776,1.3783,1.3571,1.3647,19191162.0,2026-09-01 16:00:00
1788282000000,1.3648,1.3728,1.3602,1.3618,10473269.0,2026-09-01 17:00:00
1788285600000,1.3619,1.3643,1.3374,1.3555,27325675.0,2026-09-01 18:00:00
1788289200000,1.3555,1.3645,1.3528,1.354,12294540.0,2026-09-01 19:00:00
1788292800000,1.3541,1.3562,1.3454,1.3537,11584392.0,2026-09-01 20:00:00
1788296400000,1.3537,1.3551,1.3375,1.3488,13800842.0,2026-09-01 21:00:00
1788300000000,1.3487,1.3525,1.3384,1.3444,10476047.0,2026-09-01 22:00:00
1788303600000,1.3444,1.3558,1.3433,1.3511,10989346.0,2026-09-01 23:00:00
1788307200000,1.3511,1.353,1.3397,1.3407,10986345.0,2026-09-02 00:00:00
1788310800000,1.3406,1.344,1.3262,1.3341,22492019.0,2026-09-02 01:00:00
1788314400000,1.334,1.346,1.3308,1.3443,12338735.0,2026-09-02 02:00:00
1788318000000,1.3443,1.3574,1.343,1.351,14111553.0,2026-09-02 03:00:00
1788321600000,1.351,1.3512,1.3417,1.3474,8634341.0,2026-09-02 04:00:00
1788325200000,1.3474,1.3557,1.3427,1.3507,10102094.0,2026-09-02 05:00:00
1788328800000,1.3508,1.3519,1.3412,1.3463,9416524.0,2026-09-02 06:00:00
1788332400000,1.3463,1.352,1.3445,1.3447,5817039.0,2026-09-02 07:00:00
1788336000000,1.3448,1.3461,1.3251,1.3304,20215897.0,2026-09-02 08:00:00
1788339600000,1.3303,1.3361,1.3215,1.3269,20218450.0,2026-09-02 09:00:00
1788343200000,1.3269,1.3273,1.3091,1.3193,22740335.0,2026-09-02 10:00:00
1788346800000,1.3192,1.3256,1.3144,1.3247,11589285.0,2026-09-02 11:00:00
1788350400000,1.3247,1.3311,1.3168,1.3175,12452958.0,2026-09-02 12:00:00
1788354000000,1.3174,1.3457,1.3174,1.3411,20213063.0,2026-09-02 13:00:00
1788357600000,1.341,1.3472,1.3315,1.332,22920406.0,2026-09-02 14:00:00
1788361200000,1.332,1.3399,1.3251,1.3366,16606287.0,2026-09-02 15:00:00
1788364800000,1.3366,1.3423,1.3312,1.3318,14636072.0,2026-09-02 16:00:00
1788368400000,1.3317,1.3382,1.3263,1.338,12120877.0,2026-09-02 17:00:00
1788372000000,1.338,1.3441,1.3369,1.3417,12076811.0,2026-09-02 18:00:00
1788375600000,1.3417,1.3486,1.3396,1.3439,9974831.0,2026-09-02 19:00:00
1788379200000,1.344,1.3553,1.343,1.351,25782601.0,2026-09-02 20:00:00
1788382800000,1.3509,1.3524,1.3456,1.3477,3607728.0,2026-09-02 21:00:00
1788386400000,1.3477,1.3481,1.3415,1.3441,4827146.0,2026-09-02 22:00:00
1788390000000,1.3441,1.3517,1.3421,1.3506,5686014.0,2026-09-02 23:00:00
1788393600000,1.3506,1.3544,1.343,1.3438,10665681.0,2026-09-03 00:00:00
1788397200000,1.3438,1.366,1.3396,1.3556,22444314.0,2026-09-03 01:00:00
1788400800000,1.3556,1.3727,1.3532,1.3691,17160313.0,2026-09-03 02:00:00
1788404400000,1.3692,1.3737,1.3633,1.3663,15469995.0,2026-09-03 03:00:00
1788408000000,1.3663,1.3693,1.3597,1.3691,11732660.0,2026-09-03 04:00:00
1788411600000,1.3691,1.3703,1.3508,1.3684,17960502.0,2026-09-03 05:00:00
1788415200000,1.3684,1.3692,1.362,1.3642,11402309.0,2026-09-03 06:00:00
1788418800000,1.3641,1.376,1.362,1.3652,19505959.0,2026-09-03 07:00:00
1788422400000,1.3652,1.3789,1.3652,1.3686,15432927.0,2026-09-03 08:00:00
1788426000000,1.3686,1.3721,1.3608,1.3611,13014045.0,2026-09-03 09:00:00
1788429600000,1.3611,1.3669,1.3585,1.3643,10383764.0,2026-09-03 10:00:00
1788433200000,1.3644,1.3742,1.3633,1.3729,14950990.0,2026-09-03 11:00:00
1788436800000,1.3729,1.3911,1.3685,1.3859,28598600.0,2026-09-03 12:00:00
1788440400000,1.3859,1.401,1.382,1.393,34345321.0,2026-09-03 13:00:00
1788444000000,1.393,1.4505,1.3867,1.4497,68987094.0,2026-09-03 14:00:00
1788447600000,1.4497,1.467,1.4384,1.4641,99285858.0,2026-09-03 15:00:00
1788451200000,1.4641,1.4659,1.4414,1.4526,46216162.0,2026-09-03 16:00:00
1788454800000,1.4526,1.4638,1.4486,1.4617,23644812.0,2026-09-03 17:00:00
1788458400000,1.4617,1.4689,1.4544,1.4626,18286737.0,2026-09-03 18:00:00
1788462000000,1.4625,1.4748,1.46,1.4709,17128980.0,2026-09-03 19:00:00
1788465600000,1.4708,1.4839,1.4606,1.4705,27015349.0,2026-09-03 20:00:00
1788469200000,1.4706,1.4776,1.4629,1.4657,25417815.0,2026-09-03 21:00:00
1788472800000,1.4658,1.4676,1.4406,1.4553,19330891.0,2026-09-03 22:00:00
1788476400000,1.4553,1.4598,1.4481,1.4509,12532663.0,2026-09-03 23:00:00
1788480000000,1.451,1.4586,1.4402,1.4408,19402065.0,2026-09-04 00:00:00
1788483600000,1.4409,1.4471,1.4339,1.4442,25203313.0,2026-09-04 01:00:00
1788487200000,1.4442,1.447,1.4373,1.4463,8394396.0,2026-09-04 02:00:00
1788490800000,1.4464,1.453,1.4456,1.4464,7085026.0,2026-09-04 03:00:00
1788494400000,1.4465,1.4564,1.4434,1.4505,11740323.0,2026-09-04 04:00:00
1788498000000,1.4505,1.4536,1.4416,1.4466,11639011.0,2026-09-04 05:00:00
1788501600000,1.4466,1.4529,1.4387,1.446,8426550.0,2026-09-04 06:00:00
1788505200000,1.4461,1.4531,1.4418,1.4433,15383293.0,2026-09-04 07:00:00
1788508800000,1.4434,1.4577,1.4374,1.4568,14403946.0,2026-09-04 08:00:00
1788512400000,1.4569,1.4619,1.4476,1.4516,19226442.0,2026-09-04 09:00:00
1788516000000,1.4516,1.4531,1.4427,1.4488,8339912.0,2026-09-04 10:00:00
1788519600000,1.4488,1.4549,1.4456,1.4502,8149054.0,2026-09-04 11:00:00
1788523200000,1.4501,1.4555,1.3906,1.4085,92101601.0,2026-09-04 12:00:00
1788526800000,1.4085,1.4222,1.4013,1.4127,30474856.0,2026-09-04 13:00:00
1788530400000,1.4126,1.415,1.3826,1.3889,33222968.0,2026-09-04 14:00:00
1788534000000,1.3888,1.4011,1.3861,1.3984,13826677.0,2026-09-04 15:00:00
1788537600000,1.3984,1.4079,1.3966,1.4023,9800392.0,2026-09-04 16:00:00
1788541200000,1.4023,1.4025,1.3901,1.3932,8883884.0,2026-09-04 17:00:00
1788544800000,1.3932,1.3998,1.3932,1.3982,5073879.0,2026-09-04 18:00:00
1788548400000,1.3983,1.4041,1.3981,1.3986,7440254.0,2026-09-04 19:00:00
1788552000000,1.3987,1.401,1.3957,1.3993,5795835.0,2026-09-04 20:00:00
1788555600000,1.3992,1.4019,1.3932,1.3952,6074628.0,2026-09-04 21:00:00
1788559200000,1.3951,1.3978,1.3931,1.3949,2271471.0,2026-09-04 22:00:00
1788562800000,1.3949,1.3989,1.3937,1.3977,2591048.0,2026-09-04 23:00:00
1788566400000,1.3978,1.3994,1.3942,1.3947,5491136.0,2026-09-05 00:00:00
1788570000000,1.3948,1.4017,1.3937,1.3958,7170015.0,2026-09-05 01:00:00
1788573600000,1.3958,1.398,1.3931,1.3977,5009894.0,2026-09-05 02:00:00
1788577200000,1.3976,1.4003,1.3961,1.3966,3962407.0,2026-09-05 03:00:00
1788580800000,1.3966,1.3987,1.3945,1.3971,6137408.0,2026-09-05 04:00:00
1788584400000,1.3972,1.3996,1.3949,1.3984,5351806.0,2026-09-05 05:00:00
1788588000000,1.3984,1.4033,1.3979,1.4025,6328461.0,2026-09-05 06:00:00
1788591600000,1.4025,1.4051,1.4014,1.4037,5993401.0,2026-09-05 07:00:00
1788595200000,1.4038,1.407,1.3996,1.4053,8187364.0,2026-09-05 08:00:00
1788598800000,1.4053,1.4107,1.4041,1.4066,7590739.0,2026-09-05 09:00:00
1788602400000,1.4067,1.4068,1.4023,1.4044,5505757.0,2026-09-05 10:00:00
1788606000000,1.4044,1.4064,1.4015,1.4037,5147835.0,2026-09-05 11:00:00
1788609600000,1.4037,1.4167,1.4031,1.4139,11094316.0,2026-09-05 12:00:00
1788613200000,1.4139,1.418,1.4082,1.4114,10242136.0,2026-09-05 13:00:00
1788616800000,1.4113,1.4198,1.4111,1.4135,9009562.0,2026-09-05 14:00:00
1788620400000,1.4136,1.4149,1.4095,1.4118,7269981.0,2026-09-05 15:00:00
1788624000000,1.4117,1.4181,1.4103,1.4147,8413169.0,2026-09-05 16:00:00
1788627600000,1.4147,1.4272,1.4141,1.4257,16749601.0,2026-09-05 17:00:00
1788631200000,1.4258,1.4269,1.4167,1.4175,9538637.0,2026-09-05 18:00:00
1788634800000,1.4174,1.42,1.4126,1.4154,9094290.0,2026-09-05 19:00:00
1788638400000,1.4154,1.4181,1.4118,1.4141,8933728.0,2026-09-05 20:00:00
1788642000000,1.414,1.422,1.4138,1.4196,3443301.0,2026-09-05 21:00:00
1788645600000,1.4197,1.4219,1.4113,1.4137,8677298.0,2026-09-05 22:00:00
1788649200000,1.4138,1.4157,1.3978,1.4116,15722968.0,2026-09-05 23:00:00
1788652800000,1.4116,1.4172,1.4105,1.4135,8618095.0,2026-09-06 00:00:00
1788656400000,1.4134,1.4201,1.4121,1.4171,11786266.0,2026-09-06 01:00:00
1788660000000,1.4172,1.4198,1.4151,1.4177,4779881.0,2026-09-06 02:00:00
1788663600000,1.4177,1.4319,1.4166,1.4235,13927671.0,2026-09-06 03:00:00
1788667200000,1.4235,1.4242,1.4161,1.4194,11814951.0,2026-09-06 04:00:00
1788670800000,1.4195,1.4286,1.4171,1.424,9798696.0,2026-09-06 05:00:00
1788674400000,1.4241,1.4254,1.4165,1.4175,6378150.0,2026-09-06 06:00:00
1788678000000,1.4175,1.4194,1.4066,1.416,12867972.0,2026-09-06 07:00:00
1788681600000,1.416,1.418,1.413,1.4149,4732191.0,2026-09-06 08:00:00
1788685200000,1.4149,1.4242,1.4134,1.4184,8565253.0,2026-09-06 09:00:00
1788688800000,1.4184,1.4221,1.4165,1.4208,4068783.0,2026-09-06 10:00:00
1788692400000,1.4208,1.422,1.4172,1.42,7859111.0,2026-09-06 11:00:00
1788696000000,1.42,1.4266,1.4166,1.4176,10131524.0,2026-09-06 12:00:00
1788699600000,1.4175,1.4212,1.4115,1.4158,10195115.0,2026-09-06 13:00:00
1788703200000,1.4159,1.4164,1.3907,1.4094,23600361.0,2026-09-06 14:00:00
1788706800000,1.4093,1.4115,1.4002,1.4103,8778985.0,2026-09-06 15:00:00
1788710400000,1.4102,1.4137,1.4076,1.4116,5159609.0,2026-09-06 16:00:00
1788714000000,1.4116,1.4132,1.4055,1.4082,6339376.0,2026-09-06 17:00:00
1788717600000,1.4082,1.4152,1.4082,1.4119,6624172.0,2026-09-06 18:00:00
1788721200000,1.412,1.412,1.4085,1.4093,1647667.0,2026-09-06 19:00:00
1788724800000,1.4094,1.4233,1.4085,1.4216,6717631.0,2026-09-06 20:00:00
1788728400000,1.4216,1.4262,1.4193,1.4245,4487358.0,2026-09-06 21:00:00
1788732000000,1.4244,1.4244,1.4079,1.418,13799502.0,2026-09-06 22:00:00
1788735600000,1.418,1.4265,1.4163,1.4231,10609664.0,2026-09-06 23:00:00
1788739200000,1.4231,1.4252,1.4148,1.4177,9893865.0,2026-09-07 00:00:00
1788742800000,1.4178,1.4194,1.4022,1.4057,14940310.0,2026-09-07 01:00:00
1788746400000,1.4057,1.4329,1.3988,1.4131,24933637.0,2026-09-07 02:00:00
1788750000000,1.4131,1.4164,1.4023,1.4054,12301681.0,2026-09-07 03:00:00
1788753600000,1.4055,1.4095,1.4028,1.4058,10808091.0,2026-09-07 04:00:00
1788757200000,1.4059,1.4165,1.4051,1.4073,8076713.0,2026-09-07 05:00:00
1788760800000,1.4074,1.4124,1.4052,1.4083,5938810.0,2026-09-07 06:00:00
1788764400000,1.4082,1.4125,1.3862,1.3982,23827516.0,2026-09-07 07:00:00
1788768000000,1.3981,1.4075,1.3975,1.4029,11990484.0,2026-09-07 08:00:00
1788771600000,1.403,1.4068,1.3958,1.3964,9687266.0,2026-09-07 09:00:00
1788775200000,1.3963,1.4022,1.3925,1.3983,7733608.0,2026-09-07 10:00:00
1788778800000,1.3982,1.4008,1.3961,1.3984,7484581.0,2026-09-07 11:00:00
1788782400000,1.3985,1.4129,1.3981,1.4114,8222900.0,2026-09-07 12:00:00
1788786000000,1.4115,1.4133,1.401,1.4023,10467068.0,2026-09-07 13:00:00
1788789600000,1.4023,1.4038,1.3898,1.3977,16301293.0,2026-09-07 14:00:00
1788793200000,1.3978,1.3983,1.3739,1.3826,25460624.0,2026-09-07 15:00:00
1788796800000,1.3826,1.3952,1.3822,1.3948,8635812.0,2026-09-07 16:00:00
1788800400000,1.3947,1.3993,1.394,1.3975,4812565.0,2026-09-07 17:00:00
1788804000000,1.3976,1.399,1.3923,1.3942,4612737.0,2026-09-07 18:00:00
1788807600000,1.3942,1.4024,1.3929,1.4014,3256767.0,2026-09-07 19:00:00
1788811200000,1.4015,1.4021,1.3952,1.3982,7147577.0,2026-09-07 20:00:00
1788814800000,1.3981,1.4001,1.3943,1.3962,3972386.0,2026-09-07 21:00:00
1788818400000,1.3962,1.3974,1.3821,1.3877,11922503.0,2026-09-07 22:00:00
1788822000000,1.3877,1.3981,1.3872,1.3961,8362233.0,2026-09-07 23:00:00
1788825600000,1.3961,1.4011,1.392,1.401,10875743.0,2026-09-08 00:00:00
1788829200000,1.401,1.4056,1.3981,1.4033,9158081.0,2026-09-08 01:00:00
1788832800000,1.4033,1.4067,1.391,1.3911,9687194.0,2026-09-08 02:00:00
1788836400000,1.391,1.3973,1.3883,1.3943,10655657.0,2026-09-08 03:00:00
1788840000000,1.3944,1.3964,1.3918,1.3934,6289050.0,2026-09-08 04:00:00
