timestamp,open,high,low,close,volume,datetime
1773291600000,2022.3,2027.78,2018.6,2026.22,75098.456,2026-03-12 05:00:00
1773295200000,2026.23,2031.67,2023.84,2029.76,79832.202,2026-03-12 06:00:00
1773298800000,2029.78,2041.79,2024.5,2039.89,125811.807,2026-03-12 07:00:00
1773302400000,2039.89,2052.65,2037.37,2046.79,193118.088,2026-03-12 08:00:00
1773306000000,2046.79,2064.99,2037.33,2054.49,226622.212,2026-03-12 09:00:00
1773309600000,2054.49,2074.99,2051.7,2068.98,248270.64,2026-03-12 10:00:00
1773313200000,2068.98,2076.49,2057.0,2061.85,190102.076,2026-03-12 11:00:00
1773316800000,2061.85,2070.33,2057.0,2064.69,139281.923,2026-03-12 12:00:00
1773320400000,2064.7,2079.93,2050.03,2064.53,388381.473,2026-03-12 13:00:00
1773324000000,2064.52,2094.98,2036.0,2044.35,731771.573,2026-03-12 14:00:00
1773327600000,2044.35,2081.81,2038.0,2071.5,364993.714,2026-03-12 15:00:00
1773331200000,2071.5,2077.71,2055.18,2068.98,242519.098,2026-03-12 16:00:00
1773334800000,2068.97,2074.6,2054.03,2057.61,130141.441,2026-03-12 17:00:00
1773338400000,2057.6,2061.5,2045.7,2048.01,146142.305,2026-03-12 18:00:00
1773342000000,2048.0,2072.81,2043.76,2068.47,174335.669,2026-03-12 19:00:00
1773345600000,2068.47,2072.8,2059.26,2061.78,64490.264,2026-03-12 20:00:00
1773349200000,2061.79,2069.37,2056.07,2062.15,55460.114,2026-03-12 21:00:00
1773352800000,2062.14,2067.0,2053.58,2064.67,75468.623,2026-03-12 22:00:00
1773356400000,2064.67,2092.55,2063.87,2072.65,230308.42,2026-03-12 23:00:00
1773360000000,2072.64,2148.61,2068.32,2118.11,835768.294,2026-03-13 00:00:00
1773363600000,2118.11,2129.49,2110.0,2123.79,191118.011,2026-03-13 01:00:00
1773367200000,2123.78,2126.18,2100.59,2104.75,185566.387,2026-03-13 02:00:00
1773370800000,2104.76,2123.07,2101.05,2117.79,144150.746,2026-03-13 03:00:00
1773374400000,2117.79,2119.07,2108.58,2110.55,83410.896,2026-03-13 04:00:00
1773378000000,2110.54,2114.28,2102.2,2109.36,95925.116,2026-03-13 05:00:00
1773381600000,2109.37,2112.34,2088.43,2095.21,223973.146,2026-03-13 06:00:00
1773385200000,2095.21,2103.85,2091.7,2098.74,126123.363,2026-03-13 07:00:00
1773388800000,2098.73,2116.51,2090.57,2099.21,219064.479,2026-03-13 08:00:00
1773392400000,2099.21,2116.67,2095.07,2112.42,149037.875,2026-03-13 09:00:00
1773396000000,2112.41,2132.71,2111.49,2125.66,266902.292,2026-03-13 10:00:00
1773399600000,2125.66,2128.92,2117.0,2119.76,130791.143,2026-03-13 11:00:00
1773403200000,2119.76,2154.52,2119.24,2145.4,376806.685,2026-03-13 12:00:00
1773406800000,2145.41,2200.0,2140.54,2184.32,824215.481,2026-03-13 13:00:00
1773410400000,2184.31,2209.0,2145.0,2150.63,816977.746,2026-03-13 14:00:00
1773414000000,2150.64,2164.9,2124.3,2127.26,503914.399,2026-03-13 15:00:00
1773417600000,2127.26,2143.64,2110.47,2133.13,430358.543,2026-03-13 16:00:00
1773421200000,2133.14,2140.59,2088.84,2101.98,431328.035,2026-03-13 17:00:00
1773424800000,2101.99,2108.0,2090.0,2099.88,174378.641,2026-03-13 18:00:00
1773428400000,2099.88,2105.0,2095.0,2101.65,90718.435,2026-03-13 19:00:00
1773432000000,2101.65,2113.58,2100.02,2110.65,73264.879,2026-03-13 20:00:00
1773435600000,2110.65,2116.21,2100.18,2102.16,65355.971,2026-03-13 21:00:00
1773439200000,2102.16,2104.1,2076.93,2088.2,211761.991,2026-03-13 22:00:00
1773442800000,2088.21,2093.03,2084.6,2091.16,54042.376,2026-03-13 23:00:00
1773446400000,2091.17,2094.25,2081.77,2084.35,76575.856,2026-03-14 00:00:00
1773450000000,2084.36,2094.8,2080.33,2091.5,75651.966,2026-03-14 01:00:00
1773453600000,2091.5,2094.82,2088.55,2091.44,51584.491,2026-03-14 02:00:00
1773457200000,2091.44,2103.77,2091.39,2100.3,84612.029,2026-03-14 03:00:00
1773460800000,2100.3,2104.98,2086.34,2089.5,111933.408,2026-03-14 04:00:00
1773464400000,2089.49,2093.6,2084.48,2091.31,84806.146,2026-03-14 05:00:00
1773468000000,2091.31,2091.31,2067.01,2077.3,208132.034,2026-03-14 06:00:00
1773471600000,2077.29,2079.61,2074.48,2076.5,63548.318,2026-03-14 07:00:00
1773475200000,2076.5,2080.77,2071.53,2073.46,66525.448,2026-03-14 08:00:00
1773478800000,2073.46,2077.33,2062.32,2066.42,120094.417,2026-03-14 09:00:00
1773482400000,2066.43,2068.35,2060.41,2065.26,80119.695,2026-03-14 10:00:00
1773486000000,2065.25,2076.3,2065.02,2072.85,90298.524,2026-03-14 11:00:00
1773489600000,2072.84,2077.17,2068.51,2074.59,83611.567,2026-03-14 12:00:00
1773493200000,2074.59,2080.0,2071.55,2077.23,75151.92,2026-03-14 13:00:00
1773496800000,2077.23,2079.37,2068.3,2070.01,72558.42,2026-03-14 14:00:00
1773500400000,2070.01,2076.95,2068.72,2073.51,48774.487,2026-03-14 15:00:00
1773504000000,2073.51,2077.9,2066.86,2076.59,53108.08,2026-03-14 16:00:00
1773507600000,2076.59,2077.23,2072.33,2074.27,33458.025,2026-03-14 17:00:00
1773511200000,2074.26,2077.58,2071.52,2075.92,21435.691,2026-03-14 18:00:00
1773514800000,2075.92,2078.65,2073.88,2076.07,22480.74,2026-03-14 19:00:00
1773518400000,2076.08,2087.5,2074.89,2084.9,57881.941,2026-03-14 20:00:00
1773522000000,2084.9,2087.51,2080.62,2085.9,27704.628,2026-03-14 21:00:00
1773525600000,2085.89,2087.27,2081.0,2083.37,22670.016,2026-03-14 22:00:00
1773529200000,2083.38,2098.66,2082.78,2095.33,111559.533,2026-03-14 23:00:00
1773532800000,2095.33,2095.95,2085.45,2086.72,52355.821,2026-03-15 00:00:00
1773536400000,2086.71,2090.74,2082.26,2087.17,47367.005,2026-03-15 01:00:00
1773540000000,2087.17,2108.19,2087.16,2101.12,150320.432,2026-03-15 02:00:00
1773543600000,2101.12,2104.3,2092.65,2095.42,82281.045,2026-03-15 03:00:00
1773547200000,2095.41,2103.54,2095.36,2103.41,75268.354,2026-03-15 04:00:00
1773550800000,2103.42,2115.56,2101.0,2106.75,159287.997,2026-03-15 05:00:00
1773554400000,2106.76,2110.69,2101.46,2106.97,66049.801,2026-03-15 06:00:00
1773558000000,2106.96,2112.77,2102.53,2104.99,69817.898,2026-03-15 07:00:00
1773561600000,2104.99,2112.85,2104.99,2111.74,58059.027,2026-03-15 08:00:00
1773565200000,2111.73,2123.13,2111.59,2116.16,142950.394,2026-03-15 09:00:00
1773568800000,2116.17,2120.59,2113.08,2118.06,61089.31,2026-03-15 10:00:00
1773572400000,2118.05,2120.44,2114.0,2118.87,71054.354,2026-03-15 11:00:00
1773576000000,2118.87,2119.0,2106.9,2108.55,96916.174,2026-03-15 12:00:00
1773579600000,2108.55,2111.67,2085.02,2096.31,318027.447,2026-03-15 13:00:00
1773583200000,2096.31,2098.88,2085.58,2096.28,102614.798,2026-03-15 14:00:00
1773586800000,2096.29,2096.49,2089.04,2092.96,49227.124,2026-03-15 15:00:00
1773590400000,2092.96,2098.41,2087.63,2090.7,79572.786,2026-03-15 16:00:00
1773594000000,2090.69,2117.96,2090.25,2110.01,159153.335,2026-03-15 17:00:00
1773597600000,2110.0,2112.7,2093.36,2098.16,113952.781,2026-03-15 18:00:00
1773601200000,2098.15,2113.79,2095.17,2112.5,83503.96,2026-03-15 19:00:00
1773604800000,2112.5,2138.1,2108.92,2128.0,200567.088,2026-03-15 20:00:00
1773608400000,2128.01,2144.13,2122.32,2138.33,122187.837,2026-03-15 21:00:00
1773612000000,2138.33,2192.11,2124.43,2183.89,482650.944,2026-03-15 22:00:00
1773615600000,2183.9,2203.0,2165.0,2177.31,403564.793,2026-03-15 23:00:00
1773619200000,2177.31,2186.66,2164.05,2170.38,166339.543,2026-03-16 00:00:00
1773622800000,2170.39,2189.67,2164.09,2185.0,175061.323,2026-03-16 01:00:00
1773626400000,2184.99,2188.37,2169.13,2179.48,137857.91,2026-03-16 02:00:00
1773630000000,2179.48,2252.88,2176.23,2234.89,814048.729,2026-03-16 03:00:00
1773633600000,2234.89,2278.0,2234.88,2262.08,630309.057,2026-03-16 04:00:00
1773637200000,2262.08,2288.0,2255.55,2279.42,431470.093,2026-03-16 05:00:00
1773640800000,2279.41,2280.2,2259.35,2260.54,203256.259,2026-03-16 06:00:00
1773644400000,2260.54,2268.16,2244.4,2248.0,212831.2,2026-03-16 07:00:00
1773648000000,2248.0,2257.77,2233.36,2242.53,239548.676,2026-03-16 08:00:00
1773651600000,2242.53,2265.88,2239.1,2259.35,186307.608,2026-03-16 09:00:00
1773655200000,2259.36,2277.9,2254.56,2276.86,251375.066,2026-03-16 10:00:00
1773658800000,2276.86,2279.33,2264.44,2268.54,181036.037,2026-03-16 11:00:00
1773662400000,2268.54,2303.0,2268.24,2277.97,624678.826,2026-03-16 12:00:00
1773666000000,2277.96,2307.76,2270.32,2287.53,518985.64,2026-03-16 13:00:00
1773669600000,2287.52,2302.92,2252.48,2287.18,660095.546,2026-03-16 14:00:00
1773673200000,2287.17,2298.48,2268.56,2272.38,326531.93,2026-03-16 15:00:00
1773676800000,2272.38,2299.73,2268.25,2295.66,270549.422,2026-03-16 16:00:00
1773680400000,2295.66,2324.44,2292.2,2313.42,381203.571,2026-03-16 17:00:00
1773684000000,2313.43,2346.5,2312.81,2320.77,502118.234,2026-03-16 18:00:00
1773687600000,2320.77,2347.61,2317.45,2329.84,284136.081,2026-03-16 19:00:00
1773691200000,2329.85,2346.72,2322.46,2344.17,143951.808,2026-03-16 20:00:00
1773694800000,2344.17,2377.0,2342.5,2360.0,362755.966,2026-03-16 21:00:00
1773698400000,2360.01,2386.76,2353.82,2356.65,263103.324,2026-03-16 22:00:00
1773702000000,2356.65,2361.0,2328.99,2351.83,260920.639,2026-03-16 23:00:00
1773705600000,2351.83,2377.92,2338.94,2356.5,428360.07,2026-03-17 00:00:00
1773709200000,2356.49,2374.96,2345.65,2359.72,245997.207,2026-03-17 01:00:00
1773712800000,2359.71,2360.72,2343.27,2350.16,160962.327,2026-03-17 02:00:00
1773716400000,2350.16,2354.92,2306.35,2319.37,407232.029,2026-03-17 03:00:00
1773720000000,2319.37,2330.0,2295.0,2310.35,380167.143,2026-03-17 04:00:00
1773723600000,2310.35,2317.78,2297.01,2306.39,188677.817,2026-03-17 05:00:00
1773727200000,2306.4,2323.96,2297.58,2314.5,222754.683,2026-03-17 06:00:00
1773730800000,2314.51,2337.89,2314.5,2327.1,197778.393,2026-03-17 07:00:00
1773734400000,2327.1,2334.7,2314.5,2319.77,174690.768,2026-03-17 08:00:00
1773738000000,2319.76,2328.6,2305.1,2314.88,236299.117,2026-03-17 09:00:00
1773741600000,2314.87,2316.69,2303.0,2312.29,152637.358,2026-03-17 10:00:00
1773745200000,2312.28,2332.55,2310.84,2325.73,185647.252,2026-03-17 11:00:00
1773748800000,2325.72,2334.34,2311.0,2314.73,182142.754,2026-03-17 12:00:00
1773752400000,2314.72,2345.6,2312.5,2327.89,395299.264,2026-03-17 13:00:00
1773756000000,2327.9,2347.93,2318.09,2342.45,308002.216,2026-03-17 14:00:00
1773759600000,2342.44,2357.67,2303.25,2315.12,537936.51,2026-03-17 15:00:00
1773763200000,2315.12,2335.94,2311.41,2326.07,237386.468,2026-03-17 16:00:00
1773766800000,2326.06,2341.76,2319.14,2338.83,161162.775,2026-03-17 17:00:00
1773770400000,2338.83,2341.54,2326.35,2331.81,102653.16,2026-03-17 18:00:00
1773774000000,2331.81,2338.63,2315.34,2318.96,120316.081,2026-03-17 19:00:00
1773777600000,2318.97,2329.27,2316.44,2326.61,51818.499,2026-03-17 20:00:00
1773781200000,2326.61,2345.0,2326.49,2337.0,92405.957,2026-03-17 21:00:00
1773784800000,2337.01,2341.0,2317.0,2328.42,81585.447,2026-03-17 22:00:00
1773788400000,2328.43,2331.9,2315.07,2316.18,82455.224,2026-03-17 23:00:00
1773792000000,2316.18,2324.55,2306.0,2323.14,143745.056,2026-03-18 00:00:00
1773795600000,2323.14,2335.0,2322.0,2323.93,122855.568,2026-03-18 01:00:00
1773799200000,2323.94,2340.0,2323.34,2330.13,98126.561,2026-03-18 02:00:00
1773802800000,2330.12,2349.0,2327.27,2339.33,162583.364,2026-03-18 03:00:00
1773806400000,2339.34,2340.75,2325.03,2326.25,87289.738,2026-03-18 04:00:00
1773810000000,2326.25,2329.99,2312.84,2317.71,141555.398,2026-03-18 05:00:00
1773813600000,2317.71,2331.05,2317.35,2321.67,114506.885,2026-03-18 06:00:00
1773817200000,2321.67,2322.21,2310.61,2316.7,137526.435,2026-03-18 07:00:00
1773820800000,2316.69,2324.6,2316.2,2321.59,96464.616,2026-03-18 08:00:00
1773824400000,2321.59,2332.52,2320.53,2327.85,99789.098,2026-03-18 09:00:00
1773828000000,2327.85,2330.48,2306.0,2311.69,206396.115,2026-03-18 10:00:00
1773831600000,2311.69,2318.83,2261.79,2268.2,768315.969,2026-03-18 11:00:00
1773835200000,2268.21,2269.93,2233.44,2236.91,606221.463,2026-03-18 12:00:00
1773838800000,2236.91,2243.98,2222.0,2234.89,451209.904,2026-03-18 13:00:00
1773842400000,2234.89,2236.33,2186.0,2189.44,647434.886,2026-03-18 14:00:00
1773846000000,2189.44,2196.0,2168.25,2186.42,587565.981,2026-03-18 15:00:00
1773849600000,2186.43,2190.41,2164.0,2180.23,339935.522,2026-03-18 16:00:00
1773853200000,2180.23,2211.33,2175.91,2203.33,326117.759,2026-03-18 17:00:00
1773856800000,2203.32,2219.62,2175.0,2180.05,522894.618,2026-03-18 18:00:00
1773860400000,2180.06,2196.53,2175.63,2184.8,187296.774,2026-03-18 19:00:00
1773864000000,2184.81,2194.19,2151.68,2186.51,342755.006,2026-03-18 20:00:00
1773867600000,2186.5,2206.49,2184.39,2201.51,116067.691,2026-03-18 21:00:00
1773871200000,2201.51,2202.67,2185.0,2193.29,77533.243,2026-03-18 22:00:00
1773874800000,2193.3,2205.95,2187.68,2201.93,87733.318,2026-03-18 23:00:00
1773878400000,2201.93,2207.49,2188.8,2191.99,105610.41,2026-03-19 00:00:00
1773882000000,2192.0,2200.89,2186.0,2195.51,81161.185,2026-03-19 01:00:00
1773885600000,2195.51,2203.99,2187.7,2195.48,85189.583,2026-03-19 02:00:00
1773889200000,2195.48,2233.09,2195.48,2210.84,357698.639,2026-03-19 03:00:00
1773892800000,2210.85,2212.0,2189.0,2192.56,172368.184,2026-03-19 04:00:00
1773896400000,2192.58,2197.96,2185.01,2188.23,103260.378,2026-03-19 05:00:00
1773900000000,2188.23,2194.86,2176.46,2179.59,181301.491,2026-03-19 06:00:00
1773903600000,2179.58,2181.0,2141.35,2165.2,596821.809,2026-03-19 07:00:00
1773907200000,2165.21,2169.88,2156.67,2159.57,159681.083,2026-03-19 08:00:00
1773910800000,2159.57,2189.74,2159.0,2188.13,281513.557,2026-03-19 09:00:00
1773914400000,2188.14,2192.0,2171.0,2171.39,142535.854,2026-03-19 10:00:00
1773918000000,2171.39,2177.02,2164.41,2165.79,128059.179,2026-03-19 11:00:00
1773921600000,2165.79,2166.66,2128.71,2131.42,408395.874,2026-03-19 12:00:00
1773925200000,2131.42,2142.8,2110.32,2136.9,641306.125,2026-03-19 13:00:00
1773928800000,2136.91,2146.98,2101.32,2120.72,479619.931,2026-03-19 14:00:00
1773932400000,2120.73,2136.3,2095.58,2117.93,412628.991,2026-03-19 15:00:00
1773936000000,2117.93,2121.63,2105.79,2114.46,278197.304,2026-03-19 16:00:00
1773939600000,2114.46,2131.39,2104.09,2126.2,201875.91,2026-03-19 17:00:00
1773943200000,2126.2,2129.0,2113.33,2124.39,87217.601,2026-03-19 18:00:00
1773946800000,2124.39,2156.1,2124.01,2140.05,311366.155,2026-03-19 19:00:00
1773950400000,2140.07,2152.05,2137.64,2145.07,76907.969,2026-03-19 20:00:00
1773954000000,2145.07,2154.73,2143.43,2148.74,78795.834,2026-03-19 21:00:00
1773957600000,2148.74,2151.11,2130.3,2139.08,97068.156,2026-03-19 22:00:00
1773961200000,2139.08,2146.25,2128.93,2136.55,83844.267,2026-03-19 23:00:00
1773964800000,2136.54,2148.0,2133.54,2144.55,82019.729,2026-03-20 00:00:00
1773968400000,2144.55,2159.6,2143.57,2149.81,131951.367,2026-03-20 01:00:00
1773972000000,2149.8,2150.58,2131.0,2143.4,143984.518,2026-03-20 02:00:00
1773975600000,2143.4,2156.5,2142.5,2150.16,102086.55,2026-03-20 03:00:00
1773979200000,2150.16,2158.65,2138.17,2147.15,126903.389,2026-03-20 04:00:00
1773982800000,2147.16,2151.38,2136.28,2139.31,105141.329,2026-03-20 05:00:00
1773986400000,2139.31,2141.1,2131.09,2135.78,96919.815,2026-03-20 06:00:00
1773990000000,2135.78,2152.32,2120.27,2149.2,243362.003,2026-03-20 07:00:00
1773993600000,2149.2,2176.06,2145.01,2162.73,296887.894,2026-03-20 08:00:00
1773997200000,2162.73,2162.84,2133.42,2140.29,240358.943,2026-03-20 09:00:00
1774000800000,2140.28,2150.65,2130.4,2147.16,174355.37,2026-03-20 10:00:00
1774004400000,2147.16,2157.65,2133.35,2140.71,161216.416,2026-03-20 11:00:00
1774008000000,2140.71,2151.9,2133.93,2140.17,134723.393,2026-03-20 12:00:00
1774011600000,2140.17,2152.42,2121.02,2126.5,353164.345,2026-03-20 13:00:00
1774015200000,2126.49,2146.83,2115.0,2128.2,435619.58,2026-03-20 14:00:00
1774018800000,2128.2,2138.0,2119.02,2132.99,189258.585,2026-03-20 15:00:00
1774022400000,2133.0,2143.89,2129.38,2136.35,144236.507,2026-03-20 16:00:00
1774026000000,2136.35,2140.18,2118.5,2135.67,154575.947,2026-03-20 17:00:00
1774029600000,2135.67,2136.6,2116.16,2122.5,149709.888,2026-03-20 18:00:00
1774033200000,2122.51,2133.91,2116.47,2132.19,125065.991,2026-03-20 19:00:00
1774036800000,2132.19,2135.9,2122.73,2132.24,76939.151,2026-03-20 20:00:00
1774040400000,2132.23,2157.0,2129.53,2146.47,119790.989,2026-03-20 21:00:00
1774044000000,2146.47,2167.72,2146.47,2153.57,107243.888,2026-03-20 22:00:00
1774047600000,2153.56,2154.53,2141.78,2145.0,57103.892,2026-03-20 23:00:00
1774051200000,2145.01,2156.21,2143.0,2152.44,63544.094,2026-03-21 00:00:00
1774054800000,2152.44,2158.75,2146.26,2146.71,62569.873,2026-03-21 01:00:00
1774058400000,2146.71,2155.42,2145.22,2153.89,44677.872,2026-03-21 02:00:00
1774062000000,2153.89,2154.95,2149.92,2152.43,28928.704,2026-03-21 03:00:00
1774065600000,2152.42,2157.4,2148.63,2150.57,58621.937,2026-03-21 04:00:00
1774069200000,2150.58,2156.66,2150.57,2152.13,37735.244,2026-03-21 05:00:00
1774072800000,2152.12,2155.3,2151.16,2154.62,23246.55,2026-03-21 06:00:00
1774076400000,2154.61,2160.99,2151.81,2154.29,68227.523,2026-03-21 07:00:00
1774080000000,2154.29,2156.33,2148.42,2152.87,55941.812,2026-03-21 08:00:00
1774083600000,2152.86,2158.0,2152.59,2157.39,43711.591,2026-03-21 09:00:00
1774087200000,2157.4,2158.43,2152.0,2153.38,31924.054,2026-03-21 10:00:00
1774090800000,2153.38,2157.65,2151.91,2156.45,28432.389,2026-03-21 11:00:00
1774094400000,2156.44,2159.9,2155.62,2156.8,34464.873,2026-03-21 12:00:00
1774098000000,2156.8,2158.86,2153.94,2155.0,27560.967,2026-03-21 13:00:00
1774101600000,2155.0,2168.0,2149.0,2151.31,154378.16,2026-03-21 14:00:00
1774105200000,2151.3,2156.71,2145.19,2154.17,95382.819,2026-03-21 15:00:00
1774108800000,2154.17,2154.56,2142.85,2145.61,76801.228,2026-03-21 16:00:00
1774112400000,2145.6,2149.8,2141.0,2147.25,53009.76,2026-03-21 17:00:00
1774116000000,2147.25,2154.99,2146.32,2150.06,49887.595,2026-03-21 18:00:00
1774119600000,2150.07,2152.26,2148.0,2151.07,19917.66,2026-03-21 19:00:00
1774123200000,2151.07,2156.26,2148.2,2154.61,35509.192,2026-03-21 20:00:00
1774126800000,2154.62,2155.96,2150.94,2152.45,20393.41,2026-03-21 21:00:00
1774130400000,2152.44,2152.75,2148.25,2148.71,20590.161,2026-03-21 22:00:00
1774134000000,2148.72,2148.99,2068.14,2083.41,484627.414,2026-03-21 23:00:00
1774137600000,2083.42,2094.73,2046.64,2086.19,563263.69,2026-03-22 00:00:00
1774141200000,2086.18,2093.0,2080.2,2089.94,125679.345,2026-03-22 01:00:00
1774144800000,2089.94,2108.51,2086.49,2101.0,166617.567,2026-03-22 02:00:00
1774148400000,2100.99,2127.07,2096.75,2112.83,206722.668,2026-03-22 03:00:00
1774152000000,2112.83,2122.0,2103.85,2118.07,157621.397,2026-03-22 04:00:00
1774155600000,2118.06,2119.88,2111.11,2111.7,73875.475,2026-03-22 05:00:00
1774159200000,2111.71,2112.72,2106.36,2107.62,72222.018,2026-03-22 06:00:00
1774162800000,2107.62,2111.0,2091.39,2092.75,149348.53,2026-03-22 07:00:00
1774166400000,2092.75,2095.05,2072.44,2085.49,318713.818,2026-03-22 08:00:00
1774170000000,2085.49,2096.25,2078.0,2083.7,169579.587,2026-03-22 09:00:00
1774173600000,2083.71,2085.91,2076.09,2080.0,62943.346,2026-03-22 10:00:00
1774177200000,2080.01,2082.7,2063.2,2068.72,178121.991,2026-03-22 11:00:00
1774180800000,2068.73,2087.69,2067.01,2081.27,141619.617,2026-03-22 12:00:00
1774184400000,2081.28,2091.99,2071.29,2077.5,145713.95,2026-03-22 13:00:00
1774188000000,2077.5,2084.56,2070.5,2076.91,92327.634,2026-03-22 14:00:00
1774191600000,2076.9,2083.75,2074.43,2082.0,77233.512,2026-03-22 15:00:00
1774195200000,2082.01,2083.5,2076.72,2081.06,54056.715,2026-03-22 16:00:00
1774198800000,2081.05,2083.54,2076.31,2078.58,44794.235,2026-03-22 17:00:00
1774202400000,2078.59,2079.47,2055.31,2071.01,154035.16,2026-03-22 18:00:00
1774206000000,2071.01,2071.8,2052.4,2061.85,142468.801,2026-03-22 19:00:00
1774209600000,2061.85,2071.5,2055.08,2057.49,83283.704,2026-03-22 20:00:00
1774213200000,2057.48,2059.59,2024.0,2044.67,365296.548,2026-03-22 21:00:00
1774216800000,2044.67,2064.6,2031.1,2061.49,198027.86,2026-03-22 22:00:00
1774220400000,2061.5,2074.85,2050.1,2052.78,118679.749,2026-03-22 23:00:00
1774224000000,2052.78,2062.71,2034.08,2042.62,174227.186,2026-03-23 00:00:00
1774227600000,2042.62,2062.21,2038.17,2046.83,140675.489,2026-03-23 01:00:00
1774231200000,2046.83,2069.61,2045.61,2062.41,164491.542,2026-03-23 02:00:00
1774234800000,2062.42,2071.99,2051.0,2051.76,102585.677,2026-03-23 03:00:00
1774238400000,2051.76,2066.0,2049.18,2064.6,78076.535,2026-03-23 04:00:00
1774242000000,2064.6,2071.4,2059.59,2068.08,127511.132,2026-03-23 05:00:00
1774245600000,2068.07,2068.08,2027.15,2036.36,342792.342,2026-03-23 06:00:00
1774249200000,2036.36,2048.96,2022.0,2043.44,281726.598,2026-03-23 07:00:00
1774252800000,2043.44,2057.93,2041.98,2046.66,153898.131,2026-03-23 08:00:00
1774256400000,2046.66,2047.97,2027.79,2042.51,170570.132,2026-03-23 09:00:00
1774260000000,2042.51,2053.0,2039.0,2047.9,109709.037,2026-03-23 10:00:00
1774263600000,2047.9,2198.0,2047.9,2133.85,1855237.922,2026-03-23 11:00:00
1774267200000,2133.86,2147.25,2107.11,2143.46,569168.224,2026-03-23 12:00:00
1774270800000,2143.47,2187.91,2139.2,2184.56,512672.961,2026-03-23 13:00:00
1774274400000,2184.56,2191.83,2167.49,2180.03,376197.645,2026-03-23 14:00:00
1774278000000,2180.03,2187.2,2123.45,2127.7,482007.832,2026-03-23 15:00:00
1774281600000,2127.7,2142.79,2117.0,2135.0,383043.015,2026-03-23 16:00:00
1774285200000,2135.0,2158.81,2123.43,2151.75,235375.224,2026-03-23 17:00:00
1774288800000,2151.74,2171.5,2144.33,2167.6,191431.175,2026-03-23 18:00:00
1774292400000,2167.59,2178.07,2148.01,2153.18,193649.273,2026-03-23 19:00:00
1774296000000,2153.18,2165.83,2149.24,2160.42,49123.839,2026-03-23 20:00:00
1774299600000,2160.42,2162.45,2153.4,2156.9,32937.913,2026-03-23 21:00:00
1774303200000,2156.89,2158.51,2142.57,2151.65,63285.488,2026-03-23 22:00:00
1774306800000,2151.64,2154.85,2138.04,2150.98,73927.378,2026-03-23 23:00:00
1774310400000,2150.99,2155.93,2129.06,2142.04,144431.066,2026-03-24 00:00:00
1774314000000,2142.04,2148.89,2123.24,2136.45,148376.944,2026-03-24 01:00:00
1774317600000,2136.45,2144.85,2131.35,2134.93,88481.895,2026-03-24 02:00:00
1774321200000,2134.93,2142.9,2129.58,2140.74,83738.384,2026-03-24 03:00:00
1774324800000,2140.75,2151.83,2130.66,2135.45,121264.062,2026-03-24 04:00:00
1774328400000,2135.45,2138.24,2128.0,2132.85,88551.277,2026-03-24 05:00:00
1774332000000,2132.84,2145.99,2130.75,2144.28,90805.037,2026-03-24 06:00:00
1774335600000,2144.28,2169.92,2143.18,2164.51,306330.713,2026-03-24 07:00:00
1774339200000,2164.52,2166.59,2151.0,2154.01,159337.247,2026-03-24 08:00:00
1774342800000,2154.01,2166.3,2145.69,2163.64,130452.392,2026-03-24 09:00:00
1774346400000,2163.63,2163.75,2154.13,2160.3,68808.534,2026-03-24 10:00:00
1774350000000,2160.29,2174.63,2151.0,2164.58,202479.106,2026-03-24 11:00:00
1774353600000,2164.57,2169.5,2157.65,2161.64,95283.745,2026-03-24 12:00:00
1774357200000,2161.65,2165.0,2129.03,2137.78,389219.796,2026-03-24 13:00:00
1774360800000,2137.78,2147.94,2118.0,2133.38,450083.85,2026-03-24 14:00:00
1774364400000,2133.38,2146.8,2130.31,2134.28,231353.188,2026-03-24 15:00:00
1774368000000,2134.28,2139.94,2118.7,2126.38,188290.26,2026-03-24 16:00:00
1774371600000,2126.38,2127.99,2101.3,2108.27,306943.177,2026-03-24 17:00:00
1774375200000,2108.27,2127.1,2103.96,2118.02,153623.186,2026-03-24 18:00:00
1774378800000,2118.03,2127.57,2113.15,2115.9,66035.34,2026-03-24 19:00:00
1774382400000,2115.9,2154.17,2114.36,2147.78,236197.37,2026-03-24 20:00:00
1774386000000,2147.78,2151.54,2139.32,2147.71,60127.749,2026-03-24 21:00:00
1774389600000,2147.72,2154.98,2139.1,2144.39,86007.615,2026-03-24 22:00:00
1774393200000,2144.39,2162.87,2142.17,2155.16,117483.405,2026-03-24 23:00:00
1774396800000,2155.16,2167.89,2143.73,2160.43,158464.145,2026-03-25 00:00:00
1774400400000,2160.43,2166.0,2155.11,2155.45,85878.084,2026-03-25 01:00:00
1774404000000,2155.45,2160.5,2152.24,2154.52,80650.858,2026-03-25 02:00:00
1774407600000,2154.52,2159.5,2145.0,2157.34,103619.249,2026-03-25 03:00:00
1774411200000,2157.33,2166.84,2155.35,2165.09,86483.535,2026-03-25 04:00:00
1774414800000,2165.09,2179.6,2163.0,2167.75,206770.981,2026-03-25 05:00:00
1774418400000,2167.74,2172.0,2161.0,2162.62,118790.237,2026-03-25 06:00:00
1774422000000,2162.63,2177.0,2158.0,2163.71,149127.678,2026-03-25 07:00:00
1774425600000,2163.71,2189.69,2163.18,2175.24,296909.35,2026-03-25 08:00:00
1774429200000,2175.23,2188.0,2173.62,2185.14,136986.051,2026-03-25 09:00:00
1774432800000,2185.15,2187.34,2179.57,2183.81,101106.359,2026-03-25 10:00:00
1774436400000,2183.8,2199.0,2177.98,2184.92,278797.407,2026-03-25 11:00:00
1774440000000,2184.93,2194.39,2163.66,2182.45,381929.871,2026-03-25 12:00:00
1774443600000,2182.44,2197.46,2178.5,2183.33,220723.665,2026-03-25 13:00:00
1774447200000,2183.32,2187.0,2172.0,2173.3,178684.312,2026-03-25 14:00:00
1774450800000,2173.31,2176.06,2146.46,2161.69,351344.658,2026-03-25 15:00:00
1774454400000,2161.7,2187.0,2155.08,2173.06,251038.055,2026-03-25 16:00:00
1774458000000,2173.05,2175.4,2158.58,2163.25,123256.091,2026-03-25 17:00:00
1774461600000,2163.24,2172.98,2156.56,2161.35,87790.972,2026-03-25 18:00:00
1774465200000,2161.34,2175.92,2158.5,2171.75,83884.518,2026-03-25 19:00:00
1774468800000,2171.75,2172.22,2158.04,2165.61,48416.294,2026-03-25 20:00:00
1774472400000,2165.61,2168.68,2160.77,2162.98,27159.106,2026-03-25 21:00:00
1774476000000,2162.99,2183.6,2160.53,2173.71,115789.941,2026-03-25 22:00:00
1774479600000,2173.71,2176.56,2163.42,2168.29,57716.389,2026-03-25 23:00:00
1774483200000,2168.29,2171.55,2161.33,2165.57,57975.993,2026-03-26 00:00:00
1774486800000,2165.56,2168.83,2158.6,2164.0,64616.302,2026-03-26 01:00:00
1774490400000,2164.01,2165.2,2142.47,2149.22,166558.557,2026-03-26 02:00:00
1774494000000,2149.22,2155.28,2143.8,2152.4,81775.186,2026-03-26 03:00:00
1774497600000,2152.4,2153.62,2146.81,2148.67,56435.116,2026-03-26 04:00:00
1774501200000,2148.67,2150.06,2112.24,2119.08,378743.971,2026-03-26 05:00:00
1774504800000,2119.08,2124.37,2111.09,2121.02,169656.255,2026-03-26 06:00:00
1774508400000,2121.03,2124.26,2111.33,2122.57,114971.771,2026-03-26 07:00:00
1774512000000,2122.58,2126.46,2113.04,2118.98,112077.349,2026-03-26 08:00:00
1774515600000,2118.99,2121.7,2073.47,2081.55,509079.138,2026-03-26 09:00:00
1774519200000,2081.55,2082.96,2071.43,2077.71,163411.0,2026-03-26 10:00:00
1774522800000,2077.71,2081.0,2059.94,2067.38,210447.514,2026-03-26 11:00:00
1774526400000,2067.38,2074.56,2064.67,2072.58,115480.566,2026-03-26 12:00:00
1774530000000,2072.58,2093.0,2068.42,2080.07,327695.146,2026-03-26 13:00:00
1774533600000,2080.08,2084.8,2065.5,2074.9,192925.398,2026-03-26 14:00:00
1774537200000,2074.91,2075.71,2050.01,2069.22,311395.538,2026-03-26 15:00:00
1774540800000,2069.23,2070.09,2058.39,2059.99,105497.922,2026-03-26 16:00:00
1774544400000,2060.0,2070.0,2041.85,2048.49,180523.336,2026-03-26 17:00:00
1774548000000,2048.49,2054.89,2032.92,2045.98,242111.616,2026-03-26 18:00:00
1774551600000,2045.97,2053.15,2038.2,2047.7,92183.562,2026-03-26 19:00:00
1774555200000,2047.71,2079.68,2045.2,2063.66,276505.105,2026-03-26 20:00:00
1774558800000,2063.66,2076.79,2058.59,2067.25,71037.597,2026-03-26 21:00:00
1774562400000,2067.26,2072.63,2052.47,2064.79,75549.733,2026-03-26 22:00:00
1774566000000,2064.8,2068.88,2055.01,2059.36,64291.441,2026-03-26 23:00:00
1774569600000,2059.36,2066.8,2055.57,2064.19,73099.787,2026-03-27 00:00:00
1774573200000,2064.18,2074.31,2062.35,2073.31,73781.386,2026-03-27 01:00:00
1774576800000,2073.3,2076.29,2065.72,2067.1,67903.834,2026-03-27 02:00:00
1774580400000,2067.11,2068.0,2058.02,2060.51,81076.135,2026-03-27 03:00:00
1774584000000,2060.51,2061.11,2042.0,2052.13,193382.592,2026-03-27 04:00:00
1774587600000,2052.14,2066.52,2050.98,2060.16,114734.222,2026-03-27 05:00:00
1774591200000,2060.16,2067.89,2057.54,2061.56,64884.582,2026-03-27 06:00:00
1774594800000,2061.56,2072.99,2058.28,2064.77,138569.101,2026-03-27 07:00:00
1774598400000,2064.77,2068.74,2032.71,2046.45,318508.16,2026-03-27 08:00:00
1774602000000,2046.46,2050.8,2035.0,2040.05,143954.176,2026-03-27 09:00:00
1774605600000,2040.06,2044.13,1977.02,1989.73,693286.449,2026-03-27 10:00:00
1774609200000,1989.73,1997.0,1980.5,1990.22,241823.572,2026-03-27 11:00:00
1774612800000,1990.22,1992.18,1980.11,1988.01,164842.064,2026-03-27 12:00:00
1774616400000,1988.01,1995.97,1962.54,1977.79,400361.891,2026-03-27 13:00:00
1774620000000,1977.8,1989.22,1970.54,1988.05,283907.004,2026-03-27 14:00:00
1774623600000,1988.04,2009.75,1982.0,1990.0,391022.778,2026-03-27 15:00:00
1774627200000,1990.0,1992.42,1978.84,1985.64,174425.439,2026-03-27 16:00:00
1774630800000,1985.64,1997.04,1973.66,1976.32,150337.987,2026-03-27 17:00:00
1774634400000,1976.31,1985.8,1973.09,1983.3,86179.653,2026-03-27 18:00:00
1774638000000,1983.3,1997.0,1977.56,1990.3,114796.545,2026-03-27 19:00:00
1774641600000,1990.31,1995.0,1976.49,1985.0,72494.604,2026-03-27 20:00:00
1774645200000,1985.0,1990.62,1983.08,1984.68,27698.082,2026-03-27 21:00:00
1774648800000,1984.69,1986.16,1980.3,1984.31,25295.394,2026-03-27 22:00:00
1774652400000,1984.3,1993.25,1979.24,1991.71,47244.688,2026-03-27 23:00:00
1774656000000,1991.71,1994.5,1988.51,1991.4,43383.438,2026-03-28 00:00:00
1774659600000,1991.4,1991.71,1983.25,1989.39,42984.235,2026-03-28 01:00:00
1774663200000,1989.39,1992.67,1981.28,1986.05,51353.993,2026-03-28 02:00:00
1774666800000,1986.06,1990.21,1985.82,1988.12,31657.344,2026-03-28 03:00:00
1774670400000,1988.12,1991.64,1985.99,1989.53,32403.482,2026-03-28 04:00:00
1774674000000,1989.52,1993.99,1986.97,1992.99,45230.981,2026-03-28 05:00:00
1774677600000,1992.99,2006.59,1991.83,1999.6,152802.906,2026-03-28 06:00:00
1774681200000,1999.6,2007.46,1999.36,2005.91,58435.929,2026-03-28 07:00:00
1774684800000,2005.91,2007.37,1997.03,1998.11,76967.074,2026-03-28 08:00:00
1774688400000,1998.1,1998.74,1994.04,1998.32,53333.323,2026-03-28 09:00:00
1774692000000,1998.32,2003.59,1991.2,1995.71,75749.48,2026-03-28 10:00:00
1774695600000,1995.71,1999.99,1994.49,1996.47,39864.506,2026-03-28 11:00:00
1774699200000,1996.47,2003.5,1990.41,1998.56,79494.535,2026-03-28 12:00:00
1774702800000,1998.57,2054.01,1998.09,2025.55,402091.003,2026-03-28 13:00:00
1774706400000,2025.54,2028.26,2013.02,2019.91,144623.929,2026-03-28 14:00:00
1774710000000,2019.9,2041.45,2017.5,2026.0,190202.435,2026-03-28 15:00:00
1774713600000,2026.0,2029.38,2020.01,2023.45,62896.166,2026-03-28 16:00:00
1774717200000,2023.45,2026.0,2015.3,2019.98,60630.563,2026-03-28 17:00:00
1774720800000,2019.98,2024.0,2019.45,2020.67,21270.46,2026-03-28 18:00:00
1774724400000,2020.67,2021.94,2016.39,2019.69,20754.651,2026-03-28 19:00:00
1774728000000,2019.69,2025.93,2019.59,2023.54,29326.644,2026-03-28 20:00:00
1774731600000,2023.55,2024.8,2004.0,2008.67,74474.008,2026-03-28 21:00:00
1774735200000,2008.67,2012.3,2004.2,2010.76,49148.77,2026-03-28 22:00:00
1774738800000,2010.75,2010.76,1987.14,1993.46,147822.379,2026-03-28 23:00:00
1774742400000,1993.47,1998.88,1990.18,1997.89,69166.521,2026-03-29 00:00:00
1774746000000,1997.89,2008.09,1996.69,2004.03,78307.96,2026-03-29 01:00:00
1774749600000,2004.04,2009.99,2001.44,2008.0,53074.551,2026-03-29 02:00:00
1774753200000,2008.0,2018.93,2005.85,2010.17,84381.93,2026-03-29 03:00:00
1774756800000,2010.17,2011.99,2003.05,2005.04,55269.937,2026-03-29 04:00:00
1774760400000,2005.04,2006.76,1996.25,2004.41,73400.593,2026-03-29 05:00:00
1774764000000,2004.4,2007.77,1998.83,2003.86,43987.905,2026-03-29 06:00:00
1774767600000,2003.85,2008.94,1999.0,2005.09,45769.864,2026-03-29 07:00:00
1774771200000,2005.1,2006.5,2001.39,2003.31,29683.314,2026-03-29 08:00:00
1774774800000,2003.3,2004.56,1992.37,1998.19,74044.459,2026-03-29 09:00:00
1774778400000,1998.19,1998.19,1990.3,1995.01,88355.988,2026-03-29 10:00:00
1774782000000,1995.01,2007.5,1994.4,2002.66,88552.042,2026-03-29 11:00:00
1774785600000,2002.67,2004.0,1996.61,2000.9,48475.539,2026-03-29 12:00:00
1774789200000,2000.9,2001.32,1982.06,1986.37,178623.524,2026-03-29 13:00:00
1774792800000,1986.38,2001.98,1983.0,1993.22,134974.728,2026-03-29 14:00:00
1774796400000,1993.21,1999.54,1985.14,1992.02,170198.077,2026-03-29 15:00:00
1774800000000,1992.02,2003.97,1990.78,1996.78,115854.372,2026-03-29 16:00:00
1774803600000,1996.78,1999.31,1986.68,1994.42,83321.069,2026-03-29 17:00:00
1774807200000,1994.43,2001.75,1990.5,1996.51,64484.762,2026-03-29 18:00:00
1774810800000,1996.5,1999.55,1993.14,1994.93,24521.209,2026-03-29 19:00:00
1774814400000,1994.93,2008.94,1994.8,2001.65,57619.251,2026-03-29 20:00:00
1774818000000,2001.64,2006.5,2000.38,2005.34,27291.872,2026-03-29 21:00:00
1774821600000,2005.34,2005.46,1936.0,1972.52,518054.737,2026-03-29 22:00:00
1774825200000,1972.51,1993.96,1971.0,1983.26,336665.227,2026-03-29 23:00:00
1774828800000,1983.27,2024.48,1978.6,1996.17,318141.264,2026-03-30 00:00:00
1774832400000,1996.18,2015.7,1995.74,2009.57,145484.176,2026-03-30 01:00:00
1774836000000,2009.57,2043.0,2006.1,2029.07,316252.711,2026-03-30 02:00:00
1774839600000,2029.07,2041.79,2026.51,2035.24,131337.044,2026-03-30 03:00:00
1774843200000,2035.24,2053.59,2035.04,2047.5,186295.106,2026-03-30 04:00:00
1774846800000,2047.5,2058.79,2042.66,2046.82,192489.203,2026-03-30 05:00:00
1774850400000,2046.82,2051.29,2040.0,2041.48,116060.098,2026-03-30 06:00:00
1774854000000,2041.49,2069.43,2040.48,2058.62,196885.061,2026-03-30 07:00:00
1774857600000,2058.62,2075.89,2057.06,2061.13,218276.903,2026-03-30 08:00:00
1774861200000,2061.13,2062.0,2052.69,2054.2,110133.227,2026-03-30 09:00:00
1774864800000,2054.2,2057.59,2046.63,2057.2,93310.678,2026-03-30 10:00:00
1774868400000,2057.2,2081.92,2056.73,2070.48,271694.496,2026-03-30 11:00:00
1774872000000,2070.48,2077.77,2068.0,2073.55,123076.408,2026-03-30 12:00:00
1774875600000,2073.54,2084.81,2056.95,2059.8,284232.861,2026-03-30 13:00:00
1774879200000,2059.79,2075.31,2043.0,2070.63,392679.903,2026-03-30 14:00:00
1774882800000,2070.62,2079.32,2060.5,2073.3,224175.944,2026-03-30 15:00:00
1774886400000,2073.3,2074.0,2057.7,2065.26,131822.375,2026-03-30 16:00:00
1774890000000,2065.26,2071.92,2030.67,2040.96,290125.445,2026-03-30 17:00:00
1774893600000,2040.96,2043.85,2026.49,2031.8,160600.732,2026-03-30 18:00:00
1774897200000,2031.79,2032.01,2012.0,2022.93,193592.189,2026-03-30 19:00:00
1774900800000,2022.92,2027.38,2020.19,2022.55,62140.566,2026-03-30 20:00:00
1774904400000,2022.55,2048.25,2020.26,2035.13,127691.675,2026-03-30 21:00:00
1774908000000,2035.12,2043.24,2027.75,2032.2,52496.756,2026-03-30 22:00:00
1774911600000,2032.21,2032.21,2012.58,2025.71,124506.197,2026-03-30 23:00:00
1774915200000,2025.7,2041.01,2015.22,2036.08,168137.515,2026-03-31 00:00:00
1774918800000,2036.08,2091.88,2031.3,2072.03,438538.35,2026-03-31 01:00:00
1774922400000,2072.02,2082.8,2065.8,2072.02,107704.076,2026-03-31 02:00:00
1774926000000,2072.02,2075.86,2060.41,2065.99,123824.608,2026-03-31 03:00:00
1774929600000,2066.0,2071.83,2056.09,2059.94,118693.644,2026-03-31 04:00:00
1774933200000,2059.94,2068.5,2054.1,2063.42,90040.703,2026-03-31 05:00:00
1774936800000,2063.42,2064.0,2054.03,2061.46,69350.59,2026-03-31 06:00:00
1774940400000,2061.5,2062.24,2040.87,2054.99,173472.727,2026-03-31 07:00:00
1774944000000,2054.99,2058.19,2034.48,2039.01,163019.037,2026-03-31 08:00:00
1774947600000,2039.0,2043.65,2010.79,2017.5,307719.416,2026-03-31 09:00:00
1774951200000,2017.49,2029.5,2016.0,2025.45,127819.116,2026-03-31 10:00:00
1774954800000,2025.45,2043.6,2021.6,2040.1,231538.837,2026-03-31 11:00:00
1774958400000,2040.09,2057.46,2033.88,2046.61,263697.735,2026-03-31 12:00:00
1774962000000,2046.61,2078.96,2046.6,2074.02,332271.71,2026-03-31 13:00:00
1774965600000,2074.01,2091.29,2036.03,2045.01,654218.165,2026-03-31 14:00:00
1774969200000,2045.01,2077.66,2044.5,2054.0,427281.915,2026-03-31 15:00:00
1774972800000,2054.0,2109.0,2053.38,2090.91,590164.535,2026-03-31 16:00:00
1774976400000,2090.9,2124.44,2087.9,2092.78,536393.816,2026-03-31 17:00:00
1774980000000,2092.77,2114.5,2092.69,2098.99,165703.432,2026-03-31 18:00:00
1774983600000,2098.98,2103.56,2091.05,2095.74,80589.233,2026-03-31 19:00:00
1774987200000,2095.74,2109.98,2095.34,2106.81,69562.976,2026-03-31 20:00:00
1774990800000,2106.8,2108.49,2092.22,2101.53,64783.513,2026-03-31 21:00:00
1774994400000,2101.54,2103.31,2085.74,2095.57,90943.382,2026-03-31 22:00:00
1774998000000,2095.58,2107.99,2091.86,2104.51,83171.976,2026-03-31 23:00:00
1775001600000,2104.51,2117.47,2095.58,2113.68,144464.451,2026-04-01 00:00:00
1775005200000,2113.68,2114.96,2090.01,2092.01,123672.822,2026-04-01 01:00:00
1775008800000,2092.0,2095.89,2079.05,2087.7,151413.62,2026-04-01 02:00:00
1775012400000,2087.7,2106.35,2087.7,2101.53,130486.903,2026-04-01 03:00:00
1775016000000,2101.54,2115.84,2098.76,2110.14,133123.018,2026-04-01 04:00:00
1775019600000,2110.15,2136.0,2105.0,2121.65,318454.149,2026-04-01 05:00:00
1775023200000,2121.65,2155.59,2121.64,2150.02,426445.409,2026-04-01 06:00:00
1775026800000,2150.02,2157.1,2129.02,2130.19,252057.39,2026-04-01 07:00:00
1775030400000,2130.19,2142.38,2124.09,2135.99,209217.411,2026-04-01 08:00:00
1775034000000,2136.0,2139.38,2127.0,2135.44,116146.233,2026-04-01 09:00:00
1775037600000,2135.44,2137.0,2125.21,2131.57,84163.607,2026-04-01 10:00:00
1775041200000,2131.56,2139.62,2129.7,2134.19,67537.885,2026-04-01 11:00:00
1775044800000,2134.2,2150.68,2120.88,2129.99,240933.896,2026-04-01 12:00:00
1775048400000,2130.0,2134.44,2107.04,2118.63,389099.091,2026-04-01 13:00:00
1775052000000,2118.63,2129.99,2113.0,2125.91,188806.095,2026-04-01 14:00:00
1775055600000,2125.91,2137.58,2121.33,2133.88,161037.433,2026-04-01 15:00:00
1775059200000,2133.9,2152.18,2123.78,2144.99,249273.086,2026-04-01 16:00:00
1775062800000,2145.0,2167.42,2132.13,2135.76,336015.434,2026-04-01 17:00:00
1775066400000,2135.76,2136.66,2122.27,2128.19,147120.866,2026-04-01 18:00:00
1775070000000,2128.19,2144.45,2126.67,2140.34,98207.803,2026-04-01 19:00:00
1775073600000,2140.34,2146.4,2129.01,2142.4,79364.137,2026-04-01 20:00:00
1775077200000,2142.39,2164.8,2141.75,2155.52,138814.346,2026-04-01 21:00:00
1775080800000,2155.5,2157.5,2136.43,2138.75,112878.632,2026-04-01 22:00:00
1775084400000,2138.75,2145.12,2133.75,2138.86,64577.121,2026-04-01 23:00:00
1775088000000,2138.85,2158.9,2134.62,2154.57,136298.799,2026-04-02 00:00:00
1775091600000,2154.57,2154.71,2087.56,2098.8,655783.485,2026-04-02 01:00:00
1775095200000,2098.8,2098.8,2062.34,2073.21,385314.892,2026-04-02 02:00:00
1775098800000,2073.21,2076.22,2045.0,2055.41,286706.517,2026-04-02 03:00:00
1775102400000,2055.4,2057.82,2040.5,2044.01,182359.565,2026-04-02 04:00:00
1775106000000,2044.01,2050.91,2036.34,2049.17,156142.722,2026-04-02 05:00:00
1775109600000,2049.18,2052.99,2043.87,2049.01,100582.063,2026-04-02 06:00:00
1775113200000,2049.0,2056.0,2043.08,2054.85,94634.783,2026-04-02 07:00:00
1775116800000,2054.85,2054.85,2044.3,2045.33,80846.331,2026-04-02 08:00:00
1775120400000,2045.33,2047.5,2037.54,2043.21,105522.869,2026-04-02 09:00:00
1775124000000,2043.21,2044.25,2030.8,2038.0,142773.014,2026-04-02 10:00:00
1775127600000,2038.0,2039.65,2021.69,2032.11,164173.357,2026-04-02 11:00:00
1775131200000,2032.1,2032.54,2023.28,2026.28,151751.166,2026-04-02 12:00:00
1775134800000,2026.28,2041.81,2015.41,2038.01,342149.791,2026-04-02 13:00:00
1775138400000,2038.0,2071.09,2031.74,2062.19,563747.561,2026-04-02 14:00:00
1775142000000,2062.18,2066.65,2046.73,2058.44,254242.657,2026-04-02 15:00:00
1775145600000,2058.44,2075.66,2050.82,2061.94,175543.385,2026-04-02 16:00:00
1775149200000,2061.93,2071.0,2043.26,2046.06,195191.053,2026-04-02 17:00:00
1775152800000,2046.06,2062.8,2042.06,2057.43,108993.061,2026-04-02 18:00:00
1775156400000,2057.43,2065.75,2053.5,2064.4,76021.335,2026-04-02 19:00:00
1775160000000,2064.4,2073.0,2059.84,2067.22,95361.806,2026-04-02 20:00:00
1775163600000,2067.23,2069.56,2054.42,2062.29,56853.776,2026-04-02 21:00:00
1775167200000,2062.3,2064.0,2052.11,2058.94,47657.723,2026-04-02 22:00:00
1775170800000,2058.95,2061.3,2052.65,2056.03,50459.679,2026-04-02 23:00:00
1775174400000,2056.03,2058.66,2048.06,2052.0,54248.698,2026-04-03 00:00:00
1775178000000,2052.0,2061.7,2044.0,2049.38,99923.935,2026-04-03 01:00:00
1775181600000,2049.38,2058.75,2039.12,2051.25,148965.311,2026-04-03 02:00:00
1775185200000,2051.26,2056.23,2048.85,2052.95,72708.937,2026-04-03 03:00:00
1775188800000,2052.94,2057.32,2047.07,2053.5,52588.187,2026-04-03 04:00:00
1775192400000,2053.5,2064.28,2046.09,2056.1,95218.758,2026-04-03 05:00:00
1775196000000,2056.09,2065.95,2053.67,2062.61,71465.863,2026-04-03 06:00:00
1775199600000,2062.61,2074.88,2060.66,2065.19,122614.262,2026-04-03 07:00:00
1775203200000,2065.18,2071.2,2057.47,2059.74,96991.433,2026-04-03 08:00:00
1775206800000,2059.74,2063.14,2056.0,2060.18,53948.02,2026-04-03 09:00:00
1775210400000,2060.17,2060.18,2052.19,2058.81,63054.277,2026-04-03 10:00:00
1775214000000,2058.81,2064.56,2056.81,2062.07,48984.613,2026-04-03 11:00:00
1775217600000,2062.08,2082.0,2044.0,2049.17,290807.704,2026-04-03 12:00:00
1775221200000,2049.16,2050.5,2040.5,2047.24,157814.746,2026-04-03 13:00:00
1775224800000,2047.24,2056.66,2044.47,2053.54,107468.143,2026-04-03 14:00:00
1775228400000,2053.55,2056.91,2048.09,2050.39,55342.096,2026-04-03 15:00:00
1775232000000,2050.38,2055.97,2048.75,2053.88,67150.497,2026-04-03 16:00:00
1775235600000,2053.87,2054.52,2042.68,2049.29,61572.244,2026-04-03 17:00:00
1775239200000,2049.29,2052.53,2047.0,2048.44,32743.887,2026-04-03 18:00:00
1775242800000,2048.43,2053.78,2044.21,2051.7,33778.489,2026-04-03 19:00:00
1775246400000,2051.71,2054.09,2050.78,2051.69,24319.866,2026-04-03 20:00:00
1775250000000,2051.69,2061.63,2051.52,2057.59,45597.18,2026-04-03 21:00:00
1775253600000,2057.58,2059.0,2048.37,2051.17,25098.337,2026-04-03 22:00:00
1775257200000,2051.17,2053.47,2048.43,2052.95,21843.661,2026-04-03 23:00:00
1775260800000,2052.95,2053.07,2050.5,2051.37,17817.821,2026-04-04 00:00:00
1775264400000,2051.37,2053.21,2048.75,2050.74,21251.359,2026-04-04 01:00:00
1775268000000,2050.73,2052.98,2046.87,2049.34,37068.739,2026-04-04 02:00:00
1775271600000,2049.35,2051.4,2048.7,2049.4,20232.579,2026-04-04 03:00:00
1775275200000,2049.4,2051.01,2047.64,2050.28,19758.113,2026-04-04 04:00:00
1775278800000,2050.27,2054.16,2049.02,2052.86,29120.438,2026-04-04 05:00:00
1775282400000,2052.86,2057.0,2051.61,2055.28,40553.149,2026-04-04 06:00:00
1775286000000,2055.28,2056.0,2050.3,2052.8,30445.34,2026-04-04 07:00:00
1775289600000,2052.8,2054.29,2048.01,2049.63,29741.07,2026-04-04 08:00:00
1775293200000,2049.63,2051.08,2048.13,2049.57,24346.78,2026-04-04 09:00:00
1775296800000,2049.56,2054.46,2046.59,2053.36,57124.856,2026-04-04 10:00:00
1775300400000,2053.35,2054.3,2050.36,2051.0,27177.728,2026-04-04 11:00:00
1775304000000,2051.0,2052.65,2047.26,2049.3,33290.165,2026-04-04 12:00:00
1775307600000,2049.29,2054.0,2048.46,2052.3,40430.135,2026-04-04 13:00:00
1775311200000,2052.31,2053.73,2043.0,2052.01,60233.941,2026-04-04 14:00:00
1775314800000,2052.01,2061.71,2051.19,2055.21,115688.927,2026-04-04 15:00:00
1775318400000,2055.22,2061.26,2052.24,2054.69,66261.765,2026-04-04 16:00:00
1775322000000,2054.7,2057.28,2051.6,2055.92,35698.365,2026-04-04 17:00:00
1775325600000,2055.92,2057.63,2053.92,2054.44,15511.888,2026-04-04 18:00:00
1775329200000,2054.44,2083.36,2054.25,2063.96,212599.171,2026-04-04 19:00:00
1775332800000,2063.96,2064.24,2058.26,2061.99,34372.985,2026-04-04 20:00:00
1775336400000,2061.99,2071.0,2061.75,2067.74,37600.388,2026-04-04 21:00:00
1775340000000,2067.74,2071.46,2067.2,2067.92,25535.048,2026-04-04 22:00:00
1775343600000,2067.92,2068.2,2061.48,2064.66,36178.203,2026-04-04 23:00:00
1775347200000,2064.66,2065.08,2059.0,2061.33,29747.499,2026-04-05 00:00:00
1775350800000,2061.33,2061.53,2056.0,2056.39,48695.489,2026-04-05 01:00:00
1775354400000,2056.39,2058.95,2052.3,2058.82,45845.775,2026-04-05 02:00:00
1775358000000,2058.83,2059.65,2054.01,2055.67,24684.802,2026-04-05 03:00:00
1775361600000,2055.67,2057.3,2053.0,2054.37,32583.789,2026-04-05 04:00:00
1775365200000,2054.37,2056.11,2046.12,2047.88,73078.11,2026-04-05 05:00:00
1775368800000,2047.88,2048.28,2026.01,2037.21,262635.853,2026-04-05 06:00:00
1775372400000,2037.21,2041.7,2033.0,2036.02,69768.043,2026-04-05 07:00:00
1775376000000,2036.01,2038.87,2034.6,2038.01,29304.942,2026-04-05 08:00:00
1775379600000,2038.01,2044.87,2037.69,2043.09,57324.622,2026-04-05 09:00:00
1775383200000,2043.1,2051.99,2041.02,2043.58,70285.958,2026-04-05 10:00:00
1775386800000,2043.57,2044.82,2039.08,2041.0,38425.838,2026-04-05 11:00:00
1775390400000,2041.0,2041.0,2020.01,2027.36,202043.583,2026-04-05 12:00:00
1775394000000,2027.36,2036.92,2024.24,2035.39,113050.549,2026-04-05 13:00:00
1775397600000,2035.38,2042.55,2034.0,2037.55,92082.378,2026-04-05 14:00:00
1775401200000,2037.55,2069.63,2033.21,2053.0,316804.309,2026-04-05 15:00:00
1775404800000,2052.99,2058.42,2048.85,2051.04,76701.412,2026-04-05 16:00:00
1775408400000,2051.04,2061.83,2047.0,2061.41,69863.773,2026-04-05 17:00:00
1775412000000,2061.41,2066.74,2055.4,2061.94,71750.627,2026-04-05 18:00:00
1775415600000,2061.95,2068.95,2056.63,2060.97,46341.391,2026-04-05 19:00:00
1775419200000,2060.97,2074.73,2060.62,2067.87,68039.773,2026-04-05 20:00:00
1775422800000,2067.88,2068.17,2055.35,2059.09,56201.943,2026-04-05 21:00:00
1775426400000,2059.08,2087.33,2048.6,2084.69,215912.254,2026-04-05 22:00:00
1775430000000,2084.69,2123.0,2080.89,2109.32,394818.09,2026-04-05 23:00:00
1775433600000,2109.33,2134.57,2109.33,2120.99,272464.396,2026-04-06 00:00:00
1775437200000,2121.0,2123.79,2111.4,2114.14,139047.666,2026-04-06 01:00:00
1775440800000,2114.15,2146.55,2113.39,2132.62,245663.641,2026-04-06 02:00:00
1775444400000,2132.62,2136.43,2125.0,2128.52,101423.26,2026-04-06 03:00:00
1775448000000,2128.53,2134.0,2124.0,2130.0,92206.579,2026-04-06 04:00:00
1775451600000,2130.0,2133.76,2127.46,2130.26,37707.79,2026-04-06 05:00:00
1775455200000,2130.27,2138.0,2118.35,2126.45,176257.052,2026-04-06 06:00:00
1775458800000,2126.46,2141.3,2121.62,2134.06,130744.963,2026-04-06 07:00:00
1775462400000,2134.06,2147.3,2132.4,2137.34,145317.787,2026-04-06 08:00:00
1775466000000,2137.33,2174.07,2137.13,2149.91,516638.841,2026-04-06 09:00:00
1775469600000,2149.91,2156.8,2147.97,2152.45,93843.317,2026-04-06 10:00:00
1775473200000,2152.44,2153.0,2145.2,2150.74,71520.277,2026-04-06 11:00:00
1775476800000,2150.74,2153.79,2140.35,2142.1,135472.246,2026-04-06 12:00:00
1775480400000,2142.1,2148.64,2135.39,2144.72,184336.926,2026-04-06 13:00:00
1775484000000,2144.73,2164.78,2136.17,2155.2,450883.446,2026-04-06 14:00:00
1775487600000,2155.21,2169.0,2153.79,2163.51,273257.298,2026-04-06 15:00:00
1775491200000,2163.51,2167.54,2138.4,2138.89,239623.027,2026-04-06 16:00:00
1775494800000,2138.89,2139.61,2122.15,2133.87,304965.159,2026-04-06 17:00:00
1775498400000,2133.87,2147.93,2130.38,2143.69,119483.286,2026-04-06 18:00:00
1775502000000,2143.7,2145.15,2134.44,2143.28,69940.29,2026-04-06 19:00:00
1775505600000,2143.28,2154.44,2139.26,2147.6,64645.347,2026-04-06 20:00:00
1775509200000,2147.59,2147.6,2136.25,2138.46,34986.631,2026-04-06 21:00:00
1775512800000,2138.45,2139.8,2103.5,2104.02,201916.069,2026-04-06 22:00:00
1775516400000,2104.02,2109.67,2086.0,2106.27,330095.215,2026-04-06 23:00:00
1775520000000,2106.27,2119.71,2104.46,2111.59,151843.385,2026-04-07 00:00:00
1775523600000,2111.59,2118.95,2096.0,2098.29,182590.982,2026-04-07 01:00:00
1775527200000,2098.29,2111.42,2091.67,2105.56,115530.747,2026-04-07 02:00:00
1775530800000,2105.55,2108.9,2102.52,2107.36,54093.868,2026-04-07 03:00:00
1775534400000,2107.35,2118.14,2102.31,2112.96,97611.623,2026-04-07 04:00:00
1775538000000,2112.95,2113.48,2102.5,2104.51,66746.355,2026-04-07 05:00:00
1775541600000,2104.51,2105.7,2095.37,2103.11,116996.807,2026-04-07 06:00:00
1775545200000,2103.11,2105.6,2098.0,2103.01,55812.938,2026-04-07 07:00:00
1775548800000,2103.01,2116.0,2102.41,2113.88,134354.482,2026-04-07 08:00:00
1775552400000,2113.87,2132.94,2112.72,2127.44,243994.958,2026-04-07 09:00:00
1775556000000,2127.45,2130.65,2084.09,2088.5,429147.51,2026-04-07 10:00:00
1775559600000,2088.49,2093.65,2080.63,2088.68,204940.645,2026-04-07 11:00:00
1775563200000,2088.69,2092.85,2072.64,2085.81,321783.313,2026-04-07 12:00:00
1775566800000,2085.82,2092.44,2073.34,2074.09,186517.291,2026-04-07 13:00:00
1775570400000,2074.08,2081.04,2057.0,2068.54,380209.708,2026-04-07 14:00:00
1775574000000,2068.55,2083.19,2063.58,2079.41,206057.574,2026-04-07 15:00:00
1775577600000,2079.42,2089.93,2076.22,2082.8,167276.192,2026-04-07 16:00:00
1775581200000,2082.8,2114.75,2078.52,2098.41,288671.203,2026-04-07 17:00:00
1775584800000,2098.41,2100.7,2080.0,2085.54,119437.448,2026-04-07 18:00:00
1775588400000,2085.54,2117.34,2083.45,2112.59,224862.355,2026-04-07 19:00:00
1775592000000,2112.59,2124.72,2109.37,2114.5,152510.29,2026-04-07 20:00:00
1775595600000,2114.5,2153.33,2114.42,2144.21,282603.577,2026-04-07 21:00:00
1775599200000,2144.22,2219.12,2144.22,2219.1,731170.66,2026-04-07 22:00:00
1775602800000,2219.1,2273.53,2214.61,2239.25,904420.804,2026-04-07 23:00:00
1775606400000,2239.25,2251.0,2226.31,2235.3,272394.123,2026-04-08 00:00:00
1775610000000,2235.3,2242.07,2228.98,2233.44,120534.793,2026-04-08 01:00:00
1775613600000,2233.44,2248.19,2230.0,2236.55,161445.684,2026-04-08 02:00:00
1775617200000,2236.55,2239.15,2231.45,2234.0,71091.166,2026-04-08 03:00:00
1775620800000,2234.0,2252.68,2233.99,2239.99,179643.724,2026-04-08 04:00:00
1775624400000,2240.0,2244.85,2236.63,2239.84,74457.749,2026-04-08 05:00:00
1775628000000,2239.85,2252.9,2234.57,2244.79,145792.072,2026-04-08 06:00:00
1775631600000,2244.78,2259.99,2243.32,2252.66,148225.534,2026-04-08 07:00:00
1775635200000,2252.65,2258.0,2248.65,2254.93,109517.02,2026-04-08 08:00:00
1775638800000,2254.94,2263.4,2245.04,2248.6,127018.589,2026-04-08 09:00:00
1775642400000,2248.59,2253.04,2240.0,2241.78,85191.289,2026-04-08 10:00:00
1775646000000,2241.79,2254.73,2235.91,2246.5,140248.987,2026-04-08 11:00:00
1775649600000,2246.5,2259.64,2241.8,2254.59,144005.495,2026-04-08 12:00:00
1775653200000,2254.6,2269.8,2230.26,2235.05,508968.142,2026-04-08 13:00:00
1775656800000,2235.06,2240.55,2186.17,2194.79,663725.471,2026-04-08 14:00:00
1775660400000,2194.78,2217.97,2192.37,2214.67,303081.02,2026-04-08 15:00:00
1775664000000,2214.68,2224.71,2210.2,2219.93,160715.107,2026-04-08 16:00:00
1775667600000,2219.93,2238.89,2212.12,2230.98,201584.82,2026-04-08 17:00:00
1775671200000,2230.98,2231.74,2197.0,2200.84,213991.928,2026-04-08 18:00:00
1775674800000,2200.84,2211.58,2196.97,2210.43,107699.925,2026-04-08 19:00:00
1775678400000,2210.42,2216.45,2204.51,2209.12,60921.738,2026-04-08 20:00:00
1775682000000,2209.12,2222.99,2207.11,2214.29,59362.042,2026-04-08 21:00:00
1775685600000,2214.3,2214.79,2185.0,2188.98,154191.914,2026-04-08 22:00:00
1775689200000,2188.99,2193.4,2178.1,2189.14,134977.855,2026-04-08 23:00:00
1775692800000,2189.14,2193.25,2178.11,2182.17,104319.067,2026-04-09 00:00:00
1775696400000,2182.17,2184.83,2160.0,2177.87,231734.831,2026-04-09 01:00:00
1775700000000,2177.87,2184.5,2173.11,2180.52,104377.491,2026-04-09 02:00:00
1775703600000,2180.52,2182.97,2174.34,2181.42,74662.283,2026-04-09 03:00:00
1775707200000,2181.43,2181.43,2175.33,2176.79,41529.881,2026-04-09 04:00:00
1775710800000,2176.79,2188.0,2174.42,2181.28,117575.472,2026-04-09 05:00:00
1775714400000,2181.27,2185.1,2174.58,2180.53,76412.256,2026-04-09 06:00:00
1775718000000,2180.53,2184.88,2178.56,2179.89,71848.609,2026-04-09 07:00:00
1775721600000,2179.9,2191.19,2175.3,2185.02,131640.99,2026-04-09 08:00:00
1775725200000,2185.02,2196.96,2178.3,2192.93,145122.722,2026-04-09 09:00:00
1775728800000,2192.93,2195.99,2187.0,2189.75,106998.67,2026-04-09 10:00:00
1775732400000,2189.75,2192.6,2177.49,2179.29,136148.96,2026-04-09 11:00:00
1775736000000,2179.3,2187.57,2172.47,2182.85,129160.422,2026-04-09 12:00:00
1775739600000,2182.85,2185.96,2158.01,2164.72,328873.449,2026-04-09 13:00:00
1775743200000,2164.72,2182.1,2156.02,2177.05,285112.614,2026-04-09 14:00:00
1775746800000,2177.06,2224.44,2168.64,2217.13,662306.197,2026-04-09 15:00:00
1775750400000,2217.13,2230.0,2192.04,2207.59,418197.863,2026-04-09 16:00:00
1775754000000,2207.59,2224.79,2205.49,2222.0,315184.345,2026-04-09 17:00:00
1775757600000,2221.99,2222.99,2199.66,2206.25,167886.369,2026-04-09 18:00:00
1775761200000,2206.24,2224.25,2203.64,2215.53,138922.159,2026-04-09 19:00:00
1775764800000,2215.53,2221.59,2210.0,2212.32,52206.304,2026-04-09 20:00:00
1775768400000,2212.33,2226.77,2207.03,2209.97,81626.885,2026-04-09 21:00:00
1775772000000,2209.97,2246.04,2196.23,2196.9,255945.75,2026-04-09 22:00:00
1775775600000,2196.9,2200.78,2181.94,2189.02,179955.057,2026-04-09 23:00:00
1775779200000,2189.02,2196.56,2181.01,2194.39,115438.865,2026-04-10 00:00:00
1775782800000,2194.39,2203.3,2174.77,2193.73,203558.864,2026-04-10 01:00:00
1775786400000,2193.73,2197.87,2186.02,2188.33,83175.742,2026-04-10 02:00:00
1775790000000,2188.33,2191.66,2181.72,2185.63,62553.168,2026-04-10 03:00:00
1775793600000,2185.63,2198.97,2185.27,2194.99,74098.621,2026-04-10 04:00:00
1775797200000,2194.99,2202.45,2191.52,2196.15,84070.242,2026-04-10 05:00:00
1775800800000,2196.14,2197.6,2183.05,2185.74,95327.293,2026-04-10 06:00:00
1775804400000,2185.74,2187.91,2175.57,2179.04,112841.065,2026-04-10 07:00:00
1775808000000,2179.04,2189.95,2176.13,2185.18,111962.222,2026-04-10 08:00:00
1775811600000,2185.19,2196.86,2184.85,2195.14,130833.956,2026-04-10 09:00:00
1775815200000,2195.14,2197.68,2189.43,2196.52,86286.559,2026-04-10 10:00:00
1775818800000,2196.53,2223.35,2196.4,2214.5,296018.119,2026-04-10 11:00:00
1775822400000,2214.5,2227.99,2206.45,2217.99,294848.527,2026-04-10 12:00:00
1775826000000,2217.98,2224.76,2207.08,2221.73,194898.324,2026-04-10 13:00:00
1775829600000,2221.73,2252.76,2218.49,2241.3,524854.3,2026-04-10 14:00:00
1775833200000,2241.3,2258.0,2218.01,2223.43,340895.833,2026-04-10 15:00:00
1775836800000,2223.43,2247.53,2220.12,2244.21,216369.638,2026-04-10 16:00:00
1775840400000,2244.22,2248.44,2237.62,2247.23,103241.298,2026-04-10 17:00:00
1775844000000,2247.22,2251.99,2237.7,2248.0,90643.392,2026-04-10 18:00:00
1775847600000,2248.01,2254.85,2242.23,2251.81,90572.435,2026-04-10 19:00:00
1775851200000,2251.8,2256.93,2241.71,2254.23,80961.788,2026-04-10 20:00:00
1775854800000,2254.23,2254.88,2241.18,2253.66,63822.733,2026-04-10 21:00:00
1775858400000,2253.67,2254.26,2233.44,2241.22,77074.977,2026-04-10 22:00:00
1775862000000,2241.22,2244.8,2238.0,2244.04,32805.45,2026-04-10 23:00:00
1775865600000,2244.04,2244.04,2234.51,2237.71,42968.342,2026-04-11 00:00:00
1775869200000,2237.71,2245.99,2233.75,2243.5,51141.763,2026-04-11 01:00:00
1775872800000,2243.49,2251.17,2241.03,2246.99,59220.962,2026-04-11 02:00:00
1775876400000,2247.0,2249.5,2234.68,2236.33,69638.989,2026-04-11 03:00:00
1775880000000,2236.34,2242.08,2234.33,2240.23,50995.556,2026-04-11 04:00:00
1775883600000,2240.23,2241.17,2228.06,2231.92,105752.992,2026-04-11 05:00:00
1775887200000,2231.91,2236.11,2228.8,2234.99,54486.386,2026-04-11 06:00:00
1775890800000,2234.99,2235.98,2230.01,2231.98,35116.042,2026-04-11 07:00:00
1775894400000,2231.99,2234.98,2231.0,2232.01,37635.151,2026-04-11 08:00:00
1775898000000,2232.01,2248.64,2231.3,2242.59,136711.989,2026-04-11 09:00:00
1775901600000,2242.6,2244.18,2236.3,2239.33,50734.866,2026-04-11 10:00:00
1775905200000,2239.32,2246.0,2237.64,2244.89,47660.326,2026-04-11 11:00:00
1775908800000,2244.9,2245.87,2239.92,2244.41,43816.506,2026-04-11 12:00:00
1775912400000,2244.41,2244.41,2232.12,2238.42,94315.912,2026-04-11 13:00:00
1775916000000,2238.43,2243.0,2237.06,2240.81,38975.546,2026-04-11 14:00:00
1775919600000,2240.82,2255.5,2240.06,2248.26,105411.817,2026-04-11 15:00:00
1775923200000,2248.26,2274.7,2245.02,2257.57,228581.015,2026-04-11 16:00:00
1775926800000,2257.56,2264.88,2252.19,2258.73,95919.941,2026-04-11 17:00:00
1775930400000,2258.73,2314.66,2256.0,2304.1,439736.705,2026-04-11 18:00:00
1775934000000,2304.09,2329.85,2304.09,2315.23,315511.518,2026-04-11 19:00:00
1775937600000,2315.23,2316.39,2287.53,2297.58,166307.406,2026-04-11 20:00:00
1775941200000,2297.58,2304.35,2291.21,2298.57,59661.986,2026-04-11 21:00:00
1775944800000,2298.57,2307.88,2288.34,2295.87,94784.265,2026-04-11 22:00:00
1775948400000,2295.86,2295.87,2275.21,2283.73,104455.279,2026-04-11 23:00:00
1775952000000,2283.73,2287.99,2275.56,2284.69,97589.645,2026-04-12 00:00:00
1775955600000,2284.7,2287.8,2208.02,2218.07,595951.599,2026-04-12 01:00:00
1775959200000,2218.06,2233.86,2205.93,2222.61,291863.907,2026-04-12 02:00:00
1775962800000,2222.6,2226.34,2211.88,2213.14,130972.432,2026-04-12 03:00:00
1775966400000,2213.13,2215.88,2208.0,2211.58,80945.359,2026-04-12 04:00:00
1775970000000,2211.58,2219.66,2207.01,2216.07,91662.66,2026-04-12 05:00:00
1775973600000,2216.07,2219.98,2213.67,2214.92,63557.866,2026-04-12 06:00:00
1775977200000,2214.92,2219.49,2211.51,2216.87,59925.614,2026-04-12 07:00:00
1775980800000,2216.87,2218.18,2210.41,2213.01,54084.65,2026-04-12 08:00:00
1775984400000,2213.0,2215.34,2210.18,2213.27,46376.24,2026-04-12 09:00:00
1775988000000,2213.26,2216.62,2190.6,2200.94,183218.537,2026-04-12 10:00:00
1775991600000,2200.94,2206.82,2195.75,2203.53,87034.592,2026-04-12 11:00:00
1775995200000,2203.52,2207.61,2186.0,2193.37,155931.749,2026-04-12 12:00:00
1775998800000,2193.38,2198.22,2182.92,2185.89,193446.572,2026-04-12 13:00:00
1776002400000,2185.89,2192.57,2175.2,2179.85,174279.035,2026-04-12 14:00:00
1776006000000,2179.84,2188.13,2173.0,2185.5,124771.364,2026-04-12 15:00:00
1776009600000,2185.5,2189.59,2181.5,2186.29,75764.246,2026-04-12 16:00:00
1776013200000,2186.29,2204.79,2186.28,2202.21,137620.75,2026-04-12 17:00:00
1776016800000,2202.22,2206.73,2198.23,2199.24,72753.909,2026-04-12 18:00:00
1776020400000,2199.24,2204.26,2196.26,2197.24,35321.722,2026-04-12 19:00:00
1776024000000,2197.23,2218.0,2192.15,2212.35,113474.782,2026-04-12 20:00:00
1776027600000,2212.35,2217.33,2203.75,2210.04,57228.153,2026-04-12 21:00:00
1776031200000,2210.03,2210.32,2181.88,2198.24,201727.212,2026-04-12 22:00:00
1776034800000,2198.25,2198.25,2185.0,2190.46,72156.747,2026-04-12 23:00:00
1776038400000,2190.46,2207.31,2186.0,2204.06,103398.068,2026-04-13 00:00:00
1776042000000,2204.06,2208.31,2199.14,2202.51,68196.07,2026-04-13 01:00:00
1776045600000,2202.51,2204.78,2191.1,2193.18,82341.714,2026-04-13 02:00:00
1776049200000,2193.18,2195.33,2189.16,2193.25,45548.331,2026-04-13 03:00:00
1776052800000,2193.25,2198.52,2186.35,2189.33,63411.018,2026-04-13 04:00:00
1776056400000,2189.33,2190.8,2180.24,2190.3,102450.176,2026-04-13 05:00:00
1776060000000,2190.3,2200.85,2189.8,2197.49,94428.587,2026-04-13 06:00:00
1776063600000,2197.5,2198.81,2181.93,2185.81,108329.812,2026-04-13 07:00:00
1776067200000,2185.81,2188.69,2177.01,2184.32,103167.049,2026-04-13 08:00:00
1776070800000,2184.32,2194.95,2184.31,2187.16,83188.202,2026-04-13 09:00:00
1776074400000,2187.16,2188.24,2177.9,2182.97,76597.525,2026-04-13 10:00:00
1776078000000,2182.98,2190.4,2181.7,2186.56,69005.661,2026-04-13 11:00:00
1776081600000,2186.56,2198.0,2173.16,2191.53,189977.159,2026-04-13 12:00:00
1776085200000,2191.55,2215.0,2180.05,2214.0,362970.014,2026-04-13 13:00:00
1776088800000,2213.99,2233.77,2201.76,2232.73,413104.012,2026-04-13 14:00:00
1776092400000,2232.73,2235.99,2197.78,2208.51,306614.617,2026-04-13 15:00:00
1776096000000,2208.51,2233.7,2198.61,2224.81,322245.086,2026-04-13 16:00:00
1776099600000,2224.8,2242.38,2221.3,2223.96,212049.653,2026-04-13 17:00:00
1776103200000,2223.97,2233.57,2217.35,2231.27,117555.438,2026-04-13 18:00:00
1776106800000,2231.27,2268.25,2226.81,2261.11,379609.393,2026-04-13 19:00:00
1776110400000,2261.11,2262.62,2246.6,2251.6,132666.478,2026-04-13 20:00:00
1776114000000,2251.6,2265.83,2248.84,2258.77,69662.552,2026-04-13 21:00:00
1776117600000,2258.77,2365.0,2258.6,2352.12,855155.043,2026-04-13 22:00:00
1776121200000,2352.13,2396.0,2340.26,2368.29,599657.289,2026-04-13 23:00:00
1776124800000,2368.28,2374.11,2358.02,2359.91,169506.789,2026-04-14 00:00:00
1776128400000,2359.92,2372.44,2352.53,2367.24,157524.47,2026-04-14 01:00:00
1776132000000,2367.25,2377.86,2364.67,2366.17,117309.509,2026-04-14 02:00:00
1776135600000,2366.17,2369.34,2360.36,2364.48,69731.027,2026-04-14 03:00:00
1776139200000,2364.47,2367.4,2360.87,2363.21,47832.35,2026-04-14 04:00:00
1776142800000,2363.2,2369.0,2353.7,2354.8,98438.998,2026-04-14 05:00:00
1776146400000,2354.8,2376.08,2354.8,2371.76,110128.346,2026-04-14 06:00:00
1776150000000,2371.77,2390.0,2369.16,2376.79,236173.789,2026-04-14 07:00:00
1776153600000,2376.8,2396.6,2372.99,2386.87,236041.04,2026-04-14 08:00:00
1776157200000,2386.87,2394.0,2382.23,2386.2,168513.006,2026-04-14 09:00:00
1776160800000,2386.21,2386.93,2372.12,2374.18,103814.15,2026-04-14 10:00:00
1776164400000,2374.17,2377.48,2366.66,2373.41,115470.946,2026-04-14 11:00:00
1776168000000,2373.41,2377.68,2367.84,2373.21,99196.491,2026-04-14 12:00:00
1776171600000,2373.22,2394.6,2371.57,2389.99,344340.952,2026-04-14 13:00:00
1776175200000,2390.0,2416.4,2350.66,2351.8,750911.246,2026-04-14 14:00:00
1776178800000,2351.79,2371.54,2330.8,2363.23,617382.034,2026-04-14 15:00:00
1776182400000,2363.23,2370.5,2327.78,2332.63,266421.649,2026-04-14 16:00:00
1776186000000,2332.62,2344.61,2322.02,2337.4,215882.697,2026-04-14 17:00:00
1776189600000,2337.4,2343.29,2307.72,2312.83,228648.251,2026-04-14 18:00:00
1776193200000,2312.82,2321.76,2301.38,2312.5,145226.824,2026-04-14 19:00:00
1776196800000,2312.5,2322.64,2307.57,2314.05,72287.829,2026-04-14 20:00:00
1776200400000,2314.05,2326.06,2313.6,2322.31,64844.385,2026-04-14 21:00:00
1776204000000,2322.31,2332.0,2310.37,2313.78,109487.064,2026-04-14 22:00:00
1776207600000,2313.78,2325.76,2313.05,2321.26,74924.348,2026-04-14 23:00:00
1776211200000,2321.25,2342.63,2320.5,2332.51,137685.11,2026-04-15 00:00:00
1776214800000,2332.5,2341.63,2330.12,2334.58,85473.686,2026-04-15 01:00:00
1776218400000,2334.57,2336.99,2316.56,2323.95,101380.355,2026-04-15 02:00:00
1776222000000,2323.95,2328.6,2319.5,2327.89,59697.5,2026-04-15 03:00:00
1776225600000,2327.88,2333.77,2326.56,2332.17,56131.555,2026-04-15 04:00:00
1776229200000,2332.17,2337.64,2312.55,2318.6,146526.887,2026-04-15 05:00:00
1776232800000,2318.6,2320.49,2314.33,2316.22,58762.289,2026-04-15 06:00:00
1776236400000,2316.23,2322.86,2306.42,2315.47,144001.806,2026-04-15 07:00:00
1776240000000,2315.48,2332.0,2312.73,2326.61,126317.959,2026-04-15 08:00:00
1776243600000,2326.6,2329.15,2317.09,2319.03,61785.151,2026-04-15 09:00:00
1776247200000,2319.02,2327.74,2311.0,2315.91,123316.869,2026-04-15 10:00:00
1776250800000,2315.92,2338.94,2315.6,2336.28,146568.519,2026-04-15 11:00:00
1776254400000,2336.28,2338.79,2328.13,2331.2,112954.531,2026-04-15 12:00:00
1776258000000,2331.2,2333.75,2316.2,2325.72,201446.647,2026-04-15 13:00:00
1776261600000,2325.72,2344.01,2320.76,2337.38,262719.144,2026-04-15 14:00:00
1776265200000,2337.38,2349.0,2319.27,2330.62,278422.442,2026-04-15 15:00:00
1776268800000,2330.61,2348.66,2328.06,2340.3,175138.143,2026-04-15 16:00:00
1776272400000,2340.3,2357.42,2338.59,2347.44,180552.08,2026-04-15 17:00:00
1776276000000,2347.44,2358.64,2345.03,2357.12,97506.99,2026-04-15 18:00:00
1776279600000,2357.11,2385.11,2355.92,2373.58,250542.852,2026-04-15 19:00:00
1776283200000,2373.59,2374.89,2352.35,2361.71,108039.292,2026-04-15 20:00:00
1776286800000,2361.7,2363.0,2346.48,2360.1,73313.115,2026-04-15 21:00:00
1776290400000,2360.1,2379.99,2359.0,2362.58,143315.219,2026-04-15 22:00:00
1776294000000,2362.58,2362.59,2348.0,2358.89,125186.141,2026-04-15 23:00:00
1776297600000,2358.89,2363.83,2348.29,2359.26,80071.964,2026-04-16 00:00:00
1776301200000,2359.26,2359.32,2342.05,2350.86,85151.57,2026-04-16 01:00:00
1776304800000,2350.86,2368.66,2348.55,2355.58,130145.805,2026-04-16 02:00:00
1776308400000,2355.58,2364.57,2354.69,2356.48,58348.57,2026-04-16 03:00:00
1776312000000,2356.48,2362.86,2346.34,2353.0,80072.859,2026-04-16 04:00:00
1776315600000,2353.0,2360.58,2349.0,2355.79,63862.972,2026-04-16 05:00:00
1776319200000,2355.8,2359.38,2348.5,2354.92,55428.623,2026-04-16 06:00:00
1776322800000,2354.93,2356.0,2333.67,2340.55,150386.923,2026-04-16 07:00:00
1776326400000,2340.55,2345.0,2333.03,2338.0,134023.915,2026-04-16 08:00:00
1776330000000,2338.0,2347.12,2336.58,2336.99,81187.841,2026-04-16 09:00:00
1776333600000,2336.99,2339.36,2327.01,2331.12,147937.686,2026-04-16 10:00:00
1776337200000,2331.13,2335.36,2328.46,2334.69,67479.804,2026-04-16 11:00:00
1776340800000,2334.69,2348.76,2333.39,2339.27,127564.728,2026-04-16 12:00:00
1776344400000,2339.27,2351.99,2288.0,2306.92,515188.829,2026-04-16 13:00:00
1776348000000,2306.92,2315.15,2281.85,2308.4,502326.416,2026-04-16 14:00:00
1776351600000,2308.39,2348.88,2306.82,2337.53,398383.673,2026-04-16 15:00:00
1776355200000,2337.53,2347.73,2308.21,2315.52,284883.049,2026-04-16 16:00:00
1776358800000,2315.52,2328.6,2308.5,2324.62,161817.475,2026-04-16 17:00:00
1776362400000,2324.62,2345.82,2318.71,2342.22,148694.482,2026-04-16 18:00:00
1776366000000,2342.23,2362.0,2333.09,2358.65,215282.671,2026-04-16 19:00:00
1776369600000,2358.65,2363.94,2340.04,2348.81,125548.601,2026-04-16 20:00:00
1776373200000,2348.82,2355.67,2335.0,2340.35,79487.067,2026-04-16 21:00:00
1776376800000,2340.35,2349.92,2337.75,2341.33,62578.073,2026-04-16 22:00:00
1776380400000,2341.34,2353.8,2340.24,2346.91,71810.682,2026-04-16 23:00:00
1776384000000,2346.9,2349.61,2339.63,2343.26,61533.058,2026-04-17 00:00:00
1776387600000,2343.25,2348.0,2325.36,2334.08,179760.66,2026-04-17 01:00:00
1776391200000,2334.08,2337.95,2323.19,2330.88,70090.767,2026-04-17 02:00:00
1776394800000,2330.89,2331.0,2322.06,2324.6,56610.088,2026-04-17 03:00:00
1776398400000,2324.59,2333.0,2322.93,2328.0,48380.998,2026-04-17 04:00:00
1776402000000,2328.0,2328.38,2315.7,2318.28,95202.371,2026-04-17 05:00:00
1776405600000,2318.28,2331.84,2316.68,2330.02,72864.543,2026-04-17 06:00:00
1776409200000,2330.01,2341.25,2329.08,2333.41,143736.158,2026-04-17 07:00:00
1776412800000,2333.41,2358.0,2332.0,2353.59,234568.404,2026-04-17 08:00:00
1776416400000,2353.59,2377.53,2346.6,2357.49,353373.005,2026-04-17 09:00:00
1776420000000,2357.49,2359.6,2334.09,2342.54,192769.495,2026-04-17 10:00:00
1776423600000,2342.54,2355.68,2341.59,2353.38,99106.219,2026-04-17 11:00:00
1776427200000,2353.38,2381.79,2347.91,2370.53,311122.921,2026-04-17 12:00:00
1776430800000,2370.53,2439.84,2365.0,2435.82,1228545.771,2026-04-17 13:00:00
1776434400000,2435.82,2457.0,2423.14,2445.66,553653.177,2026-04-17 14:00:00
1776438000000,2445.66,2448.43,2431.58,2440.65,266771.62,2026-04-17 15:00:00
1776441600000,2440.65,2464.99,2439.66,2450.46,300580.095,2026-04-17 16:00:00
1776445200000,2450.47,2451.83,2420.41,2439.01,327532.776,2026-04-17 17:00:00
1776448800000,2439.0,2441.34,2414.2,2419.07,210777.923,2026-04-17 18:00:00
1776452400000,2419.07,2432.0,2416.25,2426.45,97502.39,2026-04-17 19:00:00
1776456000000,2426.45,2434.29,2415.69,2425.35,75056.041,2026-04-17 20:00:00
1776459600000,2425.35,2432.26,2418.16,2428.33,43736.858,2026-04-17 21:00:00
1776463200000,2428.33,2441.55,2421.8,2431.66,92316.765,2026-04-17 22:00:00
1776466800000,2431.66,2432.16,2413.9,2417.61,76496.146,2026-04-17 23:00:00
1776470400000,2417.61,2422.5,2407.01,2420.29,99574.724,2026-04-18 00:00:00
1776474000000,2420.29,2426.58,2416.0,2420.03,54443.285,2026-04-18 01:00:00
1776477600000,2420.03,2423.76,2415.6,2418.41,35432.596,2026-04-18 02:00:00
1776481200000,2418.41,2419.3,2397.6,2404.4,113886.331,2026-04-18 03:00:00
1776484800000,2404.4,2409.4,2398.35,2406.57,102844.631,2026-04-18 04:00:00
1776488400000,2406.56,2412.75,2404.47,2407.97,45586.833,2026-04-18 05:00:00
1776492000000,2407.97,2410.77,2404.05,2408.47,35483.927,2026-04-18 06:00:00
1776495600000,2408.47,2410.0,2400.74,2402.65,45080.346,2026-04-18 07:00:00
1776499200000,2402.65,2404.17,2366.01,2379.9,438185.286,2026-04-18 08:00:00
1776502800000,2379.9,2380.38,2369.03,2375.35,128769.67,2026-04-18 09:00:00
1776506400000,2375.34,2375.35,2353.25,2358.59,241654.324,2026-04-18 10:00:00
1776510000000,2358.59,2359.78,2342.51,2352.12,200672.946,2026-04-18 11:00:00
1776513600000,2352.13,2362.81,2350.91,2357.15,112531.107,2026-04-18 12:00:00
1776517200000,2357.15,2359.96,2344.74,2354.54,106352.837,2026-04-18 13:00:00
1776520800000,2354.53,2364.59,2348.55,2364.06,104249.804,2026-04-18 14:00:00
1776524400000,2364.05,2369.87,2356.56,2362.25,92857.465,2026-04-18 15:00:00
1776528000000,2362.24,2374.45,2352.8,2359.18,158962.476,2026-04-18 16:00:00
1776531600000,2359.18,2363.33,2350.0,2359.98,95130.258,2026-04-18 17:00:00
1776535200000,2359.97,2361.95,2335.72,2345.88,172580.503,2026-04-18 18:00:00
1776538800000,2345.89,2354.22,2344.81,2347.01,44255.033,2026-04-18 19:00:00
1776542400000,2347.01,2353.4,2343.18,2350.88,39630.563,2026-04-18 20:00:00
1776546000000,2350.87,2354.39,2345.45,2354.03,27158.378,2026-04-18 21:00:00
1776549600000,2354.03,2358.0,2347.06,2355.1,43420.306,2026-04-18 22:00:00
1776553200000,2355.1,2359.6,2348.19,2349.25,28675.415,2026-04-18 23:00:00
1776556800000,2349.26,2354.18,2342.84,2347.68,51044.451,2026-04-19 00:00:00
1776560400000,2347.68,2351.71,2340.01,2346.4,52413.932,2026-04-19 01:00:00
1776564000000,2346.41,2348.0,2331.41,2336.87,121655.641,2026-04-19 02:00:00
1776567600000,2336.88,2342.97,2330.27,2338.45,67968.384,2026-04-19 03:00:00
1776571200000,2338.45,2344.96,2320.0,2332.0,149883.489,2026-04-19 04:00:00
1776574800000,2332.0,2337.56,2327.58,2331.61,59282.277,2026-04-19 05:00:00
1776578400000,2331.6,2332.2,2320.02,2326.24,114316.988,2026-04-19 06:00:00
1776582000000,2326.24,2326.27,2295.17,2314.52,340662.779,2026-04-19 07:00:00
1776585600000,2314.52,2319.53,2309.28,2317.21,80750.606,2026-04-19 08:00:00
1776589200000,2317.21,2318.0,2304.36,2308.99,84766.968,2026-04-19 09:00:00
1776592800000,2308.99,2318.85,2305.27,2316.8,92980.504,2026-04-19 10:00:00
1776596400000,2316.81,2330.97,2316.0,2327.73,144381.889,2026-04-19 11:00:00
1776600000000,2327.74,2335.99,2322.61,2329.37,150316.446,2026-04-19 12:00:00
1776603600000,2329.37,2348.82,2328.46,2337.19,214727.071,2026-04-19 13:00:00
1776607200000,2337.2,2341.95,2325.5,2336.57,128268.695,2026-04-19 14:00:00
1776610800000,2336.58,2340.43,2313.41,2329.5,153547.76,2026-04-19 15:00:00
1776614400000,2329.49,2330.32,2303.02,2310.44,182313.087,2026-04-19 16:00:00
1776618000000,2310.45,2316.4,2291.87,2295.36,239669.62,2026-04-19 17:00:00
1776621600000,2295.37,2301.19,2286.76,2295.03,170548.276,2026-04-19 18:00:00
1776625200000,2295.03,2304.44,2293.51,2299.01,91049.804,2026-04-19 19:00:00
1776628800000,2299.01,2299.84,2271.33,2279.41,172531.13,2026-04-19 20:00:00
1776632400000,2279.41,2289.36,2273.35,2275.01,89782.161,2026-04-19 21:00:00
1776636000000,2275.0,2275.0,2251.05,2268.45,326130.3,2026-04-19 22:00:00
1776639600000,2268.46,2269.98,2255.54,2262.48,114621.21,2026-04-19 23:00:00
1776643200000,2262.49,2282.13,2258.51,2278.5,139559.403,2026-04-20 00:00:00
1776646800000,2278.49,2293.32,2276.52,2284.85,126143.831,2026-04-20 01:00:00
1776650400000,2284.84,2285.93,2270.48,2276.3,97957.568,2026-04-20 02:00:00
1776654000000,2276.3,2287.67,2274.72,2285.03,61703.05,2026-04-20 03:00:00
1776657600000,2285.04,2285.04,2277.21,2282.0,46933.131,2026-04-20 04:00:00
1776661200000,2282.01,2282.01,2261.68,2269.16,130589.221,2026-04-20 05:00:00
1776664800000,2269.17,2288.31,2267.37,2284.97,125032.033,2026-04-20 06:00:00
1776668400000,2284.96,2333.49,2281.58,2296.99,528952.678,2026-04-20 07:00:00
1776672000000,2296.99,2306.99,2288.22,2292.83,130871.947,2026-04-20 08:00:00
1776675600000,2292.84,2312.8,2292.17,2307.69,145419.936,2026-04-20 09:00:00
1776679200000,2307.7,2318.82,2301.56,2302.02,116490.782,2026-04-20 10:00:00
1776682800000,2302.02,2311.41,2298.25,2307.14,76868.04,2026-04-20 11:00:00
1776686400000,2307.14,2322.55,2303.14,2317.55,131801.676,2026-04-20 12:00:00
1776690000000,2317.54,2325.94,2300.15,2309.73,255064.974,2026-04-20 13:00:00
1776693600000,2309.73,2321.29,2280.89,2289.71,399278.566,2026-04-20 14:00:00
1776697200000,2289.7,2317.88,2277.23,2312.56,348974.364,2026-04-20 15:00:00
1776700800000,2312.56,2313.47,2296.79,2298.69,110681.076,2026-04-20 16:00:00
1776704400000,2298.68,2321.76,2296.5,2315.99,153467.054,2026-04-20 17:00:00
1776708000000,2316.0,2343.68,2316.0,2332.98,291099.952,2026-04-20 18:00:00
1776711600000,2332.98,2334.98,2325.5,2330.49,71749.979,2026-04-20 19:00:00
1776715200000,2330.49,2339.73,2322.54,2335.95,78423.895,2026-04-20 20:00:00
1776718800000,2335.95,2345.42,2313.0,2320.14,146077.815,2026-04-20 21:00:00
1776722400000,2320.13,2327.54,2315.11,2318.0,51886.747,2026-04-20 22:00:00
1776726000000,2317.99,2317.99,2305.0,2312.4,76117.041,2026-04-20 23:00:00
1776729600000,2312.4,2324.04,2310.31,2320.85,70706.371,2026-04-21 00:00:00
1776733200000,2320.85,2326.81,2311.24,2313.92,68896.659,2026-04-21 01:00:00
1776736800000,2313.92,2314.52,2305.04,2307.37,66742.94,2026-04-21 02:00:00
1776740400000,2307.36,2311.69,2297.0,2310.35,96393.931,2026-04-21 03:00:00
1776744000000,2310.35,2314.97,2303.26,2313.32,59332.141,2026-04-21 04:00:00
1776747600000,2313.31,2319.88,2311.34,2312.92,69392.238,2026-04-21 05:00:00
1776751200000,2312.91,2326.97,2306.67,2316.0,105143.993,2026-04-21 06:00:00
1776754800000,2316.0,2323.37,2310.03,2316.87,107903.559,2026-04-21 07:00:00
1776758400000,2316.88,2338.0,2312.5,2322.09,152385.616,2026-04-21 08:00:00
1776762000000,2322.09,2326.36,2316.42,2324.28,82943.893,2026-04-21 09:00:00
1776765600000,2324.27,2335.78,2323.52,2329.65,108958.09,2026-04-21 10:00:00
1776769200000,2329.65,2329.98,2314.01,2319.01,164372.481,2026-04-21 11:00:00
1776772800000,2319.01,2323.15,2292.0,2306.8,291574.087,2026-04-21 12:00:00
1776776400000,2306.79,2316.79,2299.05,2311.65,156359.434,2026-04-21 13:00:00
1776780000000,2311.66,2326.67,2293.96,2298.01,265109.772,2026-04-21 14:00:00
1776783600000,2298.0,2309.9,2288.22,2309.21,272785.589,2026-04-21 15:00:00
1776787200000,2309.21,2323.99,2305.0,2306.26,182665.894,2026-04-21 16:00:00
1776790800000,2306.25,2318.88,2282.0,2305.07,295905.747,2026-04-21 17:00:00
1776794400000,2305.07,2312.33,2298.95,2311.67,104793.802,2026-04-21 18:00:00
1776798000000,2311.66,2331.31,2286.07,2297.5,313780.755,2026-04-21 19:00:00
1776801600000,2297.5,2324.68,2294.55,2313.34,234644.02,2026-04-21 20:00:00
1776805200000,2313.34,2316.97,2308.22,2311.06,32294.063,2026-04-21 21:00:00
1776808800000,2311.06,2315.89,2300.0,2310.21,66385.128,2026-04-21 22:00:00
1776812400000,2310.21,2329.14,2309.7,2326.2,98362.216,2026-04-21 23:00:00
1776816000000,2326.2,2329.68,2321.05,2324.36,62080.732,2026-04-22 00:00:00
1776819600000,2324.36,2327.55,2311.9,2321.5,98449.515,2026-04-22 01:00:00
1776823200000,2321.49,2375.0,2319.0,2369.53,533377.381,2026-04-22 02:00:00
1776826800000,2369.53,2378.78,2357.15,2362.65,236112.805,2026-04-22 03:00:00
1776830400000,2362.65,2368.86,2357.17,2363.0,111115.394,2026-04-22 04:00:00
1776834000000,2363.0,2413.48,2360.77,2395.41,635163.555,2026-04-22 05:00:00
1776837600000,2395.41,2395.84,2388.12,2392.08,117212.672,2026-04-22 06:00:00
1776841200000,2392.07,2396.47,2382.77,2388.9,132999.919,2026-04-22 07:00:00
1776844800000,2388.89,2392.64,2382.0,2387.03,88324.081,2026-04-22 08:00:00
1776848400000,2387.03,2392.97,2383.6,2386.63,68982.972,2026-04-22 09:00:00
1776852000000,2386.62,2392.49,2383.8,2389.09,37900.657,2026-04-22 10:00:00
1776855600000,2389.08,2399.6,2385.3,2397.39,95508.98,2026-04-22 11:00:00
1776859200000,2397.4,2406.14,2394.76,2403.62,160677.134,2026-04-22 12:00:00
1776862800000,2403.63,2422.45,2399.14,2415.95,341722.008,2026-04-22 13:00:00
1776866400000,2415.95,2422.79,2390.5,2401.8,332732.536,2026-04-22 14:00:00
1776870000000,2401.8,2412.75,2388.88,2402.76,241852.624,2026-04-22 15:00:00
1776873600000,2402.76,2412.73,2383.14,2385.47,207735.959,2026-04-22 16:00:00
1776877200000,2385.48,2401.65,2385.47,2398.02,128913.548,2026-04-22 17:00:00
1776880800000,2398.01,2403.6,2394.0,2396.07,68531.273,2026-04-22 18:00:00
1776884400000,2396.08,2406.0,2387.68,2396.53,111880.881,2026-04-22 19:00:00
1776888000000,2396.53,2401.45,2389.66,2390.79,65220.791,2026-04-22 20:00:00
1776891600000,2390.78,2405.0,2390.58,2401.12,37660.895,2026-04-22 21:00:00
1776895200000,2401.13,2404.13,2393.0,2398.61,41933.544,2026-04-22 22:00:00
1776898800000,2398.62,2399.35,2372.03,2372.93,171160.487,2026-04-22 23:00:00
1776902400000,2372.94,2382.19,2342.5,2371.92,351672.871,2026-04-23 00:00:00
1776906000000,2371.93,2372.0,2359.16,2365.93,98071.057,2026-04-23 01:00:00
1776909600000,2365.94,2366.45,2343.0,2351.16,243959.777,2026-04-23 02:00:00
1776913200000,2351.15,2352.23,2330.13,2339.83,249994.14,2026-04-23 03:00:00
1776916800000,2339.83,2347.5,2336.25,2346.56,91995.663,2026-04-23 04:00:00
1776920400000,2346.57,2351.68,2339.2,2347.78,103888.177,2026-04-23 05:00:00
1776924000000,2347.77,2358.0,2347.77,2353.22,113354.989,2026-04-23 06:00:00
1776927600000,2353.22,2355.51,2339.53,2343.17,104426.827,2026-04-23 07:00:00
1776931200000,2343.16,2343.97,2334.0,2339.1,128509.125,2026-04-23 08:00:00
1776934800000,2339.1,2339.1,2312.0,2315.43,300387.61,2026-04-23 09:00:00
1776938400000,2315.43,2318.54,2303.01,2313.35,198025.51,2026-04-23 10:00:00
1776942000000,2313.35,2331.46,2313.35,2327.94,147277.711,2026-04-23 11:00:00
1776945600000,2327.93,2334.57,2318.74,2327.48,135289.452,2026-04-23 12:00:00
1776949200000,2327.49,2331.25,2314.08,2318.6,139849.465,2026-04-23 13:00:00
1776952800000,2318.6,2334.11,2314.81,2332.77,154274.225,2026-04-23 14:00:00
1776956400000,2332.77,2343.0,2322.52,2332.0,206653.126,2026-04-23 15:00:00
1776960000000,2331.99,2334.27,2321.43,2324.96,86639.126,2026-04-23 16:00:00
1776963600000,2324.96,2328.28,2283.59,2308.95,503514.215,2026-04-23 17:00:00
1776967200000,2308.94,2318.15,2303.01,2303.93,166833.263,2026-04-23 18:00:00
1776970800000,2303.94,2317.86,2298.34,2311.89,92341.894,2026-04-23 19:00:00
1776974400000,2311.88,2328.84,2311.57,2324.22,97029.207,2026-04-23 20:00:00
1776978000000,2324.22,2327.51,2319.61,2320.16,42700.729,2026-04-23 21:00:00
1776981600000,2320.16,2338.81,2320.15,2330.55,90993.775,2026-04-23 22:00:00
1776985200000,2330.55,2332.2,2322.3,2328.97,46768.291,2026-04-23 23:00:00
1776988800000,2328.98,2336.4,2325.48,2331.27,60783.445,2026-04-24 00:00:00
1776992400000,2331.27,2333.62,2317.04,2331.59,100048.38,2026-04-24 01:00:00
1776996000000,2331.59,2334.46,2313.72,2318.61,94737.967,2026-04-24 02:00:00
1776999600000,2318.6,2321.17,2298.53,2307.19,179268.617,2026-04-24 03:00:00
1777003200000,2307.2,2310.81,2298.2,2305.11,83554.612,2026-04-24 04:00:00
1777006800000,2305.1,2316.4,2298.82,2313.76,98176.455,2026-04-24 05:00:00
1777010400000,2313.77,2315.9,2307.14,2308.11,67443.485,2026-04-24 06:00:00
1777014000000,2308.11,2315.41,2307.22,2310.64,78760.252,2026-04-24 07:00:00
1777017600000,2310.64,2322.45,2306.25,2313.76,114064.412,2026-04-24 08:00:00
1777021200000,2313.77,2314.43,2302.12,2308.74,99239.516,2026-04-24 09:00:00
1777024800000,2308.74,2317.95,2304.7,2314.59,75477.856,2026-04-24 10:00:00
1777028400000,2314.6,2331.2,2314.53,2326.61,214633.564,2026-04-24 11:00:00
1777032000000,2326.61,2330.84,2316.27,2324.01,123255.437,2026-04-24 12:00:00
1777035600000,2324.01,2330.96,2309.03,2316.2,185376.079,2026-04-24 13:00:00
1777039200000,2316.19,2317.36,2303.0,2312.63,202466.925,2026-04-24 14:00:00
1777042800000,2312.63,2329.45,2300.01,2323.0,206890.089,2026-04-24 15:00:00
1777046400000,2323.0,2323.28,2309.0,2315.76,87859.838,2026-04-24 16:00:00
1777050000000,2315.77,2321.6,2307.6,2318.93,72533.469,2026-04-24 17:00:00
1777053600000,2318.93,2320.31,2309.0,2318.84,54315.815,2026-04-24 18:00:00
1777057200000,2318.84,2324.5,2318.0,2320.48,38547.96,2026-04-24 19:00:00
1777060800000,2320.48,2328.0,2313.5,2325.74,72414.531,2026-04-24 20:00:00
1777064400000,2325.73,2326.67,2311.11,2314.32,56221.466,2026-04-24 21:00:00
1777068000000,2314.32,2315.15,2305.78,2311.08,46032.439,2026-04-24 22:00:00
1777071600000,2311.08,2315.38,2311.08,2314.05,20055.114,2026-04-24 23:00:00
1777075200000,2314.05,2315.23,2310.36,2315.0,20571.441,2026-04-25 00:00:00
1777078800000,2315.0,2320.32,2314.55,2316.78,34146.498,2026-04-25 01:00:00
1777082400000,2316.77,2318.28,2313.1,2316.35,29714.556,2026-04-25 02:00:00
1777086000000,2316.35,2319.8,2314.54,2317.54,21877.992,2026-04-25 03:00:00
1777089600000,2317.54,2318.08,2315.0,2315.5,16299.695,2026-04-25 04:00:00
1777093200000,2315.51,2315.51,2312.1,2315.16,26491.675,2026-04-25 05:00:00
1777096800000,2315.15,2316.62,2313.78,2315.06,16312.32,2026-04-25 06:00:00
1777100400000,2315.07,2317.82,2313.2,2315.46,20660.789,2026-04-25 07:00:00
1777104000000,2315.45,2319.88,2314.9,2318.1,33751.044,2026-04-25 08:00:00
1777107600000,2318.11,2321.86,2315.48,2317.8,47556.692,2026-04-25 09:00:00
1777111200000,2317.8,2321.49,2317.32,2319.0,31398.15,2026-04-25 10:00:00
1777114800000,2319.0,2319.0,2310.05,2312.97,67386.046,2026-04-25 11:00:00
1777118400000,2312.97,2316.92,2310.32,2312.35,44970.125,2026-04-25 12:00:00
1777122000000,2312.36,2316.89,2312.36,2315.13,26880.0,2026-04-25 13:00:00
1777125600000,2315.13,2318.0,2314.0,2314.68,33701.184,2026-04-25 14:00:00
1777129200000,2314.68,2317.42,2301.0,2306.93,99155.198,2026-04-25 15:00:00
1777132800000,2306.93,2310.63,2298.64,2308.83,112160.942,2026-04-25 16:00:00
1777136400000,2308.83,2313.0,2306.38,2308.42,40933.166,2026-04-25 17:00:00
1777140000000,2308.42,2313.6,2307.55,2310.82,27066.565,2026-04-25 18:00:00
1777143600000,2310.83,2311.53,2306.25,2309.19,26844.85,2026-04-25 19:00:00
1777147200000,2309.2,2312.43,2308.17,2312.07,18342.877,2026-04-25 20:00:00
1777150800000,2312.07,2316.8,2311.85,2314.97,33137.979,2026-04-25 21:00:00
1777154400000,2314.97,2319.67,2314.11,2317.02,32292.367,2026-04-25 22:00:00
1777158000000,2317.02,2318.89,2315.47,2318.42,24910.404,2026-04-25 23:00:00
1777161600000,2318.43,2318.75,2310.05,2314.19,35907.196,2026-04-26 00:00:00
1777165200000,2314.19,2317.17,2312.33,2312.97,31276.384,2026-04-26 01:00:00
1777168800000,2312.97,2317.6,2312.55,2314.26,24503.385,2026-04-26 02:00:00
1777172400000,2314.26,2315.63,2305.63,2309.23,50431.166,2026-04-26 03:00:00
1777176000000,2309.24,2318.76,2308.11,2316.43,53399.523,2026-04-26 04:00:00
1777179600000,2316.4,2337.75,2316.28,2326.7,243961.708,2026-04-26 05:00:00
1777183200000,2326.7,2332.2,2326.04,2328.96,54059.101,2026-04-26 06:00:00
1777186800000,2328.97,2331.13,2327.03,2330.05,34840.674,2026-04-26 07:00:00
1777190400000,2330.05,2336.76,2329.01,2331.29,69331.034,2026-04-26 08:00:00
1777194000000,2331.29,2334.26,2328.21,2333.36,43138.965,2026-04-26 09:00:00
1777197600000,2333.35,2335.5,2330.1,2331.64,37526.199,2026-04-26 10:00:00
1777201200000,2331.63,2336.42,2331.19,2334.74,46016.903,2026-04-26 11:00:00
1777204800000,2334.74,2335.13,2323.0,2327.88,90030.101,2026-04-26 12:00:00
1777208400000,2327.89,2334.73,2326.83,2333.99,52487.717,2026-04-26 13:00:00
1777212000000,2333.98,2354.0,2332.3,2345.4,255546.044,2026-04-26 14:00:00
1777215600000,2345.39,2348.09,2343.04,2347.55,66210.992,2026-04-26 15:00:00
1777219200000,2347.56,2349.18,2341.68,2341.89,69040.453,2026-04-26 16:00:00
1777222800000,2341.89,2350.22,2339.04,2348.41,54572.594,2026-04-26 17:00:00
1777226400000,2348.4,2367.89,2346.54,2360.58,198103.038,2026-04-26 18:00:00
1777230000000,2360.58,2375.75,2358.34,2366.48,155872.905,2026-04-26 19:00:00
1777233600000,2366.48,2371.95,2361.08,2361.24,60527.699,2026-04-26 20:00:00
1777237200000,2361.25,2369.87,2345.01,2363.09,141687.01,2026-04-26 21:00:00
1777240800000,2363.09,2379.99,2351.62,2360.26,178176.054,2026-04-26 22:00:00
1777244400000,2360.25,2378.68,2355.5,2368.22,128276.389,2026-04-26 23:00:00
1777248000000,2368.23,2392.0,2356.32,2389.0,217948.65,2026-04-27 00:00:00
1777251600000,2389.0,2404.0,2376.25,2393.62,292596.161,2026-04-27 01:00:00
1777255200000,2393.62,2395.77,2385.56,2390.88,83771.85,2026-04-27 02:00:00
1777258800000,2390.88,2399.99,2389.22,2393.56,101841.872,2026-04-27 03:00:00
1777262400000,2393.57,2394.92,2379.59,2382.05,120731.518,2026-04-27 04:00:00
1777266000000,2382.06,2382.71,2316.84,2321.94,785518.15,2026-04-27 05:00:00
1777269600000,2321.93,2327.78,2310.57,2319.45,206290.079,2026-04-27 06:00:00
1777273200000,2319.45,2322.28,2313.48,2314.58,91207.052,2026-04-27 07:00:00
1777276800000,2314.57,2318.58,2307.47,2318.57,143188.529,2026-04-27 08:00:00
1777280400000,2318.58,2324.43,2314.0,2320.73,86719.302,2026-04-27 09:00:00
1777284000000,2320.73,2322.92,2316.83,2318.51,40677.424,2026-04-27 10:00:00
1777287600000,2318.5,2321.3,2315.35,2318.76,34225.354,2026-04-27 11:00:00
1777291200000,2318.75,2319.64,2311.28,2313.08,70856.428,2026-04-27 12:00:00
1777294800000,2313.08,2319.9,2301.32,2311.22,198811.033,2026-04-27 13:00:00
1777298400000,2311.22,2329.0,2307.45,2313.94,239956.273,2026-04-27 14:00:00
1777302000000,2313.94,2314.14,2263.25,2273.75,733858.019,2026-04-27 15:00:00
1777305600000,2273.75,2279.42,2268.88,2276.56,129695.908,2026-04-27 16:00:00
1777309200000,2276.57,2291.28,2276.56,2285.53,125113.93,2026-04-27 17:00:00
1777312800000,2285.52,2290.63,2283.15,2287.24,44889.025,2026-04-27 18:00:00
1777316400000,2287.23,2289.94,2273.03,2287.86,83949.908,2026-04-27 19:00:00
1777320000000,2287.86,2295.6,2287.79,2290.23,53609.455,2026-04-27 20:00:00
1777323600000,2290.23,2291.0,2285.6,2286.09,23257.538,2026-04-27 21:00:00
1777327200000,2286.09,2294.94,2283.23,2293.08,43804.776,2026-04-27 22:00:00
1777330800000,2293.08,2307.57,2289.73,2302.7,115771.092,2026-04-27 23:00:00
1777334400000,2302.7,2309.99,2298.01,2305.41,83919.15,2026-04-28 00:00:00
1777338000000,2305.4,2307.6,2296.2,2297.47,68687.967,2026-04-28 01:00:00
1777341600000,2297.47,2299.7,2278.63,2287.6,151082.184,2026-04-28 02:00:00
1777345200000,2287.59,2289.75,2280.94,2289.64,59528.824,2026-04-28 03:00:00
1777348800000,2289.64,2293.46,2281.8,2287.37,78836.34,2026-04-28 04:00:00
1777352400000,2287.37,2296.24,2285.2,2286.75,71190.068,2026-04-28 05:00:00
1777356000000,2286.76,2289.75,2267.25,2276.4,171030.283,2026-04-28 06:00:00
1777359600000,2276.4,2288.0,2268.88,2286.6,136153.977,2026-04-28 07:00:00
1777363200000,2286.61,2290.98,2282.31,2286.11,77535.753,2026-04-28 08:00:00
1777366800000,2286.1,2287.51,2275.35,2281.4,60091.223,2026-04-28 09:00:00
1777370400000,2281.4,2286.35,2279.61,2283.23,48318.815,2026-04-28 10:00:00
1777374000000,2283.24,2284.23,2269.0,2274.58,132431.958,2026-04-28 11:00:00
1777377600000,2274.58,2280.25,2270.45,2277.28,100654.632,2026-04-28 12:00:00
1777381200000,2277.27,2285.7,2256.3,2275.07,404178.529,2026-04-28 13:00:00
1777384800000,2275.08,2275.68,2258.65,2272.25,187187.225,2026-04-28 14:00:00
1777388400000,2272.24,2279.68,2268.0,2278.27,125284.049,2026-04-28 15:00:00
1777392000000,2278.27,2287.42,2273.0,2284.76,120986.009,2026-04-28 16:00:00
1777395600000,2284.76,2292.2,2277.53,2289.17,108238.429,2026-04-28 17:00:00
1777399200000,2289.17,2297.66,2286.33,2295.84,152404.85,2026-04-28 18:00:00
1777402800000,2295.85,2304.85,2289.01,2300.87,116638.174,2026-04-28 19:00:00
1777406400000,2300.87,2304.8,2294.34,2294.34,57869.079,2026-04-28 20:00:00
1777410000000,2294.34,2296.33,2283.5,2289.31,65285.326,2026-04-28 21:00:00
1777413600000,2289.3,2293.62,2284.03,2285.28,38067.766,2026-04-28 22:00:00
1777417200000,2285.28,2289.41,2282.15,2288.27,35540.717,2026-04-28 23:00:00
1777420800000,2288.26,2293.96,2284.32,2291.5,50830.949,2026-04-29 00:00:00
1777424400000,2291.5,2296.37,2278.01,2291.56,158012.162,2026-04-29 01:00:00
1777428000000,2291.57,2294.8,2283.55,2287.99,64483.744,2026-04-29 02:00:00
1777431600000,2288.0,2316.65,2287.0,2310.76,284873.728,2026-04-29 03:00:00
1777435200000,2310.76,2341.88,2308.39,2326.01,384574.072,2026-04-29 04:00:00
1777438800000,2326.0,2331.65,2321.11,2327.99,130385.408,2026-04-29 05:00:00
1777442400000,2327.99,2336.0,2319.0,2323.68,149073.251,2026-04-29 06:00:00
1777446000000,2323.69,2329.8,2320.79,2322.79,81114.642,2026-04-29 07:00:00
1777449600000,2322.79,2328.0,2320.07,2324.42,68569.34,2026-04-29 08:00:00
1777453200000,2324.41,2346.27,2322.0,2338.51,217098.717,2026-04-29 09:00:00
1777456800000,2338.51,2346.0,2328.23,2332.18,197311.922,2026-04-29 10:00:00
1777460400000,2332.17,2334.86,2327.22,2330.46,82883.629,2026-04-29 11:00:00
1777464000000,2330.46,2330.8,2306.4,2315.24,297358.052,2026-04-29 12:00:00
1777467600000,2315.23,2317.45,2288.55,2302.01,328716.536,2026-04-29 13:00:00
1777471200000,2302.0,2307.78,2292.53,2298.4,145163.015,2026-04-29 14:00:00
1777474800000,2298.41,2300.42,2261.45,2271.58,439048.339,2026-04-29 15:00:00
1777478400000,2271.58,2278.58,2261.54,2266.59,200072.289,2026-04-29 16:00:00
1777482000000,2266.6,2282.97,2265.12,2282.8,134958.471,2026-04-29 17:00:00
1777485600000,2282.8,2285.8,2218.82,2237.82,882336.469,2026-04-29 18:00:00
1777489200000,2237.83,2241.39,2223.48,2232.33,135456.874,2026-04-29 19:00:00
1777492800000,2232.34,2247.6,2229.33,2239.25,120926.787,2026-04-29 20:00:00
1777496400000,2239.25,2265.0,2237.25,2251.85,112776.549,2026-04-29 21:00:00
1777500000000,2251.86,2258.0,2248.68,2256.52,58944.417,2026-04-29 22:00:00
1777503600000,2256.52,2259.75,2249.01,2251.92,63547.024,2026-04-29 23:00:00
1777507200000,2251.92,2275.0,2248.01,2271.24,161426.573,2026-04-30 00:00:00
1777510800000,2271.24,2278.51,2265.77,2268.25,124366.586,2026-04-30 01:00:00
1777514400000,2268.26,2272.5,2234.59,2243.89,230243.705,2026-04-30 02:00:00
1777518000000,2243.88,2256.0,2242.72,2252.07,84411.276,2026-04-30 03:00:00
1777521600000,2252.06,2253.22,2235.6,2238.23,110822.527,2026-04-30 04:00:00
1777525200000,2238.24,2247.78,2230.38,2241.72,108292.225,2026-04-30 05:00:00
1777528800000,2241.72,2251.8,2240.7,2246.9,70574.582,2026-04-30 06:00:00
1777532400000,2246.89,2261.31,2242.42,2259.0,122194.189,2026-04-30 07:00:00
1777536000000,2259.0,2261.0,2253.65,2255.07,82831.6,2026-04-30 08:00:00
1777539600000,2255.07,2270.0,2254.51,2260.5,122000.255,2026-04-30 09:00:00
1777543200000,2260.5,2264.5,2255.32,2260.31,71490.091,2026-04-30 10:00:00
1777546800000,2260.32,2273.83,2251.0,2257.33,180615.862,2026-04-30 11:00:00
1777550400000,2257.32,2270.0,2256.7,2264.31,94896.153,2026-04-30 12:00:00
1777554000000,2264.31,2271.47,2253.35,2262.8,174085.007,2026-04-30 13:00:00
1777557600000,2262.8,2269.8,2245.29,2261.08,249634.689,2026-04-30 14:00:00
1777561200000,2261.09,2275.0,2256.19,2264.47,132382.395,2026-04-30 15:00:00
1777564800000,2264.46,2266.0,2254.15,2255.87,71271.182,2026-04-30 16:00:00
1777568400000,2255.87,2259.74,2250.01,2257.21,89744.208,2026-04-30 17:00:00
1777572000000,2257.21,2264.36,2253.3,2258.51,62875.574,2026-04-30 18:00:00
1777575600000,2258.5,2265.92,2256.63,2260.64,37487.68,2026-04-30 19:00:00
1777579200000,2260.64,2266.28,2259.28,2263.02,23045.449,2026-04-30 20:00:00
1777582800000,2263.02,2263.53,2252.45,2255.16,30937.826,2026-04-30 21:00:00
1777586400000,2255.15,2260.3,2251.2,2253.35,30808.011,2026-04-30 22:00:00
1777590000000,2253.35,2258.05,2252.76,2256.74,30720.103,2026-04-30 23:00:00
1777593600000,2256.75,2265.0,2256.26,2258.92,50962.77,2026-05-01 00:00:00
1777597200000,2258.92,2269.47,2258.63,2266.26,69902.043,2026-05-01 01:00:00
1777600800000,2266.27,2269.12,2263.63,2265.82,39134.507,2026-05-01 02:00:00
1777604400000,2265.82,2294.71,2264.79,2281.89,277273.423,2026-05-01 03:00:00
1777608000000,2281.88,2285.0,2276.28,2279.13,93900.796,2026-05-01 04:00:00
1777611600000,2279.13,2285.61,2277.42,2282.38,51142.248,2026-05-01 05:00:00
1777615200000,2282.39,2285.51,2270.94,2276.01,93248.146,2026-05-01 06:00:00
1777618800000,2276.01,2279.96,2272.0,2278.39,58519.91,2026-05-01 07:00:00
1777622400000,2278.4,2287.9,2276.04,2285.4,85320.408,2026-05-01 08:00:00
1777626000000,2285.41,2285.73,2278.28,2280.59,44255.667,2026-05-01 09:00:00
1777629600000,2280.59,2284.8,2275.65,2281.34,57753.689,2026-05-01 10:00:00
1777633200000,2281.34,2292.19,2280.51,2285.16,86606.359,2026-05-01 11:00:00
1777636800000,2285.16,2312.27,2282.52,2300.02,407597.129,2026-05-01 12:00:00
1777640400000,2300.01,2324.2,2300.01,2316.99,322902.171,2026-05-01 13:00:00
1777644000000,2316.98,2325.0,2300.2,2306.77,266952.084,2026-05-01 14:00:00
1777647600000,2306.77,2316.0,2296.63,2306.88,176639.821,2026-05-01 15:00:00
1777651200000,2306.87,2313.34,2297.27,2300.79,148102.82,2026-05-01 16:00:00
1777654800000,2300.78,2312.93,2297.69,2310.86,114329.016,2026-05-01 17:00:00
1777658400000,2310.87,2311.67,2302.6,2303.6,93731.017,2026-05-01 18:00:00
1777662000000,2303.61,2307.14,2301.4,2304.01,47913.684,2026-05-01 19:00:00
1777665600000,2304.01,2305.3,2277.41,2283.81,211304.506,2026-05-01 20:00:00
1777669200000,2283.8,2294.29,2282.26,2291.35,74790.713,2026-05-01 21:00:00
1777672800000,2291.35,2298.35,2289.19,2292.06,47563.485,2026-05-01 22:00:00
1777676400000,2292.07,2295.21,2287.5,2294.37,35181.072,2026-05-01 23:00:00
1777680000000,2294.37,2298.38,2291.12,2296.43,35258.11,2026-05-02 00:00:00
1777683600000,2296.44,2299.78,2294.41,2297.63,34704.479,2026-05-02 01:00:00
1777687200000,2297.64,2307.88,2294.24,2302.37,69132.242,2026-05-02 02:00:00
1777690800000,2302.37,2307.44,2299.88,2303.25,50553.675,2026-05-02 03:00:00
1777694400000,2303.26,2304.08,2298.1,2300.27,37658.165,2026-05-02 04:00:00
1777698000000,2300.27,2300.64,2295.26,2298.29,38100.508,2026-05-02 05:00:00
1777701600000,2298.28,2305.38,2296.04,2304.06,41235.741,2026-05-02 06:00:00
1777705200000,2304.06,2305.12,2299.62,2299.91,30348.785,2026-05-02 07:00:00
1777708800000,2299.92,2303.52,2297.64,2302.03,27115.394,2026-05-02 08:00:00
1777712400000,2302.03,2306.74,2302.03,2304.0,28799.522,2026-05-02 09:00:00
1777716000000,2304.0,2304.8,2300.64,2302.11,25318.051,2026-05-02 10:00:00
1777719600000,2302.11,2304.0,2298.9,2301.14,28955.418,2026-05-02 11:00:00
1777723200000,2301.13,2304.54,2300.01,2302.45,24154.353,2026-05-02 12:00:00
1777726800000,2302.45,2311.99,2302.44,2307.0,70222.414,2026-05-02 13:00:00
1777730400000,2307.0,2307.58,2304.03,2305.25,29684.761,2026-05-02 14:00:00
1777734000000,2305.24,2308.6,2303.87,2307.64,27435.539,2026-05-02 15:00:00
1777737600000,2307.64,2312.88,2306.42,2307.99,49162.266,2026-05-02 16:00:00
1777741200000,2308.0,2309.15,2304.2,2304.95,28488.216,2026-05-02 17:00:00
1777744800000,2304.95,2310.6,2302.08,2308.68,32545.913,2026-05-02 18:00:00
1777748400000,2308.68,2311.77,2307.82,2310.34,17241.299,2026-05-02 19:00:00
1777752000000,2310.34,2310.83,2308.2,2310.4,15317.151,2026-05-02 20:00:00
1777755600000,2310.4,2343.56,2309.93,2324.61,184541.61,2026-05-02 21:00:00
1777759200000,2324.61,2327.4,2317.0,2326.01,78711.788,2026-05-02 22:00:00
1777762800000,2326.0,2326.01,2312.04,2316.25,62226.683,2026-05-02 23:00:00
1777766400000,2316.24,2316.93,2307.51,2313.04,75523.289,2026-05-03 00:00:00
1777770000000,2313.05,2313.5,2302.0,2302.79,88222.683,2026-05-03 01:00:00
1777773600000,2302.8,2305.81,2297.24,2302.32,82027.872,2026-05-03 02:00:00
1777777200000,2302.32,2303.02,2298.53,2301.0,39627.565,2026-05-03 03:00:00
1777780800000,2301.0,2303.71,2296.36,2300.4,48206.17,2026-05-03 04:00:00
1777784400000,2300.39,2304.03,2300.29,2303.14,21539.267,2026-05-03 05:00:00
1777788000000,2303.14,2305.65,2298.5,2303.27,33062.778,2026-05-03 06:00:00
1777791600000,2303.27,2313.55,2303.27,2308.47,85055.227,2026-05-03 07:00:00
1777795200000,2308.46,2311.88,2306.26,2307.19,23371.725,2026-05-03 08:00:00
1777798800000,2307.2,2321.69,2306.5,2315.4,91502.869,2026-05-03 09:00:00
1777802400000,2315.39,2315.7,2310.24,2310.54,34332.598,2026-05-03 10:00:00
1777806000000,2310.53,2327.0,2309.16,2318.65,107080.514,2026-05-03 11:00:00
1777809600000,2318.65,2332.17,2318.65,2324.33,101560.637,2026-05-03 12:00:00
1777813200000,2324.32,2327.5,2319.13,2321.0,57651.475,2026-05-03 13:00:00
1777816800000,2321.0,2328.72,2320.3,2327.12,48342.707,2026-05-03 14:00:00
1777820400000,2327.11,2332.96,2323.28,2327.5,90351.665,2026-05-03 15:00:00
1777824000000,2327.49,2334.99,2320.67,2327.36,80945.995,2026-05-03 16:00:00
1777827600000,2327.36,2334.71,2323.0,2330.75,54146.245,2026-05-03 17:00:00
1777831200000,2330.75,2332.58,2326.91,2329.9,21913.003,2026-05-03 18:00:00
1777834800000,2329.91,2337.74,2327.28,2334.31,41919.114,2026-05-03 19:00:00
1777838400000,2334.31,2343.7,2327.1,2328.6,102626.433,2026-05-03 20:00:00
1777842000000,2328.6,2334.23,2313.02,2322.95,105154.278,2026-05-03 21:00:00
1777845600000,2322.96,2356.01,2322.96,2342.95,239225.505,2026-05-03 22:00:00
1777849200000,2342.95,2346.69,2318.53,2321.95,135442.042,2026-05-03 23:00:00
1777852800000,2321.95,2321.95,2308.01,2317.98,166656.109,2026-05-04 00:00:00
1777856400000,2317.98,2353.66,2311.67,2349.98,274951.139,2026-05-04 01:00:00
1777860000000,2349.98,2388.0,2344.1,2374.2,586821.181,2026-05-04 02:00:00
1777863600000,2374.2,2392.0,2370.78,2384.21,214946.646,2026-05-04 03:00:00
1777867200000,2384.21,2399.87,2383.27,2389.23,184399.45,2026-05-04 04:00:00
1777870800000,2389.24,2390.26,2374.29,2375.5,137408.477,2026-05-04 05:00:00
1777874400000,2375.5,2378.27,2353.0,2367.59,207776.843,2026-05-04 06:00:00
1777878000000,2367.58,2372.86,2361.51,2362.0,72827.58,2026-05-04 07:00:00
1777881600000,2362.01,2364.41,2357.0,2359.34,83753.54,2026-05-04 08:00:00
1777885200000,2359.34,2370.16,2357.1,2367.56,83119.685,2026-05-04 09:00:00
1777888800000,2367.55,2368.99,2313.0,2337.02,699492.752,2026-05-04 10:00:00
1777892400000,2337.01,2342.38,2331.35,2336.16,93392.611,2026-05-04 11:00:00
1777896000000,2336.15,2342.58,2331.25,2333.86,72175.434,2026-05-04 12:00:00
1777899600000,2333.85,2343.83,2324.25,2335.35,159268.412,2026-05-04 13:00:00
1777903200000,2335.34,2382.06,2326.18,2370.37,487050.617,2026-05-04 14:00:00
1777906800000,2370.37,2373.33,2334.76,2348.99,460615.376,2026-05-04 15:00:00
1777910400000,2349.0,2364.81,2335.39,2354.18,257299.443,2026-05-04 16:00:00
1777914000000,2354.18,2379.6,2352.83,2369.39,175187.266,2026-05-04 17:00:00
1777917600000,2369.4,2374.36,2355.27,2360.52,105613.895,2026-05-04 18:00:00
1777921200000,2360.52,2363.48,2352.51,2355.35,75272.793,2026-05-04 19:00:00
1777924800000,2355.36,2358.52,2346.13,2349.01,49654.339,2026-05-04 20:00:00
1777928400000,2349.0,2363.66,2348.1,2359.58,41429.862,2026-05-04 21:00:00
1777932000000,2359.58,2364.99,2352.72,2353.11,44534.178,2026-05-04 22:00:00
1777935600000,2353.11,2353.11,2343.42,2346.0,53914.422,2026-05-04 23:00:00
1777939200000,2346.0,2358.15,2343.72,2357.59,45614.027,2026-05-05 00:00:00
1777942800000,2357.59,2363.32,2353.81,2360.69,55078.643,2026-05-05 01:00:00
1777946400000,2360.69,2376.98,2357.84,2366.61,171158.084,2026-05-05 02:00:00
1777950000000,2366.61,2388.3,2363.14,2381.13,168147.335,2026-05-05 03:00:00
1777953600000,2381.12,2384.65,2374.07,2379.76,93485.729,2026-05-05 04:00:00
1777957200000,2379.76,2389.63,2375.75,2378.87,132688.418,2026-05-05 05:00:00
1777960800000,2378.87,2380.43,2366.02,2378.14,103696.376,2026-05-05 06:00:00
1777964400000,2378.14,2387.9,2375.0,2379.24,108157.898,2026-05-05 07:00:00
1777968000000,2379.24,2383.29,2371.5,2375.63,69834.744,2026-05-05 08:00:00
1777971600000,2375.63,2375.9,2365.9,2369.25,88485.398,2026-05-05 09:00:00
1777975200000,2369.25,2379.0,2366.56,2377.58,83795.718,2026-05-05 10:00:00
1777978800000,2377.58,2382.87,2371.8,2378.67,78358.649,2026-05-05 11:00:00
1777982400000,2378.68,2388.88,2374.97,2387.05,158271.453,2026-05-05 12:00:00
1777986000000,2387.06,2399.0,2381.55,2387.28,334746.3,2026-05-05 13:00:00
1777989600000,2387.28,2391.6,2367.05,2377.69,315457.139,2026-05-05 14:00:00
1777993200000,2377.7,2387.5,2374.3,2380.25,115394.116,2026-05-05 15:00:00
1777996800000,2380.24,2382.57,2360.0,2365.13,195153.548,2026-05-05 16:00:00
1778000400000,2365.12,2369.64,2358.8,2362.35,93441.901,2026-05-05 17:00:00
1778004000000,2362.36,2374.11,2362.27,2371.22,67440.918,2026-05-05 18:00:00
1778007600000,2371.21,2375.55,2368.3,2370.82,49742.712,2026-05-05 19:00:00
1778011200000,2370.82,2386.5,2370.31,2381.51,109168.244,2026-05-05 20:00:00
1778014800000,2381.51,2387.7,2367.11,2374.42,82124.921,2026-05-05 21:00:00
1778018400000,2374.42,2380.93,2352.0,2366.33,167724.304,2026-05-05 22:00:00
1778022000000,2366.32,2368.86,2353.4,2359.7,96398.817,2026-05-05 23:00:00
1778025600000,2359.7,2367.0,2353.0,2363.44,89689.066,2026-05-06 00:00:00
1778029200000,2363.44,2376.0,2361.5,2372.13,103918.017,2026-05-06 01:00:00
1778032800000,2372.13,2372.99,2359.0,2368.54,88901.0,2026-05-06 02:00:00
1778036400000,2368.53,2379.85,2366.63,2375.49,100468.585,2026-05-06 03:00:00
1778040000000,2375.49,2378.0,2359.2,2365.03,100111.092,2026-05-06 04:00:00
1778043600000,2365.02,2366.0,2353.61,2364.28,107462.284,2026-05-06 05:00:00
1778047200000,2364.28,2370.72,2360.0,2369.6,79090.884,2026-05-06 06:00:00
1778050800000,2369.59,2374.14,2367.71,2370.3,70963.827,2026-05-06 07:00:00
1778054400000,2370.3,2395.68,2368.01,2393.48,278289.66,2026-05-06 08:00:00
1778058000000,2393.47,2417.96,2383.47,2411.88,497802.801,2026-05-06 09:00:00
1778061600000,2411.87,2414.55,2404.12,2409.03,172782.261,2026-05-06 10:00:00
1778065200000,2409.02,2423.77,2407.05,2409.78,266001.867,2026-05-06 11:00:00
1778068800000,2409.77,2412.98,2397.19,2403.89,209268.119,2026-05-06 12:00:00
1778072400000,2403.9,2403.9,2363.59,2367.6,533504.083,2026-05-06 13:00:00
1778076000000,2367.6,2372.28,2344.0,2358.6,521234.092,2026-05-06 14:00:00
1778079600000,2358.6,2365.28,2353.24,2357.91,158384.741,2026-05-06 15:00:00
1778083200000,2357.92,2368.44,2349.2,2357.06,173822.614,2026-05-06 16:00:00
1778086800000,2357.05,2360.0,2346.25,2349.19,93663.124,2026-05-06 17:00:00
1778090400000,2349.19,2351.57,2335.31,2344.11,182631.933,2026-05-06 18:00:00
1778094000000,2344.1,2349.34,2341.33,2348.05,54048.037,2026-05-06 19:00:00
1778097600000,2348.05,2356.4,2343.99,2350.18,89911.787,2026-05-06 20:00:00
1778101200000,2350.18,2356.94,2344.7,2353.62,41389.362,2026-05-06 21:00:00
1778104800000,2353.62,2354.35,2343.83,2346.38,42779.365,2026-05-06 22:00:00
1778108400000,2346.38,2350.94,2337.29,2350.15,74333.82,2026-05-06 23:00:00
1778112000000,2350.15,2351.81,2327.59,2328.18,159659.774,2026-05-07 00:00:00
1778115600000,2328.18,2334.1,2311.44,2326.21,263212.202,2026-05-07 01:00:00
1778119200000,2326.2,2326.9,2312.54,2321.17,164592.66,2026-05-07 02:00:00
1778122800000,2321.16,2324.88,2314.3,2321.29,67805.453,2026-05-07 03:00:00
1778126400000,2321.3,2326.68,2316.58,2326.5,69607.744,2026-05-07 04:00:00
1778130000000,2326.49,2333.2,2326.0,2330.2,62991.188,2026-05-07 05:00:00
1778133600000,2330.2,2337.54,2319.0,2336.24,144367.929,2026-05-07 06:00:00
1778137200000,2336.24,2345.89,2335.6,2343.37,149966.105,2026-05-07 07:00:00
1778140800000,2343.38,2345.58,2330.66,2332.78,106450.161,2026-05-07 08:00:00
1778144400000,2332.79,2336.19,2325.35,2327.9,99101.297,2026-05-07 09:00:00
1778148000000,2327.91,2330.99,2316.34,2326.0,124691.444,2026-05-07 10:00:00
1778151600000,2326.01,2331.09,2324.36,2329.38,63992.386,2026-05-07 11:00:00
1778155200000,2329.38,2336.83,2328.07,2331.85,67014.759,2026-05-07 12:00:00
1778158800000,2331.84,2331.84,2303.1,2313.54,296073.039,2026-05-07 13:00:00
1778162400000,2313.55,2318.0,2287.63,2298.25,432600.753,2026-05-07 14:00:00
1778166000000,2298.25,2303.99,2284.28,2293.85,216528.488,2026-05-07 15:00:00
1778169600000,2293.86,2297.92,2284.47,2290.91,133321.829,2026-05-07 16:00:00
1778173200000,2290.9,2301.23,2278.13,2299.07,185886.259,2026-05-07 17:00:00
1778176800000,2299.07,2303.76,2290.62,2295.51,92524.001,2026-05-07 18:00:00
1778180400000,2295.51,2296.5,2287.1,2295.5,75287.585,2026-05-07 19:00:00
1778184000000,2295.5,2302.31,2287.39,2288.64,88456.723,2026-05-07 20:00:00
1778187600000,2288.63,2293.84,2281.0,2287.23,73915.316,2026-05-07 21:00:00
1778191200000,2287.22,2289.68,2279.79,2286.5,138298.174,2026-05-07 22:00:00
1778194800000,2286.5,2292.95,2285.66,2290.61,44628.327,2026-05-07 23:00:00
1778198400000,2290.62,2294.0,2283.13,2286.63,64120.935,2026-05-08 00:00:00
1778202000000,2286.63,2288.85,2279.22,2284.73,53686.366,2026-05-08 01:00:00
1778205600000,2284.73,2285.24,2266.51,2278.03,215702.286,2026-05-08 02:00:00
1778209200000,2278.03,2280.87,2262.45,2278.0,151794.395,2026-05-08 03:00:00
1778212800000,2278.0,2283.69,2275.38,2280.66,50311.859,2026-05-08 04:00:00
1778216400000,2280.67,2283.21,2275.13,2275.23,38345.923,2026-05-08 05:00:00
1778220000000,2275.23,2277.99,2267.65,2274.41,83187.159,2026-05-08 06:00:00
1778223600000,2274.41,2281.43,2266.08,2280.28,107557.569,2026-05-08 07:00:00
1778227200000,2280.28,2288.4,2278.63,2282.27,93475.426,2026-05-08 08:00:00
1778230800000,2282.27,2291.64,2278.58,2283.24,150979.309,2026-05-08 09:00:00
1778234400000,2283.23,2289.97,2280.01,2286.9,71614.716,2026-05-08 10:00:00
1778238000000,2286.9,2299.08,2286.9,2294.5,108097.457,2026-05-08 11:00:00
1778241600000,2294.5,2304.08,2281.2,2283.75,180300.131,2026-05-08 12:00:00
1778245200000,2283.75,2286.15,2268.37,2275.42,211442.329,2026-05-08 13:00:00
1778248800000,2275.42,2292.18,2272.12,2284.92,190201.224,2026-05-08 14:00:00
1778252400000,2284.92,2293.69,2273.66,2292.48,134895.525,2026-05-08 15:00:00
1778256000000,2292.48,2293.59,2285.14,2288.95,73786.474,2026-05-08 16:00:00
1778259600000,2288.96,2314.88,2288.25,2304.28,285086.859,2026-05-08 17:00:00
1778263200000,2304.28,2320.59,2304.27,2312.81,185858.496,2026-05-08 18:00:00
1778266800000,2312.82,2319.68,2311.43,2315.4,72936.426,2026-05-08 19:00:00
1778270400000,2315.4,2316.2,2304.42,2306.22,54924.06,2026-05-08 20:00:00
1778274000000,2306.22,2314.69,2303.63,2314.13,35628.427,2026-05-08 21:00:00
1778277600000,2314.13,2318.47,2309.78,2310.01,41142.795,2026-05-08 22:00:00
1778281200000,2310.0,2310.39,2302.19,2306.34,46114.717,2026-05-08 23:00:00
1778284800000,2306.34,2311.47,2303.52,2308.02,37275.023,2026-05-09 00:00:00
1778288400000,2308.02,2317.3,2307.66,2313.29,48907.81,2026-05-09 01:00:00
1778292000000,2313.28,2319.63,2313.0,2315.99,43596.724,2026-05-09 02:00:00
1778295600000,2316.0,2320.96,2311.53,2314.28,48219.339,2026-05-09 03:00:00
1778299200000,2314.27,2324.54,2310.5,2311.72,100915.802,2026-05-09 04:00:00
1778302800000,2311.72,2317.6,2310.02,2313.83,42791.309,2026-05-09 05:00:00
1778306400000,2313.84,2318.11,2311.71,2313.5,46782.819,2026-05-09 06:00:00
1778310000000,2313.5,2317.6,2310.09,2313.82,37256.07,2026-05-09 07:00:00
1778313600000,2313.81,2319.45,2313.24,2316.4,59074.955,2026-05-09 08:00:00
1778317200000,2316.4,2316.67,2310.42,2312.56,44452.743,2026-05-09 09:00:00
1778320800000,2312.56,2314.5,2309.3,2311.91,36214.909,2026-05-09 10:00:00
1778324400000,2311.91,2315.31,2311.67,2313.85,24390.363,2026-05-09 11:00:00
1778328000000,2313.85,2317.8,2312.5,2315.71,35970.803,2026-05-09 12:00:00
1778331600000,2315.7,2315.79,2310.7,2313.77,24843.495,2026-05-09 13:00:00
1778335200000,2313.77,2314.72,2304.26,2307.31,88717.37,2026-05-09 14:00:00
1778338800000,2307.3,2316.59,2297.57,2316.37,149395.037,2026-05-09 15:00:00
1778342400000,2316.38,2324.48,2313.87,2318.99,143060.311,2026-05-09 16:00:00
1778346000000,2319.02,2332.87,2319.0,2328.72,195574.4,2026-05-09 17:00:00
1778349600000,2328.73,2337.74,2327.96,2329.12,85080.832,2026-05-09 18:00:00
1778353200000,2329.12,2332.31,2325.61,2331.16,34490.981,2026-05-09 19:00:00
1778356800000,2331.17,2331.88,2326.14,2328.23,22379.982,2026-05-09 20:00:00
1778360400000,2328.24,2330.9,2327.77,2330.14,15617.81,2026-05-09 21:00:00
1778364000000,2330.14,2332.81,2326.31,2329.01,18218.81,2026-05-09 22:00:00
1778367600000,2329.01,2330.8,2323.62,2325.42,32238.167,2026-05-09 23:00:00
1778371200000,2325.42,2329.0,2320.33,2322.97,42282.877,2026-05-10 00:00:00
1778374800000,2322.96,2324.32,2317.39,2323.07,57405.462,2026-05-10 01:00:00
1778378400000,2323.07,2327.5,2319.39,2327.19,37284.801,2026-05-10 02:00:00
1778382000000,2327.19,2333.81,2323.0,2327.0,60342.409,2026-05-10 03:00:00
1778385600000,2327.01,2330.39,2325.25,2327.6,32188.234,2026-05-10 04:00:00
1778389200000,2327.6,2329.63,2325.6,2326.22,20038.738,2026-05-10 05:00:00
1778392800000,2326.23,2329.91,2325.83,2328.62,24968.897,2026-05-10 06:00:00
1778396400000,2328.62,2331.45,2326.35,2326.5,21859.903,2026-05-10 07:00:00
1778400000000,2326.5,2330.95,2325.12,2328.99,31935.484,2026-05-10 08:00:00
1778403600000,2329.0,2332.58,2326.15,2327.58,38961.045,2026-05-10 09:00:00
1778407200000,2327.58,2328.0,2322.34,2324.66,64528.247,2026-05-10 10:00:00
1778410800000,2324.67,2327.0,2317.55,2321.61,70824.857,2026-05-10 11:00:00
1778414400000,2321.61,2324.61,2319.82,2323.26,43639.066,2026-05-10 12:00:00
1778418000000,2323.26,2331.25,2322.61,2329.1,76740.925,2026-05-10 13:00:00
1778421600000,2329.1,2334.4,2326.14,2329.99,59901.675,2026-05-10 14:00:00
1778425200000,2330.0,2351.17,2329.99,2346.75,222231.911,2026-05-10 15:00:00
1778428800000,2346.74,2350.0,2339.0,2348.7,142913.297,2026-05-10 16:00:00
1778432400000,2348.7,2367.49,2344.3,2363.22,276250.362,2026-05-10 17:00:00
1778436000000,2363.23,2365.95,2355.44,2357.38,79354.248,2026-05-10 18:00:00
1778439600000,2357.39,2365.77,2350.01,2364.47,76324.082,2026-05-10 19:00:00
1778443200000,2364.47,2368.88,2310.0,2327.45,387753.97,2026-05-10 20:00:00
1778446800000,2327.44,2335.95,2322.85,2329.57,126346.839,2026-05-10 21:00:00
1778450400000,2329.56,2377.48,2326.26,2373.45,461500.455,2026-05-10 22:00:00
1778454000000,2373.46,2383.11,2367.12,2370.61,242586.815,2026-05-10 23:00:00
1778457600000,2370.62,2374.6,2343.67,2352.0,250423.177,2026-05-11 00:00:00
1778461200000,2351.99,2365.39,2344.6,2358.13,126904.033,2026-05-11 01:00:00
1778464800000,2358.13,2360.2,2342.19,2344.99,105482.046,2026-05-11 02:00:00
1778468400000,2344.99,2345.0,2318.98,2329.82,308266.14,2026-05-11 03:00:00
1778472000000,2329.81,2335.39,2325.72,2331.9,69960.749,2026-05-11 04:00:00
1778475600000,2331.9,2339.85,2331.02,2334.16,60498.064,2026-05-11 05:00:00
1778479200000,2334.15,2343.14,2329.1,2332.61,82749.67,2026-05-11 06:00:00
1778482800000,2332.61,2332.84,2327.12,2329.57,42945.568,2026-05-11 07:00:00
1778486400000,2329.58,2333.96,2325.44,2329.51,49531.819,2026-05-11 08:00:00
1778490000000,2329.5,2337.8,2329.24,2335.1,34513.908,2026-05-11 09:00:00
1778493600000,2335.1,2338.95,2328.45,2328.94,61695.587,2026-05-11 10:00:00
1778497200000,2328.94,2335.29,2326.54,2334.99,38687.661,2026-05-11 11:00:00
1778500800000,2335.0,2338.45,2327.38,2328.7,85555.84,2026-05-11 12:00:00
1778504400000,2328.7,2332.08,2313.13,2321.01,234231.667,2026-05-11 13:00:00
1778508000000,2321.01,2327.88,2302.1,2315.32,277766.165,2026-05-11 14:00:00
1778511600000,2315.33,2334.99,2312.33,2332.36,181222.113,2026-05-11 15:00:00
1778515200000,2332.36,2340.49,2325.59,2328.7,185296.75,2026-05-11 16:00:00
1778518800000,2328.71,2343.51,2322.3,2335.63,103928.824,2026-05-11 17:00:00
1778522400000,2335.63,2343.57,2333.18,2334.38,69712.539,2026-05-11 18:00:00
1778526000000,2334.38,2343.26,2330.76,2339.43,57265.136,2026-05-11 19:00:00
1778529600000,2339.43,2345.13,2335.01,2336.98,70439.845,2026-05-11 20:00:00
1778533200000,2336.97,2341.69,2335.06,2339.92,42950.214,2026-05-11 21:00:00
1778536800000,2339.9,2344.88,2335.7,2340.2,38040.36,2026-05-11 22:00:00
1778540400000,2340.2,2341.06,2333.32,2338.84,36303.404,2026-05-11 23:00:00
1778544000000,2338.85,2339.86,2331.0,2332.49,52175.828,2026-05-12 00:00:00
1778547600000,2332.49,2334.73,2293.91,2310.5,344370.353,2026-05-12 01:00:00
1778551200000,2310.51,2316.3,2306.05,2314.8,81035.939,2026-05-12 02:00:00
1778554800000,2314.8,2316.21,2306.4,2308.55,51582.345,2026-05-12 03:00:00
1778558400000,2308.56,2313.5,2304.39,2310.01,55789.289,2026-05-12 04:00:00
1778562000000,2310.0,2313.3,2308.82,2309.37,28202.634,2026-05-12 05:00:00
1778565600000,2309.37,2313.0,2301.81,2303.04,72325.475,2026-05-12 06:00:00
1778569200000,2303.03,2303.99,2288.0,2293.81,264638.765,2026-05-12 07:00:00
1778572800000,2293.81,2295.1,2276.34,2287.12,247635.332,2026-05-12 08:00:00
1778576400000,2287.11,2294.36,2280.3,2291.51,114740.205,2026-05-12 09:00:00
1778580000000,2291.5,2292.89,2280.0,2285.48,82181.825,2026-05-12 10:00:00
1778583600000,2285.48,2286.35,2277.0,2285.97,90324.996,2026-05-12 11:00:00
1778587200000,2285.97,2294.0,2280.03,2287.82,165434.789,2026-05-12 12:00:00
1778590800000,2287.81,2291.44,2267.01,2270.88,241865.916,2026-05-12 13:00:00
1778594400000,2270.89,2280.84,2260.01,2268.01,289281.474,2026-05-12 14:00:00
1778598000000,2268.01,2273.33,2255.54,2261.18,232697.006,2026-05-12 15:00:00
1778601600000,2261.19,2270.27,2255.01,2263.1,152952.832,2026-05-12 16:00:00
1778605200000,2263.11,2277.33,2263.11,2275.87,119516.079,2026-05-12 17:00:00
1778608800000,2275.86,2284.0,2273.55,2278.62,79588.273,2026-05-12 18:00:00
1778612400000,2278.62,2286.59,2278.36,2284.32,55049.926,2026-05-12 19:00:00
1778616000000,2284.33,2286.63,2280.34,2284.01,40842.138,2026-05-12 20:00:00
1778619600000,2284.0,2286.78,2281.82,2284.38,34049.573,2026-05-12 21:00:00
1778623200000,2284.39,2290.99,2281.1,2281.36,52819.287,2026-05-12 22:00:00
1778626800000,2281.35,2283.0,2272.18,2274.05,57660.423,2026-05-12 23:00:00
1778630400000,2274.05,2285.8,2272.19,2280.55,59784.886,2026-05-13 00:00:00
1778634000000,2280.56,2294.98,2280.01,2289.08,113368.627,2026-05-13 01:00:00
1778637600000,2289.09,2299.23,2286.3,2293.0,97059.295,2026-05-13 02:00:00
1778641200000,2292.99,2302.99,2291.12,2300.77,103749.942,2026-05-13 03:00:00
1778644800000,2300.78,2308.91,2297.32,2305.92,112019.448,2026-05-13 04:00:00
1778648400000,2305.92,2306.8,2294.0,2296.89,84200.343,2026-05-13 05:00:00
1778652000000,2296.9,2304.3,2296.37,2300.82,57055.61,2026-05-13 06:00:00
1778655600000,2300.83,2302.01,2295.78,2300.38,46942.039,2026-05-13 07:00:00
1778659200000,2300.37,2316.31,2299.75,2316.0,203028.102,2026-05-13 08:00:00
1778662800000,2315.99,2322.73,2313.56,2320.08,175910.365,2026-05-13 09:00:00
1778666400000,2320.08,2320.79,2303.44,2307.59,154119.666,2026-05-13 10:00:00
1778670000000,2307.58,2308.2,2298.01,2301.07,146331.609,2026-05-13 11:00:00
1778673600000,2301.07,2306.88,2269.37,2283.49,394345.315,2026-05-13 12:00:00
1778677200000,2283.5,2287.93,2257.48,2261.51,356576.032,2026-05-13 13:00:00
1778680800000,2261.52,2269.81,2248.0,2266.4,286258.294,2026-05-13 14:00:00
1778684400000,2266.4,2269.18,2233.01,2235.75,358662.589,2026-05-13 15:00:00
1778688000000,2235.75,2252.8,2234.02,2249.96,211955.079,2026-05-13 16:00:00
1778691600000,2249.95,2261.0,2249.95,2257.4,92047.048,2026-05-13 17:00:00
1778695200000,2257.41,2268.0,2257.41,2258.49,96047.613,2026-05-13 18:00:00
1778698800000,2258.49,2259.73,2248.34,2255.76,63642.528,2026-05-13 19:00:00
1778702400000,2255.75,2263.6,2255.66,2262.84,37265.825,2026-05-13 20:00:00
1778706000000,2262.84,2263.14,2252.63,2255.03,35967.058,2026-05-13 21:00:00
1778709600000,2255.04,2259.75,2249.6,2258.33,41911.233,2026-05-13 22:00:00
1778713200000,2258.32,2260.93,2253.46,2257.66,38115.937,2026-05-13 23:00:00
1778716800000,2257.65,2268.59,2257.13,2265.48,80838.057,2026-05-14 00:00:00
1778720400000,2265.48,2268.54,2258.22,2263.91,59295.331,2026-05-14 01:00:00
1778724000000,2263.91,2265.98,2246.04,2250.5,108675.682,2026-05-14 02:00:00
1778727600000,2250.5,2254.24,2237.26,2241.0,188699.741,2026-05-14 03:00:00
1778731200000,2241.01,2257.65,2238.29,2255.5,91323.649,2026-05-14 04:00:00
1778734800000,2255.49,2272.75,2253.87,2267.1,165086.694,2026-05-14 05:00:00
1778738400000,2267.1,2274.54,2265.32,2266.53,148004.725,2026-05-14 06:00:00
1778742000000,2266.54,2270.02,2262.33,2264.24,82998.034,2026-05-14 07:00:00
1778745600000,2264.24,2270.1,2260.5,2265.53,69400.959,2026-05-14 08:00:00
1778749200000,2265.53,2267.0,2251.42,2256.77,116521.845,2026-05-14 09:00:00
1778752800000,2256.77,2264.79,2254.56,2261.29,93968.999,2026-05-14 10:00:00
1778756400000,2261.3,2263.25,2251.55,2252.85,84053.949,2026-05-14 11:00:00
1778760000000,2252.86,2262.9,2247.13,2260.67,148407.068,2026-05-14 12:00:00
1778763600000,2260.67,2264.75,2247.64,2248.48,175355.789,2026-05-14 13:00:00
1778767200000,2248.48,2288.0,2245.04,2285.8,401102.793,2026-05-14 14:00:00
1778770800000,2285.81,2298.58,2279.08,2297.35,356517.761,2026-05-14 15:00:00
1778774400000,2297.36,2317.88,2292.5,2315.04,438643.061,2026-05-14 16:00:00
1778778000000,2315.04,2318.55,2295.22,2307.14,264069.88,2026-05-14 17:00:00
1778781600000,2307.14,2315.88,2302.0,2308.35,129629.558,2026-05-14 18:00:00
1778785200000,2308.36,2311.24,2296.5,2297.62,83563.75,2026-05-14 19:00:00
1778788800000,2297.62,2300.54,2287.52,2297.49,101485.173,2026-05-14 20:00:00
1778792400000,2297.49,2299.57,2288.71,2296.16,51425.608,2026-05-14 21:00:00
1778796000000,2296.17,2301.53,2294.17,2296.95,35971.636,2026-05-14 22:00:00
1778799600000,2296.95,2296.95,2279.63,2282.32,106440.044,2026-05-14 23:00:00
1778803200000,2282.33,2299.46,2280.6,2290.24,116066.433,2026-05-15 00:00:00
1778806800000,2290.23,2294.0,2272.16,2274.88,135042.696,2026-05-15 01:00:00
1778810400000,2274.89,2278.99,2259.44,2275.87,254914.592,2026-05-15 02:00:00
1778814000000,2275.87,2278.73,2267.0,2272.42,82949.195,2026-05-15 03:00:00
1778817600000,2272.43,2273.0,2261.55,2262.21,77410.773,2026-05-15 04:00:00
1778821200000,2262.21,2266.41,2236.33,2244.19,378616.949,2026-05-15 05:00:00
1778824800000,2244.2,2255.8,2242.6,2254.14,127433.848,2026-05-15 06:00:00
1778828400000,2254.14,2271.99,2252.5,2263.99,175825.364,2026-05-15 07:00:00
1778832000000,2264.0,2264.33,2248.13,2256.51,132475.81,2026-05-15 08:00:00
1778835600000,2256.51,2259.0,2249.57,2253.36,78803.877,2026-05-15 09:00:00
1778839200000,2253.36,2263.61,2251.24,2261.49,83461.856,2026-05-15 10:00:00
1778842800000,2261.5,2263.04,2256.48,2256.56,48283.222,2026-05-15 11:00:00
1778846400000,2256.56,2259.98,2250.17,2253.32,82426.036,2026-05-15 12:00:00
1778850000000,2253.33,2253.33,2208.78,2212.76,716464.79,2026-05-15 13:00:00
1778853600000,2212.76,2223.05,2203.25,2212.35,457676.948,2026-05-15 14:00:00
1778857200000,2212.35,2223.05,2208.58,2221.67,140863.836,2026-05-15 15:00:00
1778860800000,2221.66,2230.0,2217.6,2223.49,142186.031,2026-05-15 16:00:00
1778864400000,2223.5,2233.09,2222.92,2228.23,88088.3,2026-05-15 17:00:00
1778868000000,2228.23,2231.8,2223.47,2226.91,62248.923,2026-05-15 18:00:00
1778871600000,2226.9,2227.36,2221.06,2222.15,42268.563,2026-05-15 19:00:00
1778875200000,2222.15,2225.0,2215.5,2219.0,67011.613,2026-05-15 20:00:00
1778878800000,2219.01,2224.3,2213.02,2216.05,44703.421,2026-05-15 21:00:00
1778882400000,2216.04,2224.02,2216.0,2222.84,25056.631,2026-05-15 22:00:00
1778886000000,2222.83,2225.6,2221.66,2223.68,23356.003,2026-05-15 23:00:00
1778889600000,2223.68,2230.6,2222.6,2225.88,44640.246,2026-05-16 00:00:00
1778893200000,2225.89,2229.83,2222.5,2228.51,40796.62,2026-05-16 01:00:00
1778896800000,2228.5,2230.36,2225.61,2228.62,31100.401,2026-05-16 02:00:00
1778900400000,2228.63,2229.49,2225.92,2226.75,21818.94,2026-05-16 03:00:00
1778904000000,2226.74,2227.75,2216.96,2224.94,60045.997,2026-05-16 04:00:00
1778907600000,2224.94,2226.27,2221.7,2224.57,25154.661,2026-05-16 05:00:00
1778911200000,2224.57,2225.95,2208.39,2214.62,121199.651,2026-05-16 06:00:00
1778914800000,2214.62,2215.74,2180.3,2193.36,510545.509,2026-05-16 07:00:00
1778918400000,2193.35,2196.0,2191.0,2192.21,56476.425,2026-05-16 08:00:00
1778922000000,2192.2,2192.9,2160.01,2172.42,400066.369,2026-05-16 09:00:00
1778925600000,2172.42,2174.32,2161.05,2173.41,173012.419,2026-05-16 10:00:00
1778929200000,2173.41,2180.54,2173.41,2175.4,82982.986,2026-05-16 11:00:00
1778932800000,2175.4,2178.6,2172.25,2175.5,54281.963,2026-05-16 12:00:00
1778936400000,2175.51,2179.89,2171.21,2176.28,67896.423,2026-05-16 13:00:00
1778940000000,2176.29,2187.99,2172.6,2179.08,106275.043,2026-05-16 14:00:00
1778943600000,2179.09,2183.28,2176.0,2179.24,58952.779,2026-05-16 15:00:00
1778947200000,2179.24,2182.79,2169.09,2173.45,89394.401,2026-05-16 16:00:00
1778950800000,2173.45,2180.23,2173.3,2177.93,35707.562,2026-05-16 17:00:00
1778954400000,2177.93,2184.32,2175.14,2180.47,35042.97,2026-05-16 18:00:00
1778958000000,2180.47,2181.95,2178.07,2178.79,19170.558,2026-05-16 19:00:00
1778961600000,2178.79,2182.47,2178.79,2180.39,18887.971,2026-05-16 20:00:00
1778965200000,2180.39,2182.7,2179.84,2181.67,16571.282,2026-05-16 21:00:00
1778968800000,2181.67,2182.53,2178.79,2179.21,19987.042,2026-05-16 22:00:00
1778972400000,2179.21,2181.99,2178.14,2179.7,20664.104,2026-05-16 23:00:00
1778976000000,2179.69,2184.95,2172.12,2176.67,55533.801,2026-05-17 00:00:00
1778979600000,2176.66,2182.65,2167.02,2168.42,134549.138,2026-05-17 01:00:00
1778983200000,2168.43,2175.33,2168.25,2173.5,53531.021,2026-05-17 02:00:00
1778986800000,2173.51,2183.71,2173.13,2180.67,70495.847,2026-05-17 03:00:00
1778990400000,2180.67,2189.5,2180.07,2186.3,94379.276,2026-05-17 04:00:00
1778994000000,2186.3,2194.99,2184.17,2184.56,83300.694,2026-05-17 05:00:00
1778997600000,2184.56,2186.9,2180.16,2184.11,41607.626,2026-05-17 06:00:00
1779001200000,2184.11,2187.46,2181.3,2185.52,44796.938,2026-05-17 07:00:00
1779004800000,2185.51,2186.45,2182.13,2185.15,23448.813,2026-05-17 08:00:00
1779008400000,2185.14,2190.5,2184.88,2189.0,42209.011,2026-05-17 09:00:00
1779012000000,2189.01,2197.77,2189.0,2193.4,128943.419,2026-05-17 10:00:00
1779015600000,2193.4,2193.75,2187.0,2191.1,50024.736,2026-05-17 11:00:00
1779019200000,2191.09,2197.15,2190.35,2193.4,49856.136,2026-05-17 12:00:00
1779022800000,2193.39,2194.14,2186.2,2191.09,68060.18,2026-05-17 13:00:00
1779026400000,2191.1,2191.49,2177.0,2185.68,144293.054,2026-05-17 14:00:00
1779030000000,2185.67,2187.79,2180.0,2185.34,45700.323,2026-05-17 15:00:00
1779033600000,2185.35,2188.14,2181.33,2181.66,44835.696,2026-05-17 16:00:00
1779037200000,2181.66,2184.0,2175.17,2182.81,86623.088,2026-05-17 17:00:00
1779040800000,2182.82,2187.72,2178.0,2187.4,47776.759,2026-05-17 18:00:00
1779044400000,2187.41,2193.0,2186.24,2191.26,40046.5,2026-05-17 19:00:00
1779048000000,2191.26,2192.96,2185.69,2188.26,21651.578,2026-05-17 20:00:00
1779051600000,2188.26,2194.15,2186.04,2190.75,24938.925,2026-05-17 21:00:00
1779055200000,2190.75,2190.75,2172.02,2178.84,108269.769,2026-05-17 22:00:00
1779058800000,2178.85,2179.0,2081.14,2129.6,894147.002,2026-05-17 23:00:00
1779062400000,2129.6,2130.63,2102.42,2114.57,333159.108,2026-05-18 00:00:00
1779066000000,2114.57,2120.55,2105.25,2116.59,181466.274,2026-05-18 01:00:00
1779069600000,2116.59,2123.33,2111.46,2115.4,117359.741,2026-05-18 02:00:00
1779073200000,2115.41,2122.8,2114.7,2117.38,89122.976,2026-05-18 03:00:00
1779076800000,2117.37,2124.77,2113.22,2123.74,86206.649,2026-05-18 04:00:00
1779080400000,2123.74,2124.7,2116.0,2117.52,73118.513,2026-05-18 05:00:00
1779084000000,2117.52,2120.3,2108.01,2117.93,169246.572,2026-05-18 06:00:00
1779087600000,2117.94,2123.0,2110.7,2119.52,107564.034,2026-05-18 07:00:00
1779091200000,2119.53,2122.86,2116.33,2120.16,59438.567,2026-05-18 08:00:00
1779094800000,2120.15,2120.52,2114.67,2115.89,46178.016,2026-05-18 09:00:00
1779098400000,2115.88,2116.66,2111.5,2113.5,80730.338,2026-05-18 10:00:00
1779102000000,2113.51,2139.76,2109.19,2133.11,262237.586,2026-05-18 11:00:00
1779105600000,2133.11,2156.71,2133.11,2150.0,347676.305,2026-05-18 12:00:00
1779109200000,2150.0,2150.64,2119.06,2130.06,375679.659,2026-05-18 13:00:00
1779112800000,2130.05,2130.2,2096.17,2109.41,441713.6,2026-05-18 14:00:00
1779116400000,2109.41,2110.66,2091.78,2106.72,337701.637,2026-05-18 15:00:00
1779120000000,2106.72,2110.93,2088.9,2096.87,221054.884,2026-05-18 16:00:00
1779123600000,2096.86,2109.61,2094.19,2107.3,98214.074,2026-05-18 17:00:00
1779127200000,2107.3,2108.34,2076.01,2080.17,306764.31,2026-05-18 18:00:00
1779130800000,2080.17,2127.94,2078.1,2124.4,391199.96,2026-05-18 19:00:00
1779134400000,2124.41,2130.6,2113.69,2116.61,118889.206,2026-05-18 20:00:00
1779138000000,2116.6,2142.0,2113.32,2136.12,127960.109,2026-05-18 21:00:00
1779141600000,2136.13,2142.0,2128.49,2134.5,91622.623,2026-05-18 22:00:00
1779145200000,2134.51,2137.95,2126.22,2129.03,61009.656,2026-05-18 23:00:00
1779148800000,2129.03,2146.61,2127.16,2134.98,111819.75,2026-05-19 00:00:00
1779152400000,2134.97,2137.28,2122.22,2123.92,124230.402,2026-05-19 01:00:00
1779156000000,2123.91,2135.0,2118.21,2122.3,132483.972,2026-05-19 02:00:00
1779159600000,2122.29,2133.84,2121.13,2130.62,70396.565,2026-05-19 03:00:00
1779163200000,2130.62,2136.0,2126.81,2132.64,76459.73,2026-05-19 04:00:00
1779166800000,2132.63,2136.49,2122.42,2134.02,106245.735,2026-05-19 05:00:00
1779170400000,2134.03,2139.38,2131.2,2136.33,69482.53,2026-05-19 06:00:00
1779174000000,2136.33,2144.0,2134.11,2139.85,89486.735,2026-05-19 07:00:00
1779177600000,2139.86,2140.58,2129.61,2132.27,100280.415,2026-05-19 08:00:00
1779181200000,2132.27,2133.26,2110.3,2113.65,237864.371,2026-05-19 09:00:00
1779184800000,2113.66,2121.49,2105.6,2117.74,204707.078,2026-05-19 10:00:00
1779188400000,2117.74,2119.63,2108.28,2109.97,85586.759,2026-05-19 11:00:00
1779192000000,2109.97,2118.8,2107.76,2117.51,66166.984,2026-05-19 12:00:00
1779195600000,2117.5,2126.82,2106.61,2118.04,304161.828,2026-05-19 13:00:00
1779199200000,2118.04,2122.73,2092.4,2105.69,406783.002,2026-05-19 14:00:00
1779202800000,2105.68,2112.99,2102.59,2109.28,129063.571,2026-05-19 15:00:00
1779206400000,2109.28,2121.36,2106.02,2119.99,130170.459,2026-05-19 16:00:00
1779210000000,2120.0,2124.34,2111.68,2114.86,107147.644,2026-05-19 17:00:00
1779213600000,2114.86,2118.8,2109.72,2114.05,57388.824,2026-05-19 18:00:00
1779217200000,2114.06,2122.21,2109.32,2112.39,67747.268,2026-05-19 19:00:00
1779220800000,2112.38,2118.0,2111.5,2117.39,21708.64,2026-05-19 20:00:00
1779224400000,2117.4,2119.8,2115.85,2116.23,20981.527,2026-05-19 21:00:00
1779228000000,2116.23,2116.23,2101.5,2105.27,84760.189,2026-05-19 22:00:00
1779231600000,2105.28,2117.83,2103.63,2110.93,76574.289,2026-05-19 23:00:00
1779235200000,2110.93,2115.86,2102.37,2110.56,91656.677,2026-05-20 00:00:00
1779238800000,2110.55,2118.26,2102.21,2114.2,106878.155,2026-05-20 01:00:00
1779242400000,2114.2,2116.29,2105.3,2108.54,59121.192,2026-05-20 02:00:00
1779246000000,2108.53,2115.36,2105.13,2110.73,52813.938,2026-05-20 03:00:00
1779249600000,2110.74,2113.9,2106.2,2112.38,39283.277,2026-05-20 04:00:00
1779253200000,2112.39,2129.66,2112.38,2124.66,190272.287,2026-05-20 05:00:00
1779256800000,2124.65,2133.36,2124.39,2132.91,100560.615,2026-05-20 06:00:00
1779260400000,2132.91,2135.53,2127.01,2128.6,102178.553,2026-05-20 07:00:00
1779264000000,2128.59,2137.14,2126.7,2130.46,119701.242,2026-05-20 08:00:00
1779267600000,2130.45,2132.0,2126.5,2128.38,57586.078,2026-05-20 09:00:00
1779271200000,2128.38,2135.95,2128.37,2129.55,66121.127,2026-05-20 10:00:00
1779274800000,2129.55,2131.0,2123.13,2127.32,78672.649,2026-05-20 11:00:00
1779278400000,2127.31,2139.63,2125.88,2133.0,94468.58,2026-05-20 12:00:00
1779282000000,2133.0,2134.53,2113.85,2119.96,247189.556,2026-05-20 13:00:00
1779285600000,2119.96,2139.0,2112.35,2134.01,300536.198,2026-05-20 14:00:00
1779289200000,2134.0,2148.57,2128.0,2135.88,265986.613,2026-05-20 15:00:00
1779292800000,2135.87,2139.83,2123.0,2134.36,148228.423,2026-05-20 16:00:00
1779296400000,2134.35,2148.0,2131.04,2139.34,151373.424,2026-05-20 17:00:00
1779300000000,2139.34,2140.33,2130.01,2131.24,87653.399,2026-05-20 18:00:00
1779303600000,2131.23,2141.29,2128.06,2138.42,75668.8,2026-05-20 19:00:00
1779307200000,2138.41,2140.0,2128.28,2135.01,69592.665,2026-05-20 20:00:00
1779310800000,2135.01,2137.81,2129.6,2129.94,25183.252,2026-05-20 21:00:00
1779314400000,2129.93,2129.93,2117.31,2127.19,97612.457,2026-05-20 22:00:00
1779318000000,2127.2,2129.64,2121.57,2128.66,40617.415,2026-05-20 23:00:00
1779321600000,2128.67,2144.3,2127.61,2142.01,96343.165,2026-05-21 00:00:00
1779325200000,2142.0,2158.07,2138.19,2140.17,210801.128,2026-05-21 01:00:00
1779328800000,2140.18,2147.32,2138.64,2140.93,61545.055,2026-05-21 02:00:00
1779332400000,2140.94,2146.18,2139.85,2144.9,37427.402,2026-05-21 03:00:00
1779336000000,2144.9,2148.34,2141.64,2143.91,40917.471,2026-05-21 04:00:00
1779339600000,2143.91,2147.22,2131.67,2135.64,89250.257,2026-05-21 05:00:00
1779343200000,2135.64,2137.84,2126.7,2127.85,119179.852,2026-05-21 06:00:00
1779346800000,2127.85,2136.31,2123.03,2134.05,130607.773,2026-05-21 07:00:00
1779350400000,2134.04,2147.73,2134.0,2137.01,170642.662,2026-05-21 08:00:00
1779354000000,2137.0,2139.9,2126.78,2127.12,99020.21,2026-05-21 09:00:00
1779357600000,2127.12,2129.45,2108.62,2113.49,326160.423,2026-05-21 10:00:00
1779361200000,2113.49,2119.14,2110.85,2114.2,89819.351,2026-05-21 11:00:00
1779364800000,2114.2,2118.87,2111.23,2116.32,95616.875,2026-05-21 12:00:00
1779368400000,2116.32,2124.22,2103.18,2119.51,255376.736,2026-05-21 13:00:00
1779372000000,2119.5,2124.91,2109.19,2121.14,189042.236,2026-05-21 14:00:00
1779375600000,2121.14,2137.5,2118.13,2131.36,248394.345,2026-05-21 15:00:00
1779379200000,2131.35,2135.45,2121.56,2126.95,111910.223,2026-05-21 16:00:00
1779382800000,2126.95,2153.0,2124.95,2145.76,349344.989,2026-05-21 17:00:00
1779386400000,2145.77,2147.2,2120.0,2126.19,212485.554,2026-05-21 18:00:00
1779390000000,2126.18,2145.2,2125.58,2142.09,115159.667,2026-05-21 19:00:00
1779393600000,2142.1,2142.72,2136.14,2137.87,47596.96,2026-05-21 20:00:00
1779397200000,2137.87,2140.26,2133.17,2134.63,30204.509,2026-05-21 21:00:00
1779400800000,2134.63,2136.13,2129.63,2130.7,38804.666,2026-05-21 22:00:00
1779404400000,2130.69,2136.28,2126.06,2132.91,50031.367,2026-05-21 23:00:00
1779408000000,2132.9,2134.35,2128.12,2128.32,46753.311,2026-05-22 00:00:00
1779411600000,2128.33,2136.44,2124.59,2134.98,60864.809,2026-05-22 01:00:00
1779415200000,2134.99,2139.2,2132.86,2136.95,53276.478,2026-05-22 02:00:00
1779418800000,2136.95,2140.61,2134.09,2137.08,33036.959,2026-05-22 03:00:00
1779422400000,2137.09,2140.58,2131.56,2132.83,53683.388,2026-05-22 04:00:00
1779426000000,2132.83,2135.28,2126.43,2128.57,61963.233,2026-05-22 05:00:00
1779429600000,2128.57,2130.33,2123.04,2124.98,83589.574,2026-05-22 06:00:00
1779433200000,2124.97,2132.0,2121.22,2127.6,81780.254,2026-05-22 07:00:00
1779436800000,2127.61,2132.8,2119.0,2121.65,115733.176,2026-05-22 08:00:00
1779440400000,2121.65,2124.74,2118.26,2123.18,79252.678,2026-05-22 09:00:00
1779444000000,2123.17,2124.86,2120.26,2122.43,29733.04,2026-05-22 10:00:00
1779447600000,2122.43,2129.99,2119.2,2129.71,67971.211,2026-05-22 11:00:00
1779451200000,2129.71,2137.42,2128.12,2133.91,110465.319,2026-05-22 12:00:00
1779454800000,2133.91,2134.5,2122.65,2129.04,126479.241,2026-05-22 13:00:00
1779458400000,2129.04,2129.04,2111.2,2116.0,210517.572,2026-05-22 14:00:00
1779462000000,2116.0,2124.99,2111.11,2118.72,150812.546,2026-05-22 15:00:00
1779465600000,2118.72,2123.22,2117.31,2122.13,55850.335,2026-05-22 16:00:00
1779469200000,2122.13,2129.59,2118.32,2118.8,124042.098,2026-05-22 17:00:00
1779472800000,2118.8,2120.89,2083.0,2099.21,394422.145,2026-05-22 18:00:00
1779476400000,2099.22,2102.42,2055.58,2064.72,574984.513,2026-05-22 19:00:00
1779480000000,2064.72,2078.0,2063.52,2072.36,168533.511,2026-05-22 20:00:00
1779483600000,2072.36,2078.8,2070.63,2077.2,60691.78,2026-05-22 21:00:00
1779487200000,2077.2,2078.79,2065.0,2071.89,81678.358,2026-05-22 22:00:00
1779490800000,2071.9,2076.46,2055.8,2065.14,125254.1,2026-05-22 23:00:00
1779494400000,2065.15,2069.8,2050.34,2064.01,180152.074,2026-05-23 00:00:00
1779498000000,2064.01,2069.63,2062.0,2068.11,64650.678,2026-05-23 01:00:00
1779501600000,2068.12,2069.82,2063.8,2067.43,39203.486,2026-05-23 02:00:00
1779505200000,2067.42,2071.33,2067.24,2070.02,38104.624,2026-05-23 03:00:00
1779508800000,2070.02,2070.21,2064.5,2066.2,42402.567,2026-05-23 04:00:00
1779512400000,2066.2,2067.05,2061.0,2064.16,45134.695,2026-05-23 05:00:00
1779516000000,2064.16,2064.94,2059.63,2061.0,42812.611,2026-05-23 06:00:00
1779519600000,2060.99,2062.41,2006.47,2027.74,729174.183,2026-05-23 07:00:00
1779523200000,2027.74,2031.45,2020.2,2029.51,212296.714,2026-05-23 08:00:00
1779526800000,2029.5,2030.31,2026.17,2026.5,62206.078,2026-05-23 09:00:00
1779530400000,2026.5,2032.78,2026.04,2030.5,46277.532,2026-05-23 10:00:00
1779534000000,2030.49,2034.67,2029.41,2030.29,56680.037,2026-05-23 11:00:00
1779537600000,2030.3,2031.08,2026.14,2030.1,40681.299,2026-05-23 12:00:00
1779541200000,2030.1,2045.29,2030.01,2043.64,221656.012,2026-05-23 13:00:00
1779544800000,2043.64,2064.81,2039.55,2060.39,249453.97,2026-05-23 14:00:00
1779548400000,2060.39,2067.81,2054.67,2059.46,213487.819,2026-05-23 15:00:00
1779552000000,2059.47,2064.24,2056.14,2060.61,84431.513,2026-05-23 16:00:00
1779555600000,2060.61,2064.5,2058.3,2063.02,48125.197,2026-05-23 17:00:00
1779559200000,2063.02,2082.69,2062.47,2073.32,228779.779,2026-05-23 18:00:00
1779562800000,2073.32,2080.0,2068.63,2076.55,74849.343,2026-05-23 19:00:00
1779566400000,2076.56,2146.45,2073.5,2145.22,648725.326,2026-05-23 20:00:00
1779570000000,2145.22,2149.37,2102.04,2115.99,343213.868,2026-05-23 21:00:00
1779573600000,2116.0,2119.35,2102.24,2115.57,111989.446,2026-05-23 22:00:00
1779577200000,2115.56,2120.75,2113.24,2116.72,56958.236,2026-05-23 23:00:00
1779580800000,2116.72,2120.54,2111.35,2118.37,52021.438,2026-05-24 00:00:00
1779584400000,2118.38,2124.53,2117.11,2121.44,62591.765,2026-05-24 01:00:00
1779588000000,2121.43,2124.5,2117.12,2121.54,46851.167,2026-05-24 02:00:00
1779591600000,2121.54,2126.58,2115.36,2118.16,59600.298,2026-05-24 03:00:00
1779595200000,2118.16,2122.71,2118.16,2119.11,26094.577,2026-05-24 04:00:00
1779598800000,2119.1,2120.59,2112.63,2119.03,60908.106,2026-05-24 05:00:00
1779602400000,2119.03,2129.39,2116.26,2127.14,74241.244,2026-05-24 06:00:00
1779606000000,2127.15,2128.99,2118.57,2120.26,52296.664,2026-05-24 07:00:00
1779609600000,2120.26,2122.72,2118.24,2119.6,39116.235,2026-05-24 08:00:00
1779613200000,2119.59,2123.64,2118.27,2122.58,43493.536,2026-05-24 09:00:00
1779616800000,2122.58,2131.46,2118.42,2121.49,89638.939,2026-05-24 10:00:00
1779620400000,2121.49,2126.67,2121.34,2124.99,49081.56,2026-05-24 11:00:00
1779624000000,2125.0,2125.74,2116.02,2119.16,73714.093,2026-05-24 12:00:00
1779627600000,2119.17,2120.25,2105.04,2109.46,138016.329,2026-05-24 13:00:00
1779631200000,2109.47,2111.86,2077.63,2097.4,445879.279,2026-05-24 14:00:00
1779634800000,2097.39,2099.34,2093.0,2095.07,63611.543,2026-05-24 15:00:00
1779638400000,2095.06,2108.58,2094.2,2102.81,135322.159,2026-05-24 16:00:00
1779642000000,2102.82,2105.79,2100.37,2102.01,37113.416,2026-05-24 17:00:00
1779645600000,2102.0,2104.0,2096.63,2099.01,35033.06,2026-05-24 18:00:00
1779649200000,2099.01,2101.88,2095.23,2099.87,34494.416,2026-05-24 19:00:00
1779652800000,2099.88,2101.26,2090.53,2092.21,57231.236,2026-05-24 20:00:00
1779656400000,2092.21,2098.19,2060.59,2069.76,240429.144,2026-05-24 21:00:00
1779660000000,2069.77,2098.68,2069.35,2091.47,187776.335,2026-05-24 22:00:00
1779663600000,2091.47,2106.63,2090.39,2099.01,100616.581,2026-05-24 23:00:00
1779667200000,2099.0,2108.88,2098.8,2104.31,74046.775,2026-05-25 00:00:00
1779670800000,2104.32,2107.28,2091.82,2093.5,74564.195,2026-05-25 01:00:00
1779674400000,2093.5,2112.93,2093.5,2097.43,120289.837,2026-05-25 02:00:00
1779678000000,2097.44,2099.3,2091.13,2094.71,52261.695,2026-05-25 03:00:00
1779681600000,2094.71,2107.42,2091.38,2105.11,91439.133,2026-05-25 04:00:00
1779685200000,2105.1,2110.86,2103.35,2107.18,83248.955,2026-05-25 05:00:00
1779688800000,2107.18,2110.48,2098.19,2108.0,103460.682,2026-05-25 06:00:00
1779692400000,2108.0,2118.08,2104.57,2115.29,149465.032,2026-05-25 07:00:00
1779696000000,2115.29,2116.9,2110.53,2115.82,50741.998,2026-05-25 08:00:00
1779699600000,2115.81,2123.54,2114.8,2115.58,107392.627,2026-05-25 09:00:00
1779703200000,2115.59,2120.21,2113.6,2115.84,51225.034,2026-05-25 10:00:00
1779706800000,2115.83,2119.48,2112.55,2113.84,59577.226,2026-05-25 11:00:00
1779710400000,2113.85,2118.56,2110.96,2116.12,70038.453,2026-05-25 12:00:00
1779714000000,2116.12,2118.96,2113.29,2115.34,39469.909,2026-05-25 13:00:00
1779717600000,2115.34,2129.79,2114.79,2127.53,175539.506,2026-05-25 14:00:00
1779721200000,2127.54,2137.99,2121.68,2126.12,194640.597,2026-05-25 15:00:00
1779724800000,2126.12,2141.42,2123.67,2135.53,128436.776,2026-05-25 16:00:00
1779728400000,2135.53,2139.97,2127.28,2127.89,95010.757,2026-05-25 17:00:00
1779732000000,2127.89,2133.2,2125.27,2125.9,50995.711,2026-05-25 18:00:00
1779735600000,2125.91,2126.25,2115.31,2120.36,88575.339,2026-05-25 19:00:00
1779739200000,2120.35,2122.28,2106.12,2107.75,100094.582,2026-05-25 20:00:00
1779742800000,2107.74,2112.2,2106.73,2110.0,47478.987,2026-05-25 21:00:00
1779746400000,2110.0,2114.78,2101.3,2102.69,92805.169,2026-05-25 22:00:00
1779750000000,2102.68,2113.0,2101.4,2111.81,52761.934,2026-05-25 23:00:00
1779753600000,2111.81,2113.09,2083.68,2096.6,200629.144,2026-05-26 00:00:00
1779757200000,2096.6,2099.68,2087.0,2093.27,119593.327,2026-05-26 01:00:00
1779760800000,2093.28,2094.92,2083.36,2088.05,92594.398,2026-05-26 02:00:00
1779764400000,2088.06,2093.3,2083.51,2092.49,77831.13,2026-05-26 03:00:00
1779768000000,2092.49,2095.5,2087.71,2092.67,60849.451,2026-05-26 04:00:00
1779771600000,2092.68,2102.68,2090.8,2099.81,84216.438,2026-05-26 05:00:00
1779775200000,2099.81,2103.81,2094.0,2100.98,56820.586,2026-05-26 06:00:00
1779778800000,2100.97,2101.67,2089.28,2094.31,101392.625,2026-05-26 07:00:00
1779782400000,2094.32,2099.0,2094.0,2096.33,31833.9,2026-05-26 08:00:00
1779786000000,2096.32,2098.78,2093.0,2095.59,35395.167,2026-05-26 09:00:00
1779789600000,2095.59,2136.6,2093.3,2126.71,446541.667,2026-05-26 10:00:00
1779793200000,2126.7,2130.88,2117.19,2119.83,173330.953,2026-05-26 11:00:00
1779796800000,2119.83,2126.1,2110.12,2125.65,176429.505,2026-05-26 12:00:00
1779800400000,2125.65,2130.94,2108.24,2124.27,270201.234,2026-05-26 13:00:00
1779804000000,2124.28,2139.62,2104.07,2108.32,469558.484,2026-05-26 14:00:00
1779807600000,2108.32,2111.22,2077.0,2086.31,460443.037,2026-05-26 15:00:00
1779811200000,2086.31,2089.3,2072.09,2078.7,253941.726,2026-05-26 16:00:00
1779814800000,2078.71,2083.25,2054.0,2069.67,369613.148,2026-05-26 17:00:00
1779818400000,2069.67,2080.7,2065.37,2068.08,144863.313,2026-05-26 18:00:00
1779822000000,2068.08,2076.27,2064.62,2073.74,59412.368,2026-05-26 19:00:00
1779825600000,2073.75,2077.74,2072.91,2077.55,38498.735,2026-05-26 20:00:00
1779829200000,2077.55,2077.93,2068.3,2072.1,40572.493,2026-05-26 21:00:00
1779832800000,2072.1,2075.7,2064.82,2067.99,64187.531,2026-05-26 22:00:00
1779836400000,2068.0,2076.16,2067.99,2072.99,40710.275,2026-05-26 23:00:00
1779840000000,2073.0,2083.93,2072.68,2082.53,81870.355,2026-05-27 00:00:00
1779843600000,2082.53,2083.12,2070.52,2073.57,81730.255,2026-05-27 01:00:00
1779847200000,2073.57,2075.3,2067.81,2075.29,64222.828,2026-05-27 02:00:00
1779850800000,2075.3,2079.59,2067.77,2069.0,82867.162,2026-05-27 03:00:00
1779854400000,2069.01,2072.49,2055.31,2071.24,173711.906,2026-05-27 04:00:00
1779858000000,2071.24,2078.8,2070.54,2076.18,86616.17,2026-05-27 05:00:00
1779861600000,2076.19,2080.4,2073.74,2078.69,83955.771,2026-05-27 06:00:00
1779865200000,2078.69,2083.46,2074.39,2082.71,90098.078,2026-05-27 07:00:00
1779868800000,2082.72,2095.93,2082.49,2084.0,241406.085,2026-05-27 08:00:00
1779872400000,2084.0,2087.2,2077.44,2082.55,119247.879,2026-05-27 09:00:00
1779876000000,2082.55,2087.24,2078.3,2078.7,62538.202,2026-05-27 10:00:00
1779879600000,2078.7,2084.42,2077.34,2079.74,70232.8,2026-05-27 11:00:00
1779883200000,2079.73,2096.78,2073.27,2077.8,229907.186,2026-05-27 12:00:00
1779886800000,2077.81,2080.0,2051.0,2063.85,369920.672,2026-05-27 13:00:00
1779890400000,2063.86,2071.18,2053.9,2061.89,236254.142,2026-05-27 14:00:00
1779894000000,2061.88,2079.18,2060.4,2070.82,200436.076,2026-05-27 15:00:00
1779897600000,2070.82,2073.84,2058.79,2069.34,114730.03,2026-05-27 16:00:00
1779901200000,2069.33,2069.56,2042.9,2051.5,239810.78,2026-05-27 17:00:00
1779904800000,2051.5,2056.3,2042.44,2055.89,125663.569,2026-05-27 18:00:00
1779908400000,2055.89,2060.58,2053.49,2056.88,62985.633,2026-05-27 19:00:00
1779912000000,2056.89,2065.8,2056.52,2062.31,52753.431,2026-05-27 20:00:00
1779915600000,2062.3,2062.3,2014.34,2020.44,289294.672,2026-05-27 21:00:00
1779919200000,2020.45,2034.4,2015.0,2024.63,193527.654,2026-05-27 22:00:00
1779922800000,2024.63,2029.53,2017.2,2024.02,128356.776,2026-05-27 23:00:00
1779926400000,2024.02,2028.65,2020.0,2027.62,79586.702,2026-05-28 00:00:00
1779930000000,2027.62,2028.5,2011.23,2019.73,170209.25,2026-05-28 01:00:00
1779933600000,2019.72,2021.26,2013.76,2016.91,78771.564,2026-05-28 02:00:00
1779937200000,2016.9,2020.27,1965.28,1980.87,781860.233,2026-05-28 03:00:00
1779940800000,1980.86,1985.74,1966.05,1981.31,293065.802,2026-05-28 04:00:00
1779944400000,1981.31,1982.44,1974.6,1978.0,104716.87,2026-05-28 05:00:00
1779948000000,1977.99,1984.04,1970.8,1983.25,125377.406,2026-05-28 06:00:00
1779951600000,1983.25,1996.0,1981.51,1994.3,158647.584,2026-05-28 07:00:00
1779955200000,1994.31,1995.23,1983.76,1987.2,108565.68,2026-05-28 08:00:00
1779958800000,1987.2,1994.4,1983.02,1992.99,86322.143,2026-05-28 09:00:00
1779962400000,1993.0,1997.76,1987.05,1989.27,102463.242,2026-05-28 10:00:00
1779966000000,1989.28,1991.96,1985.31,1989.0,78171.87,2026-05-28 11:00:00
1779969600000,1989.0,1993.9,1980.07,1991.19,124095.219,2026-05-28 12:00:00
1779973200000,1991.19,1994.5,1974.1,1980.67,269312.663,2026-05-28 13:00:00
1779976800000,1980.67,2001.76,1966.01,1992.34,529452.799,2026-05-28 14:00:00
1779980400000,1992.34,1998.4,1982.7,1989.57,158895.965,2026-05-28 15:00:00
1779984000000,1989.56,2014.89,1984.0,2012.48,292041.153,2026-05-28 16:00:00
1779987600000,2012.48,2026.4,2008.02,2018.27,220509.504,2026-05-28 17:00:00
1779991200000,2018.28,2029.49,2017.0,2023.9,126418.838,2026-05-28 18:00:00
1779994800000,2023.9,2024.0,2013.09,2013.86,98187.051,2026-05-28 19:00:00
1779998400000,2013.86,2019.43,2005.65,2013.41,146193.6,2026-05-28 20:00:00
1780002000000,2013.41,2023.82,2012.63,2019.02,47383.692,2026-05-28 21:00:00
1780005600000,2019.01,2022.06,2004.02,2004.76,74990.04,2026-05-28 22:00:00
1780009200000,2004.76,2011.91,2004.75,2009.05,55671.226,2026-05-28 23:00:00
1780012800000,2009.05,2016.5,2009.05,2011.65,62152.08,2026-05-29 00:00:00
1780016400000,2011.65,2015.59,2005.1,2007.36,67144.729,2026-05-29 01:00:00
1780020000000,2007.36,2009.84,1995.89,1998.31,122202.353,2026-05-29 02:00:00
1780023600000,1998.32,2007.0,1998.32,2001.88,49447.503,2026-05-29 03:00:00
1780027200000,2001.87,2007.73,1997.4,2007.48,68464.897,2026-05-29 04:00:00
1780030800000,2007.48,2015.0,2007.02,2013.41,105330.588,2026-05-29 05:00:00
1780034400000,2013.41,2020.71,2011.07,2017.14,113969.807,2026-05-29 06:00:00
1780038000000,2017.15,2019.0,2002.51,2006.77,162266.883,2026-05-29 07:00:00
1780041600000,2006.77,2013.0,2004.65,2005.64,98288.088,2026-05-29 08:00:00
1780045200000,2005.64,2015.2,2005.3,2013.74,80896.075,2026-05-29 09:00:00
1780048800000,2013.74,2013.91,2008.45,2010.1,50377.292,2026-05-29 10:00:00
1780052400000,2010.11,2013.58,2001.2,2006.42,81535.569,2026-05-29 11:00:00
1780056000000,2006.43,2006.43,1994.01,1998.8,157354.944,2026-05-29 12:00:00
1780059600000,1998.8,2005.36,1986.68,1998.69,226781.863,2026-05-29 13:00:00
1780063200000,1998.7,2003.3,1975.35,2000.79,409336.783,2026-05-29 14:00:00
1780066800000,2000.8,2045.55,1998.25,2030.87,833691.954,2026-05-29 15:00:00
1780070400000,2030.88,2042.58,2021.21,2039.53,313227.643,2026-05-29 16:00:00
1780074000000,2039.53,2043.34,2025.11,2027.4,172206.026,2026-05-29 17:00:00
1780077600000,2027.4,2030.88,2005.0,2010.56,233888.085,2026-05-29 18:00:00
1780081200000,2010.55,2021.55,2003.56,2016.02,138456.868,2026-05-29 19:00:00
1780084800000,2016.02,2023.0,2013.64,2017.48,70099.704,2026-05-29 20:00:00
1780088400000,2017.47,2023.36,2007.0,2008.75,62261.93,2026-05-29 21:00:00
1780092000000,2008.75,2016.87,2006.8,2012.84,52665.43,2026-05-29 22:00:00
1780095600000,2012.84,2014.91,2005.43,2013.44,75095.119,2026-05-29 23:00:00
1780099200000,2013.44,2015.5,2009.66,2013.95,40126.146,2026-05-30 00:00:00
1780102800000,2013.94,2020.8,2012.6,2018.65,57344.938,2026-05-30 01:00:00
1780106400000,2018.64,2020.47,2016.1,2020.47,29276.38,2026-05-30 02:00:00
1780110000000,2020.47,2022.7,2014.0,2015.77,55852.095,2026-05-30 03:00:00
1780113600000,2015.78,2017.65,2000.78,2010.18,152314.453,2026-05-30 04:00:00
1780117200000,2010.17,2018.19,2007.16,2014.92,84542.184,2026-05-30 05:00:00
1780120800000,2014.91,2019.99,2011.67,2016.01,51289.148,2026-05-30 06:00:00
1780124400000,2016.01,2016.9,2012.52,2015.31,28661.345,2026-05-30 07:00:00
1780128000000,2015.32,2015.32,2012.77,2013.42,14974.868,2026-05-30 08:00:00
1780131600000,2013.43,2016.44,2012.88,2015.75,27206.363,2026-05-30 09:00:00
1780135200000,2015.74,2021.8,2015.4,2017.1,63535.434,2026-05-30 10:00:00
1780138800000,2017.1,2018.44,2014.22,2016.6,27479.722,2026-05-30 11:00:00
1780142400000,2016.6,2019.42,2016.09,2019.01,23992.846,2026-05-30 12:00:00
1780146000000,2019.01,2021.99,2016.33,2019.92,53090.519,2026-05-30 13:00:00
1780149600000,2019.92,2029.99,2019.47,2025.74,127695.983,2026-05-30 14:00:00
1780153200000,2025.74,2031.51,2023.16,2025.69,69181.796,2026-05-30 15:00:00
1780156800000,2025.69,2027.44,2023.58,2026.14,36517.873,2026-05-30 16:00:00
1780160400000,2026.13,2028.0,2018.58,2026.21,74218.61,2026-05-30 17:00:00
1780164000000,2026.2,2029.29,2023.62,2026.58,32629.805,2026-05-30 18:00:00
1780167600000,2026.58,2028.14,2023.89,2027.72,30254.011,2026-05-30 19:00:00
1780171200000,2027.71,2028.6,2024.79,2026.03,15889.234,2026-05-30 20:00:00
1780174800000,2026.04,2030.5,2026.03,2027.57,23060.192,2026-05-30 21:00:00
1780178400000,2027.58,2027.58,2019.74,2022.51,39304.863,2026-05-30 22:00:00
1780182000000,2022.5,2025.3,2019.2,2021.41,35843.532,2026-05-30 23:00:00
1780185600000,2021.41,2027.0,2019.75,2026.03,34731.109,2026-05-31 00:00:00
1780189200000,2026.03,2033.44,2025.66,2028.27,76421.84,2026-05-31 01:00:00
1780192800000,2028.28,2037.4,2026.89,2033.36,108186.724,2026-05-31 02:00:00
1780196400000,2033.36,2036.0,2031.05,2032.44,37589.195,2026-05-31 03:00:00
1780200000000,2032.45,2034.2,2030.36,2032.78,22227.177,2026-05-31 04:00:00
1780203600000,2032.78,2032.99,2028.44,2029.41,21778.401,2026-05-31 05:00:00
1780207200000,2029.4,2030.18,2027.68,2029.0,23478.651,2026-05-31 06:00:00
1780210800000,2029.0,2029.0,2021.66,2023.12,64527.696,2026-05-31 07:00:00
1780214400000,2023.12,2028.51,2022.0,2026.8,60907.029,2026-05-31 08:00:00
1780218000000,2026.8,2027.39,2017.5,2020.35,65855.629,2026-05-31 09:00:00
1780221600000,2020.35,2020.99,2014.01,2020.29,111333.314,2026-05-31 10:00:00
1780225200000,2020.29,2023.62,2020.06,2022.32,37575.764,2026-05-31 11:00:00
1780228800000,2022.33,2024.31,2018.22,2021.41,43857.818,2026-05-31 12:00:00
1780232400000,2021.41,2025.58,2018.56,2019.39,42031.596,2026-05-31 13:00:00
1780236000000,2019.39,2020.46,2004.5,2007.05,237627.189,2026-05-31 14:00:00
1780239600000,2007.05,2014.25,2006.29,2009.36,97494.542,2026-05-31 15:00:00
1780243200000,2009.35,2011.6,1997.02,2001.54,158686.158,2026-05-31 16:00:00
1780246800000,2001.54,2007.31,1995.89,2005.14,92836.857,2026-05-31 17:00:00
1780250400000,2005.13,2005.47,1998.28,1999.86,51928.161,2026-05-31 18:00:00
1780254000000,1999.86,2002.03,1992.27,1999.0,62983.098,2026-05-31 19:00:00
1780257600000,1999.01,2008.93,1998.96,2006.57,60970.745,2026-05-31 20:00:00
1780261200000,2006.57,2013.9,2004.35,2011.49,85947.59,2026-05-31 21:00:00
1780264800000,2011.49,2013.67,2003.16,2011.76,65375.08,2026-05-31 22:00:00
1780268400000,2011.76,2022.4,1999.12,2006.39,118615.369,2026-05-31 23:00:00
1780272000000,2006.4,2020.83,2005.33,2014.71,122505.68,2026-06-01 00:00:00
1780275600000,2014.7,2016.16,1993.5,1994.19,141544.355,2026-06-01 01:00:00
1780279200000,1994.19,2017.21,1990.03,2010.63,169563.093,2026-06-01 02:00:00
1780282800000,2010.62,2017.61,2007.62,2008.19,94776.624,2026-06-01 03:00:00
1780286400000,2008.19,2011.17,1992.98,1999.08,149980.277,2026-06-01 04:00:00
1780290000000,1999.09,2000.7,1990.62,1993.86,90111.167,2026-06-01 05:00:00
1780293600000,1993.86,1994.58,1978.9,1987.06,245111.873,2026-06-01 06:00:00
1780297200000,1987.07,1989.99,1970.12,1975.53,205205.855,2026-06-01 07:00:00
1780300800000,1975.52,1984.66,1971.17,1983.21,139287.01,2026-06-01 08:00:00
1780304400000,1983.22,1989.58,1982.89,1986.81,97918.485,2026-06-01 09:00:00
1780308000000,1986.81,1988.08,1979.61,1983.76,87259.951,2026-06-01 10:00:00
1780311600000,1983.77,1986.03,1975.36,1980.6,68322.929,2026-06-01 11:00:00
1780315200000,1980.6,1993.83,1966.0,1988.49,301308.385,2026-06-01 12:00:00
1780318800000,1988.5,1989.42,1955.0,1970.59,491476.362,2026-06-01 13:00:00
1780322400000,1970.63,1976.7,1963.5,1968.0,184575.845,2026-06-01 14:00:00
1780326000000,1967.99,1979.79,1958.87,1967.73,228833.955,2026-06-01 15:00:00
1780329600000,1967.73,1978.35,1957.01,1977.49,203173.376,2026-06-01 16:00:00
1780333200000,1977.48,1995.93,1977.02,1989.68,246110.659,2026-06-01 17:00:00
1780336800000,1989.68,1994.96,1982.54,1991.65,102337.421,2026-06-01 18:00:00
1780340400000,1991.64,2008.0,1991.0,2003.92,122192.595,2026-06-01 19:00:00
1780344000000,2003.91,2007.72,2000.0,2004.74,55435.36,2026-06-01 20:00:00
1780347600000,2004.74,2008.53,1991.33,1993.63,96112.652,2026-06-01 21:00:00
1780351200000,1993.62,2005.42,1983.53,2003.49,141570.378,2026-06-01 22:00:00
1780354800000,2003.5,2007.99,1996.7,2005.83,100034.156,2026-06-01 23:00:00
1780358400000,2005.84,2006.0,1994.23,1995.52,75020.58,2026-06-02 00:00:00
1780362000000,1995.52,1998.49,1978.41,1979.55,137772.738,2026-06-02 01:00:00
1780365600000,1979.54,1996.81,1961.89,1996.2,350800.742,2026-06-02 02:00:00
1780369200000,1996.19,2004.25,1994.25,2003.09,138330.07,2026-06-02 03:00:00
1780372800000,2003.08,2005.85,1994.58,1996.01,107043.287,2026-06-02 04:00:00
1780376400000,1996.0,2000.5,1983.55,1984.21,137444.039,2026-06-02 05:00:00
1780380000000,1984.22,1988.41,1977.09,1981.75,149248.964,2026-06-02 06:00:00
1780383600000,1981.76,1989.31,1973.1,1981.08,174887.075,2026-06-02 07:00:00
1780387200000,1981.08,1988.85,1975.75,1978.68,121703.536,2026-06-02 08:00:00
1780390800000,1978.68,1979.24,1965.89,1974.55,211981.99,2026-06-02 09:00:00
1780394400000,1974.55,1983.19,1970.7,1982.66,103014.624,2026-06-02 10:00:00
1780398000000,1982.66,1983.08,1974.74,1977.65,64699.733,2026-06-02 11:00:00
1780401600000,1977.65,1981.93,1971.18,1975.4,134079.228,2026-06-02 12:00:00
1780405200000,1975.4,1980.99,1970.02,1973.62,217871.947,2026-06-02 13:00:00
1780408800000,1973.63,1974.54,1923.56,1940.85,946493.692,2026-06-02 14:00:00
1780412400000,1940.84,1941.13,1888.0,1914.12,950258.496,2026-06-02 15:00:00
1780416000000,1914.12,1944.21,1908.78,1919.97,422353.835,2026-06-02 16:00:00
1780419600000,1919.97,1930.97,1918.47,1923.61,115514.528,2026-06-02 17:00:00
1780423200000,1923.62,1927.46,1901.3,1912.51,203952.767,2026-06-02 18:00:00
1780426800000,1912.53,1917.52,1878.32,1911.48,364457.904,2026-06-02 19:00:00
1780430400000,1911.49,1917.99,1894.52,1905.86,159554.73,2026-06-02 20:00:00
1780434000000,1905.87,1910.86,1896.2,1899.68,88035.88,2026-06-02 21:00:00
1780437600000,1899.68,1908.8,1860.41,1867.65,476535.657,2026-06-02 22:00:00
1780441200000,1867.65,1872.64,1836.93,1858.82,484688.774,2026-06-02 23:00:00
1780444800000,1858.79,1874.23,1853.01,1866.23,206699.175,2026-06-03 00:00:00
1780448400000,1866.23,1869.24,1848.16,1863.54,204431.113,2026-06-03 01:00:00
1780452000000,1863.54,1864.0,1850.4,1853.61,116879.75,2026-06-03 02:00:00
1780455600000,1853.61,1856.25,1815.08,1827.22,501628.132,2026-06-03 03:00:00
1780459200000,1827.23,1851.52,1826.76,1849.92,232990.632,2026-06-03 04:00:00
1780462800000,1849.93,1875.77,1848.65,1872.28,326169.46,2026-06-03 05:00:00
1780466400000,1872.27,1883.4,1869.11,1870.92,211926.061,2026-06-03 06:00:00
1780470000000,1870.92,1879.57,1866.8,1877.45,120852.047,2026-06-03 07:00:00
1780473600000,1877.44,1882.81,1872.3,1879.07,105050.603,2026-06-03 08:00:00
1780477200000,1879.06,1886.94,1868.53,1875.59,165056.642,2026-06-03 09:00:00
1780480800000,1875.58,1892.79,1874.07,1883.91,170759.761,2026-06-03 10:00:00
1780484400000,1883.92,1887.94,1875.44,1877.49,96504.526,2026-06-03 11:00:00
1780488000000,1877.5,1879.51,1867.06,1875.81,146129.245,2026-06-03 12:00:00
1780491600000,1875.81,1878.95,1860.55,1866.75,219287.62,2026-06-03 13:00:00
1780495200000,1866.75,1868.0,1851.79,1857.79,223838.839,2026-06-03 14:00:00
1780498800000,1857.8,1859.18,1835.18,1836.33,311045.97,2026-06-03 15:00:00
1780502400000,1836.32,1843.22,1810.36,1831.78,582498.218,2026-06-03 16:00:00
1780506000000,1831.79,1838.69,1817.13,1827.3,222676.045,2026-06-03 17:00:00
1780509600000,1827.3,1833.77,1820.56,1831.58,115651.647,2026-06-03 18:00:00
1780513200000,1831.58,1833.06,1793.7,1802.59,350088.621,2026-06-03 19:00:00
1780516800000,1802.6,1812.62,1766.0,1780.4,460564.464,2026-06-03 20:00:00
1780520400000,1780.4,1849.55,1776.6,1849.49,443204.568,2026-06-03 21:00:00
1780524000000,1849.48,1852.47,1821.61,1828.29,264237.984,2026-06-03 22:00:00
1780527600000,1828.29,1830.24,1811.05,1812.56,194412.19,2026-06-03 23:00:00
1780531200000,1812.57,1820.0,1781.35,1793.25,437735.723,2026-06-04 00:00:00
1780534800000,1793.25,1800.57,1754.3,1759.36,516932.217,2026-06-04 01:00:00
1780538400000,1759.35,1777.8,1714.94,1765.99,888481.082,2026-06-04 02:00:00
1780542000000,1766.0,1813.67,1765.54,1808.35,439063.232,2026-06-04 03:00:00
1780545600000,1808.36,1817.64,1801.47,1804.44,210279.818,2026-06-04 04:00:00
1780549200000,1804.44,1804.49,1779.0,1783.11,324324.997,2026-06-04 05:00:00
1780552800000,1783.11,1801.8,1781.17,1789.25,208864.671,2026-06-04 06:00:00
1780556400000,1789.25,1790.19,1772.35,1776.48,226744.907,2026-06-04 07:00:00
1780560000000,1776.49,1783.02,1763.0,1772.81,276215.257,2026-06-04 08:00:00
1780563600000,1772.8,1773.5,1743.79,1765.89,432059.092,2026-06-04 09:00:00
1780567200000,1765.89,1766.43,1728.94,1736.07,449754.043,2026-06-04 10:00:00
1780570800000,1736.08,1754.37,1731.8,1750.77,274665.98,2026-06-04 11:00:00
1780574400000,1750.77,1782.0,1743.59,1777.3,389947.512,2026-06-04 12:00:00
1780578000000,1777.3,1789.75,1754.45,1784.68,442144.791,2026-06-04 13:00:00
1780581600000,1784.69,1794.06,1765.35,1773.69,285354.805,2026-06-04 14:00:00
1780585200000,1773.69,1790.88,1769.21,1776.01,210680.26,2026-06-04 15:00:00
1780588800000,1776.0,1780.65,1765.0,1771.35,147472.905,2026-06-04 16:00:00
1780592400000,1771.35,1775.35,1752.27,1767.06,223725.059,2026-06-04 17:00:00
1780596000000,1767.07,1783.48,1759.02,1775.26,166537.019,2026-06-04 18:00:00
1780599600000,1775.25,1786.77,1770.07,1776.13,119345.661,2026-06-04 19:00:00
1780603200000,1776.13,1776.68,1763.0,1773.9,90746.346,2026-06-04 20:00:00
1780606800000,1773.89,1782.54,1755.62,1760.27,115191.013,2026-06-04 21:00:00
1780610400000,1760.27,1769.91,1751.47,1767.91,182576.949,2026-06-04 22:00:00
1780614000000,1767.92,1776.37,1756.5,1770.01,117316.93,2026-06-04 23:00:00
1780617600000,1770.0,1774.0,1757.6,1758.74,116389.987,2026-06-05 00:00:00
1780621200000,1758.74,1763.56,1745.3,1752.67,199562.121,2026-06-05 01:00:00
1780624800000,1752.67,1754.32,1726.54,1729.6,298409.152,2026-06-05 02:00:00
1780628400000,1729.59,1739.0,1721.31,1729.2,267892.184,2026-06-05 03:00:00
1780632000000,1729.21,1745.55,1717.0,1743.72,416794.655,2026-06-05 04:00:00
1780635600000,1743.72,1747.0,1680.08,1683.41,841642.916,2026-06-05 05:00:00
1780639200000,1683.4,1688.25,1620.06,1655.5,1336326.968,2026-06-05 06:00:00
1780642800000,1655.51,1679.35,1632.12,1678.34,536659.567,2026-06-05 07:00:00
1780646400000,1678.35,1678.79,1658.0,1662.97,243451.58,2026-06-05 08:00:00
1780650000000,1662.98,1689.42,1661.76,1681.95,297614.745,2026-06-05 09:00:00
1780653600000,1681.95,1684.35,1671.17,1675.87,143707.83,2026-06-05 10:00:00
1780657200000,1675.86,1680.89,1661.87,1662.4,176254.519,2026-06-05 11:00:00
1780660800000,1662.41,1670.93,1645.03,1656.31,426880.636,2026-06-05 12:00:00
1780664400000,1656.31,1677.0,1611.08,1613.51,756001.728,2026-06-05 13:00:00
1780668000000,1613.51,1623.34,1588.0,1599.47,1165843.424,2026-06-05 14:00:00
1780671600000,1599.47,1603.65,1570.16,1582.0,917742.065,2026-06-05 15:00:00
1780675200000,1582.0,1611.3,1545.78,1607.36,1262342.345,2026-06-05 16:00:00
1780678800000,1607.35,1611.83,1586.53,1593.19,329455.88,2026-06-05 17:00:00
1780682400000,1593.2,1597.76,1543.8,1551.95,606895.981,2026-06-05 18:00:00
1780686000000,1551.96,1579.52,1538.33,1572.85,567156.594,2026-06-05 19:00:00
1780689600000,1572.85,1607.71,1555.7,1602.51,463453.317,2026-06-05 20:00:00
1780693200000,1602.5,1618.96,1601.3,1608.88,238658.509,2026-06-05 21:00:00
1780696800000,1608.87,1609.64,1588.52,1596.61,246887.032,2026-06-05 22:00:00
1780700400000,1596.62,1603.46,1559.12,1582.49,255991.742,2026-06-05 23:00:00
1780704000000,1582.5,1600.89,1581.84,1592.14,134541.382,2026-06-06 00:00:00
1780707600000,1592.13,1595.98,1576.7,1582.15,125276.675,2026-06-06 01:00:00
1780711200000,1582.16,1584.99,1565.44,1575.2,159264.384,2026-06-06 02:00:00
1780714800000,1575.17,1575.53,1553.25,1562.28,192002.626,2026-06-06 03:00:00
1780718400000,1562.29,1569.04,1507.82,1521.28,689124.049,2026-06-06 04:00:00
1780722000000,1521.29,1568.0,1503.6,1565.74,689237.642,2026-06-06 05:00:00
1780725600000,1565.74,1580.71,1553.63,1559.23,342381.907,2026-06-06 06:00:00
1780729200000,1559.23,1579.99,1555.1,1574.25,178627.116,2026-06-06 07:00:00
1780732800000,1574.24,1592.72,1568.7,1581.65,217371.34,2026-06-06 08:00:00
1780736400000,1581.65,1587.94,1564.31,1569.84,200022.636,2026-06-06 09:00:00
1780740000000,1569.84,1569.85,1534.4,1547.36,419792.256,2026-06-06 10:00:00
1780743600000,1547.37,1566.8,1546.34,1557.93,215310.56,2026-06-06 11:00:00
1780747200000,1557.94,1576.26,1550.16,1570.51,202043.36,2026-06-06 12:00:00
1780750800000,1570.51,1572.8,1553.39,1556.54,170021.559,2026-06-06 13:00:00
1780754400000,1556.53,1566.0,1555.39,1557.13,109535.104,2026-06-06 14:00:00
1780758000000,1557.13,1565.0,1543.1,1559.65,229948.426,2026-06-06 15:00:00
1780761600000,1559.64,1565.0,1551.68,1562.84,127212.559,2026-06-06 16:00:00
1780765200000,1562.84,1565.7,1545.7,1552.31,146265.748,2026-06-06 17:00:00
1780768800000,1552.3,1565.29,1548.87,1555.84,118342.033,2026-06-06 18:00:00
1780772400000,1555.84,1562.73,1552.6,1553.62,53279.54,2026-06-06 19:00:00
1780776000000,1553.62,1559.32,1550.0,1556.68,81109.49,2026-06-06 20:00:00
1780779600000,1556.68,1564.2,1556.54,1556.95,61598.926,2026-06-06 21:00:00
1780783200000,1556.94,1561.0,1550.56,1557.25,75991.295,2026-06-06 22:00:00
1780786800000,1557.25,1569.48,1555.75,1568.62,90087.449,2026-06-06 23:00:00
1780790400000,1568.62,1571.92,1563.03,1564.01,90903.913,2026-06-07 00:00:00
1780794000000,1564.01,1595.94,1563.26,1589.12,317765.496,2026-06-07 01:00:00
1780797600000,1589.12,1594.74,1581.26,1591.43,135106.675,2026-06-07 02:00:00
1780801200000,1591.43,1600.0,1588.33,1593.75,143141.625,2026-06-07 03:00:00
1780804800000,1593.75,1598.24,1583.66,1595.79,129588.092,2026-06-07 04:00:00
1780808400000,1595.79,1609.83,1592.14,1602.84,263948.62,2026-06-07 05:00:00
1780812000000,1602.84,1622.73,1597.19,1610.67,360178.836,2026-06-07 06:00:00
1780815600000,1610.68,1616.75,1606.49,1614.48,131472.868,2026-06-07 07:00:00
1780819200000,1614.48,1642.0,1607.5,1640.63,423957.703,2026-06-07 08:00:00
1780822800000,1640.63,1647.65,1627.05,1632.37,295625.805,2026-06-07 09:00:00
1780826400000,1632.37,1634.86,1623.42,1625.0,151038.906,2026-06-07 10:00:00
1780830000000,1625.0,1633.38,1621.25,1629.16,132040.564,2026-06-07 11:00:00
1780833600000,1629.16,1630.4,1605.13,1619.05,401940.298,2026-06-07 12:00:00
1780837200000,1619.04,1621.95,1612.2,1616.28,116467.125,2026-06-07 13:00:00
1780840800000,1616.27,1639.64,1615.63,1627.03,299920.295,2026-06-07 14:00:00
1780844400000,1627.04,1635.44,1620.0,1629.19,161819.534,2026-06-07 15:00:00
1780848000000,1629.19,1632.91,1622.3,1627.63,104826.605,2026-06-07 16:00:00
1780851600000,1627.64,1636.9,1626.57,1630.26,97103.118,2026-06-07 17:00:00
1780855200000,1630.27,1635.71,1627.6,1629.32,75161.165,2026-06-07 18:00:00
1780858800000,1629.33,1629.54,1602.0,1611.89,299470.293,2026-06-07 19:00:00
1780862400000,1611.88,1630.87,1608.11,1626.95,132469.179,2026-06-07 20:00:00
1780866000000,1626.96,1633.9,1622.6,1633.83,50837.116,2026-06-07 21:00:00
1780869600000,1633.83,1723.22,1628.06,1671.76,772092.12,2026-06-07 22:00:00
1780873200000,1671.77,1692.0,1669.86,1689.63,165294.027,2026-06-07 23:00:00
1780876800000,1689.62,1711.31,1682.3,1696.72,263601.349,2026-06-08 00:00:00
1780880400000,1696.71,1699.5,1670.31,1686.24,238291.807,2026-06-08 01:00:00
1780884000000,1686.25,1688.58,1675.91,1682.87,105215.9,2026-06-08 02:00:00
1780887600000,1682.88,1692.3,1676.01,1678.88,120624.651,2026-06-08 03:00:00
1780891200000,1678.89,1680.0,1654.72,1656.08,256801.38,2026-06-08 04:00:00
1780894800000,1656.01,1659.0,1643.54,1652.86,236419.976,2026-06-08 05:00:00
1780898400000,1652.86,1669.1,1651.69,1665.64,208307.272,2026-06-08 06:00:00
1780902000000,1665.64,1678.53,1660.61,1672.59,195654.817,2026-06-08 07:00:00
1780905600000,1672.58,1672.58,1656.18,1660.26,155543.656,2026-06-08 08:00:00
1780909200000,1660.26,1671.56,1656.24,1669.92,176343.24,2026-06-08 09:00:00
1780912800000,1669.93,1676.58,1660.58,1671.49,152703.684,2026-06-08 10:00:00
1780916400000,1671.48,1696.28,1666.56,1682.78,350245.285,2026-06-08 11:00:00
1780920000000,1682.77,1697.74,1665.0,1694.31,396991.602,2026-06-08 12:00:00
1780923600000,1694.31,1695.96,1677.39,1680.78,257450.356,2026-06-08 13:00:00
1780927200000,1680.77,1693.64,1675.8,1690.41,168728.924,2026-06-08 14:00:00
1780930800000,1690.42,1705.68,1687.5,1690.66,299722.092,2026-06-08 15:00:00
1780934400000,1690.66,1702.88,1681.45,1681.5,197719.575,2026-06-08 16:00:00
1780938000000,1681.5,1686.99,1673.99,1685.53,186045.457,2026-06-08 17:00:00
1780941600000,1685.53,1691.64,1677.6,1683.45,104533.216,2026-06-08 18:00:00
1780945200000,1683.45,1689.83,1680.2,1683.65,102031.195,2026-06-08 19:00:00
1780948800000,1683.66,1688.59,1677.04,1688.58,78031.318,2026-06-08 20:00:00
1780952400000,1688.59,1713.59,1688.59,1702.44,176039.647,2026-06-08 21:00:00
1780956000000,1702.44,1703.27,1687.21,1702.21,125299.928,2026-06-08 22:00:00
1780959600000,1702.2,1713.69,1685.28,1689.19,164434.826,2026-06-08 23:00:00
1780963200000,1689.18,1695.89,1657.6,1662.16,386728.817,2026-06-09 00:00:00
1780966800000,1662.15,1673.18,1657.64,1667.96,144289.569,2026-06-09 01:00:00
1780970400000,1667.95,1671.61,1653.6,1667.17,143467.591,2026-06-09 02:00:00
1780974000000,1667.16,1670.87,1662.9,1668.47,101625.369,2026-06-09 03:00:00
1780977600000,1668.46,1695.62,1663.27,1685.4,305701.894,2026-06-09 04:00:00
1780981200000,1685.4,1694.48,1680.5,1687.42,130079.625,2026-06-09 05:00:00
1780984800000,1687.42,1694.93,1682.66,1684.99,116883.507,2026-06-09 06:00:00
1780988400000,1684.99,1690.79,1673.22,1679.15,146552.89,2026-06-09 07:00:00
1780992000000,1679.16,1679.83,1667.34,1674.26,159503.714,2026-06-09 08:00:00
1780995600000,1674.25,1679.29,1664.0,1669.62,124651.65,2026-06-09 09:00:00
1780999200000,1669.61,1675.9,1666.01,1673.58,80571.007,2026-06-09 10:00:00
1781002800000,1673.58,1674.61,1665.01,1670.78,81183.505,2026-06-09 11:00:00
1781006400000,1670.77,1684.15,1670.14,1675.78,172402.701,2026-06-09 12:00:00
1781010000000,1675.79,1679.66,1662.56,1665.83,229066.949,2026-06-09 13:00:00
1781013600000,1665.82,1670.14,1631.88,1645.08,644414.526,2026-06-09 14:00:00
1781017200000,1645.08,1653.57,1633.9,1635.64,332230.095,2026-06-09 15:00:00
1781020800000,1635.63,1638.72,1612.68,1631.33,553066.351,2026-06-09 16:00:00
1781024400000,1631.33,1648.89,1631.33,1642.0,271127.71,2026-06-09 17:00:00
1781028000000,1642.0,1655.3,1638.96,1651.41,143183.766,2026-06-09 18:00:00
1781031600000,1651.42,1657.82,1646.72,1656.53,112190.016,2026-06-09 19:00:00
1781035200000,1656.53,1662.8,1654.47,1659.98,97751.059,2026-06-09 20:00:00
1781038800000,1659.97,1660.97,1646.35,1649.58,67550.486,2026-06-09 21:00:00
1781042400000,1649.59,1654.26,1638.05,1639.01,84953.595,2026-06-09 22:00:00
1781046000000,1639.01,1642.0,1629.0,1638.8,115981.538,2026-06-09 23:00:00
1781049600000,1638.81,1646.31,1628.3,1644.86,132318.332,2026-06-10 00:00:00
1781053200000,1644.86,1646.29,1632.46,1638.3,103135.393,2026-06-10 01:00:00
1781056800000,1638.3,1641.79,1620.5,1623.3,174973.852,2026-06-10 02:00:00
1781060400000,1623.3,1635.89,1622.61,1629.84,107096.118,2026-06-10 03:00:00
1781064000000,1629.83,1632.21,1621.2,1625.27,94906.806,2026-06-10 04:00:00
1781067600000,1625.28,1629.36,1615.23,1627.31,151931.643,2026-06-10 05:00:00
1781071200000,1627.32,1633.64,1621.75,1631.07,105030.722,2026-06-10 06:00:00
1781074800000,1631.07,1643.68,1629.87,1639.41,135624.067,2026-06-10 07:00:00
1781078400000,1639.42,1640.0,1617.19,1620.56,201634.017,2026-06-10 08:00:00
1781082000000,1620.56,1626.52,1605.0,1622.94,302761.37,2026-06-10 09:00:00
1781085600000,1622.93,1629.37,1617.12,1627.39,101167.934,2026-06-10 10:00:00
1781089200000,1627.4,1629.26,1610.41,1619.07,245657.867,2026-06-10 11:00:00
1781092800000,1619.08,1645.0,1614.7,1634.31,401068.03,2026-06-10 12:00:00
1781096400000,1634.3,1667.6,1630.64,1650.96,456367.554,2026-06-10 13:00:00
1781100000000,1650.96,1654.9,1636.33,1645.84,326232.463,2026-06-10 14:00:00
1781103600000,1645.85,1664.88,1635.17,1657.12,372039.803,2026-06-10 15:00:00
1781107200000,1657.11,1658.13,1631.34,1641.43,248652.345,2026-06-10 16:00:00
1781110800000,1641.43,1646.8,1621.68,1631.52,295889.723,2026-06-10 17:00:00
1781114400000,1631.52,1636.82,1621.65,1630.18,138078.059,2026-06-10 18:00:00
1781118000000,1630.19,1632.86,1622.19,1629.4,92679.526,2026-06-10 19:00:00
1781121600000,1629.4,1635.5,1622.47,1629.55,88577.502,2026-06-10 20:00:00
1781125200000,1629.56,1629.69,1601.29,1610.31,212686.389,2026-06-10 21:00:00
1781128800000,1610.31,1621.3,1603.28,1615.57,133424.955,2026-06-10 22:00:00
1781132400000,1615.58,1624.72,1608.14,1620.59,111111.863,2026-06-10 23:00:00
1781136000000,1620.6,1633.75,1620.6,1627.59,124721.526,2026-06-11 00:00:00
1781139600000,1627.58,1646.97,1627.49,1641.99,155872.842,2026-06-11 01:00:00
1781143200000,1642.0,1645.18,1629.52,1639.99,134828.842,2026-06-11 02:00:00
1781146800000,1639.99,1662.0,1634.88,1652.99,229265.058,2026-06-11 03:00:00
1781150400000,1652.99,1658.7,1648.7,1655.91,105999.661,2026-06-11 04:00:00
1781154000000,1655.91,1656.0,1646.35,1647.02,79822.841,2026-06-11 05:00:00
1781157600000,1647.04,1662.42,1645.12,1653.84,173496.523,2026-06-11 06:00:00
1781161200000,1653.84,1657.58,1650.6,1653.39,75178.857,2026-06-11 07:00:00
1781164800000,1653.38,1663.64,1653.38,1658.92,112979.683,2026-06-11 08:00:00
1781168400000,1658.92,1661.2,1655.32,1658.06,69636.612,2026-06-11 09:00:00
1781172000000,1658.05,1660.71,1652.89,1657.73,92910.985,2026-06-11 10:00:00
1781175600000,1657.72,1673.64,1654.7,1665.84,221997.474,2026-06-11 11:00:00
1781179200000,1665.83,1665.99,1641.67,1650.77,330281.033,2026-06-11 12:00:00
1781182800000,1650.77,1658.99,1643.16,1652.64,202915.227,2026-06-11 13:00:00
1781186400000,1652.64,1654.64,1638.0,1642.03,275765.995,2026-06-11 14:00:00
1781190000000,1642.03,1650.0,1635.22,1644.72,176725.275,2026-06-11 15:00:00
1781193600000,1644.72,1648.8,1637.2,1638.88,138874.3,2026-06-11 16:00:00
1781197200000,1638.88,1692.8,1631.29,1687.74,744128.461,2026-06-11 17:00:00
1781200800000,1687.75,1691.0,1676.08,1683.0,238478.97,2026-06-11 18:00:00
1781204400000,1683.0,1694.32,1675.15,1680.32,197888.915,2026-06-11 19:00:00
1781208000000,1680.32,1682.22,1666.41,1671.52,138846.624,2026-06-11 20:00:00
1781211600000,1671.52,1682.59,1671.36,1676.26,69477.67,2026-06-11 21:00:00
1781215200000,1676.26,1682.36,1674.12,1675.01,54908.965,2026-06-11 22:00:00
1781218800000,1675.01,1678.52,1669.2,1672.67,64028.536,2026-06-11 23:00:00
1781222400000,1672.67,1677.14,1668.84,1671.78,65290.213,2026-06-12 00:00:00
1781226000000,1671.78,1671.96,1658.5,1666.35,110850.417,2026-06-12 01:00:00
1781229600000,1666.35,1677.75,1666.02,1674.84,87376.577,2026-06-12 02:00:00
1781233200000,1674.84,1675.8,1667.56,1672.36,53063.037,2026-06-12 03:00:00
1781236800000,1672.36,1680.91,1668.12,1676.4,81859.957,2026-06-12 04:00:00
1781240400000,1676.4,1677.0,1661.03,1663.4,133092.538,2026-06-12 05:00:00
1781244000000,1663.39,1666.09,1651.02,1656.55,179435.552,2026-06-12 06:00:00
1781247600000,1656.54,1663.98,1655.24,1661.08,91698.582,2026-06-12 07:00:00
1781251200000,1661.08,1677.78,1661.04,1672.35,187016.036,2026-06-12 08:00:00
1781254800000,1672.32,1684.76,1670.23,1679.02,156324.484,2026-06-12 09:00:00
1781258400000,1679.03,1682.5,1670.6,1673.9,104844.526,2026-06-12 10:00:00
1781262000000,1673.9,1677.73,1671.1,1672.76,56052.117,2026-06-12 11:00:00
1781265600000,1672.77,1672.77,1662.07,1665.71,131863.246,2026-06-12 12:00:00
1781269200000,1665.71,1668.0,1652.52,1656.65,247241.271,2026-06-12 13:00:00
1781272800000,1656.66,1685.31,1655.14,1684.79,357591.725,2026-06-12 14:00:00
1781276400000,1684.79,1690.63,1657.47,1659.39,470768.778,2026-06-12 15:00:00
1781280000000,1659.39,1675.37,1656.47,1672.19,226954.484,2026-06-12 16:00:00
1781283600000,1672.19,1677.45,1666.54,1668.17,96562.258,2026-06-12 17:00:00
1781287200000,1668.17,1672.88,1662.64,1666.02,105178.492,2026-06-12 18:00:00
1781290800000,1666.02,1671.66,1663.87,1665.12,78008.232,2026-06-12 19:00:00
1781294400000,1665.13,1667.21,1661.12,1664.13,46232.468,2026-06-12 20:00:00
1781298000000,1664.14,1667.19,1662.28,1663.27,30396.676,2026-06-12 21:00:00
1781301600000,1663.26,1666.6,1660.53,1661.65,36232.746,2026-06-12 22:00:00
1781305200000,1661.65,1665.83,1657.77,1665.58,40643.185,2026-06-12 23:00:00
1781308800000,1665.58,1668.42,1664.35,1666.58,48223.686,2026-06-13 00:00:00
1781312400000,1666.59,1675.8,1665.78,1673.19,72352.098,2026-06-13 01:00:00
1781316000000,1673.2,1673.68,1664.17,1667.23,60133.358,2026-06-13 02:00:00
1781319600000,1667.22,1668.88,1662.04,1664.36,43336.217,2026-06-13 03:00:00
1781323200000,1664.35,1667.5,1662.6,1663.65,44814.848,2026-06-13 04:00:00
1781326800000,1663.65,1664.95,1661.3,1664.49,31817.959,2026-06-13 05:00:00
1781330400000,1664.49,1669.39,1663.0,1668.86,33256.605,2026-06-13 06:00:00
1781334000000,1668.86,1676.96,1667.44,1675.34,108509.651,2026-06-13 07:00:00
1781337600000,1675.34,1679.5,1672.26,1673.46,114557.882,2026-06-13 08:00:00
1781341200000,1673.45,1675.45,1671.6,1672.69,35150.489,2026-06-13 09:00:00
1781344800000,1672.7,1675.72,1671.9,1673.2,32953.693,2026-06-13 10:00:00
1781348400000,1673.23,1677.76,1672.36,1677.39,50399.021,2026-06-13 11:00:00
1781352000000,1677.38,1683.0,1676.0,1679.69,72410.405,2026-06-13 12:00:00
1781355600000,1679.7,1680.64,1675.66,1677.13,65243.246,2026-06-13 13:00:00
1781359200000,1677.13,1680.77,1676.57,1679.05,38658.772,2026-06-13 14:00:00
1781362800000,1679.06,1686.74,1677.57,1681.32,111192.459,2026-06-13 15:00:00
1781366400000,1681.32,1682.08,1670.39,1676.03,167343.365,2026-06-13 16:00:00
1781370000000,1676.03,1677.79,1672.36,1673.51,47173.951,2026-06-13 17:00:00
1781373600000,1673.5,1681.85,1673.3,1677.61,51174.21,2026-06-13 18:00:00
1781377200000,1677.6,1679.52,1674.83,1677.44,22895.35,2026-06-13 19:00:00
1781380800000,1677.45,1677.56,1674.18,1675.77,22907.353,2026-06-13 20:00:00
1781384400000,1675.77,1697.4,1673.83,1685.69,112056.878,2026-06-13 21:00:00
1781388000000,1685.68,1685.94,1680.46,1680.61,39718.889,2026-06-13 22:00:00
1781391600000,1680.61,1683.63,1677.0,1680.35,38033.786,2026-06-13 23:00:00
1781395200000,1680.36,1682.75,1677.88,1681.36,34717.651,2026-06-14 00:00:00
1781398800000,1681.35,1690.81,1679.35,1683.02,63595.512,2026-06-14 01:00:00
1781402400000,1683.03,1685.0,1680.59,1681.51,37525.834,2026-06-14 02:00:00
1781406000000,1681.51,1682.48,1679.0,1680.86,38827.184,2026-06-14 03:00:00
1781409600000,1680.85,1681.86,1675.01,1677.11,53614.132,2026-06-14 04:00:00
1781413200000,1677.11,1678.35,1672.62,1677.32,53351.714,2026-06-14 05:00:00
1781416800000,1677.33,1681.56,1674.56,1675.68,73552.445,2026-06-14 06:00:00
1781420400000,1675.68,1677.0,1673.0,1675.11,47066.576,2026-06-14 07:00:00
1781424000000,1675.11,1677.98,1673.68,1674.8,38771.079,2026-06-14 08:00:00
1781427600000,1674.8,1678.27,1667.45,1677.44,148717.599,2026-06-14 09:00:00
1781431200000,1677.44,1677.86,1672.32,1672.38,38285.261,2026-06-14 10:00:00
1781434800000,1672.37,1676.52,1671.61,1672.93,31441.849,2026-06-14 11:00:00
1781438400000,1672.94,1673.86,1664.14,1666.23,112834.396,2026-06-14 12:00:00
1781442000000,1666.22,1668.99,1663.12,1665.82,73965.249,2026-06-14 13:00:00
1781445600000,1665.82,1669.45,1653.61,1658.8,200943.249,2026-06-14 14:00:00
1781449200000,1658.79,1664.0,1658.68,1662.09,83748.051,2026-06-14 15:00:00
1781452800000,1662.09,1667.73,1658.56,1660.64,85368.472,2026-06-14 16:00:00
1781456400000,1660.63,1666.0,1660.01,1661.53,68208.026,2026-06-14 17:00:00
1781460000000,1661.54,1662.88,1658.06,1661.27,38147.715,2026-06-14 18:00:00
1781463600000,1661.26,1667.43,1660.28,1664.71,30811.044,2026-06-14 19:00:00
1781467200000,1664.71,1673.42,1661.78,1669.45,63972.155,2026-06-14 20:00:00
1781470800000,1669.44,1731.8,1668.89,1717.88,579254.655,2026-06-14 21:00:00
1781474400000,1717.89,1728.35,1710.75,1721.66,230818.411,2026-06-14 22:00:00
1781478000000,1721.66,1725.4,1715.54,1724.6,131059.898,2026-06-14 23:00:00
1781481600000,1724.6,1733.0,1718.81,1720.05,146276.79,2026-06-15 00:00:00
1781485200000,1720.05,1721.68,1708.54,1715.08,161504.996,2026-06-15 01:00:00
1781488800000,1715.08,1726.22,1713.35,1716.0,83420.713,2026-06-15 02:00:00
1781492400000,1716.0,1723.55,1714.74,1720.03,73865.01,2026-06-15 03:00:00
1781496000000,1720.04,1723.34,1715.15,1716.37,91791.217,2026-06-15 04:00:00
1781499600000,1716.37,1722.0,1715.25,1719.79,62656.997,2026-06-15 05:00:00
1781503200000,1719.8,1722.78,1717.49,1719.05,62909.035,2026-06-15 06:00:00
1781506800000,1719.06,1723.0,1715.56,1715.57,91913.262,2026-06-15 07:00:00
1781510400000,1715.58,1721.22,1714.8,1719.49,54294.847,2026-06-15 08:00:00
1781514000000,1719.49,1726.59,1711.34,1717.79,147894.279,2026-06-15 09:00:00
1781517600000,1717.8,1749.75,1717.28,1736.49,346621.881,2026-06-15 10:00:00
1781521200000,1736.5,1771.13,1733.18,1763.63,558332.054,2026-06-15 11:00:00
1781524800000,1763.63,1776.88,1759.27,1776.39,309601.029,2026-06-15 12:00:00
1781528400000,1776.4,1826.82,1773.33,1813.16,991022.612,2026-06-15 13:00:00
1781532000000,1813.17,1817.68,1803.44,1813.69,269353.309,2026-06-15 14:00:00
1781535600000,1813.69,1848.65,1812.25,1844.62,526394.897,2026-06-15 15:00:00
1781539200000,1844.61,1846.49,1836.56,1841.84,259687.968,2026-06-15 16:00:00
1781542800000,1841.84,1841.85,1822.59,1828.3,319503.965,2026-06-15 17:00:00
1781546400000,1828.29,1834.96,1824.75,1827.2,120870.234,2026-06-15 18:00:00
1781550000000,1827.21,1833.63,1810.3,1820.85,287671.018,2026-06-15 19:00:00
1781553600000,1820.83,1826.12,1814.3,1816.25,98496.744,2026-06-15 20:00:00
1781557200000,1816.25,1822.1,1808.58,1810.6,88370.325,2026-06-15 21:00:00
1781560800000,1810.6,1812.69,1786.0,1788.62,272108.119,2026-06-15 22:00:00
1781564400000,1788.62,1797.0,1781.59,1795.01,158296.063,2026-06-15 23:00:00
1781568000000,1795.01,1802.73,1787.29,1788.59,154478.487,2026-06-16 00:00:00
1781571600000,1788.59,1796.58,1788.13,1791.25,95604.286,2026-06-16 01:00:00
1781575200000,1791.25,1793.23,1766.15,1769.33,318220.342,2026-06-16 02:00:00
1781578800000,1769.32,1779.83,1763.65,1778.16,194930.216,2026-06-16 03:00:00
1781582400000,1778.16,1782.81,1757.2,1759.81,256370.256,2026-06-16 04:00:00
1781586000000,1759.8,1765.4,1759.5,1761.3,110918.078,2026-06-16 05:00:00
1781589600000,1761.29,1773.5,1761.29,1770.47,153222.776,2026-06-16 06:00:00
1781593200000,1770.48,1775.77,1768.0,1773.18,102441.061,2026-06-16 07:00:00
1781596800000,1773.18,1807.46,1772.09,1802.23,403313.537,2026-06-16 08:00:00
1781600400000,1802.23,1805.0,1786.14,1788.7,256291.204,2026-06-16 09:00:00
1781604000000,1788.71,1799.94,1787.67,1793.16,147580.743,2026-06-16 10:00:00
1781607600000,1793.17,1799.69,1790.21,1798.88,99441.122,2026-06-16 11:00:00
1781611200000,1798.88,1838.88,1795.75,1813.92,623194.28,2026-06-16 12:00:00
1781614800000,1813.93,1816.43,1790.17,1797.09,364334.991,2026-06-16 13:00:00
1781618400000,1797.1,1804.93,1762.53,1779.66,570808.955,2026-06-16 14:00:00
1781622000000,1779.66,1787.67,1773.76,1781.5,244433.65,2026-06-16 15:00:00
1781625600000,1781.5,1784.86,1772.01,1776.99,126418.318,2026-06-16 16:00:00
1781629200000,1777.0,1798.95,1776.5,1794.34,173367.65,2026-06-16 17:00:00
1781632800000,1794.35,1808.0,1791.64,1798.58,211499.681,2026-06-16 18:00:00
1781636400000,1798.57,1800.71,1789.01,1794.46,120694.86,2026-06-16 19:00:00
1781640000000,1794.46,1797.98,1788.12,1796.98,70450.6,2026-06-16 20:00:00
1781643600000,1796.97,1799.81,1789.3,1795.5,61585.452,2026-06-16 21:00:00
1781647200000,1795.49,1798.88,1790.22,1795.49,56547.606,2026-06-16 22:00:00
1781650800000,1795.49,1798.29,1790.28,1792.41,43509.795,2026-06-16 23:00:00
1781654400000,1792.41,1798.29,1791.21,1793.38,68271.156,2026-06-17 00:00:00
1781658000000,1793.38,1798.0,1778.03,1796.87,219000.805,2026-06-17 01:00:00
1781661600000,1796.88,1809.78,1787.5,1794.87,215078.059,2026-06-17 02:00:00
1781665200000,1794.87,1796.44,1786.3,1792.8,81467.456,2026-06-17 03:00:00
1781668800000,1792.8,1802.86,1791.33,1793.49,82433.466,2026-06-17 04:00:00
1781672400000,1793.5,1798.55,1788.07,1793.15,67128.818,2026-06-17 05:00:00
1781676000000,1793.16,1796.27,1785.36,1789.67,93892.446,2026-06-17 06:00:00
1781679600000,1789.66,1791.77,1778.1,1784.23,138336.838,2026-06-17 07:00:00
1781683200000,1784.23,1785.57,1759.08,1764.73,314018.404,2026-06-17 08:00:00
1781686800000,1764.74,1777.5,1764.21,1772.21,158430.976,2026-06-17 09:00:00
1781690400000,1772.21,1775.2,1765.09,1767.52,86251.606,2026-06-17 10:00:00
1781694000000,1767.52,1770.0,1758.32,1763.33,175317.357,2026-06-17 11:00:00
1781697600000,1763.34,1765.33,1742.02,1758.45,402481.167,2026-06-17 12:00:00
1781701200000,1758.45,1771.35,1753.7,1760.01,302421.206,2026-06-17 13:00:00
1781704800000,1760.0,1764.81,1739.5,1754.02,360674.913,2026-06-17 14:00:00
1781708400000,1754.02,1777.11,1750.0,1772.25,290844.429,2026-06-17 15:00:00
1781712000000,1772.24,1791.17,1768.19,1771.05,335595.456,2026-06-17 16:00:00
1781715600000,1771.05,1795.52,1766.33,1788.32,195175.515,2026-06-17 17:00:00
1781719200000,1788.31,1788.65,1745.03,1769.42,757988.378,2026-06-17 18:00:00
1781722800000,1769.41,1775.03,1728.0,1734.05,557353.893,2026-06-17 19:00:00
1781726400000,1734.06,1747.2,1732.31,1746.49,154518.455,2026-06-17 20:00:00
1781730000000,1746.49,1747.2,1735.47,1738.1,61851.711,2026-06-17 21:00:00
1781733600000,1738.1,1745.83,1724.83,1739.5,140125.935,2026-06-17 22:00:00
1781737200000,1739.51,1752.0,1739.14,1749.66,71836.413,2026-06-17 23:00:00
1781740800000,1749.67,1758.98,1749.23,1752.22,102379.392,2026-06-18 00:00:00
1781744400000,1752.22,1762.41,1751.95,1754.27,101427.336,2026-06-18 01:00:00
1781748000000,1754.27,1758.42,1749.4,1755.0,91770.481,2026-06-18 02:00:00
1781751600000,1755.0,1755.42,1740.31,1743.38,120125.589,2026-06-18 03:00:00
1781755200000,1743.38,1745.09,1728.69,1729.66,213277.773,2026-06-18 04:00:00
1781758800000,1729.67,1732.6,1721.21,1730.23,196305.497,2026-06-18 05:00:00
1781762400000,1730.23,1735.99,1724.69,1734.77,126894.015,2026-06-18 06:00:00
1781766000000,1734.78,1752.5,1732.03,1748.69,201920.13,2026-06-18 07:00:00
1781769600000,1748.69,1753.67,1745.12,1747.11,146904.713,2026-06-18 08:00:00
1781773200000,1747.11,1751.24,1741.46,1745.25,120850.84,2026-06-18 09:00:00
1781776800000,1745.26,1752.35,1738.48,1746.27,152094.266,2026-06-18 10:00:00
1781780400000,1746.26,1748.74,1738.1,1742.31,111613.885,2026-06-18 11:00:00
1781784000000,1742.31,1752.39,1740.7,1749.24,103988.826,2026-06-18 12:00:00
1781787600000,1749.24,1751.49,1727.7,1735.97,273201.231,2026-06-18 13:00:00
1781791200000,1735.97,1744.99,1728.68,1738.77,233497.711,2026-06-18 14:00:00
1781794800000,1738.77,1739.4,1677.01,1681.39,947335.091,2026-06-18 15:00:00
1781798400000,1681.39,1692.52,1679.43,1686.08,314849.544,2026-06-18 16:00:00
1781802000000,1686.08,1686.81,1670.38,1678.56,283025.157,2026-06-18 17:00:00
1781805600000,1678.55,1688.51,1675.42,1684.4,139056.945,2026-06-18 18:00:00
1781809200000,1684.41,1707.0,1681.76,1704.67,196090.391,2026-06-18 19:00:00
1781812800000,1704.67,1717.0,1704.67,1709.75,181346.849,2026-06-18 20:00:00
1781816400000,1709.76,1711.15,1700.71,1707.47,84748.692,2026-06-18 21:00:00
1781820000000,1707.46,1707.92,1698.0,1705.91,60799.317,2026-06-18 22:00:00
1781823600000,1705.9,1711.7,1702.0,1710.14,69729.418,2026-06-18 23:00:00
1781827200000,1710.15,1715.36,1707.72,1712.88,78751.801,2026-06-19 00:00:00
1781830800000,1712.88,1718.61,1705.04,1712.6,89763.776,2026-06-19 01:00:00
1781834400000,1712.6,1714.46,1700.04,1706.11,100032.477,2026-06-19 02:00:00
1781838000000,1706.11,1707.3,1681.1,1696.57,301135.399,2026-06-19 03:00:00
1781841600000,1696.56,1702.28,1685.0,1688.72,145134.794,2026-06-19 04:00:00
1781845200000,1688.73,1696.86,1688.5,1696.5,80495.483,2026-06-19 05:00:00
1781848800000,1696.5,1702.99,1695.13,1699.37,92570.855,2026-06-19 06:00:00
1781852400000,1699.36,1700.25,1689.11,1695.0,119587.756,2026-06-19 07:00:00
1781856000000,1695.0,1698.5,1692.56,1697.27,60779.945,2026-06-19 08:00:00
1781859600000,1697.28,1699.25,1687.66,1688.47,100436.359,2026-06-19 09:00:00
1781863200000,1688.48,1693.88,1685.77,1691.74,89066.563,2026-06-19 10:00:00
1781866800000,1691.73,1693.68,1688.0,1691.03,55975.376,2026-06-19 11:00:00
1781870400000,1691.04,1695.45,1678.24,1694.6,229075.472,2026-06-19 12:00:00
1781874000000,1694.61,1710.99,1686.79,1702.49,301569.238,2026-06-19 13:00:00
1781877600000,1702.49,1709.14,1695.5,1705.96,159869.425,2026-06-19 14:00:00
1781881200000,1705.96,1711.81,1697.14,1706.7,150381.814,2026-06-19 15:00:00
1781884800000,1706.68,1711.0,1693.84,1695.84,129103.961,2026-06-19 16:00:00
1781888400000,1695.84,1705.97,1692.57,1703.74,129409.166,2026-06-19 17:00:00
1781892000000,1703.74,1704.6,1697.38,1701.88,43335.182,2026-06-19 18:00:00
1781895600000,1701.88,1703.75,1697.2,1700.33,31856.756,2026-06-19 19:00:00
1781899200000,1700.33,1708.72,1697.73,1707.99,45707.462,2026-06-19 20:00:00
1781902800000,1707.99,1708.0,1700.39,1700.99,33714.424,2026-06-19 21:00:00
1781906400000,1700.99,1710.2,1699.2,1706.77,47037.06,2026-06-19 22:00:00
1781910000000,1706.78,1714.88,1704.01,1710.09,54829.05,2026-06-19 23:00:00
1781913600000,1710.09,1718.0,1707.44,1707.84,101453.011,2026-06-20 00:00:00
1781917200000,1707.84,1712.67,1705.41,1708.94,53973.377,2026-06-20 01:00:00
1781920800000,1708.94,1709.67,1703.0,1703.86,51186.523,2026-06-20 02:00:00
1781924400000,1703.86,1708.5,1703.6,1707.43,22883.216,2026-06-20 03:00:00
1781928000000,1707.44,1715.0,1705.72,1712.69,76788.106,2026-06-20 04:00:00
1781931600000,1712.69,1734.46,1711.43,1725.24,278299.333,2026-06-20 05:00:00
1781935200000,1725.25,1728.97,1723.0,1726.66,68900.343,2026-06-20 06:00:00
1781938800000,1726.66,1728.79,1722.01,1724.94,61277.921,2026-06-20 07:00:00
1781942400000,1724.93,1726.05,1720.33,1722.12,69309.101,2026-06-20 08:00:00
1781946000000,1722.12,1729.53,1722.12,1727.58,68418.871,2026-06-20 09:00:00
1781949600000,1727.59,1728.75,1724.56,1726.79,38794.213,2026-06-20 10:00:00
1781953200000,1726.8,1731.61,1724.77,1726.21,51950.432,2026-06-20 11:00:00
1781956800000,1726.2,1729.5,1722.59,1726.08,61515.961,2026-06-20 12:00:00
1781960400000,1726.08,1726.46,1711.67,1716.44,182257.749,2026-06-20 13:00:00
1781964000000,1716.44,1746.77,1707.01,1732.89,388779.489,2026-06-20 14:00:00
1781967600000,1732.89,1749.99,1728.72,1739.99,284447.709,2026-06-20 15:00:00
1781971200000,1739.99,1740.32,1730.08,1733.18,96008.979,2026-06-20 16:00:00
1781974800000,1733.18,1733.25,1720.17,1725.94,113062.471,2026-06-20 17:00:00
1781978400000,1725.94,1731.29,1725.06,1725.76,48867.424,2026-06-20 18:00:00
1781982000000,1725.76,1729.26,1724.06,1728.29,53530.504,2026-06-20 19:00:00
1781985600000,1728.29,1730.46,1725.5,1729.95,24376.762,2026-06-20 20:00:00
1781989200000,1729.95,1738.25,1729.36,1734.67,61282.988,2026-06-20 21:00:00
1781992800000,1734.67,1745.64,1732.23,1742.42,109940.105,2026-06-20 22:00:00
1781996400000,1742.43,1742.97,1739.5,1739.91,52588.507,2026-06-20 23:00:00
1782000000000,1739.9,1740.06,1735.03,1736.87,48890.265,2026-06-21 00:00:00
1782003600000,1736.88,1739.27,1733.29,1735.95,41223.603,2026-06-21 01:00:00
1782007200000,1735.95,1737.35,1734.61,1735.18,26819.554,2026-06-21 02:00:00
1782010800000,1735.18,1741.42,1731.68,1737.02,64728.308,2026-06-21 03:00:00
1782014400000,1737.01,1740.97,1730.43,1732.2,69789.594,2026-06-21 04:00:00
1782018000000,1732.21,1736.8,1727.31,1732.61,77452.022,2026-06-21 05:00:00
1782021600000,1732.61,1737.99,1731.54,1735.33,37279.606,2026-06-21 06:00:00
1782025200000,1735.34,1735.49,1731.05,1731.54,37894.836,2026-06-21 07:00:00
1782028800000,1731.54,1732.52,1722.51,1728.46,110917.026,2026-06-21 08:00:00
1782032400000,1728.46,1733.77,1725.03,1732.02,72700.209,2026-06-21 09:00:00
1782036000000,1732.02,1736.16,1729.87,1730.57,64016.272,2026-06-21 10:00:00
1782039600000,1730.57,1734.15,1717.3,1724.48,145542.719,2026-06-21 11:00:00
1782043200000,1724.48,1726.37,1715.18,1725.08,146323.621,2026-06-21 12:00:00
1782046800000,1725.07,1727.81,1721.16,1724.08,76834.276,2026-06-21 13:00:00
1782050400000,1724.08,1727.82,1720.59,1727.77,53419.113,2026-06-21 14:00:00
1782054000000,1727.77,1732.06,1726.14,1729.7,83675.402,2026-06-21 15:00:00
1782057600000,1729.69,1729.69,1721.05,1727.0,75628.611,2026-06-21 16:00:00
1782061200000,1726.99,1730.62,1725.03,1726.38,44913.347,2026-06-21 17:00:00
1782064800000,1726.37,1737.27,1720.66,1734.36,104518.913,2026-06-21 18:00:00
1782068400000,1734.35,1738.73,1732.44,1733.29,41805.323,2026-06-21 19:00:00
1782072000000,1733.3,1734.45,1716.01,1720.43,103791.807,2026-06-21 20:00:00
1782075600000,1720.43,1723.46,1700.02,1717.48,221266.49,2026-06-21 21:00:00
1782079200000,1717.47,1720.63,1707.41,1716.75,110163.654,2026-06-21 22:00:00
1782082800000,1716.75,1716.86,1703.18,1706.12,114027.05,2026-06-21 23:00:00
1782086400000,1706.13,1731.56,1705.97,1726.16,197074.706,2026-06-22 00:00:00
1782090000000,1726.17,1759.11,1723.63,1743.05,483607.098,2026-06-22 01:00:00
1782093600000,1743.06,1744.65,1736.4,1736.4,116471.777,2026-06-22 02:00:00
1782097200000,1736.4,1740.4,1725.6,1729.51,195640.111,2026-06-22 03:00:00
1782100800000,1729.5,1735.38,1727.0,1734.59,84864.452,2026-06-22 04:00:00
1782104400000,1734.58,1739.0,1733.4,1736.21,66734.626,2026-06-22 05:00:00
1782108000000,1736.21,1739.5,1732.35,1734.17,90022.322,2026-06-22 06:00:00
1782111600000,1734.17,1750.7,1733.7,1745.57,197622.458,2026-06-22 07:00:00
1782115200000,1745.58,1751.58,1742.64,1746.82,120645.707,2026-06-22 08:00:00
1782118800000,1746.82,1749.78,1742.47,1745.31,72147.576,2026-06-22 09:00:00
1782122400000,1745.32,1750.69,1744.17,1747.99,84078.876,2026-06-22 10:00:00
1782126000000,1747.99,1774.2,1746.5,1766.64,375374.981,2026-06-22 11:00:00
1782129600000,1766.65,1771.74,1760.05,1763.16,178056.648,2026-06-22 12:00:00
1782133200000,1763.16,1779.41,1761.0,1776.69,275122.712,2026-06-22 13:00:00
1782136800000,1776.69,1777.21,1748.41,1753.83,357652.185,2026-06-22 14:00:00
1782140400000,1753.83,1757.21,1741.24,1744.15,210778.578,2026-06-22 15:00:00
1782144000000,1744.15,1745.69,1732.4,1739.53,261641.493,2026-06-22 16:00:00
1782147600000,1739.54,1742.79,1730.6,1740.39,141106.198,2026-06-22 17:00:00
1782151200000,1740.4,1747.17,1728.31,1732.72,193336.008,2026-06-22 18:00:00
1782154800000,1732.69,1736.34,1728.37,1733.93,121316.526,2026-06-22 19:00:00
1782158400000,1733.93,1739.9,1730.35,1734.0,66509.117,2026-06-22 20:00:00
1782162000000,1733.99,1736.95,1726.0,1732.2,59742.364,2026-06-22 21:00:00
1782165600000,1732.2,1735.15,1715.58,1723.5,170499.03,2026-06-22 22:00:00
1782169200000,1723.49,1729.69,1720.38,1727.4,90767.981,2026-06-22 23:00:00
1782172800000,1727.39,1731.0,1718.85,1730.35,104900.531,2026-06-23 00:00:00
1782176400000,1730.36,1735.7,1720.2,1729.66,137784.206,2026-06-23 01:00:00
1782180000000,1729.66,1734.25,1725.21,1731.88,64074.199,2026-06-23 02:00:00
1782183600000,1731.87,1732.28,1724.64,1729.17,57465.583,2026-06-23 03:00:00
1782187200000,1729.17,1730.7,1717.12,1718.36,101263.212,2026-06-23 04:00:00
1782190800000,1718.36,1720.92,1708.59,1712.76,202132.73,2026-06-23 05:00:00
1782194400000,1712.75,1713.01,1679.49,1691.31,572620.523,2026-06-23 06:00:00
1782198000000,1691.31,1695.41,1680.85,1681.96,168222.348,2026-06-23 07:00:00
1782201600000,1681.96,1683.95,1633.34,1647.18,931578.153,2026-06-23 08:00:00
1782205200000,1647.18,1653.33,1646.76,1649.81,135897.838,2026-06-23 09:00:00
1782208800000,1649.8,1657.87,1648.01,1651.51,133848.715,2026-06-23 10:00:00
1782212400000,1651.51,1662.97,1651.51,1659.99,161714.934,2026-06-23 11:00:00
1782216000000,1659.99,1661.63,1652.15,1653.76,109595.912,2026-06-23 12:00:00
1782219600000,1653.75,1663.37,1644.01,1661.99,379952.669,2026-06-23 13:00:00
1782223200000,1661.93,1671.23,1657.02,1661.2,314514.678,2026-06-23 14:00:00
1782226800000,1661.21,1662.6,1650.26,1659.07,179910.768,2026-06-23 15:00:00
1782230400000,1659.07,1673.77,1656.88,1658.5,239309.985,2026-06-23 16:00:00
1782234000000,1658.5,1664.26,1653.6,1655.99,95078.25,2026-06-23 17:00:00
1782237600000,1656.0,1659.92,1648.5,1654.57,117907.044,2026-06-23 18:00:00
1782241200000,1654.56,1663.4,1654.48,1661.91,92536.377,2026-06-23 19:00:00
1782244800000,1661.91,1666.86,1660.53,1663.27,67307.324,2026-06-23 20:00:00
1782248400000,1663.27,1667.56,1662.8,1665.99,40670.915,2026-06-23 21:00:00
1782252000000,1665.99,1672.0,1662.03,1663.88,62168.727,2026-06-23 22:00:00
1782255600000,1663.88,1668.62,1659.31,1666.38,66489.253,2026-06-23 23:00:00
1782259200000,1666.37,1674.22,1665.94,1670.68,99270.418,2026-06-24 00:00:00
1782262800000,1670.68,1679.77,1665.07,1672.07,151002.825,2026-06-24 01:00:00
1782266400000,1672.07,1672.93,1662.58,1662.96,107099.224,2026-06-24 02:00:00
1782270000000,1662.99,1669.35,1656.81,1665.93,114179.163,2026-06-24 03:00:00
1782273600000,1665.94,1670.4,1657.3,1668.03,103817.586,2026-06-24 04:00:00
1782277200000,1668.04,1678.88,1666.99,1673.71,125063.23,2026-06-24 05:00:00
1782280800000,1673.71,1676.18,1669.34,1673.99,59160.224,2026-06-24 06:00:00
1782284400000,1673.99,1677.91,1670.01,1672.39,83190.435,2026-06-24 07:00:00
1782288000000,1672.39,1674.62,1668.3,1672.48,59750.776,2026-06-24 08:00:00
1782291600000,1672.48,1672.49,1664.22,1666.33,78553.679,2026-06-24 09:00:00
1782295200000,1666.32,1667.22,1661.69,1662.85,88871.7,2026-06-24 10:00:00
1782298800000,1662.85,1693.0,1654.52,1678.52,386111.596,2026-06-24 11:00:00
1782302400000,1678.51,1680.6,1669.6,1670.67,152497.139,2026-06-24 12:00:00
1782306000000,1670.66,1671.49,1640.1,1644.64,664143.628,2026-06-24 13:00:00
1782309600000,1644.64,1656.46,1637.19,1646.74,380046.579,2026-06-24 14:00:00
1782313200000,1646.77,1651.0,1615.74,1617.46,537181.206,2026-06-24 15:00:00
1782316800000,1617.45,1635.45,1583.8,1589.17,878569.013,2026-06-24 16:00:00
1782320400000,1589.17,1597.0,1551.23,1559.49,876144.005,2026-06-24 17:00:00
1782324000000,1559.5,1584.0,1555.44,1571.53,410839.979,2026-06-24 18:00:00
1782327600000,1571.54,1584.74,1566.1,1583.72,193454.765,2026-06-24 19:00:00
1782331200000,1583.72,1621.69,1579.01,1613.1,425536.3,2026-06-24 20:00:00
1782334800000,1613.1,1621.02,1605.12,1620.36,110416.621,2026-06-24 21:00:00
1782338400000,1620.37,1629.67,1612.71,1614.63,113551.768,2026-06-24 22:00:00
1782342000000,1614.64,1623.5,1612.81,1621.55,72927.314,2026-06-24 23:00:00
1782345600000,1621.56,1625.84,1615.44,1618.35,107029.215,2026-06-25 00:00:00
1782349200000,1618.35,1623.36,1613.49,1619.94,87193.424,2026-06-25 01:00:00
1782352800000,1619.95,1620.77,1614.0,1620.2,62729.504,2026-06-25 02:00:00
1782356400000,1620.21,1623.47,1615.22,1618.95,64277.252,2026-06-25 03:00:00
1782360000000,1618.96,1635.95,1616.39,1634.06,186670.233,2026-06-25 04:00:00
1782363600000,1634.05,1651.94,1632.64,1644.79,405112.506,2026-06-25 05:00:00
1782367200000,1644.79,1660.63,1643.32,1653.0,189393.801,2026-06-25 06:00:00
1782370800000,1653.0,1658.88,1650.02,1656.35,124480.497,2026-06-25 07:00:00
1782374400000,1656.35,1658.18,1650.05,1651.86,90083.89,2026-06-25 08:00:00
1782378000000,1651.87,1654.44,1646.0,1647.89,109482.192,2026-06-25 09:00:00
1782381600000,1647.88,1648.87,1632.11,1635.84,196596.216,2026-06-25 10:00:00
1782385200000,1635.83,1638.38,1626.86,1632.42,241613.438,2026-06-25 11:00:00
1782388800000,1632.42,1650.72,1623.0,1634.8,343076.612,2026-06-25 12:00:00
1782392400000,1634.8,1639.81,1530.01,1537.21,1283704.938,2026-06-25 13:00:00
1782396000000,1537.21,1592.59,1536.95,1567.47,1195613.743,2026-06-25 14:00:00
1782399600000,1567.48,1572.99,1543.29,1569.33,528729.034,2026-06-25 15:00:00
1782403200000,1569.32,1587.03,1557.14,1561.18,415666.12,2026-06-25 16:00:00
1782406800000,1561.18,1574.64,1556.2,1574.05,230686.696,2026-06-25 17:00:00
1782410400000,1574.04,1576.94,1559.41,1566.98,188581.213,2026-06-25 18:00:00
1782414000000,1566.98,1567.16,1553.6,1558.89,129885.96,2026-06-25 19:00:00
1782417600000,1558.88,1570.18,1556.0,1559.61,116978.053,2026-06-25 20:00:00
1782421200000,1559.61,1582.5,1559.44,1579.93,98665.083,2026-06-25 21:00:00
1782424800000,1579.92,1582.8,1565.51,1569.3,120164.416,2026-06-25 22:00:00
1782428400000,1569.3,1578.96,1563.4,1567.09,122866.085,2026-06-25 23:00:00
1782432000000,1567.09,1570.98,1562.55,1563.73,74557.468,2026-06-26 00:00:00
1782435600000,1563.73,1567.73,1554.16,1559.18,129551.647,2026-06-26 01:00:00
1782439200000,1559.18,1560.1,1518.23,1523.71,650313.862,2026-06-26 02:00:00
1782442800000,1523.71,1563.33,1511.0,1557.1,593273.066,2026-06-26 03:00:00
1782446400000,1557.1,1559.88,1546.5,1549.03,187477.664,2026-06-26 04:00:00
1782450000000,1549.03,1558.69,1547.68,1554.86,128410.332,2026-06-26 05:00:00
1782453600000,1554.86,1573.6,1542.33,1570.23,380082.325,2026-06-26 06:00:00
1782457200000,1570.23,1585.74,1570.0,1579.79,275872.33,2026-06-26 07:00:00
1782460800000,1579.79,1581.23,1562.34,1565.75,224093.028,2026-06-26 08:00:00
1782464400000,1565.75,1566.4,1548.22,1552.0,244120.707,2026-06-26 09:00:00
1782468000000,1552.01,1555.62,1543.52,1547.53,193462.664,2026-06-26 10:00:00
1782471600000,1547.53,1554.64,1540.1,1544.42,196774.207,2026-06-26 11:00:00
1782475200000,1544.41,1560.26,1526.02,1535.5,532905.442,2026-06-26 12:00:00
1782478800000,1535.51,1570.89,1520.31,1568.56,667596.343,2026-06-26 13:00:00
1782482400000,1568.56,1574.66,1552.68,1559.2,487633.348,2026-06-26 14:00:00
1782486000000,1559.2,1587.98,1558.6,1579.27,469352.699,2026-06-26 15:00:00
1782489600000,1579.26,1594.95,1571.12,1576.94,323298.813,2026-06-26 16:00:00
1782493200000,1576.93,1588.59,1575.51,1581.1,145911.002,2026-06-26 17:00:00
1782496800000,1581.11,1584.79,1568.89,1572.45,109032.597,2026-06-26 18:00:00
1782500400000,1572.47,1583.5,1569.6,1573.92,142814.067,2026-06-26 19:00:00
1782504000000,1573.92,1582.72,1566.74,1570.06,126112.921,2026-06-26 20:00:00
1782507600000,1570.06,1578.96,1567.62,1574.29,48581.014,2026-06-26 21:00:00
1782511200000,1574.29,1578.62,1568.5,1577.0,51365.217,2026-06-26 22:00:00
1782514800000,1577.01,1580.33,1573.4,1577.89,50342.869,2026-06-26 23:00:00
1782518400000,1577.89,1581.51,1570.53,1576.05,77830.652,2026-06-27 00:00:00
1782522000000,1576.05,1576.96,1573.08,1575.05,28155.957,2026-06-27 01:00:00
1782525600000,1575.04,1586.44,1573.68,1582.22,126593.862,2026-06-27 02:00:00
1782529200000,1582.22,1584.2,1577.46,1579.7,83572.638,2026-06-27 03:00:00
1782532800000,1579.7,1584.8,1578.16,1578.89,55550.191,2026-06-27 04:00:00
1782536400000,1578.9,1580.64,1576.1,1577.82,51347.04,2026-06-27 05:00:00
1782540000000,1577.82,1583.96,1574.44,1581.96,75791.905,2026-06-27 06:00:00
1782543600000,1581.96,1585.47,1579.69,1584.71,64840.153,2026-06-27 07:00:00
1782547200000,1584.7,1585.0,1580.89,1583.32,49565.933,2026-06-27 08:00:00
1782550800000,1583.32,1584.27,1578.17,1581.98,46003.895,2026-06-27 09:00:00
1782554400000,1581.98,1584.1,1581.14,1583.4,31838.783,2026-06-27 10:00:00
1782558000000,1583.4,1584.4,1578.05,1583.09,59797.715,2026-06-27 11:00:00
1782561600000,1583.1,1585.59,1580.37,1585.02,55908.975,2026-06-27 12:00:00
1782565200000,1585.02,1592.37,1584.0,1591.22,131736.73,2026-06-27 13:00:00
1782568800000,1591.23,1597.9,1588.33,1593.69,157816.384,2026-06-27 14:00:00
1782572400000,1593.69,1610.57,1592.91,1604.97,314470.566,2026-06-27 15:00:00
1782576000000,1604.96,1607.52,1600.68,1606.38,75207.319,2026-06-27 16:00:00
1782579600000,1606.37,1606.37,1587.0,1590.52,260382.843,2026-06-27 17:00:00
1782583200000,1590.52,1594.0,1588.16,1593.19,58925.561,2026-06-27 18:00:00
1782586800000,1593.2,1594.52,1572.22,1577.59,230851.933,2026-06-27 19:00:00
1782590400000,1577.59,1582.42,1577.58,1580.74,48029.634,2026-06-27 20:00:00
1782594000000,1580.75,1584.85,1573.32,1574.51,96191.623,2026-06-27 21:00:00
1782597600000,1574.51,1578.94,1561.49,1578.28,187476.205,2026-06-27 22:00:00
1782601200000,1578.28,1580.96,1569.8,1573.19,93138.872,2026-06-27 23:00:00
1782604800000,1573.19,1577.36,1571.85,1574.1,49696.597,2026-06-28 00:00:00
1782608400000,1574.1,1576.29,1569.18,1574.47,61486.646,2026-06-28 01:00:00
1782612000000,1574.48,1579.44,1568.2,1571.25,105250.137,2026-06-28 02:00:00
1782615600000,1571.26,1575.6,1571.25,1574.26,35259.961,2026-06-28 03:00:00
1782619200000,1574.26,1576.79,1569.51,1573.45,43701.832,2026-06-28 04:00:00
1782622800000,1573.46,1573.76,1563.42,1568.24,154221.694,2026-06-28 05:00:00
1782626400000,1568.24,1569.77,1561.55,1567.03,83155.205,2026-06-28 06:00:00
1782630000000,1567.02,1576.64,1567.0,1574.97,86524.472,2026-06-28 07:00:00
1782633600000,1574.97,1584.48,1572.55,1580.37,171460.024,2026-06-28 08:00:00
1782637200000,1580.37,1585.69,1577.55,1578.12,85948.687,2026-06-28 09:00:00
1782640800000,1578.13,1580.66,1571.12,1576.53,97778.51,2026-06-28 10:00:00
1782644400000,1576.54,1583.3,1574.99,1582.07,78287.112,2026-06-28 11:00:00
1782648000000,1582.08,1588.59,1577.4,1582.72,88118.874,2026-06-28 12:00:00
1782651600000,1582.72,1582.83,1573.89,1578.85,107285.211,2026-06-28 13:00:00
1782655200000,1578.84,1585.85,1577.02,1580.77,92922.19,2026-06-28 14:00:00
1782658800000,1580.76,1584.77,1576.45,1580.1,97608.121,2026-06-28 15:00:00
1782662400000,1580.09,1581.13,1565.55,1572.0,197058.632,2026-06-28 16:00:00
1782666000000,1572.0,1576.8,1562.5,1571.39,161737.892,2026-06-28 17:00:00
1782669600000,1571.38,1574.45,1568.32,1570.9,58348.733,2026-06-28 18:00:00
1782673200000,1570.89,1573.79,1555.53,1563.8,145889.195,2026-06-28 19:00:00
1782676800000,1563.8,1575.88,1563.5,1572.54,83123.656,2026-06-28 20:00:00
1782680400000,1572.54,1573.26,1558.15,1562.91,82591.575,2026-06-28 21:00:00
1782684000000,1562.91,1581.74,1546.69,1556.01,335526.681,2026-06-28 22:00:00
1782687600000,1556.0,1579.43,1554.19,1571.25,196311.646,2026-06-28 23:00:00
1782691200000,1571.26,1574.17,1551.11,1572.48,295616.849,2026-06-29 00:00:00
1782694800000,1572.48,1573.59,1559.1,1567.81,138041.731,2026-06-29 01:00:00
1782698400000,1567.8,1578.3,1549.24,1575.69,310372.95,2026-06-29 02:00:00
1782702000000,1575.69,1589.46,1575.69,1583.94,209373.57,2026-06-29 03:00:00
1782705600000,1583.94,1584.32,1573.63,1574.72,95641.647,2026-06-29 04:00:00
1782709200000,1574.73,1582.67,1561.28,1582.49,232162.657,2026-06-29 05:00:00
1782712800000,1582.5,1588.6,1578.83,1582.15,137497.771,2026-06-29 06:00:00
1782716400000,1582.16,1584.22,1576.72,1579.32,64276.256,2026-06-29 07:00:00
1782720000000,1579.32,1581.52,1569.28,1572.3,124972.451,2026-06-29 08:00:00
1782723600000,1572.31,1579.8,1569.59,1575.51,117784.007,2026-06-29 09:00:00
1782727200000,1575.51,1586.24,1575.51,1577.73,126556.372,2026-06-29 10:00:00
1782730800000,1577.72,1581.79,1569.43,1574.21,159532.975,2026-06-29 11:00:00
1782734400000,1574.21,1596.3,1565.47,1575.41,584552.74,2026-06-29 12:00:00
1782738000000,1575.42,1588.56,1563.78,1572.11,413474.91,2026-06-29 13:00:00
1782741600000,1572.11,1578.81,1556.16,1572.22,408215.676,2026-06-29 14:00:00
1782745200000,1572.22,1584.94,1560.38,1579.31,312160.911,2026-06-29 15:00:00
1782748800000,1579.31,1587.44,1573.04,1584.41,178398.976,2026-06-29 16:00:00
1782752400000,1584.42,1637.54,1584.41,1627.21,726896.162,2026-06-29 17:00:00
1782756000000,1627.21,1627.93,1617.1,1620.43,154236.144,2026-06-29 18:00:00
1782759600000,1620.43,1626.63,1615.0,1624.78,128064.365,2026-06-29 19:00:00
1782763200000,1624.78,1625.99,1616.61,1617.0,63590.975,2026-06-29 20:00:00
1782766800000,1617.0,1622.56,1611.12,1619.44,85124.478,2026-06-29 21:00:00
1782770400000,1619.44,1621.29,1611.72,1612.37,61069.511,2026-06-29 22:00:00
1782774000000,1612.37,1613.55,1607.0,1612.26,95818.833,2026-06-29 23:00:00
1782777600000,1612.27,1614.27,1591.7,1593.8,265151.184,2026-06-30 00:00:00
1782781200000,1593.8,1599.38,1588.25,1593.21,167673.836,2026-06-30 01:00:00
1782784800000,1593.2,1593.3,1585.61,1590.1,109908.897,2026-06-30 02:00:00
1782788400000,1590.1,1595.6,1585.72,1586.45,94884.763,2026-06-30 03:00:00
1782792000000,1586.45,1590.4,1578.5,1587.11,178145.173,2026-06-30 04:00:00
1782795600000,1587.1,1591.54,1584.38,1590.65,104747.287,2026-06-30 05:00:00
1782799200000,1590.66,1594.01,1587.88,1592.77,95446.786,2026-06-30 06:00:00
1782802800000,1592.76,1595.29,1589.19,1591.54,83913.37,2026-06-30 07:00:00
1782806400000,1591.55,1593.5,1578.22,1583.41,240660.082,2026-06-30 08:00:00
1782810000000,1583.4,1586.7,1580.88,1584.87,85809.742,2026-06-30 09:00:00
1782813600000,1584.87,1586.3,1581.41,1583.8,80943.893,2026-06-30 10:00:00
1782817200000,1583.81,1585.63,1575.06,1577.9,179153.436,2026-06-30 11:00:00
1782820800000,1577.89,1577.92,1550.0,1551.95,421162.399,2026-06-30 12:00:00
1782824400000,1551.95,1567.38,1549.03,1566.69,480995.437,2026-06-30 13:00:00
1782828000000,1566.69,1577.6,1560.26,1562.76,412473.461,2026-06-30 14:00:00
1782831600000,1562.75,1576.31,1556.28,1564.55,270263.92,2026-06-30 15:00:00
1782835200000,1564.56,1574.31,1561.12,1571.75,143656.279,2026-06-30 16:00:00
1782838800000,1571.74,1576.48,1567.68,1570.34,103816.351,2026-06-30 17:00:00
1782842400000,1570.34,1581.9,1568.81,1578.34,109862.294,2026-06-30 18:00:00
1782846000000,1578.34,1581.26,1575.0,1580.03,93790.603,2026-06-30 19:00:00
1782849600000,1580.03,1582.72,1571.8,1575.38,85391.06,2026-06-30 20:00:00
1782853200000,1575.38,1576.6,1568.35,1571.11,50409.088,2026-06-30 21:00:00
1782856800000,1571.11,1574.65,1566.05,1566.94,60560.603,2026-06-30 22:00:00
1782860400000,1566.93,1571.99,1565.01,1571.35,53768.456,2026-06-30 23:00:00
1782864000000,1571.36,1576.32,1565.42,1574.19,77603.611,2026-07-01 00:00:00
1782867600000,1574.19,1586.0,1551.6,1577.13,397150.651,2026-07-01 01:00:00
1782871200000,1577.14,1588.85,1573.33,1585.53,200786.952,2026-07-01 02:00:00
1782874800000,1585.53,1598.71,1581.58,1593.92,250996.604,2026-07-01 03:00:00
1782878400000,1593.93,1604.21,1589.93,1598.48,172675.865,2026-07-01 04:00:00
1782882000000,1598.48,1600.0,1590.0,1591.94,138579.757,2026-07-01 05:00:00
1782885600000,1591.95,1592.3,1570.34,1575.54,330074.73,2026-07-01 06:00:00
1782889200000,1575.55,1580.63,1571.5,1577.75,125518.502,2026-07-01 07:00:00
1782892800000,1577.74,1581.9,1567.02,1581.9,170698.631,2026-07-01 08:00:00
1782896400000,1581.9,1584.8,1577.89,1580.5,110597.204,2026-07-01 09:00:00
1782900000000,1580.5,1581.0,1571.32,1572.72,105893.884,2026-07-01 10:00:00
1782903600000,1572.73,1575.28,1565.86,1569.25,107945.545,2026-07-01 11:00:00
1782907200000,1569.25,1571.95,1564.4,1569.46,155305.284,2026-07-01 12:00:00
1782910800000,1569.47,1597.41,1568.71,1596.48,451133.792,2026-07-01 13:00:00
1782914400000,1596.48,1616.55,1590.1,1600.31,647277.033,2026-07-01 14:00:00
1782918000000,1600.31,1630.58,1599.88,1619.28,495218.863,2026-07-01 15:00:00
1782921600000,1619.27,1628.94,1611.6,1613.82,194657.299,2026-07-01 16:00:00
1782925200000,1613.83,1624.31,1606.25,1622.16,205136.331,2026-07-01 17:00:00
1782928800000,1622.16,1623.9,1611.15,1615.93,130123.17,2026-07-01 18:00:00
1782932400000,1615.92,1623.32,1613.55,1617.18,117265.425,2026-07-01 19:00:00
1782936000000,1617.19,1619.89,1609.37,1617.08,147412.614,2026-07-01 20:00:00
1782939600000,1617.08,1638.47,1616.72,1631.2,181728.315,2026-07-01 21:00:00
1782943200000,1631.19,1645.87,1619.44,1621.0,262146.747,2026-07-01 22:00:00
1782946800000,1621.01,1621.01,1606.86,1608.82,152306.901,2026-07-01 23:00:00
1782950400000,1608.82,1608.99,1596.32,1602.82,219235.517,2026-07-02 00:00:00
1782954000000,1602.82,1624.66,1601.8,1619.87,214547.444,2026-07-02 01:00:00
1782957600000,1619.87,1623.88,1613.92,1620.19,110482.561,2026-07-02 02:00:00
1782961200000,1620.18,1641.98,1617.41,1638.69,314862.503,2026-07-02 03:00:00
1782964800000,1638.69,1639.15,1628.8,1631.87,121562.41,2026-07-02 04:00:00
1782968400000,1631.87,1634.36,1624.3,1625.94,116895.64,2026-07-02 05:00:00
1782972000000,1625.94,1629.21,1616.66,1618.31,146987.814,2026-07-02 06:00:00
1782975600000,1618.3,1619.43,1613.92,1615.46,128671.915,2026-07-02 07:00:00
1782979200000,1615.45,1625.88,1614.66,1624.36,145608.451,2026-07-02 08:00:00
1782982800000,1624.35,1652.1,1619.38,1642.33,450175.458,2026-07-02 09:00:00
1782986400000,1642.34,1649.33,1640.31,1645.58,151251.219,2026-07-02 10:00:00
1782990000000,1645.57,1654.65,1643.75,1649.4,193215.334,2026-07-02 11:00:00
1782993600000,1649.39,1670.53,1646.87,1661.7,498461.247,2026-07-02 12:00:00
1782997200000,1661.7,1713.63,1660.0,1709.99,1051568.522,2026-07-02 13:00:00
1783000800000,1710.0,1725.4,1692.22,1700.88,717132.285,2026-07-02 14:00:00
1783004400000,1700.87,1702.94,1687.81,1696.19,233262.396,2026-07-02 15:00:00
1783008000000,1696.19,1703.73,1686.05,1698.99,254029.197,2026-07-02 16:00:00
1783011600000,1698.99,1705.5,1693.42,1695.08,147316.508,2026-07-02 17:00:00
1783015200000,1695.09,1706.51,1694.5,1701.3,88584.975,2026-07-02 18:00:00
1783018800000,1701.3,1704.54,1693.79,1699.27,99453.655,2026-07-02 19:00:00
1783022400000,1699.27,1706.36,1695.4,1704.98,89542.4,2026-07-02 20:00:00
1783026000000,1704.98,1705.25,1696.29,1699.37,48404.681,2026-07-02 21:00:00
1783029600000,1699.36,1700.34,1693.23,1696.01,51570.922,2026-07-02 22:00:00
1783033200000,1696.01,1700.98,1691.05,1700.0,75441.652,2026-07-02 23:00:00
1783036800000,1700.0,1702.47,1694.0,1696.03,77397.164,2026-07-03 00:00:00
1783040400000,1696.03,1718.69,1694.66,1711.7,238129.407,2026-07-03 01:00:00
1783044000000,1711.71,1714.69,1695.47,1704.11,152725.147,2026-07-03 02:00:00
1783047600000,1704.11,1711.64,1698.61,1705.82,90494.501,2026-07-03 03:00:00
1783051200000,1705.82,1707.99,1701.62,1702.51,59495.27,2026-07-03 04:00:00
1783054800000,1702.51,1721.52,1701.66,1714.16,157537.164,2026-07-03 05:00:00
1783058400000,1714.16,1720.96,1712.14,1715.28,113182.968,2026-07-03 06:00:00
1783062000000,1715.28,1721.84,1713.29,1717.05,87022.78,2026-07-03 07:00:00
1783065600000,1717.05,1734.99,1715.2,1719.04,297549.843,2026-07-03 08:00:00
1783069200000,1719.04,1730.84,1716.16,1725.55,173307.226,2026-07-03 09:00:00
1783072800000,1725.55,1748.5,1725.55,1741.44,443226.487,2026-07-03 10:00:00
1783076400000,1741.43,1747.54,1736.47,1741.66,202495.365,2026-07-03 11:00:00
1783080000000,1741.66,1744.4,1730.73,1735.85,163004.425,2026-07-03 12:00:00
1783083600000,1735.85,1753.5,1735.4,1747.46,237886.892,2026-07-03 13:00:00
1783087200000,1747.46,1747.46,1728.08,1736.49,262474.457,2026-07-03 14:00:00
1783090800000,1736.49,1745.93,1729.03,1730.47,229729.255,2026-07-03 15:00:00
1783094400000,1730.47,1735.03,1727.0,1732.92,118014.479,2026-07-03 16:00:00
1783098000000,1732.92,1741.0,1731.63,1737.58,103522.512,2026-07-03 17:00:00
1783101600000,1737.59,1740.47,1735.38,1737.96,47337.874,2026-07-03 18:00:00
1783105200000,1737.95,1752.94,1736.5,1744.65,171882.794,2026-07-03 19:00:00
1783108800000,1744.65,1773.64,1742.67,1765.54,373727.793,2026-07-03 20:00:00
1783112400000,1765.54,1776.0,1756.06,1762.69,171767.014,2026-07-03 21:00:00
1783116000000,1762.7,1763.7,1755.09,1756.8,83170.792,2026-07-03 22:00:00
1783119600000,1756.8,1761.45,1754.47,1757.25,78699.573,2026-07-03 23:00:00
1783123200000,1757.26,1763.38,1755.52,1757.73,102979.774,2026-07-04 00:00:00
1783126800000,1757.73,1757.73,1745.1,1747.32,150017.981,2026-07-04 01:00:00
1783130400000,1747.31,1750.33,1743.13,1748.69,65346.229,2026-07-04 02:00:00
1783134000000,1748.69,1755.99,1746.5,1753.0,64018.854,2026-07-04 03:00:00
1783137600000,1753.0,1763.99,1751.13,1760.92,114100.657,2026-07-04 04:00:00
1783141200000,1760.93,1761.06,1752.23,1755.42,94042.654,2026-07-04 05:00:00
1783144800000,1755.42,1760.83,1750.74,1754.08,80083.314,2026-07-04 06:00:00
1783148400000,1754.07,1758.91,1752.11,1757.48,73706.704,2026-07-04 07:00:00
1783152000000,1757.48,1764.74,1756.43,1761.35,91335.74,2026-07-04 08:00:00
1783155600000,1761.35,1762.29,1754.0,1757.36,61874.287,2026-07-04 09:00:00
1783159200000,1757.35,1760.3,1756.23,1758.35,36303.33,2026-07-04 10:00:00
1783162800000,1758.35,1759.44,1755.37,1757.27,39903.96,2026-07-04 11:00:00
1783166400000,1757.28,1765.72,1757.28,1763.42,73307.423,2026-07-04 12:00:00
1783170000000,1763.43,1778.7,1760.73,1763.16,203483.682,2026-07-04 13:00:00
1783173600000,1763.16,1774.31,1763.04,1771.36,127856.379,2026-07-04 14:00:00
1783177200000,1771.36,1803.33,1771.35,1790.57,592128.383,2026-07-04 15:00:00
1783180800000,1790.57,1791.74,1782.77,1786.52,160920.345,2026-07-04 16:00:00
1783184400000,1786.51,1808.58,1778.33,1799.03,312512.34,2026-07-04 17:00:00
1783188000000,1799.02,1805.48,1791.11,1793.17,129524.741,2026-07-04 18:00:00
1783191600000,1793.17,1797.48,1787.77,1792.02,78758.479,2026-07-04 19:00:00
1783195200000,1792.01,1795.2,1782.63,1786.32,87442.319,2026-07-04 20:00:00
1783198800000,1786.32,1793.77,1785.36,1788.48,54971.283,2026-07-04 21:00:00
1783202400000,1788.48,1788.7,1781.28,1783.94,43656.22,2026-07-04 22:00:00
1783206000000,1783.93,1784.95,1770.1,1780.0,133061.401,2026-07-04 23:00:00
1783209600000,1780.0,1780.05,1768.03,1771.97,95591.637,2026-07-05 00:00:00
1783213200000,1771.97,1773.91,1760.12,1765.73,146109.193,2026-07-05 01:00:00
1783216800000,1765.72,1767.23,1756.0,1760.08,132722.642,2026-07-05 02:00:00
1783220400000,1760.08,1763.35,1757.12,1760.8,66530.787,2026-07-05 03:00:00
1783224000000,1760.8,1772.63,1759.22,1766.64,123373.473,2026-07-05 04:00:00
1783227600000,1766.63,1767.01,1759.22,1765.29,73659.985,2026-07-05 05:00:00
1783231200000,1765.28,1767.45,1761.23,1763.98,45151.17,2026-07-05 06:00:00
1783234800000,1763.98,1772.12,1761.0,1769.19,83195.66,2026-07-05 07:00:00
1783238400000,1769.19,1772.52,1765.62,1766.77,54600.41,2026-07-05 08:00:00
1783242000000,1766.77,1766.98,1747.32,1757.35,216361.994,2026-07-05 09:00:00
1783245600000,1757.35,1761.4,1754.16,1760.84,74189.714,2026-07-05 10:00:00
1783249200000,1760.85,1764.65,1757.89,1759.34,67508.895,2026-07-05 11:00:00
1783252800000,1759.33,1768.77,1755.36,1764.03,104604.323,2026-07-05 12:00:00
1783256400000,1764.03,1766.64,1760.39,1765.6,70675.976,2026-07-05 13:00:00
1783260000000,1765.6,1772.63,1764.02,1771.68,104597.625,2026-07-05 14:00:00
1783263600000,1771.68,1781.79,1769.09,1773.99,197892.539,2026-07-05 15:00:00
1783267200000,1773.99,1776.89,1769.6,1772.14,69865.394,2026-07-05 16:00:00
1783270800000,1772.14,1786.11,1772.14,1778.66,148198.64,2026-07-05 17:00:00
1783274400000,1778.67,1786.43,1777.21,1780.56,55811.712,2026-07-05 18:00:00
1783278000000,1780.55,1783.99,1776.93,1780.84,33047.009,2026-07-05 19:00:00
1783281600000,1780.85,1782.99,1775.29,1776.63,36921.992,2026-07-05 20:00:00
1783285200000,1776.63,1792.92,1768.11,1786.0,154090.253,2026-07-05 21:00:00
1783288800000,1786.0,1807.66,1783.24,1789.13,297137.73,2026-07-05 22:00:00
1783292400000,1789.14,1801.88,1781.6,1784.86,164592.012,2026-07-05 23:00:00
1783296000000,1784.85,1793.39,1773.56,1792.55,195179.019,2026-07-06 00:00:00
1783299600000,1792.54,1798.37,1784.4,1785.53,145359.091,2026-07-06 01:00:00
1783303200000,1785.54,1789.77,1778.4,1783.01,116781.424,2026-07-06 02:00:00
1783306800000,1783.0,1784.6,1770.58,1779.04,149217.373,2026-07-06 03:00:00
1783310400000,1779.05,1785.0,1775.43,1777.29,91744.24,2026-07-06 04:00:00
1783314000000,1777.29,1777.66,1763.54,1773.35,179553.611,2026-07-06 05:00:00
1783317600000,1773.36,1774.62,1768.41,1768.8,78021.972,2026-07-06 06:00:00
1783321200000,1768.8,1774.78,1766.11,1771.59,91640.909,2026-07-06 07:00:00
1783324800000,1771.59,1777.8,1761.62,1765.11,132902.143,2026-07-06 08:00:00
1783328400000,1765.11,1765.59,1754.1,1757.99,184973.424,2026-07-06 09:00:00
1783332000000,1757.98,1773.49,1757.35,1770.35,156556.016,2026-07-06 10:00:00
1783335600000,1770.34,1774.98,1758.18,1758.51,142473.177,2026-07-06 11:00:00
1783339200000,1758.52,1759.82,1734.11,1740.02,649735.772,2026-07-06 12:00:00
1783342800000,1740.01,1752.88,1727.16,1744.0,406100.446,2026-07-06 13:00:00
1783346400000,1744.0,1762.49,1741.03,1750.91,320912.798,2026-07-06 14:00:00
1783350000000,1750.92,1788.76,1750.65,1787.78,499161.456,2026-07-06 15:00:00
1783353600000,1787.78,1804.49,1781.35,1791.83,513668.47,2026-07-06 16:00:00
1783357200000,1791.84,1799.78,1786.29,1787.51,166064.665,2026-07-06 17:00:00
1783360800000,1787.51,1795.49,1785.42,1791.8,77901.079,2026-07-06 18:00:00
1783364400000,1791.81,1798.3,1790.3,1791.83,68174.225,2026-07-06 19:00:00
1783368000000,1791.83,1795.96,1786.51,1792.46,72338.201,2026-07-06 20:00:00
1783371600000,1792.46,1834.0,1792.0,1814.52,463071.643,2026-07-06 21:00:00
1783375200000,1814.52,1816.13,1803.59,1805.66,83469.388,2026-07-06 22:00:00
1783378800000,1805.67,1809.77,1796.7,1798.99,106508.556,2026-07-06 23:00:00
1783382400000,1799.0,1809.99,1793.62,1802.88,152736.6,2026-07-07 00:00:00
1783386000000,1802.88,1802.88,1786.76,1791.96,174729.406,2026-07-07 01:00:00
1783389600000,1791.95,1793.78,1776.0,1777.45,201343.443,2026-07-07 02:00:00
1783393200000,1777.46,1780.91,1766.79,1770.7,161412.439,2026-07-07 03:00:00
1783396800000,1770.7,1772.97,1762.0,1765.78,131622.482,2026-07-07 04:00:00
1783400400000,1765.78,1773.45,1756.33,1769.77,193411.535,2026-07-07 05:00:00
1783404000000,1769.77,1781.99,1763.78,1778.31,167565.961,2026-07-07 06:00:00
1783407600000,1778.31,1781.94,1769.56,1770.32,138137.522,2026-07-07 07:00:00
1783411200000,1770.31,1774.85,1767.03,1769.82,75874.087,2026-07-07 08:00:00
1783414800000,1769.83,1783.37,1767.85,1777.16,121146.566,2026-07-07 09:00:00
1783418400000,1777.16,1784.93,1773.28,1775.18,101234.257,2026-07-07 10:00:00
1783422000000,1775.17,1784.7,1770.1,1779.82,108483.664,2026-07-07 11:00:00
1783425600000,1779.82,1794.03,1779.28,1781.15,220245.789,2026-07-07 12:00:00
1783429200000,1781.15,1782.54,1765.2,1768.22,336447.228,2026-07-07 13:00:00
1783432800000,1768.23,1792.67,1759.75,1788.83,411363.228,2026-07-07 14:00:00
1783436400000,1788.84,1802.95,1782.24,1796.67,300032.579,2026-07-07 15:00:00
1783440000000,1796.66,1812.97,1791.2,1801.5,233303.391,2026-07-07 16:00:00
1783443600000,1801.5,1809.81,1797.52,1809.67,124456.74,2026-07-07 17:00:00
1783447200000,1809.67,1809.99,1785.03,1785.68,167685.664,2026-07-07 18:00:00
1783450800000,1785.69,1791.71,1772.54,1789.79,212957.529,2026-07-07 19:00:00
1783454400000,1789.79,1792.54,1780.6,1783.49,64231.281,2026-07-07 20:00:00
1783458000000,1783.49,1788.85,1770.56,1772.95,97483.495,2026-07-07 21:00:00
1783461600000,1772.95,1777.96,1764.77,1774.54,105885.989,2026-07-07 22:00:00
1783465200000,1774.53,1780.49,1767.31,1770.58,67042.703,2026-07-07 23:00:00
1783468800000,1770.57,1785.16,1769.16,1779.78,124982.571,2026-07-08 00:00:00
1783472400000,1779.77,1780.27,1748.8,1755.31,279932.751,2026-07-08 01:00:00
1783476000000,1755.3,1759.0,1740.5,1756.97,267030.892,2026-07-08 02:00:00
1783479600000,1756.98,1763.27,1748.29,1750.95,130726.347,2026-07-08 03:00:00
1783483200000,1750.96,1757.35,1748.65,1755.45,77486.456,2026-07-08 04:00:00
1783486800000,1755.45,1758.88,1749.6,1753.3,62497.725,2026-07-08 05:00:00
1783490400000,1753.31,1754.36,1745.4,1750.9,98312.909,2026-07-08 06:00:00
1783494000000,1750.91,1756.65,1744.01,1755.8,116988.16,2026-07-08 07:00:00
1783497600000,1755.8,1758.29,1723.56,1734.76,538108.146,2026-07-08 08:00:00
1783501200000,1734.75,1739.98,1729.27,1735.48,153041.813,2026-07-08 09:00:00
1783504800000,1735.48,1741.67,1731.78,1738.49,95870.147,2026-07-08 10:00:00
1783508400000,1738.49,1751.46,1735.02,1747.19,157777.442,2026-07-08 11:00:00
1783512000000,1747.18,1750.85,1737.07,1737.71,163225.657,2026-07-08 12:00:00
1783515600000,1737.7,1743.58,1730.2,1736.86,289459.038,2026-07-08 13:00:00
1783519200000,1736.86,1740.78,1721.0,1729.08,325968.693,2026-07-08 14:00:00
1783522800000,1729.08,1729.98,1712.32,1722.27,313131.653,2026-07-08 15:00:00
1783526400000,1722.27,1737.98,1722.04,1735.83,198962.903,2026-07-08 16:00:00
1783530000000,1735.83,1746.0,1729.6,1732.47,190333.457,2026-07-08 17:00:00
1783533600000,1732.47,1740.35,1728.63,1736.41,97091.928,2026-07-08 18:00:00
1783537200000,1736.41,1740.79,1732.61,1740.12,58975.738,2026-07-08 19:00:00
1783540800000,1740.13,1740.5,1733.77,1735.74,43242.468,2026-07-08 20:00:00
1783544400000,1735.73,1739.33,1730.27,1737.25,42522.799,2026-07-08 21:00:00
1783548000000,1737.25,1743.31,1735.73,1740.42,38952.823,2026-07-08 22:00:00
1783551600000,1740.41,1744.47,1738.0,1742.58,41150.875,2026-07-08 23:00:00
1783555200000,1742.57,1743.83,1735.89,1737.36,54033.626,2026-07-09 00:00:00
1783558800000,1737.36,1755.73,1728.99,1730.81,207447.643,2026-07-09 01:00:00
1783562400000,1730.8,1738.95,1722.5,1726.36,152255.125,2026-07-09 02:00:00
1783566000000,1726.36,1733.87,1720.15,1729.74,139123.446,2026-07-09 03:00:00
1783569600000,1729.73,1742.93,1729.33,1741.57,127046.28,2026-07-09 04:00:00
1783573200000,1741.56,1748.69,1736.57,1748.44,146856.304,2026-07-09 05:00:00
1783576800000,1748.44,1754.8,1744.91,1754.44,209090.746,2026-07-09 06:00:00
1783580400000,1754.45,1761.84,1749.35,1752.39,196367.499,2026-07-09 07:00:00
1783584000000,1752.39,1757.93,1750.0,1753.49,80280.167,2026-07-09 08:00:00
1783587600000,1753.46,1755.64,1748.24,1754.77,82464.99,2026-07-09 09:00:00
1783591200000,1754.77,1756.67,1743.0,1745.52,94145.186,2026-07-09 10:00:00
1783594800000,1745.53,1747.6,1740.3,1743.27,88135.232,2026-07-09 11:00:00
1783598400000,1743.28,1746.78,1734.07,1741.0,241297.403,2026-07-09 12:00:00
1783602000000,1741.0,1751.77,1734.89,1746.42,213782.249,2026-07-09 13:00:00
1783605600000,1746.41,1749.26,1732.58,1742.49,184826.533,2026-07-09 14:00:00
1783609200000,1742.49,1748.88,1736.35,1738.71,111807.778,2026-07-09 15:00:00
1783612800000,1738.71,1743.14,1731.04,1738.35,111876.596,2026-07-09 16:00:00
1783616400000,1738.35,1751.93,1737.71,1747.8,125400.848,2026-07-09 17:00:00
1783620000000,1747.8,1759.3,1746.8,1750.63,157731.74,2026-07-09 18:00:00
1783623600000,1750.64,1752.34,1746.16,1747.83,52680.927,2026-07-09 19:00:00
1783627200000,1747.83,1749.86,1744.5,1747.92,43563.64,2026-07-09 20:00:00
1783630800000,1747.92,1750.4,1744.05,1747.54,27980.427,2026-07-09 21:00:00
1783634400000,1747.54,1750.61,1745.28,1746.59,31228.667,2026-07-09 22:00:00
1783638000000,1746.59,1748.48,1740.21,1744.33,49516.02,2026-07-09 23:00:00
1783641600000,1744.34,1745.66,1736.12,1742.13,99463.174,2026-07-10 00:00:00
1783645200000,1742.13,1777.4,1737.2,1767.03,371882.97,2026-07-10 01:00:00
1783648800000,1767.02,1774.69,1763.83,1772.15,164364.471,2026-07-10 02:00:00
1783652400000,1772.16,1779.63,1768.5,1775.34,109181.771,2026-07-10 03:00:00
1783656000000,1775.33,1779.59,1770.89,1773.87,96112.334,2026-07-10 04:00:00
1783659600000,1773.87,1779.22,1771.6,1778.31,92186.976,2026-07-10 05:00:00
1783663200000,1778.31,1779.3,1768.5,1770.49,105595.69,2026-07-10 06:00:00
1783666800000,1770.49,1776.84,1767.74,1772.66,75382.088,2026-07-10 07:00:00
1783670400000,1772.66,1789.38,1771.76,1783.27,213414.852,2026-07-10 08:00:00
1783674000000,1783.28,1794.56,1780.29,1791.67,162892.315,2026-07-10 09:00:00
1783677600000,1791.66,1802.57,1788.41,1795.94,189570.615,2026-07-10 10:00:00
1783681200000,1795.94,1801.79,1793.36,1800.57,107764.174,2026-07-10 11:00:00
1783684800000,1800.57,1807.69,1791.83,1793.23,163391.869,2026-07-10 12:00:00
1783688400000,1793.23,1812.82,1792.73,1802.87,219013.656,2026-07-10 13:00:00
1783692000000,1802.87,1803.88,1773.26,1784.12,418843.236,2026-07-10 14:00:00
1783695600000,1784.11,1796.58,1783.01,1790.35,142384.427,2026-07-10 15:00:00
1783699200000,1790.35,1799.3,1784.24,1796.75,130418.556,2026-07-10 16:00:00
1783702800000,1796.76,1798.44,1787.33,1787.49,98799.14,2026-07-10 17:00:00
1783706400000,1787.5,1792.87,1780.08,1784.2,84493.843,2026-07-10 18:00:00
1783710000000,1784.2,1796.53,1783.4,1791.76,101178.665,2026-07-10 19:00:00
1783713600000,1791.77,1793.59,1788.48,1789.2,53813.289,2026-07-10 20:00:00
1783717200000,1789.2,1796.26,1788.67,1793.71,38774.448,2026-07-10 21:00:00
1783720800000,1793.71,1796.07,1792.06,1794.34,38186.728,2026-07-10 22:00:00
1783724400000,1794.33,1797.52,1791.65,1795.99,28410.974,2026-07-10 23:00:00
1783728000000,1795.99,1796.31,1789.2,1792.3,36387.908,2026-07-11 00:00:00
1783731600000,1792.3,1798.5,1787.46,1788.19,52982.602,2026-07-11 01:00:00
1783735200000,1788.18,1795.32,1785.77,1794.79,41824.099,2026-07-11 02:00:00
1783738800000,1794.78,1797.39,1791.71,1795.5,43370.551,2026-07-11 03:00:00
1783742400000,1795.49,1799.98,1794.55,1795.55,43417.733,2026-07-11 04:00:00
1783746000000,1795.56,1801.94,1793.88,1798.45,46544.108,2026-07-11 05:00:00
1783749600000,1798.46,1802.86,1793.79,1798.22,48389.579,2026-07-11 06:00:00
1783753200000,1798.22,1801.0,1797.02,1798.99,29118.681,2026-07-11 07:00:00
1783756800000,1798.99,1802.5,1798.46,1800.49,26634.77,2026-07-11 08:00:00
1783760400000,1800.48,1801.71,1794.13,1794.59,46911.356,2026-07-11 09:00:00
1783764000000,1794.59,1798.49,1794.31,1797.52,29195.692,2026-07-11 10:00:00
1783767600000,1797.53,1800.21,1796.31,1799.59,25028.602,2026-07-11 11:00:00
1783771200000,1799.59,1800.87,1797.6,1799.22,21444.047,2026-07-11 12:00:00
1783774800000,1799.23,1807.85,1798.0,1801.82,72046.279,2026-07-11 13:00:00
1783778400000,1801.82,1819.0,1801.68,1809.76,199588.185,2026-07-11 14:00:00
1783782000000,1809.76,1827.78,1807.42,1813.9,338926.728,2026-07-11 15:00:00
1783785600000,1813.9,1823.36,1809.77,1822.44,139316.025,2026-07-11 16:00:00
1783789200000,1822.44,1829.5,1817.19,1823.8,115189.508,2026-07-11 17:00:00
1783792800000,1823.8,1828.8,1822.7,1825.36,65359.087,2026-07-11 18:00:00
1783796400000,1825.36,1826.34,1818.25,1823.63,65456.384,2026-07-11 19:00:00
1783800000000,1823.62,1827.69,1823.06,1824.98,27811.786,2026-07-11 20:00:00
1783803600000,1824.98,1828.5,1821.59,1822.88,28896.078,2026-07-11 21:00:00
1783807200000,1822.87,1823.28,1808.09,1812.87,109916.196,2026-07-11 22:00:00
1783810800000,1812.87,1814.77,1785.1,1786.91,276810.076,2026-07-11 23:00:00
1783814400000,1786.9,1790.62,1778.29,1788.25,210747.738,2026-07-12 00:00:00
1783818000000,1788.25,1807.73,1787.18,1805.71,190884.566,2026-07-12 01:00:00
1783821600000,1805.71,1806.68,1802.04,1804.03,62293.105,2026-07-12 02:00:00
1783825200000,1804.03,1812.9,1801.41,1810.62,84915.816,2026-07-12 03:00:00
1783828800000,1810.62,1811.8,1802.89,1804.78,72378.6,2026-07-12 04:00:00
1783832400000,1804.78,1806.36,1800.21,1802.28,50217.656,2026-07-12 05:00:00
1783836000000,1802.29,1802.29,1788.24,1794.32,153810.792,2026-07-12 06:00:00
1783839600000,1794.31,1798.32,1793.38,1797.92,51208.363,2026-07-12 07:00:00
1783843200000,1797.91,1808.38,1797.76,1804.16,102948.921,2026-07-12 08:00:00
1783846800000,1804.17,1805.14,1795.64,1801.58,92874.003,2026-07-12 09:00:00
1783850400000,1801.59,1801.75,1798.02,1798.63,44834.665,2026-07-12 10:00:00
1783854000000,1798.63,1805.99,1795.23,1802.81,61851.411,2026-07-12 11:00:00
1783857600000,1802.81,1808.73,1802.01,1806.08,55645.265,2026-07-12 12:00:00
1783861200000,1806.08,1808.87,1804.44,1805.0,41638.558,2026-07-12 13:00:00
1783864800000,1805.0,1822.63,1803.13,1818.54,154451.121,2026-07-12 14:00:00
1783868400000,1818.54,1826.0,1815.48,1819.9,172571.444,2026-07-12 15:00:00
1783872000000,1819.9,1823.33,1816.16,1820.82,101328.721,2026-07-12 16:00:00
1783875600000,1820.82,1821.55,1813.57,1817.35,67876.549,2026-07-12 17:00:00
1783879200000,1817.35,1821.5,1814.04,1820.66,57625.701,2026-07-12 18:00:00
1783882800000,1820.67,1822.66,1817.86,1820.5,27152.544,2026-07-12 19:00:00
1783886400000,1820.49,1823.58,1817.68,1820.31,30189.916,2026-07-12 20:00:00
1783890000000,1820.32,1822.5,1810.43,1811.65,77481.366,2026-07-12 21:00:00
1783893600000,1811.64,1811.64,1796.33,1804.11,178002.581,2026-07-12 22:00:00
1783897200000,1804.1,1808.54,1800.02,1805.86,68877.513,2026-07-12 23:00:00
1783900800000,1805.87,1846.36,1803.46,1825.59,618359.665,2026-07-13 00:00:00
1783904400000,1825.6,1829.49,1804.18,1805.9,252576.657,2026-07-13 01:00:00
1783908000000,1805.9,1814.32,1798.19,1805.87,222012.387,2026-07-13 02:00:00
1783911600000,1805.86,1805.86,1773.44,1779.96,520361.279,2026-07-13 03:00:00
1783915200000,1779.95,1784.77,1775.34,1778.16,122623.57,2026-07-13 04:00:00
1783918800000,1778.16,1786.0,1773.03,1780.96,172995.211,2026-07-13 05:00:00
1783922400000,1780.96,1782.8,1775.0,1777.18,94857.824,2026-07-13 06:00:00
1783926000000,1777.18,1790.65,1775.61,1786.56,133253.71,2026-07-13 07:00:00
1783929600000,1786.57,1792.86,1782.74,1789.33,103220.536,2026-07-13 08:00:00
1783933200000,1789.33,1789.5,1784.0,1784.86,50919.232,2026-07-13 09:00:00
1783936800000,1784.86,1786.0,1775.84,1778.85,108502.887,2026-07-13 10:00:00
1783940400000,1778.85,1784.24,1778.85,1779.99,62753.832,2026-07-13 11:00:00
1783944000000,1779.99,1782.58,1765.0,1771.41,245274.346,2026-07-13 12:00:00
1783947600000,1771.41,1775.8,1762.26,1770.51,242240.704,2026-07-13 13:00:00
1783951200000,1770.51,1781.16,1760.87,1780.73,283733.657,2026-07-13 14:00:00
1783954800000,1780.73,1785.82,1774.15,1775.87,152457.404,2026-07-13 15:00:00
1783958400000,1775.87,1779.99,1766.22,1770.93,142982.341,2026-07-13 16:00:00
1783962000000,1770.94,1775.88,1752.11,1752.61,243900.011,2026-07-13 17:00:00
1783965600000,1752.62,1766.33,1747.0,1764.0,214109.977,2026-07-13 18:00:00
1783969200000,1764.0,1774.59,1763.4,1774.13,126317.541,2026-07-13 19:00:00
1783972800000,1774.14,1776.79,1760.7,1766.53,88276.726,2026-07-13 20:00:00
1783976400000,1766.53,1766.53,1751.4,1760.82,87750.097,2026-07-13 21:00:00
1783980000000,1760.82,1767.77,1755.35,1757.35,72593.545,2026-07-13 22:00:00
1783983600000,1757.35,1777.81,1755.4,1775.82,107134.258,2026-07-13 23:00:00
1783987200000,1775.83,1788.72,1772.39,1785.22,157840.815,2026-07-14 00:00:00
1783990800000,1785.23,1793.8,1782.21,1783.95,146307.811,2026-07-14 01:00:00
1783994400000,1783.95,1788.31,1773.99,1781.67,134966.997,2026-07-14 02:00:00
1783998000000,1781.67,1783.2,1773.54,1782.78,86622.925,2026-07-14 03:00:00
1784001600000,1782.78,1788.9,1781.14,1784.82,101801.571,2026-07-14 04:00:00
1784005200000,1784.81,1792.94,1783.35,1786.12,96376.111,2026-07-14 05:00:00
1784008800000,1786.12,1786.68,1780.66,1782.42,60609.432,2026-07-14 06:00:00
1784012400000,1782.43,1785.76,1778.21,1780.12,73937.731,2026-07-14 07:00:00
1784016000000,1780.12,1788.76,1777.52,1785.04,76942.458,2026-07-14 08:00:00
1784019600000,1785.04,1788.68,1781.82,1785.15,70958.855,2026-07-14 09:00:00
1784023200000,1785.15,1804.4,1785.11,1799.4,266953.819,2026-07-14 10:00:00
1784026800000,1799.4,1802.54,1795.0,1797.09,108490.679,2026-07-14 11:00:00
1784030400000,1797.1,1867.45,1793.35,1860.39,1109468.42,2026-07-14 12:00:00
1784034000000,1860.39,1883.38,1854.04,1870.79,684881.782,2026-07-14 13:00:00
1784037600000,1870.78,1884.97,1858.94,1880.23,319451.172,2026-07-14 14:00:00
1784041200000,1880.23,1888.48,1871.76,1874.52,296452.102,2026-07-14 15:00:00
1784044800000,1874.51,1876.5,1867.76,1873.26,129396.967,2026-07-14 16:00:00
1784048400000,1873.26,1873.27,1860.09,1870.96,146746.453,2026-07-14 17:00:00
1784052000000,1870.96,1876.0,1867.5,1873.89,60956.739,2026-07-14 18:00:00
1784055600000,1873.89,1880.88,1873.46,1875.94,74896.21,2026-07-14 19:00:00
1784059200000,1875.94,1877.87,1872.86,1874.46,42917.977,2026-07-14 20:00:00
1784062800000,1874.46,1878.84,1873.54,1875.41,38223.202,2026-07-14 21:00:00
1784066400000,1875.42,1897.99,1870.83,1881.16,227407.239,2026-07-14 22:00:00
1784070000000,1881.15,1892.98,1877.58,1891.12,93796.302,2026-07-14 23:00:00
1784073600000,1891.12,1892.58,1877.11,1880.8,111219.309,2026-07-15 00:00:00
1784077200000,1880.8,1881.3,1866.67,1869.64,127949.174,2026-07-15 01:00:00
1784080800000,1869.64,1872.41,1863.63,1863.92,85533.888,2026-07-15 02:00:00
1784084400000,1863.93,1878.78,1863.7,1875.48,111057.317,2026-07-15 03:00:00
1784088000000,1875.47,1879.7,1872.5,1875.69,66701.624,2026-07-15 04:00:00
1784091600000,1875.7,1882.97,1870.9,1881.93,83722.125,2026-07-15 05:00:00
1784095200000,1881.94,1891.45,1873.82,1874.76,226472.387,2026-07-15 06:00:00
1784098800000,1874.76,1876.48,1863.14,1869.25,194188.001,2026-07-15 07:00:00
1784102400000,1869.25,1879.0,1869.2,1878.2,93843.112,2026-07-15 08:00:00
1784106000000,1878.21,1885.69,1877.7,1878.78,128817.445,2026-07-15 09:00:00
1784109600000,1878.78,1885.34,1873.58,1877.02,107417.825,2026-07-15 10:00:00
1784113200000,1877.02,1885.0,1876.34,1883.61,93148.004,2026-07-15 11:00:00
1784116800000,1883.61,1928.87,1878.14,1926.41,702091.577,2026-07-15 12:00:00
1784120400000,1926.4,1946.0,1916.46,1925.21,743849.059,2026-07-15 13:00:00
1784124000000,1925.21,1934.79,1918.49,1932.28,281106.563,2026-07-15 14:00:00
1784127600000,1932.27,1938.53,1924.67,1930.79,159632.971,2026-07-15 15:00:00
1784131200000,1930.78,1932.0,1903.31,1918.89,356705.051,2026-07-15 16:00:00
1784134800000,1918.89,1931.71,1918.53,1927.13,168111.97,2026-07-15 17:00:00
1784138400000,1927.13,1936.0,1921.43,1923.69,142276.333,2026-07-15 18:00:00
1784142000000,1923.7,1928.38,1918.15,1923.12,78477.211,2026-07-15 19:00:00
1784145600000,1923.11,1929.9,1918.6,1922.52,63894.848,2026-07-15 20:00:00
1784149200000,1922.52,1924.89,1918.82,1921.31,39962.058,2026-07-15 21:00:00
1784152800000,1921.31,1928.32,1917.36,1922.33,71192.895,2026-07-15 22:00:00
1784156400000,1922.32,1926.28,1913.76,1917.04,63117.862,2026-07-15 23:00:00
1784160000000,1917.04,1924.44,1910.78,1914.15,113181.519,2026-07-16 00:00:00
1784163600000,1914.16,1925.29,1907.3,1921.85,126685.612,2026-07-16 01:00:00
1784167200000,1921.85,1925.69,1918.04,1924.38,53707.959,2026-07-16 02:00:00
1784170800000,1924.38,1928.55,1916.1,1917.86,86071.832,2026-07-16 03:00:00
1784174400000,1917.86,1920.12,1913.37,1917.65,61401.162,2026-07-16 04:00:00
1784178000000,1917.66,1926.87,1916.5,1924.53,84520.419,2026-07-16 05:00:00
1784181600000,1924.52,1929.38,1914.64,1921.8,96646.4,2026-07-16 06:00:00
1784185200000,1921.79,1921.8,1904.1,1909.92,205726.337,2026-07-16 07:00:00
1784188800000,1909.91,1912.5,1873.64,1885.49,721421.709,2026-07-16 08:00:00
1784192400000,1885.49,1888.76,1879.56,1883.95,114457.961,2026-07-16 09:00:00
1784196000000,1883.94,1890.89,1883.0,1887.62,92967.438,2026-07-16 10:00:00
1784199600000,1887.6,1887.63,1878.32,1884.24,102246.024,2026-07-16 11:00:00
1784203200000,1884.24,1884.24,1866.46,1871.72,267152.39,2026-07-16 12:00:00
1784206800000,1871.71,1889.73,1870.3,1881.62,266776.98,2026-07-16 13:00:00
1784210400000,1881.61,1892.5,1873.66,1882.6,237107.196,2026-07-16 14:00:00
1784214000000,1882.59,1893.79,1870.01,1881.16,271005.149,2026-07-16 15:00:00
1784217600000,1881.15,1882.51,1873.41,1878.19,125776.692,2026-07-16 16:00:00
1784221200000,1878.18,1878.64,1860.33,1868.32,233585.373,2026-07-16 17:00:00
1784224800000,1868.32,1879.34,1867.14,1875.13,92479.056,2026-07-16 18:00:00
1784228400000,1875.14,1877.08,1870.28,1874.82,51960.421,2026-07-16 19:00:00
1784232000000,1874.83,1875.0,1870.85,1871.06,27642.48,2026-07-16 20:00:00
1784235600000,1871.05,1881.0,1871.03,1877.79,47974.84,2026-07-16 21:00:00
1784239200000,1877.8,1880.8,1867.01,1868.19,64927.239,2026-07-16 22:00:00
1784242800000,1868.19,1869.99,1856.25,1863.86,170611.371,2026-07-16 23:00:00
1784246400000,1863.85,1866.17,1845.6,1865.0,218863.692,2026-07-17 00:00:00
1784250000000,1865.0,1870.31,1846.77,1850.42,213153.511,2026-07-17 01:00:00
1784253600000,1850.41,1855.11,1842.21,1847.47,188422.011,2026-07-17 02:00:00
1784257200000,1847.47,1858.87,1846.54,1851.89,117928.11,2026-07-17 03:00:00
1784260800000,1851.88,1852.67,1843.13,1849.21,135781.556,2026-07-17 04:00:00
1784264400000,1849.2,1849.2,1820.34,1823.3,407722.443,2026-07-17 05:00:00
1784268000000,1823.3,1835.84,1819.4,1831.5,244111.292,2026-07-17 06:00:00
1784271600000,1831.5,1833.13,1825.03,1827.36,110600.321,2026-07-17 07:00:00
1784275200000,1827.36,1831.83,1820.16,1829.26,146262.053,2026-07-17 08:00:00
1784278800000,1829.26,1835.53,1828.25,1834.28,85643.742,2026-07-17 09:00:00
1784282400000,1834.27,1839.52,1833.21,1835.98,113964.175,2026-07-17 10:00:00
1784286000000,1835.98,1842.29,1832.1,1838.31,96374.172,2026-07-17 11:00:00
1784289600000,1838.3,1839.38,1826.5,1827.77,119991.697,2026-07-17 12:00:00
1784293200000,1827.76,1828.43,1802.34,1824.84,538094.085,2026-07-17 13:00:00
1784296800000,1824.84,1833.41,1816.09,1821.32,280316.703,2026-07-17 14:00:00
1784300400000,1821.32,1830.99,1809.44,1829.95,235284.798,2026-07-17 15:00:00
1784304000000,1829.95,1839.98,1825.5,1835.01,201095.888,2026-07-17 16:00:00
1784307600000,1835.01,1855.65,1835.01,1842.79,254457.559,2026-07-17 17:00:00
1784311200000,1842.79,1848.73,1833.82,1845.94,126977.868,2026-07-17 18:00:00
1784314800000,1845.94,1846.0,1834.35,1842.69,86944.391,2026-07-17 19:00:00
1784318400000,1842.66,1845.32,1836.19,1841.88,54205.95,2026-07-17 20:00:00
1784322000000,1841.86,1845.82,1839.22,1840.6,38766.223,2026-07-17 21:00:00
1784325600000,1840.59,1843.01,1836.7,1839.0,27135.17,2026-07-17 22:00:00
1784329200000,1839.0,1843.77,1834.23,1840.99,42817.944,2026-07-17 23:00:00
1784332800000,1840.99,1844.36,1839.0,1839.88,29945.567,2026-07-18 00:00:00
1784336400000,1839.87,1842.65,1838.39,1841.75,26745.638,2026-07-18 01:00:00
1784340000000,1841.75,1846.01,1840.28,1840.91,41122.534,2026-07-18 02:00:00
1784343600000,1840.9,1845.54,1840.5,1845.08,29946.948,2026-07-18 03:00:00
1784347200000,1845.07,1845.2,1841.39,1843.86,25492.372,2026-07-18 04:00:00
1784350800000,1843.87,1848.69,1842.0,1844.94,45767.801,2026-07-18 05:00:00
1784354400000,1844.95,1847.0,1842.0,1843.92,33558.08,2026-07-18 06:00:00
1784358000000,1843.93,1845.09,1842.0,1843.31,23467.904,2026-07-18 07:00:00
1784361600000,1843.3,1848.35,1841.27,1846.55,45006.535,2026-07-18 08:00:00
1784365200000,1846.56,1847.1,1842.0,1844.11,35019.489,2026-07-18 09:00:00
1784368800000,1844.12,1845.77,1842.88,1844.5,17394.317,2026-07-18 10:00:00
1784372400000,1844.51,1845.83,1843.37,1844.51,13460.458,2026-07-18 11:00:00
1784376000000,1844.51,1849.79,1839.15,1843.83,97631.423,2026-07-18 12:00:00
1784379600000,1843.83,1843.83,1836.41,1840.72,72949.858,2026-07-18 13:00:00
1784383200000,1840.72,1845.36,1839.78,1845.0,56040.161,2026-07-18 14:00:00
1784386800000,1845.0,1845.33,1841.1,1843.07,26469.095,2026-07-18 15:00:00
1784390400000,1843.07,1846.48,1840.38,1845.26,36037.321,2026-07-18 16:00:00
1784394000000,1845.26,1852.66,1842.57,1851.75,98449.011,2026-07-18 17:00:00
1784397600000,1851.74,1868.85,1848.69,1856.52,192609.733,2026-07-18 18:00:00
1784401200000,1856.53,1860.59,1854.28,1857.43,46870.483,2026-07-18 19:00:00
1784404800000,1857.42,1862.61,1854.56,1856.1,41292.256,2026-07-18 20:00:00
1784408400000,1856.11,1862.48,1854.98,1860.01,47819.909,2026-07-18 21:00:00
1784412000000,1860.01,1864.82,1858.58,1862.57,49284.732,2026-07-18 22:00:00
1784415600000,1862.56,1863.48,1859.08,1861.76,27689.134,2026-07-18 23:00:00
1784419200000,1861.76,1863.05,1858.23,1860.44,34301.24,2026-07-19 00:00:00
1784422800000,1860.45,1860.69,1857.37,1858.21,34881.55,2026-07-19 01:00:00
1784426400000,1858.22,1876.88,1857.23,1870.64,191235.699,2026-07-19 02:00:00
1784430000000,1870.64,1872.18,1862.88,1866.42,78170.519,2026-07-19 03:00:00
1784433600000,1866.42,1869.83,1863.37,1866.38,52957.604,2026-07-19 04:00:00
1784437200000,1866.4,1869.42,1864.66,1867.58,38732.506,2026-07-19 05:00:00
1784440800000,1867.58,1870.93,1867.25,1868.25,34479.851,2026-07-19 06:00:00
1784444400000,1868.26,1871.2,1866.0,1869.18,38375.135,2026-07-19 07:00:00
1784448000000,1869.18,1874.88,1866.68,1872.7,54934.62,2026-07-19 08:00:00
1784451600000,1872.69,1873.02,1864.17,1865.51,75321.512,2026-07-19 09:00:00
1784455200000,1865.5,1879.81,1863.01,1871.45,120736.031,2026-07-19 10:00:00
1784458800000,1871.45,1878.18,1868.93,1870.51,93370.957,2026-07-19 11:00:00
1784462400000,1870.5,1874.0,1863.54,1869.74,134782.567,2026-07-19 12:00:00
1784466000000,1869.73,1873.21,1865.0,1871.06,59292.43,2026-07-19 13:00:00
1784469600000,1871.07,1878.96,1867.56,1873.82,83479.29,2026-07-19 14:00:00
1784473200000,1873.82,1875.23,1868.0,1870.2,50325.9,2026-07-19 15:00:00
1784476800000,1870.19,1873.26,1865.0,1865.88,69187.515,2026-07-19 16:00:00
1784480400000,1865.87,1873.62,1856.0,1866.23,166871.444,2026-07-19 17:00:00
1784484000000,1866.23,1866.95,1850.08,1860.17,162588.973,2026-07-19 18:00:00
1784487600000,1860.17,1862.26,1853.71,1861.62,37021.694,2026-07-19 19:00:00
1784491200000,1861.62,1866.47,1861.26,1866.46,39862.791,2026-07-19 20:00:00
1784494800000,1866.46,1867.86,1856.51,1861.02,46638.615,2026-07-19 21:00:00
1784498400000,1861.02,1876.36,1856.01,1869.61,159650.577,2026-07-19 22:00:00
1784502000000,1869.61,1874.63,1863.88,1871.31,69896.285,2026-07-19 23:00:00
1784505600000,1871.31,1891.45,1861.25,1871.31,337295.232,2026-07-20 00:00:00
1784509200000,1871.31,1889.5,1864.71,1868.55,203977.059,2026-07-20 01:00:00
1784512800000,1868.56,1882.72,1866.75,1878.0,160782.044,2026-07-20 02:00:00
1784516400000,1878.01,1881.45,1870.0,1878.99,86110.64,2026-07-20 03:00:00
1784520000000,1878.99,1879.18,1867.21,1868.04,107147.427,2026-07-20 04:00:00
1784523600000,1868.05,1869.21,1850.19,1854.55,226588.353,2026-07-20 05:00:00
1784527200000,1854.55,1859.37,1841.0,1848.57,231614.877,2026-07-20 06:00:00
1784530800000,1848.56,1864.93,1848.0,1862.99,157537.518,2026-07-20 07:00:00
1784534400000,1862.99,1867.58,1853.0,1859.74,167698.044,2026-07-20 08:00:00
1784538000000,1859.74,1866.69,1856.79,1863.25,69643.548,2026-07-20 09:00:00
1784541600000,1863.23,1872.46,1861.67,1868.0,88094.672,2026-07-20 10:00:00
1784545200000,1867.99,1897.0,1866.95,1892.35,381341.988,2026-07-20 11:00:00
1784548800000,1892.34,1893.1,1870.4,1872.43,242339.238,2026-07-20 12:00:00
1784552400000,1872.43,1879.95,1856.28,1861.8,325262.321,2026-07-20 13:00:00
1784556000000,1861.79,1871.3,1852.24,1867.38,227394.053,2026-07-20 14:00:00
1784559600000,1867.39,1905.0,1866.78,1901.5,439246.259,2026-07-20 15:00:00
1784563200000,1901.5,1906.56,1892.7,1898.43,260459.397,2026-07-20 16:00:00
1784566800000,1898.43,1909.96,1894.5,1906.62,152020.179,2026-07-20 17:00:00
1784570400000,1906.63,1917.55,1896.59,1898.55,286845.159,2026-07-20 18:00:00
1784574000000,1898.56,1900.41,1888.2,1897.65,146961.093,2026-07-20 19:00:00
1784577600000,1897.65,1906.24,1895.22,1904.06,58989.1,2026-07-20 20:00:00
1784581200000,1904.06,1906.93,1900.83,1901.51,37283.319,2026-07-20 21:00:00
1784584800000,1901.51,1901.75,1893.33,1894.78,66425.89,2026-07-20 22:00:00
1784588400000,1894.77,1904.67,1894.27,1903.75,46578.976,2026-07-20 23:00:00
1784592000000,1903.75,1916.99,1899.51,1913.94,116933.626,2026-07-21 00:00:00
1784595600000,1913.93,1917.84,1905.83,1906.38,123895.959,2026-07-21 01:00:00
1784599200000,1906.39,1924.0,1903.49,1916.3,146553.765,2026-07-21 02:00:00
1784602800000,1916.3,1927.99,1915.85,1925.63,158808.695,2026-07-21 03:00:00
1784606400000,1925.63,1930.78,1921.51,1923.5,147129.579,2026-07-21 04:00:00
1784610000000,1923.49,1935.99,1920.73,1929.55,144357.88,2026-07-21 05:00:00
1784613600000,1929.55,1939.08,1926.6,1934.01,197799.651,2026-07-21 06:00:00
1784617200000,1934.0,1939.99,1932.01,1933.04,114285.543,2026-07-21 07:00:00
1784620800000,1933.03,1952.66,1930.07,1938.89,340500.94,2026-07-21 08:00:00
1784624400000,1938.88,1942.63,1935.44,1940.93,89273.361,2026-07-21 09:00:00
1784628000000,1940.93,1946.21,1930.54,1933.03,149929.931,2026-07-21 10:00:00
1784631600000,1933.03,1936.7,1924.81,1934.87,168543.463,2026-07-21 11:00:00
1784635200000,1934.87,1944.46,1931.89,1941.64,140375.884,2026-07-21 12:00:00
1784638800000,1941.63,1942.5,1926.1,1939.39,220211.348,2026-07-21 13:00:00
1784642400000,1939.4,1943.32,1926.5,1930.95,219223.802,2026-07-21 14:00:00
1784646000000,1930.96,1931.6,1922.39,1930.88,178225.257,2026-07-21 15:00:00
1784649600000,1930.88,1934.5,1920.57,1925.5,126478.116,2026-07-21 16:00:00
1784653200000,1925.5,1927.41,1911.54,1917.81,153501.231,2026-07-21 17:00:00
1784656800000,1917.81,1922.04,1914.0,1919.06,103244.574,2026-07-21 18:00:00
1784660400000,1919.06,1925.29,1916.98,1922.45,66350.538,2026-07-21 19:00:00
1784664000000,1922.44,1925.25,1920.37,1922.0,31213.533,2026-07-21 20:00:00
1784667600000,1922.0,1925.84,1918.7,1923.06,39933.215,2026-07-21 21:00:00
1784671200000,1923.07,1923.07,1916.67,1919.73,37018.156,2026-07-21 22:00:00
1784674800000,1919.74,1931.97,1915.4,1929.21,93494.818,2026-07-21 23:00:00
1784678400000,1929.2,1943.5,1927.95,1938.13,199226.054,2026-07-22 00:00:00
1784682000000,1938.13,1939.6,1926.27,1932.54,124791.174,2026-07-22 01:00:00
1784685600000,1932.51,1935.43,1925.51,1929.24,75964.702,2026-07-22 02:00:00
1784689200000,1929.24,1934.95,1925.29,1927.41,90468.197,2026-07-22 03:00:00
1784692800000,1927.41,1938.17,1927.0,1935.43,77024.417,2026-07-22 04:00:00
1784696400000,1935.44,1935.7,1917.2,1918.71,178632.095,2026-07-22 05:00:00
1784700000000,1918.71,1920.33,1911.65,1916.66,153851.074,2026-07-22 06:00:00
1784703600000,1916.66,1918.16,1909.27,1913.51,123364.375,2026-07-22 07:00:00
1784707200000,1913.5,1924.51,1913.04,1920.2,121586.999,2026-07-22 08:00:00
1784710800000,1920.2,1925.81,1918.29,1923.66,96452.996,2026-07-22 09:00:00
1784714400000,1923.67,1933.3,1922.26,1929.79,134203.581,2026-07-22 10:00:00
1784718000000,1929.79,1930.7,1921.26,1926.5,98697.076,2026-07-22 11:00:00
1784721600000,1926.51,1926.62,1912.08,1916.18,157257.918,2026-07-22 12:00:00
1784725200000,1916.18,1941.67,1916.01,1938.74,327605.601,2026-07-22 13:00:00
1784728800000,1938.73,1956.86,1921.9,1932.15,558464.471,2026-07-22 14:00:00
1784732400000,1932.15,1951.48,1931.87,1941.95,372171.421,2026-07-22 15:00:00
1784736000000,1941.95,1955.41,1933.96,1948.75,277956.708,2026-07-22 16:00:00
1784739600000,1948.75,1949.2,1933.52,1937.46,157347.488,2026-07-22 17:00:00
1784743200000,1937.45,1939.0,1922.15,1929.73,219038.632,2026-07-22 18:00:00
1784746800000,1929.74,1931.12,1920.0,1924.1,99746.857,2026-07-22 19:00:00
1784750400000,1924.1,1929.37,1922.0,1925.89,59728.926,2026-07-22 20:00:00
1784754000000,1925.86,1939.47,1925.76,1937.89,74662.536,2026-07-22 21:00:00
1784757600000,1937.9,1938.38,1929.6,1937.5,52779.331,2026-07-22 22:00:00
1784761200000,1937.5,1937.74,1922.09,1933.48,95358.12,2026-07-22 23:00:00
1784764800000,1933.49,1940.97,1931.2,1931.2,105325.736,2026-07-23 00:00:00
1784768400000,1931.2,1935.89,1925.68,1927.59,90581.242,2026-07-23 01:00:00
1784772000000,1927.59,1928.71,1920.77,1926.78,87183.794,2026-07-23 02:00:00
1784775600000,1926.79,1927.17,1916.49,1919.58,123793.096,2026-07-23 03:00:00
1784779200000,1919.57,1925.29,1917.4,1918.93,79021.248,2026-07-23 04:00:00
1784782800000,1918.93,1927.92,1917.36,1921.84,98095.378,2026-07-23 05:00:00
1784786400000,1921.83,1925.96,1920.0,1924.4,54629.606,2026-07-23 06:00:00
1784790000000,1924.4,1924.41,1911.62,1914.9,163919.053,2026-07-23 07:00:00
1784793600000,1914.9,1926.53,1913.6,1925.41,140816.877,2026-07-23 08:00:00
1784797200000,1925.4,1930.97,1922.22,1923.13,162223.765,2026-07-23 09:00:00
1784800800000,1923.13,1929.37,1920.67,1926.99,72711.972,2026-07-23 10:00:00
1784804400000,1926.98,1928.0,1923.49,1924.7,43883.681,2026-07-23 11:00:00
1784808000000,1924.71,1926.9,1893.4,1903.59,459819.602,2026-07-23 12:00:00
1784811600000,1903.6,1908.21,1894.25,1897.78,270085.08,2026-07-23 13:00:00
1784815200000,1897.78,1906.5,1891.36,1895.71,250992.532,2026-07-23 14:00:00
1784818800000,1895.71,1897.38,1882.05,1894.68,391921.963,2026-07-23 15:00:00
1784822400000,1894.67,1894.82,1883.3,1887.22,158977.53,2026-07-23 16:00:00
1784826000000,1887.23,1891.31,1872.0,1877.6,176970.856,2026-07-23 17:00:00
1784829600000,1877.59,1883.54,1874.88,1879.99,137428.448,2026-07-23 18:00:00
1784833200000,1880.0,1882.5,1867.51,1874.67,118837.423,2026-07-23 19:00:00
1784836800000,1874.66,1887.93,1873.81,1884.93,79835.046,2026-07-23 20:00:00
1784840400000,1884.93,1888.31,1879.66,1881.8,58337.883,2026-07-23 21:00:00
1784844000000,1881.8,1883.26,1872.54,1882.53,79056.297,2026-07-23 22:00:00
1784847600000,1882.52,1883.78,1874.7,1877.45,53281.47,2026-07-23 23:00:00
1784851200000,1877.45,1878.3,1858.22,1870.36,225318.585,2026-07-24 00:00:00
1784854800000,1870.36,1876.69,1869.43,1871.73,96000.572,2026-07-24 01:00:00
1784858400000,1871.72,1877.46,1863.85,1868.84,106343.591,2026-07-24 02:00:00
1784862000000,1868.84,1880.81,1867.44,1879.6,108878.485,2026-07-24 03:00:00
1784865600000,1879.61,1881.18,1873.7,1875.07,62436.888,2026-07-24 04:00:00
1784869200000,1875.07,1881.21,1872.41,1879.92,71194.45,2026-07-24 05:00:00
1784872800000,1879.91,1887.5,1877.6,1887.04,112620.988,2026-07-24 06:00:00
1784876400000,1887.05,1908.99,1887.05,1895.15,451796.018,2026-07-24 07:00:00
1784880000000,1895.16,1895.29,1885.18,1887.22,98914.453,2026-07-24 08:00:00
1784883600000,1887.22,1888.35,1876.26,1887.23,157294.163,2026-07-24 09:00:00
1784887200000,1887.22,1887.78,1879.15,1882.67,62779.339,2026-07-24 10:00:00
1784890800000,1882.67,1883.6,1875.02,1882.9,98362.714,2026-07-24 11:00:00
1784894400000,1882.9,1885.08,1871.0,1871.78,127400.519,2026-07-24 12:00:00
1784898000000,1871.77,1874.52,1847.07,1857.13,520389.077,2026-07-24 13:00:00
1784901600000,1857.12,1862.4,1846.9,1862.02,297524.308,2026-07-24 14:00:00
1784905200000,1862.01,1868.58,1853.22,1861.17,240267.541,2026-07-24 15:00:00
1784908800000,1861.16,1865.33,1852.46,1856.57,125899.589,2026-07-24 16:00:00
1784912400000,1856.57,1865.76,1854.26,1865.73,87954.03,2026-07-24 17:00:00
1784916000000,1865.73,1866.15,1857.57,1861.78,62289.237,2026-07-24 18:00:00
1784919600000,1861.78,1863.5,1857.01,1862.71,38345.159,2026-07-24 19:00:00
1784923200000,1862.71,1864.47,1857.14,1859.95,42391.11,2026-07-24 20:00:00
1784926800000,1859.95,1860.96,1856.09,1856.88,47849.887,2026-07-24 21:00:00
1784930400000,1856.88,1860.8,1855.74,1858.65,30688.864,2026-07-24 22:00:00
1784934000000,1858.64,1861.2,1858.09,1860.75,19040.994,2026-07-24 23:00:00
1784937600000,1860.74,1863.95,1856.13,1859.5,69111.871,2026-07-25 00:00:00
1784941200000,1859.49,1862.92,1857.24,1859.31,52213.516,2026-07-25 01:00:00
1784944800000,1859.3,1860.99,1857.43,1858.71,27153.372,2026-07-25 02:00:00
1784948400000,1858.7,1859.78,1854.5,1857.87,36865.525,2026-07-25 03:00:00
1784952000000,1857.88,1861.75,1857.63,1860.5,30374.529,2026-07-25 04:00:00
1784955600000,1860.49,1862.15,1856.06,1857.81,43178.742,2026-07-25 05:00:00
1784959200000,1857.8,1859.5,1853.66,1857.7,45384.881,2026-07-25 06:00:00
1784962800000,1857.7,1857.9,1855.2,1855.2,27453.484,2026-07-25 07:00:00
1784966400000,1855.2,1855.49,1850.46,1853.1,51425.261,2026-07-25 08:00:00
1784970000000,1853.1,1858.29,1850.75,1857.56,53161.823,2026-07-25 09:00:00
1784973600000,1857.56,1858.67,1856.0,1857.89,33495.316,2026-07-25 10:00:00
1784977200000,1857.89,1859.4,1856.67,1856.98,32556.819,2026-07-25 11:00:00
1784980800000,1856.99,1859.66,1856.01,1859.33,26933.818,2026-07-25 12:00:00
1784984400000,1859.32,1871.98,1859.13,1866.39,160313.324,2026-07-25 13:00:00
1784988000000,1866.38,1868.56,1864.27,1867.89,52506.56,2026-07-25 14:00:00
1784991600000,1867.88,1870.76,1866.22,1867.06,47253.077,2026-07-25 15:00:00
1784995200000,1867.05,1870.04,1863.77,1867.32,48674.272,2026-07-25 16:00:00
1784998800000,1867.31,1874.88,1867.17,1872.25,77005.796,2026-07-25 17:00:00
1785002400000,1872.26,1876.79,1871.67,1874.54,64000.909,2026-07-25 18:00:00
1785006000000,1874.54,1875.77,1873.54,1873.91,20168.541,2026-07-25 19:00:00
1785009600000,1873.91,1874.0,1869.62,1871.23,28269.443,2026-07-25 20:00:00
1785013200000,1871.24,1874.95,1866.21,1871.6,35396.064,2026-07-25 21:00:00
1785016800000,1871.6,1876.35,1871.38,1874.84,24420.7,2026-07-25 22:00:00
1785020400000,1874.84,1875.36,1872.45,1873.8,21773.692,2026-07-25 23:00:00
1785024000000,1873.8,1881.13,1872.8,1880.27,74845.368,2026-07-26 00:00:00
1785027600000,1880.28,1881.08,1877.0,1877.77,43331.29,2026-07-26 01:00:00
1785031200000,1877.77,1880.58,1876.0,1879.86,30654.814,2026-07-26 02:00:00
1785034800000,1879.86,1883.62,1878.0,1881.46,56084.506,2026-07-26 03:00:00
1785038400000,1881.47,1888.81,1879.58,1885.39,87773.232,2026-07-26 04:00:00
1785042000000,1885.4,1886.65,1881.77,1882.57,46542.871,2026-07-26 05:00:00
1785045600000,1882.57,1884.63,1877.5,1884.07,75209.207,2026-07-26 06:00:00
1785049200000,1884.07,1885.61,1879.79,1880.98,41243.356,2026-07-26 07:00:00
1785052800000,1880.98,1881.85,1878.36,1880.68,33425.949,2026-07-26 08:00:00
1785056400000,1880.68,1884.99,1880.6,1882.87,35820.02,2026-07-26 09:00:00
1785060000000,1882.87,1886.9,1881.28,1885.18,38388.251,2026-07-26 10:00:00
1785063600000,1885.17,1886.92,1883.63,1884.98,34789.727,2026-07-26 11:00:00
1785067200000,1884.99,1893.34,1884.7,1885.51,99544.576,2026-07-26 12:00:00
1785070800000,1885.51,1888.33,1881.04,1885.75,72292.409,2026-07-26 13:00:00
1785074400000,1885.74,1899.55,1885.74,1897.81,197550.266,2026-07-26 14:00:00
1785078000000,1897.8,1916.78,1896.93,1913.71,349232.308,2026-07-26 15:00:00
1785081600000,1913.71,1927.5,1907.73,1915.55,275466.005,2026-07-26 16:00:00
1785085200000,1915.55,1917.0,1910.01,1910.44,89160.34,2026-07-26 17:00:00
1785088800000,1910.44,1916.1,1910.19,1913.63,43641.49,2026-07-26 18:00:00
1785092400000,1913.63,1915.11,1911.2,1913.45,21131.744,2026-07-26 19:00:00
1785096000000,1913.45,1913.9,1910.38,1912.77,14539.489,2026-07-26 20:00:00
1785099600000,1912.77,1930.0,1912.77,1925.19,105442.108,2026-07-26 21:00:00
1785103200000,1925.2,1952.0,1925.2,1948.9,334937.355,2026-07-26 22:00:00
1785106800000,1948.89,1966.0,1944.24,1953.75,353771.77,2026-07-26 23:00:00
1785110400000,1953.76,1954.47,1938.63,1941.52,160739.574,2026-07-27 00:00:00
1785114000000,1941.51,1947.7,1935.2,1947.49,140196.081,2026-07-27 01:00:00
1785117600000,1947.5,1948.5,1940.96,1942.55,74840.8,2026-07-27 02:00:00
1785121200000,1942.54,1949.8,1941.75,1948.8,50919.945,2026-07-27 03:00:00
1785124800000,1948.79,1962.6,1947.63,1952.55,220842.116,2026-07-27 04:00:00
1785128400000,1952.56,1969.99,1951.6,1964.34,164641.67,2026-07-27 05:00:00
1785132000000,1964.34,1982.29,1962.61,1967.6,292348.819,2026-07-27 06:00:00
1785135600000,1967.59,1970.99,1960.0,1963.51,128611.049,2026-07-27 07:00:00
1785139200000,1963.51,1968.0,1961.02,1963.0,88949.214,2026-07-27 08:00:00
1785142800000,1963.0,1967.25,1955.52,1964.23,154814.455,2026-07-27 09:00:00
1785146400000,1964.23,1971.74,1962.72,1966.59,90498.32,2026-07-27 10:00:00
1785150000000,1966.6,1966.6,1957.2,1958.8,69820.315,2026-07-27 11:00:00
1785153600000,1958.81,1963.77,1942.2,1956.64,281634.281,2026-07-27 12:00:00
1785157200000,1956.65,1977.48,1949.5,1959.98,391300.92,2026-07-27 13:00:00
1785160800000,1959.98,1965.91,1918.14,1931.45,626110.158,2026-07-27 14:00:00
1785164400000,1931.45,1937.43,1923.1,1926.73,193113.604,2026-07-27 15:00:00
1785168000000,1926.73,1945.98,1921.05,1939.7,246825.21,2026-07-27 16:00:00
1785171600000,1939.69,1945.41,1934.09,1942.84,90216.965,2026-07-27 17:00:00
1785175200000,1942.84,1943.72,1928.15,1938.27,102984.513,2026-07-27 18:00:00
1785178800000,1938.27,1954.65,1936.69,1947.49,131198.64,2026-07-27 19:00:00
1785182400000,1947.49,1949.6,1942.66,1945.87,39709.398,2026-07-27 20:00:00
1785186000000,1945.87,1949.44,1939.37,1941.23,52397.054,2026-07-27 21:00:00
1785189600000,1941.23,1941.24,1890.6,1892.63,387398.634,2026-07-27 22:00:00
1785193200000,1892.64,1895.4,1880.7,1891.55,287719.762,2026-07-27 23:00:00
1785196800000,1891.55,1893.56,1876.0,1877.94,205399.647,2026-07-28 00:00:00
1785200400000,1877.94,1881.86,1865.16,1874.98,232824.319,2026-07-28 01:00:00
1785204000000,1874.98,1879.73,1871.5,1874.85,87167.619,2026-07-28 02:00:00
1785207600000,1874.84,1882.64,1872.02,1880.28,97959.51,2026-07-28 03:00:00
1785211200000,1880.28,1881.8,1875.55,1878.35,64157.074,2026-07-28 04:00:00
1785214800000,1878.34,1888.74,1877.53,1882.15,103516.751,2026-07-28 05:00:00
1785218400000,1882.16,1887.99,1877.5,1887.52,89733.474,2026-07-28 06:00:00
1785222000000,1887.53,1887.95,1880.0,1882.76,60776.288,2026-07-28 07:00:00
1785225600000,1882.76,1884.85,1879.45,1883.49,61408.263,2026-07-28 08:00:00
1785229200000,1883.48,1884.0,1873.5,1875.34,75949.359,2026-07-28 09:00:00
1785232800000,1875.35,1880.0,1872.61,1877.7,95000.883,2026-07-28 10:00:00
1785236400000,1877.71,1881.5,1870.83,1875.78,120759.909,2026-07-28 11:00:00
1785240000000,1875.79,1892.43,1873.82,1891.39,147905.842,2026-07-28 12:00:00
1785243600000,1891.38,1895.22,1855.75,1872.94,502804.55,2026-07-28 13:00:00
1785247200000,1872.94,1892.5,1866.35,1887.72,347797.963,2026-07-28 14:00:00
1785250800000,1887.7,1924.01,1883.33,1918.89,575436.744,2026-07-28 15:00:00
1785254400000,1918.88,1928.53,1913.5,1924.74,207257.283,2026-07-28 16:00:00
1785258000000,1924.73,1924.74,1891.46,1900.9,357580.82,2026-07-28 17:00:00
1785261600000,1900.91,1914.5,1900.42,1910.32,145087.297,2026-07-28 18:00:00
1785265200000,1910.32,1921.32,1910.31,1921.19,89777.605,2026-07-28 19:00:00
1785268800000,1921.2,1923.0,1915.38,1917.51,62257.105,2026-07-28 20:00:00
1785272400000,1917.5,1929.96,1917.5,1923.13,63899.849,2026-07-28 21:00:00
1785276000000,1923.13,1926.4,1909.0,1910.86,88365.034,2026-07-28 22:00:00
1785279600000,1910.86,1922.45,1902.99,1921.15,135130.102,2026-07-28 23:00:00
1785283200000,1921.15,1928.22,1915.77,1916.26,128481.204,2026-07-29 00:00:00
1785286800000,1916.23,1917.38,1904.11,1904.63,122424.266,2026-07-29 01:00:00
1785290400000,1904.63,1918.85,1900.17,1910.19,142501.333,2026-07-29 02:00:00
1785294000000,1910.19,1912.47,1890.06,1891.95,193066.627,2026-07-29 03:00:00
1785297600000,1891.96,1905.48,1883.21,1904.56,220140.117,2026-07-29 04:00:00
1785301200000,1904.57,1914.34,1902.47,1911.45,127052.569,2026-07-29 05:00:00
1785304800000,1911.45,1920.84,1907.83,1919.18,126145.341,2026-07-29 06:00:00
1785308400000,1919.19,1924.32,1913.01,1923.48,137572.615,2026-07-29 07:00:00
1785312000000,1923.49,1924.07,1910.69,1914.23,112283.473,2026-07-29 08:00:00
1785315600000,1914.23,1923.65,1913.97,1921.22,92005.501,2026-07-29 09:00:00
1785319200000,1921.21,1921.46,1908.0,1910.96,93199.455,2026-07-29 10:00:00
1785322800000,1910.96,1915.88,1909.19,1914.16,82745.286,2026-07-29 11:00:00
1785326400000,1914.15,1914.16,1901.23,1904.32,97517.675,2026-07-29 12:00:00
1785330000000,1904.32,1910.79,1893.85,1908.52,211628.523,2026-07-29 13:00:00
1785333600000,1908.51,1910.53,1890.1,1894.31,217673.664,2026-07-29 14:00:00
1785337200000,1894.31,1897.82,1886.3,1891.21,141236.71,2026-07-29 15:00:00
1785340800000,1891.2,1899.0,1886.81,1894.46,118884.813,2026-07-29 16:00:00
1785344400000,1894.46,1917.67,1893.72,1915.45,186067.505,2026-07-29 17:00:00
1785348000000,1915.44,1936.6,1892.82,1919.59,624489.372,2026-07-29 18:00:00
1785351600000,1919.59,1921.96,1882.45,1887.78,371300.628,2026-07-29 19:00:00
1785355200000,1887.79,1891.1,1877.02,1883.29,217024.98,2026-07-29 20:00:00
1785358800000,1883.28,1897.74,1872.0,1897.73,151284.145,2026-07-29 21:00:00
1785362400000,1897.74,1911.16,1897.59,1906.34,135885.626,2026-07-29 22:00:00
1785366000000,1906.35,1912.91,1901.45,1909.77,75989.241,2026-07-29 23:00:00
1785369600000,1909.77,1914.54,1892.65,1897.37,135077.147,2026-07-30 00:00:00
1785373200000,1897.38,1921.79,1896.33,1915.99,195193.6,2026-07-30 01:00:00
1785376800000,1916.0,1919.3,1909.06,1910.19,102720.374,2026-07-30 02:00:00
1785380400000,1910.19,1914.29,1906.63,1909.19,61127.912,2026-07-30 03:00:00
1785384000000,1909.2,1910.2,1900.61,1901.26,72777.943,2026-07-30 04:00:00
1785387600000,1901.25,1908.85,1899.26,1905.51,95692.2,2026-07-30 05:00:00
1785391200000,1905.51,1905.9,1898.58,1900.34,55001.992,2026-07-30 06:00:00
1785394800000,1900.33,1907.49,1899.27,1902.38,83114.81,2026-07-30 07:00:00
1785398400000,1902.39,1917.2,1899.41,1913.99,125694.501,2026-07-30 08:00:00
1785402000000,1914.0,1923.79,1913.14,1917.26,132864.552,2026-07-30 09:00:00
1785405600000,1917.25,1920.84,1914.8,1917.28,64775.571,2026-07-30 10:00:00
1785409200000,1917.29,1925.9,1915.45,1922.28,87033.279,2026-07-30 11:00:00
1785412800000,1922.28,1926.98,1919.0,1924.26,122786.354,2026-07-30 12:00:00
1785416400000,1924.27,1936.33,1916.21,1928.79,267949.805,2026-07-30 13:00:00
1785420000000,1928.78,1929.29,1912.1,1916.67,240292.423,2026-07-30 14:00:00
1785423600000,1916.67,1923.53,1913.5,1918.18,97044.253,2026-07-30 15:00:00
1785427200000,1918.18,1925.24,1915.04,1918.44,82690.592,2026-07-30 16:00:00
1785430800000,1918.44,1924.46,1915.4,1919.84,48103.686,2026-07-30 17:00:00
1785434400000,1919.84,1921.8,1913.53,1915.49,34317.181,2026-07-30 18:00:00
1785438000000,1915.48,1928.62,1915.11,1922.85,69454.405,2026-07-30 19:00:00
1785441600000,1922.87,1926.62,1919.09,1920.77,40702.922,2026-07-30 20:00:00
1785445200000,1920.77,1923.59,1916.6,1917.84,27930.616,2026-07-30 21:00:00
1785448800000,1917.83,1932.55,1915.21,1924.8,85442.924,2026-07-30 22:00:00
1785452400000,1924.8,1935.9,1917.17,1917.53,135360.51,2026-07-30 23:00:00
1785456000000,1917.53,1921.49,1914.0,1916.16,92099.747,2026-07-31 00:00:00
1785459600000,1916.16,1935.44,1906.09,1909.59,295875.774,2026-07-31 01:00:00
1785463200000,1909.59,1911.38,1900.68,1903.44,162812.686,2026-07-31 02:00:00
1785466800000,1903.44,1910.59,1897.9,1907.83,122682.397,2026-07-31 03:00:00
1785470400000,1907.83,1908.46,1902.4,1905.02,50540.869,2026-07-31 04:00:00
1785474000000,1905.01,1908.32,1900.69,1905.39,54670.732,2026-07-31 05:00:00
1785477600000,1905.39,1910.51,1899.24,1901.75,73284.064,2026-07-31 06:00:00
1785481200000,1901.75,1901.75,1883.13,1889.11,279435.391,2026-07-31 07:00:00
1785484800000,1889.1,1892.43,1887.23,1889.55,80474.024,2026-07-31 08:00:00
1785488400000,1889.56,1890.36,1880.17,1882.83,106495.267,2026-07-31 09:00:00
1785492000000,1882.83,1889.43,1876.14,1886.05,132923.743,2026-07-31 10:00:00
1785495600000,1886.05,1888.8,1881.67,1883.71,54501.162,2026-07-31 11:00:00
1785499200000,1883.7,1884.01,1872.21,1882.02,179376.066,2026-07-31 12:00:00
1785502800000,1882.02,1889.68,1864.0,1866.43,285221.302,2026-07-31 13:00:00
1785506400000,1866.45,1869.5,1847.56,1859.39,591074.879,2026-07-31 14:00:00
1785510000000,1859.39,1865.84,1853.86,1862.01,139434.866,2026-07-31 15:00:00
1785513600000,1862.01,1866.88,1860.03,1863.8,70325.892,2026-07-31 16:00:00
1785517200000,1863.8,1877.49,1862.7,1874.06,118921.307,2026-07-31 17:00:00
1785520800000,1874.05,1875.92,1863.81,1870.91,78049.275,2026-07-31 18:00:00
1785524400000,1870.9,1873.3,1864.52,1867.3,57889.171,2026-07-31 19:00:00
1785528000000,1867.3,1869.81,1860.48,1861.42,74864.351,2026-07-31 20:00:00
1785531600000,1861.42,1864.09,1858.0,1860.94,94873.901,2026-07-31 21:00:00
1785535200000,1860.93,1864.54,1857.22,1860.51,43632.377,2026-07-31 22:00:00
1785538800000,1860.51,1863.86,1860.0,1861.69,24126.851,2026-07-31 23:00:00
1785542400000,1861.69,1867.0,1861.52,1863.99,40955.804,2026-08-01 00:00:00
1785546000000,1863.98,1866.56,1863.84,1865.96,30002.995,2026-08-01 01:00:00
1785549600000,1865.95,1869.0,1865.8,1867.18,29709.57,2026-08-01 02:00:00
1785553200000,1867.19,1869.0,1865.41,1868.99,23400.541,2026-08-01 03:00:00
1785556800000,1868.99,1869.78,1866.85,1868.68,31454.398,2026-08-01 04:00:00
1785560400000,1868.67,1870.19,1864.17,1866.65,41420.839,2026-08-01 05:00:00
1785564000000,1866.65,1869.99,1865.41,1869.49,23641.05,2026-08-01 06:00:00
1785567600000,1869.49,1871.0,1867.48,1868.94,24594.354,2026-08-01 07:00:00
1785571200000,1868.94,1869.43,1866.51,1868.35,20330.188,2026-08-01 08:00:00
1785574800000,1868.35,1869.88,1866.73,1867.16,21482.186,2026-08-01 09:00:00
1785578400000,1867.16,1868.19,1861.87,1866.41,62204.575,2026-08-01 10:00:00
1785582000000,1866.41,1866.8,1865.0,1866.15,17672.45,2026-08-01 11:00:00
1785585600000,1866.14,1869.0,1866.14,1868.16,29555.3,2026-08-01 12:00:00
1785589200000,1868.15,1868.68,1866.81,1868.32,18152.501,2026-08-01 13:00:00
1785592800000,1868.32,1874.44,1868.32,1874.2,70431.025,2026-08-01 14:00:00
1785596400000,1874.21,1874.41,1869.14,1869.14,40054.929,2026-08-01 15:00:00
1785600000000,1869.14,1872.7,1865.45,1867.99,41572.889,2026-08-01 16:00:00
1785603600000,1867.99,1869.4,1856.0,1861.17,115181.222,2026-08-01 17:00:00
1785607200000,1861.16,1862.21,1820.77,1835.73,579093.539,2026-08-01 18:00:00
1785610800000,1835.71,1839.5,1833.01,1836.23,94111.856,2026-08-01 19:00:00
1785614400000,1836.22,1839.3,1831.41,1837.32,57196.53,2026-08-01 20:00:00
1785618000000,1837.31,1845.41,1835.51,1844.82,88198.332,2026-08-01 21:00:00
1785621600000,1844.83,1848.5,1844.0,1846.43,42135.684,2026-08-01 22:00:00
1785625200000,1846.43,1848.08,1842.17,1844.06,48471.128,2026-08-01 23:00:00
1785628800000,1844.06,1848.87,1843.13,1845.87,55356.387,2026-08-02 00:00:00
1785632400000,1845.86,1859.78,1845.86,1856.01,133290.608,2026-08-02 01:00:00
1785636000000,1856.01,1883.98,1855.28,1875.99,342861.515,2026-08-02 02:00:00
1785639600000,1876.0,1879.52,1873.68,1876.53,70661.134,2026-08-02 03:00:00
1785643200000,1876.54,1881.67,1876.54,1880.0,70405.62,2026-08-02 04:00:00
1785646800000,1880.0,1881.67,1874.0,1875.56,69437.38,2026-08-02 05:00:00
1785650400000,1875.55,1878.45,1874.09,1876.81,33632.827,2026-08-02 06:00:00
1785654000000,1876.81,1877.87,1874.48,1875.35,24179.315,2026-08-02 07:00:00
1785657600000,1875.34,1878.19,1865.59,1867.33,108143.594,2026-08-02 08:00:00
1785661200000,1867.34,1872.57,1861.29,1869.99,98630.126,2026-08-02 09:00:00
1785664800000,1869.98,1870.22,1864.44,1867.54,42313.68,2026-08-02 10:00:00
1785668400000,1867.54,1868.68,1848.49,1851.9,192498.271,2026-08-02 11:00:00
1785672000000,1851.89,1859.76,1851.62,1855.84,92074.293,2026-08-02 12:00:00
1785675600000,1855.85,1857.0,1851.5,1854.0,52341.386,2026-08-02 13:00:00
1785679200000,1853.99,1858.8,1851.3,1854.01,69509.805,2026-08-02 14:00:00
1785682800000,1854.0,1863.32,1852.71,1857.87,69225.364,2026-08-02 15:00:00
1785686400000,1857.88,1864.93,1855.09,1862.16,64089.309,2026-08-02 16:00:00
1785690000000,1862.15,1869.86,1861.3,1867.72,66645.219,2026-08-02 17:00:00
1785693600000,1867.73,1887.56,1867.47,1875.25,173108.64,2026-08-02 18:00:00
1785697200000,1875.25,1882.91,1873.91,1881.3,54375.229,2026-08-02 19:00:00
1785700800000,1881.31,1884.83,1878.39,1882.77,48198.154,2026-08-02 20:00:00
1785704400000,1882.76,1898.0,1881.14,1889.55,147050.056,2026-08-02 21:00:00
1785708000000,1889.54,1897.0,1879.25,1881.12,123606.782,2026-08-02 22:00:00
1785711600000,1881.12,1885.41,1875.14,1884.16,76887.98,2026-08-02 23:00:00
1785715200000,1884.16,1884.93,1870.01,1873.17,94812.334,2026-08-03 00:00:00
1785718800000,1873.16,1874.67,1864.75,1866.09,93489.881,2026-08-03 01:00:00
1785722400000,1866.09,1871.29,1861.15,1863.2,91717.354,2026-08-03 02:00:00
1785726000000,1863.18,1864.91,1850.1,1856.06,153384.36,2026-08-03 03:00:00
1785729600000,1856.05,1862.29,1853.78,1853.99,104540.919,2026-08-03 04:00:00
1785733200000,1853.99,1859.9,1852.64,1858.88,65205.478,2026-08-03 05:00:00
1785736800000,1858.88,1860.55,1845.45,1848.45,149076.411,2026-08-03 06:00:00
1785740400000,1848.45,1849.01,1838.11,1843.0,194973.453,2026-08-03 07:00:00
1785744000000,1843.01,1844.88,1826.88,1839.58,268484.6,2026-08-03 08:00:00
1785747600000,1839.58,1853.5,1838.27,1851.56,136427.791,2026-08-03 09:00:00
1785751200000,1851.57,1853.6,1839.37,1845.54,128550.43,2026-08-03 10:00:00
1785754800000,1845.53,1847.3,1837.53,1838.86,128017.567,2026-08-03 11:00:00
1785758400000,1838.86,1844.8,1835.43,1842.71,88451.223,2026-08-03 12:00:00
1785762000000,1842.72,1859.86,1837.3,1858.34,272044.57,2026-08-03 13:00:00
1785765600000,1858.35,1873.71,1850.59,1872.79,357213.985,2026-08-03 14:00:00
1785769200000,1872.79,1873.0,1859.06,1862.61,165935.256,2026-08-03 15:00:00
1785772800000,1862.61,1871.28,1860.37,1865.3,113846.982,2026-08-03 16:00:00
1785776400000,1865.3,1873.78,1862.37,1867.88,92145.896,2026-08-03 17:00:00
1785780000000,1867.88,1873.26,1865.5,1867.93,47448.653,2026-08-03 18:00:00
1785783600000,1867.93,1875.61,1867.01,1869.0,71511.974,2026-08-03 19:00:00
1785787200000,1869.0,1874.99,1865.58,1868.0,44422.855,2026-08-03 20:00:00
1785790800000,1868.0,1868.39,1862.42,1862.8,42062.553,2026-08-03 21:00:00
1785794400000,1862.8,1865.46,1850.7,1859.41,115372.568,2026-08-03 22:00:00
1785798000000,1859.42,1859.77,1855.17,1859.77,33888.321,2026-08-03 23:00:00
1785801600000,1859.77,1862.33,1847.25,1850.32,116600.94,2026-08-04 00:00:00
1785805200000,1850.32,1868.88,1848.15,1866.59,132233.873,2026-08-04 01:00:00
1785808800000,1866.59,1871.94,1861.11,1865.22,70696.15,2026-08-04 02:00:00
1785812400000,1865.23,1866.34,1857.17,1863.4,77233.009,2026-08-04 03:00:00
1785816000000,1863.4,1873.91,1860.94,1867.06,79908.801,2026-08-04 04:00:00
1785819600000,1867.06,1869.76,1863.74,1863.91,57177.683,2026-08-04 05:00:00
1785823200000,1863.9,1868.04,1853.27,1856.55,106008.798,2026-08-04 06:00:00
1785826800000,1856.55,1864.29,1852.38,1862.95,89906.995,2026-08-04 07:00:00
1785830400000,1862.94,1865.65,1855.58,1857.09,56335.279,2026-08-04 08:00:00
1785834000000,1857.09,1858.31,1852.72,1858.15,48086.205,2026-08-04 09:00:00
1785837600000,1858.15,1872.24,1853.23,1865.89,128837.26,2026-08-04 10:00:00
1785841200000,1865.88,1873.99,1865.1,1871.77,106481.085,2026-08-04 11:00:00
1785844800000,1871.78,1881.62,1866.47,1874.08,156389.373,2026-08-04 12:00:00
1785848400000,1874.07,1876.63,1858.36,1860.99,239354.556,2026-08-04 13:00:00
1785852000000,1861.0,1874.77,1857.33,1871.94,234922.587,2026-08-04 14:00:00
1785855600000,1871.94,1877.1,1860.83,1871.99,156970.654,2026-08-04 15:00:00
1785859200000,1871.99,1872.71,1864.59,1868.86,65644.348,2026-08-04 16:00:00
1785862800000,1868.86,1876.98,1866.0,1868.73,82492.596,2026-08-04 17:00:00
1785866400000,1868.72,1880.0,1868.4,1874.3,116386.469,2026-08-04 18:00:00
1785870000000,1874.3,1880.73,1872.78,1874.08,50140.281,2026-08-04 19:00:00
1785873600000,1874.09,1878.82,1864.68,1875.5,89465.63,2026-08-04 20:00:00
1785877200000,1875.5,1875.59,1870.59,1871.13,28708.474,2026-08-04 21:00:00
1785880800000,1871.14,1875.97,1867.34,1874.76,30215.807,2026-08-04 22:00:00
1785884400000,1874.77,1880.36,1868.03,1868.76,73788.935,2026-08-04 23:00:00
1785888000000,1868.76,1873.0,1862.5,1863.2,97761.779,2026-08-05 00:00:00
1785891600000,1863.19,1873.61,1860.4,1872.44,84200.35,2026-08-05 01:00:00
1785895200000,1872.44,1877.0,1871.5,1873.49,73873.985,2026-08-05 02:00:00
1785898800000,1873.49,1875.2,1862.9,1867.07,98743.489,2026-08-05 03:00:00
1785902400000,1867.08,1869.18,1864.0,1866.52,39848.739,2026-08-05 04:00:00
1785906000000,1866.52,1876.88,1866.18,1872.48,68106.146,2026-08-05 05:00:00
1785909600000,1872.47,1872.78,1867.37,1869.1,47944.724,2026-08-05 06:00:00
1785913200000,1869.1,1872.23,1862.96,1872.12,130344.516,2026-08-05 07:00:00
1785916800000,1872.12,1874.0,1866.51,1868.76,66752.801,2026-08-05 08:00:00
1785920400000,1868.77,1873.66,1867.95,1870.76,49750.883,2026-08-05 09:00:00
1785924000000,1870.76,1875.0,1865.27,1867.49,80542.373,2026-08-05 10:00:00
1785927600000,1867.49,1870.25,1866.38,1868.07,38431.681,2026-08-05 11:00:00
1785931200000,1868.06,1884.0,1866.83,1875.01,246544.788,2026-08-05 12:00:00
1785934800000,1875.0,1879.0,1855.0,1877.84,447622.498,2026-08-05 13:00:00
1785938400000,1877.84,1882.0,1868.36,1874.8,265551.146,2026-08-05 14:00:00
1785942000000,1874.8,1881.8,1872.0,1872.81,158136.266,2026-08-05 15:00:00
1785945600000,1872.8,1896.46,1872.33,1894.89,380371.82,2026-08-05 16:00:00
1785949200000,1894.9,1917.24,1890.23,1916.13,380070.187,2026-08-05 17:00:00
1785952800000,1916.13,1927.76,1913.2,1917.23,274294.864,2026-08-05 18:00:00
1785956400000,1917.22,1920.0,1915.0,1916.08,94712.21,2026-08-05 19:00:00
1785960000000,1916.09,1924.11,1916.0,1916.31,93779.746,2026-08-05 20:00:00
1785963600000,1916.3,1916.75,1906.05,1908.03,106120.949,2026-08-05 21:00:00
1785967200000,1908.02,1912.79,1905.5,1906.1,54276.53,2026-08-05 22:00:00
1785970800000,1906.09,1911.65,1903.6,1907.99,55337.904,2026-08-05 23:00:00
1785974400000,1907.99,1913.33,1906.34,1909.58,69384.105,2026-08-06 00:00:00
1785978000000,1909.59,1910.44,1902.6,1906.15,72668.945,2026-08-06 01:00:00
1785981600000,1906.14,1910.27,1894.05,1898.5,172608.324,2026-08-06 02:00:00
1785985200000,1898.5,1898.88,1894.51,1898.13,51216.802,2026-08-06 03:00:00
1785988800000,1898.14,1907.84,1895.0,1906.85,101519.442,2026-08-06 04:00:00
1785992400000,1906.84,1917.8,1906.32,1913.45,174610.453,2026-08-06 05:00:00
1785996000000,1913.46,1913.67,1908.5,1912.66,44248.207,2026-08-06 06:00:00
1785999600000,1912.66,1914.4,1906.67,1908.54,58296.158,2026-08-06 07:00:00
1786003200000,1908.55,1921.18,1907.55,1915.33,105801.672,2026-08-06 08:00:00
1786006800000,1915.32,1916.0,1903.9,1907.01,124652.549,2026-08-06 09:00:00
1786010400000,1907.01,1907.01,1900.68,1901.98,92925.859,2026-08-06 10:00:00
1786014000000,1901.99,1908.41,1895.61,1906.91,103241.956,2026-08-06 11:00:00
1786017600000,1906.91,1907.0,1898.1,1898.23,69032.453,2026-08-06 12:00:00
1786021200000,1898.23,1910.4,1891.21,1906.49,241998.933,2026-08-06 13:00:00
1786024800000,1906.49,1918.0,1902.09,1914.0,190867.685,2026-08-06 14:00:00
1786028400000,1914.0,1919.4,1909.03,1909.8,153584.111,2026-08-06 15:00:00
1786032000000,1909.81,1916.0,1907.54,1914.84,91167.549,2026-08-06 16:00:00
1786035600000,1914.84,1917.5,1909.4,1913.21,45236.661,2026-08-06 17:00:00
1786039200000,1913.21,1913.4,1903.13,1905.28,54426.753,2026-08-06 18:00:00
1786042800000,1905.29,1910.45,1905.07,1909.02,33100.445,2026-08-06 19:00:00
1786046400000,1909.03,1910.02,1905.0,1906.26,20192.111,2026-08-06 20:00:00
1786050000000,1906.27,1908.81,1905.09,1905.37,18203.854,2026-08-06 21:00:00
1786053600000,1905.37,1906.66,1901.6,1904.16,26448.759,2026-08-06 22:00:00
1786057200000,1904.15,1905.2,1898.05,1903.35,50517.136,2026-08-06 23:00:00
1786060800000,1903.35,1904.61,1899.0,1903.06,47400.978,2026-08-07 00:00:00
1786064400000,1903.05,1906.8,1898.22,1902.61,60418.556,2026-08-07 01:00:00
1786068000000,1902.61,1908.0,1896.38,1902.0,82897.526,2026-08-07 02:00:00
1786071600000,1902.01,1903.22,1895.39,1896.78,46843.878,2026-08-07 03:00:00
1786075200000,1896.78,1900.0,1893.5,1896.65,68330.483,2026-08-07 04:00:00
1786078800000,1896.65,1901.87,1894.68,1900.7,52005.334,2026-08-07 05:00:00
1786082400000,1900.7,1906.66,1899.09,1903.69,94719.979,2026-08-07 06:00:00
1786086000000,1903.69,1906.45,1901.5,1901.61,47174.796,2026-08-07 07:00:00
1786089600000,1901.61,1914.33,1901.13,1909.75,94299.438,2026-08-07 08:00:00
1786093200000,1909.75,1917.21,1909.63,1912.48,132211.897,2026-08-07 09:00:00
1786096800000,1912.48,1915.2,1911.33,1911.93,32686.522,2026-08-07 10:00:00
1786100400000,1911.92,1920.52,1911.78,1915.58,86877.681,2026-08-07 11:00:00
1786104000000,1915.58,1944.0,1915.58,1931.15,515555.307,2026-08-07 12:00:00
1786107600000,1931.14,1933.99,1920.4,1922.61,163437.447,2026-08-07 13:00:00
1786111200000,1922.61,1925.8,1909.33,1912.8,325527.362,2026-08-07 14:00:00
1786114800000,1912.8,1920.6,1912.11,1917.14,86398.249,2026-08-07 15:00:00
1786118400000,1917.14,1924.34,1908.41,1908.71,133004.494,2026-08-07 16:00:00
1786122000000,1908.71,1912.79,1902.72,1911.67,130086.984,2026-08-07 17:00:00
1786125600000,1911.66,1914.65,1905.5,1909.04,57556.35,2026-08-07 18:00:00
1786129200000,1909.04,1919.56,1909.04,1917.87,69347.723,2026-08-07 19:00:00
1786132800000,1917.87,1919.99,1913.27,1913.93,24128.1,2026-08-07 20:00:00
1786136400000,1913.93,1922.9,1911.76,1915.73,49048.356,2026-08-07 21:00:00
1786140000000,1915.73,1915.81,1912.95,1913.96,12485.775,2026-08-07 22:00:00
1786143600000,1913.95,1915.64,1912.96,1912.97,13615.641,2026-08-07 23:00:00
1786147200000,1912.96,1914.02,1911.5,1913.66,17198.139,2026-08-08 00:00:00
1786150800000,1913.66,1915.57,1913.23,1914.04,19042.771,2026-08-08 01:00:00
1786154400000,1914.04,1914.04,1911.36,1912.34,19505.839,2026-08-08 02:00:00
1786158000000,1912.35,1918.45,1912.27,1917.0,36464.508,2026-08-08 03:00:00
1786161600000,1917.01,1918.51,1915.38,1916.09,18166.974,2026-08-08 04:00:00
1786165200000,1916.09,1918.0,1914.64,1916.66,18737.603,2026-08-08 05:00:00
1786168800000,1916.67,1917.12,1915.08,1915.72,11868.722,2026-08-08 06:00:00
1786172400000,1915.72,1916.08,1913.1,1914.4,14448.073,2026-08-08 07:00:00
1786176000000,1914.4,1917.0,1914.02,1916.13,17108.816,2026-08-08 08:00:00
1786179600000,1916.14,1922.18,1915.3,1917.81,37106.087,2026-08-08 09:00:00
1786183200000,1917.81,1921.89,1917.7,1920.14,27564.785,2026-08-08 10:00:00
1786186800000,1920.15,1922.8,1918.33,1919.75,24867.648,2026-08-08 11:00:00
1786190400000,1919.76,1921.57,1917.51,1918.21,29044.806,2026-08-08 12:00:00
1786194000000,1918.21,1919.65,1917.46,1919.27,13620.644,2026-08-08 13:00:00
1786197600000,1919.26,1925.71,1919.26,1922.86,68414.196,2026-08-08 14:00:00
1786201200000,1922.87,1923.7,1920.23,1921.77,26710.636,2026-08-08 15:00:00
1786204800000,1921.78,1924.02,1920.39,1921.61,17490.076,2026-08-08 16:00:00
1786208400000,1921.6,1925.57,1921.11,1922.89,22136.583,2026-08-08 17:00:00
1786212000000,1922.9,1922.9,1918.7,1920.44,23414.075,2026-08-08 18:00:00
1786215600000,1920.44,1920.69,1918.64,1919.51,14778.323,2026-08-08 19:00:00
1786219200000,1919.5,1920.3,1918.85,1919.4,5830.706,2026-08-08 20:00:00
1786222800000,1919.41,1921.97,1919.21,1920.0,9039.049,2026-08-08 21:00:00
1786226400000,1920.0,1920.8,1915.34,1915.94,20890.068,2026-08-08 22:00:00
1786230000000,1915.93,1918.21,1914.0,1916.29,35827.448,2026-08-08 23:00:00
1786233600000,1916.3,1918.08,1915.56,1917.16,29122.183,2026-08-09 00:00:00
1786237200000,1917.16,1919.49,1912.5,1915.46,35676.776,2026-08-09 01:00:00
1786240800000,1915.45,1916.31,1913.0,1914.23,22653.871,2026-08-09 02:00:00
1786244400000,1914.23,1914.23,1912.0,1913.29,31845.854,2026-08-09 03:00:00
1786248000000,1913.28,1915.2,1912.2,1912.66,25747.325,2026-08-09 04:00:00
1786251600000,1912.65,1914.37,1912.47,1913.92,15694.884,2026-08-09 05:00:00
1786255200000,1913.92,1918.67,1913.27,1918.37,34316.787,2026-08-09 06:00:00
1786258800000,1918.36,1918.37,1916.24,1918.19,26663.347,2026-08-09 07:00:00
1786262400000,1918.18,1924.43,1913.28,1915.31,93384.89,2026-08-09 08:00:00
1786266000000,1915.3,1920.78,1912.7,1920.65,44414.435,2026-08-09 09:00:00
1786269600000,1920.65,1922.45,1918.31,1919.19,40059.671,2026-08-09 10:00:00
1786273200000,1919.19,1920.71,1917.65,1918.4,16503.19,2026-08-09 11:00:00
1786276800000,1918.39,1918.47,1915.06,1916.91,22978.204,2026-08-09 12:00:00
1786280400000,1916.9,1925.77,1916.78,1922.38,101386.476,2026-08-09 13:00:00
1786284000000,1922.38,1925.89,1921.31,1924.16,39474.214,2026-08-09 14:00:00
1786287600000,1924.17,1926.74,1923.22,1925.56,45369.326,2026-08-09 15:00:00
1786291200000,1925.57,1925.98,1920.24,1923.21,36043.428,2026-08-09 16:00:00
1786294800000,1923.2,1923.92,1922.08,1922.18,19286.114,2026-08-09 17:00:00
1786298400000,1922.17,1922.98,1919.35,1920.61,23492.574,2026-08-09 18:00:00
1786302000000,1920.6,1921.75,1920.46,1921.09,7620.725,2026-08-09 19:00:00
1786305600000,1921.09,1921.47,1917.02,1920.0,19751.553,2026-08-09 20:00:00
1786309200000,1919.99,1926.4,1918.82,1923.81,23782.035,2026-08-09 21:00:00
1786312800000,1923.82,1937.91,1914.1,1918.91,169669.925,2026-08-09 22:00:00
1786316400000,1918.92,1919.84,1906.34,1910.01,156288.694,2026-08-09 23:00:00
1786320000000,1910.0,1927.94,1905.01,1912.0,193314.784,2026-08-10 00:00:00
1786323600000,1911.99,1931.92,1907.1,1924.48,175915.558,2026-08-10 01:00:00
1786327200000,1924.49,1926.0,1912.15,1922.65,115891.316,2026-08-10 02:00:00
1786330800000,1922.65,1923.99,1912.89,1916.69,84351.16,2026-08-10 03:00:00
1786334400000,1916.69,1920.4,1911.7,1914.98,53979.389,2026-08-10 04:00:00
1786338000000,1914.98,1924.0,1914.4,1922.36,51952.442,2026-08-10 05:00:00
1786341600000,1922.37,1928.5,1922.14,1927.0,75634.857,2026-08-10 06:00:00
1786345200000,1926.99,1930.03,1923.8,1924.5,85031.275,2026-08-10 07:00:00
1786348800000,1924.49,1928.8,1922.18,1925.91,41401.212,2026-08-10 08:00:00
1786352400000,1925.9,1926.3,1915.16,1915.7,69513.218,2026-08-10 09:00:00
1786356000000,1915.69,1920.27,1915.31,1916.99,49919.47,2026-08-10 10:00:00
1786359600000,1916.99,1920.61,1913.65,1919.74,49057.426,2026-08-10 11:00:00
1786363200000,1919.74,1922.7,1904.5,1905.38,165754.661,2026-08-10 12:00:00
1786366800000,1905.38,1909.93,1893.56,1897.0,284088.792,2026-08-10 13:00:00
1786370400000,1897.01,1902.48,1890.32,1892.81,133963.161,2026-08-10 14:00:00
1786374000000,1892.81,1892.81,1870.42,1876.13,462463.403,2026-08-10 15:00:00
1786377600000,1876.13,1878.19,1867.05,1871.6,172706.554,2026-08-10 16:00:00
1786381200000,1871.6,1876.74,1867.67,1873.11,86321.596,2026-08-10 17:00:00
1786384800000,1873.11,1874.56,1867.21,1872.01,60462.916,2026-08-10 18:00:00
1786388400000,1872.0,1879.68,1871.28,1877.58,59917.8,2026-08-10 19:00:00
1786392000000,1877.58,1881.23,1876.69,1878.98,31314.0,2026-08-10 20:00:00
1786395600000,1878.99,1878.99,1872.68,1873.74,34227.292,2026-08-10 21:00:00
1786399200000,1873.74,1877.44,1871.48,1875.57,26327.201,2026-08-10 22:00:00
1786402800000,1875.57,1875.58,1869.14,1872.29,48227.717,2026-08-10 23:00:00
1786406400000,1872.29,1875.31,1870.07,1874.46,41808.022,2026-08-11 00:00:00
1786410000000,1874.45,1878.0,1872.6,1877.2,41882.412,2026-08-11 01:00:00
1786413600000,1877.21,1878.63,1876.24,1877.66,27672.117,2026-08-11 02:00:00
1786417200000,1877.66,1880.98,1877.65,1880.06,36743.953,2026-08-11 03:00:00
1786420800000,1880.06,1881.19,1875.24,1875.41,33534.363,2026-08-11 04:00:00
1786424400000,1875.4,1876.37,1871.29,1873.37,48369.919,2026-08-11 05:00:00
1786428000000,1873.38,1874.61,1870.3,1873.73,57429.319,2026-08-11 06:00:00
1786431600000,1873.73,1878.59,1870.01,1876.92,60209.41,2026-08-11 07:00:00
1786435200000,1876.93,1879.64,1874.81,1878.33,31929.125,2026-08-11 08:00:00
1786438800000,1878.32,1884.78,1876.47,1884.53,67523.872,2026-08-11 09:00:00
1786442400000,1884.52,1889.0,1882.05,1885.22,107392.362,2026-08-11 10:00:00
1786446000000,1885.23,1894.8,1885.22,1892.2,113651.425,2026-08-11 11:00:00
1786449600000,1892.19,1897.55,1886.02,1887.0,144561.324,2026-08-11 12:00:00
1786453200000,1887.0,1892.0,1882.5,1889.23,116678.138,2026-08-11 13:00:00
1786456800000,1889.24,1891.0,1869.59,1873.02,209536.647,2026-08-11 14:00:00
1786460400000,1873.01,1877.17,1852.37,1862.07,350664.652,2026-08-11 15:00:00
1786464000000,1862.06,1867.0,1858.95,1864.26,116505.091,2026-08-11 16:00:00
1786467600000,1864.26,1867.79,1862.25,1864.0,31815.831,2026-08-11 17:00:00
1786471200000,1864.01,1866.29,1859.18,1865.31,58207.835,2026-08-11 18:00:00
1786474800000,1865.31,1884.44,1862.14,1881.01,109310.823,2026-08-11 19:00:00
1786478400000,1881.01,1884.87,1878.25,1881.44,68914.584,2026-08-11 20:00:00
1786482000000,1881.44,1884.53,1879.36,1883.73,32219.164,2026-08-11 21:00:00
1786485600000,1883.74,1886.94,1878.48,1881.38,40229.939,2026-08-11 22:00:00
1786489200000,1881.38,1883.66,1878.0,1881.7,24566.615,2026-08-11 23:00:00
1786492800000,1881.69,1882.87,1879.78,1881.67,27041.898,2026-08-12 00:00:00
1786496400000,1881.68,1885.85,1880.35,1883.86,44579.156,2026-08-12 01:00:00
1786500000000,1883.86,1887.46,1882.81,1883.69,34886.098,2026-08-12 02:00:00
1786503600000,1883.7,1886.67,1882.0,1885.97,32726.907,2026-08-12 03:00:00
1786507200000,1885.97,1893.47,1884.76,1888.6,88269.526,2026-08-12 04:00:00
1786510800000,1888.6,1891.62,1886.0,1890.9,43855.826,2026-08-12 05:00:00
1786514400000,1890.9,1890.9,1884.47,1887.01,53163.338,2026-08-12 06:00:00
1786518000000,1887.0,1891.05,1885.32,1890.72,43940.092,2026-08-12 07:00:00
1786521600000,1890.72,1895.48,1889.69,1889.98,70827.988,2026-08-12 08:00:00
1786525200000,1889.97,1909.0,1889.0,1905.0,242627.987,2026-08-12 09:00:00
1786528800000,1904.99,1916.0,1904.99,1908.31,161259.8,2026-08-12 10:00:00
1786532400000,1908.32,1915.5,1906.28,1914.7,76991.583,2026-08-12 11:00:00
1786536000000,1914.7,1927.0,1905.02,1910.68,352613.9,2026-08-12 12:00:00
1786539600000,1910.68,1911.8,1899.14,1900.5,163038.206,2026-08-12 13:00:00
1786543200000,1900.5,1903.0,1884.14,1887.0,383196.701,2026-08-12 14:00:00
1786546800000,1886.99,1895.51,1883.06,1891.93,114267.374,2026-08-12 15:00:00
1786550400000,1891.94,1895.2,1888.5,1890.1,62724.573,2026-08-12 16:00:00
1786554000000,1890.1,1891.3,1884.37,1887.57,65037.614,2026-08-12 17:00:00
1786557600000,1887.57,1890.82,1885.0,1885.0,41515.975,2026-08-12 18:00:00
1786561200000,1885.0,1886.21,1876.36,1878.84,92148.601,2026-08-12 19:00:00
1786564800000,1878.82,1887.28,1877.22,1886.08,53683.608,2026-08-12 20:00:00
1786568400000,1886.08,1888.88,1872.19,1877.39,92609.898,2026-08-12 21:00:00
1786572000000,1877.4,1880.65,1874.68,1877.71,29973.52,2026-08-12 22:00:00
1786575600000,1877.71,1879.69,1874.0,1878.99,59447.267,2026-08-12 23:00:00
1786579200000,1878.99,1884.63,1876.49,1879.39,68529.04,2026-08-13 00:00:00
1786582800000,1879.4,1882.29,1874.15,1877.32,61197.548,2026-08-13 01:00:00
1786586400000,1877.31,1882.45,1872.33,1881.08,62127.826,2026-08-13 02:00:00
1786590000000,1881.07,1887.8,1880.78,1886.59,83968.181,2026-08-13 03:00:00
1786593600000,1886.6,1894.41,1884.38,1891.54,103938.319,2026-08-13 04:00:00
1786597200000,1891.55,1899.48,1890.84,1894.8,125921.909,2026-08-13 05:00:00
1786600800000,1894.79,1897.76,1891.21,1897.75,66518.198,2026-08-13 06:00:00
1786604400000,1897.76,1898.0,1894.22,1894.54,28557.641,2026-08-13 07:00:00
1786608000000,1894.55,1896.0,1887.02,1889.2,59045.714,2026-08-13 08:00:00
1786611600000,1889.19,1890.0,1880.59,1889.01,100385.212,2026-08-13 09:00:00
1786615200000,1889.0,1889.6,1881.4,1882.58,112045.527,2026-08-13 10:00:00
1786618800000,1882.57,1883.1,1874.69,1879.79,108126.229,2026-08-13 11:00:00
1786622400000,1879.79,1889.8,1878.42,1888.11,107730.327,2026-08-13 12:00:00
1786626000000,1888.11,1894.78,1886.08,1889.67,134820.342,2026-08-13 13:00:00
1786629600000,1889.66,1896.61,1887.71,1892.63,113442.553,2026-08-13 14:00:00
1786633200000,1892.63,1895.25,1878.47,1879.28,157552.972,2026-08-13 15:00:00
1786636800000,1879.29,1884.37,1862.41,1874.24,355520.456,2026-08-13 16:00:00
1786640400000,1874.25,1880.67,1872.93,1876.28,75877.683,2026-08-13 17:00:00
1786644000000,1876.28,1887.27,1875.69,1884.85,74938.031,2026-08-13 18:00:00
1786647600000,1884.85,1892.0,1884.49,1886.81,84082.743,2026-08-13 19:00:00
1786651200000,1886.8,1888.87,1884.56,1885.56,29852.029,2026-08-13 20:00:00
1786654800000,1885.56,1888.88,1885.16,1888.02,20387.555,2026-08-13 21:00:00
1786658400000,1888.02,1892.6,1887.96,1888.59,29814.741,2026-08-13 22:00:00
1786662000000,1888.58,1888.66,1883.66,1885.38,27782.093,2026-08-13 23:00:00
1786665600000,1885.39,1888.8,1882.64,1888.63,32702.409,2026-08-14 00:00:00
1786669200000,1888.63,1889.47,1884.09,1888.63,34841.975,2026-08-14 01:00:00
1786672800000,1888.63,1890.71,1885.33,1885.93,31351.352,2026-08-14 02:00:00
1786676400000,1885.94,1888.45,1881.27,1882.41,48740.024,2026-08-14 03:00:00
1786680000000,1882.41,1887.45,1881.35,1884.2,29506.67,2026-08-14 04:00:00
1786683600000,1884.2,1884.9,1879.05,1883.27,44513.581,2026-08-14 05:00:00
1786687200000,1883.27,1883.27,1872.0,1872.1,122443.475,2026-08-14 06:00:00
1786690800000,1872.1,1878.0,1871.5,1872.55,71278.916,2026-08-14 07:00:00
1786694400000,1872.55,1878.12,1868.0,1878.11,112029.973,2026-08-14 08:00:00
1786698000000,1878.12,1878.3,1870.33,1872.5,51653.358,2026-08-14 09:00:00
1786701600000,1872.5,1878.0,1871.68,1875.48,40589.639,2026-08-14 10:00:00
1786705200000,1875.48,1880.76,1874.33,1877.41,47750.424,2026-08-14 11:00:00
1786708800000,1877.41,1878.91,1872.2,1872.64,53408.148,2026-08-14 12:00:00
1786712400000,1872.64,1873.08,1865.13,1869.4,134329.615,2026-08-14 13:00:00
1786716000000,1869.4,1872.73,1863.03,1866.12,133718.513,2026-08-14 14:00:00
1786719600000,1866.12,1883.97,1865.5,1880.55,148079.539,2026-08-14 15:00:00
1786723200000,1880.55,1887.59,1878.36,1884.57,95832.239,2026-08-14 16:00:00
1786726800000,1884.58,1886.88,1875.43,1877.94,71550.484,2026-08-14 17:00:00
1786730400000,1877.93,1878.27,1872.79,1875.0,54193.705,2026-08-14 18:00:00
1786734000000,1875.0,1881.48,1872.95,1879.96,59721.285,2026-08-14 19:00:00
1786737600000,1879.92,1880.97,1877.95,1879.65,17713.828,2026-08-14 20:00:00
1786741200000,1879.66,1880.46,1876.39,1878.62,19342.478,2026-08-14 21:00:00
1786744800000,1878.62,1880.33,1875.1,1878.81,17486.735,2026-08-14 22:00:00
1786748400000,1878.8,1881.86,1877.97,1881.26,19066.907,2026-08-14 23:00:00
1786752000000,1881.26,1882.81,1880.74,1881.59,22238.04,2026-08-15 00:00:00
1786755600000,1881.59,1883.89,1880.09,1883.3,20275.522,2026-08-15 01:00:00
1786759200000,1883.29,1884.97,1883.22,1884.0,25972.116,2026-08-15 02:00:00
1786762800000,1884.0,1885.75,1881.45,1881.88,31280.802,2026-08-15 03:00:00
1786766400000,1881.89,1884.66,1881.88,1883.35,14433.018,2026-08-15 04:00:00
1786770000000,1883.35,1884.33,1879.07,1879.92,32966.085,2026-08-15 05:00:00
1786773600000,1879.92,1882.89,1879.26,1881.49,19186.877,2026-08-15 06:00:00
1786777200000,1881.49,1881.74,1879.29,1879.5,18494.012,2026-08-15 07:00:00
1786780800000,1879.5,1880.67,1875.6,1876.18,32776.606,2026-08-15 08:00:00
1786784400000,1876.17,1880.53,1874.26,1879.62,51788.64,2026-08-15 09:00:00
1786788000000,1879.62,1880.65,1877.49,1880.26,16817.425,2026-08-15 10:00:00
1786791600000,1880.26,1880.5,1878.19,1878.49,11462.011,2026-08-15 11:00:00
1786795200000,1878.49,1883.36,1877.28,1882.88,28380.783,2026-08-15 12:00:00
1786798800000,1882.88,1884.29,1881.45,1882.78,35394.99,2026-08-15 13:00:00
1786802400000,1882.77,1883.75,1880.61,1882.61,21430.576,2026-08-15 14:00:00
1786806000000,1882.61,1884.98,1882.2,1883.97,26924.918,2026-08-15 15:00:00
1786809600000,1883.97,1884.89,1882.91,1883.85,17531.942,2026-08-15 16:00:00
1786813200000,1883.84,1885.52,1881.59,1883.66,39732.038,2026-08-15 17:00:00
1786816800000,1883.65,1885.32,1881.69,1882.0,18862.63,2026-08-15 18:00:00
1786820400000,1882.0,1884.21,1881.86,1883.8,9110.205,2026-08-15 19:00:00
1786824000000,1883.81,1883.81,1881.85,1882.51,6847.921,2026-08-15 20:00:00
1786827600000,1882.51,1884.77,1882.5,1884.2,6925.22,2026-08-15 21:00:00
1786831200000,1884.2,1884.77,1883.43,1883.61,7433.584,2026-08-15 22:00:00
1786834800000,1883.61,1883.72,1880.92,1881.98,14266.144,2026-08-15 23:00:00
1786838400000,1881.98,1882.6,1880.93,1881.76,11330.961,2026-08-16 00:00:00
1786842000000,1881.75,1881.75,1876.2,1879.83,34352.93,2026-08-16 01:00:00
1786845600000,1879.83,1884.74,1878.38,1882.86,39326.315,2026-08-16 02:00:00
1786849200000,1882.85,1883.43,1882.14,1882.27,10118.223,2026-08-16 03:00:00
1786852800000,1882.27,1883.96,1879.93,1880.86,16101.384,2026-08-16 04:00:00
1786856400000,1880.86,1881.35,1878.56,1879.26,14469.144,2026-08-16 05:00:00
1786860000000,1879.27,1881.17,1878.01,1880.05,17248.733,2026-08-16 06:00:00
1786863600000,1880.06,1881.06,1879.26,1880.77,8365.967,2026-08-16 07:00:00
1786867200000,1880.77,1880.77,1879.77,1880.2,7758.506,2026-08-16 08:00:00
1786870800000,1880.21,1881.7,1878.5,1879.61,15137.929,2026-08-16 09:00:00
1786874400000,1879.61,1880.54,1878.81,1880.25,11128.907,2026-08-16 10:00:00
1786878000000,1880.26,1880.57,1879.36,1880.15,6519.001,2026-08-16 11:00:00
1786881600000,1880.15,1880.16,1878.58,1879.17,10813.725,2026-08-16 12:00:00
1786885200000,1879.18,1881.33,1879.17,1881.11,13793.851,2026-08-16 13:00:00
1786888800000,1881.12,1883.61,1880.89,1882.64,21489.338,2026-08-16 14:00:00
1786892400000,1882.64,1884.0,1881.5,1883.05,19114.168,2026-08-16 15:00:00
1786896000000,1883.05,1891.9,1883.05,1888.56,93898.019,2026-08-16 16:00:00
1786899600000,1888.57,1890.34,1882.77,1884.3,43684.428,2026-08-16 17:00:00
1786903200000,1884.3,1885.81,1881.53,1884.84,20281.796,2026-08-16 18:00:00
1786906800000,1884.85,1888.32,1883.55,1885.11,18982.791,2026-08-16 19:00:00
1786910400000,1885.11,1886.78,1880.59,1881.08,22959.573,2026-08-16 20:00:00
1786914000000,1881.07,1882.4,1868.0,1874.6,94258.977,2026-08-16 21:00:00
1786917600000,1874.6,1877.47,1868.41,1875.48,73919.164,2026-08-16 22:00:00
1786921200000,1875.48,1876.98,1872.78,1875.32,31604.947,2026-08-16 23:00:00
1786924800000,1875.32,1879.69,1871.71,1878.2,49176.981,2026-08-17 00:00:00
1786928400000,1878.2,1896.55,1877.47,1890.62,228315.336,2026-08-17 01:00:00
1786932000000,1890.62,1907.65,1887.8,1901.62,194818.084,2026-08-17 02:00:00
1786935600000,1901.61,1903.69,1897.13,1900.09,81525.119,2026-08-17 03:00:00
1786939200000,1900.08,1903.97,1900.08,1902.48,44402.819,2026-08-17 04:00:00
1786942800000,1902.48,1903.0,1897.4,1898.82,57328.369,2026-08-17 05:00:00
1786946400000,1898.82,1911.8,1897.08,1905.94,133065.284,2026-08-17 06:00:00
1786950000000,1905.93,1906.92,1899.81,1899.99,89692.814,2026-08-17 07:00:00
1786953600000,1900.0,1900.89,1890.5,1893.67,146580.027,2026-08-17 08:00:00
1786957200000,1893.66,1896.76,1892.44,1893.31,48608.549,2026-08-17 09:00:00
1786960800000,1893.3,1908.9,1891.5,1906.19,118137.63,2026-08-17 10:00:00
1786964400000,1906.19,1908.0,1903.04,1903.56,59356.985,2026-08-17 11:00:00
1786968000000,1903.56,1905.77,1895.4,1898.16,82760.794,2026-08-17 12:00:00
1786971600000,1898.16,1908.44,1895.4,1904.0,136630.085,2026-08-17 13:00:00
1786975200000,1904.0,1909.99,1897.42,1908.63,108090.542,2026-08-17 14:00:00
1786978800000,1908.63,1914.85,1903.59,1912.23,169205.359,2026-08-17 15:00:00
1786982400000,1912.23,1913.0,1904.3,1906.07,65461.258,2026-08-17 16:00:00
1786986000000,1906.06,1913.24,1903.1,1907.86,76375.176,2026-08-17 17:00:00
1786989600000,1907.85,1912.0,1906.25,1909.04,47949.566,2026-08-17 18:00:00
1786993200000,1909.04,1909.88,1905.71,1906.38,25107.301,2026-08-17 19:00:00
1786996800000,1906.38,1909.87,1904.04,1905.84,29257.671,2026-08-17 20:00:00
1787000400000,1905.84,1907.95,1905.1,1905.49,16645.274,2026-08-17 21:00:00
1787004000000,1905.48,1907.0,1902.5,1903.63,22030.352,2026-08-17 22:00:00
1787007600000,1903.62,1917.99,1903.1,1912.81,89087.575,2026-08-17 23:00:00
1787011200000,1912.81,1913.56,1907.69,1909.21,41250.825,2026-08-18 00:00:00
1787014800000,1909.21,1909.42,1898.6,1900.77,79512.133,2026-08-18 01:00:00
1787018400000,1900.77,1902.77,1888.11,1892.5,179542.668,2026-08-18 02:00:00
1787022000000,1892.5,1895.01,1884.78,1893.89,174469.639,2026-08-18 03:00:00
1787025600000,1893.89,1896.8,1890.6,1895.75,53069.146,2026-08-18 04:00:00
1787029200000,1895.75,1897.8,1891.73,1894.62,42526.473,2026-08-18 05:00:00
1787032800000,1894.62,1906.01,1892.58,1901.98,94162.095,2026-08-18 06:00:00
1787036400000,1901.99,1902.5,1896.3,1897.84,49709.415,2026-08-18 07:00:00
1787040000000,1897.84,1901.3,1892.72,1899.43,64369.974,2026-08-18 08:00:00
1787043600000,1899.42,1899.42,1894.6,1896.03,34089.605,2026-08-18 09:00:00
1787047200000,1896.03,1898.33,1894.12,1897.36,28478.18,2026-08-18 10:00:00
1787050800000,1897.37,1904.87,1896.92,1902.21,66663.816,2026-08-18 11:00:00
1787054400000,1902.22,1903.19,1898.06,1898.51,34598.715,2026-08-18 12:00:00
1787058000000,1898.5,1899.27,1893.1,1897.04,90198.181,2026-08-18 13:00:00
1787061600000,1897.04,1922.25,1896.35,1910.16,352843.126,2026-08-18 14:00:00
1787065200000,1910.16,1918.57,1907.0,1916.7,180673.62,2026-08-18 15:00:00
1787068800000,1916.71,1921.5,1911.68,1917.45,83500.223,2026-08-18 16:00:00
1787072400000,1917.45,1917.69,1910.34,1910.39,47121.358,2026-08-18 17:00:00
1787076000000,1910.38,1916.5,1909.41,1915.57,40064.798,2026-08-18 18:00:00
1787079600000,1915.57,1916.84,1912.27,1912.61,20436.456,2026-08-18 19:00:00
1787083200000,1912.61,1914.95,1910.55,1911.88,31846.487,2026-08-18 20:00:00
1787086800000,1911.89,1914.0,1910.02,1911.3,18260.415,2026-08-18 21:00:00
1787090400000,1911.3,1914.64,1910.82,1912.53,24265.938,2026-08-18 22:00:00
1787094000000,1912.52,1919.33,1912.11,1916.94,48816.29,2026-08-18 23:00:00
1787097600000,1916.94,1918.3,1911.04,1912.67,73568.109,2026-08-19 00:00:00
1787101200000,1912.67,1917.33,1911.64,1912.8,86279.067,2026-08-19 01:00:00
1787104800000,1912.8,1913.35,1906.1,1907.04,87546.188,2026-08-19 02:00:00
1787108400000,1907.03,1914.8,1905.04,1911.2,62306.275,2026-08-19 03:00:00
1787112000000,1911.2,1913.8,1909.19,1909.85,25727.199,2026-08-19 04:00:00
1787115600000,1909.84,1913.2,1908.9,1909.44,26091.657,2026-08-19 05:00:00
1787119200000,1909.45,1916.72,1905.17,1916.71,88259.259,2026-08-19 06:00:00
1787122800000,1916.71,1920.41,1914.57,1915.02,116022.121,2026-08-19 07:00:00
1787126400000,1915.02,1929.72,1914.33,1920.66,153459.071,2026-08-19 08:00:00
1787130000000,1920.65,1923.14,1917.01,1918.41,47989.125,2026-08-19 09:00:00
1787133600000,1918.41,1919.66,1916.51,1919.42,36985.528,2026-08-19 10:00:00
1787137200000,1919.41,1925.19,1919.15,1922.23,63577.068,2026-08-19 11:00:00
1787140800000,1922.22,1942.6,1921.52,1936.14,275095.588,2026-08-19 12:00:00
1787144400000,1936.14,1940.73,1927.0,1931.99,214116.166,2026-08-19 13:00:00
1787148000000,1931.99,1979.83,1931.59,1969.61,565020.876,2026-08-19 14:00:00
1787151600000,1969.61,2133.21,1966.46,2085.15,1950593.174,2026-08-19 15:00:00
1787155200000,2085.14,2107.43,2081.5,2088.63,491575.173,2026-08-19 16:00:00
1787158800000,2088.64,2092.24,2066.35,2090.05,308166.487,2026-08-19 17:00:00
1787162400000,2090.06,2091.69,2078.26,2090.71,103147.283,2026-08-19 18:00:00
1787166000000,2090.71,2105.94,2088.04,2100.91,189646.464,2026-08-19 19:00:00
1787169600000,2100.9,2254.18,2100.9,2218.37,840839.961,2026-08-19 20:00:00
1787173200000,2218.37,2342.14,2216.16,2286.2,988466.105,2026-08-19 21:00:00
1787176800000,2286.21,2290.3,2240.18,2249.7,376961.113,2026-08-19 22:00:00
1787180400000,2249.71,2263.15,2242.25,2252.09,146470.186,2026-08-19 23:00:00
1787184000000,2252.1,2273.75,2251.1,2261.83,194524.16,2026-08-20 00:00:00
1787187600000,2261.84,2270.25,2248.57,2265.9,165159.374,2026-08-20 01:00:00
1787191200000,2265.91,2269.9,2249.35,2251.48,104833.611,2026-08-20 02:00:00
1787194800000,2251.47,2258.67,2220.88,2251.04,338414.717,2026-08-20 03:00:00
1787198400000,2251.04,2258.33,2247.4,2249.75,83510.372,2026-08-20 04:00:00
1787202000000,2249.75,2256.44,2243.02,2247.91,69310.518,2026-08-20 05:00:00
1787205600000,2247.91,2266.94,2238.48,2261.97,187841.274,2026-08-20 06:00:00
1787209200000,2261.97,2262.91,2244.25,2251.87,125346.397,2026-08-20 07:00:00
1787212800000,2251.86,2287.81,2248.84,2281.7,406042.281,2026-08-20 08:00:00
1787216400000,2281.69,2297.85,2274.47,2278.31,314664.779,2026-08-20 09:00:00
1787220000000,2278.3,2294.98,2275.01,2286.15,143316.814,2026-08-20 10:00:00
1787223600000,2286.15,2318.53,2281.28,2295.6,386461.242,2026-08-20 11:00:00
1787227200000,2295.59,2300.75,2265.9,2289.48,403330.138,2026-08-20 12:00:00
1787230800000,2289.49,2298.65,2255.0,2276.0,344457.714,2026-08-20 13:00:00
1787234400000,2275.99,2288.56,2270.4,2280.35,148290.981,2026-08-20 14:00:00
1787238000000,2280.34,2337.98,2280.31,2325.01,592243.091,2026-08-20 15:00:00
1787241600000,2325.01,2361.43,2312.63,2343.95,417150.874,2026-08-20 16:00:00
1787245200000,2343.95,2351.88,2331.01,2343.28,159950.889,2026-08-20 17:00:00
1787248800000,2343.28,2346.9,2308.28,2315.23,214043.254,2026-08-20 18:00:00
1787252400000,2315.23,2332.0,2310.71,2322.78,89627.107,2026-08-20 19:00:00
1787256000000,2322.78,2330.51,2312.63,2317.51,54186.815,2026-08-20 20:00:00
1787259600000,2317.5,2324.92,2312.31,2317.83,38617.402,2026-08-20 21:00:00
1787263200000,2317.84,2318.53,2305.13,2313.25,64340.549,2026-08-20 22:00:00
1787266800000,2313.25,2340.13,2312.03,2326.16,100308.988,2026-08-20 23:00:00
1787270400000,2326.15,2351.68,2324.3,2339.98,201359.812,2026-08-21 00:00:00
1787274000000,2339.98,2380.53,2337.24,2358.77,386921.128,2026-08-21 01:00:00
1787277600000,2358.77,2364.72,2341.8,2344.71,215364.334,2026-08-21 02:00:00
1787281200000,2344.71,2353.85,2335.63,2340.04,114627.666,2026-08-21 03:00:00
1787284800000,2340.04,2355.17,2340.04,2353.5,77202.908,2026-08-21 04:00:00
1787288400000,2353.49,2368.38,2348.32,2367.44,136162.957,2026-08-21 05:00:00
1787292000000,2367.43,2383.96,2354.02,2371.54,248860.106,2026-08-21 06:00:00
1787295600000,2371.53,2398.47,2368.0,2371.52,357484.913,2026-08-21 07:00:00
1787299200000,2371.52,2449.95,2370.22,2445.05,607474.097,2026-08-21 08:00:00
1787302800000,2445.05,2447.0,2375.39,2403.8,637130.63,2026-08-21 09:00:00
1787306400000,2403.79,2411.99,2390.3,2395.0,132507.594,2026-08-21 10:00:00
1787310000000,2395.0,2399.14,2355.7,2370.65,333544.37,2026-08-21 11:00:00
1787313600000,2370.65,2398.0,2365.2,2387.95,174112.129,2026-08-21 12:00:00
1787317200000,2387.95,2406.92,2367.14,2387.0,289328.344,2026-08-21 13:00:00
1787320800000,2387.01,2397.0,2368.6,2392.98,247896.64,2026-08-21 14:00:00
1787324400000,2392.99,2407.98,2390.58,2393.07,139917.844,2026-08-21 15:00:00
1787328000000,2393.07,2413.73,2383.17,2405.33,164344.657,2026-08-21 16:00:00
1787331600000,2405.34,2427.18,2401.0,2422.8,220110.664,2026-08-21 17:00:00
1787335200000,2422.81,2431.99,2394.8,2419.56,200626.099,2026-08-21 18:00:00
1787338800000,2419.56,2420.1,2406.48,2412.36,84920.134,2026-08-21 19:00:00
1787342400000,2412.38,2447.32,2407.5,2440.09,198612.396,2026-08-21 20:00:00
1787346000000,2440.1,2522.96,2433.7,2513.35,486300.328,2026-08-21 21:00:00
1787349600000,2513.35,2548.91,2506.77,2521.99,385886.359,2026-08-21 22:00:00
1787353200000,2522.0,2549.34,2508.17,2515.9,203670.036,2026-08-21 23:00:00
1787356800000,2515.91,2524.0,2490.38,2521.44,196450.307,2026-08-22 00:00:00
1787360400000,2521.45,2529.48,2506.2,2506.4,121392.835,2026-08-22 01:00:00
1787364000000,2506.39,2522.78,2495.11,2515.63,129648.277,2026-08-22 02:00:00
1787367600000,2515.63,2526.42,2511.89,2514.33,106129.289,2026-08-22 03:00:00
1787371200000,2514.33,2529.77,2505.57,2514.0,148896.144,2026-08-22 04:00:00
1787374800000,2514.0,2517.89,2380.25,2439.4,805590.557,2026-08-22 05:00:00
1787378400000,2439.38,2443.0,2410.7,2437.11,169248.731,2026-08-22 06:00:00
1787382000000,2437.11,2447.09,2426.0,2432.46,102081.696,2026-08-22 07:00:00
1787385600000,2432.46,2441.37,2411.0,2425.51,135830.231,2026-08-22 08:00:00
1787389200000,2425.51,2429.0,2412.4,2421.75,76900.432,2026-08-22 09:00:00
1787392800000,2421.75,2422.5,2386.01,2412.53,244600.249,2026-08-22 10:00:00
1787396400000,2412.53,2426.64,2405.03,2423.7,82613.305,2026-08-22 11:00:00
1787400000000,2423.71,2437.82,2418.65,2427.5,96493.339,2026-08-22 12:00:00
1787403600000,2427.5,2433.0,2420.09,2429.79,51798.453,2026-08-22 13:00:00
1787407200000,2429.8,2431.6,2408.34,2413.47,92741.193,2026-08-22 14:00:00
1787410800000,2413.46,2416.5,2405.02,2410.81,52832.16,2026-08-22 15:00:00
1787414400000,2410.81,2430.76,2408.86,2422.27,76240.487,2026-08-22 16:00:00
1787418000000,2422.26,2431.68,2417.07,2426.11,44526.082,2026-08-22 17:00:00
1787421600000,2426.11,2434.95,2421.31,2426.72,45296.306,2026-08-22 18:00:00
1787425200000,2426.67,2444.65,2423.47,2438.22,55446.869,2026-08-22 19:00:00
1787428800000,2438.22,2443.48,2427.39,2430.89,34470.443,2026-08-22 20:00:00
1787432400000,2430.89,2431.12,2401.39,2406.68,82181.28,2026-08-22 21:00:00
1787436000000,2406.68,2424.62,2403.47,2413.55,57687.379,2026-08-22 22:00:00
1787439600000,2413.59,2426.53,2410.03,2421.74,28858.224,2026-08-22 23:00:00
1787443200000,2421.73,2435.6,2418.79,2430.55,71361.855,2026-08-23 00:00:00
1787446800000,2430.55,2432.65,2419.26,2422.45,59224.018,2026-08-23 01:00:00
1787450400000,2422.48,2423.98,2407.49,2416.53,75947.147,2026-08-23 02:00:00
1787454000000,2416.53,2418.93,2408.0,2413.71,47919.134,2026-08-23 03:00:00
1787457600000,2413.72,2417.0,2371.0,2378.42,305370.617,2026-08-23 04:00:00
1787461200000,2378.42,2387.64,2355.06,2373.11,321947.17,2026-08-23 05:00:00
1787464800000,2373.11,2397.19,2369.0,2389.56,154929.975,2026-08-23 06:00:00
1787468400000,2389.56,2397.12,2386.0,2388.55,56973.83,2026-08-23 07:00:00
1787472000000,2388.54,2427.96,2386.27,2412.87,216134.376,2026-08-23 08:00:00
1787475600000,2412.88,2416.56,2403.86,2411.45,68590.04,2026-08-23 09:00:00
1787479200000,2411.45,2422.0,2411.05,2415.36,52636.612,2026-08-23 10:00:00
1787482800000,2415.35,2438.92,2414.88,2433.38,151162.696,2026-08-23 11:00:00
1787486400000,2433.38,2433.39,2418.34,2426.72,71860.588,2026-08-23 12:00:00
1787490000000,2426.73,2485.35,2426.72,2459.25,366130.596,2026-08-23 13:00:00
1787493600000,2459.26,2470.17,2385.78,2438.1,400723.779,2026-08-23 14:00:00
1787497200000,2438.09,2451.96,2420.19,2437.95,162739.702,2026-08-23 15:00:00
1787500800000,2437.96,2458.67,2437.96,2449.71,79858.453,2026-08-23 16:00:00
1787504400000,2449.71,2453.47,2430.07,2439.53,117110.963,2026-08-23 17:00:00
1787508000000,2439.52,2448.74,2433.6,2447.49,45508.376,2026-08-23 18:00:00
1787511600000,2447.49,2455.22,2436.12,2444.0,40613.185,2026-08-23 19:00:00
1787515200000,2444.01,2449.5,2435.12,2449.19,33695.128,2026-08-23 20:00:00
1787518800000,2449.18,2484.86,2449.18,2469.1,227406.132,2026-08-23 21:00:00
1787522400000,2469.1,2473.97,2450.45,2454.38,76961.751,2026-08-23 22:00:00
1787526000000,2454.38,2471.0,2440.21,2462.67,102227.562,2026-08-23 23:00:00
1787529600000,2462.66,2465.4,2441.23,2464.6,102957.49,2026-08-24 00:00:00
1787533200000,2464.61,2466.56,2426.1,2428.74,147982.406,2026-08-24 01:00:00
1787536800000,2428.73,2451.74,2423.0,2442.99,125689.634,2026-08-24 02:00:00
1787540400000,2443.0,2444.42,2424.76,2430.13,79444.236,2026-08-24 03:00:00
1787544000000,2430.12,2446.63,2427.35,2437.29,77780.839,2026-08-24 04:00:00
1787547600000,2437.3,2459.73,2432.81,2448.22,141319.671,2026-08-24 05:00:00
1787551200000,2448.23,2463.64,2443.48,2455.81,100987.508,2026-08-24 06:00:00
1787554800000,2455.82,2474.0,2450.48,2453.87,124456.658,2026-08-24 07:00:00
1787558400000,2453.88,2458.5,2435.02,2453.63,132395.326,2026-08-24 08:00:00
1787562000000,2453.63,2464.48,2452.43,2462.04,82194.677,2026-08-24 09:00:00
1787565600000,2462.04,2492.68,2460.8,2464.38,285710.97,2026-08-24 10:00:00
1787569200000,2464.39,2508.6,2453.02,2493.54,324954.469,2026-08-24 11:00:00
1787572800000,2493.54,2519.93,2473.57,2511.66,298954.748,2026-08-24 12:00:00
1787576400000,2511.67,2519.94,2474.62,2492.81,378714.58,2026-08-24 13:00:00
1787580000000,2492.8,2531.4,2490.5,2514.8,411232.364,2026-08-24 14:00:00
1787583600000,2514.79,2533.32,2477.85,2486.95,373556.112,2026-08-24 15:00:00
1787587200000,2486.94,2506.37,2466.56,2477.29,257447.158,2026-08-24 16:00:00
1787590800000,2477.3,2483.81,2453.1,2468.27,305098.181,2026-08-24 17:00:00
1787594400000,2468.26,2483.4,2466.26,2473.4,111645.202,2026-08-24 18:00:00
1787598000000,2473.4,2476.96,2461.01,2470.43,85703.127,2026-08-24 19:00:00
1787601600000,2470.43,2478.29,2464.61,2474.33,39178.031,2026-08-24 20:00:00
1787605200000,2474.32,2489.89,2474.32,2482.95,42792.856,2026-08-24 21:00:00
1787608800000,2482.95,2484.72,2471.2,2473.53,31410.842,2026-08-24 22:00:00
1787612400000,2473.53,2486.51,2469.5,2481.08,42181.425,2026-08-24 23:00:00
1787616000000,2481.08,2504.53,2470.94,2492.51,149173.777,2026-08-25 00:00:00
1787619600000,2492.5,2504.53,2483.68,2495.09,106335.61,2026-08-25 01:00:00
1787623200000,2495.1,2532.45,2491.45,2506.62,292169.644,2026-08-25 02:00:00
1787626800000,2506.62,2513.82,2487.3,2498.3,150240.42,2026-08-25 03:00:00
1787630400000,2498.31,2503.34,2487.72,2494.0,96730.194,2026-08-25 04:00:00
1787634000000,2494.01,2511.36,2492.82,2507.74,101462.863,2026-08-25 05:00:00
1787637600000,2507.74,2514.75,2494.62,2499.97,84262.28,2026-08-25 06:00:00
1787641200000,2499.98,2512.77,2462.57,2477.97,241572.245,2026-08-25 07:00:00
1787644800000,2477.97,2497.35,2473.44,2484.33,140066.832,2026-08-25 08:00:00
1787648400000,2484.34,2491.32,2461.71,2473.95,124020.71,2026-08-25 09:00:00
1787652000000,2473.94,2487.24,2468.89,2480.85,67148.254,2026-08-25 10:00:00
1787655600000,2480.86,2486.23,2473.68,2477.35,75085.795,2026-08-25 11:00:00
1787659200000,2477.35,2480.89,2457.04,2473.0,172161.928,2026-08-25 12:00:00
1787662800000,2473.01,2476.52,2437.84,2460.33,311240.742,2026-08-25 13:00:00
1787666400000,2460.32,2483.34,2453.52,2475.99,184168.881,2026-08-25 14:00:00
1787670000000,2476.0,2482.59,2465.0,2481.54,113138.842,2026-08-25 15:00:00
1787673600000,2481.54,2484.99,2465.0,2469.68,94076.414,2026-08-25 16:00:00
1787677200000,2469.67,2470.33,2454.84,2469.76,111058.949,2026-08-25 17:00:00
1787680800000,2469.77,2473.86,2463.05,2466.29,51639.889,2026-08-25 18:00:00
1787684400000,2466.29,2468.98,2454.84,2462.16,48207.713,2026-08-25 19:00:00
1787688000000,2462.15,2463.27,2433.1,2435.56,131645.865,2026-08-25 20:00:00
1787691600000,2435.55,2443.0,2413.56,2441.04,208535.746,2026-08-25 21:00:00
1787695200000,2441.04,2454.88,2441.04,2452.94,63765.665,2026-08-25 22:00:00
1787698800000,2452.94,2456.03,2436.0,2441.9,60418.271,2026-08-25 23:00:00
1787702400000,2441.9,2449.92,2434.56,2445.39,69293.307,2026-08-26 00:00:00
1787706000000,2445.4,2461.68,2444.28,2455.24,73245.864,2026-08-26 01:00:00
1787709600000,2455.25,2469.99,2453.15,2464.56,89403.188,2026-08-26 02:00:00
1787713200000,2464.56,2467.5,2457.24,2464.81,65836.571,2026-08-26 03:00:00
1787716800000,2464.82,2471.94,2454.1,2456.04,73414.316,2026-08-26 04:00:00
1787720400000,2456.04,2467.27,2450.36,2463.71,77190.993,2026-08-26 05:00:00
1787724000000,2463.72,2466.38,2452.6,2459.16,71652.991,2026-08-26 06:00:00
1787727600000,2459.15,2467.6,2456.43,2460.5,55063.142,2026-08-26 07:00:00
1787731200000,2460.51,2468.39,2452.36,2455.58,69772.352,2026-08-26 08:00:00
1787734800000,2455.59,2459.91,2441.76,2447.24,115732.334,2026-08-26 09:00:00
1787738400000,2447.24,2474.75,2444.01,2467.68,146029.012,2026-08-26 10:00:00
1787742000000,2467.68,2472.0,2455.29,2461.86,89315.431,2026-08-26 11:00:00
1787745600000,2461.86,2470.95,2443.0,2454.14,193900.774,2026-08-26 12:00:00
1787749200000,2454.15,2462.92,2437.0,2456.28,248945.209,2026-08-26 13:00:00
1787752800000,2456.34,2461.0,2437.34,2438.57,140087.203,2026-08-26 14:00:00
1787756400000,2438.58,2454.36,2431.01,2448.93,175759.932,2026-08-26 15:00:00
1787760000000,2448.93,2454.66,2437.01,2443.46,87785.098,2026-08-26 16:00:00
1787763600000,2443.46,2466.87,2442.83,2459.64,118833.763,2026-08-26 17:00:00
1787767200000,2459.64,2473.62,2457.5,2471.62,91601.881,2026-08-26 18:00:00
1787770800000,2471.63,2483.41,2466.63,2469.51,106530.428,2026-08-26 19:00:00
1787774400000,2469.5,2473.7,2458.91,2471.25,59742.638,2026-08-26 20:00:00
1787778000000,2471.24,2504.99,2469.4,2495.74,164654.751,2026-08-26 21:00:00
1787781600000,2495.73,2514.37,2488.36,2492.62,134759.082,2026-08-26 22:00:00
1787785200000,2492.62,2511.47,2487.27,2505.65,108409.225,2026-08-26 23:00:00
1787788800000,2505.66,2509.93,2490.5,2490.92,81464.409,2026-08-27 00:00:00
1787792400000,2490.91,2504.97,2486.18,2497.0,130019.087,2026-08-27 01:00:00
1787796000000,2496.99,2504.0,2492.3,2493.87,49375.867,2026-08-27 02:00:00
1787799600000,2493.86,2498.16,2487.84,2492.28,81651.669,2026-08-27 03:00:00
1787803200000,2492.28,2494.74,2483.01,2486.39,63065.535,2026-08-27 04:00:00
1787806800000,2486.38,2497.0,2480.56,2495.46,88184.392,2026-08-27 05:00:00
1787810400000,2495.45,2495.45,2483.36,2491.88,51096.933,2026-08-27 06:00:00
1787814000000,2491.88,2498.1,2487.66,2495.92,53560.66,2026-08-27 07:00:00
1787817600000,2495.93,2545.88,2495.93,2529.91,477874.641,2026-08-27 08:00:00
1787821200000,2529.92,2566.26,2524.23,2534.03,382176.652,2026-08-27 09:00:00
1787824800000,2534.03,2539.29,2484.16,2502.95,373257.716,2026-08-27 10:00:00
1787828400000,2502.95,2509.23,2491.0,2500.69,120992.768,2026-08-27 11:00:00
1787832000000,2500.68,2506.28,2490.05,2494.25,76878.216,2026-08-27 12:00:00
1787835600000,2494.25,2505.85,2481.57,2495.29,189460.222,2026-08-27 13:00:00
1787839200000,2495.29,2523.3,2487.58,2516.15,273816.182,2026-08-27 14:00:00
1787842800000,2516.14,2530.48,2512.2,2520.45,174292.126,2026-08-27 15:00:00
1787846400000,2520.46,2532.0,2515.0,2521.11,113012.115,2026-08-27 16:00:00
1787850000000,2521.11,2533.15,2514.3,2517.29,96091.06,2026-08-27 17:00:00
1787853600000,2517.3,2517.63,2487.32,2505.78,189331.052,2026-08-27 18:00:00
1787857200000,2505.78,2513.06,2496.23,2496.78,75099.237,2026-08-27 19:00:00
1787860800000,2496.78,2507.03,2493.69,2506.75,43291.341,2026-08-27 20:00:00
1787864400000,2506.75,2508.48,2497.93,2503.18,32986.432,2026-08-27 21:00:00
1787868000000,2503.18,2516.32,2503.17,2514.01,43129.267,2026-08-27 22:00:00
1787871600000,2514.0,2517.96,2508.02,2509.78,38210.123,2026-08-27 23:00:00
1787875200000,2509.79,2518.92,2504.63,2514.48,69680.921,2026-08-28 00:00:00
1787878800000,2514.48,2535.35,2506.5,2511.21,193748.533,2026-08-28 01:00:00
1787882400000,2511.2,2511.52,2485.0,2491.27,191707.571,2026-08-28 02:00:00
1787886000000,2491.27,2494.7,2485.01,2488.98,72253.259,2026-08-28 03:00:00
1787889600000,2488.97,2495.0,2474.0,2485.01,150172.292,2026-08-28 04:00:00
1787893200000,2485.0,2496.79,2480.55,2492.19,74948.835,2026-08-28 05:00:00
1787896800000,2492.2,2504.52,2492.19,2501.85,80710.816,2026-08-28 06:00:00
1787900400000,2501.86,2502.27,2492.5,2495.7,70254.179,2026-08-28 07:00:00
1787904000000,2495.7,2503.52,2485.51,2487.36,68811.66,2026-08-28 08:00:00
1787907600000,2487.36,2492.3,2482.18,2488.87,61867.396,2026-08-28 09:00:00
1787911200000,2488.87,2509.07,2481.05,2505.6,108244.05,2026-08-28 10:00:00
1787914800000,2505.6,2510.73,2501.03,2504.01,84990.757,2026-08-28 11:00:00
1787918400000,2504.02,2507.71,2493.48,2498.14,66920.559,2026-08-28 12:00:00
1787922000000,2498.14,2518.8,2494.04,2508.31,133570.207,2026-08-28 13:00:00
1787925600000,2508.31,2525.75,2465.0,2511.73,617086.495,2026-08-28 14:00:00
1787929200000,2511.73,2518.56,2468.2,2470.83,254906.84,2026-08-28 15:00:00
1787932800000,2470.82,2473.49,2405.17,2441.19,763158.576,2026-08-28 16:00:00
1787936400000,2441.18,2447.89,2436.33,2442.98,111280.137,2026-08-28 17:00:00
1787940000000,2442.97,2444.27,2417.01,2428.0,153969.158,2026-08-28 18:00:00
1787943600000,2428.0,2442.99,2427.87,2434.9,74407.878,2026-08-28 19:00:00
1787947200000,2434.9,2435.4,2423.27,2426.98,40294.045,2026-08-28 20:00:00
1787950800000,2426.99,2431.45,2421.33,2424.12,31436.057,2026-08-28 21:00:00
1787954400000,2424.12,2445.0,2422.0,2441.11,47886.441,2026-08-28 22:00:00
1787958000000,2441.12,2441.89,2435.75,2441.89,31320.353,2026-08-28 23:00:00
1787961600000,2441.89,2447.99,2440.0,2441.55,40319.185,2026-08-29 00:00:00
1787965200000,2441.55,2445.0,2438.1,2442.65,23814.089,2026-08-29 01:00:00
1787968800000,2442.65,2443.88,2433.35,2437.54,37357.172,2026-08-29 02:00:00
1787972400000,2437.54,2440.42,2433.29,2434.22,27062.16,2026-08-29 03:00:00
1787976000000,2434.22,2440.34,2433.59,2439.41,21770.913,2026-08-29 04:00:00
1787979600000,2439.41,2441.79,2437.24,2438.1,25694.059,2026-08-29 05:00:00
1787983200000,2438.11,2438.11,2428.76,2434.23,50713.116,2026-08-29 06:00:00
1787986800000,2434.22,2436.91,2433.15,2435.25,21469.68,2026-08-29 07:00:00
1787990400000,2435.25,2435.25,2430.08,2433.17,29230.623,2026-08-29 08:00:00
1787994000000,2433.17,2436.52,2432.4,2434.51,18709.293,2026-08-29 09:00:00
1787997600000,2434.5,2437.65,2430.56,2433.91,27283.783,2026-08-29 10:00:00
1788001200000,2433.91,2437.5,2432.64,2434.94,15077.214,2026-08-29 11:00:00
1788004800000,2434.95,2438.4,2432.3,2433.65,18361.796,2026-08-29 12:00:00
1788008400000,2433.65,2435.5,2431.45,2434.6,15172.176,2026-08-29 13:00:00
1788012000000,2434.6,2452.67,2434.06,2447.39,99477.01,2026-08-29 14:00:00
1788015600000,2447.4,2448.27,2440.0,2443.57,47597.127,2026-08-29 15:00:00
1788019200000,2443.57,2459.39,2443.57,2449.65,88136.253,2026-08-29 16:00:00
1788022800000,2449.64,2454.07,2444.17,2449.3,35310.948,2026-08-29 17:00:00
1788026400000,2449.29,2454.52,2444.46,2451.14,30665.404,2026-08-29 18:00:00
1788030000000,2451.14,2458.9,2450.61,2452.27,32675.966,2026-08-29 19:00:00
1788033600000,2452.27,2457.13,2450.34,2451.38,19206.37,2026-08-29 20:00:00
1788037200000,2451.38,2452.74,2447.74,2450.37,14333.318,2026-08-29 21:00:00
1788040800000,2450.36,2452.0,2447.72,2451.55,7996.354,2026-08-29 22:00:00
1788044400000,2451.56,2458.68,2451.55,2456.4,25718.567,2026-08-29 23:00:00
1788048000000,2456.41,2466.9,2453.14,2457.64,64877.264,2026-08-30 00:00:00
1788051600000,2457.64,2459.59,2452.1,2455.47,35716.097,2026-08-30 01:00:00
1788055200000,2455.47,2457.89,2452.58,2453.84,28186.532,2026-08-30 02:00:00
1788058800000,2453.83,2459.88,2453.0,2455.95,22522.284,2026-08-30 03:00:00
1788062400000,2455.96,2457.7,2450.04,2455.0,30007.026,2026-08-30 04:00:00
1788066000000,2455.01,2459.0,2454.21,2455.24,20757.794,2026-08-30 05:00:00
1788069600000,2455.24,2460.5,2454.13,2459.9,27196.223,2026-08-30 06:00:00
1788073200000,2459.91,2460.0,2453.81,2454.28,23598.772,2026-08-30 07:00:00
1788076800000,2454.28,2458.8,2453.19,2455.76,21296.619,2026-08-30 08:00:00
1788080400000,2455.75,2457.0,2451.0,2452.56,29149.154,2026-08-30 09:00:00
1788084000000,2452.55,2458.86,2451.34,2458.33,32655.163,2026-08-30 10:00:00
1788087600000,2458.32,2460.64,2455.38,2458.99,27152.281,2026-08-30 11:00:00
1788091200000,2458.99,2472.76,2457.55,2467.99,149636.508,2026-08-30 12:00:00
1788094800000,2467.99,2478.77,2458.99,2474.03,96620.228,2026-08-30 13:00:00
1788098400000,2474.03,2478.8,2469.69,2475.8,67428.101,2026-08-30 14:00:00
1788102000000,2475.81,2483.24,2470.4,2479.68,75943.738,2026-08-30 15:00:00
1788105600000,2479.68,2534.48,2478.0,2528.75,493361.271,2026-08-30 16:00:00
1788109200000,2528.75,2528.75,2493.24,2504.65,225148.159,2026-08-30 17:00:00
1788112800000,2504.64,2516.77,2495.04,2509.73,92964.648,2026-08-30 18:00:00
1788116400000,2509.73,2512.4,2495.24,2502.7,65407.109,2026-08-30 19:00:00
1788120000000,2502.7,2507.87,2483.01,2489.71,91610.378,2026-08-30 20:00:00
1788123600000,2489.71,2489.72,2457.06,2480.59,188670.559,2026-08-30 21:00:00
1788127200000,2480.59,2487.73,2458.0,2469.79,111535.9,2026-08-30 22:00:00
1788130800000,2469.79,2469.79,2386.0,2415.7,548819.753,2026-08-30 23:00:00
1788134400000,2415.7,2438.82,2404.43,2427.29,201245.506,2026-08-31 00:00:00
1788138000000,2427.3,2429.69,2408.22,2412.37,135603.969,2026-08-31 01:00:00
1788141600000,2412.37,2424.8,2400.63,2407.26,154545.463,2026-08-31 02:00:00
1788145200000,2407.26,2423.63,2404.26,2419.8,97307.078,2026-08-31 03:00:00
1788148800000,2419.8,2420.5,2410.0,2416.49,94352.047,2026-08-31 04:00:00
1788152400000,2416.5,2441.88,2413.12,2434.9,177470.869,2026-08-31 05:00:00
1788156000000,2434.89,2443.97,2430.06,2437.31,112085.826,2026-08-31 06:00:00
1788159600000,2437.31,2445.44,2434.44,2439.25,70574.158,2026-08-31 07:00:00
1788163200000,2439.25,2449.93,2432.27,2444.99,92550.578,2026-08-31 08:00:00
1788166800000,2444.99,2456.84,2442.24,2445.53,112278.215,2026-08-31 09:00:00
1788170400000,2445.53,2455.68,2439.65,2454.33,97167.589,2026-08-31 10:00:00
1788174000000,2454.33,2456.8,2442.37,2445.04,67536.98,2026-08-31 11:00:00
1788177600000,2445.05,2464.0,2443.23,2450.68,191741.759,2026-08-31 12:00:00
1788181200000,2450.69,2458.42,2435.5,2439.33,163380.804,2026-08-31 13:00:00
1788184800000,2439.33,2474.99,2436.17,2466.67,258134.032,2026-08-31 14:00:00
1788188400000,2466.69,2478.14,2456.96,2466.52,138833.889,2026-08-31 15:00:00
1788192000000,2466.53,2475.6,2460.62,2467.96,87935.11,2026-08-31 16:00:00
1788195600000,2467.95,2476.57,2459.52,2474.09,77527.668,2026-08-31 17:00:00
1788199200000,2474.08,2489.76,2468.0,2476.84,121669.582,2026-08-31 18:00:00
1788202800000,2476.84,2489.7,2476.37,2480.84,60290.742,2026-08-31 19:00:00
1788206400000,2480.85,2485.82,2469.0,2471.71,46779.429,2026-08-31 20:00:00
1788210000000,2471.7,2482.58,2466.14,2477.33,41957.385,2026-08-31 21:00:00
1788213600000,2477.33,2479.7,2466.67,2468.31,32863.683,2026-08-31 22:00:00
1788217200000,2468.3,2468.31,2460.36,2466.54,30738.715,2026-08-31 23:00:00
1788220800000,2466.52,2476.98,2464.47,2470.86,62605.154,2026-09-01 00:00:00
1788224400000,2470.86,2475.0,2456.39,2461.82,67352.168,2026-09-01 01:00:00
1788228000000,2461.82,2464.32,2452.92,2463.87,65062.537,2026-09-01 02:00:00
1788231600000,2463.86,2481.88,2462.33,2471.46,95396.64,2026-09-01 03:00:00
1788235200000,2471.46,2477.53,2467.59,2469.03,51299.965,2026-09-01 04:00:00
1788238800000,2469.03,2484.7,2467.96,2483.49,72851.322,2026-09-01 05:00:00
1788242400000,2483.5,2483.5,2470.58,2470.59,52203.766,2026-09-01 06:00:00
1788246000000,2470.58,2476.25,2465.32,2471.73,60486.909,2026-09-01 07:00:00
1788249600000,2471.73,2472.63,2443.59,2447.27,219209.855,2026-09-01 08:00:00
1788253200000,2447.27,2454.8,2442.33,2451.24,92523.321,2026-09-01 09:00:00
1788256800000,2451.24,2462.5,2447.33,2456.01,76716.525,2026-09-01 10:00:00
1788260400000,2456.0,2463.0,2451.47,2457.98,57870.594,2026-09-01 11:00:00
1788264000000,2457.98,2458.16,2436.96,2445.53,134306.884,2026-09-01 12:00:00
1788267600000,2445.54,2449.57,2423.0,2443.27,227999.223,2026-09-01 13:00:00
1788271200000,2443.28,2456.77,2441.2,2448.47,134415.404,2026-09-01 14:00:00
1788274800000,2448.48,2454.1,2433.07,2448.0,124924.375,2026-09-01 15:00:00
1788278400000,2448.01,2448.91,2416.89,2431.85,239366.152,2026-09-01 16:00:00
1788282000000,2431.84,2438.43,2415.01,2417.71,103479.331,2026-09-01 17:00:00
1788285600000,2417.72,2421.45,2382.19,2411.8,405833.282,2026-09-01 18:00:00
1788289200000,2411.81,2424.0,2411.14,2417.98,133353.982,2026-09-01 19:00:00
1788292800000,2418.0,2422.16,2411.85,2420.03,46992.486,2026-09-01 20:00:00
1788296400000,2420.03,2422.22,2398.27,2414.58,98473.7,2026-09-01 21:00:00
1788300000000,2414.57,2417.83,2404.39,2412.1,42555.521,2026-09-01 22:00:00
1788303600000,2412.09,2427.29,2410.0,2417.5,75462.569,2026-09-01 23:00:00
1788307200000,2417.51,2421.58,2405.18,2408.24,79777.357,2026-09-02 00:00:00
1788310800000,2408.24,2414.91,2385.05,2398.46,193364.182,2026-09-02 01:00:00
1788314400000,2398.45,2410.0,2394.34,2409.0,92903.914,2026-09-02 02:00:00
1788318000000,2408.99,2423.64,2407.6,2413.22,168868.293,2026-09-02 03:00:00
1788321600000,2413.21,2415.3,2404.08,2414.03,61568.917,2026-09-02 04:00:00
1788325200000,2414.03,2424.89,2408.16,2421.23,94728.501,2026-09-02 05:00:00
1788328800000,2421.24,2424.72,2413.58,2419.7,82528.752,2026-09-02 06:00:00
1788332400000,2419.7,2429.0,2415.64,2416.69,74010.658,2026-09-02 07:00:00
1788336000000,2416.69,2419.5,2389.01,2392.63,179240.692,2026-09-02 08:00:00
1788339600000,2392.63,2399.58,2366.03,2375.92,394423.333,2026-09-02 09:00:00
1788343200000,2375.91,2376.35,2355.56,2371.96,266121.077,2026-09-02 10:00:00
1788346800000,2371.96,2381.53,2366.62,2380.8,133043.402,2026-09-02 11:00:00
1788350400000,2380.8,2389.8,2376.0,2376.82,136083.545,2026-09-02 12:00:00
1788354000000,2376.82,2418.64,2376.8,2401.99,316013.058,2026-09-02 13:00:00
1788357600000,2402.0,2410.0,2392.0,2393.43,142971.482,2026-09-02 14:00:00
1788361200000,2393.43,2398.06,2377.51,2390.08,243242.484,2026-09-02 15:00:00
1788364800000,2390.08,2403.7,2383.72,2385.43,139433.705,2026-09-02 16:00:00
1788368400000,2385.42,2393.0,2371.07,2392.65,159399.264,2026-09-02 17:00:00
1788372000000,2392.65,2399.0,2389.53,2394.14,75428.098,2026-09-02 18:00:00
1788375600000,2394.14,2395.91,2382.2,2392.31,59470.323,2026-09-02 19:00:00
1788379200000,2392.31,2399.19,2385.6,2392.69,58677.561,2026-09-02 20:00:00
1788382800000,2392.69,2394.24,2388.26,2389.41,24646.186,2026-09-02 21:00:00
1788386400000,2389.42,2389.42,2377.5,2378.97,58602.065,2026-09-02 22:00:00
1788390000000,2378.96,2392.6,2376.1,2390.96,52084.338,2026-09-02 23:00:00
1788393600000,2390.96,2394.4,2378.05,2379.01,76510.98,2026-09-03 00:00:00
1788397200000,2379.0,2393.32,2368.73,2385.59,156631.149,2026-09-03 01:00:00
1788400800000,2385.58,2408.88,2381.09,2404.92,126089.034,2026-09-03 02:00:00
1788404400000,2404.93,2410.0,2398.29,2402.31,62709.493,2026-09-03 03:00:00
1788408000000,2402.31,2407.71,2395.5,2407.38,63659.272,2026-09-03 04:00:00
1788411600000,2407.38,2408.95,2378.01,2403.87,201457.063,2026-09-03 05:00:00
1788415200000,2403.86,2409.66,2399.16,2407.21,91128.804,2026-09-03 06:00:00
1788418800000,2407.21,2419.99,2394.01,2397.51,203821.461,2026-09-03 07:00:00
1788422400000,2397.51,2412.47,2397.51,2402.61,93037.972,2026-09-03 08:00:00
1788426000000,2402.62,2407.02,2392.42,2392.67,72574.729,2026-09-03 09:00:00
1788429600000,2392.66,2398.0,2388.61,2395.86,74900.866,2026-09-03 10:00:00
1788433200000,2395.86,2410.0,2394.5,2405.89,89695.373,2026-09-03 11:00:00
1788436800000,2405.9,2426.53,2404.05,2422.19,194345.619,2026-09-03 12:00:00
1788440400000,2422.2,2434.99,2414.16,2428.81,203405.669,2026-09-03 13:00:00
1788444000000,2428.81,2489.55,2424.42,2488.36,539070.838,2026-09-03 14:00:00
1788447600000,2488.35,2516.98,2478.11,2516.15,483249.631,2026-09-03 15:00:00
1788451200000,2516.15,2518.8,2487.4,2493.44,252964.533,2026-09-03 16:00:00
1788454800000,2493.44,2505.38,2491.0,2499.36,83492.897,2026-09-03 17:00:00
1788458400000,2499.35,2513.97,2497.18,2512.18,91901.195,2026-09-03 18:00:00
1788462000000,2512.17,2530.5,2506.57,2517.41,213050.552,2026-09-03 19:00:00
1788465600000,2517.41,2517.67,2501.46,2504.13,76604.365,2026-09-03 20:00:00
1788469200000,2504.13,2526.47,2498.37,2510.3,96771.884,2026-09-03 21:00:00
1788472800000,2510.29,2511.79,2488.05,2495.56,82673.405,2026-09-03 22:00:00
1788476400000,2495.56,2508.5,2494.04,2506.23,56683.456,2026-09-03 23:00:00
1788480000000,2506.23,2514.97,2499.47,2500.7,95163.117,2026-09-04 00:00:00
1788483600000,2500.69,2509.0,2495.77,2505.99,77862.716,2026-09-04 01:00:00
1788487200000,2506.0,2507.0,2497.04,2506.98,48185.427,2026-09-04 02:00:00
1788490800000,2506.98,2516.8,2504.0,2504.0,85467.755,2026-09-04 03:00:00
1788494400000,2504.0,2524.0,2501.2,2508.43,146638.381,2026-09-04 04:00:00
1788498000000,2508.43,2515.48,2503.5,2508.06,86753.538,2026-09-04 05:00:00
1788501600000,2508.06,2518.27,2498.66,2506.71,81280.671,2026-09-04 06:00:00
1788505200000,2506.72,2515.0,2503.09,2503.59,92162.389,2026-09-04 07:00:00
1788508800000,2503.59,2539.68,2502.41,2526.33,255852.326,2026-09-04 08:00:00
1788512400000,2526.33,2548.37,2518.18,2520.21,263601.318,2026-09-04 09:00:00
1788516000000,2520.2,2527.8,2513.01,2525.4,87736.49,2026-09-04 10:00:00
1788519600000,2525.4,2527.0,2519.0,2521.99,58165.276,2026-09-04 11:00:00
1788523200000,2521.98,2531.45,2432.51,2450.32,836596.518,2026-09-04 12:00:00
1788526800000,2450.31,2463.33,2434.33,2451.12,284080.154,2026-09-04 13:00:00
1788530400000,2451.11,2457.5,2428.03,2439.14,215417.36,2026-09-04 14:00:00
1788534000000,2439.15,2457.65,2436.67,2451.0,109408.868,2026-09-04 15:00:00
1788537600000,2451.0,2463.62,2449.24,2459.22,83013.934,2026-09-04 16:00:00
1788541200000,2459.19,2459.78,2441.87,2444.16,80492.012,2026-09-04 17:00:00
1788544800000,2444.15,2451.36,2443.63,2449.42,30999.544,2026-09-04 18:00:00
1788548400000,2449.42,2456.53,2449.42,2454.8,31517.349,2026-09-04 19:00:00
1788552000000,2454.81,2457.99,2449.6,2450.39,24306.899,2026-09-04 20:00:00
1788555600000,2450.38,2455.92,2448.54,2450.67,22787.663,2026-09-04 21:00:00
1788559200000,2450.67,2453.33,2449.52,2450.07,13213.736,2026-09-04 22:00:00
1788562800000,2450.08,2455.11,2449.0,2454.98,14240.879,2026-09-04 23:00:00
1788566400000,2454.98,2455.88,2450.6,2451.16,21918.415,2026-09-05 00:00:00
1788570000000,2451.16,2455.0,2450.33,2450.91,24735.81,2026-09-05 01:00:00
1788573600000,2450.9,2452.48,2449.0,2452.38,24411.017,2026-09-05 02:00:00
1788577200000,2452.39,2454.8,2450.06,2451.55,17654.797,2026-09-05 03:00:00
1788580800000,2451.54,2451.9,2447.39,2448.21,29093.668,2026-09-05 04:00:00
1788584400000,2448.21,2451.34,2443.61,2450.0,45677.071,2026-09-05 05:00:00
1788588000000,2450.0,2453.8,2449.49,2452.31,22007.748,2026-09-05 06:00:00
1788591600000,2452.31,2457.95,2452.0,2456.01,47471.383,2026-09-05 07:00:00
1788595200000,2456.01,2456.2,2451.66,2455.6,26376.503,2026-09-05 08:00:00
1788598800000,2455.59,2459.0,2455.42,2457.23,31852.833,2026-09-05 09:00:00
1788602400000,2457.23,2457.42,2452.74,2453.1,21926.602,2026-09-05 10:00:00
1788606000000,2453.09,2455.12,2451.95,2452.88,16459.02,2026-09-05 11:00:00
1788609600000,2452.88,2462.03,2452.27,2457.48,44760.171,2026-09-05 12:00:00
1788613200000,2457.49,2460.75,2448.0,2453.02,55722.868,2026-09-05 13:00:00
1788616800000,2453.02,2457.74,2452.5,2456.06,20501.304,2026-09-05 14:00:00
1788620400000,2456.06,2458.7,2454.63,2458.48,21575.408,2026-09-05 15:00:00
1788624000000,2458.48,2473.16,2457.52,2469.86,106644.862,2026-09-05 16:00:00
1788627600000,2469.86,2484.99,2469.77,2479.95,124915.616,2026-09-05 17:00:00
1788631200000,2479.96,2480.99,2474.91,2479.27,32622.166,2026-09-05 18:00:00
1788634800000,2479.26,2481.59,2471.51,2476.21,37427.375,2026-09-05 19:00:00
1788638400000,2476.21,2482.88,2473.85,2476.29,45834.95,2026-09-05 20:00:00
1788642000000,2476.28,2493.38,2475.45,2488.0,56017.251,2026-09-05 21:00:00
1788645600000,2488.0,2490.0,2477.76,2479.68,36059.642,2026-09-05 22:00:00
1788649200000,2479.67,2482.5,2475.79,2479.07,33898.196,2026-09-05 23:00:00
1788652800000,2479.07,2491.55,2478.02,2488.94,40710.51,2026-09-06 00:00:00
1788656400000,2488.95,2507.58,2487.89,2504.49,151910.696,2026-09-06 01:00:00
1788660000000,2504.5,2511.85,2500.06,2502.27,83448.367,2026-09-06 02:00:00
1788663600000,2502.26,2513.96,2499.1,2508.64,80803.844,2026-09-06 03:00:00
1788667200000,2508.63,2508.94,2496.55,2503.29,55665.663,2026-09-06 04:00:00
1788670800000,2503.29,2523.42,2500.06,2512.59,124559.566,2026-09-06 05:00:00
1788674400000,2512.59,2512.59,2502.27,2504.85,49494.701,2026-09-06 06:00:00
1788678000000,2504.85,2506.74,2482.0,2495.71,148429.16,2026-09-06 07:00:00
1788681600000,2495.71,2498.89,2490.63,2494.75,42522.931,2026-09-06 08:00:00
1788685200000,2494.74,2502.95,2492.53,2497.92,60023.457,2026-09-06 09:00:00
1788688800000,2497.92,2501.3,2496.63,2500.6,29596.99,2026-09-06 10:00:00
1788692400000,2500.61,2503.8,2498.21,2500.67,37469.148,2026-09-06 11:00:00
1788696000000,2500.67,2503.87,2496.0,2499.3,43805.063,2026-09-06 12:00:00
1788699600000,2499.31,2499.69,2485.37,2493.56,84167.244,2026-09-06 13:00:00
1788703200000,2493.56,2494.1,2457.38,2477.28,253090.178,2026-09-06 14:00:00
1788706800000,2477.29,2481.83,2468.5,2478.58,68237.392,2026-09-06 15:00:00
1788710400000,2478.57,2487.8,2474.2,2483.24,53331.128,2026-09-06 16:00:00
1788714000000,2483.24,2494.28,2478.96,2490.24,82504.385,2026-09-06 17:00:00
1788717600000,2490.25,2499.76,2490.25,2493.41,46472.5,2026-09-06 18:00:00
1788721200000,2493.42,2493.53,2488.69,2489.62,19014.523,2026-09-06 19:00:00
1788724800000,2489.62,2499.48,2487.71,2498.26,27604.867,2026-09-06 20:00:00
1788728400000,2498.27,2515.0,2498.27,2507.16,89991.413,2026-09-06 21:00:00
1788732000000,2507.16,2509.81,2486.51,2507.09,79528.959,2026-09-06 22:00:00
1788735600000,2507.09,2525.64,2505.42,2513.22,114887.097,2026-09-06 23:00:00
1788739200000,2513.22,2521.82,2507.83,2511.93,89856.936,2026-09-07 00:00:00
1788742800000,2511.94,2515.11,2497.17,2503.01,98485.776,2026-09-07 01:00:00
1788746400000,2503.01,2536.88,2497.32,2510.64,190304.222,2026-09-07 02:00:00
1788750000000,2510.65,2515.35,2495.01,2496.12,122649.327,2026-09-07 03:00:00
1788753600000,2496.11,2498.88,2490.18,2497.0,64129.562,2026-09-07 04:00:00
1788757200000,2496.99,2513.35,2496.0,2503.61,83553.707,2026-09-07 05:00:00
1788760800000,2503.62,2509.0,2496.44,2497.0,45439.857,2026-09-07 06:00:00
1788764400000,2496.99,2501.4,2473.0,2488.0,192285.288,2026-09-07 07:00:00
1788768000000,2488.0,2492.9,2487.6,2490.0,65603.67,2026-09-07 08:00:00
1788771600000,2490.01,2496.61,2483.0,2483.58,66409.366,2026-09-07 09:00:00
1788775200000,2483.58,2491.46,2483.58,2487.61,39724.235,2026-09-07 10:00:00
1788778800000,2487.61,2492.37,2485.2,2487.94,30429.182,2026-09-07 11:00:00
1788782400000,2487.94,2507.53,2487.51,2504.38,80343.403,2026-09-07 12:00:00
1788786000000,2504.37,2510.84,2493.92,2497.82,114296.586,2026-09-07 13:00:00
1788789600000,2497.81,2498.62,2475.01,2489.15,187883.33,2026-09-07 14:00:00
1788793200000,2489.14,2489.3,2463.56,2469.11,196915.358,2026-09-07 15:00:00
1788796800000,2469.11,2482.0,2468.99,2481.7,89831.29,2026-09-07 16:00:00
1788800400000,2481.71,2498.79,2481.0,2494.44,94804.546,2026-09-07 17:00:00
1788804000000,2494.44,2496.12,2486.04,2490.72,49205.458,2026-09-07 18:00:00
1788807600000,2490.72,2496.9,2488.22,2494.99,25745.365,2026-09-07 19:00:00
1788811200000,2494.99,2496.25,2486.09,2493.94,37101.925,2026-09-07 20:00:00
1788814800000,2493.95,2496.08,2489.03,2490.0,19735.065,2026-09-07 21:00:00
1788818400000,2490.0,2491.08,2473.57,2481.6,74085.123,2026-09-07 22:00:00
1788822000000,2481.6,2492.9,2480.95,2488.99,39656.03,2026-09-07 23:00:00
1788825600000,2489.0,2494.98,2482.1,2494.97,52909.485,2026-09-08 00:00:00
1788829200000,2494.97,2505.26,2492.39,2503.18,84569.311,2026-09-08 01:00:00
1788832800000,2503.18,2507.43,2483.4,2483.49,103039.646,2026-09-08 02:00:00
1788836400000,2483.5,2487.59,2476.52,2485.1,82383.396,2026-09-08 03:00:00
1788840000000,2485.1,2485.47,2479.12,2482.75,42234.171,2026-09-08 04:00:00
