timestamp,open,high,low,close,volume,datetime
1773334800000,86.78,86.89,86.28,86.45,206955.34,2026-03-12 17:00:00
1773336600000,86.44,86.97,86.35,86.57,155226.5,2026-03-12 17:30:00
1773338400000,86.57,86.78,85.92,86.11,161242.75,2026-03-12 18:00:00
1773340200000,86.11,86.26,85.76,85.83,135098.92,2026-03-12 18:30:00
1773342000000,85.83,86.44,85.62,86.43,160349.54,2026-03-12 19:00:00
1773343800000,86.43,86.91,86.42,86.75,117624.87,2026-03-12 19:30:00
1773345600000,86.75,86.91,86.46,86.66,139203.5,2026-03-12 20:00:00
1773347400000,86.66,86.66,86.39,86.42,79534.45,2026-03-12 20:30:00
1773349200000,86.42,86.65,86.3,86.32,35870.86,2026-03-12 21:00:00
1773351000000,86.31,86.64,86.13,86.5,59181.2,2026-03-12 21:30:00
1773352800000,86.5,86.56,86.09,86.23,69463.45,2026-03-12 22:00:00
1773354600000,86.22,86.28,85.9,86.24,104179.77,2026-03-12 22:30:00
1773356400000,86.25,87.19,86.22,86.87,230317.2,2026-03-12 23:00:00
1773358200000,86.87,87.0,86.73,86.79,77715.82,2026-03-12 23:30:00
1773360000000,86.78,90.45,86.66,89.72,1420665.07,2026-03-13 00:00:00
1773361800000,89.72,91.12,89.5,89.74,956600.47,2026-03-13 00:30:00
1773363600000,89.73,90.43,89.73,90.29,266350.14,2026-03-13 01:00:00
1773365400000,90.3,90.71,89.78,90.43,279186.97,2026-03-13 01:30:00
1773367200000,90.43,90.55,89.84,89.85,185157.28,2026-03-13 02:00:00
1773369000000,89.85,89.88,88.89,89.05,273992.01,2026-03-13 02:30:00
1773370800000,89.05,89.59,89.05,89.14,168318.36,2026-03-13 03:00:00
1773372600000,89.14,89.94,88.84,89.67,190558.21,2026-03-13 03:30:00
1773374400000,89.66,89.7,89.17,89.22,111586.5,2026-03-13 04:00:00
1773376200000,89.21,89.47,89.16,89.29,66606.46,2026-03-13 04:30:00
1773378000000,89.29,89.32,88.9,89.11,154499.11,2026-03-13 05:00:00
1773379800000,89.11,89.43,88.85,89.05,193658.94,2026-03-13 05:30:00
1773381600000,89.05,89.18,88.41,88.45,168955.23,2026-03-13 06:00:00
1773383400000,88.45,88.63,88.22,88.37,241555.64,2026-03-13 06:30:00
1773385200000,88.36,88.91,88.1,88.77,203259.02,2026-03-13 07:00:00
1773387000000,88.76,88.85,88.18,88.63,219206.66,2026-03-13 07:30:00
1773388800000,88.63,88.82,88.27,88.74,114382.52,2026-03-13 08:00:00
1773390600000,88.73,89.61,88.72,89.09,423732.01,2026-03-13 08:30:00
1773392400000,89.08,89.37,88.73,89.11,159219.6,2026-03-13 09:00:00
1773394200000,89.11,89.59,89.05,89.45,154832.21,2026-03-13 09:30:00
1773396000000,89.45,89.9,89.4,89.72,235559.89,2026-03-13 10:00:00
1773397800000,89.72,90.26,89.66,90.12,254874.6,2026-03-13 10:30:00
1773399600000,90.12,90.3,89.91,90.1,221972.17,2026-03-13 11:00:00
1773401400000,90.1,90.4,89.93,90.27,177691.48,2026-03-13 11:30:00
1773403200000,90.26,90.63,90.08,90.23,221547.81,2026-03-13 12:00:00
1773405000000,90.24,91.35,90.19,90.93,439860.57,2026-03-13 12:30:00
1773406800000,90.92,92.09,90.89,91.38,753463.03,2026-03-13 13:00:00
1773408600000,91.37,92.29,91.1,91.82,519813.86,2026-03-13 13:30:00
1773410400000,91.83,92.97,91.83,92.54,810845.05,2026-03-13 14:00:00
1773412200000,92.53,92.78,90.36,90.66,870416.13,2026-03-13 14:30:00
1773414000000,90.67,91.2,90.23,90.43,420244.66,2026-03-13 15:00:00
1773415800000,90.43,90.6,89.25,89.42,548189.04,2026-03-13 15:30:00
1773417600000,89.43,89.82,88.75,89.23,421907.58,2026-03-13 16:00:00
1773419400000,89.22,89.93,89.22,89.56,281938.9,2026-03-13 16:30:00
1773421200000,89.57,90.14,89.13,89.26,283928.5,2026-03-13 17:00:00
1773423000000,89.26,89.43,88.49,88.82,421726.94,2026-03-13 17:30:00
1773424800000,88.82,88.97,88.3,88.87,361898.45,2026-03-13 18:00:00
1773426600000,88.86,89.08,88.65,88.76,102281.92,2026-03-13 18:30:00
1773428400000,88.76,88.91,88.33,88.67,247040.46,2026-03-13 19:00:00
1773430200000,88.67,88.97,88.5,88.85,204052.87,2026-03-13 19:30:00
1773432000000,88.85,89.09,88.44,88.85,226383.39,2026-03-13 20:00:00
1773433800000,88.86,89.06,88.71,88.84,136206.17,2026-03-13 20:30:00
1773435600000,88.85,89.09,88.42,88.5,82689.81,2026-03-13 21:00:00
1773437400000,88.5,88.71,88.25,88.52,98840.8,2026-03-13 21:30:00
1773439200000,88.52,88.62,87.77,87.83,260777.28,2026-03-13 22:00:00
1773441000000,87.84,88.03,87.68,87.96,126098.6,2026-03-13 22:30:00
1773442800000,87.97,88.2,87.73,88.07,126347.31,2026-03-13 23:00:00
1773444600000,88.06,88.15,87.98,88.12,51844.39,2026-03-13 23:30:00
1773446400000,88.12,88.25,87.9,88.21,92008.93,2026-03-14 00:00:00
1773448200000,88.21,88.33,87.79,87.89,94443.4,2026-03-14 00:30:00
1773450000000,87.89,88.13,87.86,88.04,51996.07,2026-03-14 01:00:00
1773451800000,88.03,88.33,87.74,88.18,115183.25,2026-03-14 01:30:00
1773453600000,88.18,88.24,88.02,88.08,37382.66,2026-03-14 02:00:00
1773455400000,88.08,88.29,87.93,88.17,62759.04,2026-03-14 02:30:00
1773457200000,88.18,88.54,88.17,88.38,119039.76,2026-03-14 03:00:00
1773459000000,88.39,88.56,88.3,88.36,76416.91,2026-03-14 03:30:00
1773460800000,88.35,88.55,88.27,88.49,91403.41,2026-03-14 04:00:00
1773462600000,88.48,88.65,88.15,88.2,129796.64,2026-03-14 04:30:00
1773464400000,88.19,88.34,88.04,88.24,126734.42,2026-03-14 05:00:00
1773466200000,88.23,88.25,87.79,88.02,158654.96,2026-03-14 05:30:00
1773468000000,88.03,88.03,87.43,87.49,151019.23,2026-03-14 06:00:00
1773469800000,87.48,87.49,86.83,87.19,363641.89,2026-03-14 06:30:00
1773471600000,87.19,87.35,87.11,87.31,103438.45,2026-03-14 07:00:00
1773473400000,87.31,87.36,87.13,87.25,73370.64,2026-03-14 07:30:00
1773475200000,87.26,87.49,87.17,87.35,103193.27,2026-03-14 08:00:00
1773477000000,87.36,87.37,87.01,87.07,81191.52,2026-03-14 08:30:00
1773478800000,87.07,87.23,87.03,87.14,94315.81,2026-03-14 09:00:00
1773480600000,87.13,87.15,86.55,86.76,188374.47,2026-03-14 09:30:00
1773482400000,86.77,86.86,86.6,86.69,77027.34,2026-03-14 10:00:00
1773484200000,86.68,86.7,86.44,86.6,138899.39,2026-03-14 10:30:00
1773486000000,86.59,86.9,86.56,86.85,87423.73,2026-03-14 11:00:00
1773487800000,86.84,86.95,86.67,86.9,188039.41,2026-03-14 11:30:00
1773489600000,86.89,87.02,86.8,86.95,114583.95,2026-03-14 12:00:00
1773491400000,86.96,87.07,86.73,87.06,113442.67,2026-03-14 12:30:00
1773493200000,87.05,87.32,86.97,87.27,111732.1,2026-03-14 13:00:00
1773495000000,87.27,87.32,87.0,87.06,73870.26,2026-03-14 13:30:00
1773496800000,87.06,87.18,86.68,87.0,146988.23,2026-03-14 14:00:00
1773498600000,87.0,87.02,86.56,86.65,98395.34,2026-03-14 14:30:00
1773500400000,86.65,86.87,86.57,86.81,66003.94,2026-03-14 15:00:00
1773502200000,86.81,86.81,86.6,86.68,55088.22,2026-03-14 15:30:00
1773504000000,86.67,86.92,86.55,86.87,84852.25,2026-03-14 16:00:00
1773505800000,86.86,87.08,86.85,87.02,60155.07,2026-03-14 16:30:00
1773507600000,87.02,87.03,86.91,86.99,36943.17,2026-03-14 17:00:00
1773509400000,87.0,87.01,86.77,86.83,32387.89,2026-03-14 17:30:00
1773511200000,86.84,86.9,86.73,86.87,27808.46,2026-03-14 18:00:00
1773513000000,86.87,87.07,86.86,86.98,34802.46,2026-03-14 18:30:00
1773514800000,86.98,87.03,86.82,86.91,45569.63,2026-03-14 19:00:00
1773516600000,86.91,87.01,86.86,86.94,18135.02,2026-03-14 19:30:00
1773518400000,86.95,86.97,86.81,86.85,28774.84,2026-03-14 20:00:00
1773520200000,86.86,87.17,86.83,87.02,47193.54,2026-03-14 20:30:00
1773522000000,87.02,87.02,86.8,86.93,42280.84,2026-03-14 21:00:00
1773523800000,86.93,87.27,86.91,87.23,34059.48,2026-03-14 21:30:00
1773525600000,87.22,87.41,87.14,87.23,57108.43,2026-03-14 22:00:00
1773527400000,87.23,87.33,87.16,87.25,23177.76,2026-03-14 22:30:00
1773529200000,87.25,88.08,87.24,87.86,243339.43,2026-03-14 23:00:00
1773531000000,87.86,88.11,87.82,87.98,128513.59,2026-03-14 23:30:00
1773532800000,87.98,88.16,87.77,87.9,144531.79,2026-03-15 00:00:00
1773534600000,87.89,88.0,87.61,87.71,76354.58,2026-03-15 00:30:00
1773536400000,87.71,87.86,87.55,87.75,64667.77,2026-03-15 01:00:00
1773538200000,87.75,87.75,87.52,87.63,75240.15,2026-03-15 01:30:00
1773540000000,87.63,88.3,87.63,88.12,160695.82,2026-03-15 02:00:00
1773541800000,88.11,88.6,87.93,88.23,200007.92,2026-03-15 02:30:00
1773543600000,88.23,88.39,87.85,87.86,168105.75,2026-03-15 03:00:00
1773545400000,87.85,88.0,87.64,87.81,129022.93,2026-03-15 03:30:00
1773547200000,87.81,88.25,87.8,87.99,114403.25,2026-03-15 04:00:00
1773549000000,87.98,88.29,87.89,88.28,85600.38,2026-03-15 04:30:00
1773550800000,88.28,88.66,88.06,88.3,145839.8,2026-03-15 05:00:00
1773552600000,88.3,88.56,88.23,88.27,129040.73,2026-03-15 05:30:00
1773554400000,88.27,88.54,88.26,88.33,130008.31,2026-03-15 06:00:00
1773556200000,88.34,88.34,88.01,88.31,102963.31,2026-03-15 06:30:00
1773558000000,88.31,88.49,88.19,88.37,104975.1,2026-03-15 07:00:00
1773559800000,88.37,88.37,88.08,88.17,63791.44,2026-03-15 07:30:00
1773561600000,88.17,88.42,88.09,88.28,113241.6,2026-03-15 08:00:00
1773563400000,88.29,88.48,88.21,88.45,59294.56,2026-03-15 08:30:00
1773565200000,88.44,88.83,88.44,88.59,198874.85,2026-03-15 09:00:00
1773567000000,88.58,88.62,88.37,88.49,73246.75,2026-03-15 09:30:00
1773568800000,88.49,88.66,88.31,88.52,73923.23,2026-03-15 10:00:00
1773570600000,88.51,88.56,88.38,88.43,40569.37,2026-03-15 10:30:00
1773572400000,88.43,88.43,88.18,88.22,90781.57,2026-03-15 11:00:00
1773574200000,88.23,88.62,88.22,88.51,81599.72,2026-03-15 11:30:00
1773576000000,88.51,88.52,88.21,88.37,86116.4,2026-03-15 12:00:00
1773577800000,88.37,88.41,88.14,88.22,88565.53,2026-03-15 12:30:00
1773579600000,88.23,88.35,87.54,87.83,335018.25,2026-03-15 13:00:00
1773581400000,87.84,87.91,87.3,87.8,208311.09,2026-03-15 13:30:00
1773583200000,87.79,87.88,87.54,87.68,108648.15,2026-03-15 14:00:00
1773585000000,87.67,87.96,87.51,87.92,103362.28,2026-03-15 14:30:00
1773586800000,87.92,88.08,87.8,87.83,80985.37,2026-03-15 15:00:00
1773588600000,87.82,88.0,87.72,87.85,53571.71,2026-03-15 15:30:00
1773590400000,87.85,88.01,87.56,87.67,129675.5,2026-03-15 16:00:00
1773592200000,87.66,87.76,87.41,87.51,104559.58,2026-03-15 16:30:00
1773594000000,87.5,87.88,87.45,87.77,73037.97,2026-03-15 17:00:00
1773595800000,87.77,88.8,87.73,88.37,229914.43,2026-03-15 17:30:00
1773597600000,88.38,88.62,88.35,88.51,103537.66,2026-03-15 18:00:00
1773599400000,88.51,88.65,87.79,87.85,158488.97,2026-03-15 18:30:00
1773601200000,87.86,88.24,87.76,88.16,129255.87,2026-03-15 19:00:00
1773603000000,88.17,88.21,87.94,88.13,52417.81,2026-03-15 19:30:00
1773604800000,88.13,88.19,87.93,88.08,48331.77,2026-03-15 20:00:00
1773606600000,88.07,88.97,88.07,88.7,216219.93,2026-03-15 20:30:00
1773608400000,88.71,88.95,88.53,88.81,154117.95,2026-03-15 21:00:00
1773610200000,88.8,90.26,88.79,89.96,375231.89,2026-03-15 21:30:00
1773612000000,89.96,90.99,89.8,90.37,554230.55,2026-03-15 22:00:00
1773613800000,90.37,92.91,90.37,92.62,970199.88,2026-03-15 22:30:00
1773615600000,92.61,93.23,91.77,91.78,831527.04,2026-03-15 23:00:00
1773617400000,91.79,92.4,91.6,92.29,333518.6,2026-03-15 23:30:00
1773619200000,92.29,93.05,91.9,91.94,434179.22,2026-03-16 00:00:00
1773621000000,91.94,92.38,91.84,91.98,177285.58,2026-03-16 00:30:00
1773622800000,91.99,92.14,91.45,91.94,307002.47,2026-03-16 01:00:00
1773624600000,91.93,92.23,91.53,92.07,143177.84,2026-03-16 01:30:00
1773626400000,92.08,92.25,91.15,91.28,203102.58,2026-03-16 02:00:00
1773628200000,91.28,91.61,91.14,91.45,132967.84,2026-03-16 02:30:00
1773630000000,91.44,92.26,91.24,92.08,217800.89,2026-03-16 03:00:00
1773631800000,92.09,93.93,92.09,93.15,1112452.1,2026-03-16 03:30:00
1773633600000,93.14,93.76,92.91,93.03,308827.57,2026-03-16 04:00:00
1773635400000,93.02,94.24,92.93,93.59,559379.64,2026-03-16 04:30:00
1773637200000,93.58,94.13,93.18,94.08,411909.01,2026-03-16 05:00:00
1773639000000,94.09,94.29,93.68,94.0,307479.8,2026-03-16 05:30:00
1773640800000,94.0,94.01,93.12,93.39,374805.12,2026-03-16 06:00:00
1773642600000,93.4,93.63,93.35,93.35,119728.43,2026-03-16 06:30:00
1773644400000,93.36,93.75,93.29,93.72,169728.78,2026-03-16 07:00:00
1773646200000,93.72,93.83,93.28,93.52,178775.13,2026-03-16 07:30:00
1773648000000,93.52,93.98,93.24,93.26,176564.49,2026-03-16 08:00:00
1773649800000,93.26,93.31,92.52,92.82,305559.7,2026-03-16 08:30:00
1773651600000,92.82,93.37,92.67,93.08,163205.87,2026-03-16 09:00:00
1773653400000,93.08,93.43,93.02,93.26,111645.93,2026-03-16 09:30:00
1773655200000,93.26,93.69,93.2,93.49,148984.43,2026-03-16 10:00:00
1773657000000,93.48,93.91,93.26,93.85,190494.52,2026-03-16 10:30:00
1773658800000,93.86,93.94,93.46,93.53,149668.98,2026-03-16 11:00:00
1773660600000,93.53,93.92,93.46,93.7,79540.05,2026-03-16 11:30:00
1773662400000,93.69,94.17,93.31,93.98,342092.34,2026-03-16 12:00:00
1773664200000,93.97,94.14,93.63,93.69,216905.94,2026-03-16 12:30:00
1773666000000,93.7,94.09,93.46,94.05,180377.86,2026-03-16 13:00:00
1773667800000,94.05,95.09,93.37,93.61,942663.65,2026-03-16 13:30:00
1773669600000,93.61,94.47,93.17,93.18,543064.96,2026-03-16 14:00:00
1773671400000,93.18,93.57,92.3,93.56,714778.34,2026-03-16 14:30:00
1773673200000,93.55,94.07,93.05,94.03,347542.66,2026-03-16 15:00:00
1773675000000,94.03,94.29,93.03,93.15,212139.0,2026-03-16 15:30:00
1773676800000,93.14,93.61,93.06,93.28,186242.3,2026-03-16 16:00:00
1773678600000,93.28,93.99,93.13,93.76,191071.04,2026-03-16 16:30:00
1773680400000,93.76,94.17,93.62,93.66,169723.18,2026-03-16 17:00:00
1773682200000,93.67,94.37,93.66,94.03,156754.55,2026-03-16 17:30:00
1773684000000,94.02,95.08,94.0,94.73,289610.97,2026-03-16 18:00:00
1773685800000,94.72,95.0,94.24,94.32,185839.2,2026-03-16 18:30:00
1773687600000,94.33,95.43,94.12,95.06,303078.52,2026-03-16 19:00:00
1773689400000,95.07,95.44,94.65,95.17,207735.47,2026-03-16 19:30:00
1773691200000,95.17,95.85,95.0,95.66,190900.22,2026-03-16 20:00:00
1773693000000,95.66,95.94,95.42,95.73,218785.87,2026-03-16 20:30:00
1773694800000,95.73,96.15,95.44,95.75,273993.52,2026-03-16 21:00:00
1773696600000,95.75,96.88,95.67,96.12,302656.86,2026-03-16 21:30:00
1773698400000,96.12,97.63,96.11,96.45,477458.59,2026-03-16 22:00:00
1773700200000,96.45,96.85,96.15,96.33,200184.87,2026-03-16 22:30:00
1773702000000,96.33,96.33,95.36,95.91,278616.76,2026-03-16 23:00:00
1773703800000,95.91,96.43,95.87,96.14,100949.8,2026-03-16 23:30:00
1773705600000,96.14,96.94,95.3,95.72,375562.39,2026-03-17 00:00:00
1773707400000,95.72,96.05,95.06,95.45,339678.38,2026-03-17 00:30:00
1773709200000,95.45,96.08,94.9,95.68,411770.62,2026-03-17 01:00:00
1773711000000,95.69,95.99,95.23,95.65,171336.42,2026-03-17 01:30:00
1773712800000,95.65,95.71,94.87,94.99,118596.14,2026-03-17 02:00:00
1773714600000,94.98,95.55,94.82,95.08,130303.59,2026-03-17 02:30:00
1773716400000,95.07,95.22,94.47,94.6,181755.54,2026-03-17 03:00:00
1773718200000,94.61,94.63,93.65,94.01,400539.23,2026-03-17 03:30:00
1773720000000,94.01,94.22,93.45,93.71,229464.36,2026-03-17 04:00:00
1773721800000,93.72,93.84,93.11,93.74,248171.61,2026-03-17 04:30:00
1773723600000,93.74,94.01,93.5,93.95,128362.69,2026-03-17 05:00:00
1773725400000,93.94,94.04,93.27,93.76,164456.25,2026-03-17 05:30:00
1773727200000,93.75,94.26,93.41,94.14,153151.33,2026-03-17 06:00:00
1773729000000,94.14,94.18,93.72,93.84,114480.84,2026-03-17 06:30:00
1773730800000,93.84,94.6,93.81,94.48,163359.99,2026-03-17 07:00:00
1773732600000,94.47,94.58,94.3,94.38,70186.93,2026-03-17 07:30:00
1773734400000,94.37,94.78,94.23,94.55,129504.13,2026-03-17 08:00:00
1773736200000,94.55,94.9,94.21,94.35,166896.67,2026-03-17 08:30:00
1773738000000,94.35,95.05,94.0,94.68,273778.41,2026-03-17 09:00:00
1773739800000,94.68,94.76,93.64,93.84,209566.65,2026-03-17 09:30:00
1773741600000,93.85,94.01,93.46,93.64,215676.72,2026-03-17 10:00:00
1773743400000,93.63,93.69,93.2,93.52,179499.05,2026-03-17 10:30:00
1773745200000,93.52,93.85,93.35,93.74,156483.36,2026-03-17 11:00:00
1773747000000,93.75,93.86,93.52,93.59,84862.43,2026-03-17 11:30:00
1773748800000,93.6,94.04,93.25,93.39,180121.04,2026-03-17 12:00:00
1773750600000,93.39,93.6,93.08,93.36,132911.41,2026-03-17 12:30:00
1773752400000,93.35,93.71,93.29,93.58,119988.48,2026-03-17 13:00:00
1773754200000,93.57,94.53,93.35,93.74,449612.01,2026-03-17 13:30:00
1773756000000,93.75,94.25,93.44,94.16,164689.13,2026-03-17 14:00:00
1773757800000,94.17,94.64,94.01,94.44,212476.59,2026-03-17 14:30:00
1773759600000,94.44,95.11,93.59,93.76,405545.76,2026-03-17 15:00:00
1773761400000,93.76,93.95,93.18,93.77,197994.89,2026-03-17 15:30:00
1773763200000,93.76,94.74,93.65,94.46,195716.32,2026-03-17 16:00:00
1773765000000,94.47,94.55,94.09,94.34,115324.18,2026-03-17 16:30:00
1773766800000,94.34,94.67,94.08,94.3,123692.39,2026-03-17 17:00:00
1773768600000,94.3,94.64,94.16,94.5,90706.76,2026-03-17 17:30:00
1773770400000,94.51,95.13,94.38,94.9,142647.36,2026-03-17 18:00:00
1773772200000,94.9,95.55,94.83,95.27,225911.7,2026-03-17 18:30:00
1773774000000,95.28,95.52,94.85,95.03,135865.26,2026-03-17 19:00:00
1773775800000,95.02,95.15,94.56,94.6,165615.35,2026-03-17 19:30:00
1773777600000,94.6,94.98,94.35,94.88,94992.42,2026-03-17 20:00:00
1773779400000,94.88,94.92,94.55,94.83,67381.65,2026-03-17 20:30:00
1773781200000,94.82,95.39,94.77,95.05,91450.53,2026-03-17 21:00:00
1773783000000,95.06,95.32,94.88,95.21,61998.59,2026-03-17 21:30:00
1773784800000,95.21,95.56,95.07,95.15,158439.94,2026-03-17 22:00:00
1773786600000,95.15,95.47,94.52,95.26,193184.83,2026-03-17 22:30:00
1773788400000,95.25,95.38,94.81,94.94,83037.47,2026-03-17 23:00:00
1773790200000,94.93,94.93,94.53,94.55,121827.54,2026-03-17 23:30:00
1773792000000,94.55,94.87,94.06,94.29,127894.8,2026-03-18 00:00:00
1773793800000,94.28,94.62,94.02,94.47,97382.19,2026-03-18 00:30:00
1773795600000,94.48,94.75,94.39,94.67,72246.1,2026-03-18 01:00:00
1773797400000,94.67,94.89,94.25,94.37,99796.68,2026-03-18 01:30:00
1773799200000,94.37,94.93,94.34,94.69,89880.71,2026-03-18 02:00:00
1773801000000,94.69,95.16,94.64,94.87,126441.88,2026-03-18 02:30:00
1773802800000,94.87,95.45,94.75,95.29,121519.68,2026-03-18 03:00:00
1773804600000,95.3,95.59,94.96,94.99,119067.14,2026-03-18 03:30:00
1773806400000,94.99,95.06,94.21,94.28,258187.76,2026-03-18 04:00:00
1773808200000,94.27,94.31,93.88,94.06,218589.03,2026-03-18 04:30:00
1773810000000,94.07,94.35,93.71,94.06,266695.65,2026-03-18 05:00:00
1773811800000,94.06,94.22,93.66,93.87,108543.41,2026-03-18 05:30:00
1773813600000,93.87,94.59,93.86,94.38,113402.86,2026-03-18 06:00:00
1773815400000,94.38,94.51,94.14,94.17,71030.76,2026-03-18 06:30:00
1773817200000,94.18,94.26,93.83,93.91,79409.8,2026-03-18 07:00:00
1773819000000,93.9,94.05,93.76,93.88,97953.21,2026-03-18 07:30:00
1773820800000,93.88,94.2,93.88,94.12,106949.0,2026-03-18 08:00:00
1773822600000,94.12,94.18,93.92,93.96,54195.04,2026-03-18 08:30:00
1773824400000,93.97,94.36,93.88,94.18,90194.34,2026-03-18 09:00:00
1773826200000,94.18,94.38,94.06,94.21,62126.98,2026-03-18 09:30:00
1773828000000,94.22,94.38,94.0,94.27,47650.08,2026-03-18 10:00:00
1773829800000,94.28,94.36,93.4,93.8,208886.97,2026-03-18 10:30:00
1773831600000,93.79,94.02,93.23,93.29,226122.68,2026-03-18 11:00:00
1773833400000,93.29,93.38,91.73,91.94,1086572.02,2026-03-18 11:30:00
1773835200000,91.94,92.04,91.42,91.62,426766.84,2026-03-18 12:00:00
1773837000000,91.61,91.63,90.25,90.34,741274.42,2026-03-18 12:30:00
1773838800000,90.35,90.7,89.82,90.63,398652.59,2026-03-18 13:00:00
1773840600000,90.63,90.69,89.95,90.25,396858.56,2026-03-18 13:30:00
1773842400000,90.25,90.34,89.4,89.53,437171.56,2026-03-18 14:00:00
1773844200000,89.53,89.7,88.77,88.89,564035.01,2026-03-18 14:30:00
1773846000000,88.89,89.3,88.46,89.1,568538.21,2026-03-18 15:00:00
1773847800000,89.09,89.42,88.98,89.31,232313.16,2026-03-18 15:30:00
1773849600000,89.3,89.3,88.65,88.84,372662.06,2026-03-18 16:00:00
1773851400000,88.83,89.16,88.57,88.91,162338.51,2026-03-18 16:30:00
1773853200000,88.9,89.56,88.75,89.42,192482.97,2026-03-18 17:00:00
1773855000000,89.43,90.29,89.24,89.85,393896.81,2026-03-18 17:30:00
1773856800000,89.84,90.78,89.73,90.01,413641.23,2026-03-18 18:00:00
1773858600000,90.0,90.31,89.3,89.51,216547.22,2026-03-18 18:30:00
1773860400000,89.51,89.99,89.48,89.78,108539.57,2026-03-18 19:00:00
1773862200000,89.78,89.91,89.38,89.63,117996.9,2026-03-18 19:30:00
1773864000000,89.64,89.74,88.91,89.45,221999.0,2026-03-18 20:00:00
1773865800000,89.45,90.08,89.43,89.93,133643.95,2026-03-18 20:30:00
1773867600000,89.93,90.37,89.87,90.2,95055.51,2026-03-18 21:00:00
1773869400000,90.21,90.58,90.15,90.41,87782.25,2026-03-18 21:30:00
1773871200000,90.4,90.43,89.94,90.21,155171.42,2026-03-18 22:00:00
1773873000000,90.22,90.38,89.87,89.98,129016.69,2026-03-18 22:30:00
1773874800000,89.97,90.04,89.63,89.88,99548.97,2026-03-18 23:00:00
1773876600000,89.87,90.12,89.83,90.02,78920.08,2026-03-18 23:30:00
1773878400000,90.02,90.25,89.77,90.22,102450.81,2026-03-19 00:00:00
1773880200000,90.23,90.23,89.83,90.05,76455.24,2026-03-19 00:30:00
1773882000000,90.06,90.2,89.86,90.13,57497.73,2026-03-19 01:00:00
1773883800000,90.14,90.32,90.0,90.1,80618.15,2026-03-19 01:30:00
1773885600000,90.1,90.33,89.71,90.28,90252.46,2026-03-19 02:00:00
1773887400000,90.28,90.3,89.86,89.92,63721.53,2026-03-19 02:30:00
1773889200000,89.92,91.37,89.86,91.19,301234.06,2026-03-19 03:00:00
1773891000000,91.19,91.29,90.64,90.66,212161.08,2026-03-19 03:30:00
1773892800000,90.67,90.67,89.69,89.88,327815.47,2026-03-19 04:00:00
1773894600000,89.87,89.98,89.7,89.84,101739.05,2026-03-19 04:30:00
1773896400000,89.84,90.04,89.65,89.75,83664.71,2026-03-19 05:00:00
1773898200000,89.74,89.95,89.6,89.7,81112.59,2026-03-19 05:30:00
1773900000000,89.7,90.13,89.44,89.83,209073.2,2026-03-19 06:00:00
1773901800000,89.84,89.98,89.49,89.82,111270.74,2026-03-19 06:30:00
1773903600000,89.81,89.99,88.56,89.01,575909.13,2026-03-19 07:00:00
1773905400000,89.02,89.88,88.95,89.36,284224.09,2026-03-19 07:30:00
1773907200000,89.35,89.57,89.06,89.11,137125.12,2026-03-19 08:00:00
1773909000000,89.1,89.53,89.04,89.3,117940.53,2026-03-19 08:30:00
1773910800000,89.3,90.0,89.11,89.56,248515.3,2026-03-19 09:00:00
1773912600000,89.57,90.36,89.54,90.15,272478.7,2026-03-19 09:30:00
1773914400000,90.15,90.47,90.0,90.15,173976.52,2026-03-19 10:00:00
1773916200000,90.16,90.21,89.73,89.75,114770.74,2026-03-19 10:30:00
1773918000000,89.76,89.99,89.72,89.89,79855.93,2026-03-19 11:00:00
1773919800000,89.88,89.97,89.42,89.57,107774.24,2026-03-19 11:30:00
1773921600000,89.57,89.57,88.87,88.98,249484.21,2026-03-19 12:00:00
1773923400000,88.98,89.05,87.95,88.05,482960.8,2026-03-19 12:30:00
1773925200000,88.05,88.39,87.54,87.94,464317.3,2026-03-19 13:00:00
1773927000000,87.93,88.69,87.48,88.45,459127.2,2026-03-19 13:30:00
1773928800000,88.46,88.85,87.51,87.54,255671.12,2026-03-19 14:00:00
1773930600000,87.55,88.32,87.37,88.17,257225.38,2026-03-19 14:30:00
1773932400000,88.17,88.7,87.61,87.78,191785.23,2026-03-19 15:00:00
1773934200000,87.78,87.95,87.08,87.57,366002.42,2026-03-19 15:30:00
1773936000000,87.57,87.65,86.88,87.44,328334.81,2026-03-19 16:00:00
1773937800000,87.44,87.76,87.13,87.64,136179.31,2026-03-19 16:30:00
1773939600000,87.64,88.05,87.02,87.89,249630.2,2026-03-19 17:00:00
1773941400000,87.88,88.32,87.54,88.09,159375.86,2026-03-19 17:30:00
1773943200000,88.09,88.27,87.74,87.79,145105.16,2026-03-19 18:00:00
1773945000000,87.8,88.14,87.61,88.08,53625.75,2026-03-19 18:30:00
1773946800000,88.09,89.23,88.07,88.78,320369.58,2026-03-19 19:00:00
1773948600000,88.79,89.05,88.47,88.66,140680.57,2026-03-19 19:30:00
1773950400000,88.66,88.99,88.61,88.75,61103.77,2026-03-19 20:00:00
1773952200000,88.75,89.14,88.72,88.92,61915.89,2026-03-19 20:30:00
1773954000000,88.93,89.29,88.89,88.97,81958.29,2026-03-19 21:00:00
1773955800000,88.97,89.19,88.79,89.08,51920.62,2026-03-19 21:30:00
1773957600000,89.07,89.12,88.86,89.0,67525.68,2026-03-19 22:00:00
1773959400000,89.0,89.0,88.33,88.71,92457.15,2026-03-19 22:30:00
1773961200000,88.72,89.15,88.71,88.97,204124.72,2026-03-19 23:00:00
1773963000000,88.98,89.05,88.54,88.84,90052.77,2026-03-19 23:30:00
1773964800000,88.83,89.38,88.79,89.12,159261.44,2026-03-20 00:00:00
1773966600000,89.12,89.37,89.08,89.35,92252.48,2026-03-20 00:30:00
1773968400000,89.36,89.69,89.25,89.4,128983.51,2026-03-20 01:00:00
1773970200000,89.39,89.76,89.35,89.42,89906.67,2026-03-20 01:30:00
1773972000000,89.43,89.56,88.96,89.06,110956.06,2026-03-20 02:00:00
1773973800000,89.05,89.46,88.81,89.26,105796.29,2026-03-20 02:30:00
1773975600000,89.26,89.51,89.18,89.51,49027.23,2026-03-20 03:00:00
1773977400000,89.5,89.67,89.31,89.53,95088.46,2026-03-20 03:30:00
1773979200000,89.53,89.71,89.38,89.58,110232.5,2026-03-20 04:00:00
1773981000000,89.58,89.6,88.65,89.22,186097.03,2026-03-20 04:30:00
1773982800000,89.22,89.36,88.91,88.98,88726.07,2026-03-20 05:00:00
1773984600000,88.98,89.47,88.8,89.3,197535.87,2026-03-20 05:30:00
1773986400000,89.3,89.3,88.88,89.12,164839.82,2026-03-20 06:00:00
1773988200000,89.11,89.19,88.87,89.03,82626.33,2026-03-20 06:30:00
1773990000000,89.03,89.03,88.43,88.81,192472.32,2026-03-20 07:00:00
1773991800000,88.82,89.44,88.75,89.32,123520.04,2026-03-20 07:30:00
1773993600000,89.31,90.41,89.24,89.79,402626.96,2026-03-20 08:00:00
1773995400000,89.79,89.83,89.58,89.73,110059.92,2026-03-20 08:30:00
1773997200000,89.72,89.72,88.58,88.7,199037.01,2026-03-20 09:00:00
1773999000000,88.71,89.05,88.65,88.91,152180.78,2026-03-20 09:30:00
1774000800000,88.9,88.94,88.54,88.75,108649.41,2026-03-20 10:00:00
1774002600000,88.76,89.42,88.73,89.25,125391.79,2026-03-20 10:30:00
1774004400000,89.25,89.52,89.18,89.35,85628.51,2026-03-20 11:00:00
1774006200000,89.35,89.39,88.8,89.09,94947.45,2026-03-20 11:30:00
1774008000000,89.09,89.46,89.09,89.2,84975.71,2026-03-20 12:00:00
1774009800000,89.2,89.27,88.96,89.07,103602.61,2026-03-20 12:30:00
1774011600000,89.08,89.58,89.03,89.35,150909.24,2026-03-20 13:00:00
1774013400000,89.35,89.39,88.55,88.75,349468.31,2026-03-20 13:30:00
1774015200000,88.76,89.34,88.45,89.25,455249.54,2026-03-20 14:00:00
1774017000000,89.25,89.7,88.85,88.86,247485.66,2026-03-20 14:30:00
1774018800000,88.87,89.26,88.55,88.94,317970.87,2026-03-20 15:00:00
1774020600000,88.93,89.26,88.66,88.91,220566.69,2026-03-20 15:30:00
1774022400000,88.91,89.18,88.75,89.01,107558.84,2026-03-20 16:00:00
1774024200000,89.01,89.02,88.55,88.87,111463.71,2026-03-20 16:30:00
1774026000000,88.87,89.0,88.6,88.63,95757.4,2026-03-20 17:00:00
1774027800000,88.62,88.95,88.07,88.84,189287.99,2026-03-20 17:30:00
1774029600000,88.85,88.96,88.46,88.52,114680.73,2026-03-20 18:00:00
1774031400000,88.53,88.67,88.1,88.5,111721.62,2026-03-20 18:30:00
1774033200000,88.51,88.73,88.33,88.52,69729.35,2026-03-20 19:00:00
1774035000000,88.53,89.03,88.16,88.94,124969.44,2026-03-20 19:30:00
1774036800000,88.94,89.3,88.82,88.85,106706.79,2026-03-20 20:00:00
1774038600000,88.86,89.06,88.6,88.94,61480.93,2026-03-20 20:30:00
1774040400000,88.94,89.84,88.86,89.74,135593.6,2026-03-20 21:00:00
1774042200000,89.74,89.99,89.38,89.52,102881.26,2026-03-20 21:30:00
1774044000000,89.52,90.22,89.52,89.85,151628.0,2026-03-20 22:00:00
1774045800000,89.85,90.19,89.75,90.04,118654.79,2026-03-20 22:30:00
1774047600000,90.05,90.1,89.67,89.85,170970.88,2026-03-20 23:00:00
1774049400000,89.85,89.93,89.73,89.79,49963.24,2026-03-20 23:30:00
1774051200000,89.8,90.19,89.78,89.95,88758.84,2026-03-21 00:00:00
1774053000000,89.95,90.04,89.8,89.97,49626.73,2026-03-21 00:30:00
1774054800000,89.97,90.31,89.92,89.95,95553.62,2026-03-21 01:00:00
1774056600000,89.95,90.06,89.66,89.83,116197.89,2026-03-21 01:30:00
1774058400000,89.82,90.17,89.72,90.11,86091.94,2026-03-21 02:00:00
1774060200000,90.11,90.65,89.95,90.41,188228.49,2026-03-21 02:30:00
1774062000000,90.41,90.57,90.27,90.41,79583.09,2026-03-21 03:00:00
1774063800000,90.41,90.43,90.27,90.41,50448.11,2026-03-21 03:30:00
1774065600000,90.41,90.77,90.41,90.54,144521.53,2026-03-21 04:00:00
1774067400000,90.54,90.54,90.12,90.24,98946.7,2026-03-21 04:30:00
1774069200000,90.24,90.44,90.21,90.39,72370.5,2026-03-21 05:00:00
1774071000000,90.39,90.47,89.91,89.92,101846.94,2026-03-21 05:30:00
1774072800000,89.91,90.27,89.88,90.23,94215.07,2026-03-21 06:00:00
1774074600000,90.24,90.26,90.08,90.11,39704.41,2026-03-21 06:30:00
1774076400000,90.11,90.36,90.08,90.34,53672.56,2026-03-21 07:00:00
1774078200000,90.35,90.35,89.88,90.1,71959.6,2026-03-21 07:30:00
1774080000000,90.1,90.1,89.81,89.84,73168.41,2026-03-21 08:00:00
1774081800000,89.84,89.98,89.77,89.94,63110.11,2026-03-21 08:30:00
1774083600000,89.94,90.15,89.92,90.09,75075.29,2026-03-21 09:00:00
1774085400000,90.09,90.36,90.06,90.15,129988.85,2026-03-21 09:30:00
1774087200000,90.15,90.2,89.91,89.97,56329.53,2026-03-21 10:00:00
1774089000000,89.96,90.04,89.83,89.94,37465.49,2026-03-21 10:30:00
1774090800000,89.93,89.98,89.8,89.94,36442.29,2026-03-21 11:00:00
1774092600000,89.94,89.94,89.78,89.9,37964.1,2026-03-21 11:30:00
1774094400000,89.89,90.07,89.83,90.06,54410.59,2026-03-21 12:00:00
1774096200000,90.05,90.15,89.97,90.13,46475.34,2026-03-21 12:30:00
1774098000000,90.12,90.23,89.99,90.12,49919.24,2026-03-21 13:00:00
1774099800000,90.13,90.22,89.9,89.96,64253.04,2026-03-21 13:30:00
1774101600000,89.95,90.37,89.95,90.14,121172.58,2026-03-21 14:00:00
1774103400000,90.14,90.29,89.57,89.6,156928.79,2026-03-21 14:30:00
1774105200000,89.59,89.7,89.31,89.63,178804.27,2026-03-21 15:00:00
1774107000000,89.63,89.87,89.58,89.76,85691.81,2026-03-21 15:30:00
1774108800000,89.77,89.93,89.5,89.6,79722.15,2026-03-21 16:00:00
1774110600000,89.61,89.8,89.53,89.61,67092.91,2026-03-21 16:30:00
1774112400000,89.62,89.64,89.33,89.53,68695.71,2026-03-21 17:00:00
1774114200000,89.52,89.63,89.47,89.49,29950.55,2026-03-21 17:30:00
1774116000000,89.5,89.67,89.48,89.54,28692.64,2026-03-21 18:00:00
1774117800000,89.54,89.88,89.54,89.71,41075.39,2026-03-21 18:30:00
1774119600000,89.72,89.85,89.71,89.79,23154.96,2026-03-21 19:00:00
1774121400000,89.79,89.81,89.64,89.74,15090.2,2026-03-21 19:30:00
1774123200000,89.74,89.96,89.72,89.95,23935.75,2026-03-21 20:00:00
1774125000000,89.96,90.28,89.96,90.1,97013.97,2026-03-21 20:30:00
1774126800000,90.11,90.16,89.84,90.02,50609.4,2026-03-21 21:00:00
1774128600000,90.02,90.04,89.88,89.94,20432.96,2026-03-21 21:30:00
1774130400000,89.94,89.99,89.75,89.83,64180.83,2026-03-21 22:00:00
1774132200000,89.83,90.01,89.77,89.81,36135.4,2026-03-21 22:30:00
1774134000000,89.82,89.82,89.58,89.65,48194.55,2026-03-21 23:00:00
1774135800000,89.64,89.78,87.04,87.48,912834.42,2026-03-21 23:30:00
1774137600000,87.47,87.5,86.18,87.19,824254.29,2026-03-22 00:00:00
1774139400000,87.19,87.72,86.96,87.24,339013.47,2026-03-22 00:30:00
1774141200000,87.24,87.65,87.01,87.32,236066.3,2026-03-22 01:00:00
1774143000000,87.33,87.42,86.9,87.38,153438.74,2026-03-22 01:30:00
1774144800000,87.39,88.41,87.34,88.26,205586.01,2026-03-22 02:00:00
1774146600000,88.27,88.3,87.94,88.08,121984.51,2026-03-22 02:30:00
1774148400000,88.08,88.76,87.7,88.64,147272.72,2026-03-22 03:00:00
1774150200000,88.64,89.1,88.47,88.61,204303.04,2026-03-22 03:30:00
1774152000000,88.6,89.14,88.54,88.75,221188.77,2026-03-22 04:00:00
1774153800000,88.74,89.08,88.53,88.95,190215.72,2026-03-22 04:30:00
1774155600000,88.94,88.95,88.47,88.49,109173.87,2026-03-22 05:00:00
1774157400000,88.49,88.59,88.37,88.41,68729.67,2026-03-22 05:30:00
1774159200000,88.41,88.41,88.08,88.23,103644.14,2026-03-22 06:00:00
1774161000000,88.23,88.36,88.11,88.16,68460.9,2026-03-22 06:30:00
1774162800000,88.15,88.28,88.01,88.23,59372.87,2026-03-22 07:00:00
1774164600000,88.23,88.23,87.6,87.64,133542.87,2026-03-22 07:30:00
1774166400000,87.64,87.69,86.8,86.97,339971.9,2026-03-22 08:00:00
1774168200000,86.97,87.38,86.94,87.3,134216.35,2026-03-22 08:30:00
1774170000000,87.3,87.59,87.11,87.15,157171.67,2026-03-22 09:00:00
1774171800000,87.15,87.39,87.13,87.24,104611.03,2026-03-22 09:30:00
1774173600000,87.24,87.44,87.17,87.37,89909.79,2026-03-22 10:00:00
1774175400000,87.37,87.45,87.15,87.27,78571.51,2026-03-22 10:30:00
1774177200000,87.27,87.39,86.99,87.1,91630.0,2026-03-22 11:00:00
1774179000000,87.11,87.24,86.77,86.77,159444.42,2026-03-22 11:30:00
1774180800000,86.78,87.4,86.75,87.28,155980.74,2026-03-22 12:00:00
1774182600000,87.27,87.3,87.06,87.21,70271.83,2026-03-22 12:30:00
1774184400000,87.21,87.67,87.17,87.38,150492.01,2026-03-22 13:00:00
1774186200000,87.38,87.47,86.94,87.25,81112.77,2026-03-22 13:30:00
1774188000000,87.25,87.53,86.96,87.36,68438.22,2026-03-22 14:00:00
1774189800000,87.37,87.46,87.03,87.14,73260.3,2026-03-22 14:30:00
1774191600000,87.14,87.39,87.12,87.26,103492.33,2026-03-22 15:00:00
1774193400000,87.27,87.55,87.11,87.52,81070.97,2026-03-22 15:30:00
1774195200000,87.51,87.65,87.28,87.3,165110.19,2026-03-22 16:00:00
1774197000000,87.3,87.49,87.19,87.41,50994.76,2026-03-22 16:30:00
1774198800000,87.41,87.5,87.26,87.35,41993.04,2026-03-22 17:00:00
1774200600000,87.35,87.39,87.13,87.21,48553.1,2026-03-22 17:30:00
1774202400000,87.2,87.26,87.05,87.17,48793.25,2026-03-22 18:00:00
1774204200000,87.17,87.25,86.42,86.94,195622.23,2026-03-22 18:30:00
1774206000000,86.94,86.96,86.58,86.59,77418.38,2026-03-22 19:00:00
1774207800000,86.6,86.97,86.5,86.81,85018.29,2026-03-22 19:30:00
1774209600000,86.81,87.12,86.81,86.88,71212.09,2026-03-22 20:00:00
1774211400000,86.88,86.9,86.46,86.52,87452.14,2026-03-22 20:30:00
1774213200000,86.53,86.58,85.01,85.9,805618.17,2026-03-22 21:00:00
1774215000000,85.9,85.99,85.57,85.92,125376.02,2026-03-22 21:30:00
1774216800000,85.93,86.66,85.44,86.45,324224.8,2026-03-22 22:00:00
1774218600000,86.46,86.73,86.2,86.69,87218.43,2026-03-22 22:30:00
1774220400000,86.7,86.98,86.41,86.49,123749.19,2026-03-22 23:00:00
1774222200000,86.48,86.62,85.97,86.16,134794.17,2026-03-22 23:30:00
1774224000000,86.16,86.57,85.98,86.22,124546.79,2026-03-23 00:00:00
1774225800000,86.21,86.26,85.41,85.84,207233.79,2026-03-23 00:30:00
1774227600000,85.85,86.59,85.68,86.41,196184.75,2026-03-23 01:00:00
1774229400000,86.41,86.48,86.02,86.04,101997.69,2026-03-23 01:30:00
1774231200000,86.04,86.87,86.0,86.8,138782.56,2026-03-23 02:00:00
1774233000000,86.8,86.93,86.45,86.66,102160.82,2026-03-23 02:30:00
1774234800000,86.65,87.18,86.48,86.54,159483.52,2026-03-23 03:00:00
1774236600000,86.54,86.58,86.29,86.34,79646.57,2026-03-23 03:30:00
1774238400000,86.35,86.52,86.26,86.45,72623.75,2026-03-23 04:00:00
1774240200000,86.46,86.86,86.42,86.85,122824.46,2026-03-23 04:30:00
1774242000000,86.85,87.28,86.85,87.03,170690.49,2026-03-23 05:00:00
1774243800000,87.04,87.21,86.79,87.12,159987.11,2026-03-23 05:30:00
1774245600000,87.12,87.12,86.36,86.57,136316.1,2026-03-23 06:00:00
1774247400000,86.56,86.57,85.38,85.68,344510.14,2026-03-23 06:30:00
1774249200000,85.69,85.7,85.02,85.3,309288.8,2026-03-23 07:00:00
1774251000000,85.31,86.18,85.24,85.93,206182.4,2026-03-23 07:30:00
1774252800000,85.94,86.42,85.9,86.17,195919.25,2026-03-23 08:00:00
1774254600000,86.17,86.4,85.79,85.88,97897.28,2026-03-23 08:30:00
1774256400000,85.89,85.97,85.55,85.78,116877.69,2026-03-23 09:00:00
1774258200000,85.78,85.79,85.12,85.69,156919.39,2026-03-23 09:30:00
1774260000000,85.69,86.27,85.6,85.92,140364.23,2026-03-23 10:00:00
1774261800000,85.92,86.09,85.65,86.01,78500.25,2026-03-23 10:30:00
1774263600000,86.01,91.93,85.99,90.29,4140575.69,2026-03-23 11:00:00
1774265400000,90.29,90.9,88.67,88.75,668054.94,2026-03-23 11:30:00
1774267200000,88.75,89.75,88.28,89.58,513670.06,2026-03-23 12:00:00
1774269000000,89.58,90.45,89.27,90.16,335327.13,2026-03-23 12:30:00
1774270800000,90.17,90.46,89.84,90.12,158412.23,2026-03-23 13:00:00
1774272600000,90.12,91.44,89.84,91.29,494753.59,2026-03-23 13:30:00
1774274400000,91.29,91.69,91.08,91.47,401340.39,2026-03-23 14:00:00
1774276200000,91.47,91.65,91.0,91.47,273220.32,2026-03-23 14:30:00
1774278000000,91.48,92.25,91.03,91.09,519480.03,2026-03-23 15:00:00
1774279800000,91.1,91.19,89.76,89.91,536080.91,2026-03-23 15:30:00
1774281600000,89.91,90.4,89.47,89.51,300273.77,2026-03-23 16:00:00
1774283400000,89.51,90.41,89.35,90.3,270597.43,2026-03-23 16:30:00
1774285200000,90.31,90.55,89.65,89.96,204060.21,2026-03-23 17:00:00
1774287000000,89.95,91.35,89.92,91.21,323294.62,2026-03-23 17:30:00
1774288800000,91.21,91.37,90.88,91.23,161772.59,2026-03-23 18:00:00
1774290600000,91.23,91.77,91.23,91.57,197259.17,2026-03-23 18:30:00
1774292400000,91.56,91.88,91.25,91.65,141271.2,2026-03-23 19:00:00
1774294200000,91.64,91.72,91.2,91.34,108966.74,2026-03-23 19:30:00
1774296000000,91.34,91.73,91.2,91.52,112574.22,2026-03-23 20:00:00
1774297800000,91.51,91.99,91.51,91.74,89375.6,2026-03-23 20:30:00
1774299600000,91.75,91.84,91.45,91.49,87828.09,2026-03-23 21:00:00
1774301400000,91.5,91.95,91.49,91.59,74207.72,2026-03-23 21:30:00
1774303200000,91.59,91.86,91.14,91.57,133640.99,2026-03-23 22:00:00
1774305000000,91.57,91.6,91.3,91.47,73598.92,2026-03-23 22:30:00
1774306800000,91.47,91.51,90.92,91.25,132057.19,2026-03-23 23:00:00
1774308600000,91.24,91.54,91.06,91.4,67072.22,2026-03-23 23:30:00
1774310400000,91.39,91.64,90.96,91.02,130058.71,2026-03-24 00:00:00
1774312200000,91.02,91.23,90.55,90.94,158438.0,2026-03-24 00:30:00
1774314000000,90.95,91.02,90.59,90.95,93014.49,2026-03-24 01:00:00
1774315800000,90.94,90.97,90.09,90.36,175890.0,2026-03-24 01:30:00
1774317600000,90.36,90.73,90.2,90.34,95258.76,2026-03-24 02:00:00
1774319400000,90.34,90.55,90.07,90.11,86556.33,2026-03-24 02:30:00
1774321200000,90.11,90.28,89.92,90.2,100227.94,2026-03-24 03:00:00
1774323000000,90.2,90.31,89.91,90.3,110539.35,2026-03-24 03:30:00
1774324800000,90.29,90.77,90.29,90.46,118129.96,2026-03-24 04:00:00
1774326600000,90.46,90.47,90.09,90.3,99349.11,2026-03-24 04:30:00
1774328400000,90.31,90.37,89.93,90.02,147527.64,2026-03-24 05:00:00
1774330200000,90.02,90.25,89.93,90.06,144077.47,2026-03-24 05:30:00
1774332000000,90.07,90.48,89.99,90.07,148592.14,2026-03-24 06:00:00
1774333800000,90.06,90.48,90.05,90.41,81492.62,2026-03-24 06:30:00
1774335600000,90.4,91.3,90.34,91.13,319643.1,2026-03-24 07:00:00
1774337400000,91.13,91.84,91.02,91.67,282443.44,2026-03-24 07:30:00
1774339200000,91.67,91.84,91.21,91.35,285858.11,2026-03-24 08:00:00
1774341000000,91.34,91.89,91.27,91.52,227793.69,2026-03-24 08:30:00
1774342800000,91.53,91.74,91.06,91.5,299609.73,2026-03-24 09:00:00
1774344600000,91.49,92.12,91.39,92.08,236052.34,2026-03-24 09:30:00
1774346400000,92.08,92.19,91.83,91.91,225273.13,2026-03-24 10:00:00
1774348200000,91.9,91.99,91.66,91.8,135030.68,2026-03-24 10:30:00
1774350000000,91.79,92.13,91.3,91.45,297048.91,2026-03-24 11:00:00
1774351800000,91.45,92.0,91.41,91.72,156848.28,2026-03-24 11:30:00
1774353600000,91.73,91.82,91.54,91.7,66916.04,2026-03-24 12:00:00
1774355400000,91.69,91.79,91.32,91.53,154725.33,2026-03-24 12:30:00
1774357200000,91.53,91.72,90.98,91.05,205823.09,2026-03-24 13:00:00
1774359000000,91.06,91.29,89.49,89.81,872821.42,2026-03-24 13:30:00
1774360800000,89.81,90.18,89.15,89.43,515548.56,2026-03-24 14:00:00
1774362600000,89.44,89.75,88.61,89.5,683251.57,2026-03-24 14:30:00
1774364400000,89.5,90.25,89.44,89.86,334673.13,2026-03-24 15:00:00
1774366200000,89.86,90.2,89.45,89.68,222797.29,2026-03-24 15:30:00
1774368000000,89.67,89.93,89.49,89.64,111336.6,2026-03-24 16:00:00
1774369800000,89.65,89.72,89.0,89.21,193508.16,2026-03-24 16:30:00
1774371600000,89.22,89.34,88.74,89.06,195079.09,2026-03-24 17:00:00
1774373400000,89.05,89.21,88.65,89.13,155485.52,2026-03-24 17:30:00
1774375200000,89.13,89.24,88.96,89.11,137789.49,2026-03-24 18:00:00
1774377000000,89.1,89.68,88.81,88.81,230754.82,2026-03-24 18:30:00
1774378800000,88.82,89.24,88.8,88.86,163434.06,2026-03-24 19:00:00
1774380600000,88.87,88.95,88.34,88.45,260091.46,2026-03-24 19:30:00
1774382400000,88.46,90.11,88.42,89.61,287012.07,2026-03-24 20:00:00
1774384200000,89.6,90.2,89.6,89.97,214182.87,2026-03-24 20:30:00
1774386000000,89.98,90.13,89.62,89.96,90136.02,2026-03-24 21:00:00
1774387800000,89.96,90.59,89.96,90.31,113434.07,2026-03-24 21:30:00
1774389600000,90.31,90.73,90.2,90.26,169345.99,2026-03-24 22:00:00
1774391400000,90.26,90.37,90.04,90.27,126515.66,2026-03-24 22:30:00
1774393200000,90.28,91.02,90.18,90.98,197017.72,2026-03-24 23:00:00
1774395000000,90.97,91.1,90.75,90.75,121830.73,2026-03-24 23:30:00
1774396800000,90.76,91.25,90.73,91.07,159970.34,2026-03-25 00:00:00
1774398600000,91.06,91.58,90.66,91.28,221425.45,2026-03-25 00:30:00
1774400400000,91.28,91.43,90.96,91.18,160067.14,2026-03-25 01:00:00
1774402200000,91.18,91.34,90.88,90.91,115334.03,2026-03-25 01:30:00
1774404000000,90.9,91.19,90.76,90.98,119890.28,2026-03-25 02:00:00
1774405800000,90.98,91.47,90.93,91.08,127485.46,2026-03-25 02:30:00
1774407600000,91.08,91.1,90.75,90.95,113080.43,2026-03-25 03:00:00
1774409400000,90.95,91.93,90.95,91.65,332013.45,2026-03-25 03:30:00
1774411200000,91.66,91.88,91.54,91.71,102570.28,2026-03-25 04:00:00
1774413000000,91.71,92.08,91.54,92.01,200368.08,2026-03-25 04:30:00
1774414800000,92.01,92.94,91.91,92.62,474747.77,2026-03-25 05:00:00
1774416600000,92.62,92.76,92.34,92.38,176078.5,2026-03-25 05:30:00
1774418400000,92.38,92.86,92.2,92.73,209748.28,2026-03-25 06:00:00
1774420200000,92.74,92.78,92.31,92.33,115932.05,2026-03-25 06:30:00
1774422000000,92.32,92.44,92.12,92.15,124078.41,2026-03-25 07:00:00
1774423800000,92.15,92.46,91.71,91.75,208481.41,2026-03-25 07:30:00
1774425600000,91.76,92.28,91.76,92.12,220646.77,2026-03-25 08:00:00
1774427400000,92.12,92.74,92.11,92.3,224879.56,2026-03-25 08:30:00
1774429200000,92.29,92.61,92.22,92.34,112202.09,2026-03-25 09:00:00
1774431000000,92.34,92.6,92.07,92.51,144529.38,2026-03-25 09:30:00
1774432800000,92.51,92.6,92.37,92.52,100719.5,2026-03-25 10:00:00
1774434600000,92.53,92.66,92.34,92.6,126238.71,2026-03-25 10:30:00
1774436400000,92.6,93.23,92.4,92.98,335637.26,2026-03-25 11:00:00
1774438200000,92.98,93.45,92.65,92.94,312292.38,2026-03-25 11:30:00
1774440000000,92.93,93.21,92.31,92.54,276699.57,2026-03-25 12:00:00
1774441800000,92.53,93.4,92.29,93.0,256830.54,2026-03-25 12:30:00
1774443600000,93.0,93.18,92.82,92.93,138043.34,2026-03-25 13:00:00
1774445400000,92.92,93.37,92.64,92.68,270952.32,2026-03-25 13:30:00
1774447200000,92.68,92.87,91.97,92.16,316067.65,2026-03-25 14:00:00
1774449000000,92.17,92.4,91.83,91.91,198099.15,2026-03-25 14:30:00
1774450800000,91.92,92.03,90.96,91.66,483862.62,2026-03-25 15:00:00
1774452600000,91.66,92.03,91.49,91.72,257367.95,2026-03-25 15:30:00
1774454400000,91.72,92.72,91.55,92.38,309742.93,2026-03-25 16:00:00
1774456200000,92.38,92.63,92.11,92.17,188796.13,2026-03-25 16:30:00
1774458000000,92.17,92.3,91.9,92.07,117579.03,2026-03-25 17:00:00
1774459800000,92.08,92.08,91.56,91.68,111369.71,2026-03-25 17:30:00
1774461600000,91.68,92.17,91.62,92.0,115373.67,2026-03-25 18:00:00
1774463400000,92.0,92.05,91.42,91.64,77478.92,2026-03-25 18:30:00
1774465200000,91.65,91.96,91.57,91.73,66463.9,2026-03-25 19:00:00
1774467000000,91.73,91.94,91.35,91.72,95107.6,2026-03-25 19:30:00
1774468800000,91.72,91.73,91.09,91.17,198078.13,2026-03-25 20:00:00
1774470600000,91.17,91.53,91.06,91.44,74131.19,2026-03-25 20:30:00
1774472400000,91.45,91.57,91.18,91.18,96418.0,2026-03-25 21:00:00
1774474200000,91.18,91.41,91.08,91.2,80511.32,2026-03-25 21:30:00
1774476000000,91.2,91.3,90.97,91.2,118605.88,2026-03-25 22:00:00
1774477800000,91.21,91.92,91.19,91.69,257963.68,2026-03-25 22:30:00
1774479600000,91.69,91.8,91.42,91.68,69452.92,2026-03-25 23:00:00
1774481400000,91.69,91.72,91.42,91.66,55946.51,2026-03-25 23:30:00
1774483200000,91.65,91.84,91.44,91.71,101924.01,2026-03-26 00:00:00
1774485000000,91.71,91.94,91.46,91.64,84737.17,2026-03-26 00:30:00
1774486800000,91.64,91.9,91.54,91.82,55151.59,2026-03-26 01:00:00
1774488600000,91.82,91.89,91.64,91.76,79478.79,2026-03-26 01:30:00
1774490400000,91.76,91.79,91.11,91.17,179757.0,2026-03-26 02:00:00
1774492200000,91.16,91.19,90.58,90.88,241133.83,2026-03-26 02:30:00
1774494000000,90.87,91.0,90.52,90.62,151528.16,2026-03-26 03:00:00
1774495800000,90.62,91.1,90.61,91.01,78611.58,2026-03-26 03:30:00
1774497600000,91.01,91.02,90.61,90.83,79694.87,2026-03-26 04:00:00
1774499400000,90.82,90.93,90.72,90.74,54464.61,2026-03-26 04:30:00
1774501200000,90.74,90.78,89.8,90.0,457817.57,2026-03-26 05:00:00
1774503000000,90.0,90.09,89.06,89.18,366812.12,2026-03-26 05:30:00
1774504800000,89.17,89.25,88.81,89.03,375073.73,2026-03-26 06:00:00
1774506600000,89.04,89.11,88.84,89.0,172153.42,2026-03-26 06:30:00
1774508400000,88.99,89.32,88.91,88.95,183329.68,2026-03-26 07:00:00
1774510200000,88.95,89.15,88.73,89.02,245510.47,2026-03-26 07:30:00
1774512000000,89.02,89.04,88.58,88.63,200371.52,2026-03-26 08:00:00
1774513800000,88.62,88.9,88.6,88.8,110478.54,2026-03-26 08:30:00
1774515600000,88.81,88.95,88.63,88.84,75733.23,2026-03-26 09:00:00
1774517400000,88.83,88.84,87.65,88.06,687896.67,2026-03-26 09:30:00
1774519200000,88.05,88.26,87.82,88.18,132930.86,2026-03-26 10:00:00
1774521000000,88.18,88.28,87.7,87.88,137882.49,2026-03-26 10:30:00
1774522800000,87.88,88.05,87.37,87.54,247421.19,2026-03-26 11:00:00
1774524600000,87.54,87.69,87.48,87.5,112774.68,2026-03-26 11:30:00
1774526400000,87.51,87.71,87.33,87.67,141657.2,2026-03-26 12:00:00
1774528200000,87.66,87.74,87.37,87.51,139298.77,2026-03-26 12:30:00
1774530000000,87.51,87.85,87.48,87.75,121819.04,2026-03-26 13:00:00
1774531800000,87.74,88.2,87.26,87.86,427727.02,2026-03-26 13:30:00
1774533600000,87.86,88.12,87.38,87.56,195378.9,2026-03-26 14:00:00
1774535400000,87.56,87.95,87.11,87.48,169125.57,2026-03-26 14:30:00
1774537200000,87.48,87.52,86.64,87.41,521103.87,2026-03-26 15:00:00
1774539000000,87.41,87.76,87.24,87.47,146820.08,2026-03-26 15:30:00
1774540800000,87.47,87.68,87.25,87.4,142777.11,2026-03-26 16:00:00
1774542600000,87.4,87.48,87.07,87.16,148593.33,2026-03-26 16:30:00
1774544400000,87.15,87.38,87.0,87.28,89743.19,2026-03-26 17:00:00
1774546200000,87.28,87.44,86.4,86.57,299579.07,2026-03-26 17:30:00
1774548000000,86.57,86.76,85.74,85.82,489161.11,2026-03-26 18:00:00
1774549800000,85.81,86.07,85.64,86.0,207692.85,2026-03-26 18:30:00
1774551600000,85.99,86.03,85.42,85.6,156064.72,2026-03-26 19:00:00
1774553400000,85.6,85.83,85.37,85.42,159603.92,2026-03-26 19:30:00
1774555200000,85.41,87.08,85.38,86.47,807293.81,2026-03-26 20:00:00
1774557000000,86.47,86.64,86.17,86.27,84935.62,2026-03-26 20:30:00
1774558800000,86.28,87.05,86.14,86.93,169406.95,2026-03-26 21:00:00
1774560600000,86.94,87.06,86.75,86.76,92517.43,2026-03-26 21:30:00
1774562400000,86.75,86.83,86.16,86.53,129230.98,2026-03-26 22:00:00
1774564200000,86.53,86.76,86.36,86.76,79015.3,2026-03-26 22:30:00
1774566000000,86.75,86.9,86.42,86.56,84181.41,2026-03-26 23:00:00
1774567800000,86.56,86.56,86.14,86.48,180978.04,2026-03-26 23:30:00
1774569600000,86.48,86.75,86.27,86.27,138927.07,2026-03-27 00:00:00
1774571400000,86.28,86.56,86.14,86.51,85118.21,2026-03-27 00:30:00
1774573200000,86.5,86.77,86.4,86.73,83020.03,2026-03-27 01:00:00
1774575000000,86.74,86.85,86.58,86.84,89419.03,2026-03-27 01:30:00
1774576800000,86.85,86.99,86.61,86.73,96658.05,2026-03-27 02:00:00
1774578600000,86.72,86.88,86.47,86.64,75200.48,2026-03-27 02:30:00
1774580400000,86.65,86.74,86.3,86.43,96813.01,2026-03-27 03:00:00
1774582200000,86.44,86.56,86.32,86.37,70789.48,2026-03-27 03:30:00
1774584000000,86.37,86.39,85.68,85.99,296584.4,2026-03-27 04:00:00
1774585800000,86.0,86.14,85.94,86.1,53782.85,2026-03-27 04:30:00
1774587600000,86.1,86.7,85.95,86.09,164952.08,2026-03-27 05:00:00
1774589400000,86.09,86.2,85.88,86.05,89421.25,2026-03-27 05:30:00
1774591200000,86.05,86.34,85.9,86.21,66943.22,2026-03-27 06:00:00
1774593000000,86.21,86.26,85.84,86.0,100138.55,2026-03-27 06:30:00
1774594800000,86.0,86.29,85.75,86.21,146274.84,2026-03-27 07:00:00
1774596600000,86.22,86.24,85.62,85.87,168176.47,2026-03-27 07:30:00
1774598400000,85.86,86.08,85.68,85.69,151233.32,2026-03-27 08:00:00
1774600200000,85.69,85.81,84.27,85.02,1166828.9,2026-03-27 08:30:00
1774602000000,85.03,85.17,84.34,85.1,292744.85,2026-03-27 09:00:00
1774603800000,85.1,85.13,84.82,85.0,140758.02,2026-03-27 09:30:00
1774605600000,85.0,85.08,84.8,85.01,89055.71,2026-03-27 10:00:00
1774607400000,85.0,85.05,82.55,82.93,1642316.14,2026-03-27 10:30:00
1774609200000,82.94,83.37,82.58,83.34,337974.56,2026-03-27 11:00:00
1774611000000,83.34,83.54,83.2,83.29,140228.21,2026-03-27 11:30:00
1774612800000,83.3,83.34,83.04,83.1,193047.28,2026-03-27 12:00:00
1774614600000,83.09,83.35,82.98,83.03,206477.09,2026-03-27 12:30:00
1774616400000,83.03,83.46,82.86,83.35,147304.66,2026-03-27 13:00:00
1774618200000,83.36,83.42,82.37,82.86,499155.87,2026-03-27 13:30:00
1774620000000,82.86,83.28,82.54,82.59,286587.34,2026-03-27 14:00:00
1774621800000,82.59,83.14,82.58,83.12,187762.03,2026-03-27 14:30:00
1774623600000,83.12,83.61,82.9,83.45,309408.47,2026-03-27 15:00:00
1774625400000,83.44,83.93,83.24,83.25,368698.43,2026-03-27 15:30:00
1774627200000,83.25,83.29,82.5,82.76,482136.99,2026-03-27 16:00:00
1774629000000,82.75,83.24,82.55,82.93,146096.01,2026-03-27 16:30:00
1774630800000,82.93,83.35,82.67,82.68,154174.89,2026-03-27 17:00:00
1774632600000,82.67,82.78,82.01,82.16,314616.31,2026-03-27 17:30:00
1774634400000,82.15,82.42,81.74,82.11,286506.93,2026-03-27 18:00:00
1774636200000,82.12,82.38,82.06,82.29,124314.65,2026-03-27 18:30:00
1774638000000,82.29,82.49,81.97,82.47,110230.95,2026-03-27 19:00:00
1774639800000,82.47,82.83,82.42,82.73,131846.96,2026-03-27 19:30:00
1774641600000,82.72,82.89,82.33,82.47,98161.54,2026-03-27 20:00:00
1774643400000,82.47,82.78,82.29,82.7,57097.71,2026-03-27 20:30:00
1774645200000,82.69,82.96,82.68,82.91,62483.77,2026-03-27 21:00:00
1774647000000,82.92,82.97,82.61,82.68,60091.83,2026-03-27 21:30:00
1774648800000,82.69,82.77,82.51,82.6,42272.7,2026-03-27 22:00:00
1774650600000,82.6,82.76,82.46,82.66,37010.63,2026-03-27 22:30:00
1774652400000,82.67,82.78,82.38,82.76,76302.58,2026-03-27 23:00:00
1774654200000,82.76,83.06,82.7,83.02,89034.98,2026-03-27 23:30:00
1774656000000,83.02,83.02,82.65,82.84,74933.11,2026-03-28 00:00:00
1774657800000,82.84,82.92,82.71,82.79,51889.7,2026-03-28 00:30:00
1774659600000,82.78,82.81,82.25,82.47,114156.5,2026-03-28 01:00:00
1774661400000,82.47,82.67,82.18,82.59,114701.52,2026-03-28 01:30:00
1774663200000,82.6,82.85,82.36,82.46,99986.26,2026-03-28 02:00:00
1774665000000,82.46,82.54,82.3,82.5,82281.82,2026-03-28 02:30:00
1774666800000,82.5,82.64,82.44,82.6,40147.06,2026-03-28 03:00:00
1774668600000,82.6,82.65,82.5,82.53,43796.58,2026-03-28 03:30:00
1774670400000,82.53,82.72,82.34,82.63,109285.03,2026-03-28 04:00:00
1774672200000,82.63,82.65,82.39,82.5,73776.17,2026-03-28 04:30:00
1774674000000,82.5,82.73,82.3,82.62,116099.54,2026-03-28 05:00:00
1774675800000,82.63,82.72,82.49,82.68,78708.17,2026-03-28 05:30:00
1774677600000,82.68,83.22,82.6,83.08,239953.46,2026-03-28 06:00:00
1774679400000,83.07,83.16,82.97,83.12,126822.86,2026-03-28 06:30:00
1774681200000,83.12,83.47,83.11,83.4,103137.16,2026-03-28 07:00:00
1774683000000,83.4,83.59,83.31,83.54,125801.79,2026-03-28 07:30:00
1774684800000,83.54,83.64,83.39,83.46,125794.03,2026-03-28 08:00:00
1774686600000,83.47,83.6,83.31,83.33,96886.5,2026-03-28 08:30:00
1774688400000,83.32,83.33,82.96,83.08,154154.2,2026-03-28 09:00:00
1774690200000,83.08,83.13,82.85,82.98,109714.87,2026-03-28 09:30:00
1774692000000,82.97,83.28,82.71,82.73,140550.21,2026-03-28 10:00:00
1774693800000,82.73,82.96,82.65,82.94,95934.5,2026-03-28 10:30:00
1774695600000,82.95,83.0,82.83,82.98,51101.89,2026-03-28 11:00:00
1774697400000,82.98,83.0,82.84,82.88,58467.05,2026-03-28 11:30:00
1774699200000,82.87,83.15,82.7,83.0,86513.69,2026-03-28 12:00:00
1774701000000,82.99,83.03,82.53,82.63,137538.1,2026-03-28 12:30:00
1774702800000,82.63,82.88,82.62,82.75,95115.39,2026-03-28 13:00:00
1774704600000,82.75,84.08,82.75,83.31,630177.38,2026-03-28 13:30:00
1774706400000,83.32,83.34,82.92,83.18,213745.98,2026-03-28 14:00:00
1774708200000,83.18,83.47,83.03,83.18,159988.14,2026-03-28 14:30:00
1774710000000,83.17,84.25,83.12,83.76,461914.56,2026-03-28 15:00:00
1774711800000,83.77,83.94,83.59,83.76,184630.59,2026-03-28 15:30:00
1774713600000,83.76,83.88,83.61,83.81,96094.68,2026-03-28 16:00:00
1774715400000,83.8,83.81,83.39,83.49,146366.57,2026-03-28 16:30:00
1774717200000,83.49,83.67,83.24,83.26,87104.75,2026-03-28 17:00:00
1774719000000,83.25,83.43,83.07,83.25,114982.37,2026-03-28 17:30:00
1774720800000,83.25,83.46,83.23,83.32,71392.44,2026-03-28 18:00:00
1774722600000,83.32,83.45,83.3,83.31,24631.07,2026-03-28 18:30:00
1774724400000,83.3,83.37,82.95,83.13,75321.85,2026-03-28 19:00:00
1774726200000,83.13,83.24,83.05,83.21,38793.59,2026-03-28 19:30:00
1774728000000,83.22,83.44,83.21,83.3,58956.53,2026-03-28 20:00:00
1774729800000,83.3,83.38,83.24,83.32,29638.46,2026-03-28 20:30:00
1774731600000,83.32,83.36,82.65,82.91,159740.16,2026-03-28 21:00:00
1774733400000,82.91,82.91,82.25,82.63,137865.61,2026-03-28 21:30:00
1774735200000,82.62,82.84,82.4,82.76,101756.03,2026-03-28 22:00:00
1774737000000,82.76,82.79,82.66,82.73,40472.79,2026-03-28 22:30:00
1774738800000,82.72,82.72,81.6,82.01,329637.72,2026-03-28 23:00:00
1774740600000,82.01,82.23,81.85,82.02,101497.68,2026-03-28 23:30:00
1774742400000,82.02,82.17,81.79,81.89,113415.0,2026-03-29 00:00:00
1774744200000,81.89,82.21,81.87,82.13,105137.77,2026-03-29 00:30:00
1774746000000,82.13,82.4,82.11,82.34,96660.47,2026-03-29 01:00:00
1774747800000,82.34,82.45,82.01,82.4,116374.42,2026-03-29 01:30:00
1774749600000,82.4,82.6,82.34,82.51,99448.75,2026-03-29 02:00:00
1774751400000,82.51,82.78,82.39,82.71,70214.01,2026-03-29 02:30:00
1774753200000,82.7,83.18,82.63,82.96,124047.39,2026-03-29 03:00:00
1774755000000,82.95,83.05,82.83,82.95,64313.91,2026-03-29 03:30:00
1774756800000,82.94,82.98,82.66,82.77,69602.66,2026-03-29 04:00:00
1774758600000,82.77,82.81,82.66,82.72,42400.38,2026-03-29 04:30:00
1774760400000,82.71,82.72,82.34,82.54,111987.27,2026-03-29 05:00:00
1774762200000,82.54,82.83,82.5,82.64,126760.0,2026-03-29 05:30:00
1774764000000,82.65,82.76,82.27,82.36,93589.38,2026-03-29 06:00:00
1774765800000,82.35,82.53,82.23,82.42,161846.19,2026-03-29 06:30:00
1774767600000,82.43,82.43,82.16,82.38,73693.66,2026-03-29 07:00:00
1774769400000,82.38,82.56,82.29,82.39,64820.9,2026-03-29 07:30:00
1774771200000,82.39,82.54,82.29,82.46,47640.63,2026-03-29 08:00:00
1774773000000,82.46,82.56,82.35,82.4,42000.65,2026-03-29 08:30:00
1774774800000,82.39,82.49,82.24,82.34,45464.51,2026-03-29 09:00:00
1774776600000,82.34,82.4,82.1,82.3,77999.67,2026-03-29 09:30:00
1774778400000,82.3,82.3,82.04,82.07,93394.29,2026-03-29 10:00:00
1774780200000,82.08,82.23,81.93,82.08,113050.33,2026-03-29 10:30:00
1774782000000,82.07,82.69,82.06,82.51,158568.17,2026-03-29 11:00:00
1774783800000,82.52,82.78,82.43,82.52,77143.24,2026-03-29 11:30:00
1774785600000,82.52,82.59,82.31,82.34,61577.85,2026-03-29 12:00:00
1774787400000,82.35,82.45,82.17,82.38,55405.1,2026-03-29 12:30:00
1774789200000,82.38,82.42,81.62,82.0,268205.21,2026-03-29 13:00:00
1774791000000,82.0,82.15,81.74,81.86,130447.7,2026-03-29 13:30:00
1774792800000,81.86,82.38,81.72,81.86,168043.97,2026-03-29 14:00:00
1774794600000,81.86,82.0,81.66,81.87,121423.21,2026-03-29 14:30:00
1774796400000,81.88,82.09,81.21,81.55,313849.7,2026-03-29 15:00:00
1774798200000,81.54,81.81,81.45,81.78,132841.34,2026-03-29 15:30:00
1774800000000,81.78,82.08,81.66,81.86,129483.84,2026-03-29 16:00:00
1774801800000,81.87,81.87,81.56,81.65,62396.16,2026-03-29 16:30:00
1774803600000,81.65,81.8,81.07,81.19,185282.98,2026-03-29 17:00:00
1774805400000,81.19,81.59,81.12,81.49,111996.93,2026-03-29 17:30:00
1774807200000,81.49,81.69,81.33,81.49,83391.24,2026-03-29 18:00:00
1774809000000,81.49,81.88,81.46,81.74,87516.22,2026-03-29 18:30:00
1774810800000,81.73,81.82,81.6,81.63,45573.76,2026-03-29 19:00:00
1774812600000,81.64,81.75,81.49,81.55,56806.2,2026-03-29 19:30:00
1774814400000,81.55,82.16,81.54,81.96,81485.4,2026-03-29 20:00:00
1774816200000,81.97,82.01,81.7,81.87,48323.92,2026-03-29 20:30:00
1774818000000,81.87,81.98,81.77,81.89,69074.37,2026-03-29 21:00:00
1774819800000,81.89,82.19,81.85,82.09,99461.14,2026-03-29 21:30:00
1774821600000,82.09,82.09,81.16,81.68,272499.72,2026-03-29 22:00:00
1774823400000,81.69,81.72,78.75,80.84,1457847.78,2026-03-29 22:30:00
1774825200000,80.84,81.62,80.81,81.25,431761.07,2026-03-29 23:00:00
1774827000000,81.24,81.59,81.09,81.34,235291.46,2026-03-29 23:30:00
1774828800000,81.35,82.97,81.06,82.09,628211.4,2026-03-30 00:00:00
1774830600000,82.09,82.39,81.46,81.81,201395.31,2026-03-30 00:30:00
1774832400000,81.82,82.56,81.81,82.47,214756.99,2026-03-30 01:00:00
1774834200000,82.46,82.83,82.37,82.66,173967.15,2026-03-30 01:30:00
1774836000000,82.66,83.02,82.55,82.68,162580.62,2026-03-30 02:00:00
1774837800000,82.67,83.93,82.41,83.29,514458.97,2026-03-30 02:30:00
1774839600000,83.29,83.44,82.88,83.33,221951.01,2026-03-30 03:00:00
1774841400000,83.34,83.5,83.11,83.24,126096.84,2026-03-30 03:30:00
1774843200000,83.24,83.77,83.21,83.55,196091.81,2026-03-30 04:00:00
1774845000000,83.54,83.84,83.44,83.73,151222.03,2026-03-30 04:30:00
1774846800000,83.73,84.15,83.72,83.82,367569.97,2026-03-30 05:00:00
1774848600000,83.82,83.88,83.42,83.57,229626.4,2026-03-30 05:30:00
1774850400000,83.57,83.85,83.38,83.53,133122.6,2026-03-30 06:00:00
1774852200000,83.53,83.56,83.35,83.42,100182.75,2026-03-30 06:30:00
1774854000000,83.43,83.67,83.28,83.53,90620.1,2026-03-30 07:00:00
1774855800000,83.54,84.24,83.41,83.97,234311.44,2026-03-30 07:30:00
1774857600000,83.97,84.4,83.94,84.22,356623.4,2026-03-30 08:00:00
1774859400000,84.22,84.88,84.18,84.47,449556.48,2026-03-30 08:30:00
1774861200000,84.46,84.47,84.16,84.21,147392.77,2026-03-30 09:00:00
1774863000000,84.21,84.27,84.07,84.1,132474.78,2026-03-30 09:30:00
1774864800000,84.1,84.17,83.96,84.0,106000.62,2026-03-30 10:00:00
1774866600000,84.0,84.03,83.55,83.88,196726.38,2026-03-30 10:30:00
1774868400000,83.89,84.64,83.83,84.06,294438.65,2026-03-30 11:00:00
1774870200000,84.07,84.3,84.04,84.2,105124.08,2026-03-30 11:30:00
1774872000000,84.21,84.45,84.08,84.16,115404.38,2026-03-30 12:00:00
1774873800000,84.16,84.58,84.14,84.45,175578.44,2026-03-30 12:30:00
1774875600000,84.46,84.97,84.31,84.51,296809.66,2026-03-30 13:00:00
1774877400000,84.51,84.7,83.86,83.95,321095.65,2026-03-30 13:30:00
1774879200000,83.95,84.59,83.85,84.04,320553.46,2026-03-30 14:00:00
1774881000000,84.05,84.59,83.61,84.35,323216.53,2026-03-30 14:30:00
1774882800000,84.35,84.56,83.84,84.07,133145.14,2026-03-30 15:00:00
1774884600000,84.07,84.72,84.0,84.45,297767.68,2026-03-30 15:30:00
1774886400000,84.45,84.5,83.95,84.05,173481.96,2026-03-30 16:00:00
1774888200000,84.04,84.18,83.84,84.16,90019.79,2026-03-30 16:30:00
1774890000000,84.16,84.37,83.03,83.35,259729.82,2026-03-30 17:00:00
1774891800000,83.34,83.49,83.09,83.21,137040.6,2026-03-30 17:30:00
1774893600000,83.21,83.38,82.64,82.79,177598.76,2026-03-30 18:00:00
1774895400000,82.79,83.02,82.39,82.64,150947.58,2026-03-30 18:30:00
1774897200000,82.63,82.65,81.91,82.16,220243.3,2026-03-30 19:00:00
1774899000000,82.16,82.45,82.01,82.32,236499.47,2026-03-30 19:30:00
1774900800000,82.32,82.86,82.28,82.79,150664.41,2026-03-30 20:00:00
1774902600000,82.8,82.8,82.53,82.74,57267.37,2026-03-30 20:30:00
1774904400000,82.74,83.61,82.64,83.3,226741.58,2026-03-30 21:00:00
1774906200000,83.3,83.46,83.08,83.08,97540.29,2026-03-30 21:30:00
1774908000000,83.09,83.44,82.78,82.87,168655.2,2026-03-30 22:00:00
1774909800000,82.87,82.94,82.6,82.76,60045.17,2026-03-30 22:30:00
1774911600000,82.75,82.76,82.08,82.5,227209.74,2026-03-30 23:00:00
1774913400000,82.49,82.56,82.37,82.51,52762.05,2026-03-30 23:30:00
1774915200000,82.51,82.57,82.1,82.37,127672.58,2026-03-31 00:00:00
1774917000000,82.36,82.91,82.21,82.68,221510.4,2026-03-31 00:30:00
1774918800000,82.69,83.82,82.55,83.7,225652.47,2026-03-31 01:00:00
1774920600000,83.69,84.59,83.52,83.82,508983.19,2026-03-31 01:30:00
1774922400000,83.81,84.02,83.56,83.91,135103.32,2026-03-31 02:00:00
1774924200000,83.92,84.05,83.67,83.78,96073.38,2026-03-31 02:30:00
1774926000000,83.78,83.88,83.37,83.5,87854.48,2026-03-31 03:00:00
1774927800000,83.5,83.59,83.23,83.56,94223.03,2026-03-31 03:30:00
1774929600000,83.57,83.87,83.25,83.32,161955.4,2026-03-31 04:00:00
1774931400000,83.31,83.52,83.24,83.3,80432.23,2026-03-31 04:30:00
1774933200000,83.29,83.3,82.83,83.14,184710.61,2026-03-31 05:00:00
1774935000000,83.14,83.72,83.09,83.71,161146.16,2026-03-31 05:30:00
1774936800000,83.71,83.78,83.04,83.11,200614.16,2026-03-31 06:00:00
1774938600000,83.11,83.48,83.0,83.37,151051.27,2026-03-31 06:30:00
1774940400000,83.37,83.38,82.63,82.82,199137.34,2026-03-31 07:00:00
1774942200000,82.82,83.12,82.77,83.05,109814.73,2026-03-31 07:30:00
1774944000000,83.05,83.3,82.82,83.11,76082.94,2026-03-31 08:00:00
1774945800000,83.1,83.11,82.18,82.2,322106.31,2026-03-31 08:30:00
1774947600000,82.2,82.41,81.52,81.76,320768.56,2026-03-31 09:00:00
1774949400000,81.76,81.89,79.86,80.49,781957.09,2026-03-31 09:30:00
1774951200000,80.49,80.88,80.37,80.71,391360.86,2026-03-31 10:00:00
1774953000000,80.71,80.8,80.29,80.41,218600.47,2026-03-31 10:30:00
1774954800000,80.42,80.93,80.22,80.6,417460.38,2026-03-31 11:00:00
1774956600000,80.6,80.83,80.41,80.8,314054.5,2026-03-31 11:30:00
1774958400000,80.8,80.98,80.35,80.81,300646.94,2026-03-31 12:00:00
1774960200000,80.81,81.04,80.58,80.73,226747.05,2026-03-31 12:30:00
1774962000000,80.74,81.15,80.71,80.96,209972.32,2026-03-31 13:00:00
1774963800000,80.96,82.0,80.84,81.8,650748.01,2026-03-31 13:30:00
1774965600000,81.79,82.54,81.53,82.26,494732.71,2026-03-31 14:00:00
1774967400000,82.25,82.31,80.34,80.58,703148.7,2026-03-31 14:30:00
1774969200000,80.57,81.64,80.57,81.03,386885.74,2026-03-31 15:00:00
1774971000000,81.02,81.32,80.76,80.83,230718.81,2026-03-31 15:30:00
1774972800000,80.82,81.37,80.81,81.2,155727.05,2026-03-31 16:00:00
1774974600000,81.2,82.87,81.0,82.34,704907.7,2026-03-31 16:30:00
1774976400000,82.34,83.44,82.19,82.96,520901.78,2026-03-31 17:00:00
1774978200000,82.95,83.12,82.14,82.35,313692.96,2026-03-31 17:30:00
1774980000000,82.34,83.06,82.34,82.74,138877.91,2026-03-31 18:00:00
1774981800000,82.75,82.98,82.57,82.85,147323.78,2026-03-31 18:30:00
1774983600000,82.84,82.94,82.49,82.53,86683.13,2026-03-31 19:00:00
1774985400000,82.54,82.89,82.41,82.66,163044.11,2026-03-31 19:30:00
1774987200000,82.66,83.36,82.57,82.97,184559.28,2026-03-31 20:00:00
1774989000000,82.96,83.17,82.77,83.14,82063.3,2026-03-31 20:30:00
1774990800000,83.13,83.15,82.58,82.85,102671.74,2026-03-31 21:00:00
1774992600000,82.84,83.12,82.73,82.82,84002.44,2026-03-31 21:30:00
1774994400000,82.81,82.86,82.44,82.6,116637.0,2026-03-31 22:00:00
1774996200000,82.6,82.82,82.28,82.72,84533.78,2026-03-31 22:30:00
1774998000000,82.73,83.07,82.62,82.94,90717.54,2026-03-31 23:00:00
1774999800000,82.94,83.23,82.91,83.15,109734.87,2026-03-31 23:30:00
1775001600000,83.15,83.34,82.89,83.0,115636.81,2026-04-01 00:00:00
1775003400000,83.01,83.57,82.81,83.37,121664.39,2026-04-01 00:30:00
1775005200000,83.38,83.43,82.87,82.89,154356.53,2026-04-01 01:00:00
1775007000000,82.89,83.09,82.66,82.69,145937.58,2026-04-01 01:30:00
1775008800000,82.7,82.86,82.43,82.54,126190.36,2026-04-01 02:00:00
1775010600000,82.54,82.76,82.44,82.6,78667.23,2026-04-01 02:30:00
1775012400000,82.59,83.45,82.59,83.06,162883.03,2026-04-01 03:00:00
1775014200000,83.05,83.45,82.99,83.38,178321.38,2026-04-01 03:30:00
1775016000000,83.38,83.54,83.19,83.41,163449.83,2026-04-01 04:00:00
1775017800000,83.41,83.8,83.35,83.7,188419.55,2026-04-01 04:30:00
1775019600000,83.7,84.28,83.3,83.97,370587.64,2026-04-01 05:00:00
1775021400000,83.97,84.25,83.83,84.08,248172.76,2026-04-01 05:30:00
1775023200000,84.07,84.45,83.99,84.39,242611.62,2026-04-01 06:00:00
1775025000000,84.39,84.68,84.26,84.4,244716.74,2026-04-01 06:30:00
1775026800000,84.4,84.7,83.88,84.16,378532.44,2026-04-01 07:00:00
1775028600000,84.17,84.24,83.76,83.79,169799.43,2026-04-01 07:30:00
1775030400000,83.78,84.02,83.33,83.68,293664.95,2026-04-01 08:00:00
1775032200000,83.67,83.9,83.42,83.57,201869.84,2026-04-01 08:30:00
1775034000000,83.58,83.72,83.25,83.45,167031.46,2026-04-01 09:00:00
1775035800000,83.45,83.55,83.09,83.32,146536.21,2026-04-01 09:30:00
1775037600000,83.33,83.42,83.16,83.18,93782.43,2026-04-01 10:00:00
1775039400000,83.17,83.47,83.0,83.31,108519.31,2026-04-01 10:30:00
1775041200000,83.31,83.54,83.13,83.17,77965.37,2026-04-01 11:00:00
1775043000000,83.16,83.41,83.12,83.31,58936.07,2026-04-01 11:30:00
1775044800000,83.32,83.49,83.08,83.38,95873.63,2026-04-01 12:00:00
1775046600000,83.38,83.68,82.73,82.97,571917.96,2026-04-01 12:30:00
1775048400000,82.98,83.39,82.65,83.27,190797.95,2026-04-01 13:00:00
1775050200000,83.26,83.34,82.34,82.63,400592.02,2026-04-01 13:30:00
1775052000000,82.62,83.24,82.46,83.16,204679.27,2026-04-01 14:00:00
1775053800000,83.16,83.52,82.8,83.33,251309.66,2026-04-01 14:30:00
1775055600000,83.33,83.84,83.04,83.52,241680.52,2026-04-01 15:00:00
1775057400000,83.52,83.69,83.35,83.57,131963.55,2026-04-01 15:30:00
1775059200000,83.56,84.45,83.0,84.31,453786.82,2026-04-01 16:00:00
1775061000000,84.31,85.27,84.27,85.2,701940.37,2026-04-01 16:30:00
1775062800000,85.19,86.58,84.45,84.68,1420918.82,2026-04-01 17:00:00
1775064600000,84.68,85.03,84.15,84.39,427258.99,2026-04-01 17:30:00
1775066400000,84.38,84.44,83.71,83.89,343619.23,2026-04-01 18:00:00
1775068200000,83.89,84.36,83.51,83.6,268878.27,2026-04-01 18:30:00
1775070000000,83.61,84.25,83.6,84.23,113440.99,2026-04-01 19:00:00
1775071800000,84.24,84.39,83.63,83.8,159964.56,2026-04-01 19:30:00
1775073600000,83.81,83.85,82.58,82.61,388414.47,2026-04-01 20:00:00
1775075400000,82.61,82.77,82.26,82.54,297788.97,2026-04-01 20:30:00
1775077200000,82.54,83.13,82.42,82.79,281735.84,2026-04-01 21:00:00
1775079000000,82.8,82.83,81.27,81.8,395279.23,2026-04-01 21:30:00
1775080800000,81.8,81.9,80.74,80.92,683506.85,2026-04-01 22:00:00
1775082600000,80.91,81.15,80.71,81.11,327408.9,2026-04-01 22:30:00
1775084400000,81.12,81.41,81.07,81.26,197855.2,2026-04-01 23:00:00
1775086200000,81.26,81.35,80.95,81.14,167125.07,2026-04-01 23:30:00
1775088000000,81.13,81.2,80.87,81.06,229238.8,2026-04-02 00:00:00
1775089800000,81.06,81.74,81.04,81.57,299862.62,2026-04-02 00:30:00
1775091600000,81.57,81.59,79.31,79.79,1420977.51,2026-04-02 01:00:00
1775093400000,79.8,79.8,78.91,79.28,617703.6,2026-04-02 01:30:00
1775095200000,79.27,79.29,78.36,78.58,591096.43,2026-04-02 02:00:00
1775097000000,78.58,78.88,78.21,78.8,426901.18,2026-04-02 02:30:00
1775098800000,78.8,79.24,78.63,79.19,266802.57,2026-04-02 03:00:00
1775100600000,79.19,79.35,78.65,78.96,302267.1,2026-04-02 03:30:00
1775102400000,78.95,79.14,78.68,78.93,275471.34,2026-04-02 04:00:00
1775104200000,78.92,79.12,78.74,78.78,261021.15,2026-04-02 04:30:00
1775106000000,78.77,79.03,78.55,78.65,207727.96,2026-04-02 05:00:00
1775107800000,78.66,79.4,78.61,79.21,266911.63,2026-04-02 05:30:00
1775109600000,79.2,79.39,78.98,79.29,121317.73,2026-04-02 06:00:00
1775111400000,79.28,79.28,78.89,79.07,111835.21,2026-04-02 06:30:00
1775113200000,79.08,79.33,78.95,79.27,109643.12,2026-04-02 07:00:00
1775115000000,79.27,79.62,79.26,79.58,159501.02,2026-04-02 07:30:00
1775116800000,79.58,79.58,79.18,79.24,141940.53,2026-04-02 08:00:00
1775118600000,79.25,79.32,79.0,79.07,109202.79,2026-04-02 08:30:00
1775120400000,79.07,79.31,78.86,79.26,161547.61,2026-04-02 09:00:00
1775122200000,79.26,79.29,79.08,79.22,49818.43,2026-04-02 09:30:00
1775124000000,79.21,79.27,78.74,78.87,157077.47,2026-04-02 10:00:00
1775125800000,78.88,79.05,78.74,78.84,122037.85,2026-04-02 10:30:00
1775127600000,78.84,78.94,78.22,78.72,274812.17,2026-04-02 11:00:00
1775129400000,78.73,78.77,78.1,78.28,204752.23,2026-04-02 11:30:00
1775131200000,78.28,78.56,78.01,78.27,300262.75,2026-04-02 12:00:00
1775133000000,78.27,78.32,77.84,77.93,237679.85,2026-04-02 12:30:00
1775134800000,77.94,78.22,77.25,77.42,513130.35,2026-04-02 13:00:00
1775136600000,77.41,77.85,76.63,77.7,766680.12,2026-04-02 13:30:00
1775138400000,77.7,78.41,77.46,78.34,612920.75,2026-04-02 14:00:00
1775140200000,78.34,79.66,78.34,79.03,1149640.51,2026-04-02 14:30:00
1775142000000,79.02,79.21,78.3,78.65,413952.54,2026-04-02 15:00:00
1775143800000,78.66,79.17,78.51,79.0,198925.63,2026-04-02 15:30:00
1775145600000,79.0,79.11,78.66,79.0,154821.05,2026-04-02 16:00:00
1775147400000,79.0,79.86,78.97,79.4,464445.58,2026-04-02 16:30:00
1775149200000,79.39,79.64,78.88,79.48,265870.13,2026-04-02 17:00:00
1775151000000,79.48,79.54,78.51,78.54,272977.52,2026-04-02 17:30:00
1775152800000,78.55,78.93,78.39,78.54,224361.08,2026-04-02 18:00:00
1775154600000,78.55,79.24,78.52,79.08,135742.14,2026-04-02 18:30:00
1775156400000,79.09,79.2,78.83,78.98,94962.45,2026-04-02 19:00:00
1775158200000,78.98,79.13,78.64,78.95,121583.37,2026-04-02 19:30:00
1775160000000,78.95,79.31,78.73,79.21,140507.4,2026-04-02 20:00:00
1775161800000,79.21,79.33,79.08,79.11,59867.69,2026-04-02 20:30:00
1775163600000,79.12,79.19,78.58,78.91,89286.54,2026-04-02 21:00:00
1775165400000,78.91,78.96,78.65,78.92,48362.75,2026-04-02 21:30:00
1775167200000,78.92,79.08,78.68,78.83,79423.58,2026-04-02 22:00:00
1775169000000,78.84,79.07,78.84,78.94,38965.62,2026-04-02 22:30:00
1775170800000,78.93,79.1,78.73,78.88,120766.01,2026-04-02 23:00:00
1775172600000,78.88,78.95,78.73,78.89,117068.1,2026-04-02 23:30:00
1775174400000,78.9,79.33,78.83,79.16,125069.38,2026-04-03 00:00:00
1775176200000,79.15,79.29,78.94,79.15,173616.49,2026-04-03 00:30:00
1775178000000,79.16,79.69,79.13,79.64,144983.29,2026-04-03 01:00:00
1775179800000,79.64,79.75,78.93,79.14,225501.59,2026-04-03 01:30:00
1775181600000,79.13,79.55,78.82,79.07,207527.62,2026-04-03 02:00:00
1775183400000,79.07,79.42,78.81,79.3,212553.64,2026-04-03 02:30:00
1775185200000,79.29,79.4,79.1,79.16,176254.01,2026-04-03 03:00:00
1775187000000,79.15,79.3,78.97,78.97,96813.7,2026-04-03 03:30:00
1775188800000,78.97,79.5,78.95,79.02,265177.87,2026-04-03 04:00:00
1775190600000,79.03,79.4,78.95,79.27,138146.96,2026-04-03 04:30:00
1775192400000,79.27,79.37,79.02,79.29,58297.26,2026-04-03 05:00:00
1775194200000,79.29,79.61,79.2,79.28,168191.51,2026-04-03 05:30:00
1775196000000,79.28,79.37,79.16,79.27,68351.18,2026-04-03 06:00:00
1775197800000,79.26,79.67,79.17,79.6,142293.02,2026-04-03 06:30:00
1775199600000,79.6,79.64,79.39,79.58,99195.74,2026-04-03 07:00:00
1775201400000,79.58,80.11,79.48,79.9,317908.91,2026-04-03 07:30:00
1775203200000,79.9,80.08,79.7,79.72,164080.5,2026-04-03 08:00:00
1775205000000,79.72,79.91,79.58,79.74,153516.42,2026-04-03 08:30:00
1775206800000,79.74,80.19,79.64,79.77,234028.75,2026-04-03 09:00:00
1775208600000,79.78,80.03,79.73,79.91,99442.74,2026-04-03 09:30:00
1775210400000,79.92,80.14,79.78,79.8,159437.94,2026-04-03 10:00:00
1775212200000,79.8,80.14,79.64,80.13,152119.12,2026-04-03 10:30:00
1775214000000,80.12,80.42,79.95,80.02,221183.51,2026-04-03 11:00:00
1775215800000,80.01,80.16,79.84,80.14,173299.04,2026-04-03 11:30:00
1775217600000,80.13,80.25,79.95,80.17,127138.9,2026-04-03 12:00:00
1775219400000,80.17,80.89,79.18,79.31,585284.66,2026-04-03 12:30:00
1775221200000,79.31,79.41,79.11,79.41,224852.21,2026-04-03 13:00:00
1775223000000,79.4,79.58,79.2,79.55,134117.14,2026-04-03 13:30:00
1775224800000,79.56,80.02,79.38,79.97,175112.1,2026-04-03 14:00:00
1775226600000,79.97,80.32,79.69,80.21,160016.63,2026-04-03 14:30:00
1775228400000,80.21,80.56,80.1,80.39,294871.51,2026-04-03 15:00:00
1775230200000,80.39,80.63,80.17,80.28,206230.34,2026-04-03 15:30:00
1775232000000,80.28,80.54,80.19,80.48,161874.68,2026-04-03 16:00:00
1775233800000,80.48,80.65,80.31,80.51,167230.15,2026-04-03 16:30:00
1775235600000,80.52,80.52,79.85,80.08,127222.55,2026-04-03 17:00:00
1775237400000,80.08,80.26,80.07,80.14,60201.25,2026-04-03 17:30:00
1775239200000,80.14,80.42,80.04,80.24,64935.26,2026-04-03 18:00:00
1775241000000,80.24,80.4,80.06,80.07,33464.71,2026-04-03 18:30:00
1775242800000,80.07,80.17,79.82,80.06,91354.13,2026-04-03 19:00:00
1775244600000,80.06,80.25,80.05,80.15,32584.04,2026-04-03 19:30:00
1775246400000,80.15,80.28,80.1,80.17,34541.54,2026-04-03 20:00:00
1775248200000,80.17,80.27,80.15,80.15,30709.85,2026-04-03 20:30:00
1775250000000,80.15,80.41,80.07,80.29,54402.25,2026-04-03 21:00:00
1775251800000,80.28,80.67,80.24,80.35,97896.83,2026-04-03 21:30:00
1775253600000,80.36,80.46,80.15,80.26,75735.62,2026-04-03 22:00:00
1775255400000,80.27,80.28,79.88,80.09,113890.32,2026-04-03 22:30:00
1775257200000,80.09,80.28,80.07,80.28,54146.59,2026-04-03 23:00:00
1775259000000,80.28,80.5,80.09,80.33,105502.9,2026-04-03 23:30:00
1775260800000,80.34,80.36,80.08,80.18,61313.74,2026-04-04 00:00:00
1775262600000,80.18,80.28,80.12,80.17,28058.24,2026-04-04 00:30:00
1775264400000,80.17,80.28,80.0,80.01,58078.7,2026-04-04 01:00:00
1775266200000,80.0,80.12,80.0,80.08,33856.35,2026-04-04 01:30:00
1775268000000,80.07,80.24,80.01,80.12,61402.97,2026-04-04 02:00:00
1775269800000,80.12,80.22,80.0,80.13,74908.85,2026-04-04 02:30:00
1775271600000,80.12,80.23,80.12,80.14,25821.33,2026-04-04 03:00:00
1775273400000,80.15,80.25,80.1,80.11,53528.66,2026-04-04 03:30:00
1775275200000,80.11,80.22,80.09,80.2,36294.75,2026-04-04 04:00:00
1775277000000,80.2,80.27,80.13,80.2,41139.93,2026-04-04 04:30:00
1775278800000,80.19,80.2,80.06,80.11,47753.18,2026-04-04 05:00:00
1775280600000,80.11,80.25,80.08,80.13,47383.43,2026-04-04 05:30:00
1775282400000,80.14,80.34,80.1,80.26,58127.04,2026-04-04 06:00:00
1775284200000,80.27,80.5,80.2,80.41,49088.0,2026-04-04 06:30:00
1775286000000,80.41,80.44,80.18,80.2,49301.0,2026-04-04 07:00:00
1775287800000,80.21,80.28,80.17,80.27,19748.74,2026-04-04 07:30:00
1775289600000,80.27,80.35,80.22,80.25,25116.84,2026-04-04 08:00:00
1775291400000,80.25,80.25,79.88,79.94,107472.29,2026-04-04 08:30:00
1775293200000,79.94,80.05,79.85,79.95,113839.44,2026-04-04 09:00:00
1775295000000,79.94,80.04,79.9,79.99,50742.59,2026-04-04 09:30:00
1775296800000,79.98,80.15,79.98,80.13,85808.73,2026-04-04 10:00:00
1775298600000,80.13,80.25,79.97,80.19,118620.96,2026-04-04 10:30:00
1775300400000,80.18,80.25,79.97,80.15,175454.61,2026-04-04 11:00:00
1775302200000,80.15,80.21,80.12,80.15,35047.35,2026-04-04 11:30:00
1775304000000,80.14,80.21,80.09,80.16,30152.64,2026-04-04 12:00:00
1775305800000,80.15,80.19,79.97,80.05,49402.97,2026-04-04 12:30:00
1775307600000,80.04,80.15,80.0,80.08,36990.79,2026-04-04 13:00:00
1775309400000,80.08,80.19,79.87,79.99,73310.36,2026-04-04 13:30:00
1775311200000,79.99,80.05,79.94,79.94,32797.69,2026-04-04 14:00:00
1775313000000,79.94,80.35,79.48,80.31,253218.15,2026-04-04 14:30:00
1775314800000,80.3,81.62,80.21,80.79,994986.7,2026-04-04 15:00:00
1775316600000,80.79,81.07,80.7,81.05,158644.43,2026-04-04 15:30:00
1775318400000,81.05,81.3,80.75,81.2,216635.42,2026-04-04 16:00:00
1775320200000,81.2,81.3,80.66,80.72,160652.32,2026-04-04 16:30:00
1775322000000,80.72,81.0,80.58,80.97,137117.67,2026-04-04 17:00:00
1775323800000,80.97,80.97,80.82,80.89,36108.34,2026-04-04 17:30:00
1775325600000,80.89,81.09,80.69,80.79,122701.24,2026-04-04 18:00:00
1775327400000,80.79,80.93,80.73,80.79,80805.21,2026-04-04 18:30:00
1775329200000,80.8,81.29,80.77,80.83,293448.35,2026-04-04 19:00:00
1775331000000,80.83,80.89,80.71,80.82,51460.84,2026-04-04 19:30:00
1775332800000,80.82,80.84,80.57,80.77,75872.54,2026-04-04 20:00:00
1775334600000,80.77,80.82,80.7,80.77,25936.28,2026-04-04 20:30:00
1775336400000,80.77,80.95,80.72,80.91,120736.02,2026-04-04 21:00:00
1775338200000,80.91,80.98,80.8,80.87,70357.34,2026-04-04 21:30:00
1775340000000,80.88,81.0,80.83,80.91,71804.89,2026-04-04 22:00:00
1775341800000,80.9,81.03,80.88,80.96,56415.33,2026-04-04 22:30:00
1775343600000,80.95,80.96,80.7,80.71,59962.16,2026-04-04 23:00:00
1775345400000,80.71,80.8,80.66,80.79,38627.13,2026-04-04 23:30:00
1775347200000,80.8,80.81,80.61,80.74,83809.09,2026-04-05 00:00:00
1775349000000,80.73,80.78,80.49,80.66,75439.07,2026-04-05 00:30:00
1775350800000,80.66,80.76,80.52,80.61,82595.12,2026-04-05 01:00:00
1775352600000,80.61,80.62,80.44,80.47,64345.23,2026-04-05 01:30:00
1775354400000,80.46,80.51,80.33,80.38,139825.98,2026-04-05 02:00:00
1775356200000,80.39,80.59,80.35,80.53,80846.59,2026-04-05 02:30:00
1775358000000,80.53,80.57,80.45,80.48,26796.91,2026-04-05 03:00:00
1775359800000,80.48,80.53,80.35,80.51,46169.43,2026-04-05 03:30:00
1775361600000,80.52,80.52,80.36,80.47,48440.83,2026-04-05 04:00:00
1775363400000,80.48,80.54,80.24,80.29,117986.29,2026-04-05 04:30:00
1775365200000,80.28,80.39,80.15,80.23,61079.06,2026-04-05 05:00:00
1775367000000,80.22,80.36,80.08,80.25,123496.0,2026-04-05 05:30:00
1775368800000,80.25,80.32,79.34,79.65,536105.04,2026-04-05 06:00:00
1775370600000,79.64,79.81,79.54,79.55,155011.46,2026-04-05 06:30:00
1775372400000,79.54,79.83,79.54,79.66,212615.22,2026-04-05 07:00:00
1775374200000,79.67,79.69,79.45,79.54,92442.35,2026-04-05 07:30:00
1775376000000,79.54,79.64,79.49,79.6,59046.91,2026-04-05 08:00:00
1775377800000,79.59,79.66,79.49,79.57,53531.31,2026-04-05 08:30:00
1775379600000,79.57,79.84,79.57,79.8,96943.46,2026-04-05 09:00:00
1775381400000,79.8,79.82,79.66,79.78,53514.34,2026-04-05 09:30:00
1775383200000,79.78,79.88,79.73,79.87,56717.17,2026-04-05 10:00:00
1775385000000,79.88,80.2,79.75,79.81,156585.83,2026-04-05 10:30:00
1775386800000,79.81,79.86,79.71,79.77,36776.54,2026-04-05 11:00:00
1775388600000,79.77,79.89,79.73,79.87,60265.15,2026-04-05 11:30:00
1775390400000,79.86,79.92,79.51,79.53,97033.32,2026-04-05 12:00:00
1775392200000,79.52,79.53,78.75,78.97,609907.92,2026-04-05 12:30:00
1775394000000,78.96,79.13,78.52,78.52,313492.26,2026-04-05 13:00:00
1775395800000,78.52,79.2,78.46,79.13,249722.0,2026-04-05 13:30:00
1775397600000,79.14,79.39,79.08,79.29,126777.63,2026-04-05 14:00:00
1775399400000,79.3,79.44,79.22,79.24,60230.08,2026-04-05 14:30:00
1775401200000,79.25,80.07,78.95,79.93,267918.65,2026-04-05 15:00:00
1775403000000,79.94,80.3,79.41,79.54,337711.02,2026-04-05 15:30:00
1775404800000,79.54,79.76,79.46,79.56,148720.61,2026-04-05 16:00:00
1775406600000,79.56,79.78,79.34,79.42,91010.28,2026-04-05 16:30:00
1775408400000,79.42,79.67,79.33,79.58,82592.77,2026-04-05 17:00:00
1775410200000,79.57,79.89,79.56,79.84,70161.56,2026-04-05 17:30:00
1775412000000,79.84,79.85,79.66,79.72,43564.08,2026-04-05 18:00:00
1775413800000,79.72,80.08,79.72,79.9,94236.45,2026-04-05 18:30:00
1775415600000,79.91,80.18,79.86,80.01,79221.39,2026-04-05 19:00:00
1775417400000,80.01,80.03,79.47,79.78,65604.72,2026-04-05 19:30:00
1775419200000,79.78,79.95,79.75,79.82,33796.86,2026-04-05 20:00:00
1775421000000,79.82,80.17,79.8,80.11,121396.32,2026-04-05 20:30:00
1775422800000,80.11,80.14,79.5,79.59,100323.12,2026-04-05 21:00:00
1775424600000,79.58,79.86,79.45,79.69,53024.7,2026-04-05 21:30:00
1775426400000,79.7,79.9,79.0,79.4,270322.45,2026-04-05 22:00:00
1775428200000,79.4,80.65,79.4,80.52,313431.64,2026-04-05 22:30:00
1775430000000,80.52,81.88,80.4,81.57,712560.07,2026-04-05 23:00:00
1775431800000,81.57,82.08,81.55,81.85,433377.7,2026-04-05 23:30:00
1775433600000,81.86,82.74,81.86,82.44,603016.19,2026-04-06 00:00:00
1775435400000,82.44,82.94,82.3,82.31,373535.97,2026-04-06 00:30:00
1775437200000,82.31,82.39,81.67,81.91,251433.62,2026-04-06 01:00:00
1775439000000,81.9,81.99,81.64,81.67,173086.67,2026-04-06 01:30:00
1775440800000,81.67,82.78,81.63,82.49,262605.99,2026-04-06 02:00:00
1775442600000,82.49,82.74,82.37,82.37,122733.02,2026-04-06 02:30:00
1775444400000,82.38,82.45,81.91,82.01,169776.86,2026-04-06 03:00:00
1775446200000,82.02,82.15,81.91,82.07,85452.21,2026-04-06 03:30:00
1775448000000,82.07,82.31,81.74,81.82,171808.82,2026-04-06 04:00:00
1775449800000,81.82,82.18,81.79,81.95,66537.28,2026-04-06 04:30:00
1775451600000,81.96,82.04,81.79,81.89,76290.24,2026-04-06 05:00:00
1775453400000,81.89,81.96,81.8,81.86,42543.55,2026-04-06 05:30:00
1775455200000,81.86,82.09,81.22,81.29,226082.23,2026-04-06 06:00:00
1775457000000,81.29,81.56,80.91,81.45,363432.34,2026-04-06 06:30:00
1775458800000,81.46,81.93,81.29,81.67,223932.5,2026-04-06 07:00:00
1775460600000,81.67,81.93,81.3,81.77,266940.44,2026-04-06 07:30:00
1775462400000,81.77,81.98,81.63,81.87,224502.42,2026-04-06 08:00:00
1775464200000,81.86,82.21,81.82,81.94,180073.3,2026-04-06 08:30:00
1775466000000,81.95,83.17,81.83,82.58,628429.99,2026-04-06 09:00:00
1775467800000,82.58,82.73,82.31,82.42,187437.23,2026-04-06 09:30:00
1775469600000,82.42,82.7,82.42,82.6,94029.7,2026-04-06 10:00:00
1775471400000,82.6,82.85,82.45,82.62,198067.2,2026-04-06 10:30:00
1775473200000,82.62,82.63,82.32,82.45,123532.16,2026-04-06 11:00:00
1775475000000,82.44,82.48,82.26,82.4,48014.25,2026-04-06 11:30:00
1775476800000,82.39,82.43,82.13,82.35,108875.02,2026-04-06 12:00:00
1775478600000,82.36,82.5,82.18,82.26,151922.02,2026-04-06 12:30:00
1775480400000,82.26,82.49,82.12,82.44,81182.97,2026-04-06 13:00:00
1775482200000,82.44,82.63,82.18,82.43,160369.52,2026-04-06 13:30:00
1775484000000,82.42,82.78,82.15,82.36,272696.46,2026-04-06 14:00:00
1775485800000,82.35,82.51,81.68,82.2,366347.85,2026-04-06 14:30:00
1775487600000,82.19,82.28,81.96,82.12,163935.25,2026-04-06 15:00:00
1775489400000,82.11,82.41,81.95,82.24,162080.06,2026-04-06 15:30:00
1775491200000,82.25,82.25,81.93,81.97,105347.02,2026-04-06 16:00:00
1775493000000,81.96,82.43,81.53,81.55,177934.59,2026-04-06 16:30:00
1775494800000,81.55,81.7,81.13,81.55,324223.19,2026-04-06 17:00:00
1775496600000,81.55,81.75,81.42,81.59,73092.54,2026-04-06 17:30:00
1775498400000,81.6,82.17,81.5,82.06,153101.53,2026-04-06 18:00:00
1775500200000,82.06,82.17,81.73,81.85,57531.24,2026-04-06 18:30:00
1775502000000,81.84,81.84,81.51,81.67,63104.63,2026-04-06 19:00:00
1775503800000,81.67,81.93,81.56,81.86,63081.13,2026-04-06 19:30:00
1775505600000,81.86,82.09,81.76,82.02,55462.54,2026-04-06 20:00:00
1775507400000,82.03,82.1,81.88,81.94,37785.82,2026-04-06 20:30:00
1775509200000,81.94,81.94,81.65,81.68,53765.7,2026-04-06 21:00:00
1775511000000,81.69,81.7,81.33,81.43,50894.81,2026-04-06 21:30:00
1775512800000,81.42,81.45,81.06,81.15,91557.69,2026-04-06 22:00:00
1775514600000,81.15,81.15,80.1,80.12,423202.53,2026-04-06 22:30:00
1775516400000,80.12,80.12,79.53,79.72,466747.74,2026-04-06 23:00:00
1775518200000,79.73,80.19,79.6,79.95,344410.63,2026-04-06 23:30:00
1775520000000,79.95,80.15,79.64,79.82,340917.68,2026-04-07 00:00:00
1775521800000,79.82,79.97,79.52,79.84,158648.97,2026-04-07 00:30:00
1775523600000,79.84,80.08,79.63,79.98,184754.41,2026-04-07 01:00:00
1775525400000,79.98,80.06,79.31,79.45,186859.91,2026-04-07 01:30:00
1775527200000,79.45,79.73,79.4,79.69,141310.07,2026-04-07 02:00:00
1775529000000,79.69,79.84,79.55,79.67,119918.71,2026-04-07 02:30:00
1775530800000,79.66,79.87,79.63,79.81,89545.38,2026-04-07 03:00:00
1775532600000,79.81,79.82,79.68,79.73,58770.95,2026-04-07 03:30:00
1775534400000,79.73,79.76,79.61,79.68,63723.21,2026-04-07 04:00:00
1775536200000,79.68,80.12,79.67,79.85,192358.37,2026-04-07 04:30:00
1775538000000,79.85,79.91,79.58,79.66,169245.71,2026-04-07 05:00:00
1775539800000,79.66,79.76,79.4,79.54,171126.45,2026-04-07 05:30:00
1775541600000,79.54,79.57,79.24,79.53,147706.25,2026-04-07 06:00:00
1775543400000,79.52,79.62,79.38,79.49,177982.01,2026-04-07 06:30:00
1775545200000,79.5,79.89,79.39,79.65,185051.71,2026-04-07 07:00:00
1775547000000,79.65,79.86,79.63,79.82,67054.36,2026-04-07 07:30:00
1775548800000,79.81,80.31,79.76,80.09,305439.95,2026-04-07 08:00:00
1775550600000,80.09,80.2,79.94,80.09,206456.67,2026-04-07 08:30:00
1775552400000,80.08,80.55,80.08,80.25,231479.58,2026-04-07 09:00:00
1775554200000,80.26,80.48,80.24,80.33,78657.09,2026-04-07 09:30:00
1775556000000,80.32,80.4,79.62,79.74,341957.05,2026-04-07 10:00:00
1775557800000,79.75,79.82,79.16,79.32,328294.52,2026-04-07 10:30:00
1775559600000,79.32,79.5,78.84,79.26,567058.04,2026-04-07 11:00:00
1775561400000,79.25,79.3,79.06,79.16,120667.17,2026-04-07 11:30:00
1775563200000,79.16,79.34,78.53,79.05,483472.93,2026-04-07 12:00:00
1775565000000,79.05,79.31,78.76,79.08,219115.33,2026-04-07 12:30:00
1775566800000,79.08,79.19,78.83,78.92,181315.92,2026-04-07 13:00:00
1775568600000,78.92,79.14,78.78,78.82,155745.18,2026-04-07 13:30:00
1775570400000,78.83,79.02,78.33,78.93,425811.52,2026-04-07 14:00:00
1775572200000,78.93,79.01,78.53,78.54,139931.14,2026-04-07 14:30:00
1775574000000,78.53,78.92,78.31,78.88,315749.93,2026-04-07 15:00:00
1775575800000,78.89,78.95,78.65,78.81,127229.55,2026-04-07 15:30:00
1775577600000,78.8,79.15,78.61,78.95,182219.55,2026-04-07 16:00:00
1775579400000,78.95,79.05,78.81,78.86,67137.89,2026-04-07 16:30:00
1775581200000,78.85,79.47,78.79,79.39,267442.72,2026-04-07 17:00:00
1775583000000,79.4,80.94,79.39,80.01,870160.95,2026-04-07 17:30:00
1775584800000,80.01,80.15,79.88,80.01,164748.09,2026-04-07 18:00:00
1775586600000,80.0,80.07,79.46,79.89,223769.26,2026-04-07 18:30:00
1775588400000,79.88,81.13,79.84,80.75,472990.81,2026-04-07 19:00:00
1775590200000,80.74,81.8,80.41,81.57,512794.98,2026-04-07 19:30:00
1775592000000,81.57,82.28,81.57,82.02,465676.43,2026-04-07 20:00:00
1775593800000,82.01,82.39,81.85,81.91,261074.62,2026-04-07 20:30:00
1775595600000,81.91,83.24,81.84,82.22,501730.18,2026-04-07 21:00:00
1775597400000,82.22,83.07,82.21,82.88,241803.12,2026-04-07 21:30:00
1775599200000,82.89,83.73,82.89,83.38,494693.16,2026-04-07 22:00:00
1775601000000,83.38,85.23,83.36,85.22,1123810.92,2026-04-07 22:30:00
1775602800000,85.22,87.14,85.04,86.9,1072607.15,2026-04-07 23:00:00
1775604600000,86.9,87.0,85.44,85.51,650702.49,2026-04-07 23:30:00
1775606400000,85.51,85.86,84.86,84.89,388196.76,2026-04-08 00:00:00
1775608200000,84.89,84.96,84.22,84.73,332646.02,2026-04-08 00:30:00
1775610000000,84.73,84.95,84.41,84.47,188152.56,2026-04-08 01:00:00
1775611800000,84.47,84.92,84.41,84.64,139711.59,2026-04-08 01:30:00
1775613600000,84.65,84.93,84.38,84.61,139935.94,2026-04-08 02:00:00
1775615400000,84.61,84.75,84.36,84.56,132724.91,2026-04-08 02:30:00
1775617200000,84.57,84.66,84.34,84.6,173517.84,2026-04-08 03:00:00
1775619000000,84.59,84.63,84.42,84.53,56947.77,2026-04-08 03:30:00
1775620800000,84.53,85.06,84.51,84.86,308133.8,2026-04-08 04:00:00
1775622600000,84.86,84.97,84.46,84.46,146188.29,2026-04-08 04:30:00
1775624400000,84.47,84.72,84.36,84.62,120174.6,2026-04-08 05:00:00
1775626200000,84.62,84.67,84.1,84.18,187921.92,2026-04-08 05:30:00
1775628000000,84.18,84.63,83.84,84.59,317422.14,2026-04-08 06:00:00
1775629800000,84.59,84.68,84.45,84.51,93846.65,2026-04-08 06:30:00
1775631600000,84.52,84.68,84.17,84.54,164613.2,2026-04-08 07:00:00
1775633400000,84.54,84.54,84.24,84.47,111486.68,2026-04-08 07:30:00
1775635200000,84.48,84.62,84.41,84.54,96876.02,2026-04-08 08:00:00
1775637000000,84.54,84.86,84.41,84.82,132165.55,2026-04-08 08:30:00
1775638800000,84.82,84.95,84.6,84.62,136042.8,2026-04-08 09:00:00
1775640600000,84.61,84.76,84.5,84.63,67197.57,2026-04-08 09:30:00
1775642400000,84.63,84.77,84.46,84.7,110750.42,2026-04-08 10:00:00
1775644200000,84.69,84.72,84.48,84.48,92431.15,2026-04-08 10:30:00
1775646000000,84.48,84.81,84.27,84.66,187021.03,2026-04-08 11:00:00
1775647800000,84.65,84.66,84.12,84.42,147125.92,2026-04-08 11:30:00
1775649600000,84.42,84.54,84.07,84.32,118869.53,2026-04-08 12:00:00
1775651400000,84.31,84.65,84.26,84.5,130404.06,2026-04-08 12:30:00
1775653200000,84.51,84.94,84.33,84.66,383482.22,2026-04-08 13:00:00
1775655000000,84.67,84.9,83.87,84.0,390425.2,2026-04-08 13:30:00
1775656800000,83.99,84.1,83.3,83.43,396562.76,2026-04-08 14:00:00
1775658600000,83.43,83.52,82.45,82.86,546116.52,2026-04-08 14:30:00
1775660400000,82.86,83.21,82.74,83.12,275247.11,2026-04-08 15:00:00
1775662200000,83.13,83.42,83.0,83.29,151547.95,2026-04-08 15:30:00
1775664000000,83.28,83.4,83.16,83.2,110762.76,2026-04-08 16:00:00
1775665800000,83.2,83.57,82.99,83.45,108427.26,2026-04-08 16:30:00
1775667600000,83.44,83.73,83.26,83.43,119353.96,2026-04-08 17:00:00
1775669400000,83.43,84.16,83.43,83.92,225366.42,2026-04-08 17:30:00
1775671200000,83.93,83.99,83.16,83.24,137204.32,2026-04-08 18:00:00
1775673000000,83.23,83.43,82.75,82.9,149817.08,2026-04-08 18:30:00
1775674800000,82.89,83.09,82.74,82.8,89380.84,2026-04-08 19:00:00
1775676600000,82.8,83.2,82.75,83.16,75247.14,2026-04-08 19:30:00
1775678400000,83.15,83.35,83.13,83.22,75684.11,2026-04-08 20:00:00
1775680200000,83.22,83.3,82.98,83.23,45809.56,2026-04-08 20:30:00
1775682000000,83.24,83.58,83.15,83.44,71518.21,2026-04-08 21:00:00
1775683800000,83.44,83.47,83.25,83.36,49404.32,2026-04-08 21:30:00
1775685600000,83.37,83.4,82.62,82.67,107794.66,2026-04-08 22:00:00
1775687400000,82.67,82.97,82.54,82.57,90557.43,2026-04-08 22:30:00
1775689200000,82.58,82.99,82.17,82.46,346711.32,2026-04-08 23:00:00
1775691000000,82.46,82.69,82.36,82.52,74059.11,2026-04-08 23:30:00
1775692800000,82.52,82.63,82.34,82.35,79346.09,2026-04-09 00:00:00
1775694600000,82.35,82.45,82.04,82.17,168106.74,2026-04-09 00:30:00
1775696400000,82.16,82.23,81.65,81.88,312251.27,2026-04-09 01:00:00
1775698200000,81.87,82.28,81.78,82.19,222898.91,2026-04-09 01:30:00
1775700000000,82.18,82.4,82.06,82.32,104178.54,2026-04-09 02:00:00
1775701800000,82.32,82.34,82.01,82.08,91259.21,2026-04-09 02:30:00
1775703600000,82.08,82.13,81.83,81.94,172444.33,2026-04-09 03:00:00
1775705400000,81.93,82.13,81.89,81.99,69304.64,2026-04-09 03:30:00
1775707200000,81.98,81.98,81.78,81.84,99354.8,2026-04-09 04:00:00
1775709000000,81.85,81.98,81.77,81.78,113113.17,2026-04-09 04:30:00
1775710800000,81.79,82.02,81.68,81.99,163891.84,2026-04-09 05:00:00
1775712600000,81.99,82.27,81.96,82.11,141639.2,2026-04-09 05:30:00
1775714400000,82.12,82.31,81.93,81.93,118950.4,2026-04-09 06:00:00
1775716200000,81.94,82.14,81.8,82.12,116690.0,2026-04-09 06:30:00
1775718000000,82.13,82.34,82.13,82.23,76277.31,2026-04-09 07:00:00
1775719800000,82.23,82.43,82.2,82.22,102818.23,2026-04-09 07:30:00
1775721600000,82.23,82.38,82.1,82.29,88368.81,2026-04-09 08:00:00
1775723400000,82.29,82.6,82.29,82.41,160031.55,2026-04-09 08:30:00
1775725200000,82.42,82.47,82.14,82.43,159289.56,2026-04-09 09:00:00
1775727000000,82.44,82.64,82.06,82.54,227208.12,2026-04-09 09:30:00
1775728800000,82.55,82.56,82.32,82.47,95803.68,2026-04-09 10:00:00
1775730600000,82.48,82.61,82.4,82.52,55652.04,2026-04-09 10:30:00
1775732400000,82.53,82.66,81.98,82.13,254906.68,2026-04-09 11:00:00
1775734200000,82.12,82.29,82.09,82.12,68618.8,2026-04-09 11:30:00
1775736000000,82.12,82.31,82.02,82.12,106949.58,2026-04-09 12:00:00
1775737800000,82.13,82.35,81.92,82.23,189946.5,2026-04-09 12:30:00
1775739600000,82.23,82.32,82.08,82.25,55728.68,2026-04-09 13:00:00
1775741400000,82.25,82.36,81.52,81.82,330983.76,2026-04-09 13:30:00
1775743200000,81.82,81.95,81.37,81.54,189323.48,2026-04-09 14:00:00
1775745000000,81.53,82.27,81.46,82.15,217860.33,2026-04-09 14:30:00
1775746800000,82.15,82.64,81.86,82.24,237352.03,2026-04-09 15:00:00
1775748600000,82.25,83.9,82.17,83.71,688985.91,2026-04-09 15:30:00
1775750400000,83.71,84.2,83.57,83.57,346102.89,2026-04-09 16:00:00
1775752200000,83.57,83.66,82.87,83.66,317173.49,2026-04-09 16:30:00
1775754000000,83.66,84.26,83.63,84.03,337977.81,2026-04-09 17:00:00
1775755800000,84.03,84.69,83.75,84.64,340744.54,2026-04-09 17:30:00
1775757600000,84.63,84.69,83.68,83.94,440317.52,2026-04-09 18:00:00
1775759400000,83.93,84.04,83.4,83.8,169320.98,2026-04-09 18:30:00
1775761200000,83.81,84.19,83.4,83.56,168587.76,2026-04-09 19:00:00
1775763000000,83.56,84.29,83.52,84.12,197509.33,2026-04-09 19:30:00
1775764800000,84.12,84.51,84.07,84.33,143983.89,2026-04-09 20:00:00
1775766600000,84.33,84.45,84.07,84.23,129748.6,2026-04-09 20:30:00
1775768400000,84.22,84.73,84.11,84.23,149952.87,2026-04-09 21:00:00
1775770200000,84.23,84.51,84.15,84.24,67688.79,2026-04-09 21:30:00
1775772000000,84.24,85.91,84.13,84.9,416282.7,2026-04-09 22:00:00
1775773800000,84.89,84.93,83.89,83.96,247723.18,2026-04-09 22:30:00
1775775600000,83.96,84.08,83.38,83.46,289649.2,2026-04-09 23:00:00
1775777400000,83.46,83.46,83.11,83.29,197889.24,2026-04-09 23:30:00
1775779200000,83.29,83.34,82.85,83.12,207578.48,2026-04-10 00:00:00
1775781000000,83.13,83.25,82.9,83.1,132334.7,2026-04-10 00:30:00
1775782800000,83.09,83.38,82.78,83.19,251665.27,2026-04-10 01:00:00
1775784600000,83.19,83.76,83.11,83.12,291889.39,2026-04-10 01:30:00
1775786400000,83.11,83.42,83.04,83.39,126302.97,2026-04-10 02:00:00
1775788200000,83.39,83.42,82.98,83.2,110925.49,2026-04-10 02:30:00
1775790000000,83.21,83.24,82.56,82.75,201699.32,2026-04-10 03:00:00
1775791800000,82.76,83.04,82.74,82.86,60665.35,2026-04-10 03:30:00
1775793600000,82.85,83.11,82.85,83.06,54344.58,2026-04-10 04:00:00
1775795400000,83.07,83.48,82.96,83.3,124228.1,2026-04-10 04:30:00
1775797200000,83.3,83.49,83.06,83.43,143124.09,2026-04-10 05:00:00
1775799000000,83.44,83.55,83.24,83.35,80240.0,2026-04-10 05:30:00
1775800800000,83.35,83.42,83.18,83.27,88074.32,2026-04-10 06:00:00
1775802600000,83.26,83.28,83.06,83.14,107112.61,2026-04-10 06:30:00
1775804400000,83.14,83.22,83.09,83.13,80517.83,2026-04-10 07:00:00
1775806200000,83.13,83.23,82.83,82.91,142391.65,2026-04-10 07:30:00
1775808000000,82.91,83.08,82.8,82.89,121149.21,2026-04-10 08:00:00
1775809800000,82.88,83.06,82.67,82.89,263656.94,2026-04-10 08:30:00
1775811600000,82.88,83.44,82.87,83.35,190711.77,2026-04-10 09:00:00
1775813400000,83.35,83.55,83.3,83.5,181614.42,2026-04-10 09:30:00
1775815200000,83.5,83.52,83.18,83.21,83424.7,2026-04-10 10:00:00
1775817000000,83.21,83.31,83.07,83.27,117279.51,2026-04-10 10:30:00
1775818800000,83.26,83.65,83.26,83.59,163994.48,2026-04-10 11:00:00
1775820600000,83.6,83.75,83.4,83.49,174305.69,2026-04-10 11:30:00
1775822400000,83.49,83.78,83.31,83.63,205652.55,2026-04-10 12:00:00
1775824200000,83.62,84.4,83.31,84.07,619951.33,2026-04-10 12:30:00
1775826000000,84.07,84.18,83.85,84.02,128783.89,2026-04-10 13:00:00
1775827800000,84.02,84.35,83.53,84.23,249754.07,2026-04-10 13:30:00
1775829600000,84.22,85.09,84.14,84.87,446098.46,2026-04-10 14:00:00
1775831400000,84.88,85.2,84.62,85.06,402494.83,2026-04-10 14:30:00
1775833200000,85.06,85.55,84.8,84.81,266389.35,2026-04-10 15:00:00
1775835000000,84.81,84.91,84.03,84.2,332755.25,2026-04-10 15:30:00
1775836800000,84.2,84.67,84.06,84.56,217313.3,2026-04-10 16:00:00
1775838600000,84.56,84.87,84.37,84.81,133078.77,2026-04-10 16:30:00
1775840400000,84.8,84.85,84.55,84.65,82546.19,2026-04-10 17:00:00
1775842200000,84.66,84.86,84.42,84.83,62370.89,2026-04-10 17:30:00
1775844000000,84.83,84.99,84.58,84.84,79386.86,2026-04-10 18:00:00
1775845800000,84.84,85.23,84.79,85.17,98470.55,2026-04-10 18:30:00
1775847600000,85.17,85.44,85.11,85.17,117015.55,2026-04-10 19:00:00
1775849400000,85.18,85.43,85.07,85.41,78813.24,2026-04-10 19:30:00
1775851200000,85.41,85.5,85.21,85.32,105964.84,2026-04-10 20:00:00
1775853000000,85.33,85.64,85.01,85.4,119043.23,2026-04-10 20:30:00
1775854800000,85.41,85.41,84.92,85.05,90226.06,2026-04-10 21:00:00
1775856600000,85.05,85.21,84.92,85.18,46802.49,2026-04-10 21:30:00
1775858400000,85.19,85.24,84.89,84.95,71147.33,2026-04-10 22:00:00
1775860200000,84.95,84.98,84.59,84.83,103242.36,2026-04-10 22:30:00
1775862000000,84.84,84.91,84.69,84.82,44935.59,2026-04-10 23:00:00
1775863800000,84.83,84.84,84.7,84.77,41235.76,2026-04-10 23:30:00
1775865600000,84.78,84.8,84.46,84.65,117504.8,2026-04-11 00:00:00
1775867400000,84.65,84.72,84.53,84.63,48413.07,2026-04-11 00:30:00
1775869200000,84.63,84.67,84.33,84.46,84194.77,2026-04-11 01:00:00
1775871000000,84.47,84.64,84.41,84.63,60702.4,2026-04-11 01:30:00
1775872800000,84.63,84.74,84.53,84.74,80393.84,2026-04-11 02:00:00
1775874600000,84.74,84.87,84.62,84.76,74497.08,2026-04-11 02:30:00
1775876400000,84.76,84.86,84.62,84.78,68554.98,2026-04-11 03:00:00
1775878200000,84.78,84.8,84.19,84.36,158787.45,2026-04-11 03:30:00
1775880000000,84.36,84.57,84.16,84.27,101784.04,2026-04-11 04:00:00
1775881800000,84.27,84.37,84.22,84.33,77298.1,2026-04-11 04:30:00
1775883600000,84.32,84.36,84.05,84.21,84816.34,2026-04-11 05:00:00
1775885400000,84.2,84.29,84.03,84.04,130679.73,2026-04-11 05:30:00
1775887200000,84.04,84.04,83.82,83.93,125347.55,2026-04-11 06:00:00
1775889000000,83.93,84.1,83.93,84.07,59646.66,2026-04-11 06:30:00
1775890800000,84.08,84.3,84.02,84.22,87998.24,2026-04-11 07:00:00
1775892600000,84.22,84.28,84.1,84.23,58049.79,2026-04-11 07:30:00
1775894400000,84.23,84.35,84.15,84.29,58822.52,2026-04-11 08:00:00
1775896200000,84.29,84.39,84.11,84.11,87668.82,2026-04-11 08:30:00
1775898000000,84.11,84.75,84.1,84.62,177788.2,2026-04-11 09:00:00
1775899800000,84.61,84.71,84.4,84.47,200787.25,2026-04-11 09:30:00
1775901600000,84.47,84.48,84.08,84.24,139393.71,2026-04-11 10:00:00
1775903400000,84.25,84.25,83.9,84.01,116638.91,2026-04-11 10:30:00
1775905200000,84.0,84.1,83.71,84.01,256273.81,2026-04-11 11:00:00
1775907000000,84.01,84.22,84.0,84.2,86720.93,2026-04-11 11:30:00
1775908800000,84.19,84.22,84.01,84.14,75032.78,2026-04-11 12:00:00
1775910600000,84.14,84.48,84.09,84.17,229825.59,2026-04-11 12:30:00
1775912400000,84.17,84.27,83.76,84.01,204804.93,2026-04-11 13:00:00
1775914200000,84.02,84.16,83.96,84.03,55923.74,2026-04-11 13:30:00
1775916000000,84.04,84.37,83.98,84.25,273191.66,2026-04-11 14:00:00
1775917800000,84.25,84.35,84.13,84.32,36704.99,2026-04-11 14:30:00
1775919600000,84.33,84.84,84.18,84.66,205427.84,2026-04-11 15:00:00
1775921400000,84.67,84.82,84.48,84.62,176989.84,2026-04-11 15:30:00
1775923200000,84.62,84.82,84.54,84.65,108880.24,2026-04-11 16:00:00
1775925000000,84.64,85.36,84.64,84.94,244055.47,2026-04-11 16:30:00
1775926800000,84.93,84.97,84.63,84.8,124643.32,2026-04-11 17:00:00
1775928600000,84.81,84.94,84.69,84.75,97763.99,2026-04-11 17:30:00
1775930400000,84.76,84.96,84.6,84.91,72223.68,2026-04-11 18:00:00
1775932200000,84.92,85.8,84.91,85.44,371646.89,2026-04-11 18:30:00
1775934000000,85.45,85.9,85.38,85.78,186546.61,2026-04-11 19:00:00
1775935800000,85.78,86.24,85.77,85.98,256107.81,2026-04-11 19:30:00
1775937600000,85.99,86.06,85.37,85.43,130786.33,2026-04-11 20:00:00
1775939400000,85.43,85.52,85.08,85.36,113990.68,2026-04-11 20:30:00
1775941200000,85.37,85.5,85.15,85.27,54962.89,2026-04-11 21:00:00
1775943000000,85.27,85.45,85.16,85.3,43193.23,2026-04-11 21:30:00
1775944800000,85.3,86.13,85.2,85.63,228995.06,2026-04-11 22:00:00
1775946600000,85.62,85.63,85.01,85.24,137439.86,2026-04-11 22:30:00
1775948400000,85.24,85.24,84.47,84.92,182184.71,2026-04-11 23:00:00
1775950200000,84.92,85.05,84.8,84.88,92562.06,2026-04-11 23:30:00
1775952000000,84.88,84.96,84.66,84.86,104874.2,2026-04-12 00:00:00
1775953800000,84.86,84.95,84.72,84.84,85269.9,2026-04-12 00:30:00
1775955600000,84.84,84.93,84.61,84.66,81648.48,2026-04-12 01:00:00
1775957400000,84.66,84.67,81.97,82.22,1309471.36,2026-04-12 01:30:00
1775959200000,82.23,82.91,81.81,82.6,650648.19,2026-04-12 02:00:00
1775961000000,82.6,82.82,82.49,82.6,169441.91,2026-04-12 02:30:00
1775962800000,82.6,82.73,82.43,82.5,136371.54,2026-04-12 03:00:00
1775964600000,82.49,82.54,82.26,82.26,138180.75,2026-04-12 03:30:00
1775966400000,82.26,82.4,82.14,82.15,141614.99,2026-04-12 04:00:00
1775968200000,82.16,82.25,82.1,82.16,93624.13,2026-04-12 04:30:00
1775970000000,82.17,82.39,82.01,82.38,95675.33,2026-04-12 05:00:00
1775971800000,82.39,82.42,82.18,82.34,110762.22,2026-04-12 05:30:00
1775973600000,82.34,82.45,82.19,82.36,95329.97,2026-04-12 06:00:00
1775975400000,82.35,82.35,82.15,82.22,69897.56,2026-04-12 06:30:00
1775977200000,82.21,82.36,82.18,82.29,38972.29,2026-04-12 07:00:00
1775979000000,82.28,82.41,82.22,82.23,74960.48,2026-04-12 07:30:00
1775980800000,82.22,82.25,82.1,82.21,92990.75,2026-04-12 08:00:00
1775982600000,82.21,82.24,82.08,82.23,57137.1,2026-04-12 08:30:00
1775984400000,82.23,82.35,82.11,82.15,91550.39,2026-04-12 09:00:00
1775986200000,82.14,82.25,82.06,82.15,55798.41,2026-04-12 09:30:00
1775988000000,82.15,82.27,82.11,82.25,50712.75,2026-04-12 10:00:00
1775989800000,82.25,82.28,81.9,81.99,131057.03,2026-04-12 10:30:00
1775991600000,81.98,82.29,81.91,82.27,176350.3,2026-04-12 11:00:00
1775993400000,82.27,82.32,82.15,82.16,62708.82,2026-04-12 11:30:00
1775995200000,82.15,82.4,82.09,82.4,75912.44,2026-04-12 12:00:00
1775997000000,82.39,82.5,81.82,81.97,269761.59,2026-04-12 12:30:00
1775998800000,81.97,82.19,81.85,81.9,207811.63,2026-04-12 13:00:00
1776000600000,81.91,82.04,81.71,81.86,250510.39,2026-04-12 13:30:00
1776002400000,81.85,82.06,81.82,81.91,193576.24,2026-04-12 14:00:00
1776004200000,81.91,81.92,81.24,81.52,508297.83,2026-04-12 14:30:00
1776006000000,81.53,81.79,81.4,81.4,175137.49,2026-04-12 15:00:00
1776007800000,81.4,81.66,81.26,81.54,141762.95,2026-04-12 15:30:00
1776009600000,81.54,81.74,81.48,81.73,86185.77,2026-04-12 16:00:00
1776011400000,81.73,81.84,81.63,81.83,56702.49,2026-04-12 16:30:00
1776013200000,81.83,81.91,81.71,81.87,59151.63,2026-04-12 17:00:00
1776015000000,81.88,82.27,81.77,82.13,129321.27,2026-04-12 17:30:00
1776016800000,82.14,82.27,82.0,82.02,107136.98,2026-04-12 18:00:00
1776018600000,82.01,82.17,81.99,82.07,46801.44,2026-04-12 18:30:00
1776020400000,82.07,82.27,82.05,82.15,22949.64,2026-04-12 19:00:00
1776022200000,82.15,82.19,81.87,81.92,38636.85,2026-04-12 19:30:00
1776024000000,81.92,82.07,81.87,82.02,36161.87,2026-04-12 20:00:00
1776025800000,82.03,82.84,82.02,82.62,204486.35,2026-04-12 20:30:00
1776027600000,82.62,82.84,82.38,82.59,102146.08,2026-04-12 21:00:00
1776029400000,82.59,82.78,82.42,82.74,83861.44,2026-04-12 21:30:00
1776031200000,82.74,82.77,81.45,81.5,569855.93,2026-04-12 22:00:00
1776033000000,81.5,82.0,81.32,81.95,157395.81,2026-04-12 22:30:00
1776034800000,81.95,81.95,81.22,81.5,150983.17,2026-04-12 23:00:00
1776036600000,81.5,81.64,81.25,81.49,79142.47,2026-04-12 23:30:00
1776038400000,81.49,81.93,81.36,81.72,92931.21,2026-04-13 00:00:00
1776040200000,81.73,82.18,81.69,82.09,91730.7,2026-04-13 00:30:00
1776042000000,82.1,82.3,81.91,82.02,160764.76,2026-04-13 01:00:00
1776043800000,82.02,82.3,81.94,82.27,70305.21,2026-04-13 01:30:00
1776045600000,82.28,82.39,81.97,82.29,85597.23,2026-04-13 02:00:00
1776047400000,82.29,82.35,81.84,81.9,79202.48,2026-04-13 02:30:00
1776049200000,81.9,82.02,81.71,81.92,77497.6,2026-04-13 03:00:00
1776051000000,81.92,82.01,81.7,81.86,40427.73,2026-04-13 03:30:00
1776052800000,81.87,82.02,81.8,81.98,43969.6,2026-04-13 04:00:00
1776054600000,81.97,82.22,81.84,81.87,136949.38,2026-04-13 04:30:00
1776056400000,81.87,81.94,81.59,81.72,102755.64,2026-04-13 05:00:00
1776058200000,81.72,81.82,81.48,81.8,97933.61,2026-04-13 05:30:00
1776060000000,81.8,82.37,81.77,82.31,203222.29,2026-04-13 06:00:00
1776061800000,82.31,82.56,82.14,82.31,275751.05,2026-04-13 06:30:00
1776063600000,82.3,82.37,81.81,81.88,126452.11,2026-04-13 07:00:00
1776065400000,81.88,82.16,81.88,82.12,70260.51,2026-04-13 07:30:00
1776067200000,82.11,82.23,81.8,81.94,196863.42,2026-04-13 08:00:00
1776069000000,81.93,81.93,81.68,81.81,88510.65,2026-04-13 08:30:00
1776070800000,81.81,82.17,81.76,81.95,212359.96,2026-04-13 09:00:00
1776072600000,81.95,82.0,81.81,81.81,33956.59,2026-04-13 09:30:00
1776074400000,81.81,81.93,81.69,81.73,67201.64,2026-04-13 10:00:00
1776076200000,81.73,81.86,81.61,81.7,69121.19,2026-04-13 10:30:00
1776078000000,81.7,81.91,81.64,81.82,74630.08,2026-04-13 11:00:00
1776079800000,81.82,82.01,81.75,81.81,109825.25,2026-04-13 11:30:00
1776081600000,81.81,82.16,81.77,81.93,139823.81,2026-04-13 12:00:00
1776083400000,81.93,82.73,81.86,82.48,308644.43,2026-04-13 12:30:00
1776085200000,82.49,82.65,82.35,82.55,280374.51,2026-04-13 13:00:00
1776087000000,82.55,83.64,82.23,83.57,630573.97,2026-04-13 13:30:00
1776088800000,83.56,83.74,82.73,82.97,389833.25,2026-04-13 14:00:00
1776090600000,82.97,83.79,82.91,83.74,344411.87,2026-04-13 14:30:00
1776092400000,83.74,83.79,82.76,82.85,316360.18,2026-04-13 15:00:00
1776094200000,82.85,82.85,82.31,82.63,288107.8,2026-04-13 15:30:00
1776096000000,82.62,83.38,82.29,83.33,305499.36,2026-04-13 16:00:00
1776097800000,83.33,83.59,83.1,83.32,226790.46,2026-04-13 16:30:00
1776099600000,83.33,83.59,83.14,83.57,120025.32,2026-04-13 17:00:00
1776101400000,83.58,83.81,82.98,83.03,243490.31,2026-04-13 17:30:00
1776103200000,83.03,83.12,82.55,82.76,167438.12,2026-04-13 18:00:00
1776105000000,82.75,83.24,82.72,83.18,102983.63,2026-04-13 18:30:00
1776106800000,83.19,83.57,83.07,83.49,148347.0,2026-04-13 19:00:00
1776108600000,83.49,84.23,83.46,84.07,386161.22,2026-04-13 19:30:00
1776110400000,84.08,84.22,83.79,84.04,232667.89,2026-04-13 20:00:00
1776112200000,84.04,84.35,83.82,83.92,150489.71,2026-04-13 20:30:00
1776114000000,83.92,84.11,83.81,83.84,87054.27,2026-04-13 21:00:00
1776115800000,83.84,84.12,83.81,83.92,73162.5,2026-04-13 21:30:00
1776117600000,83.92,85.88,83.91,85.67,713239.4,2026-04-13 22:00:00
1776119400000,85.66,86.46,85.58,86.2,563679.29,2026-04-13 22:30:00
1776121200000,86.19,86.8,85.89,86.58,512191.04,2026-04-13 23:00:00
1776123000000,86.58,86.76,86.16,86.51,328327.3,2026-04-13 23:30:00
1776124800000,86.51,86.74,86.12,86.2,279335.82,2026-04-14 00:00:00
1776126600000,86.2,86.39,85.76,85.89,390684.68,2026-04-14 00:30:00
1776128400000,85.89,86.12,85.66,85.9,262035.08,2026-04-14 01:00:00
1776130200000,85.9,86.1,85.8,85.94,80488.22,2026-04-14 01:30:00
1776132000000,85.94,86.28,85.85,86.14,222224.86,2026-04-14 02:00:00
1776133800000,86.14,86.39,85.97,86.2,170273.59,2026-04-14 02:30:00
1776135600000,86.2,86.25,85.97,86.01,91201.15,2026-04-14 03:00:00
1776137400000,86.0,86.18,85.98,86.03,81773.49,2026-04-14 03:30:00
1776139200000,86.03,86.03,85.78,85.81,102609.77,2026-04-14 04:00:00
1776141000000,85.8,85.88,85.53,85.87,179836.2,2026-04-14 04:30:00
1776142800000,85.87,85.9,85.65,85.74,81748.06,2026-04-14 05:00:00
1776144600000,85.73,85.8,85.4,85.48,130617.3,2026-04-14 05:30:00
1776146400000,85.47,85.96,85.47,85.73,159606.37,2026-04-14 06:00:00
1776148200000,85.73,86.07,85.56,85.93,139668.18,2026-04-14 06:30:00
1776150000000,85.92,86.17,85.79,86.08,266239.9,2026-04-14 07:00:00
1776151800000,86.08,86.12,85.77,85.88,148381.72,2026-04-14 07:30:00
1776153600000,85.88,86.05,85.7,86.0,84978.67,2026-04-14 08:00:00
1776155400000,86.0,86.38,85.97,86.12,196285.84,2026-04-14 08:30:00
1776157200000,86.12,86.25,85.98,86.04,78838.88,2026-04-14 09:00:00
1776159000000,86.03,86.17,85.95,86.09,67011.96,2026-04-14 09:30:00
1776160800000,86.09,86.36,85.98,86.23,126296.31,2026-04-14 10:00:00
1776162600000,86.24,86.57,86.0,86.0,229163.86,2026-04-14 10:30:00
1776164400000,86.0,86.1,85.61,85.66,270456.96,2026-04-14 11:00:00
1776166200000,85.66,85.95,85.58,85.76,215025.45,2026-04-14 11:30:00
1776168000000,85.75,85.99,85.61,85.64,95515.57,2026-04-14 12:00:00
1776169800000,85.64,85.96,85.57,85.93,131007.11,2026-04-14 12:30:00
1776171600000,85.93,86.35,85.89,86.09,170391.81,2026-04-14 13:00:00
1776173400000,86.1,87.38,86.1,87.27,575176.04,2026-04-14 13:30:00
1776175200000,87.27,87.38,86.6,87.22,365663.54,2026-04-14 14:00:00
1776177000000,87.23,87.64,85.95,85.96,587414.83,2026-04-14 14:30:00
1776178800000,85.95,86.1,85.21,85.39,536745.47,2026-04-14 15:00:00
1776180600000,85.4,86.28,85.36,85.92,322476.38,2026-04-14 15:30:00
1776182400000,85.92,86.14,85.37,85.64,294523.91,2026-04-14 16:00:00
1776184200000,85.64,85.7,84.71,84.99,310111.68,2026-04-14 16:30:00
1776186000000,84.99,85.4,84.82,85.11,161328.48,2026-04-14 17:00:00
1776187800000,85.11,85.28,84.65,85.2,192388.53,2026-04-14 17:30:00
1776189600000,85.2,85.38,84.7,84.89,159714.91,2026-04-14 18:00:00
1776191400000,84.89,85.0,83.83,84.04,323829.3,2026-04-14 18:30:00
1776193200000,84.03,84.27,83.65,84.04,287316.23,2026-04-14 19:00:00
1776195000000,84.05,84.19,83.68,83.89,252991.95,2026-04-14 19:30:00
1776196800000,83.89,84.09,83.36,83.5,252892.75,2026-04-14 20:00:00
1776198600000,83.5,83.77,83.34,83.55,122272.75,2026-04-14 20:30:00
1776200400000,83.55,83.89,83.52,83.7,56967.24,2026-04-14 21:00:00
1776202200000,83.71,83.8,83.48,83.76,72815.26,2026-04-14 21:30:00
1776204000000,83.75,83.89,83.31,83.36,149313.88,2026-04-14 22:00:00
1776205800000,83.37,83.59,83.22,83.46,253112.01,2026-04-14 22:30:00
1776207600000,83.46,83.76,83.38,83.67,137184.84,2026-04-14 23:00:00
1776209400000,83.67,84.01,83.57,83.65,204829.18,2026-04-14 23:30:00
1776211200000,83.66,84.02,83.48,83.89,331809.36,2026-04-15 00:00:00
1776213000000,83.89,83.91,83.5,83.71,277746.69,2026-04-15 00:30:00
1776214800000,83.71,83.81,83.5,83.78,200844.14,2026-04-15 01:00:00
1776216600000,83.78,83.98,83.62,83.85,80403.99,2026-04-15 01:30:00
1776218400000,83.85,83.95,83.55,83.6,86695.24,2026-04-15 02:00:00
1776220200000,83.6,83.6,83.08,83.33,243074.69,2026-04-15 02:30:00
1776222000000,83.34,83.47,83.23,83.34,68887.64,2026-04-15 03:00:00
1776223800000,83.34,83.45,83.23,83.4,73473.6,2026-04-15 03:30:00
1776225600000,83.4,83.61,83.33,83.36,90532.69,2026-04-15 04:00:00
1776227400000,83.36,83.59,83.28,83.55,92262.68,2026-04-15 04:30:00
1776229200000,83.54,83.74,83.22,83.29,144703.11,2026-04-15 05:00:00
1776231000000,83.29,83.31,82.85,83.07,327292.84,2026-04-15 05:30:00
1776232800000,83.07,83.09,82.85,82.93,77542.34,2026-04-15 06:00:00
1776234600000,82.92,83.08,82.81,82.95,121350.28,2026-04-15 06:30:00
1776236400000,82.95,83.17,82.59,82.78,278176.96,2026-04-15 07:00:00
1776238200000,82.78,83.02,82.64,82.88,160596.82,2026-04-15 07:30:00
1776240000000,82.88,83.09,82.69,83.08,149888.9,2026-04-15 08:00:00
1776241800000,83.07,83.26,82.98,83.08,112378.63,2026-04-15 08:30:00
1776243600000,83.09,83.2,82.83,82.95,136461.99,2026-04-15 09:00:00
1776245400000,82.95,83.2,82.94,83.11,48316.29,2026-04-15 09:30:00
1776247200000,83.11,83.38,82.89,83.01,163478.08,2026-04-15 10:00:00
1776249000000,83.01,83.6,82.86,83.11,292818.87,2026-04-15 10:30:00
1776250800000,83.11,83.35,83.0,83.16,145907.69,2026-04-15 11:00:00
1776252600000,83.16,83.66,83.15,83.55,216053.64,2026-04-15 11:30:00
1776254400000,83.54,83.59,83.33,83.44,96142.47,2026-04-15 12:00:00
1776256200000,83.43,83.83,83.43,83.66,143223.81,2026-04-15 12:30:00
1776258000000,83.65,83.76,83.44,83.68,120821.03,2026-04-15 13:00:00
1776259800000,83.69,83.74,83.16,83.58,241879.43,2026-04-15 13:30:00
1776261600000,83.59,84.46,83.36,84.22,319795.65,2026-04-15 14:00:00
1776263400000,84.22,84.39,83.77,84.26,209471.71,2026-04-15 14:30:00
1776265200000,84.26,84.42,83.84,83.93,180184.56,2026-04-15 15:00:00
1776267000000,83.93,84.05,83.45,83.96,289977.85,2026-04-15 15:30:00
1776268800000,83.95,84.67,83.85,84.5,269390.29,2026-04-15 16:00:00
1776270600000,84.5,84.67,84.17,84.51,217756.89,2026-04-15 16:30:00
1776272400000,84.52,85.13,84.48,84.96,273045.62,2026-04-15 17:00:00
1776274200000,84.96,85.07,84.42,84.68,148543.24,2026-04-15 17:30:00
1776276000000,84.68,85.0,84.56,84.78,105650.5,2026-04-15 18:00:00
1776277800000,84.78,85.04,84.76,85.0,56672.96,2026-04-15 18:30:00
1776279600000,84.99,85.22,84.9,85.13,98070.91,2026-04-15 19:00:00
1776281400000,85.13,85.81,85.13,85.48,301279.93,2026-04-15 19:30:00
1776283200000,85.48,85.54,84.59,84.77,187533.49,2026-04-15 20:00:00
1776285000000,84.78,84.98,84.64,84.76,65893.2,2026-04-15 20:30:00
1776286800000,84.76,84.77,84.13,84.42,160888.53,2026-04-15 21:00:00
1776288600000,84.41,84.84,84.32,84.74,88563.92,2026-04-15 21:30:00
1776290400000,84.73,85.39,84.69,85.09,173154.83,2026-04-15 22:00:00
1776292200000,85.08,85.57,84.94,84.99,164394.96,2026-04-15 22:30:00
1776294000000,84.99,84.99,84.59,84.8,149170.5,2026-04-15 23:00:00
1776295800000,84.79,84.97,84.73,84.85,96640.99,2026-04-15 23:30:00
1776297600000,84.86,84.94,84.42,84.66,130172.86,2026-04-16 00:00:00
1776299400000,84.66,85.03,84.66,84.9,100004.63,2026-04-16 00:30:00
1776301200000,84.89,84.89,84.41,84.72,78739.71,2026-04-16 01:00:00
1776303000000,84.71,84.91,84.65,84.82,34623.34,2026-04-16 01:30:00
1776304800000,84.81,85.13,84.67,85.11,98705.89,2026-04-16 02:00:00
1776306600000,85.11,85.55,84.96,85.07,212503.52,2026-04-16 02:30:00
1776308400000,85.07,85.47,85.04,85.26,96932.99,2026-04-16 03:00:00
1776310200000,85.27,85.36,85.12,85.25,81842.35,2026-04-16 03:30:00
1776312000000,85.24,85.4,85.09,85.32,82478.57,2026-04-16 04:00:00
1776313800000,85.32,85.53,84.94,85.21,131040.22,2026-04-16 04:30:00
1776315600000,85.2,85.4,85.01,85.36,85413.19,2026-04-16 05:00:00
1776317400000,85.36,85.5,85.27,85.36,46077.18,2026-04-16 05:30:00
1776319200000,85.36,85.5,85.29,85.34,60977.04,2026-04-16 06:00:00
1776321000000,85.34,85.45,85.14,85.42,98066.37,2026-04-16 06:30:00
1776322800000,85.42,85.61,85.38,85.45,122946.56,2026-04-16 07:00:00
1776324600000,85.44,85.47,85.05,85.16,152169.83,2026-04-16 07:30:00
1776326400000,85.16,85.26,84.97,85.1,190237.75,2026-04-16 08:00:00
1776328200000,85.11,85.2,84.86,85.01,87966.76,2026-04-16 08:30:00
1776330000000,85.0,85.47,84.92,85.34,177399.97,2026-04-16 09:00:00
1776331800000,85.34,85.39,85.11,85.16,164144.19,2026-04-16 09:30:00
1776333600000,85.16,85.2,84.58,85.03,288078.45,2026-04-16 10:00:00
1776335400000,85.03,85.18,84.88,85.0,85311.91,2026-04-16 10:30:00
1776337200000,85.0,85.08,84.88,84.98,63430.59,2026-04-16 11:00:00
1776339000000,84.99,85.12,84.91,85.02,81646.23,2026-04-16 11:30:00
1776340800000,85.01,85.45,85.01,85.25,159932.54,2026-04-16 12:00:00
1776342600000,85.24,85.35,85.17,85.33,70669.2,2026-04-16 12:30:00
1776344400000,85.34,86.24,85.29,86.11,397804.7,2026-04-16 13:00:00
1776346200000,86.11,86.17,83.74,84.74,939367.42,2026-04-16 13:30:00
1776348000000,84.73,84.87,83.97,84.35,576088.84,2026-04-16 14:00:00
1776349800000,84.34,85.65,84.29,85.33,325200.72,2026-04-16 14:30:00
1776351600000,85.33,86.58,85.25,86.2,567674.73,2026-04-16 15:00:00
1776353400000,86.19,87.1,86.1,86.58,582463.45,2026-04-16 15:30:00
1776355200000,86.58,87.06,86.3,86.6,343020.53,2026-04-16 16:00:00
1776357000000,86.6,86.77,85.55,85.9,481350.03,2026-04-16 16:30:00
1776358800000,85.9,86.16,85.67,86.01,210080.0,2026-04-16 17:00:00
1776360600000,86.02,86.75,85.86,86.6,248012.33,2026-04-16 17:30:00
1776362400000,86.6,87.64,86.47,87.15,574253.59,2026-04-16 18:00:00
1776364200000,87.15,89.03,87.0,88.94,816726.44,2026-04-16 18:30:00
1776366000000,88.94,89.28,88.6,89.12,365351.9,2026-04-16 19:00:00
1776367800000,89.12,90.1,89.05,90.05,577550.55,2026-04-16 19:30:00
1776369600000,90.05,90.47,89.48,89.82,544335.27,2026-04-16 20:00:00
1776371400000,89.82,89.83,89.22,89.53,252527.23,2026-04-16 20:30:00
1776373200000,89.54,89.71,88.78,88.87,247764.29,2026-04-16 21:00:00
1776375000000,88.88,89.13,88.69,88.89,226597.27,2026-04-16 21:30:00
1776376800000,88.89,89.42,88.83,89.12,196230.36,2026-04-16 22:00:00
1776378600000,89.12,89.21,88.92,88.95,71762.27,2026-04-16 22:30:00
1776380400000,88.95,89.06,88.79,88.89,115460.81,2026-04-16 23:00:00
1776382200000,88.89,89.18,88.84,89.01,77185.65,2026-04-16 23:30:00
1776384000000,89.02,89.14,88.53,88.62,171418.63,2026-04-17 00:00:00
1776385800000,88.63,88.82,88.58,88.77,82135.76,2026-04-17 00:30:00
1776387600000,88.76,88.97,88.24,88.33,234526.83,2026-04-17 01:00:00
1776389400000,88.33,88.41,87.87,88.19,220712.59,2026-04-17 01:30:00
1776391200000,88.19,88.32,87.62,87.63,202923.14,2026-04-17 02:00:00
1776393000000,87.63,87.91,87.43,87.82,229214.95,2026-04-17 02:30:00
1776394800000,87.81,87.9,87.57,87.62,73829.91,2026-04-17 03:00:00
1776396600000,87.63,87.82,87.41,87.67,163629.51,2026-04-17 03:30:00
1776398400000,87.67,88.09,87.64,88.02,122555.91,2026-04-17 04:00:00
1776400200000,88.02,88.24,87.87,87.95,184065.53,2026-04-17 04:30:00
1776402000000,87.94,87.95,87.41,87.53,231383.01,2026-04-17 05:00:00
1776403800000,87.52,87.65,87.32,87.35,108165.74,2026-04-17 05:30:00
1776405600000,87.36,87.74,87.31,87.69,87274.92,2026-04-17 06:00:00
1776407400000,87.69,88.05,87.63,87.95,115619.14,2026-04-17 06:30:00
1776409200000,87.96,88.44,87.96,88.11,188995.5,2026-04-17 07:00:00
1776411000000,88.1,88.24,87.93,88.1,57669.53,2026-04-17 07:30:00
1776412800000,88.09,88.6,88.07,88.35,237818.96,2026-04-17 08:00:00
1776414600000,88.36,89.03,88.34,88.9,268647.25,2026-04-17 08:30:00
1776416400000,88.91,89.47,88.63,89.38,233738.46,2026-04-17 09:00:00
1776418200000,89.38,89.44,88.26,88.65,367785.51,2026-04-17 09:30:00
1776420000000,88.65,88.68,87.8,87.8,317855.3,2026-04-17 10:00:00
1776421800000,87.81,87.87,87.31,87.63,338717.71,2026-04-17 10:30:00
1776423600000,87.63,88.04,87.57,87.94,151795.44,2026-04-17 11:00:00
1776425400000,87.95,88.28,87.83,88.16,173064.78,2026-04-17 11:30:00
1776427200000,88.16,88.38,87.86,88.15,271120.88,2026-04-17 12:00:00
1776429000000,88.15,88.87,88.05,88.83,324439.19,2026-04-17 12:30:00
1776430800000,88.84,90.49,88.53,89.55,1146844.98,2026-04-17 13:00:00
1776432600000,89.55,90.15,88.83,90.08,1117170.8,2026-04-17 13:30:00
1776434400000,90.09,90.27,89.6,89.75,530296.54,2026-04-17 14:00:00
1776436200000,89.75,90.74,89.74,89.97,588016.19,2026-04-17 14:30:00
1776438000000,89.98,90.17,89.44,89.79,339985.26,2026-04-17 15:00:00
1776439800000,89.8,90.05,89.51,89.91,301437.04,2026-04-17 15:30:00
1776441600000,89.91,90.59,89.85,90.24,338000.94,2026-04-17 16:00:00
1776443400000,90.25,90.4,89.97,90.38,189084.42,2026-04-17 16:30:00
1776445200000,90.39,90.4,89.04,89.35,423112.57,2026-04-17 17:00:00
1776447000000,89.35,89.87,89.35,89.7,179538.58,2026-04-17 17:30:00
1776448800000,89.7,89.79,88.83,88.99,197477.25,2026-04-17 18:00:00
1776450600000,88.99,89.36,88.87,89.12,85063.52,2026-04-17 18:30:00
1776452400000,89.13,89.42,88.87,89.18,118444.89,2026-04-17 19:00:00
1776454200000,89.19,89.45,89.08,89.17,86560.14,2026-04-17 19:30:00
1776456000000,89.18,89.32,89.01,89.04,56732.24,2026-04-17 20:00:00
1776457800000,89.04,89.1,88.37,88.95,206301.09,2026-04-17 20:30:00
1776459600000,88.94,89.21,88.93,89.08,108829.34,2026-04-17 21:00:00
1776461400000,89.07,89.17,88.74,89.08,65704.53,2026-04-17 21:30:00
1776463200000,89.07,89.22,88.89,89.13,62238.77,2026-04-17 22:00:00
1776465000000,89.12,89.42,89.06,89.17,85539.92,2026-04-17 22:30:00
1776466800000,89.16,89.16,88.43,88.73,147482.98,2026-04-17 23:00:00
1776468600000,88.73,88.87,88.62,88.71,55120.11,2026-04-17 23:30:00
1776470400000,88.71,88.93,88.68,88.88,68416.93,2026-04-18 00:00:00
1776472200000,88.89,89.1,88.62,88.93,107124.42,2026-04-18 00:30:00
1776474000000,88.93,89.11,88.73,89.08,61510.17,2026-04-18 01:00:00
1776475800000,89.07,89.08,88.65,88.82,57548.66,2026-04-18 01:30:00
1776477600000,88.81,89.04,88.61,88.98,95864.82,2026-04-18 02:00:00
1776479400000,88.97,89.04,88.82,88.88,32244.89,2026-04-18 02:30:00
1776481200000,88.88,88.88,88.66,88.69,44047.17,2026-04-18 03:00:00
1776483000000,88.69,88.8,88.16,88.27,201203.37,2026-04-18 03:30:00
1776484800000,88.28,88.49,88.19,88.35,112216.52,2026-04-18 04:00:00
1776486600000,88.35,88.44,88.19,88.3,81602.91,2026-04-18 04:30:00
1776488400000,88.3,88.61,88.27,88.28,120884.21,2026-04-18 05:00:00
1776490200000,88.28,88.37,88.11,88.35,117494.18,2026-04-18 05:30:00
1776492000000,88.36,88.48,88.27,88.44,45408.09,2026-04-18 06:00:00
1776493800000,88.45,88.58,88.4,88.45,73648.04,2026-04-18 06:30:00
1776495600000,88.45,88.5,88.33,88.45,52448.19,2026-04-18 07:00:00
1776497400000,88.46,88.52,88.26,88.41,73409.94,2026-04-18 07:30:00
1776499200000,88.42,88.47,87.54,87.63,334899.14,2026-04-18 08:00:00
1776501000000,87.63,87.71,87.05,87.48,410598.6,2026-04-18 08:30:00
1776502800000,87.49,87.49,87.09,87.47,234602.2,2026-04-18 09:00:00
1776504600000,87.47,87.62,87.4,87.57,113139.85,2026-04-18 09:30:00
1776506400000,87.56,87.58,86.9,87.13,344906.72,2026-04-18 10:00:00
1776508200000,87.13,87.16,86.72,86.91,203285.98,2026-04-18 10:30:00
1776510000000,86.91,86.92,86.56,86.75,181343.63,2026-04-18 11:00:00
1776511800000,86.75,86.82,86.23,86.49,224609.11,2026-04-18 11:30:00
1776513600000,86.48,86.81,86.45,86.66,148788.42,2026-04-18 12:00:00
1776515400000,86.65,86.9,86.56,86.84,105860.62,2026-04-18 12:30:00
1776517200000,86.84,86.92,86.62,86.68,142859.92,2026-04-18 13:00:00
1776519000000,86.68,86.78,86.35,86.68,137735.19,2026-04-18 13:30:00
1776520800000,86.68,86.78,86.4,86.71,122825.79,2026-04-18 14:00:00
1776522600000,86.71,86.83,86.64,86.78,129982.89,2026-04-18 14:30:00
1776524400000,86.78,86.92,86.63,86.75,90259.92,2026-04-18 15:00:00
1776526200000,86.76,86.84,86.53,86.72,44691.4,2026-04-18 15:30:00
1776528000000,86.71,86.95,86.41,86.74,166659.72,2026-04-18 16:00:00
1776529800000,86.75,86.8,86.49,86.65,82068.57,2026-04-18 16:30:00
1776531600000,86.64,86.72,86.45,86.68,81740.02,2026-04-18 17:00:00
1776533400000,86.69,86.8,86.68,86.7,49066.06,2026-04-18 17:30:00
1776535200000,86.7,86.7,86.28,86.3,107058.82,2026-04-18 18:00:00
1776537000000,86.3,86.34,85.72,85.9,391443.02,2026-04-18 18:30:00
1776538800000,85.9,86.23,85.87,86.15,51513.76,2026-04-18 19:00:00
1776540600000,86.15,86.18,85.91,86.06,51801.11,2026-04-18 19:30:00
1776542400000,86.06,86.15,85.94,86.06,59996.92,2026-04-18 20:00:00
1776544200000,86.06,86.25,86.01,86.12,67413.24,2026-04-18 20:30:00
1776546000000,86.13,86.21,85.97,86.19,47138.58,2026-04-18 21:00:00
1776547800000,86.18,86.23,86.07,86.15,28939.46,2026-04-18 21:30:00
1776549600000,86.15,86.15,85.84,86.11,130898.02,2026-04-18 22:00:00
1776551400000,86.1,86.31,86.01,86.23,89342.99,2026-04-18 22:30:00
1776553200000,86.23,86.41,86.2,86.2,44967.73,2026-04-18 23:00:00
1776555000000,86.19,86.27,86.07,86.1,57648.83,2026-04-18 23:30:00
1776556800000,86.1,86.32,85.96,86.02,58549.73,2026-04-19 00:00:00
1776558600000,86.02,86.08,85.81,85.96,113313.53,2026-04-19 00:30:00
1776560400000,85.97,86.18,85.65,85.68,148716.14,2026-04-19 01:00:00
1776562200000,85.68,85.83,85.54,85.68,91820.14,2026-04-19 01:30:00
1776564000000,85.69,85.8,85.17,85.29,136169.32,2026-04-19 02:00:00
1776565800000,85.29,85.78,85.21,85.47,188790.32,2026-04-19 02:30:00
1776567600000,85.46,85.67,85.25,85.67,144377.56,2026-04-19 03:00:00
1776569400000,85.67,85.73,85.52,85.55,75069.04,2026-04-19 03:30:00
1776571200000,85.55,85.9,85.52,85.82,97276.85,2026-04-19 04:00:00
1776573000000,85.82,85.83,85.06,85.52,234360.12,2026-04-19 04:30:00
1776574800000,85.52,85.58,85.36,85.48,112817.78,2026-04-19 05:00:00
1776576600000,85.49,85.75,85.33,85.44,153524.64,2026-04-19 05:30:00
1776578400000,85.43,85.45,85.08,85.32,202942.06,2026-04-19 06:00:00
1776580200000,85.32,85.61,85.31,85.39,89345.53,2026-04-19 06:30:00
1776582000000,85.39,85.39,84.36,84.53,514524.88,2026-04-19 07:00:00
1776583800000,84.52,84.9,84.36,84.8,262990.07,2026-04-19 07:30:00
1776585600000,84.8,85.09,84.69,84.78,193204.73,2026-04-19 08:00:00
1776587400000,84.78,84.89,84.56,84.75,217068.1,2026-04-19 08:30:00
1776589200000,84.75,84.86,84.54,84.81,103372.64,2026-04-19 09:00:00
1776591000000,84.81,84.99,84.52,84.54,149700.16,2026-04-19 09:30:00
1776592800000,84.54,84.68,84.38,84.59,141094.3,2026-04-19 10:00:00
1776594600000,84.59,84.85,84.57,84.73,140042.89,2026-04-19 10:30:00
1776596400000,84.74,85.41,84.71,85.2,295880.91,2026-04-19 11:00:00
1776598200000,85.2,85.64,85.18,85.54,198621.99,2026-04-19 11:30:00
1776600000000,85.55,85.79,85.5,85.61,184232.28,2026-04-19 12:00:00
1776601800000,85.61,85.88,85.5,85.72,108735.23,2026-04-19 12:30:00
1776603600000,85.73,86.88,85.7,86.54,499990.04,2026-04-19 13:00:00
1776605400000,86.55,86.68,86.16,86.28,235175.95,2026-04-19 13:30:00
1776607200000,86.29,87.07,85.92,86.99,368681.79,2026-04-19 14:00:00
1776609000000,86.99,87.08,86.42,86.47,245630.67,2026-04-19 14:30:00
1776610800000,86.48,86.62,86.16,86.32,181837.21,2026-04-19 15:00:00
1776612600000,86.32,86.35,85.54,86.32,233600.34,2026-04-19 15:30:00
1776614400000,86.32,86.46,85.97,86.02,136366.25,2026-04-19 16:00:00
1776616200000,86.02,86.22,85.69,85.81,120005.2,2026-04-19 16:30:00
1776618000000,85.82,85.97,85.27,85.61,222576.85,2026-04-19 17:00:00
1776619800000,85.62,85.76,84.95,85.09,172932.25,2026-04-19 17:30:00
1776621600000,85.1,85.26,84.89,85.1,153049.69,2026-04-19 18:00:00
1776623400000,85.11,85.12,84.82,85.07,68150.51,2026-04-19 18:30:00
1776625200000,85.06,85.52,85.06,85.35,93244.47,2026-04-19 19:00:00
1776627000000,85.35,85.5,85.18,85.3,62415.76,2026-04-19 19:30:00
1776628800000,85.29,85.33,84.85,85.0,105758.85,2026-04-19 20:00:00
1776630600000,84.99,85.22,84.7,84.93,117725.4,2026-04-19 20:30:00
1776632400000,84.93,85.12,84.84,85.07,49371.84,2026-04-19 21:00:00
1776634200000,85.07,85.21,84.52,84.67,127975.05,2026-04-19 21:30:00
1776636000000,84.66,84.66,82.88,83.36,1101865.64,2026-04-19 22:00:00
1776637800000,83.37,83.87,83.32,83.71,210480.83,2026-04-19 22:30:00
1776639600000,83.71,83.73,83.28,83.52,158854.61,2026-04-19 23:00:00
1776641400000,83.53,83.65,83.4,83.43,93798.25,2026-04-19 23:30:00
1776643200000,83.43,83.91,83.29,83.88,221451.96,2026-04-20 00:00:00
1776645000000,83.87,84.15,83.7,83.95,121659.63,2026-04-20 00:30:00
1776646800000,83.94,84.17,83.9,84.06,84845.62,2026-04-20 01:00:00
1776648600000,84.06,84.5,84.06,84.29,104547.1,2026-04-20 01:30:00
1776650400000,84.3,84.35,83.66,84.01,118294.84,2026-04-20 02:00:00
1776652200000,84.02,84.25,83.98,84.15,63858.25,2026-04-20 02:30:00
1776654000000,84.16,84.38,84.07,84.28,68839.82,2026-04-20 03:00:00
1776655800000,84.29,84.55,84.26,84.52,59329.11,2026-04-20 03:30:00
1776657600000,84.53,84.53,84.2,84.33,63612.74,2026-04-20 04:00:00
1776659400000,84.33,84.56,84.31,84.51,51663.62,2026-04-20 04:30:00
1776661200000,84.52,84.54,83.81,83.86,153490.77,2026-04-20 05:00:00
1776663000000,83.85,83.97,83.7,83.81,98369.91,2026-04-20 05:30:00
1776664800000,83.82,83.99,83.73,83.93,119798.64,2026-04-20 06:00:00
1776666600000,83.94,84.72,83.94,84.42,172989.13,2026-04-20 06:30:00
1776668400000,84.43,85.73,84.39,85.33,397551.46,2026-04-20 07:00:00
1776670200000,85.32,85.41,84.46,84.69,293546.96,2026-04-20 07:30:00
1776672000000,84.69,85.08,84.5,84.84,155396.91,2026-04-20 08:00:00
1776673800000,84.84,85.03,84.51,84.63,121478.16,2026-04-20 08:30:00
1776675600000,84.62,85.04,84.57,84.9,105558.73,2026-04-20 09:00:00
1776677400000,84.89,85.21,84.86,85.02,101394.53,2026-04-20 09:30:00
1776679200000,85.03,85.37,84.98,85.17,103082.51,2026-04-20 10:00:00
1776681000000,85.18,85.18,84.77,84.82,113659.42,2026-04-20 10:30:00
1776682800000,84.82,85.12,84.72,85.0,79820.88,2026-04-20 11:00:00
1776684600000,85.01,85.33,84.92,85.02,114972.32,2026-04-20 11:30:00
1776686400000,85.02,85.5,84.82,85.31,207779.62,2026-04-20 12:00:00
1776688200000,85.32,85.35,84.81,85.27,145236.9,2026-04-20 12:30:00
1776690000000,85.28,85.5,85.02,85.16,224072.53,2026-04-20 13:00:00
1776691800000,85.17,85.5,84.82,85.27,266788.41,2026-04-20 13:30:00
1776693600000,85.27,85.79,84.9,85.43,361841.47,2026-04-20 14:00:00
1776695400000,85.44,85.56,84.47,84.74,268425.49,2026-04-20 14:30:00
1776697200000,84.74,85.76,84.36,85.71,353154.38,2026-04-20 15:00:00
1776699000000,85.71,85.85,85.39,85.81,172460.83,2026-04-20 15:30:00
1776700800000,85.82,85.85,85.41,85.51,168944.63,2026-04-20 16:00:00
1776702600000,85.5,85.7,85.22,85.25,112875.66,2026-04-20 16:30:00
1776704400000,85.26,86.08,85.22,85.8,139073.47,2026-04-20 17:00:00
1776706200000,85.8,86.04,85.6,85.65,108109.69,2026-04-20 17:30:00
1776708000000,85.66,86.19,85.66,85.95,201326.15,2026-04-20 18:00:00
1776709800000,85.96,86.14,85.69,86.03,168694.86,2026-04-20 18:30:00
1776711600000,86.04,86.07,85.72,85.86,92840.59,2026-04-20 19:00:00
1776713400000,85.86,85.97,85.75,85.76,56475.33,2026-04-20 19:30:00
1776715200000,85.76,86.13,85.63,85.87,98180.59,2026-04-20 20:00:00
1776717000000,85.86,85.94,85.74,85.92,60915.34,2026-04-20 20:30:00
1776718800000,85.91,86.19,85.61,85.71,152658.93,2026-04-20 21:00:00
1776720600000,85.7,85.82,85.54,85.76,54233.19,2026-04-20 21:30:00
1776722400000,85.76,86.03,85.62,85.7,73668.56,2026-04-20 22:00:00
1776724200000,85.69,85.86,85.55,85.66,39796.46,2026-04-20 22:30:00
1776726000000,85.66,85.66,85.18,85.23,128449.37,2026-04-20 23:00:00
1776727800000,85.23,85.32,85.17,85.25,59777.63,2026-04-20 23:30:00
1776729600000,85.25,85.51,85.21,85.49,121389.29,2026-04-21 00:00:00
1776731400000,85.48,85.75,85.39,85.64,76029.97,2026-04-21 00:30:00
1776733200000,85.64,85.79,85.52,85.67,54626.97,2026-04-21 01:00:00
1776735000000,85.67,85.79,85.33,85.41,82849.2,2026-04-21 01:30:00
1776736800000,85.41,85.43,85.15,85.24,96292.79,2026-04-21 02:00:00
1776738600000,85.25,85.37,85.21,85.24,52190.62,2026-04-21 02:30:00
1776740400000,85.24,85.35,85.04,85.3,127154.81,2026-04-21 03:00:00
1776742200000,85.3,85.49,84.94,85.13,240698.74,2026-04-21 03:30:00
1776744000000,85.12,85.23,84.98,85.05,79643.79,2026-04-21 04:00:00
1776745800000,85.06,85.43,84.98,85.39,114243.21,2026-04-21 04:30:00
1776747600000,85.39,85.81,85.37,85.64,206842.59,2026-04-21 05:00:00
1776749400000,85.64,85.67,85.56,85.63,73077.02,2026-04-21 05:30:00
1776751200000,85.63,85.68,85.12,85.27,139455.02,2026-04-21 06:00:00
1776753000000,85.27,85.92,85.27,85.62,126903.03,2026-04-21 06:30:00
1776754800000,85.62,85.85,85.36,85.72,94643.04,2026-04-21 07:00:00
1776756600000,85.72,85.96,85.54,85.66,148055.4,2026-04-21 07:30:00
1776758400000,85.67,85.92,85.58,85.86,60604.5,2026-04-21 08:00:00
1776760200000,85.86,86.32,85.72,85.76,215112.41,2026-04-21 08:30:00
1776762000000,85.76,85.83,85.47,85.56,100770.27,2026-04-21 09:00:00
1776763800000,85.56,85.85,85.54,85.85,55047.76,2026-04-21 09:30:00
1776765600000,85.85,86.03,85.81,85.9,69116.36,2026-04-21 10:00:00
1776767400000,85.91,86.28,85.86,86.11,93462.76,2026-04-21 10:30:00
1776769200000,86.11,86.13,85.68,86.03,180731.79,2026-04-21 11:00:00
1776771000000,86.03,86.09,85.79,85.79,68721.37,2026-04-21 11:30:00
1776772800000,85.8,86.0,85.71,85.79,90747.52,2026-04-21 12:00:00
1776774600000,85.8,85.85,85.12,85.47,280892.09,2026-04-21 12:30:00
1776776400000,85.47,85.54,85.32,85.41,83162.8,2026-04-21 13:00:00
1776778200000,85.41,85.81,85.25,85.77,169398.48,2026-04-21 13:30:00
1776780000000,85.76,86.21,85.55,85.98,204716.06,2026-04-21 14:00:00
1776781800000,85.98,86.85,85.67,85.72,536752.38,2026-04-21 14:30:00
1776783600000,85.72,86.24,85.5,85.66,338941.37,2026-04-21 15:00:00
1776785400000,85.66,86.01,85.34,86.0,149401.12,2026-04-21 15:30:00
1776787200000,86.0,86.21,85.78,85.85,165964.75,2026-04-21 16:00:00
1776789000000,85.85,86.25,85.59,85.63,116895.32,2026-04-21 16:30:00
1776790800000,85.64,85.72,84.63,84.98,330684.06,2026-04-21 17:00:00
1776792600000,84.98,85.76,84.81,85.26,249849.61,2026-04-21 17:30:00
1776794400000,85.26,85.35,84.77,84.85,128224.93,2026-04-21 18:00:00
1776796200000,84.86,85.2,84.68,85.19,140176.83,2026-04-21 18:30:00
1776798000000,85.2,85.68,85.09,85.47,160288.77,2026-04-21 19:00:00
1776799800000,85.48,85.48,84.24,84.51,267699.1,2026-04-21 19:30:00
1776801600000,84.51,85.62,84.4,85.42,341312.2,2026-04-21 20:00:00
1776803400000,85.42,85.71,85.32,85.37,92081.15,2026-04-21 20:30:00
1776805200000,85.37,85.52,85.07,85.1,73561.09,2026-04-21 21:00:00
1776807000000,85.09,85.2,84.96,85.1,56516.48,2026-04-21 21:30:00
1776808800000,85.09,85.39,84.93,85.07,113934.72,2026-04-21 22:00:00
1776810600000,85.07,85.35,84.96,85.32,40589.15,2026-04-21 22:30:00
1776812400000,85.31,85.82,85.29,85.49,111467.38,2026-04-21 23:00:00
1776814200000,85.49,86.09,85.47,85.99,104668.56,2026-04-21 23:30:00
1776816000000,85.99,86.45,85.97,86.27,187011.33,2026-04-22 00:00:00
1776817800000,86.28,86.5,86.07,86.45,198695.13,2026-04-22 00:30:00
1776819600000,86.45,86.52,86.06,86.18,162066.92,2026-04-22 01:00:00
1776821400000,86.18,86.38,86.13,86.23,58900.94,2026-04-22 01:30:00
1776823200000,86.24,87.33,86.16,87.23,435804.04,2026-04-22 02:00:00
1776825000000,87.24,87.55,87.04,87.38,386254.76,2026-04-22 02:30:00
1776826800000,87.38,87.85,87.27,87.38,286336.35,2026-04-22 03:00:00
1776828600000,87.38,87.4,87.1,87.23,121294.24,2026-04-22 03:30:00
1776830400000,87.22,87.32,87.01,87.09,123745.09,2026-04-22 04:00:00
1776832200000,87.08,87.3,86.94,87.06,134385.64,2026-04-22 04:30:00
1776834000000,87.06,88.18,87.0,88.02,513883.86,2026-04-22 05:00:00
1776835800000,88.02,88.33,87.84,87.98,420633.61,2026-04-22 05:30:00
1776837600000,87.99,88.09,87.86,88.09,127790.8,2026-04-22 06:00:00
1776839400000,88.09,88.16,87.78,87.92,171617.78,2026-04-22 06:30:00
1776841200000,87.92,87.96,87.67,87.85,195773.43,2026-04-22 07:00:00
1776843000000,87.84,88.25,87.78,88.03,191290.96,2026-04-22 07:30:00
1776844800000,88.03,88.18,87.67,87.68,169887.0,2026-04-22 08:00:00
1776846600000,87.68,88.25,87.56,87.97,214468.9,2026-04-22 08:30:00
1776848400000,87.97,88.83,87.8,88.5,346473.44,2026-04-22 09:00:00
1776850200000,88.5,88.54,88.17,88.27,74139.9,2026-04-22 09:30:00
1776852000000,88.26,88.38,88.1,88.18,69212.96,2026-04-22 10:00:00
1776853800000,88.18,88.37,88.17,88.3,82880.84,2026-04-22 10:30:00
1776855600000,88.3,88.49,88.13,88.25,77393.37,2026-04-22 11:00:00
1776857400000,88.25,88.39,88.13,88.28,55402.16,2026-04-22 11:30:00
1776859200000,88.29,88.45,88.18,88.29,93804.03,2026-04-22 12:00:00
1776861000000,88.28,88.63,88.24,88.54,125279.92,2026-04-22 12:30:00
1776862800000,88.54,88.88,88.42,88.69,192831.73,2026-04-22 13:00:00
1776864600000,88.7,89.14,88.38,89.05,345123.47,2026-04-22 13:30:00
1776866400000,89.06,89.28,88.83,89.0,235103.92,2026-04-22 14:00:00
1776868200000,89.01,89.04,88.43,88.68,279924.2,2026-04-22 14:30:00
1776870000000,88.69,88.75,87.98,88.1,287634.96,2026-04-22 15:00:00
1776871800000,88.09,88.46,88.08,88.15,217015.72,2026-04-22 15:30:00
1776873600000,88.15,88.43,87.77,87.86,248234.58,2026-04-22 16:00:00
1776875400000,87.86,87.96,87.48,87.62,175870.33,2026-04-22 16:30:00
1776877200000,87.61,87.97,87.58,87.83,133367.95,2026-04-22 17:00:00
1776879000000,87.83,87.98,87.68,87.8,90989.18,2026-04-22 17:30:00
1776880800000,87.81,88.16,87.79,88.12,68702.93,2026-04-22 18:00:00
1776882600000,88.12,88.34,87.74,87.77,116351.15,2026-04-22 18:30:00
1776884400000,87.77,87.79,87.38,87.65,193819.29,2026-04-22 19:00:00
1776886200000,87.64,87.67,87.04,87.33,190611.96,2026-04-22 19:30:00
1776888000000,87.34,87.45,87.04,87.24,86433.6,2026-04-22 20:00:00
1776889800000,87.25,87.3,87.05,87.09,72395.18,2026-04-22 20:30:00
1776891600000,87.09,87.41,87.07,87.39,41857.14,2026-04-22 21:00:00
1776893400000,87.39,87.6,87.3,87.53,70389.89,2026-04-22 21:30:00
1776895200000,87.53,87.68,87.24,87.27,97246.17,2026-04-22 22:00:00
1776897000000,87.27,87.41,87.24,87.37,49894.57,2026-04-22 22:30:00
1776898800000,87.38,87.44,86.78,86.97,150271.5,2026-04-22 23:00:00
1776900600000,86.97,86.97,86.73,86.82,103785.89,2026-04-22 23:30:00
1776902400000,86.83,87.04,85.9,86.88,501316.76,2026-04-23 00:00:00
1776904200000,86.89,87.11,86.64,86.81,170271.17,2026-04-23 00:30:00
1776906000000,86.82,86.82,86.08,86.14,192432.63,2026-04-23 01:00:00
1776907800000,86.13,86.46,86.07,86.38,154844.6,2026-04-23 01:30:00
1776909600000,86.39,86.41,85.91,86.01,166456.39,2026-04-23 02:00:00
1776911400000,86.01,86.06,85.67,85.9,214903.92,2026-04-23 02:30:00
1776913200000,85.89,86.04,85.65,85.76,120488.12,2026-04-23 03:00:00
1776915000000,85.76,85.81,85.4,85.72,200003.91,2026-04-23 03:30:00
1776916800000,85.71,85.85,85.59,85.75,139428.78,2026-04-23 04:00:00
1776918600000,85.74,85.94,85.74,85.9,91040.09,2026-04-23 04:30:00
1776920400000,85.9,86.07,85.78,85.9,171317.39,2026-04-23 05:00:00
1776922200000,85.91,85.94,85.45,85.83,160749.6,2026-04-23 05:30:00
1776924000000,85.82,86.1,85.79,86.08,123497.97,2026-04-23 06:00:00
1776925800000,86.07,86.19,85.9,86.12,111205.27,2026-04-23 06:30:00
1776927600000,86.13,86.17,85.95,86.02,73830.92,2026-04-23 07:00:00
1776929400000,86.03,86.16,85.8,85.84,120557.41,2026-04-23 07:30:00
1776931200000,85.84,85.88,85.58,85.76,177455.75,2026-04-23 08:00:00
1776933000000,85.76,85.79,85.5,85.64,109214.04,2026-04-23 08:30:00
1776934800000,85.65,85.65,85.22,85.53,160239.62,2026-04-23 09:00:00
1776936600000,85.52,85.6,85.32,85.48,70940.95,2026-04-23 09:30:00
1776938400000,85.47,85.56,85.1,85.31,291380.98,2026-04-23 10:00:00
1776940200000,85.31,85.44,85.27,85.38,63566.54,2026-04-23 10:30:00
1776942000000,85.38,85.64,85.31,85.55,94036.79,2026-04-23 11:00:00
1776943800000,85.55,85.85,85.5,85.77,134404.88,2026-04-23 11:30:00
1776945600000,85.77,86.04,85.75,85.95,139258.66,2026-04-23 12:00:00
1776947400000,85.96,86.0,85.66,85.91,160352.96,2026-04-23 12:30:00
1776949200000,85.9,85.98,85.58,85.67,138822.25,2026-04-23 13:00:00
1776951000000,85.67,85.94,85.51,85.72,185210.73,2026-04-23 13:30:00
1776952800000,85.72,86.04,85.49,85.79,140078.65,2026-04-23 14:00:00
1776954600000,85.8,86.14,85.79,85.99,136571.41,2026-04-23 14:30:00
1776956400000,85.99,86.44,85.74,86.04,260722.89,2026-04-23 15:00:00
1776958200000,86.03,86.6,85.93,86.3,461309.47,2026-04-23 15:30:00
1776960000000,86.3,86.37,86.01,86.03,127063.79,2026-04-23 16:00:00
1776961800000,86.03,86.18,85.73,85.76,112512.57,2026-04-23 16:30:00
1776963600000,85.76,85.82,84.82,84.95,434946.63,2026-04-23 17:00:00
1776965400000,84.96,85.39,84.4,85.27,491277.66,2026-04-23 17:30:00
1776967200000,85.28,85.59,85.2,85.27,154060.29,2026-04-23 18:00:00
1776969000000,85.28,85.6,85.15,85.19,93004.49,2026-04-23 18:30:00
1776970800000,85.2,85.5,85.07,85.28,117966.85,2026-04-23 19:00:00
1776972600000,85.29,85.47,85.13,85.24,148984.04,2026-04-23 19:30:00
1776974400000,85.24,85.6,85.22,85.46,102415.62,2026-04-23 20:00:00
1776976200000,85.46,85.8,85.41,85.54,133591.87,2026-04-23 20:30:00
1776978000000,85.54,85.75,85.45,85.75,43125.2,2026-04-23 21:00:00
1776979800000,85.74,85.95,85.73,85.74,76169.36,2026-04-23 21:30:00
1776981600000,85.74,86.2,85.74,86.1,137421.97,2026-04-23 22:00:00
1776983400000,86.1,86.19,85.86,85.91,94355.11,2026-04-23 22:30:00
1776985200000,85.92,86.05,85.56,85.91,147192.09,2026-04-23 23:00:00
1776987000000,85.92,86.14,85.92,86.07,45953.68,2026-04-23 23:30:00
1776988800000,86.07,86.31,85.99,86.14,101375.32,2026-04-24 00:00:00
1776990600000,86.15,86.3,86.08,86.16,47041.68,2026-04-24 00:30:00
1776992400000,86.16,86.16,85.78,85.88,73216.37,2026-04-24 01:00:00
1776994200000,85.88,86.28,85.77,86.23,78274.58,2026-04-24 01:30:00
1776996000000,86.23,86.32,85.96,85.98,61933.15,2026-04-24 02:00:00
1776997800000,85.97,86.07,85.72,85.83,88532.19,2026-04-24 02:30:00
1776999600000,85.83,85.89,85.53,85.64,105031.23,2026-04-24 03:00:00
1777001400000,85.64,85.67,85.35,85.64,106176.26,2026-04-24 03:30:00
1777003200000,85.64,85.66,85.36,85.4,48163.86,2026-04-24 04:00:00
1777005000000,85.4,85.47,85.13,85.26,137218.49,2026-04-24 04:30:00
1777006800000,85.26,85.39,85.08,85.3,200593.37,2026-04-24 05:00:00
1777008600000,85.31,85.78,85.18,85.64,283206.36,2026-04-24 05:30:00
1777010400000,85.65,85.69,85.45,85.6,122071.09,2026-04-24 06:00:00
1777012200000,85.6,85.62,85.27,85.38,101616.23,2026-04-24 06:30:00
1777014000000,85.39,85.57,85.34,85.39,53739.36,2026-04-24 07:00:00
1777015800000,85.4,85.49,85.29,85.45,93114.54,2026-04-24 07:30:00
1777017600000,85.45,85.7,85.25,85.48,137284.43,2026-04-24 08:00:00
1777019400000,85.49,85.49,85.27,85.31,116622.39,2026-04-24 08:30:00
1777021200000,85.31,85.33,84.86,85.11,197152.33,2026-04-24 09:00:00
1777023000000,85.12,85.44,85.11,85.43,126300.17,2026-04-24 09:30:00
1777024800000,85.42,85.56,85.14,85.46,147738.86,2026-04-24 10:00:00
1777026600000,85.45,85.7,85.43,85.66,105510.37,2026-04-24 10:30:00
1777028400000,85.66,86.19,85.65,86.19,263651.65,2026-04-24 11:00:00
1777030200000,86.18,86.23,85.97,86.14,165367.95,2026-04-24 11:30:00
1777032000000,86.14,86.77,86.1,86.43,544872.94,2026-04-24 12:00:00
1777033800000,86.44,86.44,86.0,86.3,184254.08,2026-04-24 12:30:00
1777035600000,86.3,86.57,86.2,86.22,119754.84,2026-04-24 13:00:00
1777037400000,86.23,86.26,85.8,86.02,197553.37,2026-04-24 13:30:00
1777039200000,86.02,86.09,85.6,85.74,169189.88,2026-04-24 14:00:00
1777041000000,85.73,86.16,85.71,85.99,122392.9,2026-04-24 14:30:00
1777042800000,85.99,86.06,85.47,86.0,133472.94,2026-04-24 15:00:00
1777044600000,86.0,86.53,85.98,86.46,161316.43,2026-04-24 15:30:00
1777046400000,86.45,86.52,86.03,86.19,104945.51,2026-04-24 16:00:00
1777048200000,86.18,86.42,86.05,86.28,64745.91,2026-04-24 16:30:00
1777050000000,86.27,86.48,86.22,86.35,68345.29,2026-04-24 17:00:00
1777051800000,86.35,86.51,86.05,86.42,111185.44,2026-04-24 17:30:00
1777053600000,86.43,86.49,85.9,86.16,79888.88,2026-04-24 18:00:00
1777055400000,86.17,86.41,86.15,86.33,34476.81,2026-04-24 18:30:00
1777057200000,86.33,86.48,86.21,86.26,42065.32,2026-04-24 19:00:00
1777059000000,86.27,86.36,86.2,86.28,64855.03,2026-04-24 19:30:00
1777060800000,86.27,86.5,86.17,86.24,93083.62,2026-04-24 20:00:00
1777062600000,86.24,86.9,86.23,86.83,205040.19,2026-04-24 20:30:00
1777064400000,86.82,86.9,86.46,86.51,94963.46,2026-04-24 21:00:00
1777066200000,86.51,86.54,86.31,86.41,44637.76,2026-04-24 21:30:00
1777068000000,86.4,86.41,86.3,86.31,52575.65,2026-04-24 22:00:00
1777069800000,86.3,86.32,86.05,86.13,83693.53,2026-04-24 22:30:00
1777071600000,86.13,86.23,86.1,86.16,49762.75,2026-04-24 23:00:00
1777073400000,86.17,86.26,86.12,86.14,36591.62,2026-04-24 23:30:00
1777075200000,86.13,86.18,85.98,86.0,50773.39,2026-04-25 00:00:00
1777077000000,85.99,86.22,85.98,86.19,38229.1,2026-04-25 00:30:00
1777078800000,86.19,86.29,86.07,86.12,59359.28,2026-04-25 01:00:00
1777080600000,86.13,86.31,86.11,86.23,34190.73,2026-04-25 01:30:00
1777082400000,86.22,86.35,86.09,86.22,78247.03,2026-04-25 02:00:00
1777084200000,86.23,86.27,86.18,86.24,29245.59,2026-04-25 02:30:00
1777086000000,86.23,86.37,86.22,86.29,31033.1,2026-04-25 03:00:00
1777087800000,86.28,86.47,86.27,86.4,54232.38,2026-04-25 03:30:00
1777089600000,86.41,86.45,86.26,86.28,55852.6,2026-04-25 04:00:00
1777091400000,86.29,86.32,86.23,86.27,36034.1,2026-04-25 04:30:00
1777093200000,86.27,86.28,86.08,86.08,58048.83,2026-04-25 05:00:00
1777095000000,86.09,86.21,86.08,86.15,23906.02,2026-04-25 05:30:00
1777096800000,86.15,86.31,86.15,86.22,34901.67,2026-04-25 06:00:00
1777098600000,86.22,86.61,86.22,86.39,124644.55,2026-04-25 06:30:00
1777100400000,86.39,86.39,86.2,86.26,80711.55,2026-04-25 07:00:00
1777102200000,86.27,86.47,86.22,86.32,156513.69,2026-04-25 07:30:00
1777104000000,86.32,86.55,86.27,86.55,43854.95,2026-04-25 08:00:00
1777105800000,86.55,86.78,86.5,86.57,158879.15,2026-04-25 08:30:00
1777107600000,86.57,86.62,86.51,86.51,52535.73,2026-04-25 09:00:00
1777109400000,86.52,86.75,86.51,86.52,84432.19,2026-04-25 09:30:00
1777111200000,86.53,86.68,86.52,86.59,47600.76,2026-04-25 10:00:00
1777113000000,86.58,86.67,86.51,86.57,29750.82,2026-04-25 10:30:00
1777114800000,86.58,86.58,86.3,86.34,116303.46,2026-04-25 11:00:00
1777116600000,86.34,86.44,86.2,86.31,89348.74,2026-04-25 11:30:00
1777118400000,86.31,86.38,86.18,86.28,47743.24,2026-04-25 12:00:00
1777120200000,86.27,86.38,86.21,86.33,46586.4,2026-04-25 12:30:00
1777122000000,86.32,86.52,86.32,86.49,42744.25,2026-04-25 13:00:00
1777123800000,86.5,86.62,86.47,86.55,56229.13,2026-04-25 13:30:00
1777125600000,86.55,86.6,86.43,86.58,50602.44,2026-04-25 14:00:00
1777127400000,86.58,86.61,86.4,86.4,41044.46,2026-04-25 14:30:00
1777129200000,86.4,86.59,86.36,86.56,34787.88,2026-04-25 15:00:00
1777131000000,86.56,86.58,86.01,86.17,131019.21,2026-04-25 15:30:00
1777132800000,86.16,86.27,85.99,86.08,129713.34,2026-04-25 16:00:00
1777134600000,86.08,86.11,85.54,85.83,213451.31,2026-04-25 16:30:00
1777136400000,85.82,85.83,85.6,85.6,113820.38,2026-04-25 17:00:00
1777138200000,85.6,85.67,85.46,85.49,80987.56,2026-04-25 17:30:00
1777140000000,85.5,85.73,85.48,85.64,205851.76,2026-04-25 18:00:00
1777141800000,85.65,85.76,85.61,85.62,92489.9,2026-04-25 18:30:00
1777143600000,85.62,85.66,85.49,85.53,116597.28,2026-04-25 19:00:00
1777145400000,85.53,85.65,85.51,85.61,26372.67,2026-04-25 19:30:00
1777147200000,85.62,85.79,85.54,85.75,32370.55,2026-04-25 20:00:00
1777149000000,85.75,85.86,85.7,85.85,57674.56,2026-04-25 20:30:00
1777150800000,85.85,86.04,85.84,85.9,84528.18,2026-04-25 21:00:00
1777152600000,85.89,85.89,85.67,85.84,33413.96,2026-04-25 21:30:00
1777154400000,85.85,86.01,85.8,85.99,33770.66,2026-04-25 22:00:00
1777156200000,85.99,86.12,85.99,86.05,37991.74,2026-04-25 22:30:00
1777158000000,86.04,86.09,85.97,86.02,25314.55,2026-04-25 23:00:00
1777159800000,86.02,86.13,86.0,86.12,27524.58,2026-04-25 23:30:00
1777161600000,86.13,86.15,85.98,85.99,61250.91,2026-04-26 00:00:00
1777163400000,85.99,86.09,85.87,85.98,26276.93,2026-04-26 00:30:00
1777165200000,85.98,86.03,85.92,85.93,35678.26,2026-04-26 01:00:00
1777167000000,85.94,86.08,85.92,85.92,48608.18,2026-04-26 01:30:00
1777168800000,85.92,86.25,85.92,86.24,41652.81,2026-04-26 02:00:00
1777170600000,86.23,86.35,86.13,86.35,57608.49,2026-04-26 02:30:00
1777172400000,86.35,86.41,85.98,85.98,111318.21,2026-04-26 03:00:00
1777174200000,85.98,86.06,85.78,85.95,149780.97,2026-04-26 03:30:00
1777176000000,85.94,86.11,85.89,86.07,47710.15,2026-04-26 04:00:00
1777177800000,86.08,86.7,86.06,86.39,331916.13,2026-04-26 04:30:00
1777179600000,86.4,86.72,86.1,86.52,325043.05,2026-04-26 05:00:00
1777181400000,86.53,86.62,86.34,86.42,85235.27,2026-04-26 05:30:00
1777183200000,86.42,86.55,86.34,86.36,51875.03,2026-04-26 06:00:00
1777185000000,86.37,86.54,86.35,86.46,40714.91,2026-04-26 06:30:00
1777186800000,86.46,86.52,86.4,86.46,44214.49,2026-04-26 07:00:00
1777188600000,86.46,86.62,86.4,86.6,41299.48,2026-04-26 07:30:00
1777190400000,86.59,86.66,86.46,86.55,42111.02,2026-04-26 08:00:00
1777192200000,86.55,86.73,86.5,86.53,101398.56,2026-04-26 08:30:00
1777194000000,86.52,86.55,86.43,86.51,31843.33,2026-04-26 09:00:00
1777195800000,86.51,86.52,86.41,86.49,36717.32,2026-04-26 09:30:00
1777197600000,86.49,86.58,86.45,86.53,29874.32,2026-04-26 10:00:00
1777199400000,86.53,86.54,86.38,86.44,33443.28,2026-04-26 10:30:00
1777201200000,86.44,86.6,86.42,86.53,64152.88,2026-04-26 11:00:00
1777203000000,86.53,86.55,86.42,86.44,39440.76,2026-04-26 11:30:00
1777204800000,86.44,86.46,86.14,86.18,104463.11,2026-04-26 12:00:00
1777206600000,86.18,86.27,85.83,86.05,228363.37,2026-04-26 12:30:00
1777208400000,86.04,86.1,85.92,85.99,88971.94,2026-04-26 13:00:00
1777210200000,85.99,86.21,85.88,86.07,225220.45,2026-04-26 13:30:00
1777212000000,86.06,86.43,85.98,86.33,117918.22,2026-04-26 14:00:00
1777213800000,86.34,86.46,86.25,86.34,68830.17,2026-04-26 14:30:00
1777215600000,86.35,86.54,86.29,86.53,74088.52,2026-04-26 15:00:00
1777217400000,86.53,86.54,86.37,86.51,45178.6,2026-04-26 15:30:00
1777219200000,86.51,86.52,86.4,86.45,53200.89,2026-04-26 16:00:00
1777221000000,86.45,86.54,86.32,86.36,73517.15,2026-04-26 16:30:00
1777222800000,86.36,86.54,86.22,86.47,77505.24,2026-04-26 17:00:00
1777224600000,86.47,86.54,86.35,86.5,41693.47,2026-04-26 17:30:00
1777226400000,86.49,86.98,86.37,86.69,274159.03,2026-04-26 18:00:00
1777228200000,86.7,86.84,86.63,86.78,37573.21,2026-04-26 18:30:00
1777230000000,86.78,87.2,86.63,86.74,220492.1,2026-04-26 19:00:00
1777231800000,86.74,86.92,86.65,86.83,47683.46,2026-04-26 19:30:00
1777233600000,86.84,86.89,86.69,86.73,46396.53,2026-04-26 20:00:00
1777235400000,86.74,86.82,86.56,86.65,107530.76,2026-04-26 20:30:00
1777237200000,86.65,87.09,86.64,86.76,160461.41,2026-04-26 21:00:00
1777239000000,86.76,86.93,86.11,86.78,269765.54,2026-04-26 21:30:00
1777240800000,86.78,87.27,86.7,86.83,250885.2,2026-04-26 22:00:00
1777242600000,86.83,86.83,86.25,86.66,172045.2,2026-04-26 22:30:00
1777244400000,86.66,86.83,86.54,86.57,40803.15,2026-04-26 23:00:00
1777246200000,86.57,87.12,86.45,86.86,95589.54,2026-04-26 23:30:00
1777248000000,86.87,87.14,86.55,86.64,185657.73,2026-04-27 00:00:00
1777249800000,86.65,87.37,86.5,87.3,377570.32,2026-04-27 00:30:00
1777251600000,87.31,87.83,87.22,87.38,441803.52,2026-04-27 01:00:00
1777253400000,87.39,87.84,87.32,87.78,145765.65,2026-04-27 01:30:00
1777255200000,87.78,87.86,87.33,87.53,159129.71,2026-04-27 02:00:00
1777257000000,87.53,88.06,87.53,87.78,236724.78,2026-04-27 02:30:00
1777258800000,87.78,88.02,87.72,87.96,122177.38,2026-04-27 03:00:00
1777260600000,87.97,88.04,87.65,87.69,77722.66,2026-04-27 03:30:00
1777262400000,87.7,87.78,87.54,87.77,73084.12,2026-04-27 04:00:00
1777264200000,87.77,87.81,87.38,87.5,79107.58,2026-04-27 04:30:00
1777266000000,87.5,87.51,85.95,86.08,849791.93,2026-04-27 05:00:00
1777267800000,86.09,86.09,85.7,85.89,586862.12,2026-04-27 05:30:00
1777269600000,85.89,85.97,85.58,85.83,235231.07,2026-04-27 06:00:00
1777271400000,85.82,85.83,85.34,85.65,244869.06,2026-04-27 06:30:00
1777273200000,85.65,85.72,85.39,85.48,184336.62,2026-04-27 07:00:00
1777275000000,85.49,85.49,85.19,85.2,184287.22,2026-04-27 07:30:00
1777276800000,85.19,85.36,85.02,85.02,236223.38,2026-04-27 08:00:00
1777278600000,85.03,85.45,84.97,85.44,172783.1,2026-04-27 08:30:00
1777280400000,85.44,85.55,85.09,85.26,269731.3,2026-04-27 09:00:00
1777282200000,85.26,85.57,85.24,85.42,147365.97,2026-04-27 09:30:00
1777284000000,85.41,85.5,85.1,85.14,166781.86,2026-04-27 10:00:00
1777285800000,85.14,85.35,85.08,85.11,158597.76,2026-04-27 10:30:00
1777287600000,85.12,85.21,85.0,85.14,80898.69,2026-04-27 11:00:00
1777289400000,85.15,85.22,85.08,85.19,54762.4,2026-04-27 11:30:00
1777291200000,85.19,85.2,84.99,85.03,62676.49,2026-04-27 12:00:00
1777293000000,85.02,85.14,84.86,85.04,148047.32,2026-04-27 12:30:00
1777294800000,85.04,85.21,84.99,85.15,97700.33,2026-04-27 13:00:00
1777296600000,85.16,85.34,84.65,85.07,292846.36,2026-04-27 13:30:00
1777298400000,85.07,85.3,84.92,85.21,240526.15,2026-04-27 14:00:00
1777300200000,85.21,85.8,85.11,85.17,374636.54,2026-04-27 14:30:00
1777302000000,85.17,85.19,83.56,84.11,741122.27,2026-04-27 15:00:00
1777303800000,84.11,84.26,83.86,84.1,210586.37,2026-04-27 15:30:00
1777305600000,84.09,84.33,83.96,84.16,136694.37,2026-04-27 16:00:00
1777307400000,84.16,84.3,84.05,84.21,80170.3,2026-04-27 16:30:00
1777309200000,84.21,84.64,84.2,84.47,120500.59,2026-04-27 17:00:00
1777311000000,84.47,84.62,84.33,84.4,106278.96,2026-04-27 17:30:00
1777312800000,84.41,84.64,84.34,84.41,45244.44,2026-04-27 18:00:00
1777314600000,84.4,84.6,84.36,84.51,27049.44,2026-04-27 18:30:00
1777316400000,84.51,84.6,83.98,84.01,127607.74,2026-04-27 19:00:00
1777318200000,84.0,84.19,83.77,84.13,118418.47,2026-04-27 19:30:00
1777320000000,84.12,84.28,84.09,84.22,61519.32,2026-04-27 20:00:00
1777321800000,84.22,84.3,84.14,84.23,38092.23,2026-04-27 20:30:00
1777323600000,84.22,84.31,84.06,84.27,49282.29,2026-04-27 21:00:00
1777325400000,84.26,84.44,84.21,84.21,44027.2,2026-04-27 21:30:00
1777327200000,84.22,84.45,84.14,84.44,50349.29,2026-04-27 22:00:00
1777329000000,84.45,84.56,84.39,84.49,62516.86,2026-04-27 22:30:00
1777330800000,84.48,84.66,84.4,84.59,63253.25,2026-04-27 23:00:00
1777332600000,84.6,84.86,84.59,84.76,120964.66,2026-04-27 23:30:00
1777334400000,84.77,84.8,84.54,84.58,75970.51,2026-04-28 00:00:00
1777336200000,84.59,84.89,84.54,84.76,56379.73,2026-04-28 00:30:00
1777338000000,84.76,84.83,84.52,84.58,63824.81,2026-04-28 01:00:00
1777339800000,84.57,84.58,84.35,84.36,85540.85,2026-04-28 01:30:00
1777341600000,84.36,84.59,84.3,84.31,121940.79,2026-04-28 02:00:00
1777343400000,84.31,84.32,83.84,84.12,149146.47,2026-04-28 02:30:00
1777345200000,84.12,84.13,83.97,84.01,71266.74,2026-04-28 03:00:00
1777347000000,84.01,84.15,83.97,84.13,55669.13,2026-04-28 03:30:00
1777348800000,84.12,84.39,83.78,83.88,318255.12,2026-04-28 04:00:00
1777350600000,83.87,84.11,83.83,84.02,69349.56,2026-04-28 04:30:00
1777352400000,84.03,84.4,84.03,84.33,82666.34,2026-04-28 05:00:00
1777354200000,84.33,84.39,84.02,84.15,198577.34,2026-04-28 05:30:00
1777356000000,84.16,84.27,83.98,84.17,70428.0,2026-04-28 06:00:00
1777357800000,84.17,84.23,83.62,83.89,239574.25,2026-04-28 06:30:00
1777359600000,83.88,83.93,83.57,83.76,99288.3,2026-04-28 07:00:00
1777361400000,83.75,84.01,83.74,83.96,107611.41,2026-04-28 07:30:00
1777363200000,83.97,84.11,83.83,84.1,67239.65,2026-04-28 08:00:00
1777365000000,84.11,84.14,83.7,83.9,126887.38,2026-04-28 08:30:00
1777366800000,83.9,83.92,83.77,83.87,41033.21,2026-04-28 09:00:00
1777368600000,83.86,83.87,83.36,83.59,146552.48,2026-04-28 09:30:00
1777370400000,83.58,83.74,83.58,83.67,57309.1,2026-04-28 10:00:00
1777372200000,83.67,83.76,83.65,83.76,38969.67,2026-04-28 10:30:00
1777374000000,83.76,83.8,83.45,83.6,107744.41,2026-04-28 11:00:00
1777375800000,83.6,83.61,83.22,83.36,208706.88,2026-04-28 11:30:00
1777377600000,83.36,83.55,83.24,83.3,134967.26,2026-04-28 12:00:00
1777379400000,83.29,83.7,83.21,83.66,108150.61,2026-04-28 12:30:00
1777381200000,83.65,83.66,83.13,83.42,197462.25,2026-04-28 13:00:00
1777383000000,83.42,83.96,83.27,83.5,220292.32,2026-04-28 13:30:00
1777384800000,83.49,83.49,82.9,83.11,207830.05,2026-04-28 14:00:00
1777386600000,83.11,83.37,82.91,83.36,212936.05,2026-04-28 14:30:00
1777388400000,83.36,83.46,83.2,83.34,112682.61,2026-04-28 15:00:00
1777390200000,83.33,83.47,83.17,83.42,68671.04,2026-04-28 15:30:00
1777392000000,83.42,83.72,83.37,83.48,90170.3,2026-04-28 16:00:00
1777393800000,83.49,83.65,83.27,83.54,97993.52,2026-04-28 16:30:00
1777395600000,83.54,83.62,83.32,83.47,56016.58,2026-04-28 17:00:00
1777397400000,83.47,83.77,83.47,83.57,74925.91,2026-04-28 17:30:00
1777399200000,83.57,83.79,83.55,83.77,67916.85,2026-04-28 18:00:00
1777401000000,83.77,83.79,83.55,83.76,43250.67,2026-04-28 18:30:00
1777402800000,83.75,83.79,83.65,83.75,29395.16,2026-04-28 19:00:00
1777404600000,83.75,84.02,83.73,83.84,116188.54,2026-04-28 19:30:00
1777406400000,83.85,83.95,83.79,83.8,48653.47,2026-04-28 20:00:00
1777408200000,83.79,83.88,83.72,83.74,26320.12,2026-04-28 20:30:00
1777410000000,83.73,83.9,83.66,83.67,61165.65,2026-04-28 21:00:00
1777411800000,83.67,83.8,83.58,83.68,99629.86,2026-04-28 21:30:00
1777413600000,83.69,83.88,83.62,83.63,95080.18,2026-04-28 22:00:00
1777415400000,83.64,83.8,83.53,83.67,133098.28,2026-04-28 22:30:00
1777417200000,83.67,83.82,83.6,83.77,83287.78,2026-04-28 23:00:00
1777419000000,83.77,84.12,83.74,84.01,253154.5,2026-04-28 23:30:00
1777420800000,84.0,84.14,83.81,83.84,153807.93,2026-04-29 00:00:00
1777422600000,83.83,84.12,83.75,84.01,160605.83,2026-04-29 00:30:00
1777424400000,84.0,84.06,83.75,83.8,68376.12,2026-04-29 01:00:00
1777426200000,83.8,84.16,83.75,84.03,81846.59,2026-04-29 01:30:00
1777428000000,84.04,84.17,84.0,84.0,58210.25,2026-04-29 02:00:00
1777429800000,84.0,84.02,83.88,83.98,60246.68,2026-04-29 02:30:00
1777431600000,83.98,84.61,83.98,84.5,212483.22,2026-04-29 03:00:00
1777433400000,84.49,84.69,84.33,84.55,148827.05,2026-04-29 03:30:00
1777435200000,84.54,84.67,84.39,84.57,103637.81,2026-04-29 04:00:00
1777437000000,84.57,85.03,84.54,84.92,298622.59,2026-04-29 04:30:00
1777438800000,84.92,84.96,84.66,84.87,139432.89,2026-04-29 05:00:00
1777440600000,84.87,84.93,84.78,84.8,74321.14,2026-04-29 05:30:00
1777442400000,84.8,84.95,84.72,84.78,126927.31,2026-04-29 06:00:00
1777444200000,84.78,84.81,84.48,84.58,118405.99,2026-04-29 06:30:00
1777446000000,84.58,84.67,84.56,84.6,64307.05,2026-04-29 07:00:00
1777447800000,84.61,84.83,84.61,84.66,79662.68,2026-04-29 07:30:00
1777449600000,84.67,84.72,84.48,84.6,94045.41,2026-04-29 08:00:00
1777451400000,84.59,84.59,84.32,84.48,100021.91,2026-04-29 08:30:00
1777453200000,84.48,84.76,84.43,84.68,80018.74,2026-04-29 09:00:00
1777455000000,84.68,85.56,84.66,85.26,514034.44,2026-04-29 09:30:00
1777456800000,85.27,85.5,85.22,85.49,186369.04,2026-04-29 10:00:00
1777458600000,85.49,85.51,85.09,85.1,209306.54,2026-04-29 10:30:00
1777460400000,85.11,85.13,84.86,84.86,124447.94,2026-04-29 11:00:00
1777462200000,84.86,85.0,84.73,84.86,85604.08,2026-04-29 11:30:00
1777464000000,84.87,84.87,83.87,84.09,438076.72,2026-04-29 12:00:00
1777465800000,84.1,84.26,83.89,84.19,168898.3,2026-04-29 12:30:00
1777467600000,84.18,84.23,83.87,83.95,119488.28,2026-04-29 13:00:00
1777469400000,83.95,84.06,83.56,83.94,339594.5,2026-04-29 13:30:00
1777471200000,83.93,83.99,83.59,83.89,172494.67,2026-04-29 14:00:00
1777473000000,83.89,83.99,83.66,83.77,136386.3,2026-04-29 14:30:00
1777474800000,83.78,83.86,83.03,83.42,406301.81,2026-04-29 15:00:00
1777476600000,83.42,83.56,82.89,83.2,368806.85,2026-04-29 15:30:00
1777478400000,83.19,83.59,82.99,83.09,215453.41,2026-04-29 16:00:00
1777480200000,83.08,83.18,82.87,83.06,149449.72,2026-04-29 16:30:00
1777482000000,83.06,83.25,82.67,82.83,235837.34,2026-04-29 17:00:00
1777483800000,82.83,83.34,82.79,83.34,154602.78,2026-04-29 17:30:00
1777485600000,83.33,83.42,81.37,81.69,1040639.05,2026-04-29 18:00:00
1777487400000,81.69,82.23,81.34,82.23,298837.32,2026-04-29 18:30:00
1777489200000,82.23,82.31,81.95,82.2,153493.31,2026-04-29 19:00:00
1777491000000,82.2,82.24,81.92,82.14,85155.82,2026-04-29 19:30:00
1777492800000,82.14,82.48,82.11,82.47,216399.61,2026-04-29 20:00:00
1777494600000,82.48,82.75,82.4,82.57,101237.44,2026-04-29 20:30:00
1777496400000,82.58,82.9,82.47,82.85,112122.41,2026-04-29 21:00:00
1777498200000,82.85,83.19,82.8,82.85,92787.31,2026-04-29 21:30:00
1777500000000,82.86,82.98,82.74,82.83,65463.52,2026-04-29 22:00:00
1777501800000,82.82,83.09,82.82,83.01,81955.49,2026-04-29 22:30:00
1777503600000,83.01,83.05,82.78,82.98,77994.01,2026-04-29 23:00:00
1777505400000,82.97,83.08,82.89,83.02,75137.52,2026-04-29 23:30:00
1777507200000,83.02,83.31,83.02,83.24,150168.71,2026-04-30 00:00:00
1777509000000,83.23,83.98,83.23,83.76,372722.26,2026-04-30 00:30:00
1777510800000,83.76,83.94,83.62,83.82,175320.71,2026-04-30 01:00:00
1777512600000,83.83,83.97,83.65,83.71,78143.66,2026-04-30 01:30:00
1777514400000,83.71,83.94,83.46,83.51,145104.6,2026-04-30 02:00:00
1777516200000,83.52,83.52,82.63,82.93,263776.37,2026-04-30 02:30:00
1777518000000,82.93,83.03,82.81,83.02,72636.43,2026-04-30 03:00:00
1777519800000,83.03,83.2,82.91,83.02,45027.67,2026-04-30 03:30:00
1777521600000,83.02,83.04,82.61,82.72,86070.47,2026-04-30 04:00:00
1777523400000,82.71,82.72,82.33,82.37,101468.12,2026-04-30 04:30:00
1777525200000,82.37,82.54,82.11,82.27,89789.62,2026-04-30 05:00:00
1777527000000,82.26,82.74,82.25,82.54,86576.44,2026-04-30 05:30:00
1777528800000,82.54,82.74,82.49,82.73,59979.5,2026-04-30 06:00:00
1777530600000,82.73,83.04,82.73,82.89,77406.53,2026-04-30 06:30:00
1777532400000,82.89,83.06,82.83,83.03,57112.56,2026-04-30 07:00:00
1777534200000,83.03,83.37,83.01,83.32,133363.16,2026-04-30 07:30:00
1777536000000,83.32,83.39,83.14,83.21,107127.98,2026-04-30 08:00:00
1777537800000,83.2,83.22,83.08,83.09,69078.38,2026-04-30 08:30:00
1777539600000,83.09,83.29,83.03,83.28,52442.45,2026-04-30 09:00:00
1777541400000,83.28,83.53,83.1,83.11,97853.17,2026-04-30 09:30:00
1777543200000,83.11,83.18,82.89,82.89,86442.58,2026-04-30 10:00:00
1777545000000,82.9,83.03,82.89,82.97,55315.54,2026-04-30 10:30:00
1777546800000,82.97,83.34,82.96,83.22,80756.11,2026-04-30 11:00:00
1777548600000,83.23,83.23,82.76,82.96,65462.75,2026-04-30 11:30:00
1777550400000,82.96,83.44,82.95,83.27,99854.36,2026-04-30 12:00:00
1777552200000,83.28,83.34,83.13,83.18,65419.44,2026-04-30 12:30:00
1777554000000,83.17,83.26,82.98,83.02,47150.01,2026-04-30 13:00:00
1777555800000,83.02,83.52,82.82,83.15,135601.12,2026-04-30 13:30:00
1777557600000,83.15,83.36,82.62,82.96,133703.32,2026-04-30 14:00:00
1777559400000,82.96,83.33,82.86,83.19,135004.32,2026-04-30 14:30:00
1777561200000,83.19,83.47,82.97,83.47,137740.6,2026-04-30 15:00:00
1777563000000,83.47,83.8,83.12,83.31,151598.32,2026-04-30 15:30:00
1777564800000,83.3,83.39,83.05,83.17,62428.49,2026-04-30 16:00:00
1777566600000,83.18,83.2,82.89,82.96,70961.9,2026-04-30 16:30:00
1777568400000,82.97,83.09,82.82,82.88,56228.7,2026-04-30 17:00:00
1777570200000,82.88,83.06,82.83,82.99,45866.53,2026-04-30 17:30:00
1777572000000,82.99,83.26,82.99,83.02,44624.67,2026-04-30 18:00:00
1777573800000,83.01,83.21,82.95,83.02,29982.66,2026-04-30 18:30:00
1777575600000,83.02,83.23,82.97,83.12,44862.19,2026-04-30 19:00:00
1777577400000,83.12,83.25,82.97,82.99,41486.05,2026-04-30 19:30:00
1777579200000,82.99,83.16,82.93,83.09,34482.57,2026-04-30 20:00:00
1777581000000,83.09,83.16,83.02,83.05,18575.36,2026-04-30 20:30:00
1777582800000,83.05,83.11,82.92,82.94,19422.54,2026-04-30 21:00:00
1777584600000,82.94,83.03,82.8,82.83,31578.76,2026-04-30 21:30:00
1777586400000,82.84,82.98,82.77,82.97,53490.5,2026-04-30 22:00:00
1777588200000,82.97,83.0,82.74,82.82,47586.75,2026-04-30 22:30:00
1777590000000,82.81,82.97,82.8,82.97,26110.55,2026-04-30 23:00:00
1777591800000,82.97,83.05,82.95,83.04,41192.31,2026-04-30 23:30:00
1777593600000,83.04,83.32,83.02,83.23,59791.79,2026-05-01 00:00:00
1777595400000,83.24,83.38,83.09,83.15,72628.92,2026-05-01 00:30:00
1777597200000,83.16,83.43,83.15,83.32,46180.23,2026-05-01 01:00:00
1777599000000,83.32,83.64,83.3,83.57,134268.31,2026-05-01 01:30:00
1777600800000,83.58,83.69,83.46,83.5,66246.87,2026-05-01 02:00:00
1777602600000,83.5,83.82,83.42,83.59,193507.94,2026-05-01 02:30:00
1777604400000,83.58,84.37,83.53,84.1,315010.53,2026-05-01 03:00:00
1777606200000,84.1,84.2,83.8,83.87,122950.47,2026-05-01 03:30:00
1777608000000,83.87,84.04,83.64,83.7,133721.39,2026-05-01 04:00:00
1777609800000,83.69,83.87,83.65,83.79,104587.08,2026-05-01 04:30:00
1777611600000,83.79,84.22,83.71,83.94,167932.25,2026-05-01 05:00:00
1777613400000,83.93,84.15,83.91,84.03,78896.48,2026-05-01 05:30:00
1777615200000,84.03,84.15,83.99,84.03,44960.49,2026-05-01 06:00:00
1777617000000,84.03,84.04,83.65,83.81,107675.03,2026-05-01 06:30:00
1777618800000,83.81,83.95,83.64,83.64,131934.73,2026-05-01 07:00:00
1777620600000,83.64,83.92,83.63,83.92,210721.35,2026-05-01 07:30:00
1777622400000,83.92,84.27,83.86,84.11,138091.81,2026-05-01 08:00:00
1777624200000,84.12,84.16,84.03,84.14,78880.32,2026-05-01 08:30:00
1777626000000,84.14,84.14,83.92,84.0,56564.83,2026-05-01 09:00:00
1777627800000,83.99,84.04,83.88,83.92,66349.75,2026-05-01 09:30:00
1777629600000,83.92,84.04,83.64,83.94,101197.6,2026-05-01 10:00:00
1777631400000,83.93,83.97,83.78,83.91,27532.35,2026-05-01 10:30:00
1777633200000,83.9,84.18,83.85,83.87,66184.91,2026-05-01 11:00:00
1777635000000,83.88,83.99,83.82,83.99,33510.17,2026-05-01 11:30:00
1777636800000,83.99,84.42,83.88,84.32,258035.44,2026-05-01 12:00:00
1777638600000,84.32,84.55,84.22,84.23,181020.29,2026-05-01 12:30:00
1777640400000,84.23,84.61,84.23,84.35,135151.67,2026-05-01 13:00:00
1777642200000,84.35,84.82,84.19,84.57,278883.84,2026-05-01 13:30:00
1777644000000,84.57,84.7,84.06,84.12,272318.33,2026-05-01 14:00:00
1777645800000,84.12,84.3,83.82,84.16,151722.33,2026-05-01 14:30:00
1777647600000,84.15,84.43,83.95,84.32,100006.86,2026-05-01 15:00:00
1777649400000,84.32,84.58,83.98,84.42,192493.57,2026-05-01 15:30:00
1777651200000,84.41,84.59,84.08,84.25,164034.85,2026-05-01 16:00:00
1777653000000,84.24,84.28,83.95,83.96,71372.09,2026-05-01 16:30:00
1777654800000,83.97,84.2,83.88,83.94,76456.7,2026-05-01 17:00:00
1777656600000,83.95,84.23,83.86,84.19,65594.77,2026-05-01 17:30:00
1777658400000,84.18,84.28,84.04,84.15,54049.8,2026-05-01 18:00:00
1777660200000,84.15,84.15,83.93,83.94,33186.08,2026-05-01 18:30:00
1777662000000,83.94,84.03,83.75,83.9,47179.53,2026-05-01 19:00:00
1777663800000,83.89,83.9,83.73,83.83,76744.27,2026-05-01 19:30:00
1777665600000,83.84,83.88,83.65,83.77,64060.24,2026-05-01 20:00:00
1777667400000,83.76,83.8,83.26,83.44,146176.15,2026-05-01 20:30:00
1777669200000,83.44,83.62,83.38,83.55,58785.18,2026-05-01 21:00:00
1777671000000,83.55,83.76,83.54,83.67,59274.54,2026-05-01 21:30:00
1777672800000,83.67,83.85,83.64,83.76,44198.81,2026-05-01 22:00:00
1777674600000,83.75,83.77,83.53,83.71,39116.24,2026-05-01 22:30:00
1777676400000,83.7,83.84,83.51,83.54,141042.45,2026-05-01 23:00:00
1777678200000,83.54,83.73,83.53,83.71,26548.65,2026-05-01 23:30:00
1777680000000,83.71,83.73,83.47,83.49,58797.46,2026-05-02 00:00:00
1777681800000,83.48,83.83,83.38,83.79,160852.52,2026-05-02 00:30:00
1777683600000,83.78,83.88,83.72,83.8,52796.1,2026-05-02 01:00:00
1777685400000,83.8,84.01,83.79,84.0,81602.84,2026-05-02 01:30:00
1777687200000,84.0,84.2,83.8,83.87,278580.09,2026-05-02 02:00:00
1777689000000,83.87,84.06,83.85,83.89,122779.13,2026-05-02 02:30:00
1777690800000,83.89,83.9,83.66,83.82,82319.29,2026-05-02 03:00:00
1777692600000,83.81,83.93,83.73,83.76,29780.99,2026-05-02 03:30:00
1777694400000,83.76,83.79,83.58,83.62,83226.36,2026-05-02 04:00:00
1777696200000,83.62,83.71,83.51,83.58,57998.69,2026-05-02 04:30:00
1777698000000,83.59,83.63,83.49,83.59,50023.26,2026-05-02 05:00:00
1777699800000,83.58,83.69,83.58,83.63,36702.87,2026-05-02 05:30:00
1777701600000,83.63,83.72,83.51,83.52,33691.1,2026-05-02 06:00:00
1777703400000,83.51,83.8,83.51,83.76,59008.78,2026-05-02 06:30:00
1777705200000,83.76,83.8,83.7,83.73,33698.12,2026-05-02 07:00:00
1777707000000,83.73,83.74,83.64,83.67,28560.57,2026-05-02 07:30:00
1777708800000,83.67,83.69,83.57,83.66,30668.86,2026-05-02 08:00:00
1777710600000,83.67,83.83,83.66,83.78,46051.49,2026-05-02 08:30:00
1777712400000,83.79,83.92,83.77,83.86,39467.69,2026-05-02 09:00:00
1777714200000,83.86,84.11,83.8,83.95,147963.11,2026-05-02 09:30:00
1777716000000,83.95,83.96,83.82,83.86,43590.41,2026-05-02 10:00:00
1777717800000,83.86,83.91,83.81,83.89,13480.1,2026-05-02 10:30:00
1777719600000,83.88,83.89,83.7,83.7,36775.3,2026-05-02 11:00:00
1777721400000,83.7,83.71,83.46,83.64,177617.89,2026-05-02 11:30:00
1777723200000,83.63,84.01,83.62,84.0,130514.22,2026-05-02 12:00:00
1777725000000,84.0,84.04,83.71,83.81,240282.26,2026-05-02 12:30:00
1777726800000,83.81,84.03,83.8,83.88,58872.79,2026-05-02 13:00:00
1777728600000,83.89,83.94,83.82,83.89,50068.38,2026-05-02 13:30:00
1777730400000,83.89,84.04,83.84,83.94,36912.52,2026-05-02 14:00:00
1777732200000,83.94,84.02,83.89,83.92,27275.14,2026-05-02 14:30:00
1777734000000,83.92,84.01,83.87,83.95,21019.71,2026-05-02 15:00:00
1777735800000,83.94,84.01,83.9,83.99,27003.69,2026-05-02 15:30:00
1777737600000,83.99,84.17,83.97,84.03,87703.88,2026-05-02 16:00:00
1777739400000,84.03,84.23,83.99,84.15,49155.87,2026-05-02 16:30:00
1777741200000,84.15,84.17,83.98,84.0,51063.34,2026-05-02 17:00:00
1777743000000,84.01,84.1,83.95,84.0,23077.68,2026-05-02 17:30:00
1777744800000,83.99,84.08,83.88,84.08,32051.34,2026-05-02 18:00:00
1777746600000,84.07,84.16,84.05,84.12,23327.56,2026-05-02 18:30:00
1777748400000,84.13,84.26,84.11,84.16,32937.56,2026-05-02 19:00:00
1777750200000,84.15,84.23,84.13,84.18,9054.14,2026-05-02 19:30:00
1777752000000,84.18,84.19,84.1,84.13,10243.8,2026-05-02 20:00:00
1777753800000,84.13,84.17,84.04,84.15,18957.47,2026-05-02 20:30:00
1777755600000,84.15,84.3,84.11,84.3,25646.27,2026-05-02 21:00:00
1777757400000,84.3,84.95,84.29,84.52,346217.57,2026-05-02 21:30:00
1777759200000,84.51,84.61,84.02,84.19,128590.61,2026-05-02 22:00:00
1777761000000,84.2,84.52,84.15,84.41,69636.56,2026-05-02 22:30:00
1777762800000,84.41,84.44,84.26,84.44,48495.53,2026-05-02 23:00:00
1777764600000,84.44,84.47,84.18,84.24,131309.45,2026-05-02 23:30:00
1777766400000,84.24,84.28,83.77,84.1,182741.2,2026-05-03 00:00:00
1777768200000,84.09,84.17,83.9,84.05,62618.63,2026-05-03 00:30:00
1777770000000,84.04,84.05,83.74,83.84,55249.92,2026-05-03 01:00:00
1777771800000,83.84,83.84,83.69,83.71,64142.92,2026-05-03 01:30:00
1777773600000,83.7,83.77,83.56,83.56,107957.49,2026-05-03 02:00:00
1777775400000,83.57,83.68,83.56,83.64,56727.43,2026-05-03 02:30:00
1777777200000,83.63,83.64,83.53,83.57,56208.43,2026-05-03 03:00:00
1777779000000,83.57,83.69,83.54,83.61,44583.88,2026-05-03 03:30:00
1777780800000,83.6,83.65,83.52,83.63,68528.32,2026-05-03 04:00:00
1777782600000,83.62,83.69,83.61,83.63,50076.7,2026-05-03 04:30:00
1777784400000,83.63,83.79,83.63,83.72,73343.1,2026-05-03 05:00:00
1777786200000,83.71,83.74,83.61,83.69,38227.27,2026-05-03 05:30:00
1777788000000,83.69,83.69,83.53,83.56,41715.19,2026-05-03 06:00:00
1777789800000,83.56,83.83,83.56,83.68,68586.02,2026-05-03 06:30:00
1777791600000,83.69,83.94,83.68,83.87,91106.49,2026-05-03 07:00:00
1777793400000,83.88,83.96,83.78,83.81,43370.85,2026-05-03 07:30:00
1777795200000,83.82,83.97,83.79,83.81,43586.02,2026-05-03 08:00:00
1777797000000,83.82,83.91,83.76,83.83,38066.75,2026-05-03 08:30:00
1777798800000,83.84,84.0,83.82,83.96,50283.68,2026-05-03 09:00:00
1777800600000,83.96,84.06,83.85,84.0,88917.68,2026-05-03 09:30:00
1777802400000,84.0,84.01,83.86,83.89,36201.33,2026-05-03 10:00:00
1777804200000,83.9,83.99,83.75,83.76,52969.95,2026-05-03 10:30:00
1777806000000,83.76,83.92,83.68,83.81,64375.09,2026-05-03 11:00:00
1777807800000,83.81,84.14,83.81,83.89,113977.27,2026-05-03 11:30:00
1777809600000,83.9,84.2,83.9,84.07,73522.63,2026-05-03 12:00:00
1777811400000,84.07,84.12,84.01,84.04,28932.97,2026-05-03 12:30:00
1777813200000,84.05,84.16,83.97,84.04,52451.22,2026-05-03 13:00:00
1777815000000,84.04,84.1,83.93,84.04,64368.05,2026-05-03 13:30:00
1777816800000,84.04,84.27,84.03,84.21,54934.17,2026-05-03 14:00:00
1777818600000,84.21,84.4,84.19,84.31,80204.59,2026-05-03 14:30:00
1777820400000,84.3,84.38,84.19,84.29,94728.01,2026-05-03 15:00:00
1777822200000,84.29,84.35,84.05,84.11,54754.3,2026-05-03 15:30:00
1777824000000,84.11,84.17,83.94,84.09,72534.3,2026-05-03 16:00:00
1777825800000,84.09,84.25,84.07,84.08,33853.29,2026-05-03 16:30:00
1777827600000,84.09,84.26,83.94,84.17,70428.3,2026-05-03 17:00:00
1777829400000,84.18,84.28,84.13,84.15,16512.06,2026-05-03 17:30:00
1777831200000,84.15,84.22,84.05,84.16,20047.92,2026-05-03 18:00:00
1777833000000,84.17,84.29,84.09,84.23,40575.8,2026-05-03 18:30:00
1777834800000,84.23,84.3,84.21,84.26,20235.13,2026-05-03 19:00:00
1777836600000,84.25,84.47,84.25,84.32,39438.45,2026-05-03 19:30:00
1777838400000,84.33,84.54,84.29,84.46,52782.83,2026-05-03 20:00:00
1777840200000,84.47,84.7,84.21,84.29,120021.9,2026-05-03 20:30:00
1777842000000,84.29,84.41,84.21,84.28,73610.85,2026-05-03 21:00:00
1777843800000,84.28,84.35,83.79,84.1,122969.21,2026-05-03 21:30:00
1777845600000,84.1,84.96,84.1,84.55,268267.92,2026-05-03 22:00:00
1777847400000,84.54,84.82,84.42,84.64,77154.07,2026-05-03 22:30:00
1777849200000,84.64,84.75,83.93,84.03,188783.86,2026-05-03 23:00:00
1777851000000,84.02,84.13,83.82,83.87,125960.52,2026-05-03 23:30:00
1777852800000,83.87,83.88,83.3,83.39,353859.86,2026-05-04 00:00:00
1777854600000,83.39,83.8,83.33,83.75,192900.7,2026-05-04 00:30:00
1777856400000,83.75,83.85,83.37,83.52,192861.15,2026-05-04 01:00:00
1777858200000,83.53,84.88,83.51,84.73,528654.98,2026-05-04 01:30:00
1777860000000,84.73,85.24,84.68,85.0,662944.82,2026-05-04 02:00:00
1777861800000,85.0,85.58,85.0,85.2,390048.5,2026-05-04 02:30:00
1777863600000,85.21,85.54,85.15,85.26,185683.54,2026-05-04 03:00:00
1777865400000,85.27,85.38,85.06,85.37,103202.21,2026-05-04 03:30:00
1777867200000,85.38,85.77,85.34,85.64,219118.05,2026-05-04 04:00:00
1777869000000,85.64,85.87,85.64,85.72,269412.54,2026-05-04 04:30:00
1777870800000,85.72,85.76,85.33,85.36,222832.97,2026-05-04 05:00:00
1777872600000,85.35,85.46,85.29,85.34,92582.53,2026-05-04 05:30:00
1777874400000,85.33,85.37,84.44,84.75,349740.41,2026-05-04 06:00:00
1777876200000,84.76,84.96,84.49,84.82,301747.47,2026-05-04 06:30:00
1777878000000,84.82,84.96,84.7,84.8,84057.5,2026-05-04 07:00:00
1777879800000,84.79,84.94,84.62,84.82,70101.96,2026-05-04 07:30:00
1777881600000,84.81,84.81,84.56,84.75,85265.04,2026-05-04 08:00:00
1777883400000,84.75,84.84,84.64,84.7,50957.32,2026-05-04 08:30:00
1777885200000,84.71,84.87,84.62,84.76,76039.51,2026-05-04 09:00:00
1777887000000,84.76,85.18,84.73,84.99,153475.89,2026-05-04 09:30:00
1777888800000,84.99,85.02,83.19,83.48,1117896.62,2026-05-04 10:00:00
1777890600000,83.48,84.15,83.34,83.97,516064.56,2026-05-04 10:30:00
1777892400000,83.97,84.08,83.82,83.84,124288.43,2026-05-04 11:00:00
1777894200000,83.84,84.01,83.77,83.89,97873.77,2026-05-04 11:30:00
1777896000000,83.89,84.1,83.79,84.01,93656.27,2026-05-04 12:00:00
1777897800000,84.01,84.04,83.83,83.84,47498.14,2026-05-04 12:30:00
1777899600000,83.84,84.16,83.54,84.08,179775.25,2026-05-04 13:00:00
1777901400000,84.08,84.29,83.85,83.94,124395.2,2026-05-04 13:30:00
1777903200000,83.94,84.66,83.72,84.39,245099.59,2026-05-04 14:00:00
1777905000000,84.4,85.29,84.38,84.94,433743.33,2026-05-04 14:30:00
1777906800000,84.95,85.14,83.86,84.42,632500.13,2026-05-04 15:00:00
1777908600000,84.43,84.59,84.03,84.43,196249.65,2026-05-04 15:30:00
1777910400000,84.44,84.77,83.92,84.52,381897.22,2026-05-04 16:00:00
1777912200000,84.51,84.68,84.38,84.46,105238.37,2026-05-04 16:30:00
1777914000000,84.45,84.97,84.44,84.87,135325.35,2026-05-04 17:00:00
1777915800000,84.86,85.19,84.64,84.91,131783.19,2026-05-04 17:30:00
1777917600000,84.91,85.02,84.69,84.78,117899.45,2026-05-04 18:00:00
1777919400000,84.79,84.82,84.54,84.71,86639.42,2026-05-04 18:30:00
1777921200000,84.72,84.74,84.36,84.44,79587.42,2026-05-04 19:00:00
1777923000000,84.45,84.47,84.33,84.41,47880.36,2026-05-04 19:30:00
1777924800000,84.42,84.43,84.07,84.2,68090.57,2026-05-04 20:00:00
1777926600000,84.19,84.2,84.0,84.03,83533.08,2026-05-04 20:30:00
1777928400000,84.02,84.33,84.02,84.29,54461.09,2026-05-04 21:00:00
1777930200000,84.28,84.46,84.28,84.37,32042.86,2026-05-04 21:30:00
1777932000000,84.37,84.51,84.24,84.28,69147.71,2026-05-04 22:00:00
1777933800000,84.29,84.29,84.11,84.15,44637.99,2026-05-04 22:30:00
1777935600000,84.16,84.17,83.99,84.16,58511.81,2026-05-04 23:00:00
1777937400000,84.15,84.15,83.95,84.03,47942.76,2026-05-04 23:30:00
1777939200000,84.03,84.15,83.97,83.99,70656.11,2026-05-05 00:00:00
1777941000000,83.99,84.3,83.98,84.26,58870.35,2026-05-05 00:30:00
1777942800000,84.25,84.36,84.08,84.29,106402.42,2026-05-05 01:00:00
1777944600000,84.29,84.43,84.14,84.37,47134.56,2026-05-05 01:30:00
1777946400000,84.36,84.64,84.3,84.49,90709.74,2026-05-05 02:00:00
1777948200000,84.49,84.77,84.38,84.47,96313.35,2026-05-05 02:30:00
1777950000000,84.47,84.72,84.36,84.68,75369.86,2026-05-05 03:00:00
1777951800000,84.67,84.94,84.62,84.73,114088.46,2026-05-05 03:30:00
1777953600000,84.73,84.86,84.56,84.64,206863.67,2026-05-05 04:00:00
1777955400000,84.65,84.85,84.56,84.75,68071.5,2026-05-05 04:30:00
1777957200000,84.74,84.99,84.68,84.91,95852.84,2026-05-05 05:00:00
1777959000000,84.92,85.13,84.81,84.89,198355.46,2026-05-05 05:30:00
1777960800000,84.9,84.95,84.54,84.6,82405.13,2026-05-05 06:00:00
1777962600000,84.59,84.97,84.51,84.95,176736.23,2026-05-05 06:30:00
1777964400000,84.95,85.0,84.74,84.91,176502.52,2026-05-05 07:00:00
1777966200000,84.91,85.04,84.8,84.83,75257.09,2026-05-05 07:30:00
1777968000000,84.84,84.87,84.7,84.76,56604.98,2026-05-05 08:00:00
1777969800000,84.76,84.82,84.65,84.75,51779.01,2026-05-05 08:30:00
1777971600000,84.75,84.76,84.46,84.53,89211.31,2026-05-05 09:00:00
1777973400000,84.54,84.62,84.41,84.5,61559.97,2026-05-05 09:30:00
1777975200000,84.5,84.79,84.4,84.74,89226.32,2026-05-05 10:00:00
1777977000000,84.75,84.9,84.72,84.87,75966.2,2026-05-05 10:30:00
1777978800000,84.86,84.89,84.66,84.81,73415.37,2026-05-05 11:00:00
1777980600000,84.81,84.96,84.77,84.94,68242.19,2026-05-05 11:30:00
1777982400000,84.93,85.22,84.86,85.18,137779.32,2026-05-05 12:00:00
1777984200000,85.18,85.33,85.1,85.27,185838.19,2026-05-05 12:30:00
1777986000000,85.27,86.06,85.27,85.67,508781.51,2026-05-05 13:00:00
1777987800000,85.67,85.94,85.36,85.59,254868.26,2026-05-05 13:30:00
1777989600000,85.59,85.73,85.14,85.55,496502.8,2026-05-05 14:00:00
1777991400000,85.54,85.69,85.15,85.44,152366.23,2026-05-05 14:30:00
1777993200000,85.45,85.86,85.31,85.66,228109.61,2026-05-05 15:00:00
1777995000000,85.67,85.76,85.44,85.47,104041.92,2026-05-05 15:30:00
1777996800000,85.48,85.66,85.32,85.42,96360.09,2026-05-05 16:00:00
1777998600000,85.43,85.43,85.0,85.28,185648.67,2026-05-05 16:30:00
1778000400000,85.28,85.51,85.08,85.39,88712.24,2026-05-05 17:00:00
1778002200000,85.38,85.48,85.29,85.44,52112.93,2026-05-05 17:30:00
1778004000000,85.44,85.8,85.4,85.67,132726.39,2026-05-05 18:00:00
1778005800000,85.67,85.86,85.57,85.85,76049.93,2026-05-05 18:30:00
1778007600000,85.85,86.37,85.79,86.22,217192.31,2026-05-05 19:00:00
1778009400000,86.22,86.54,86.15,86.47,184987.81,2026-05-05 19:30:00
1778011200000,86.47,86.74,86.37,86.59,240076.28,2026-05-05 20:00:00
1778013000000,86.58,86.89,86.54,86.61,134276.78,2026-05-05 20:30:00
1778014800000,86.61,86.92,86.41,86.55,177464.47,2026-05-05 21:00:00
1778016600000,86.55,86.7,86.21,86.69,141649.22,2026-05-05 21:30:00
1778018400000,86.7,86.96,86.52,86.77,98480.95,2026-05-05 22:00:00
1778020200000,86.78,86.79,86.16,86.53,229704.76,2026-05-05 22:30:00
1778022000000,86.53,86.64,86.27,86.28,67273.49,2026-05-05 23:00:00
1778023800000,86.27,86.4,86.12,86.24,143434.24,2026-05-05 23:30:00
1778025600000,86.24,86.46,86.06,86.12,165038.08,2026-05-06 00:00:00
1778027400000,86.12,86.51,86.08,86.34,120173.77,2026-05-06 00:30:00
1778029200000,86.34,86.83,86.26,86.71,149679.84,2026-05-06 01:00:00
1778031000000,86.72,87.0,86.71,86.81,129031.27,2026-05-06 01:30:00
1778032800000,86.81,86.84,86.53,86.54,144130.54,2026-05-06 02:00:00
1778034600000,86.54,86.88,86.34,86.85,92503.22,2026-05-06 02:30:00
1778036400000,86.86,87.42,86.83,87.17,274175.68,2026-05-06 03:00:00
1778038200000,87.18,87.43,87.16,87.29,135681.22,2026-05-06 03:30:00
1778040000000,87.29,87.41,87.0,87.0,119111.97,2026-05-06 04:00:00
1778041800000,87.01,87.02,86.63,86.76,165095.18,2026-05-06 04:30:00
1778043600000,86.76,87.03,86.71,87.0,78757.42,2026-05-06 05:00:00
1778045400000,87.0,87.42,86.87,87.35,280061.7,2026-05-06 05:30:00
1778047200000,87.35,87.53,87.12,87.21,137838.12,2026-05-06 06:00:00
1778049000000,87.21,87.49,87.13,87.44,96363.44,2026-05-06 06:30:00
1778050800000,87.45,87.88,87.41,87.72,225482.87,2026-05-06 07:00:00
1778052600000,87.72,87.8,87.54,87.66,116851.91,2026-05-06 07:30:00
1778054400000,87.65,87.96,87.6,87.84,203355.52,2026-05-06 08:00:00
1778056200000,87.84,89.19,87.83,88.99,639669.43,2026-05-06 08:30:00
1778058000000,88.98,89.05,88.55,88.79,316820.28,2026-05-06 09:00:00
1778059800000,88.79,89.62,88.74,89.44,446174.47,2026-05-06 09:30:00
1778061600000,89.43,89.66,89.17,89.47,236140.98,2026-05-06 10:00:00
1778063400000,89.47,89.65,89.31,89.33,157628.26,2026-05-06 10:30:00
1778065200000,89.33,90.04,89.27,89.56,295367.31,2026-05-06 11:00:00
1778067000000,89.57,89.82,89.42,89.81,178969.8,2026-05-06 11:30:00
1778068800000,89.82,89.92,89.45,89.58,205260.3,2026-05-06 12:00:00
1778070600000,89.58,89.87,89.49,89.6,157492.0,2026-05-06 12:30:00
1778072400000,89.61,89.61,88.31,88.48,648214.79,2026-05-06 13:00:00
1778074200000,88.47,88.77,88.02,88.28,414854.82,2026-05-06 13:30:00
1778076000000,88.28,88.43,87.42,88.15,668060.41,2026-05-06 14:00:00
1778077800000,88.14,88.79,88.13,88.34,212238.9,2026-05-06 14:30:00
1778079600000,88.34,88.92,88.26,88.69,179056.04,2026-05-06 15:00:00
1778081400000,88.7,89.01,88.49,88.91,136495.14,2026-05-06 15:30:00
1778083200000,88.9,89.14,88.59,88.65,172695.76,2026-05-06 16:00:00
1778085000000,88.66,89.46,88.53,89.11,171912.43,2026-05-06 16:30:00
1778086800000,89.12,89.38,88.85,88.98,126478.94,2026-05-06 17:00:00
1778088600000,88.98,89.03,88.54,88.78,180605.64,2026-05-06 17:30:00
1778090400000,88.78,88.91,88.44,88.8,123365.1,2026-05-06 18:00:00
1778092200000,88.8,89.1,88.55,88.93,115896.7,2026-05-06 18:30:00
1778094000000,88.92,89.23,88.86,89.02,56761.64,2026-05-06 19:00:00
1778095800000,89.02,89.27,88.84,89.21,57623.46,2026-05-06 19:30:00
1778097600000,89.21,89.59,89.16,89.37,116541.38,2026-05-06 20:00:00
1778099400000,89.36,89.42,88.87,89.13,125465.72,2026-05-06 20:30:00
1778101200000,89.14,89.4,89.01,89.37,98004.44,2026-05-06 21:00:00
1778103000000,89.36,89.54,89.28,89.44,62169.81,2026-05-06 21:30:00
1778104800000,89.44,89.51,89.02,89.03,99026.12,2026-05-06 22:00:00
1778106600000,89.04,89.2,88.97,89.02,51571.49,2026-05-06 22:30:00
1778108400000,89.03,89.12,88.61,89.1,131139.57,2026-05-06 23:00:00
1778110200000,89.11,89.14,88.95,89.11,45782.34,2026-05-06 23:30:00
1778112000000,89.12,89.22,88.6,88.61,138410.57,2026-05-07 00:00:00
1778113800000,88.6,88.64,88.15,88.28,289563.71,2026-05-07 00:30:00
1778115600000,88.28,88.36,87.82,88.35,278660.13,2026-05-07 01:00:00
1778117400000,88.35,88.47,88.03,88.26,164627.37,2026-05-07 01:30:00
1778119200000,88.27,88.34,87.83,87.88,166747.88,2026-05-07 02:00:00
1778121000000,87.89,88.18,87.75,88.1,133288.83,2026-05-07 02:30:00
1778122800000,88.1,88.1,87.6,87.85,197764.66,2026-05-07 03:00:00
1778124600000,87.84,88.0,87.64,87.71,111559.88,2026-05-07 03:30:00
1778126400000,87.71,88.17,87.65,88.07,101322.87,2026-05-07 04:00:00
1778128200000,88.08,88.33,87.94,88.32,128738.09,2026-05-07 04:30:00
1778130000000,88.32,88.87,88.3,88.55,230591.96,2026-05-07 05:00:00
1778131800000,88.56,88.64,88.31,88.62,171158.58,2026-05-07 05:30:00
1778133600000,88.62,88.64,88.18,88.44,184843.75,2026-05-07 06:00:00
1778135400000,88.45,89.25,88.44,89.22,303980.2,2026-05-07 06:30:00
1778137200000,89.23,89.59,89.08,89.56,245902.12,2026-05-07 07:00:00
1778139000000,89.57,90.39,89.56,90.12,530140.8,2026-05-07 07:30:00
1778140800000,90.12,90.22,89.59,89.79,254943.96,2026-05-07 08:00:00
1778142600000,89.79,89.94,89.45,89.55,186497.2,2026-05-07 08:30:00
1778144400000,89.55,89.55,89.15,89.24,169177.8,2026-05-07 09:00:00
1778146200000,89.23,89.52,89.2,89.41,183401.05,2026-05-07 09:30:00
1778148000000,89.42,89.49,88.71,88.75,195519.25,2026-05-07 10:00:00
1778149800000,88.75,89.18,88.72,89.11,131096.59,2026-05-07 10:30:00
1778151600000,89.12,89.65,89.12,89.37,231984.01,2026-05-07 11:00:00
1778153400000,89.38,89.59,89.22,89.5,103596.14,2026-05-07 11:30:00
1778155200000,89.51,90.04,89.46,89.86,234653.75,2026-05-07 12:00:00
1778157000000,89.86,89.94,89.59,89.7,87970.5,2026-05-07 12:30:00
1778158800000,89.7,89.7,88.95,89.19,291760.3,2026-05-07 13:00:00
1778160600000,89.19,89.2,88.31,88.6,411596.99,2026-05-07 13:30:00
1778162400000,88.6,88.86,88.37,88.44,251169.13,2026-05-07 14:00:00
1778164200000,88.44,88.5,87.78,88.11,567479.92,2026-05-07 14:30:00
1778166000000,88.11,88.47,87.74,88.01,310580.3,2026-05-07 15:00:00
1778167800000,88.02,88.53,87.96,88.26,181596.05,2026-05-07 15:30:00
1778169600000,88.26,88.7,88.04,88.64,288779.29,2026-05-07 16:00:00
1778171400000,88.65,88.74,88.25,88.39,139368.73,2026-05-07 16:30:00
1778173200000,88.39,88.58,87.9,88.11,192747.1,2026-05-07 17:00:00
1778175000000,88.12,88.82,88.08,88.75,158804.46,2026-05-07 17:30:00
1778176800000,88.76,88.94,88.65,88.81,93826.92,2026-05-07 18:00:00
1778178600000,88.82,89.04,88.18,88.54,213359.14,2026-05-07 18:30:00
1778180400000,88.53,88.57,88.16,88.24,81848.01,2026-05-07 19:00:00
1778182200000,88.25,88.69,88.24,88.4,101560.41,2026-05-07 19:30:00
1778184000000,88.4,88.82,88.32,88.52,82713.5,2026-05-07 20:00:00
1778185800000,88.52,88.52,87.99,88.01,113360.78,2026-05-07 20:30:00
1778187600000,88.01,88.12,87.61,88.11,203771.92,2026-05-07 21:00:00
1778189400000,88.11,88.18,87.91,87.93,63455.55,2026-05-07 21:30:00
1778191200000,87.93,88.18,87.64,87.97,152866.09,2026-05-07 22:00:00
1778193000000,87.98,88.13,87.76,88.04,96423.07,2026-05-07 22:30:00
1778194800000,88.05,88.32,88.01,88.2,72552.66,2026-05-07 23:00:00
1778196600000,88.21,88.45,88.15,88.39,56006.04,2026-05-07 23:30:00
1778198400000,88.4,88.61,88.33,88.38,125146.43,2026-05-08 00:00:00
1778200200000,88.38,88.42,88.06,88.23,134044.49,2026-05-08 00:30:00
1778202000000,88.23,88.33,87.87,88.15,75073.25,2026-05-08 01:00:00
1778203800000,88.16,88.25,88.09,88.09,39725.83,2026-05-08 01:30:00
1778205600000,88.1,88.13,87.56,87.87,270599.52,2026-05-08 02:00:00
1778207400000,87.86,88.31,87.82,88.02,115407.6,2026-05-08 02:30:00
1778209200000,88.02,88.23,87.57,88.15,127044.41,2026-05-08 03:00:00
1778211000000,88.15,88.33,88.13,88.18,72959.23,2026-05-08 03:30:00
1778212800000,88.17,88.33,88.16,88.28,54282.49,2026-05-08 04:00:00
1778214600000,88.28,88.28,87.96,88.12,123634.1,2026-05-08 04:30:00
1778216400000,88.12,88.32,88.03,88.22,70216.83,2026-05-08 05:00:00
1778218200000,88.22,88.37,87.99,87.99,73724.36,2026-05-08 05:30:00
1778220000000,87.99,88.24,87.77,87.99,229099.05,2026-05-08 06:00:00
1778221800000,88.0,88.07,87.76,88.0,117146.61,2026-05-08 06:30:00
1778223600000,87.99,87.99,87.59,87.78,199384.08,2026-05-08 07:00:00
1778225400000,87.78,88.19,87.76,88.18,126083.02,2026-05-08 07:30:00
1778227200000,88.18,88.3,87.96,88.18,338190.58,2026-05-08 08:00:00
1778229000000,88.18,88.58,88.12,88.32,250610.6,2026-05-08 08:30:00
1778230800000,88.32,88.7,88.16,88.51,174624.26,2026-05-08 09:00:00
1778232600000,88.51,88.58,88.25,88.37,111655.45,2026-05-08 09:30:00
1778234400000,88.37,88.54,88.22,88.4,66702.49,2026-05-08 10:00:00
1778236200000,88.41,88.72,88.4,88.57,136302.15,2026-05-08 10:30:00
1778238000000,88.58,88.68,88.42,88.59,121188.67,2026-05-08 11:00:00
1778239800000,88.59,88.64,88.44,88.59,64882.47,2026-05-08 11:30:00
1778241600000,88.6,88.69,88.44,88.65,81207.86,2026-05-08 12:00:00
1778243400000,88.65,88.82,88.3,88.4,177643.51,2026-05-08 12:30:00
1778245200000,88.4,88.53,88.1,88.25,182163.5,2026-05-08 13:00:00
1778247000000,88.25,88.47,87.95,88.27,149937.74,2026-05-08 13:30:00
1778248800000,88.28,89.36,88.28,89.0,431856.5,2026-05-08 14:00:00
1778250600000,89.0,89.19,88.56,89.1,287824.71,2026-05-08 14:30:00
1778252400000,89.1,89.24,88.36,88.54,269451.34,2026-05-08 15:00:00
1778254200000,88.53,89.56,88.4,89.55,252357.39,2026-05-08 15:30:00
1778256000000,89.55,89.74,89.3,89.54,226401.51,2026-05-08 16:00:00
1778257800000,89.54,89.72,89.4,89.54,197801.24,2026-05-08 16:30:00
1778259600000,89.53,90.32,89.52,90.28,327880.12,2026-05-08 17:00:00
1778261400000,90.27,91.94,90.27,91.62,1328686.07,2026-05-08 17:30:00
1778263200000,91.63,92.36,91.6,92.25,457419.3,2026-05-08 18:00:00
1778265000000,92.24,92.53,92.21,92.27,367798.53,2026-05-08 18:30:00
1778266800000,92.28,92.73,92.0,92.7,372873.65,2026-05-08 19:00:00
1778268600000,92.69,92.76,92.36,92.55,246237.47,2026-05-08 19:30:00
1778270400000,92.55,92.61,92.16,92.44,202711.78,2026-05-08 20:00:00
1778272200000,92.44,92.45,91.97,92.06,137119.53,2026-05-08 20:30:00
1778274000000,92.05,92.19,91.68,91.88,169882.83,2026-05-08 21:00:00
1778275800000,91.88,92.35,91.88,92.25,123874.62,2026-05-08 21:30:00
1778277600000,92.25,92.66,92.22,92.37,115391.97,2026-05-08 22:00:00
1778279400000,92.38,92.44,92.2,92.25,55098.32,2026-05-08 22:30:00
1778281200000,92.25,92.25,91.88,91.9,95032.29,2026-05-08 23:00:00
1778283000000,91.89,91.98,91.7,91.96,147297.75,2026-05-08 23:30:00
1778284800000,91.96,92.36,91.8,92.31,134649.39,2026-05-09 00:00:00
1778286600000,92.32,92.56,92.27,92.42,146086.97,2026-05-09 00:30:00
1778288400000,92.42,92.66,92.37,92.41,92059.35,2026-05-09 01:00:00
1778290200000,92.42,93.8,92.41,93.42,737107.7,2026-05-09 01:30:00
1778292000000,93.43,93.74,93.18,93.38,229650.05,2026-05-09 02:00:00
1778293800000,93.37,93.58,93.24,93.44,121493.86,2026-05-09 02:30:00
1778295600000,93.43,93.69,93.34,93.59,117186.79,2026-05-09 03:00:00
1778297400000,93.59,93.65,93.34,93.57,118125.97,2026-05-09 03:30:00
1778299200000,93.57,94.12,93.45,93.57,303290.93,2026-05-09 04:00:00
1778301000000,93.56,93.67,93.04,93.16,244978.99,2026-05-09 04:30:00
1778302800000,93.16,93.48,92.77,93.44,339717.98,2026-05-09 05:00:00
1778304600000,93.44,93.74,93.39,93.68,137658.07,2026-05-09 05:30:00
1778306400000,93.69,94.07,93.44,93.49,290770.15,2026-05-09 06:00:00
1778308200000,93.5,93.57,93.15,93.47,225162.48,2026-05-09 06:30:00
1778310000000,93.47,93.75,93.29,93.61,128047.88,2026-05-09 07:00:00
1778311800000,93.62,93.95,93.58,93.68,197269.73,2026-05-09 07:30:00
1778313600000,93.68,93.84,93.6,93.78,122258.17,2026-05-09 08:00:00
1778315400000,93.79,93.89,93.62,93.63,71461.26,2026-05-09 08:30:00
1778317200000,93.64,93.64,92.99,93.39,261753.01,2026-05-09 09:00:00
1778319000000,93.38,93.4,93.12,93.24,117689.35,2026-05-09 09:30:00
1778320800000,93.24,93.46,93.05,93.3,135397.5,2026-05-09 10:00:00
1778322600000,93.3,93.54,93.28,93.33,67705.53,2026-05-09 10:30:00
1778324400000,93.33,93.62,93.27,93.61,62297.34,2026-05-09 11:00:00
1778326200000,93.6,93.63,93.47,93.55,61624.24,2026-05-09 11:30:00
1778328000000,93.55,93.68,93.31,93.55,67917.71,2026-05-09 12:00:00
1778329800000,93.54,93.54,93.2,93.38,84785.23,2026-05-09 12:30:00
1778331600000,93.38,93.41,93.05,93.18,88017.05,2026-05-09 13:00:00
1778333400000,93.18,93.41,92.95,93.41,131805.85,2026-05-09 13:30:00
1778335200000,93.4,93.41,92.86,92.97,151360.25,2026-05-09 14:00:00
1778337000000,92.97,93.08,92.73,92.82,218319.6,2026-05-09 14:30:00
1778338800000,92.82,92.92,92.33,92.79,286883.58,2026-05-09 15:00:00
1778340600000,92.79,92.96,92.65,92.95,176239.72,2026-05-09 15:30:00
1778342400000,92.95,93.26,92.79,92.88,323214.39,2026-05-09 16:00:00
1778344200000,92.88,92.9,92.63,92.72,171542.59,2026-05-09 16:30:00
1778346000000,92.72,93.19,92.72,93.17,142705.62,2026-05-09 17:00:00
1778347800000,93.17,93.48,93.07,93.16,146847.33,2026-05-09 17:30:00
1778349600000,93.16,93.6,93.1,93.51,101321.97,2026-05-09 18:00:00
1778351400000,93.52,93.55,93.23,93.32,60094.97,2026-05-09 18:30:00
1778353200000,93.32,93.37,93.17,93.3,41505.03,2026-05-09 19:00:00
1778355000000,93.29,93.53,93.26,93.46,62389.01,2026-05-09 19:30:00
1778356800000,93.46,93.47,93.16,93.23,32865.04,2026-05-09 20:00:00
1778358600000,93.24,93.25,93.09,93.2,28681.8,2026-05-09 20:30:00
1778360400000,93.2,93.39,93.19,93.31,38653.1,2026-05-09 21:00:00
1778362200000,93.3,93.49,93.23,93.42,29037.57,2026-05-09 21:30:00
1778364000000,93.43,93.46,93.24,93.34,36512.26,2026-05-09 22:00:00
1778365800000,93.33,93.44,93.15,93.27,26570.7,2026-05-09 22:30:00
1778367600000,93.27,93.43,93.08,93.1,45531.27,2026-05-09 23:00:00
1778369400000,93.1,93.15,93.0,93.06,82914.89,2026-05-09 23:30:00
1778371200000,93.06,93.29,92.86,93.13,104172.04,2026-05-10 00:00:00
1778373000000,93.12,93.12,92.89,92.97,82308.53,2026-05-10 00:30:00
1778374800000,92.98,92.98,92.53,92.57,140221.42,2026-05-10 01:00:00
1778376600000,92.58,92.94,92.57,92.91,93537.61,2026-05-10 01:30:00
1778378400000,92.9,93.06,92.75,93.01,82488.73,2026-05-10 02:00:00
1778380200000,93.0,93.04,92.77,92.99,151362.64,2026-05-10 02:30:00
1778382000000,93.0,93.2,92.96,93.09,140895.96,2026-05-10 03:00:00
1778383800000,93.09,93.44,92.99,93.34,117656.65,2026-05-10 03:30:00
1778385600000,93.35,93.42,93.14,93.27,111150.25,2026-05-10 04:00:00
1778387400000,93.28,93.48,93.24,93.29,73398.31,2026-05-10 04:30:00
1778389200000,93.28,93.44,93.18,93.38,41203.83,2026-05-10 05:00:00
1778391000000,93.38,93.44,93.25,93.26,46547.81,2026-05-10 05:30:00
1778392800000,93.27,93.38,93.19,93.22,41058.88,2026-05-10 06:00:00
1778394600000,93.22,93.42,93.21,93.35,72967.06,2026-05-10 06:30:00
1778396400000,93.36,93.59,93.32,93.49,100344.38,2026-05-10 07:00:00
1778398200000,93.48,93.57,93.38,93.39,59797.06,2026-05-10 07:30:00
1778400000000,93.39,94.03,93.35,93.84,314500.68,2026-05-10 08:00:00
1778401800000,93.85,94.0,93.78,93.99,166909.45,2026-05-10 08:30:00
1778403600000,93.99,94.82,93.99,94.46,611775.1,2026-05-10 09:00:00
1778405400000,94.46,94.58,94.17,94.26,219375.82,2026-05-10 09:30:00
1778407200000,94.26,94.33,93.56,93.78,436927.37,2026-05-10 10:00:00
1778409000000,93.79,93.88,93.59,93.79,146731.11,2026-05-10 10:30:00
1778410800000,93.8,93.96,92.85,93.26,441699.06,2026-05-10 11:00:00
1778412600000,93.26,93.56,93.17,93.49,204417.1,2026-05-10 11:30:00
1778414400000,93.5,93.58,93.24,93.34,106228.27,2026-05-10 12:00:00
1778416200000,93.34,93.41,93.15,93.25,111158.97,2026-05-10 12:30:00
1778418000000,93.26,93.73,93.18,93.62,216172.69,2026-05-10 13:00:00
1778419800000,93.61,93.94,93.54,93.72,158326.11,2026-05-10 13:30:00
1778421600000,93.71,93.93,93.65,93.69,109540.52,2026-05-10 14:00:00
1778423400000,93.69,94.09,93.62,93.84,189830.78,2026-05-10 14:30:00
1778425200000,93.83,94.36,93.83,94.29,275420.84,2026-05-10 15:00:00
1778427000000,94.3,94.68,94.3,94.48,410950.23,2026-05-10 15:30:00
1778428800000,94.48,94.6,94.08,94.31,395367.79,2026-05-10 16:00:00
1778430600000,94.31,94.95,94.26,94.75,306760.54,2026-05-10 16:30:00
1778432400000,94.75,95.91,94.75,95.86,845612.56,2026-05-10 17:00:00
1778434200000,95.86,96.47,95.58,96.44,570635.12,2026-05-10 17:30:00
1778436000000,96.44,96.82,96.06,96.57,444430.07,2026-05-10 18:00:00
1778437800000,96.57,96.85,96.35,96.37,261964.58,2026-05-10 18:30:00
1778439600000,96.38,96.83,95.68,96.75,356783.57,2026-05-10 19:00:00
1778441400000,96.75,96.82,96.19,96.43,181099.15,2026-05-10 19:30:00
1778443200000,96.43,96.56,95.47,95.76,295665.07,2026-05-10 20:00:00
1778445000000,95.75,95.76,93.36,94.46,981450.44,2026-05-10 20:30:00
1778446800000,94.45,95.28,94.4,95.26,382880.06,2026-05-10 21:00:00
1778448600000,95.26,95.54,94.96,95.01,219422.81,2026-05-10 21:30:00
1778450400000,95.0,96.05,94.82,95.7,421791.11,2026-05-10 22:00:00
1778452200000,95.71,96.32,95.49,96.18,340701.07,2026-05-10 22:30:00
1778454000000,96.18,96.6,95.92,96.28,255076.88,2026-05-10 23:00:00
1778455800000,96.29,96.92,96.2,96.43,286041.61,2026-05-10 23:30:00
1778457600000,96.42,96.6,95.86,96.08,300804.7,2026-05-11 00:00:00
1778459400000,96.09,96.64,95.3,95.75,297765.28,2026-05-11 00:30:00
1778461200000,95.75,96.36,95.29,96.06,201358.7,2026-05-11 01:00:00
1778463000000,96.06,96.27,95.75,96.02,184991.54,2026-05-11 01:30:00
1778464800000,96.02,96.09,95.36,95.53,176001.15,2026-05-11 02:00:00
1778466600000,95.52,95.58,95.11,95.28,237247.99,2026-05-11 02:30:00
1778468400000,95.28,95.32,94.63,94.7,354849.94,2026-05-11 03:00:00
1778470200000,94.69,94.92,94.43,94.73,206407.73,2026-05-11 03:30:00
1778472000000,94.72,94.85,94.39,94.79,165582.46,2026-05-11 04:00:00
1778473800000,94.79,95.15,94.79,94.91,129419.55,2026-05-11 04:30:00
1778475600000,94.91,95.55,94.89,95.54,230019.43,2026-05-11 05:00:00
1778477400000,95.54,95.84,95.42,95.66,195158.17,2026-05-11 05:30:00
1778479200000,95.66,96.13,95.6,95.93,197850.92,2026-05-11 06:00:00
1778481000000,95.92,95.97,95.37,95.45,151559.81,2026-05-11 06:30:00
1778482800000,95.45,95.53,95.19,95.27,129635.01,2026-05-11 07:00:00
1778484600000,95.27,95.5,95.11,95.29,169075.52,2026-05-11 07:30:00
1778486400000,95.29,95.33,94.57,94.57,313731.96,2026-05-11 08:00:00
1778488200000,94.58,94.96,94.53,94.74,162431.0,2026-05-11 08:30:00
1778490000000,94.73,95.24,94.71,95.19,117967.23,2026-05-11 09:00:00
1778491800000,95.2,95.31,95.01,95.24,66902.85,2026-05-11 09:30:00
1778493600000,95.24,95.53,95.12,95.45,152280.35,2026-05-11 10:00:00
1778495400000,95.45,95.53,95.0,95.02,106278.89,2026-05-11 10:30:00
1778497200000,95.02,95.26,94.86,95.14,112634.46,2026-05-11 11:00:00
1778499000000,95.14,95.46,94.97,95.21,92540.95,2026-05-11 11:30:00
1778500800000,95.22,95.35,94.63,95.15,230571.9,2026-05-11 12:00:00
1778502600000,95.14,95.23,94.64,94.76,152575.17,2026-05-11 12:30:00
1778504400000,94.76,95.33,94.72,95.09,138411.37,2026-05-11 13:00:00
1778506200000,95.1,95.43,94.46,95.16,455113.82,2026-05-11 13:30:00
1778508000000,95.17,95.83,94.69,94.69,370525.28,2026-05-11 14:00:00
1778509800000,94.7,95.15,94.23,95.1,648344.21,2026-05-11 14:30:00
1778511600000,95.11,96.44,94.82,96.17,469362.39,2026-05-11 15:00:00
1778513400000,96.17,96.76,95.81,96.75,421883.14,2026-05-11 15:30:00
1778515200000,96.74,97.95,96.44,97.38,974878.63,2026-05-11 16:00:00
1778517000000,97.37,97.8,96.95,97.28,403293.2,2026-05-11 16:30:00
1778518800000,97.29,97.45,96.82,97.18,282039.98,2026-05-11 17:00:00
1778520600000,97.17,97.91,96.93,97.71,266294.87,2026-05-11 17:30:00
1778522400000,97.71,98.04,97.22,97.5,294378.73,2026-05-11 18:00:00
1778524200000,97.5,97.72,97.2,97.23,189070.03,2026-05-11 18:30:00
1778526000000,97.23,97.8,96.96,97.65,175511.8,2026-05-11 19:00:00
1778527800000,97.65,98.36,97.63,98.12,223871.07,2026-05-11 19:30:00
1778529600000,98.12,98.32,97.7,97.74,217398.75,2026-05-11 20:00:00
1778531400000,97.75,97.96,97.53,97.57,84237.36,2026-05-11 20:30:00
1778533200000,97.56,97.7,97.35,97.49,77225.44,2026-05-11 21:00:00
1778535000000,97.49,97.74,97.25,97.33,80922.22,2026-05-11 21:30:00
1778536800000,97.33,97.72,97.3,97.4,90397.25,2026-05-11 22:00:00
1778538600000,97.4,97.78,97.36,97.59,63634.53,2026-05-11 22:30:00
1778540400000,97.58,97.6,97.04,97.11,149365.24,2026-05-11 23:00:00
1778542200000,97.1,97.45,97.07,97.3,58251.33,2026-05-11 23:30:00
1778544000000,97.3,97.43,97.11,97.38,123903.92,2026-05-12 00:00:00
1778545800000,97.39,97.61,97.29,97.45,86298.57,2026-05-12 00:30:00
1778547600000,97.45,97.6,96.53,96.78,341392.11,2026-05-12 01:00:00
1778549400000,96.77,96.77,95.45,96.22,746736.07,2026-05-12 01:30:00
1778551200000,96.21,96.66,96.09,96.53,171716.96,2026-05-12 02:00:00
1778553000000,96.53,96.61,96.21,96.5,120115.33,2026-05-12 02:30:00
1778554800000,96.5,96.59,96.04,96.15,107555.66,2026-05-12 03:00:00
1778556600000,96.15,96.33,95.99,96.09,88516.7,2026-05-12 03:30:00
1778558400000,96.09,96.32,96.01,96.22,88627.48,2026-05-12 04:00:00
1778560200000,96.23,96.47,96.22,96.31,70689.57,2026-05-12 04:30:00
1778562000000,96.3,96.66,96.11,96.57,130694.25,2026-05-12 05:00:00
1778563800000,96.57,96.72,96.42,96.5,64523.7,2026-05-12 05:30:00
1778565600000,96.51,96.94,96.42,96.67,86094.12,2026-05-12 06:00:00
1778567400000,96.68,96.72,96.1,96.14,142544.99,2026-05-12 06:30:00
1778569200000,96.13,96.27,95.73,96.0,192792.9,2026-05-12 07:00:00
1778571000000,96.01,96.25,95.79,95.99,145065.65,2026-05-12 07:30:00
1778572800000,95.98,96.1,95.35,95.59,403835.53,2026-05-12 08:00:00
1778574600000,95.59,95.87,95.51,95.61,216720.36,2026-05-12 08:30:00
1778576400000,95.6,95.69,95.25,95.48,194597.51,2026-05-12 09:00:00
1778578200000,95.47,96.03,95.47,95.75,222755.66,2026-05-12 09:30:00
1778580000000,95.74,95.94,95.09,95.4,308358.27,2026-05-12 10:00:00
1778581800000,95.4,95.43,94.88,94.97,320947.58,2026-05-12 10:30:00
1778583600000,94.98,95.0,94.55,94.71,329012.74,2026-05-12 11:00:00
1778585400000,94.71,94.97,94.7,94.94,144860.37,2026-05-12 11:30:00
1778587200000,94.94,95.17,94.68,94.84,214439.95,2026-05-12 12:00:00
1778589000000,94.83,95.54,94.32,95.16,603824.69,2026-05-12 12:30:00
1778590800000,95.17,95.35,94.74,94.94,154944.26,2026-05-12 13:00:00
1778592600000,94.94,95.34,94.48,94.65,295891.31,2026-05-12 13:30:00
1778594400000,94.65,95.18,94.54,94.74,168248.82,2026-05-12 14:00:00
1778596200000,94.73,95.1,94.34,94.51,317462.57,2026-05-12 14:30:00
1778598000000,94.51,94.75,93.57,93.81,615199.48,2026-05-12 15:00:00
1778599800000,93.81,94.24,93.77,93.82,287816.07,2026-05-12 15:30:00
1778601600000,93.82,94.29,93.6,94.12,203548.08,2026-05-12 16:00:00
1778603400000,94.13,94.19,93.55,93.8,224217.39,2026-05-12 16:30:00
1778605200000,93.8,94.58,93.78,94.42,208605.27,2026-05-12 17:00:00
1778607000000,94.42,94.65,94.41,94.48,126623.03,2026-05-12 17:30:00
1778608800000,94.48,94.56,94.32,94.39,89907.94,2026-05-12 18:00:00
1778610600000,94.39,94.75,94.38,94.51,86667.93,2026-05-12 18:30:00
1778612400000,94.51,94.96,94.51,94.53,123689.18,2026-05-12 19:00:00
1778614200000,94.53,94.92,94.52,94.89,88370.56,2026-05-12 19:30:00
1778616000000,94.88,94.94,94.75,94.9,62284.95,2026-05-12 20:00:00
1778617800000,94.9,94.9,94.57,94.71,54753.73,2026-05-12 20:30:00
1778619600000,94.71,94.82,94.64,94.7,35017.36,2026-05-12 21:00:00
1778621400000,94.7,94.74,94.44,94.63,57210.71,2026-05-12 21:30:00
1778623200000,94.63,94.99,94.63,94.69,72263.99,2026-05-12 22:00:00
1778625000000,94.7,94.78,94.59,94.62,24620.07,2026-05-12 22:30:00
1778626800000,94.62,94.71,94.42,94.62,44811.91,2026-05-12 23:00:00
1778628600000,94.63,94.63,94.18,94.24,105340.57,2026-05-12 23:30:00
1778630400000,94.24,94.51,93.99,94.32,149303.55,2026-05-13 00:00:00
1778632200000,94.32,94.59,94.29,94.43,67387.26,2026-05-13 00:30:00
1778634000000,94.43,95.34,94.42,95.21,230614.15,2026-05-13 01:00:00
1778635800000,95.22,95.4,95.04,95.13,169400.62,2026-05-13 01:30:00
1778637600000,95.12,95.54,94.96,95.26,103183.49,2026-05-13 02:00:00
1778639400000,95.26,95.3,95.08,95.18,48110.61,2026-05-13 02:30:00
1778641200000,95.17,95.23,95.01,95.21,40198.12,2026-05-13 03:00:00
1778643000000,95.21,95.5,95.17,95.5,96481.15,2026-05-13 03:30:00
1778644800000,95.5,95.8,95.42,95.67,137480.89,2026-05-13 04:00:00
1778646600000,95.67,95.93,95.37,95.43,190330.51,2026-05-13 04:30:00
1778648400000,95.42,95.45,95.02,95.37,226636.24,2026-05-13 05:00:00
1778650200000,95.37,95.38,95.08,95.2,85829.4,2026-05-13 05:30:00
1778652000000,95.2,95.67,95.08,95.22,227468.92,2026-05-13 06:00:00
1778653800000,95.21,95.26,95.05,95.05,59814.2,2026-05-13 06:30:00
1778655600000,95.05,95.25,94.81,94.91,104278.28,2026-05-13 07:00:00
1778657400000,94.91,95.18,94.81,95.07,89923.82,2026-05-13 07:30:00
1778659200000,95.08,95.23,95.04,95.09,94211.61,2026-05-13 08:00:00
1778661000000,95.1,95.71,94.94,95.51,169448.31,2026-05-13 08:30:00
1778662800000,95.51,95.81,95.5,95.67,141386.72,2026-05-13 09:00:00
1778664600000,95.67,95.83,95.59,95.65,91314.71,2026-05-13 09:30:00
1778666400000,95.66,95.72,95.07,95.07,117768.23,2026-05-13 10:00:00
1778668200000,95.08,95.14,94.66,94.72,198210.42,2026-05-13 10:30:00
1778670000000,94.72,94.78,94.19,94.33,310161.66,2026-05-13 11:00:00
1778671800000,94.32,94.61,94.21,94.28,133192.25,2026-05-13 11:30:00
1778673600000,94.27,94.59,93.9,94.13,198427.6,2026-05-13 12:00:00
1778675400000,94.13,94.14,92.2,93.12,1370641.42,2026-05-13 12:30:00
1778677200000,93.11,93.4,93.11,93.22,193396.38,2026-05-13 13:00:00
1778679000000,93.22,93.3,91.91,92.25,756448.42,2026-05-13 13:30:00
1778680800000,92.25,92.3,91.2,92.18,936867.62,2026-05-13 14:00:00
1778682600000,92.18,92.25,91.63,91.74,180104.56,2026-05-13 14:30:00
1778684400000,91.73,91.9,90.71,90.83,599151.1,2026-05-13 15:00:00
1778686200000,90.83,91.01,90.23,90.39,448490.89,2026-05-13 15:30:00
1778688000000,90.39,91.0,90.38,90.93,399000.56,2026-05-13 16:00:00
1778689800000,90.92,91.23,90.8,90.83,272889.26,2026-05-13 16:30:00
1778691600000,90.82,91.09,90.7,90.92,432193.96,2026-05-13 17:00:00
1778693400000,90.93,90.98,90.65,90.84,162515.99,2026-05-13 17:30:00
1778695200000,90.84,91.31,90.8,91.26,181441.56,2026-05-13 18:00:00
1778697000000,91.27,91.4,90.7,90.88,157989.1,2026-05-13 18:30:00
1778698800000,90.87,90.89,90.43,90.61,126903.11,2026-05-13 19:00:00
1778700600000,90.6,90.96,90.6,90.9,99624.5,2026-05-13 19:30:00
1778702400000,90.9,91.26,90.86,91.08,94783.2,2026-05-13 20:00:00
1778704200000,91.07,91.29,91.02,91.17,84477.59,2026-05-13 20:30:00
1778706000000,91.18,91.24,90.68,90.85,100743.97,2026-05-13 21:00:00
1778707800000,90.86,90.97,90.71,90.82,75481.33,2026-05-13 21:30:00
1778709600000,90.82,91.08,90.58,91.08,66670.83,2026-05-13 22:00:00
1778711400000,91.07,91.18,90.94,91.12,52927.84,2026-05-13 22:30:00
1778713200000,91.11,91.26,91.02,91.16,72095.62,2026-05-13 23:00:00
1778715000000,91.16,91.22,91.0,91.11,46421.44,2026-05-13 23:30:00
1778716800000,91.11,91.38,91.02,91.12,142396.13,2026-05-14 00:00:00
1778718600000,91.12,91.28,91.09,91.15,87797.23,2026-05-14 00:30:00
1778720400000,91.15,91.3,90.94,91.05,76438.17,2026-05-14 01:00:00
1778722200000,91.06,91.21,90.94,91.11,84373.84,2026-05-14 01:30:00
1778724000000,91.1,91.21,90.97,91.12,58242.72,2026-05-14 02:00:00
1778725800000,91.11,91.11,90.34,90.51,215086.51,2026-05-14 02:30:00
1778727600000,90.52,90.73,89.81,90.49,506362.2,2026-05-14 03:00:00
1778729400000,90.5,90.54,89.76,89.88,236661.33,2026-05-14 03:30:00
1778731200000,89.89,90.34,89.8,90.26,134783.73,2026-05-14 04:00:00
1778733000000,90.26,90.58,90.21,90.43,109764.75,2026-05-14 04:30:00
1778734800000,90.42,90.83,90.35,90.81,156177.3,2026-05-14 05:00:00
1778736600000,90.81,91.42,90.8,91.23,241170.93,2026-05-14 05:30:00
1778738400000,91.22,91.4,91.12,91.27,132892.12,2026-05-14 06:00:00
1778740200000,91.27,91.37,91.08,91.35,148138.1,2026-05-14 06:30:00
1778742000000,91.34,91.61,90.67,90.77,385350.06,2026-05-14 07:00:00
1778743800000,90.77,91.1,90.63,90.84,257289.37,2026-05-14 07:30:00
1778745600000,90.83,91.05,90.61,90.92,115627.47,2026-05-14 08:00:00
1778747400000,90.92,91.24,90.92,90.99,115415.22,2026-05-14 08:30:00
1778749200000,91.0,91.1,90.77,90.82,69246.87,2026-05-14 09:00:00
1778751000000,90.81,90.86,90.52,90.8,101014.5,2026-05-14 09:30:00
1778752800000,90.79,91.08,90.66,90.95,97624.9,2026-05-14 10:00:00
1778754600000,90.94,91.09,90.58,91.0,100814.65,2026-05-14 10:30:00
1778756400000,90.99,91.05,90.62,90.68,74205.67,2026-05-14 11:00:00
1778758200000,90.68,90.73,90.56,90.58,66911.6,2026-05-14 11:30:00
1778760000000,90.57,90.97,90.46,90.86,88337.74,2026-05-14 12:00:00
1778761800000,90.86,91.23,90.82,91.16,153181.41,2026-05-14 12:30:00
1778763600000,91.16,91.43,91.04,91.18,143546.54,2026-05-14 13:00:00
1778765400000,91.19,91.27,90.67,90.72,205791.17,2026-05-14 13:30:00
1778767200000,90.71,91.6,90.56,91.43,293480.24,2026-05-14 14:00:00
1778769000000,91.43,92.26,91.22,92.2,400427.5,2026-05-14 14:30:00
1778770800000,92.2,92.63,91.87,92.42,316197.75,2026-05-14 15:00:00
1778772600000,92.41,93.2,92.14,93.1,423450.05,2026-05-14 15:30:00
1778774400000,93.09,93.62,92.99,93.25,484267.32,2026-05-14 16:00:00
1778776200000,93.25,93.35,92.27,93.28,410160.18,2026-05-14 16:30:00
1778778000000,93.27,93.54,92.24,92.36,354720.83,2026-05-14 17:00:00
1778779800000,92.37,93.29,92.24,92.97,183099.51,2026-05-14 17:30:00
1778781600000,92.97,93.59,92.63,93.52,191093.82,2026-05-14 18:00:00
1778783400000,93.52,93.54,93.06,93.38,135806.25,2026-05-14 18:30:00
1778785200000,93.39,93.58,92.88,92.9,68360.7,2026-05-14 19:00:00
1778787000000,92.91,93.17,92.74,92.86,73809.72,2026-05-14 19:30:00
1778788800000,92.86,92.94,92.38,92.5,87222.55,2026-05-14 20:00:00
1778790600000,92.5,92.76,92.32,92.69,79109.26,2026-05-14 20:30:00
1778792400000,92.69,92.81,92.5,92.72,56889.56,2026-05-14 21:00:00
1778794200000,92.73,92.91,92.58,92.66,50743.36,2026-05-14 21:30:00
1778796000000,92.67,92.81,92.56,92.72,35951.63,2026-05-14 22:00:00
1778797800000,92.71,92.87,92.57,92.6,38622.45,2026-05-14 22:30:00
1778799600000,92.59,92.61,92.25,92.52,122545.26,2026-05-14 23:00:00
1778801400000,92.51,92.54,92.03,92.11,135875.84,2026-05-14 23:30:00
1778803200000,92.1,92.48,92.04,92.43,153318.88,2026-05-15 00:00:00
1778805000000,92.43,92.61,92.04,92.37,131638.76,2026-05-15 00:30:00
1778806800000,92.37,92.53,92.13,92.14,67649.11,2026-05-15 01:00:00
1778808600000,92.13,92.24,91.64,91.69,268289.44,2026-05-15 01:30:00
1778810400000,91.69,92.02,91.4,91.68,355928.06,2026-05-15 02:00:00
1778812200000,91.68,92.4,91.41,92.31,214992.06,2026-05-15 02:30:00
1778814000000,92.3,92.42,92.06,92.23,75469.12,2026-05-15 03:00:00
1778815800000,92.23,92.23,91.81,92.0,81089.08,2026-05-15 03:30:00
1778817600000,92.0,92.0,91.61,91.67,70167.66,2026-05-15 04:00:00
1778819400000,91.66,91.81,91.21,91.23,183286.17,2026-05-15 04:30:00
1778821200000,91.24,91.48,91.13,91.3,115073.32,2026-05-15 05:00:00
1778823000000,91.31,91.33,90.2,90.55,517514.74,2026-05-15 05:30:00
1778824800000,90.55,90.95,90.41,90.75,186761.42,2026-05-15 06:00:00
1778826600000,90.76,91.03,90.73,90.95,89674.88,2026-05-15 06:30:00
1778828400000,90.95,91.66,90.86,91.51,300974.17,2026-05-15 07:00:00
1778830200000,91.51,91.67,91.2,91.55,240287.41,2026-05-15 07:30:00
1778832000000,91.56,91.57,91.07,91.1,122557.87,2026-05-15 08:00:00
1778833800000,91.1,91.6,90.91,91.23,194055.32,2026-05-15 08:30:00
1778835600000,91.23,91.24,90.88,91.16,184219.17,2026-05-15 09:00:00
1778837400000,91.16,91.29,90.87,91.11,109164.13,2026-05-15 09:30:00
1778839200000,91.12,91.27,90.96,91.04,74616.41,2026-05-15 10:00:00
1778841000000,91.05,91.54,90.97,91.42,127262.95,2026-05-15 10:30:00
1778842800000,91.43,91.5,91.22,91.28,69522.79,2026-05-15 11:00:00
1778844600000,91.28,91.35,91.12,91.21,50975.79,2026-05-15 11:30:00
1778846400000,91.2,91.22,90.66,90.81,148741.39,2026-05-15 12:00:00
1778848200000,90.81,90.85,90.51,90.62,104318.25,2026-05-15 12:30:00
1778850000000,90.63,90.63,90.14,90.43,223971.75,2026-05-15 13:00:00
1778851800000,90.43,90.44,88.61,88.85,910346.25,2026-05-15 13:30:00
1778853600000,88.85,89.5,88.47,89.06,428047.15,2026-05-15 14:00:00
1778855400000,89.06,89.26,88.72,89.0,232670.45,2026-05-15 14:30:00
1778857200000,89.0,89.24,88.8,88.97,116493.4,2026-05-15 15:00:00
1778859000000,88.97,89.12,88.66,88.99,96883.6,2026-05-15 15:30:00
1778860800000,89.0,89.49,88.74,89.42,203444.49,2026-05-15 16:00:00
1778862600000,89.43,89.67,89.2,89.48,116683.19,2026-05-15 16:30:00
1778864400000,89.47,89.92,89.45,89.73,138133.78,2026-05-15 17:00:00
1778866200000,89.72,89.82,89.58,89.78,78105.64,2026-05-15 17:30:00
1778868000000,89.78,90.06,89.58,89.72,152405.73,2026-05-15 18:00:00
1778869800000,89.72,89.9,89.44,89.76,63288.89,2026-05-15 18:30:00
1778871600000,89.77,89.77,89.37,89.51,54366.93,2026-05-15 19:00:00
1778873400000,89.52,89.62,89.3,89.39,75070.02,2026-05-15 19:30:00
1778875200000,89.38,89.48,89.07,89.37,78609.07,2026-05-15 20:00:00
1778877000000,89.38,89.4,89.04,89.24,44204.16,2026-05-15 20:30:00
1778878800000,89.25,89.39,89.15,89.24,61019.25,2026-05-15 21:00:00
1778880600000,89.23,89.27,88.95,89.02,73292.33,2026-05-15 21:30:00
1778882400000,89.03,89.24,89.02,89.17,31301.43,2026-05-15 22:00:00
1778884200000,89.18,89.34,89.11,89.29,37590.0,2026-05-15 22:30:00
1778886000000,89.3,89.35,89.22,89.25,24792.76,2026-05-15 23:00:00
1778887800000,89.25,89.3,89.16,89.19,31139.4,2026-05-15 23:30:00
1778889600000,89.19,89.4,89.1,89.3,50362.07,2026-05-16 00:00:00
1778891400000,89.31,89.37,89.12,89.19,35292.0,2026-05-16 00:30:00
1778893200000,89.19,89.24,88.98,88.98,53811.05,2026-05-16 01:00:00
1778895000000,88.99,89.31,88.89,89.24,45692.92,2026-05-16 01:30:00
1778896800000,89.24,89.35,89.02,89.04,50013.61,2026-05-16 02:00:00
1778898600000,89.04,89.17,88.91,89.15,54683.35,2026-05-16 02:30:00
1778900400000,89.15,89.22,89.11,89.17,24173.17,2026-05-16 03:00:00
1778902200000,89.18,89.18,88.95,89.0,40312.89,2026-05-16 03:30:00
1778904000000,89.0,89.04,88.68,88.73,92529.08,2026-05-16 04:00:00
1778905800000,88.74,88.81,88.1,88.81,370210.31,2026-05-16 04:30:00
1778907600000,88.81,88.87,88.37,88.53,119321.2,2026-05-16 05:00:00
1778909400000,88.53,88.68,88.21,88.53,164680.44,2026-05-16 05:30:00
1778911200000,88.52,88.61,88.05,88.24,116504.64,2026-05-16 06:00:00
1778913000000,88.24,88.4,87.75,87.96,249765.58,2026-05-16 06:30:00
1778914800000,87.96,87.97,86.65,87.31,566591.35,2026-05-16 07:00:00
1778916600000,87.3,87.68,87.09,87.4,177513.29,2026-05-16 07:30:00
1778918400000,87.4,87.61,87.32,87.43,78676.43,2026-05-16 08:00:00
1778920200000,87.43,87.58,87.37,87.44,63254.34,2026-05-16 08:30:00
1778922000000,87.43,87.47,85.71,85.93,829061.01,2026-05-16 09:00:00
1778923800000,85.93,86.26,85.86,86.0,193209.98,2026-05-16 09:30:00
1778925600000,86.0,86.1,85.47,85.64,305429.36,2026-05-16 10:00:00
1778927400000,85.64,86.0,85.64,85.96,134977.12,2026-05-16 10:30:00
1778929200000,85.97,86.23,85.95,86.13,107910.69,2026-05-16 11:00:00
1778931000000,86.13,86.28,86.06,86.06,73848.77,2026-05-16 11:30:00
1778932800000,86.06,86.19,85.96,86.12,84124.7,2026-05-16 12:00:00
1778934600000,86.12,86.38,86.12,86.2,84993.38,2026-05-16 12:30:00
1778936400000,86.19,86.31,86.05,86.25,138303.34,2026-05-16 13:00:00
1778938200000,86.26,86.29,86.06,86.2,95594.83,2026-05-16 13:30:00
1778940000000,86.21,86.26,86.01,86.13,235447.98,2026-05-16 14:00:00
1778941800000,86.14,86.65,86.12,86.34,170045.06,2026-05-16 14:30:00
1778943600000,86.33,86.55,86.2,86.27,84576.97,2026-05-16 15:00:00
1778945400000,86.27,86.6,86.27,86.43,100135.68,2026-05-16 15:30:00
1778947200000,86.43,86.67,86.29,86.57,196564.33,2026-05-16 16:00:00
1778949000000,86.56,86.72,86.41,86.57,110194.74,2026-05-16 16:30:00
1778950800000,86.57,86.8,86.55,86.75,71808.2,2026-05-16 17:00:00
1778952600000,86.76,86.9,86.69,86.73,66132.2,2026-05-16 17:30:00
1778954400000,86.72,86.82,86.56,86.69,49536.23,2026-05-16 18:00:00
1778956200000,86.68,86.91,86.64,86.75,31600.78,2026-05-16 18:30:00
1778958000000,86.76,86.8,86.64,86.75,32110.27,2026-05-16 19:00:00
1778959800000,86.75,86.81,86.6,86.63,21726.71,2026-05-16 19:30:00
1778961600000,86.64,86.84,86.62,86.75,37899.24,2026-05-16 20:00:00
1778963400000,86.74,86.75,86.62,86.62,28055.06,2026-05-16 20:30:00
1778965200000,86.62,86.72,86.57,86.6,35077.12,2026-05-16 21:00:00
1778967000000,86.6,86.63,86.43,86.54,47857.63,2026-05-16 21:30:00
1778968800000,86.53,86.64,86.39,86.59,37905.55,2026-05-16 22:00:00
1778970600000,86.59,86.62,86.46,86.49,15017.89,2026-05-16 22:30:00
1778972400000,86.48,86.65,86.43,86.56,29157.76,2026-05-16 23:00:00
1778974200000,86.57,86.62,86.48,86.49,19603.94,2026-05-16 23:30:00
1778976000000,86.49,86.68,86.39,86.44,62276.41,2026-05-17 00:00:00
1778977800000,86.44,86.51,85.9,86.08,104993.31,2026-05-17 00:30:00
1778979600000,86.07,86.29,85.75,85.82,130749.93,2026-05-17 01:00:00
1778981400000,85.82,85.99,85.51,85.7,232919.23,2026-05-17 01:30:00
1778983200000,85.7,86.1,85.7,86.07,78055.14,2026-05-17 02:00:00
1778985000000,86.08,86.19,85.73,85.95,186027.79,2026-05-17 02:30:00
1778986800000,85.94,86.28,85.93,86.17,39591.16,2026-05-17 03:00:00
1778988600000,86.18,86.58,86.14,86.45,77886.66,2026-05-17 03:30:00
1778990400000,86.45,86.84,86.41,86.75,73729.45,2026-05-17 04:00:00
1778992200000,86.74,86.92,86.67,86.79,87827.79,2026-05-17 04:30:00
1778994000000,86.79,87.24,86.76,86.9,168279.43,2026-05-17 05:00:00
1778995800000,86.9,86.98,86.83,86.86,45578.17,2026-05-17 05:30:00
1778997600000,86.85,86.96,86.73,86.83,52583.13,2026-05-17 06:00:00
1778999400000,86.82,86.9,86.67,86.79,62972.16,2026-05-17 06:30:00
1779001200000,86.79,86.92,86.72,86.86,43180.92,2026-05-17 07:00:00
1779003000000,86.86,87.06,86.79,86.93,79151.33,2026-05-17 07:30:00
1779004800000,86.93,86.98,86.52,86.61,136162.32,2026-05-17 08:00:00
1779006600000,86.61,86.78,86.56,86.78,50536.02,2026-05-17 08:30:00
1779008400000,86.78,86.95,86.67,86.81,112790.97,2026-05-17 09:00:00
1779010200000,86.8,86.87,86.66,86.83,54541.79,2026-05-17 09:30:00
1779012000000,86.83,87.23,86.8,87.08,181843.7,2026-05-17 10:00:00
1779013800000,87.07,87.08,86.73,86.93,161909.18,2026-05-17 10:30:00
1779015600000,86.94,86.96,86.74,86.77,60178.89,2026-05-17 11:00:00
1779017400000,86.78,86.94,86.72,86.84,61970.99,2026-05-17 11:30:00
1779019200000,86.84,86.94,86.8,86.87,21885.1,2026-05-17 12:00:00
1779021000000,86.87,86.97,86.66,86.7,73308.26,2026-05-17 12:30:00
1779022800000,86.71,86.74,86.25,86.43,186376.63,2026-05-17 13:00:00
1779024600000,86.43,86.56,86.31,86.35,71998.46,2026-05-17 13:30:00
1779026400000,86.35,86.4,85.85,86.28,169881.56,2026-05-17 14:00:00
1779028200000,86.28,86.35,86.11,86.25,41976.98,2026-05-17 14:30:00
1779030000000,86.24,86.42,86.1,86.24,69935.03,2026-05-17 15:00:00
1779031800000,86.25,86.44,86.23,86.38,54075.04,2026-05-17 15:30:00
1779033600000,86.39,86.56,86.38,86.56,69461.28,2026-05-17 16:00:00
1779035400000,86.55,86.62,86.05,86.24,138774.81,2026-05-17 16:30:00
1779037200000,86.25,86.31,85.95,86.12,86147.06,2026-05-17 17:00:00
1779039000000,86.13,86.24,85.94,86.19,57392.58,2026-05-17 17:30:00
1779040800000,86.19,86.39,85.96,86.21,69371.92,2026-05-17 18:00:00
1779042600000,86.2,86.38,86.13,86.37,31703.63,2026-05-17 18:30:00
1779044400000,86.36,86.53,86.36,86.41,27836.09,2026-05-17 19:00:00
1779046200000,86.42,86.91,86.41,86.73,85700.27,2026-05-17 19:30:00
1779048000000,86.73,86.86,86.51,86.6,70797.67,2026-05-17 20:00:00
1779049800000,86.6,86.73,86.53,86.64,28455.05,2026-05-17 20:30:00
1779051600000,86.64,86.89,86.55,86.89,56880.74,2026-05-17 21:00:00
1779053400000,86.88,86.94,86.77,86.88,36968.31,2026-05-17 21:30:00
1779055200000,86.88,86.88,85.97,86.07,188701.2,2026-05-17 22:00:00
1779057000000,86.08,86.38,85.95,86.18,63439.37,2026-05-17 22:30:00
1779058800000,86.19,86.19,85.64,85.75,183478.28,2026-05-17 23:00:00
1779060600000,85.75,85.8,83.29,85.17,1892919.95,2026-05-17 23:30:00
1779062400000,85.17,85.2,84.33,85.05,337175.08,2026-05-18 00:00:00
1779064200000,85.05,85.3,84.81,85.28,228088.24,2026-05-18 00:30:00
1779066000000,85.29,85.43,84.62,84.82,209813.96,2026-05-18 01:00:00
1779067800000,84.82,85.09,84.48,84.92,185066.11,2026-05-18 01:30:00
1779069600000,84.93,85.3,84.82,85.02,141993.36,2026-05-18 02:00:00
1779071400000,85.01,85.14,84.67,84.85,75795.93,2026-05-18 02:30:00
1779073200000,84.85,85.2,84.77,84.91,61401.11,2026-05-18 03:00:00
1779075000000,84.92,84.96,84.67,84.81,69427.42,2026-05-18 03:30:00
1779076800000,84.8,85.1,84.54,84.7,91728.32,2026-05-18 04:00:00
1779078600000,84.69,85.27,84.63,85.21,98676.37,2026-05-18 04:30:00
1779080400000,85.22,85.33,85.1,85.22,95426.25,2026-05-18 05:00:00
1779082200000,85.21,85.27,84.6,84.83,234912.16,2026-05-18 05:30:00
1779084000000,84.83,84.93,84.22,84.45,323903.38,2026-05-18 06:00:00
1779085800000,84.44,84.83,84.31,84.7,137462.67,2026-05-18 06:30:00
1779087600000,84.7,84.96,84.34,84.87,113560.37,2026-05-18 07:00:00
1779089400000,84.86,84.94,84.48,84.69,58938.36,2026-05-18 07:30:00
1779091200000,84.7,84.95,84.69,84.77,70838.77,2026-05-18 08:00:00
1779093000000,84.77,84.86,84.54,84.84,50633.82,2026-05-18 08:30:00
1779094800000,84.84,84.88,84.52,84.61,63345.14,2026-05-18 09:00:00
1779096600000,84.61,84.69,84.41,84.43,59735.7,2026-05-18 09:30:00
1779098400000,84.43,84.47,84.16,84.32,156292.12,2026-05-18 10:00:00
1779100200000,84.31,84.45,84.18,84.22,68219.01,2026-05-18 10:30:00
1779102000000,84.22,84.4,84.04,84.25,93982.28,2026-05-18 11:00:00
1779103800000,84.25,85.28,84.16,84.93,273517.57,2026-05-18 11:30:00
1779105600000,84.93,85.44,84.93,85.13,218100.27,2026-05-18 12:00:00
1779107400000,85.12,85.75,85.03,85.51,216091.85,2026-05-18 12:30:00
1779109200000,85.52,85.52,85.07,85.09,123748.3,2026-05-18 13:00:00
1779111000000,85.08,85.08,84.25,84.64,372946.07,2026-05-18 13:30:00
1779112800000,84.64,84.64,83.92,84.17,263087.85,2026-05-18 14:00:00
1779114600000,84.18,84.27,83.67,83.93,329785.77,2026-05-18 14:30:00
1779116400000,83.93,84.01,83.54,83.68,205655.73,2026-05-18 15:00:00
1779118200000,83.67,84.37,83.58,84.16,178576.88,2026-05-18 15:30:00
1779120000000,84.16,84.46,83.96,84.04,168120.65,2026-05-18 16:00:00
1779121800000,84.03,84.45,83.94,84.27,94401.03,2026-05-18 16:30:00
1779123600000,84.27,84.66,84.17,84.4,71921.83,2026-05-18 17:00:00
1779125400000,84.41,84.44,84.22,84.36,49752.78,2026-05-18 17:30:00
1779127200000,84.36,84.4,83.42,83.77,158660.52,2026-05-18 18:00:00
1779129000000,83.77,83.94,83.45,83.48,114076.27,2026-05-18 18:30:00
1779130800000,83.47,84.91,83.45,84.42,355239.14,2026-05-18 19:00:00
1779132600000,84.41,85.2,84.38,84.96,171445.31,2026-05-18 19:30:00
1779134400000,84.96,85.34,84.95,85.29,103470.43,2026-05-18 20:00:00
1779136200000,85.29,85.37,84.78,84.86,81417.96,2026-05-18 20:30:00
1779138000000,84.87,85.32,84.73,85.25,78515.09,2026-05-18 21:00:00
1779139800000,85.25,85.63,85.25,85.53,125011.21,2026-05-18 21:30:00
1779141600000,85.53,85.74,85.4,85.51,96323.69,2026-05-18 22:00:00
1779143400000,85.52,85.57,85.23,85.41,69442.44,2026-05-18 22:30:00
1779145200000,85.41,85.59,85.33,85.42,47487.21,2026-05-18 23:00:00
1779147000000,85.42,85.5,85.21,85.34,62918.88,2026-05-18 23:30:00
1779148800000,85.34,85.95,85.27,85.76,138565.33,2026-05-19 00:00:00
1779150600000,85.76,85.82,85.51,85.54,49974.52,2026-05-19 00:30:00
1779152400000,85.53,85.55,84.98,85.04,105918.34,2026-05-19 01:00:00
1779154200000,85.04,85.3,84.83,84.83,83349.67,2026-05-19 01:30:00
1779156000000,84.83,85.25,84.55,85.03,110022.84,2026-05-19 02:00:00
1779157800000,85.03,85.04,84.74,84.8,59842.03,2026-05-19 02:30:00
1779159600000,84.8,85.12,84.67,84.99,35731.46,2026-05-19 03:00:00
1779161400000,84.98,85.19,84.98,85.02,44946.14,2026-05-19 03:30:00
1779163200000,85.02,85.27,84.74,84.78,82901.79,2026-05-19 04:00:00
1779165000000,84.77,85.2,84.75,85.09,92847.3,2026-05-19 04:30:00
1779166800000,85.09,85.13,84.4,84.78,209728.3,2026-05-19 05:00:00
1779168600000,84.78,85.25,84.73,85.14,109123.4,2026-05-19 05:30:00
1779170400000,85.13,85.3,85.06,85.26,42581.32,2026-05-19 06:00:00
1779172200000,85.25,85.54,85.19,85.21,158837.09,2026-05-19 06:30:00
1779174000000,85.2,85.43,85.06,85.29,57319.16,2026-05-19 07:00:00
1779175800000,85.29,85.58,85.26,85.43,76709.78,2026-05-19 07:30:00
1779177600000,85.43,85.45,84.97,85.15,207876.88,2026-05-19 08:00:00
1779179400000,85.16,85.55,85.1,85.18,61450.71,2026-05-19 08:30:00
1779181200000,85.19,85.26,84.47,84.52,186705.29,2026-05-19 09:00:00
1779183000000,84.53,84.76,84.41,84.7,111134.28,2026-05-19 09:30:00
1779184800000,84.7,84.73,84.5,84.61,59184.44,2026-05-19 10:00:00
1779186600000,84.61,84.82,84.24,84.65,127402.94,2026-05-19 10:30:00
1779188400000,84.66,84.76,84.41,84.54,57510.4,2026-05-19 11:00:00
1779190200000,84.53,84.56,84.21,84.32,79467.11,2026-05-19 11:30:00
1779192000000,84.32,84.62,84.21,84.56,64114.03,2026-05-19 12:00:00
1779193800000,84.55,84.74,84.55,84.72,58110.5,2026-05-19 12:30:00
1779195600000,84.72,84.85,84.32,84.34,129212.69,2026-05-19 13:00:00
1779197400000,84.35,85.06,84.35,84.75,221073.7,2026-05-19 13:30:00
1779199200000,84.75,84.9,84.02,84.22,227483.09,2026-05-19 14:00:00
1779201000000,84.23,84.4,83.62,84.04,201156.88,2026-05-19 14:30:00
1779202800000,84.04,84.43,83.96,84.18,141360.58,2026-05-19 15:00:00
1779204600000,84.17,84.61,84.16,84.33,121553.77,2026-05-19 15:30:00
1779206400000,84.32,84.37,84.09,84.34,53388.3,2026-05-19 16:00:00
1779208200000,84.33,84.86,84.33,84.8,105808.87,2026-05-19 16:30:00
1779210000000,84.8,84.99,84.65,84.67,114996.0,2026-05-19 17:00:00
1779211800000,84.67,84.78,84.41,84.64,52410.21,2026-05-19 17:30:00
1779213600000,84.63,84.76,84.35,84.37,57389.81,2026-05-19 18:00:00
1779215400000,84.38,84.48,84.2,84.33,38727.78,2026-05-19 18:30:00
1779217200000,84.32,84.7,84.18,84.26,37480.67,2026-05-19 19:00:00
1779219000000,84.25,84.47,84.17,84.3,44919.65,2026-05-19 19:30:00
1779220800000,84.3,84.46,84.26,84.35,33506.31,2026-05-19 20:00:00
1779222600000,84.36,84.54,84.33,84.47,44079.04,2026-05-19 20:30:00
1779224400000,84.47,84.61,84.35,84.5,53836.64,2026-05-19 21:00:00
1779226200000,84.51,84.6,84.38,84.41,36514.07,2026-05-19 21:30:00
1779228000000,84.4,84.4,84.0,84.05,73346.57,2026-05-19 22:00:00
1779229800000,84.06,84.2,83.95,84.05,30728.93,2026-05-19 22:30:00
1779231600000,84.05,84.44,83.98,84.41,35870.05,2026-05-19 23:00:00
1779233400000,84.42,84.55,84.2,84.24,49568.4,2026-05-19 23:30:00
1779235200000,84.25,84.35,83.86,84.12,130813.84,2026-05-20 00:00:00
1779237000000,84.12,84.37,84.02,84.19,63513.69,2026-05-20 00:30:00
1779238800000,84.19,84.42,83.79,83.83,91044.47,2026-05-20 01:00:00
1779240600000,83.83,84.5,83.79,84.31,111093.68,2026-05-20 01:30:00
1779242400000,84.31,84.43,84.12,84.22,70904.71,2026-05-20 02:00:00
1779244200000,84.22,84.22,83.86,83.94,77945.23,2026-05-20 02:30:00
1779246000000,83.94,84.23,83.79,84.19,65005.26,2026-05-20 03:00:00
1779247800000,84.19,84.2,83.97,84.04,43669.26,2026-05-20 03:30:00
1779249600000,84.05,84.17,83.97,84.03,53512.44,2026-05-20 04:00:00
1779251400000,84.02,84.18,83.82,84.17,43998.21,2026-05-20 04:30:00
1779253200000,84.17,84.77,84.17,84.64,200660.87,2026-05-20 05:00:00
1779255000000,84.65,84.9,84.65,84.71,76764.65,2026-05-20 05:30:00
1779256800000,84.72,84.94,84.71,84.8,63360.49,2026-05-20 06:00:00
1779258600000,84.81,84.97,84.67,84.93,77916.58,2026-05-20 06:30:00
1779260400000,84.94,85.08,84.77,84.96,77550.63,2026-05-20 07:00:00
1779262200000,84.96,84.96,84.64,84.71,58079.16,2026-05-20 07:30:00
1779264000000,84.7,84.86,84.65,84.8,50366.41,2026-05-20 08:00:00
1779265800000,84.81,85.13,84.81,84.92,79048.92,2026-05-20 08:30:00
1779267600000,84.91,85.0,84.82,84.97,51685.06,2026-05-20 09:00:00
1779269400000,84.98,85.03,84.78,84.81,53498.35,2026-05-20 09:30:00
1779271200000,84.82,84.99,84.81,84.97,44242.34,2026-05-20 10:00:00
1779273000000,84.98,85.15,84.89,84.9,71971.42,2026-05-20 10:30:00
1779274800000,84.91,85.0,84.77,84.78,49726.8,2026-05-20 11:00:00
1779276600000,84.78,84.87,84.51,84.63,93450.48,2026-05-20 11:30:00
1779278400000,84.64,84.82,84.54,84.8,68297.56,2026-05-20 12:00:00
1779280200000,84.79,85.28,84.79,85.05,66152.41,2026-05-20 12:30:00
1779282000000,85.04,85.11,84.63,84.69,75247.74,2026-05-20 13:00:00
1779283800000,84.68,84.78,84.11,84.63,282010.42,2026-05-20 13:30:00
1779285600000,84.63,85.29,84.27,85.06,259416.94,2026-05-20 14:00:00
1779287400000,85.07,86.09,85.07,85.8,564324.94,2026-05-20 14:30:00
1779289200000,85.79,86.26,85.37,85.94,521672.75,2026-05-20 15:00:00
1779291000000,85.95,86.03,85.62,85.88,164049.68,2026-05-20 15:30:00
1779292800000,85.88,86.43,85.48,85.62,360606.19,2026-05-20 16:00:00
1779294600000,85.62,86.77,85.56,86.43,344244.52,2026-05-20 16:30:00
1779296400000,86.42,86.85,86.25,86.73,228097.89,2026-05-20 17:00:00
1779298200000,86.74,87.03,86.43,86.46,178796.45,2026-05-20 17:30:00
1779300000000,86.46,86.52,85.99,86.02,172310.37,2026-05-20 18:00:00
1779301800000,86.02,86.12,85.62,85.77,195282.97,2026-05-20 18:30:00
1779303600000,85.78,86.16,85.57,86.16,100897.55,2026-05-20 19:00:00
1779305400000,86.16,86.26,86.01,86.13,84892.63,2026-05-20 19:30:00
1779307200000,86.12,86.19,85.48,85.92,120788.97,2026-05-20 20:00:00
1779309000000,85.93,86.18,85.76,86.13,75939.36,2026-05-20 20:30:00
1779310800000,86.12,86.29,85.93,85.93,70346.74,2026-05-20 21:00:00
1779312600000,85.94,86.17,85.91,85.92,58576.97,2026-05-20 21:30:00
1779314400000,85.92,86.05,85.56,86.05,100894.45,2026-05-20 22:00:00
1779316200000,86.05,86.17,85.86,85.97,42327.63,2026-05-20 22:30:00
1779318000000,85.96,85.99,85.79,85.89,36489.81,2026-05-20 23:00:00
1779319800000,85.88,86.12,85.83,86.1,31426.55,2026-05-20 23:30:00
1779321600000,86.1,86.39,86.04,86.33,76444.52,2026-05-21 00:00:00
1779323400000,86.33,86.79,86.26,86.6,122981.7,2026-05-21 00:30:00
1779325200000,86.6,86.99,86.43,86.48,132168.22,2026-05-21 01:00:00
1779327000000,86.48,86.69,86.4,86.5,111407.61,2026-05-21 01:30:00
1779328800000,86.49,86.86,86.39,86.68,101689.6,2026-05-21 02:00:00
1779330600000,86.68,86.79,86.55,86.56,67779.81,2026-05-21 02:30:00
1779332400000,86.55,86.78,86.49,86.74,53424.06,2026-05-21 03:00:00
1779334200000,86.74,86.87,86.65,86.81,79379.23,2026-05-21 03:30:00
1779336000000,86.8,87.28,86.78,86.91,244529.44,2026-05-21 04:00:00
1779337800000,86.91,87.15,86.72,86.94,156127.77,2026-05-21 04:30:00
1779339600000,86.94,87.06,86.58,86.6,99955.53,2026-05-21 05:00:00
1779341400000,86.6,86.65,86.29,86.45,150496.67,2026-05-21 05:30:00
1779343200000,86.46,86.56,86.22,86.42,183838.82,2026-05-21 06:00:00
1779345000000,86.43,86.55,86.14,86.27,84357.09,2026-05-21 06:30:00
1779346800000,86.27,86.48,86.21,86.42,90675.36,2026-05-21 07:00:00
1779348600000,86.42,86.67,86.42,86.58,54910.63,2026-05-21 07:30:00
1779350400000,86.59,87.16,86.58,86.98,205390.94,2026-05-21 08:00:00
1779352200000,86.98,86.99,86.65,86.8,157932.5,2026-05-21 08:30:00
1779354000000,86.8,87.0,86.75,86.82,114403.37,2026-05-21 09:00:00
1779355800000,86.81,86.86,86.4,86.44,89131.74,2026-05-21 09:30:00
1779357600000,86.43,86.62,85.68,85.94,240442.93,2026-05-21 10:00:00
1779359400000,85.94,86.07,85.66,85.71,252097.41,2026-05-21 10:30:00
1779361200000,85.7,85.91,85.58,85.79,126007.03,2026-05-21 11:00:00
1779363000000,85.8,85.89,85.53,85.55,97408.47,2026-05-21 11:30:00
1779364800000,85.55,85.68,85.44,85.49,144358.51,2026-05-21 12:00:00
1779366600000,85.48,85.82,85.36,85.71,176205.38,2026-05-21 12:30:00
1779368400000,85.7,86.05,85.65,86.03,92285.56,2026-05-21 13:00:00
1779370200000,86.04,86.09,85.26,86.02,380258.25,2026-05-21 13:30:00
1779372000000,86.01,86.42,85.56,85.96,288215.68,2026-05-21 14:00:00
1779373800000,85.96,86.45,85.76,85.95,219449.75,2026-05-21 14:30:00
1779375600000,85.95,86.87,85.85,86.77,265967.84,2026-05-21 15:00:00
1779377400000,86.77,86.84,86.26,86.41,226856.35,2026-05-21 15:30:00
1779379200000,86.42,86.55,86.07,86.26,160846.77,2026-05-21 16:00:00
1779381000000,86.27,86.49,85.98,86.22,80915.89,2026-05-21 16:30:00
1779382800000,86.23,87.97,86.14,87.78,790068.01,2026-05-21 17:00:00
1779384600000,87.78,87.97,87.36,87.58,300949.9,2026-05-21 17:30:00
1779386400000,87.57,87.75,87.31,87.52,170062.96,2026-05-21 18:00:00
1779388200000,87.53,87.67,86.73,87.04,186557.19,2026-05-21 18:30:00
1779390000000,87.03,87.53,87.02,87.4,128651.19,2026-05-21 19:00:00
1779391800000,87.39,87.84,87.39,87.78,98135.11,2026-05-21 19:30:00
1779393600000,87.79,87.89,87.62,87.66,69219.24,2026-05-21 20:00:00
1779395400000,87.66,87.77,87.45,87.51,41096.94,2026-05-21 20:30:00
1779397200000,87.52,87.67,87.43,87.44,57577.94,2026-05-21 21:00:00
1779399000000,87.45,87.5,87.27,87.31,101967.15,2026-05-21 21:30:00
1779400800000,87.31,87.44,87.18,87.31,50211.81,2026-05-21 22:00:00
1779402600000,87.31,87.37,87.01,87.13,50095.5,2026-05-21 22:30:00
1779404400000,87.13,87.27,86.95,87.09,53697.65,2026-05-21 23:00:00
1779406200000,87.09,87.33,87.05,87.3,103975.14,2026-05-21 23:30:00
1779408000000,87.29,87.3,86.96,86.97,85109.61,2026-05-22 00:00:00
1779409800000,86.97,87.14,86.76,86.79,55236.61,2026-05-22 00:30:00
1779411600000,86.8,86.94,86.65,86.76,71654.81,2026-05-22 01:00:00
1779413400000,86.75,87.07,86.54,87.03,67418.03,2026-05-22 01:30:00
1779415200000,87.03,87.19,86.94,87.03,57804.14,2026-05-22 02:00:00
1779417000000,87.02,87.19,86.94,87.13,54941.09,2026-05-22 02:30:00
1779418800000,87.12,87.27,86.86,86.99,49421.96,2026-05-22 03:00:00
1779420600000,86.99,87.06,86.92,86.98,25001.36,2026-05-22 03:30:00
1779422400000,86.98,87.34,86.98,87.18,59955.24,2026-05-22 04:00:00
1779424200000,87.17,87.2,86.87,86.93,44815.98,2026-05-22 04:30:00
1779426000000,86.94,87.11,86.79,86.89,41099.24,2026-05-22 05:00:00
1779427800000,86.89,87.07,86.66,86.75,67012.13,2026-05-22 05:30:00
1779429600000,86.76,86.79,86.44,86.52,119894.87,2026-05-22 06:00:00
1779431400000,86.53,86.82,86.44,86.68,133874.6,2026-05-22 06:30:00
1779433200000,86.67,86.98,86.49,86.96,224068.63,2026-05-22 07:00:00
1779435000000,86.96,87.13,86.92,86.93,81693.04,2026-05-22 07:30:00
1779436800000,86.94,87.45,86.92,87.44,109016.92,2026-05-22 08:00:00
1779438600000,87.44,87.49,86.81,87.09,196741.99,2026-05-22 08:30:00
1779440400000,87.09,87.27,87.0,87.15,93224.94,2026-05-22 09:00:00
1779442200000,87.15,87.36,87.02,87.22,84475.72,2026-05-22 09:30:00
1779444000000,87.22,87.25,86.84,86.99,87905.65,2026-05-22 10:00:00
1779445800000,87.0,87.08,86.9,86.95,54345.03,2026-05-22 10:30:00
1779447600000,86.96,87.06,86.66,86.83,78125.89,2026-05-22 11:00:00
1779449400000,86.82,87.3,86.82,87.28,113883.69,2026-05-22 11:30:00
1779451200000,87.29,87.66,87.2,87.34,190351.44,2026-05-22 12:00:00
1779453000000,87.33,87.75,87.3,87.73,142736.27,2026-05-22 12:30:00
1779454800000,87.72,87.82,87.38,87.38,126563.09,2026-05-22 13:00:00
1779456600000,87.37,87.52,87.04,87.35,240885.98,2026-05-22 13:30:00
1779458400000,87.35,87.35,86.3,86.59,424810.86,2026-05-22 14:00:00
1779460200000,86.58,86.79,86.46,86.56,124424.72,2026-05-22 14:30:00
1779462000000,86.57,86.86,86.21,86.69,171132.69,2026-05-22 15:00:00
1779463800000,86.69,86.94,86.53,86.72,151042.73,2026-05-22 15:30:00
1779465600000,86.71,86.89,86.6,86.75,96672.55,2026-05-22 16:00:00
1779467400000,86.75,86.99,86.67,86.89,62173.16,2026-05-22 16:30:00
1779469200000,86.88,86.99,86.45,86.97,147787.88,2026-05-22 17:00:00
1779471000000,86.98,87.15,86.58,86.59,113102.47,2026-05-22 17:30:00
1779472800000,86.59,86.65,86.34,86.47,97641.91,2026-05-22 18:00:00
1779474600000,86.48,86.49,84.52,85.4,724365.16,2026-05-22 18:30:00
1779476400000,85.41,85.58,84.78,84.91,274938.97,2026-05-22 19:00:00
1779478200000,84.91,84.97,83.9,84.5,611875.46,2026-05-22 19:30:00
1779480000000,84.51,84.99,84.51,84.82,133667.19,2026-05-22 20:00:00
1779481800000,84.82,85.03,84.54,84.95,115270.58,2026-05-22 20:30:00
1779483600000,84.95,85.18,84.88,85.14,71992.2,2026-05-22 21:00:00
1779485400000,85.14,85.26,85.05,85.14,46033.1,2026-05-22 21:30:00
1779487200000,85.13,85.18,84.93,84.94,55162.82,2026-05-22 22:00:00
1779489000000,84.94,85.07,84.73,84.92,73240.64,2026-05-22 22:30:00
1779490800000,84.92,85.14,84.66,84.66,81641.49,2026-05-22 23:00:00
1779492600000,84.66,84.86,83.93,84.34,396777.39,2026-05-22 23:30:00
1779494400000,84.35,84.49,84.11,84.35,160063.45,2026-05-23 00:00:00
1779496200000,84.35,84.45,84.01,84.37,143531.46,2026-05-23 00:30:00
1779498000000,84.37,84.6,84.26,84.53,89573.02,2026-05-23 01:00:00
1779499800000,84.53,84.6,84.38,84.46,44807.83,2026-05-23 01:30:00
1779501600000,84.47,84.53,84.14,84.27,102153.39,2026-05-23 02:00:00
1779503400000,84.27,84.5,84.24,84.48,103336.6,2026-05-23 02:30:00
1779505200000,84.47,84.59,84.42,84.56,53176.59,2026-05-23 03:00:00
1779507000000,84.55,84.69,84.54,84.62,46865.24,2026-05-23 03:30:00
1779508800000,84.63,84.65,84.42,84.48,44323.81,2026-05-23 04:00:00
1779510600000,84.48,84.59,84.28,84.35,50058.76,2026-05-23 04:30:00
1779512400000,84.35,84.42,84.11,84.17,63761.95,2026-05-23 05:00:00
1779514200000,84.17,84.42,84.14,84.4,37173.87,2026-05-23 05:30:00
1779516000000,84.41,84.44,84.29,84.33,27720.13,2026-05-23 06:00:00
1779517800000,84.34,84.44,84.12,84.21,89287.85,2026-05-23 06:30:00
1779519600000,84.2,84.27,83.95,84.06,111409.3,2026-05-23 07:00:00
1779521400000,84.07,84.08,81.35,82.19,1682431.52,2026-05-23 07:30:00
1779523200000,82.2,82.31,81.83,82.02,576773.76,2026-05-23 08:00:00
1779525000000,82.02,82.09,81.66,82.07,283719.52,2026-05-23 08:30:00
1779526800000,82.07,82.21,81.95,82.05,119992.84,2026-05-23 09:00:00
1779528600000,82.05,82.1,81.9,81.94,127233.07,2026-05-23 09:30:00
1779530400000,81.95,82.25,81.94,82.24,76525.58,2026-05-23 10:00:00
1779532200000,82.25,82.36,82.15,82.19,82194.15,2026-05-23 10:30:00
1779534000000,82.19,82.41,82.16,82.36,70450.81,2026-05-23 11:00:00
1779535800000,82.35,82.38,82.22,82.22,42300.13,2026-05-23 11:30:00
1779537600000,82.22,82.29,82.07,82.23,90304.37,2026-05-23 12:00:00
1779539400000,82.22,82.49,82.22,82.41,78072.26,2026-05-23 12:30:00
1779541200000,82.42,83.24,82.41,83.16,340538.8,2026-05-23 13:00:00
1779543000000,83.17,83.46,82.94,83.17,194411.13,2026-05-23 13:30:00
1779544800000,83.16,83.51,83.02,83.5,136825.67,2026-05-23 14:00:00
1779546600000,83.5,84.41,83.42,84.07,446746.32,2026-05-23 14:30:00
1779548400000,84.07,84.52,83.85,83.87,382599.11,2026-05-23 15:00:00
1779550200000,83.86,84.06,83.58,84.04,299049.22,2026-05-23 15:30:00
1779552000000,84.04,84.21,83.86,84.0,226133.44,2026-05-23 16:00:00
1779553800000,84.0,84.25,83.98,84.05,67671.9,2026-05-23 16:30:00
1779555600000,84.05,84.31,84.05,84.18,71637.03,2026-05-23 17:00:00
1779557400000,84.18,84.25,83.88,84.16,85803.61,2026-05-23 17:30:00
1779559200000,84.17,84.99,84.12,84.8,436217.29,2026-05-23 18:00:00
1779561000000,84.8,85.12,84.61,84.67,184720.97,2026-05-23 18:30:00
1779562800000,84.67,85.0,84.56,85.0,143602.2,2026-05-23 19:00:00
1779564600000,85.0,85.05,84.71,84.91,62008.32,2026-05-23 19:30:00
1779566400000,84.91,85.08,84.74,84.81,105119.28,2026-05-23 20:00:00
1779568200000,84.81,87.05,84.73,87.04,867622.86,2026-05-23 20:30:00
1779570000000,87.04,87.5,86.27,86.28,428426.11,2026-05-23 21:00:00
1779571800000,86.27,86.54,85.84,86.24,244589.17,2026-05-23 21:30:00
1779573600000,86.25,86.57,86.02,86.05,75339.47,2026-05-23 22:00:00
1779575400000,86.04,86.09,85.46,85.77,199305.34,2026-05-23 22:30:00
1779577200000,85.77,85.89,85.6,85.66,101357.61,2026-05-23 23:00:00
1779579000000,85.67,85.83,85.61,85.71,61642.18,2026-05-23 23:30:00
1779580800000,85.72,85.8,85.56,85.72,55386.5,2026-05-24 00:00:00
1779582600000,85.72,85.99,85.71,85.84,91408.54,2026-05-24 00:30:00
1779584400000,85.85,86.09,85.82,86.08,67230.93,2026-05-24 01:00:00
1779586200000,86.07,86.18,85.91,85.96,70492.2,2026-05-24 01:30:00
1779588000000,85.97,86.06,85.68,85.72,91572.69,2026-05-24 02:00:00
1779589800000,85.71,85.97,85.69,85.92,39954.66,2026-05-24 02:30:00
1779591600000,85.92,86.07,85.76,85.8,32951.44,2026-05-24 03:00:00
1779593400000,85.81,85.83,85.57,85.75,75061.4,2026-05-24 03:30:00
1779595200000,85.76,86.04,85.73,85.94,117557.22,2026-05-24 04:00:00
1779597000000,85.94,86.0,85.82,85.88,28304.72,2026-05-24 04:30:00
1779598800000,85.87,85.91,85.59,85.66,53544.99,2026-05-24 05:00:00
1779600600000,85.66,86.12,85.52,86.1,142039.46,2026-05-24 05:30:00
1779602400000,86.1,86.16,85.89,85.9,57086.24,2026-05-24 06:00:00
1779604200000,85.9,86.44,85.88,86.41,91153.26,2026-05-24 06:30:00
1779606000000,86.4,86.68,86.14,86.19,137637.52,2026-05-24 07:00:00
1779607800000,86.19,86.24,85.95,86.03,116103.81,2026-05-24 07:30:00
1779609600000,86.03,86.28,85.97,86.22,84041.59,2026-05-24 08:00:00
1779611400000,86.22,86.46,86.21,86.45,78447.67,2026-05-24 08:30:00
1779613200000,86.45,87.0,86.33,86.6,286369.04,2026-05-24 09:00:00
1779615000000,86.6,86.75,86.47,86.49,98152.19,2026-05-24 09:30:00
1779616800000,86.5,86.67,86.19,86.37,178847.26,2026-05-24 10:00:00
1779618600000,86.38,86.49,86.21,86.45,175142.32,2026-05-24 10:30:00
1779620400000,86.45,86.9,86.44,86.56,204390.61,2026-05-24 11:00:00
1779622200000,86.57,86.72,86.38,86.62,142836.9,2026-05-24 11:30:00
1779624000000,86.63,86.64,86.14,86.18,93655.66,2026-05-24 12:00:00
1779625800000,86.17,86.33,86.12,86.31,61192.66,2026-05-24 12:30:00
1779627600000,86.31,86.41,86.1,86.12,39240.46,2026-05-24 13:00:00
1779629400000,86.12,86.29,85.67,85.86,141494.8,2026-05-24 13:30:00
1779631200000,85.86,85.97,84.39,85.02,522566.47,2026-05-24 14:00:00
1779633000000,85.02,85.3,84.99,85.21,96183.48,2026-05-24 14:30:00
1779634800000,85.21,85.34,85.09,85.27,71707.66,2026-05-24 15:00:00
1779636600000,85.27,85.46,85.18,85.26,62662.9,2026-05-24 15:30:00
1779638400000,85.26,85.85,85.13,85.46,223663.67,2026-05-24 16:00:00
1779640200000,85.47,85.66,85.22,85.59,60583.67,2026-05-24 16:30:00
1779642000000,85.6,85.7,85.44,85.48,38232.86,2026-05-24 17:00:00
1779643800000,85.48,85.75,85.44,85.6,47947.69,2026-05-24 17:30:00
1779645600000,85.6,85.63,85.24,85.3,93463.21,2026-05-24 18:00:00
1779647400000,85.31,85.44,85.21,85.36,53726.04,2026-05-24 18:30:00
1779649200000,85.36,85.47,85.17,85.24,47334.93,2026-05-24 19:00:00
1779651000000,85.24,85.37,85.18,85.32,24278.6,2026-05-24 19:30:00
1779652800000,85.32,85.38,84.84,84.99,112838.21,2026-05-24 20:00:00
1779654600000,85.0,85.07,84.53,84.73,153039.3,2026-05-24 20:30:00
1779656400000,84.73,84.94,84.45,84.52,65716.6,2026-05-24 21:00:00
1779658200000,84.52,84.63,83.57,83.89,356454.77,2026-05-24 21:30:00
1779660000000,83.9,85.28,83.87,85.01,268543.85,2026-05-24 22:00:00
1779661800000,85.01,85.2,84.72,84.93,103706.77,2026-05-24 22:30:00
1779663600000,84.93,85.18,84.92,85.01,54071.4,2026-05-24 23:00:00
1779665400000,85.01,85.46,85.01,85.22,110086.28,2026-05-24 23:30:00
1779667200000,85.22,85.48,85.2,85.43,98563.89,2026-05-25 00:00:00
1779669000000,85.43,85.6,85.32,85.43,55794.8,2026-05-25 00:30:00
1779670800000,85.42,85.54,85.25,85.39,55556.79,2026-05-25 01:00:00
1779672600000,85.39,85.43,84.75,84.79,114037.91,2026-05-25 01:30:00
1779674400000,84.8,85.72,84.79,85.09,233394.29,2026-05-25 02:00:00
1779676200000,85.1,85.21,84.93,85.02,68949.15,2026-05-25 02:30:00
1779678000000,85.02,85.12,84.8,84.85,89206.46,2026-05-25 03:00:00
1779679800000,84.86,84.95,84.73,84.88,59218.48,2026-05-25 03:30:00
1779681600000,84.89,85.2,84.86,85.2,59887.73,2026-05-25 04:00:00
1779683400000,85.19,85.88,85.15,85.78,180607.07,2026-05-25 04:30:00
1779685200000,85.79,86.13,85.7,85.91,161343.79,2026-05-25 05:00:00
1779687000000,85.92,86.1,85.91,85.94,82555.74,2026-05-25 05:30:00
1779688800000,85.93,86.13,85.59,85.73,113891.61,2026-05-25 06:00:00
1779690600000,85.73,86.0,85.73,85.94,42245.12,2026-05-25 06:30:00
1779692400000,85.94,86.12,85.55,85.61,77017.79,2026-05-25 07:00:00
1779694200000,85.61,85.92,85.58,85.92,113066.19,2026-05-25 07:30:00
1779696000000,85.92,85.92,85.71,85.78,57586.72,2026-05-25 08:00:00
1779697800000,85.79,86.04,85.78,85.98,88942.4,2026-05-25 08:30:00
1779699600000,85.98,86.13,85.88,85.99,91466.2,2026-05-25 09:00:00
1779701400000,85.98,86.2,85.87,85.89,89272.76,2026-05-25 09:30:00
1779703200000,85.88,86.05,85.84,85.97,59447.01,2026-05-25 10:00:00
1779705000000,85.97,86.07,85.9,86.02,45156.02,2026-05-25 10:30:00
1779706800000,86.02,86.02,85.85,85.87,35194.78,2026-05-25 11:00:00
1779708600000,85.86,86.1,85.66,85.73,73062.58,2026-05-25 11:30:00
1779710400000,85.72,86.02,85.61,85.92,71472.48,2026-05-25 12:00:00
1779712200000,85.91,86.03,85.77,85.83,79744.58,2026-05-25 12:30:00
1779714000000,85.83,86.0,85.78,85.8,28007.95,2026-05-25 13:00:00
1779715800000,85.81,85.98,85.72,85.97,41491.93,2026-05-25 13:30:00
1779717600000,85.97,86.34,85.89,86.33,166072.77,2026-05-25 14:00:00
1779719400000,86.33,86.41,86.09,86.29,88850.68,2026-05-25 14:30:00
1779721200000,86.28,86.48,86.01,86.04,151175.71,2026-05-25 15:00:00
1779723000000,86.04,86.26,86.0,86.21,48496.04,2026-05-25 15:30:00
1779724800000,86.21,86.23,85.94,85.97,74384.91,2026-05-25 16:00:00
1779726600000,85.97,86.4,85.93,86.23,71384.49,2026-05-25 16:30:00
1779728400000,86.23,86.35,86.04,86.26,60148.27,2026-05-25 17:00:00
1779730200000,86.27,86.28,86.01,86.08,77712.38,2026-05-25 17:30:00
1779732000000,86.07,86.26,86.04,86.16,36519.68,2026-05-25 18:00:00
1779733800000,86.16,86.16,85.84,85.85,46450.83,2026-05-25 18:30:00
1779735600000,85.86,85.89,85.64,85.87,55475.12,2026-05-25 19:00:00
1779737400000,85.88,85.9,85.46,85.59,64095.33,2026-05-25 19:30:00
1779739200000,85.58,85.83,85.55,85.6,27117.9,2026-05-25 20:00:00
1779741000000,85.61,85.68,85.24,85.36,90210.94,2026-05-25 20:30:00
1779742800000,85.36,85.52,85.29,85.41,40980.74,2026-05-25 21:00:00
1779744600000,85.42,85.43,85.23,85.33,35522.94,2026-05-25 21:30:00
1779746400000,85.33,85.5,85.14,85.25,70119.79,2026-05-25 22:00:00
1779748200000,85.24,85.24,84.64,84.76,227641.94,2026-05-25 22:30:00
1779750000000,84.75,85.12,84.68,85.05,118046.94,2026-05-25 23:00:00
1779751800000,85.05,85.16,84.88,84.99,63465.46,2026-05-25 23:30:00
1779753600000,85.0,85.04,84.61,84.67,90323.02,2026-05-26 00:00:00
1779755400000,84.67,84.78,83.84,84.34,323247.79,2026-05-26 00:30:00
1779757200000,84.34,84.5,84.08,84.25,115017.35,2026-05-26 01:00:00
1779759000000,84.25,84.26,83.8,84.05,131212.3,2026-05-26 01:30:00
1779760800000,84.05,84.16,83.93,83.96,61876.29,2026-05-26 02:00:00
1779762600000,83.96,84.09,83.84,83.96,70746.09,2026-05-26 02:30:00
1779764400000,83.96,83.97,83.78,83.96,65525.81,2026-05-26 03:00:00
1779766200000,83.96,84.21,83.89,84.15,67181.03,2026-05-26 03:30:00
1779768000000,84.15,84.43,83.94,84.39,92981.9,2026-05-26 04:00:00
1779769800000,84.39,84.45,84.26,84.31,69480.03,2026-05-26 04:30:00
1779771600000,84.3,84.62,84.21,84.58,94167.01,2026-05-26 05:00:00
1779773400000,84.58,84.92,84.46,84.6,132892.07,2026-05-26 05:30:00
1779775200000,84.59,84.59,84.34,84.44,81990.05,2026-05-26 06:00:00
1779777000000,84.45,84.78,84.44,84.55,62154.07,2026-05-26 06:30:00
1779778800000,84.55,84.57,84.05,84.24,102514.4,2026-05-26 07:00:00
1779780600000,84.23,84.45,84.05,84.3,80153.73,2026-05-26 07:30:00
1779782400000,84.3,84.48,84.28,84.42,40119.27,2026-05-26 08:00:00
1779784200000,84.42,84.52,84.3,84.39,39176.33,2026-05-26 08:30:00
1779786000000,84.4,84.59,84.3,84.54,71629.65,2026-05-26 09:00:00
1779787800000,84.53,84.67,84.27,84.42,77864.55,2026-05-26 09:30:00
1779789600000,84.43,85.52,84.31,85.5,248191.28,2026-05-26 10:00:00
1779791400000,85.51,85.78,85.44,85.52,323539.07,2026-05-26 10:30:00
1779793200000,85.52,85.61,85.28,85.33,106474.76,2026-05-26 11:00:00
1779795000000,85.33,85.48,85.16,85.17,109952.69,2026-05-26 11:30:00
1779796800000,85.17,85.29,84.77,85.04,176502.36,2026-05-26 12:00:00
1779798600000,85.04,85.36,84.94,85.28,101921.65,2026-05-26 12:30:00
1779800400000,85.29,85.35,84.9,84.92,119402.7,2026-05-26 13:00:00
1779802200000,84.91,85.74,84.65,85.47,274650.73,2026-05-26 13:30:00
1779804000000,85.48,86.1,85.35,85.97,266826.28,2026-05-26 14:00:00
1779805800000,85.98,86.05,84.72,85.18,514932.58,2026-05-26 14:30:00
1779807600000,85.17,85.3,84.62,84.81,223262.55,2026-05-26 15:00:00
1779809400000,84.81,84.87,83.95,84.42,417696.85,2026-05-26 15:30:00
1779811200000,84.42,84.52,83.87,84.25,230024.75,2026-05-26 16:00:00
1779813000000,84.25,84.48,83.93,84.17,214364.61,2026-05-26 16:30:00
1779814800000,84.17,84.34,83.35,83.41,213727.42,2026-05-26 17:00:00
1779816600000,83.41,83.78,83.08,83.52,477395.91,2026-05-26 17:30:00
1779818400000,83.51,84.02,83.43,83.85,136540.71,2026-05-26 18:00:00
1779820200000,83.85,83.89,83.41,83.56,113609.77,2026-05-26 18:30:00
1779822000000,83.55,83.62,83.29,83.52,55860.61,2026-05-26 19:00:00
1779823800000,83.52,83.95,83.51,83.71,82262.26,2026-05-26 19:30:00
1779825600000,83.72,83.91,83.67,83.84,58009.96,2026-05-26 20:00:00
1779827400000,83.84,83.9,83.69,83.88,38415.83,2026-05-26 20:30:00
1779829200000,83.88,83.9,83.51,83.81,65497.61,2026-05-26 21:00:00
1779831000000,83.81,83.91,83.53,83.65,43250.7,2026-05-26 21:30:00
1779832800000,83.64,83.81,83.47,83.69,62784.64,2026-05-26 22:00:00
1779834600000,83.7,83.72,83.48,83.61,33443.92,2026-05-26 22:30:00
1779836400000,83.61,83.8,83.57,83.63,44081.35,2026-05-26 23:00:00
1779838200000,83.63,83.76,83.61,83.66,36499.75,2026-05-26 23:30:00
1779840000000,83.66,83.94,83.66,83.9,59038.89,2026-05-27 00:00:00
1779841800000,83.9,84.12,83.82,84.08,83314.69,2026-05-27 00:30:00
1779843600000,84.09,84.15,83.74,83.83,60016.66,2026-05-27 01:00:00
1779845400000,83.84,84.02,83.75,83.8,47347.38,2026-05-27 01:30:00
1779847200000,83.81,83.85,83.49,83.67,67959.18,2026-05-27 02:00:00
1779849000000,83.67,83.92,83.56,83.92,69900.37,2026-05-27 02:30:00
1779850800000,83.92,84.02,83.74,83.84,66470.59,2026-05-27 03:00:00
1779852600000,83.84,83.9,83.43,83.58,66197.41,2026-05-27 03:30:00
1779854400000,83.57,83.62,83.26,83.37,100394.49,2026-05-27 04:00:00
1779856200000,83.37,83.64,82.77,83.58,400832.53,2026-05-27 04:30:00
1779858000000,83.59,83.81,83.52,83.71,67478.32,2026-05-27 05:00:00
1779859800000,83.71,83.88,83.59,83.83,56833.87,2026-05-27 05:30:00
1779861600000,83.83,83.92,83.68,83.82,62894.29,2026-05-27 06:00:00
1779863400000,83.82,84.01,83.79,83.99,50019.45,2026-05-27 06:30:00
1779865200000,84.0,84.06,83.82,84.01,51610.57,2026-05-27 07:00:00
1779867000000,84.01,84.15,83.92,84.14,58857.93,2026-05-27 07:30:00
1779868800000,84.14,84.38,84.01,84.26,104344.95,2026-05-27 08:00:00
1779870600000,84.26,84.3,83.83,83.88,74944.19,2026-05-27 08:30:00
1779872400000,83.88,83.91,83.56,83.61,82545.52,2026-05-27 09:00:00
1779874200000,83.62,83.9,83.58,83.74,54743.68,2026-05-27 09:30:00
1779876000000,83.73,84.05,83.62,83.97,65185.58,2026-05-27 10:00:00
1779877800000,83.97,84.02,83.72,83.91,58903.01,2026-05-27 10:30:00
1779879600000,83.91,84.18,83.86,84.02,70411.85,2026-05-27 11:00:00
1779881400000,84.02,84.13,83.85,83.87,51454.01,2026-05-27 11:30:00
1779883200000,83.88,84.64,83.5,84.29,253992.61,2026-05-27 12:00:00
1779885000000,84.29,84.4,83.87,83.87,128471.06,2026-05-27 12:30:00
1779886800000,83.87,84.0,83.44,83.54,164588.26,2026-05-27 13:00:00
1779888600000,83.53,83.63,82.92,83.58,295488.86,2026-05-27 13:30:00
1779890400000,83.58,84.07,83.17,83.37,415525.54,2026-05-27 14:00:00
1779892200000,83.36,83.91,83.32,83.86,138268.4,2026-05-27 14:30:00
1779894000000,83.86,84.6,83.79,84.43,257762.17,2026-05-27 15:00:00
1779895800000,84.44,84.78,84.15,84.4,224521.65,2026-05-27 15:30:00
1779897600000,84.39,84.7,83.97,84.09,160043.77,2026-05-27 16:00:00
1779899400000,84.09,84.25,83.81,84.13,109806.43,2026-05-27 16:30:00
1779901200000,84.14,84.16,83.11,83.68,287498.35,2026-05-27 17:00:00
1779903000000,83.67,83.69,83.12,83.36,117905.03,2026-05-27 17:30:00
1779904800000,83.36,83.53,83.15,83.49,116548.43,2026-05-27 18:00:00
1779906600000,83.49,83.95,83.38,83.9,62643.5,2026-05-27 18:30:00
1779908400000,83.89,84.09,83.85,83.91,110789.87,2026-05-27 19:00:00
1779910200000,83.91,84.09,83.82,83.88,66239.23,2026-05-27 19:30:00
1779912000000,83.87,84.1,83.79,83.84,71884.29,2026-05-27 20:00:00
1779913800000,83.83,83.88,83.7,83.77,43282.31,2026-05-27 20:30:00
1779915600000,83.77,83.77,83.38,83.38,49167.73,2026-05-27 21:00:00
1779917400000,83.38,83.39,82.06,82.42,470130.64,2026-05-27 21:30:00
1779919200000,82.42,82.97,82.18,82.62,259786.73,2026-05-27 22:00:00
1779921000000,82.63,82.77,82.38,82.41,61463.76,2026-05-27 22:30:00
1779922800000,82.41,82.65,82.15,82.25,86833.14,2026-05-27 23:00:00
1779924600000,82.24,82.49,82.14,82.38,82757.01,2026-05-27 23:30:00
1779926400000,82.37,82.61,82.3,82.52,112522.1,2026-05-28 00:00:00
1779928200000,82.52,82.71,82.5,82.66,58804.54,2026-05-28 00:30:00
1779930000000,82.66,82.72,81.87,82.12,205110.96,2026-05-28 01:00:00
1779931800000,82.11,82.43,82.05,82.22,151247.74,2026-05-28 01:30:00
1779933600000,82.23,82.39,81.97,82.15,125211.84,2026-05-28 02:00:00
1779935400000,82.14,82.22,81.96,82.07,83131.76,2026-05-28 02:30:00
1779937200000,82.06,82.21,80.59,81.33,932700.58,2026-05-28 03:00:00
1779939000000,81.33,81.37,80.45,80.65,477155.55,2026-05-28 03:30:00
1779940800000,80.65,80.85,79.93,80.26,618085.25,2026-05-28 04:00:00
1779942600000,80.27,80.89,80.22,80.83,182608.22,2026-05-28 04:30:00
1779944400000,80.83,80.93,80.36,80.46,148602.53,2026-05-28 05:00:00
1779946200000,80.47,80.86,80.45,80.64,90868.62,2026-05-28 05:30:00
1779948000000,80.64,80.84,80.59,80.72,61957.92,2026-05-28 06:00:00
1779949800000,80.72,81.05,80.46,80.89,131472.14,2026-05-28 06:30:00
1779951600000,80.89,81.11,80.8,80.98,136844.44,2026-05-28 07:00:00
1779953400000,80.99,81.24,80.99,81.2,114377.41,2026-05-28 07:30:00
1779955200000,81.2,81.23,80.81,80.88,86140.18,2026-05-28 08:00:00
1779957000000,80.87,81.05,80.77,80.94,63870.99,2026-05-28 08:30:00
1779958800000,80.93,81.15,80.77,81.12,47403.16,2026-05-28 09:00:00
1779960600000,81.11,81.25,81.01,81.16,67401.83,2026-05-28 09:30:00
1779962400000,81.17,81.27,80.86,80.99,76039.32,2026-05-28 10:00:00
1779964200000,80.99,81.05,80.63,80.69,126236.19,2026-05-28 10:30:00
1779966000000,80.69,80.86,80.53,80.71,130957.93,2026-05-28 11:00:00
1779967800000,80.7,80.89,80.59,80.82,60677.26,2026-05-28 11:30:00
1779969600000,80.83,80.91,80.53,80.7,61808.97,2026-05-28 12:00:00
1779971400000,80.7,81.2,80.69,81.09,116894.0,2026-05-28 12:30:00
1779973200000,81.09,81.33,80.67,81.0,161751.98,2026-05-28 13:00:00
1779975000000,81.0,81.02,80.48,80.75,227547.59,2026-05-28 13:30:00
1779976800000,80.74,81.61,79.94,81.07,665261.79,2026-05-28 14:00:00
1779978600000,81.06,81.22,80.63,81.14,166346.91,2026-05-28 14:30:00
1779980400000,81.14,81.26,80.49,80.95,133536.13,2026-05-28 15:00:00
1779982200000,80.96,81.33,80.75,81.09,100546.39,2026-05-28 15:30:00
1779984000000,81.09,81.73,80.87,81.49,155409.86,2026-05-28 16:00:00
1779985800000,81.49,82.13,81.42,82.01,215204.16,2026-05-28 16:30:00
1779987600000,82.02,82.27,81.79,82.12,171675.0,2026-05-28 17:00:00
1779989400000,82.13,82.59,82.08,82.25,124373.35,2026-05-28 17:30:00
1779991200000,82.25,82.92,82.2,82.57,202043.03,2026-05-28 18:00:00
1779993000000,82.57,82.97,82.54,82.85,94241.77,2026-05-28 18:30:00
1779994800000,82.85,82.85,82.36,82.66,79035.14,2026-05-28 19:00:00
1779996600000,82.66,82.72,82.11,82.14,83631.6,2026-05-28 19:30:00
1779998400000,82.13,82.4,81.73,82.37,145763.49,2026-05-28 20:00:00
1780000200000,82.36,82.56,82.25,82.25,55768.59,2026-05-28 20:30:00
1780002000000,82.26,82.63,82.18,82.47,61044.53,2026-05-28 21:00:00
1780003800000,82.46,82.64,82.37,82.38,70189.29,2026-05-28 21:30:00
1780005600000,82.39,82.58,82.0,82.04,117532.7,2026-05-28 22:00:00
1780007400000,82.03,82.1,81.86,81.99,58506.71,2026-05-28 22:30:00
1780009200000,81.99,82.23,81.97,82.21,38569.6,2026-05-28 23:00:00
1780011000000,82.2,82.2,81.93,82.08,49702.29,2026-05-28 23:30:00
1780012800000,82.07,82.41,82.07,82.31,59692.57,2026-05-29 00:00:00
1780014600000,82.32,82.43,82.18,82.28,41960.91,2026-05-29 00:30:00
1780016400000,82.28,82.43,82.03,82.07,62150.75,2026-05-29 01:00:00
1780018200000,82.07,82.28,82.01,82.16,43184.35,2026-05-29 01:30:00
1780020000000,82.16,82.27,81.77,81.78,58630.11,2026-05-29 02:00:00
1780021800000,81.79,81.9,81.41,81.53,155023.95,2026-05-29 02:30:00
1780023600000,81.52,81.91,81.52,81.66,90545.32,2026-05-29 03:00:00
1780025400000,81.66,81.77,81.48,81.58,32976.45,2026-05-29 03:30:00
1780027200000,81.59,81.68,81.33,81.68,59764.33,2026-05-29 04:00:00
1780029000000,81.67,81.91,81.63,81.89,57423.85,2026-05-29 04:30:00
1780030800000,81.89,82.16,81.86,81.94,65220.1,2026-05-29 05:00:00
1780032600000,81.94,82.09,81.77,82.04,43302.35,2026-05-29 05:30:00
1780034400000,82.03,82.46,81.98,82.18,78038.3,2026-05-29 06:00:00
1780036200000,82.18,82.33,82.0,82.25,46189.66,2026-05-29 06:30:00
1780038000000,82.25,82.43,82.21,82.31,106074.92,2026-05-29 07:00:00
1780039800000,82.32,82.32,81.85,82.19,107260.48,2026-05-29 07:30:00
1780041600000,82.19,82.45,82.17,82.33,121846.19,2026-05-29 08:00:00
1780043400000,82.33,82.4,82.12,82.16,52569.65,2026-05-29 08:30:00
1780045200000,82.16,82.6,82.14,82.53,72787.67,2026-05-29 09:00:00
1780047000000,82.52,82.54,82.36,82.4,32929.75,2026-05-29 09:30:00
1780048800000,82.4,82.4,82.18,82.19,54708.88,2026-05-29 10:00:00
1780050600000,82.19,82.22,82.04,82.11,59416.43,2026-05-29 10:30:00
1780052400000,82.1,82.18,81.91,82.01,58138.46,2026-05-29 11:00:00
1780054200000,82.0,82.03,81.46,81.73,118162.25,2026-05-29 11:30:00
1780056000000,81.72,81.74,81.54,81.64,89477.16,2026-05-29 12:00:00
1780057800000,81.64,81.72,81.26,81.45,111656.77,2026-05-29 12:30:00
1780059600000,81.44,81.45,81.14,81.32,80068.64,2026-05-29 13:00:00
1780061400000,81.32,81.68,81.04,81.39,138416.09,2026-05-29 13:30:00
1780063200000,81.4,81.52,80.3,80.85,317539.58,2026-05-29 14:00:00
1780065000000,80.85,81.54,80.42,81.28,357007.71,2026-05-29 14:30:00
1780066800000,81.29,82.65,81.16,82.6,450727.98,2026-05-29 15:00:00
1780068600000,82.6,83.2,82.26,82.52,555662.41,2026-05-29 15:30:00
1780070400000,82.52,82.87,82.15,82.29,179663.71,2026-05-29 16:00:00
1780072200000,82.28,83.08,82.27,82.89,231696.13,2026-05-29 16:30:00
1780074000000,82.88,83.19,82.69,83.04,178153.82,2026-05-29 17:00:00
1780075800000,83.04,83.18,82.62,82.74,96361.18,2026-05-29 17:30:00
1780077600000,82.74,82.95,82.52,82.6,79101.59,2026-05-29 18:00:00
1780079400000,82.6,82.76,81.76,82.02,171853.12,2026-05-29 18:30:00
1780081200000,82.01,82.17,81.53,81.85,100742.79,2026-05-29 19:00:00
1780083000000,81.85,82.35,81.85,82.01,97173.36,2026-05-29 19:30:00
1780084800000,82.01,82.3,81.95,82.22,52508.55,2026-05-29 20:00:00
1780086600000,82.22,82.31,82.01,82.18,55436.5,2026-05-29 20:30:00
1780088400000,82.18,82.37,81.89,81.92,53990.39,2026-05-29 21:00:00
1780090200000,81.91,82.06,81.65,81.66,45794.34,2026-05-29 21:30:00
1780092000000,81.67,81.96,81.55,81.85,82606.94,2026-05-29 22:00:00
1780093800000,81.86,81.99,81.77,81.94,50438.15,2026-05-29 22:30:00
1780095600000,81.94,82.06,81.82,81.91,23143.86,2026-05-29 23:00:00
1780097400000,81.91,82.07,81.72,81.99,61260.02,2026-05-29 23:30:00
1780099200000,81.98,82.19,81.9,82.08,41860.68,2026-05-30 00:00:00
1780101000000,82.09,82.3,82.03,82.24,50670.72,2026-05-30 00:30:00
1780102800000,82.25,82.63,82.17,82.58,74762.26,2026-05-30 01:00:00
1780104600000,82.58,82.94,82.53,82.77,118757.11,2026-05-30 01:30:00
1780106400000,82.78,82.99,82.74,82.77,93140.96,2026-05-30 02:00:00
1780108200000,82.77,82.97,82.77,82.95,53030.37,2026-05-30 02:30:00
1780110000000,82.95,83.05,82.8,82.81,49457.51,2026-05-30 03:00:00
1780111800000,82.82,82.83,82.59,82.64,91080.71,2026-05-30 03:30:00
1780113600000,82.64,82.77,82.09,82.17,158020.69,2026-05-30 04:00:00
1780115400000,82.16,82.3,81.82,82.3,140296.44,2026-05-30 04:30:00
1780117200000,82.29,82.69,82.16,82.42,153664.76,2026-05-30 05:00:00
1780119000000,82.43,82.65,82.41,82.56,44924.05,2026-05-30 05:30:00
1780120800000,82.57,82.67,82.35,82.67,38095.87,2026-05-30 06:00:00
1780122600000,82.67,82.7,82.38,82.43,40584.06,2026-05-30 06:30:00
1780124400000,82.43,82.46,82.22,82.42,45237.39,2026-05-30 07:00:00
1780126200000,82.42,82.48,82.21,82.34,26023.63,2026-05-30 07:30:00
1780128000000,82.34,82.36,82.23,82.31,15626.74,2026-05-30 08:00:00
1780129800000,82.31,82.35,82.14,82.19,27225.32,2026-05-30 08:30:00
1780131600000,82.19,82.27,82.15,82.27,23744.14,2026-05-30 09:00:00
1780133400000,82.26,82.34,82.23,82.28,20284.59,2026-05-30 09:30:00
1780135200000,82.28,82.47,82.27,82.37,50839.79,2026-05-30 10:00:00
1780137000000,82.37,82.44,82.29,82.34,31464.18,2026-05-30 10:30:00
1780138800000,82.34,82.35,82.17,82.28,24065.97,2026-05-30 11:00:00
1780140600000,82.29,82.51,82.27,82.28,26771.29,2026-05-30 11:30:00
1780142400000,82.28,82.36,82.21,82.3,24224.06,2026-05-30 12:00:00
1780144200000,82.3,82.4,82.24,82.4,17656.17,2026-05-30 12:30:00
1780146000000,82.39,82.52,82.38,82.42,49367.81,2026-05-30 13:00:00
1780147800000,82.43,82.46,82.19,82.44,56232.14,2026-05-30 13:30:00
1780149600000,82.44,82.67,82.4,82.63,63994.05,2026-05-30 14:00:00
1780151400000,82.64,82.72,82.53,82.59,81300.4,2026-05-30 14:30:00
1780153200000,82.59,82.88,82.53,82.65,71098.98,2026-05-30 15:00:00
1780155000000,82.65,82.7,82.45,82.63,68685.28,2026-05-30 15:30:00
1780156800000,82.63,82.85,82.58,82.72,53152.96,2026-05-30 16:00:00
1780158600000,82.73,82.89,82.71,82.84,38002.3,2026-05-30 16:30:00
1780160400000,82.84,83.01,82.75,82.86,73472.91,2026-05-30 17:00:00
1780162200000,82.85,83.01,82.59,83.0,67400.27,2026-05-30 17:30:00
1780164000000,83.01,83.07,82.83,82.87,53479.34,2026-05-30 18:00:00
1780165800000,82.86,83.1,82.83,82.97,50075.73,2026-05-30 18:30:00
1780167600000,82.98,83.0,82.78,82.8,28335.41,2026-05-30 19:00:00
1780169400000,82.81,82.99,82.73,82.94,36969.16,2026-05-30 19:30:00
1780171200000,82.95,83.04,82.87,82.88,30461.2,2026-05-30 20:00:00
1780173000000,82.87,82.97,82.81,82.92,18437.0,2026-05-30 20:30:00
1780174800000,82.92,83.07,82.87,83.0,54573.48,2026-05-30 21:00:00
1780176600000,82.99,83.14,82.95,82.97,35286.24,2026-05-30 21:30:00
1780178400000,82.97,82.97,82.52,82.69,101203.2,2026-05-30 22:00:00
1780180200000,82.68,82.71,82.4,82.6,61709.56,2026-05-30 22:30:00
1780182000000,82.6,82.85,82.46,82.59,55557.77,2026-05-30 23:00:00
1780183800000,82.59,82.69,82.48,82.69,23910.17,2026-05-30 23:30:00
1780185600000,82.69,82.89,82.57,82.8,55317.69,2026-05-31 00:00:00
1780187400000,82.79,82.92,82.71,82.88,31020.71,2026-05-31 00:30:00
1780189200000,82.88,83.12,82.87,82.96,75036.53,2026-05-31 01:00:00
1780191000000,82.96,83.18,82.94,82.97,84032.65,2026-05-31 01:30:00
1780192800000,82.97,83.39,82.89,82.9,123869.17,2026-05-31 02:00:00
1780194600000,82.89,83.14,82.83,83.11,68889.11,2026-05-31 02:30:00
1780196400000,83.12,83.31,83.05,83.23,56528.03,2026-05-31 03:00:00
1780198200000,83.23,83.27,83.08,83.19,27895.26,2026-05-31 03:30:00
1780200000000,83.19,83.25,83.04,83.18,32570.38,2026-05-31 04:00:00
1780201800000,83.19,83.25,83.11,83.17,21075.24,2026-05-31 04:30:00
1780203600000,83.16,83.18,82.98,83.06,37372.87,2026-05-31 05:00:00
1780205400000,83.07,83.17,82.94,82.98,31030.27,2026-05-31 05:30:00
1780207200000,82.99,82.99,82.8,82.86,44925.46,2026-05-31 06:00:00
1780209000000,82.85,82.99,82.83,82.91,22831.99,2026-05-31 06:30:00
1780210800000,82.91,82.91,82.57,82.61,75711.94,2026-05-31 07:00:00
1780212600000,82.61,82.66,82.46,82.63,67616.96,2026-05-31 07:30:00
1780214400000,82.63,82.82,82.62,82.79,51109.23,2026-05-31 08:00:00
1780216200000,82.79,82.8,82.54,82.76,40987.25,2026-05-31 08:30:00
1780218000000,82.76,82.83,82.62,82.79,36649.0,2026-05-31 09:00:00
1780219800000,82.79,83.02,82.59,82.69,64725.55,2026-05-31 09:30:00
1780221600000,82.69,82.7,82.43,82.59,89415.65,2026-05-31 10:00:00
1780223400000,82.59,82.68,82.46,82.68,42369.88,2026-05-31 10:30:00
1780225200000,82.68,82.81,82.63,82.8,55654.85,2026-05-31 11:00:00
1780227000000,82.8,82.81,82.61,82.69,39265.17,2026-05-31 11:30:00
1780228800000,82.69,82.81,82.52,82.75,39262.61,2026-05-31 12:00:00
1780230600000,82.75,82.89,82.67,82.78,34082.48,2026-05-31 12:30:00
1780232400000,82.78,83.08,82.7,82.96,51406.76,2026-05-31 13:00:00
1780234200000,82.96,82.99,82.61,82.72,44948.09,2026-05-31 13:30:00
1780236000000,82.71,82.72,81.72,81.95,419066.73,2026-05-31 14:00:00
1780237800000,81.95,82.14,81.84,81.91,102661.33,2026-05-31 14:30:00
1780239600000,81.92,82.24,81.87,82.18,71976.13,2026-05-31 15:00:00
1780241400000,82.18,82.19,81.78,81.83,95488.34,2026-05-31 15:30:00
1780243200000,81.83,82.0,81.56,81.7,178097.3,2026-05-31 16:00:00
1780245000000,81.7,81.72,81.37,81.54,139802.65,2026-05-31 16:30:00
1780246800000,81.53,81.71,81.43,81.69,65816.23,2026-05-31 17:00:00
1780248600000,81.68,81.86,81.68,81.81,45481.25,2026-05-31 17:30:00
1780250400000,81.81,81.82,81.57,81.68,38207.06,2026-05-31 18:00:00
1780252200000,81.68,81.82,81.62,81.71,36071.08,2026-05-31 18:30:00
1780254000000,81.7,81.75,81.38,81.5,40025.78,2026-05-31 19:00:00
1780255800000,81.49,81.62,81.29,81.54,61176.67,2026-05-31 19:30:00
1780257600000,81.55,81.85,81.55,81.74,74455.97,2026-05-31 20:00:00
1780259400000,81.74,81.98,81.7,81.94,31733.89,2026-05-31 20:30:00
1780261200000,81.93,82.03,81.84,81.88,31197.17,2026-05-31 21:00:00
1780263000000,81.88,82.34,81.87,82.26,89491.4,2026-05-31 21:30:00
1780264800000,82.27,82.61,81.99,82.37,132087.87,2026-05-31 22:00:00
1780266600000,82.38,82.65,82.34,82.49,83519.79,2026-05-31 22:30:00
1780268400000,82.49,82.88,82.3,82.42,115527.23,2026-05-31 23:00:00
1780270200000,82.42,82.43,81.91,82.4,118605.21,2026-05-31 23:30:00
1780272000000,82.41,82.97,82.32,82.9,149539.13,2026-06-01 00:00:00
1780273800000,82.9,83.08,82.71,82.79,170895.88,2026-06-01 00:30:00
1780275600000,82.79,82.84,82.19,82.25,149957.47,2026-06-01 01:00:00
1780277400000,82.25,82.37,81.68,81.71,141128.56,2026-06-01 01:30:00
1780279200000,81.71,82.3,81.57,82.2,151321.09,2026-06-01 02:00:00
1780281000000,82.2,82.86,82.06,82.63,160258.37,2026-06-01 02:30:00
1780282800000,82.64,82.94,82.57,82.82,110392.91,2026-06-01 03:00:00
1780284600000,82.82,82.94,82.51,82.58,66031.04,2026-06-01 03:30:00
1780286400000,82.59,82.73,81.8,81.86,193394.22,2026-06-01 04:00:00
1780288200000,81.86,82.07,81.7,81.99,120354.67,2026-06-01 04:30:00
1780290000000,81.98,82.07,81.7,81.73,45645.2,2026-06-01 05:00:00
1780291800000,81.73,81.98,81.56,81.77,106905.65,2026-06-01 05:30:00
1780293600000,81.77,81.81,81.32,81.4,169456.95,2026-06-01 06:00:00
1780295400000,81.39,81.47,81.06,81.4,190137.63,2026-06-01 06:30:00
1780297200000,81.39,81.52,81.19,81.19,78543.98,2026-06-01 07:00:00
1780299000000,81.19,81.2,80.57,80.66,234452.65,2026-06-01 07:30:00
1780300800000,80.67,80.86,80.49,80.6,130250.89,2026-06-01 08:00:00
1780302600000,80.6,81.0,80.4,80.94,168543.64,2026-06-01 08:30:00
1780304400000,80.93,81.24,80.93,81.07,99067.58,2026-06-01 09:00:00
1780306200000,81.08,81.23,80.94,81.03,105050.34,2026-06-01 09:30:00
1780308000000,81.04,81.08,80.8,80.83,85421.63,2026-06-01 10:00:00
1780309800000,80.83,81.14,80.78,81.05,75137.83,2026-06-01 10:30:00
1780311600000,81.05,81.18,80.96,81.1,48066.04,2026-06-01 11:00:00
1780313400000,81.1,81.15,80.57,80.78,118779.16,2026-06-01 11:30:00
1780315200000,80.78,80.96,80.18,80.88,309693.74,2026-06-01 12:00:00
1780317000000,80.87,81.04,80.75,80.8,78199.7,2026-06-01 12:30:00
1780318800000,80.79,80.84,80.13,80.3,296350.35,2026-06-01 13:00:00
1780320600000,80.3,80.59,79.25,79.79,666935.46,2026-06-01 13:30:00
1780322400000,79.8,80.07,79.39,79.52,338215.61,2026-06-01 14:00:00
1780324200000,79.51,79.78,79.4,79.67,126553.18,2026-06-01 14:30:00
1780326000000,79.67,79.88,79.15,79.23,188726.7,2026-06-01 15:00:00
1780327800000,79.22,80.01,79.21,79.57,217331.93,2026-06-01 15:30:00
1780329600000,79.56,79.72,79.06,79.69,251086.01,2026-06-01 16:00:00
1780331400000,79.69,80.42,79.63,80.37,231710.38,2026-06-01 16:30:00
1780333200000,80.37,80.8,80.23,80.79,267633.92,2026-06-01 17:00:00
1780335000000,80.78,81.17,80.59,80.89,298213.5,2026-06-01 17:30:00
1780336800000,80.88,80.97,80.53,80.96,100385.27,2026-06-01 18:00:00
1780338600000,80.95,81.17,80.75,80.81,74443.47,2026-06-01 18:30:00
1780340400000,80.81,81.02,80.57,81.0,49523.45,2026-06-01 19:00:00
1780342200000,80.99,81.29,80.97,81.16,114861.84,2026-06-01 19:30:00
1780344000000,81.15,81.2,80.93,81.07,65037.57,2026-06-01 20:00:00
1780345800000,81.06,81.24,80.97,81.09,64754.58,2026-06-01 20:30:00
1780347600000,81.1,81.11,80.47,80.77,193368.94,2026-06-01 21:00:00
1780349400000,80.76,80.85,80.56,80.64,99809.95,2026-06-01 21:30:00
1780351200000,80.64,80.95,80.28,80.91,125210.67,2026-06-01 22:00:00
1780353000000,80.91,81.45,80.52,81.35,167934.54,2026-06-01 22:30:00
1780354800000,81.35,81.59,81.1,81.11,129802.45,2026-06-01 23:00:00
1780356600000,81.11,81.53,81.03,81.24,137671.9,2026-06-01 23:30:00
1780358400000,81.24,81.26,80.89,80.94,85596.2,2026-06-02 00:00:00
1780360200000,80.95,81.15,80.83,80.85,57854.9,2026-06-02 00:30:00
1780362000000,80.85,80.98,80.58,80.61,88205.95,2026-06-02 01:00:00
1780363800000,80.6,80.65,79.99,80.07,198162.39,2026-06-02 01:30:00
1780365600000,80.08,80.5,79.32,80.48,347887.21,2026-06-02 02:00:00
1780367400000,80.48,80.75,80.09,80.74,142741.55,2026-06-02 02:30:00
1780369200000,80.75,80.96,80.6,80.86,116789.76,2026-06-02 03:00:00
1780371000000,80.86,81.0,80.73,80.87,73560.42,2026-06-02 03:30:00
1780372800000,80.87,80.98,80.41,80.84,151501.7,2026-06-02 04:00:00
1780374600000,80.84,80.88,80.33,80.41,83796.41,2026-06-02 04:30:00
1780376400000,80.4,80.56,80.03,80.03,101843.53,2026-06-02 05:00:00
1780378200000,80.04,80.2,79.5,79.59,200952.06,2026-06-02 05:30:00
1780380000000,79.58,79.78,79.35,79.61,178363.16,2026-06-02 06:00:00
1780381800000,79.61,79.76,79.27,79.55,231503.04,2026-06-02 06:30:00
1780383600000,79.54,79.89,79.09,79.45,190267.51,2026-06-02 07:00:00
1780385400000,79.45,79.87,79.43,79.63,100044.13,2026-06-02 07:30:00
1780387200000,79.62,79.73,79.45,79.65,119099.64,2026-06-02 08:00:00
1780389000000,79.65,79.76,79.42,79.57,71948.58,2026-06-02 08:30:00
1780390800000,79.58,79.6,78.72,78.88,301227.98,2026-06-02 09:00:00
1780392600000,78.88,79.21,78.77,79.05,163990.96,2026-06-02 09:30:00
1780394400000,79.05,79.42,78.92,79.35,86840.98,2026-06-02 10:00:00
1780396200000,79.35,79.45,79.16,79.39,83267.51,2026-06-02 10:30:00
1780398000000,79.39,79.41,78.86,78.99,150296.66,2026-06-02 11:00:00
1780399800000,78.99,79.14,78.81,78.9,78360.4,2026-06-02 11:30:00
1780401600000,78.89,79.01,78.61,78.89,185211.04,2026-06-02 12:00:00
1780403400000,78.89,79.12,78.73,78.96,141949.42,2026-06-02 12:30:00
1780405200000,78.94,79.18,78.76,79.11,124322.52,2026-06-02 13:00:00
1780407000000,79.11,79.19,78.78,78.9,148203.6,2026-06-02 13:30:00
1780408800000,78.9,78.93,76.66,77.2,1125474.33,2026-06-02 14:00:00
1780410600000,77.19,77.89,76.97,77.38,450307.78,2026-06-02 14:30:00
1780412400000,77.39,77.44,76.18,76.31,568511.31,2026-06-02 15:00:00
1780414200000,76.3,76.45,75.44,76.34,800133.07,2026-06-02 15:30:00
1780416000000,76.33,77.61,76.1,77.19,592560.99,2026-06-02 16:00:00
1780417800000,77.18,77.24,76.65,76.67,162077.33,2026-06-02 16:30:00
1780419600000,76.67,77.1,76.43,77.01,195667.31,2026-06-02 17:00:00
1780421400000,77.0,77.14,76.69,76.78,80329.23,2026-06-02 17:30:00
1780423200000,76.78,77.03,76.22,76.27,132971.71,2026-06-02 18:00:00
1780425000000,76.27,76.35,75.73,76.09,208933.77,2026-06-02 18:30:00
1780426800000,76.09,76.21,75.45,75.49,229080.04,2026-06-02 19:00:00
1780428600000,75.49,75.94,74.32,75.46,714430.68,2026-06-02 19:30:00
1780430400000,75.47,75.89,74.71,74.82,182703.68,2026-06-02 20:00:00
1780432200000,74.83,75.5,74.82,75.38,138562.63,2026-06-02 20:30:00
1780434000000,75.37,75.9,75.26,75.85,119968.79,2026-06-02 21:00:00
1780435800000,75.85,76.02,75.52,75.6,106574.61,2026-06-02 21:30:00
1780437600000,75.61,75.61,74.52,75.29,326360.92,2026-06-02 22:00:00
1780439400000,75.28,75.33,73.26,73.62,701832.59,2026-06-02 22:30:00
1780441200000,73.62,73.95,72.65,73.01,664087.38,2026-06-02 23:00:00
1780443000000,73.01,74.27,72.8,74.18,420022.2,2026-06-02 23:30:00
1780444800000,74.18,75.08,73.94,74.66,501775.74,2026-06-03 00:00:00
1780446600000,74.67,75.07,74.54,74.77,142401.11,2026-06-03 00:30:00
1780448400000,74.77,74.99,74.59,74.91,132228.49,2026-06-03 01:00:00
1780450200000,74.91,74.98,74.07,74.68,190834.42,2026-06-03 01:30:00
1780452000000,74.69,74.75,74.18,74.32,98372.82,2026-06-03 02:00:00
1780453800000,74.32,74.49,74.15,74.35,82268.71,2026-06-03 02:30:00
1780455600000,74.36,74.48,73.71,73.8,183711.04,2026-06-03 03:00:00
1780457400000,73.81,74.07,72.21,72.66,928355.43,2026-06-03 03:30:00
1780459200000,72.66,73.74,72.64,73.58,347038.32,2026-06-03 04:00:00
1780461000000,73.58,74.06,73.28,74.01,234987.46,2026-06-03 04:30:00
1780462800000,74.01,74.85,74.01,74.59,431462.0,2026-06-03 05:00:00
1780464600000,74.58,74.76,74.17,74.67,209967.09,2026-06-03 05:30:00
1780466400000,74.67,75.1,74.61,75.0,275681.09,2026-06-03 06:00:00
1780468200000,74.99,75.31,74.77,74.81,244080.05,2026-06-03 06:30:00
1780470000000,74.81,75.33,74.71,75.09,222152.94,2026-06-03 07:00:00
1780471800000,75.08,75.38,75.07,75.21,92022.36,2026-06-03 07:30:00
1780473600000,75.2,75.28,74.81,74.94,155552.71,2026-06-03 08:00:00
1780475400000,74.94,75.18,74.86,74.94,111956.18,2026-06-03 08:30:00
1780477200000,74.95,75.05,74.72,74.85,98951.16,2026-06-03 09:00:00
1780479000000,74.85,75.36,74.66,74.95,230557.38,2026-06-03 09:30:00
1780480800000,74.94,75.62,74.91,75.46,218772.22,2026-06-03 10:00:00
1780482600000,75.45,75.55,75.28,75.49,75270.92,2026-06-03 10:30:00
1780484400000,75.5,75.66,75.42,75.57,145382.34,2026-06-03 11:00:00
1780486200000,75.57,75.57,74.94,75.07,132876.49,2026-06-03 11:30:00
1780488000000,75.07,75.13,74.64,75.02,158999.68,2026-06-03 12:00:00
1780489800000,75.01,75.22,74.79,75.14,76894.88,2026-06-03 12:30:00
1780491600000,75.13,75.32,74.66,74.74,189076.29,2026-06-03 13:00:00
1780493400000,74.74,75.09,74.34,74.52,290298.63,2026-06-03 13:30:00
1780495200000,74.51,74.56,73.77,74.01,275169.65,2026-06-03 14:00:00
1780497000000,74.01,74.41,73.8,74.4,184443.85,2026-06-03 14:30:00
1780498800000,74.41,74.45,73.7,74.19,452791.05,2026-06-03 15:00:00
1780500600000,74.18,74.29,73.2,73.26,352736.4,2026-06-03 15:30:00
1780502400000,73.26,73.43,71.97,72.35,789523.48,2026-06-03 16:00:00
1780504200000,72.34,72.96,72.32,72.95,375757.31,2026-06-03 16:30:00
1780506000000,72.95,73.43,72.34,73.42,454051.45,2026-06-03 17:00:00
1780507800000,73.42,74.07,72.94,73.13,404340.15,2026-06-03 17:30:00
1780509600000,73.13,73.44,72.58,72.72,242637.36,2026-06-03 18:00:00
1780511400000,72.72,73.17,72.41,73.06,148891.4,2026-06-03 18:30:00
1780513200000,73.06,73.12,71.93,72.04,241309.08,2026-06-03 19:00:00
1780515000000,72.03,72.58,71.64,71.94,538268.98,2026-06-03 19:30:00
1780516800000,71.94,72.38,71.54,72.32,343616.15,2026-06-03 20:00:00
1780518600000,72.31,72.39,70.81,71.18,605659.27,2026-06-03 20:30:00
1780520400000,71.18,71.97,70.98,71.72,301412.96,2026-06-03 21:00:00
1780522200000,71.72,72.81,71.66,72.76,278743.46,2026-06-03 21:30:00
1780524000000,72.76,73.13,72.08,72.3,227686.65,2026-06-03 22:00:00
1780525800000,72.3,72.39,71.87,72.16,162580.38,2026-06-03 22:30:00
1780527600000,72.17,72.22,71.52,71.73,184551.32,2026-06-03 23:00:00
1780529400000,71.74,71.91,71.53,71.57,147795.23,2026-06-03 23:30:00
1780531200000,71.58,72.06,70.45,70.45,385415.03,2026-06-04 00:00:00
1780533000000,70.46,71.25,70.27,70.71,613523.93,2026-06-04 00:30:00
1780534800000,70.72,70.92,68.91,69.25,869564.29,2026-06-04 01:00:00
1780536600000,69.26,69.96,68.34,68.57,873067.33,2026-06-04 01:30:00
1780538400000,68.57,69.55,66.59,69.26,2015241.16,2026-06-04 02:00:00
1780540200000,69.25,70.4,69.1,69.99,525020.44,2026-06-04 02:30:00
1780542000000,70.0,71.25,69.99,70.97,586043.7,2026-06-04 03:00:00
1780543800000,70.97,71.58,70.94,71.42,323063.88,2026-06-04 03:30:00
1780545600000,71.42,71.72,71.34,71.4,194105.9,2026-06-04 04:00:00
1780547400000,71.4,71.45,70.74,70.83,261097.25,2026-06-04 04:30:00
1780549200000,70.83,70.84,69.84,70.06,422831.17,2026-06-04 05:00:00
1780551000000,70.05,70.62,69.91,70.29,248008.57,2026-06-04 05:30:00
1780552800000,70.28,71.18,70.2,70.79,170283.27,2026-06-04 06:00:00
1780554600000,70.78,71.06,70.3,70.3,212208.03,2026-06-04 06:30:00
1780556400000,70.31,70.36,69.37,69.62,444580.89,2026-06-04 07:00:00
1780558200000,69.62,69.97,69.07,69.1,227122.68,2026-06-04 07:30:00
1780560000000,69.09,69.4,68.24,68.95,610597.23,2026-06-04 08:00:00
1780561800000,68.95,69.37,68.74,69.19,320080.35,2026-06-04 08:30:00
1780563600000,69.19,69.23,67.73,67.86,494363.51,2026-06-04 09:00:00
1780565400000,67.86,68.82,67.68,68.81,337010.7,2026-06-04 09:30:00
1780567200000,68.82,68.9,68.23,68.31,334742.44,2026-06-04 10:00:00
1780569000000,68.3,68.75,67.47,67.84,592281.73,2026-06-04 10:30:00
1780570800000,67.84,68.4,67.34,68.15,356436.91,2026-06-04 11:00:00
1780572600000,68.16,68.66,67.88,68.64,231861.25,2026-06-04 11:30:00
1780574400000,68.65,69.36,68.26,69.33,439556.36,2026-06-04 12:00:00
1780576200000,69.32,70.32,69.24,70.05,499351.6,2026-06-04 12:30:00
1780578000000,70.06,70.13,68.96,69.31,346031.82,2026-06-04 13:00:00
1780579800000,69.31,70.53,69.22,70.32,411360.77,2026-06-04 13:30:00
1780581600000,70.32,70.6,69.98,70.11,231519.9,2026-06-04 14:00:00
1780583400000,70.1,70.13,69.51,69.74,184865.27,2026-06-04 14:30:00
1780585200000,69.73,70.47,69.35,69.81,341512.77,2026-06-04 15:00:00
1780587000000,69.82,69.9,69.38,69.61,266495.03,2026-06-04 15:30:00
1780588800000,69.61,69.63,69.04,69.05,192805.09,2026-06-04 16:00:00
1780590600000,69.05,69.61,68.93,69.37,187913.55,2026-06-04 16:30:00
1780592400000,69.36,69.7,68.97,69.16,190629.67,2026-06-04 17:00:00
1780594200000,69.16,69.53,68.45,69.2,290707.47,2026-06-04 17:30:00
1780596000000,69.2,69.61,68.6,69.61,202283.93,2026-06-04 18:00:00
1780597800000,69.61,69.85,69.41,69.46,196974.31,2026-06-04 18:30:00
1780599600000,69.46,69.68,69.06,69.53,212952.77,2026-06-04 19:00:00
1780601400000,69.54,69.59,68.98,69.05,113539.96,2026-06-04 19:30:00
1780603200000,69.04,69.1,68.4,68.72,177260.92,2026-06-04 20:00:00
1780605000000,68.73,68.97,68.48,68.76,101014.64,2026-06-04 20:30:00
1780606800000,68.76,69.01,68.17,68.27,177605.24,2026-06-04 21:00:00
1780608600000,68.27,68.3,67.55,67.74,265934.44,2026-06-04 21:30:00
1780610400000,67.73,68.1,67.51,67.9,223392.99,2026-06-04 22:00:00
1780612200000,67.9,68.53,67.55,68.43,249607.49,2026-06-04 22:30:00
1780614000000,68.43,68.84,67.95,68.23,201292.29,2026-06-04 23:00:00
1780615800000,68.22,68.88,68.17,68.81,138180.43,2026-06-04 23:30:00
1780617600000,68.81,69.04,68.28,69.03,167935.25,2026-06-05 00:00:00
1780619400000,69.02,69.06,68.21,68.25,207821.65,2026-06-05 00:30:00
1780621200000,68.24,68.41,67.51,68.4,409932.27,2026-06-05 01:00:00
1780623000000,68.4,68.78,68.24,68.45,223079.76,2026-06-05 01:30:00
1780624800000,68.46,68.57,67.68,67.68,301978.91,2026-06-05 02:00:00
1780626600000,67.68,68.03,67.14,67.27,338318.94,2026-06-05 02:30:00
1780628400000,67.28,67.83,66.96,67.27,348458.99,2026-06-05 03:00:00
1780630200000,67.27,67.63,66.88,67.05,312261.11,2026-06-05 03:30:00
1780632000000,67.06,67.85,66.43,67.83,598805.68,2026-06-05 04:00:00
1780633800000,67.83,67.97,66.88,67.89,314514.41,2026-06-05 04:30:00
1780635600000,67.9,68.04,67.45,67.78,228476.96,2026-06-05 05:00:00
1780637400000,67.78,67.97,66.01,66.17,695073.14,2026-06-05 05:30:00
1780639200000,66.17,66.5,63.75,64.57,1833151.89,2026-06-05 06:00:00
1780641000000,64.58,65.47,64.38,65.0,729890.45,2026-06-05 06:30:00
1780642800000,64.99,65.5,63.86,65.44,612088.26,2026-06-05 07:00:00
1780644600000,65.43,66.26,65.25,66.12,457967.93,2026-06-05 07:30:00
1780646400000,66.12,66.16,65.36,65.88,337840.88,2026-06-05 08:00:00
1780648200000,65.89,66.08,65.03,65.27,263556.24,2026-06-05 08:30:00
1780650000000,65.26,66.49,65.25,66.35,621168.69,2026-06-05 09:00:00
1780651800000,66.35,66.55,66.02,66.5,210729.17,2026-06-05 09:30:00
1780653600000,66.49,66.7,66.16,66.45,233900.36,2026-06-05 10:00:00
1780655400000,66.46,66.7,66.1,66.37,217515.51,2026-06-05 10:30:00
1780657200000,66.37,66.77,65.76,66.54,347953.51,2026-06-05 11:00:00
1780659000000,66.54,66.6,65.91,66.02,190313.92,2026-06-05 11:30:00
1780660800000,66.02,66.31,65.38,65.85,320714.25,2026-06-05 12:00:00
1780662600000,65.85,66.23,65.16,65.77,349697.58,2026-06-05 12:30:00
1780664400000,65.78,66.7,65.76,66.45,339178.09,2026-06-05 13:00:00
1780666200000,66.44,66.78,64.24,64.28,637187.86,2026-06-05 13:30:00
1780668000000,64.28,65.32,63.87,64.84,812545.13,2026-06-05 14:00:00
1780669800000,64.84,65.82,64.63,65.23,611046.04,2026-06-05 14:30:00
1780671600000,65.23,65.3,64.13,64.56,742613.38,2026-06-05 15:00:00
1780673400000,64.55,64.77,63.72,64.21,837509.21,2026-06-05 15:30:00
1780675200000,64.2,65.5,63.11,64.91,1678896.1,2026-06-05 16:00:00
1780677000000,64.92,65.96,64.4,65.84,532491.99,2026-06-05 16:30:00
1780678800000,65.83,66.02,64.75,64.85,373892.58,2026-06-05 17:00:00
1780680600000,64.85,65.55,64.76,65.06,173549.29,2026-06-05 17:30:00
1780682400000,65.06,65.35,63.92,63.95,370768.05,2026-06-05 18:00:00
1780684200000,63.95,64.24,62.57,62.86,827163.89,2026-06-05 18:30:00
1780686000000,62.86,62.99,61.39,62.74,957115.78,2026-06-05 19:00:00
1780687800000,62.74,63.79,61.91,63.38,606147.89,2026-06-05 19:30:00
1780689600000,63.38,64.34,62.63,64.16,667789.39,2026-06-05 20:00:00
1780691400000,64.15,64.78,63.99,64.6,290393.34,2026-06-05 20:30:00
1780693200000,64.6,65.1,64.48,64.89,336839.06,2026-06-05 21:00:00
1780695000000,64.89,65.36,64.71,64.84,134319.67,2026-06-05 21:30:00
1780696800000,64.84,64.86,63.73,64.09,468137.21,2026-06-05 22:00:00
1780698600000,64.1,64.63,63.93,64.36,198874.29,2026-06-05 22:30:00
1780700400000,64.35,64.75,63.37,63.53,286881.01,2026-06-05 23:00:00
1780702200000,63.52,63.61,62.59,63.6,356412.74,2026-06-05 23:30:00
1780704000000,63.6,64.63,63.57,64.41,268307.98,2026-06-06 00:00:00
1780705800000,64.4,64.78,64.35,64.62,128941.88,2026-06-06 00:30:00
1780707600000,64.63,64.82,63.76,64.37,262205.98,2026-06-06 01:00:00
1780709400000,64.37,64.47,63.73,63.78,146893.2,2026-06-06 01:30:00
1780711200000,63.78,63.83,63.2,63.46,282696.75,2026-06-06 02:00:00
1780713000000,63.47,63.89,63.37,63.46,157866.48,2026-06-06 02:30:00
1780714800000,63.46,63.47,62.85,63.0,222618.75,2026-06-06 03:00:00
1780716600000,63.0,63.04,62.48,62.79,266478.19,2026-06-06 03:30:00
1780718400000,62.79,63.07,60.89,61.15,930470.46,2026-06-06 04:00:00
1780720200000,61.15,61.27,60.27,60.8,774166.74,2026-06-06 04:30:00
1780722000000,60.81,62.62,60.02,62.06,1072924.16,2026-06-06 05:00:00
1780723800000,62.06,62.67,61.85,62.55,605457.33,2026-06-06 05:30:00
1780725600000,62.56,63.31,62.51,62.98,450360.38,2026-06-06 06:00:00
1780727400000,62.98,63.25,62.04,62.18,403402.86,2026-06-06 06:30:00
1780729200000,62.19,63.13,62.02,62.62,439755.23,2026-06-06 07:00:00
1780731000000,62.61,63.08,62.56,62.74,173477.27,2026-06-06 07:30:00
1780732800000,62.75,63.41,62.46,63.31,269480.28,2026-06-06 08:00:00
1780734600000,63.3,63.55,63.07,63.12,226956.77,2026-06-06 08:30:00
1780736400000,63.12,63.52,62.99,63.51,129985.24,2026-06-06 09:00:00
1780738200000,63.51,63.53,62.43,62.65,264055.38,2026-06-06 09:30:00
1780740000000,62.65,62.66,61.59,61.8,508180.18,2026-06-06 10:00:00
1780741800000,61.81,61.85,61.13,61.78,447394.32,2026-06-06 10:30:00
1780743600000,61.78,62.32,61.7,62.24,264737.55,2026-06-06 11:00:00
1780745400000,62.23,62.63,62.13,62.38,155387.01,2026-06-06 11:30:00
1780747200000,62.38,62.71,62.16,62.16,199375.52,2026-06-06 12:00:00
1780749000000,62.16,63.05,61.97,62.87,337734.73,2026-06-06 12:30:00
1780750800000,62.88,63.02,62.46,62.52,145183.15,2026-06-06 13:00:00
1780752600000,62.52,62.74,62.12,62.39,168143.87,2026-06-06 13:30:00
1780754400000,62.4,62.88,62.3,62.59,160465.85,2026-06-06 14:00:00
1780756200000,62.59,62.86,62.26,62.27,152026.9,2026-06-06 14:30:00
1780758000000,62.27,62.44,61.26,61.61,486880.83,2026-06-06 15:00:00
1780759800000,61.6,62.29,61.49,62.0,243556.19,2026-06-06 15:30:00
1780761600000,61.99,62.37,61.48,61.52,264093.23,2026-06-06 16:00:00
1780763400000,61.52,62.17,61.3,62.08,288158.52,2026-06-06 16:30:00
1780765200000,62.07,62.18,61.58,61.77,209669.78,2026-06-06 17:00:00
1780767000000,61.78,62.21,61.41,61.58,310354.92,2026-06-06 17:30:00
1780768800000,61.57,62.12,61.36,62.0,216416.89,2026-06-06 18:00:00
1780770600000,62.0,62.0,61.48,61.69,117701.52,2026-06-06 18:30:00
1780772400000,61.69,62.15,61.59,61.73,176029.65,2026-06-06 19:00:00
1780774200000,61.73,61.83,61.58,61.58,69473.14,2026-06-06 19:30:00
1780776000000,61.58,61.71,61.31,61.45,185864.16,2026-06-06 20:00:00
1780777800000,61.45,61.92,61.38,61.81,166864.89,2026-06-06 20:30:00
1780779600000,61.8,62.2,61.77,62.09,157008.47,2026-06-06 21:00:00
1780781400000,62.08,62.33,61.84,61.86,94598.57,2026-06-06 21:30:00
1780783200000,61.85,61.94,61.43,61.48,168961.38,2026-06-06 22:00:00
1780785000000,61.48,61.88,61.41,61.68,95688.25,2026-06-06 22:30:00
1780786800000,61.67,62.09,61.63,61.9,92891.4,2026-06-06 23:00:00
1780788600000,61.9,62.27,61.87,62.15,113106.52,2026-06-06 23:30:00
1780790400000,62.16,62.3,61.91,62.23,112179.72,2026-06-07 00:00:00
1780792200000,62.22,62.61,62.05,62.06,158218.82,2026-06-07 00:30:00
1780794000000,62.05,63.74,61.98,63.7,611835.82,2026-06-07 01:00:00
1780795800000,63.7,63.81,63.38,63.62,275644.67,2026-06-07 01:30:00
1780797600000,63.62,63.74,63.09,63.18,194764.34,2026-06-07 02:00:00
1780799400000,63.17,63.59,63.02,63.49,252098.47,2026-06-07 02:30:00
1780801200000,63.49,64.18,63.35,63.96,300810.09,2026-06-07 03:00:00
1780803000000,63.96,63.98,63.51,63.78,152642.16,2026-06-07 03:30:00
1780804800000,63.78,63.79,63.24,63.32,120201.57,2026-06-07 04:00:00
1780806600000,63.32,64.08,63.31,64.04,202450.94,2026-06-07 04:30:00
1780808400000,64.03,64.44,63.84,64.17,412336.45,2026-06-07 05:00:00
1780810200000,64.17,64.41,63.97,64.2,221856.45,2026-06-07 05:30:00
1780812000000,64.2,64.86,63.97,64.71,320700.95,2026-06-07 06:00:00
1780813800000,64.71,64.95,64.62,64.79,273367.97,2026-06-07 06:30:00
1780815600000,64.78,64.94,64.54,64.9,216046.26,2026-06-07 07:00:00
1780817400000,64.89,64.96,64.69,64.87,122683.68,2026-06-07 07:30:00
1780819200000,64.87,64.9,64.43,64.81,260519.37,2026-06-07 08:00:00
1780821000000,64.81,65.9,64.66,65.89,502464.74,2026-06-07 08:30:00
1780822800000,65.9,66.04,65.48,65.72,430317.4,2026-06-07 09:00:00
1780824600000,65.72,65.74,64.77,64.96,345905.81,2026-06-07 09:30:00
1780826400000,64.97,65.05,64.56,64.91,242337.28,2026-06-07 10:00:00
1780828200000,64.91,64.98,64.35,64.6,253805.64,2026-06-07 10:30:00
1780830000000,64.59,64.79,64.46,64.77,139601.72,2026-06-07 11:00:00
1780831800000,64.76,65.16,64.66,64.97,235105.87,2026-06-07 11:30:00
1780833600000,64.96,65.03,63.78,63.97,669647.74,2026-06-07 12:00:00
1780835400000,63.98,64.36,63.58,64.26,471251.59,2026-06-07 12:30:00
1780837200000,64.26,64.34,64.02,64.31,152765.77,2026-06-07 13:00:00
1780839000000,64.31,64.38,64.08,64.28,88819.31,2026-06-07 13:30:00
1780840800000,64.27,65.01,64.26,64.91,222186.24,2026-06-07 14:00:00
1780842600000,64.91,65.29,64.55,64.85,253932.8,2026-06-07 14:30:00
1780844400000,64.85,64.93,64.58,64.91,127968.53,2026-06-07 15:00:00
1780846200000,64.91,65.19,64.72,64.93,149308.47,2026-06-07 15:30:00
1780848000000,64.92,65.12,64.69,64.96,162916.95,2026-06-07 16:00:00
1780849800000,64.95,65.28,64.88,65.09,165129.61,2026-06-07 16:30:00
1780851600000,65.09,65.58,65.01,65.39,162361.09,2026-06-07 17:00:00
1780853400000,65.39,65.54,65.08,65.25,134399.44,2026-06-07 17:30:00
1780855200000,65.26,65.53,65.16,65.36,142744.94,2026-06-07 18:00:00
1780857000000,65.36,65.5,64.83,64.9,94303.42,2026-06-07 18:30:00
1780858800000,64.9,64.92,63.7,63.98,465838.61,2026-06-07 19:00:00
1780860600000,63.98,64.05,63.56,63.87,219104.35,2026-06-07 19:30:00
1780862400000,63.87,64.63,63.67,64.42,197309.23,2026-06-07 20:00:00
1780864200000,64.43,64.74,64.34,64.62,121371.99,2026-06-07 20:30:00
1780866000000,64.63,64.86,64.4,64.52,106952.18,2026-06-07 21:00:00
1780867800000,64.51,64.56,64.24,64.55,91874.1,2026-06-07 21:30:00
1780869600000,64.56,67.9,64.45,66.2,1310828.75,2026-06-07 22:00:00
1780871400000,66.2,66.72,65.69,65.77,363786.73,2026-06-07 22:30:00
1780873200000,65.77,66.32,65.71,66.3,243717.2,2026-06-07 23:00:00
1780875000000,66.3,66.6,65.98,66.46,270051.35,2026-06-07 23:30:00
1780876800000,66.45,66.56,65.97,66.51,230486.15,2026-06-08 00:00:00
1780878600000,66.51,67.07,66.35,66.66,274176.35,2026-06-08 00:30:00
1780880400000,66.67,66.75,65.41,65.49,356372.32,2026-06-08 01:00:00
1780882200000,65.5,66.25,65.33,66.13,263369.96,2026-06-08 01:30:00
1780884000000,66.13,66.59,66.0,66.43,159183.34,2026-06-08 02:00:00
1780885800000,66.44,66.52,66.05,66.4,238593.87,2026-06-08 02:30:00
1780887600000,66.39,66.7,66.17,66.21,201238.62,2026-06-08 03:00:00
1780889400000,66.21,66.38,66.12,66.3,74595.87,2026-06-08 03:30:00
1780891200000,66.3,66.37,65.52,65.71,182107.47,2026-06-08 04:00:00
1780893000000,65.71,65.82,65.31,65.37,216786.26,2026-06-08 04:30:00
1780894800000,65.37,65.6,65.03,65.38,191305.34,2026-06-08 05:00:00
1780896600000,65.37,65.38,64.92,65.28,144201.59,2026-06-08 05:30:00
1780898400000,65.28,65.83,65.23,65.72,225812.67,2026-06-08 06:00:00
1780900200000,65.71,65.79,65.53,65.63,129494.63,2026-06-08 06:30:00
1780902000000,65.63,66.0,65.32,65.92,188647.35,2026-06-08 07:00:00
1780903800000,65.92,66.18,65.84,66.07,111955.16,2026-06-08 07:30:00
1780905600000,66.06,66.06,65.46,65.69,134166.13,2026-06-08 08:00:00
1780907400000,65.7,65.83,65.4,65.57,100548.61,2026-06-08 08:30:00
1780909200000,65.57,66.13,65.55,65.96,130350.63,2026-06-08 09:00:00
1780911000000,65.97,66.34,65.73,66.31,225349.39,2026-06-08 09:30:00
1780912800000,66.32,66.39,65.75,65.87,185989.31,2026-06-08 10:00:00
1780914600000,65.87,66.41,65.82,66.15,196404.5,2026-06-08 10:30:00
1780916400000,66.16,66.9,65.98,66.77,306062.5,2026-06-08 11:00:00
1780918200000,66.77,67.02,66.54,66.64,223581.97,2026-06-08 11:30:00
1780920000000,66.65,66.88,65.9,66.42,390832.45,2026-06-08 12:00:00
1780921800000,66.41,67.28,66.41,67.22,353649.34,2026-06-08 12:30:00
1780923600000,67.22,67.24,66.75,66.79,276822.62,2026-06-08 13:00:00
1780925400000,66.79,66.97,66.36,66.74,299048.0,2026-06-08 13:30:00
1780927200000,66.74,66.9,66.39,66.76,272486.48,2026-06-08 14:00:00
1780929000000,66.76,67.28,66.7,67.24,334748.22,2026-06-08 14:30:00
1780930800000,67.24,67.78,67.19,67.4,477916.97,2026-06-08 15:00:00
1780932600000,67.4,67.53,67.01,67.14,285917.39,2026-06-08 15:30:00
1780934400000,67.15,67.72,66.97,67.48,202884.01,2026-06-08 16:00:00
1780936200000,67.48,67.52,66.85,66.9,249151.86,2026-06-08 16:30:00
1780938000000,66.91,67.11,66.5,67.1,285241.83,2026-06-08 17:00:00
1780939800000,67.09,67.35,66.67,67.34,122116.76,2026-06-08 17:30:00
1780941600000,67.34,67.56,67.33,67.48,129121.74,2026-06-08 18:00:00
1780943400000,67.48,67.58,67.11,67.39,123461.05,2026-06-08 18:30:00
1780945200000,67.39,67.78,67.34,67.59,124595.15,2026-06-08 19:00:00
1780947000000,67.6,67.69,67.22,67.42,201114.07,2026-06-08 19:30:00
1780948800000,67.42,67.49,66.88,66.97,309207.11,2026-06-08 20:00:00
1780950600000,66.97,67.44,66.92,67.44,90308.46,2026-06-08 20:30:00
1780952400000,67.44,68.14,67.37,67.76,219501.44,2026-06-08 21:00:00
1780954200000,67.76,67.9,67.43,67.43,120202.67,2026-06-08 21:30:00
1780956000000,67.43,67.43,66.79,67.03,185463.59,2026-06-08 22:00:00
1780957800000,67.03,67.16,66.85,67.14,101267.49,2026-06-08 22:30:00
1780959600000,67.14,67.37,66.61,66.76,155372.47,2026-06-08 23:00:00
1780961400000,66.77,66.9,66.6,66.79,103256.52,2026-06-08 23:30:00
1780963200000,66.78,66.84,65.77,65.88,453051.93,2026-06-09 00:00:00
1780965000000,65.89,65.96,65.23,65.37,589858.56,2026-06-09 00:30:00
1780966800000,65.37,65.93,65.33,65.83,226124.13,2026-06-09 01:00:00
1780968600000,65.83,66.02,65.7,65.93,109027.9,2026-06-09 01:30:00
1780970400000,65.93,66.04,65.54,65.85,105495.53,2026-06-09 02:00:00
1780972200000,65.86,65.92,65.48,65.87,96636.48,2026-06-09 02:30:00
1780974000000,65.87,66.06,65.74,65.85,127881.75,2026-06-09 03:00:00
1780975800000,65.84,66.0,65.62,65.98,68240.33,2026-06-09 03:30:00
1780977600000,65.97,66.17,65.77,65.92,85474.72,2026-06-09 04:00:00
1780979400000,65.91,67.37,65.83,66.97,603502.26,2026-06-09 04:30:00
1780981200000,66.97,67.14,66.67,67.01,242329.91,2026-06-09 05:00:00
1780983000000,67.01,67.35,67.0,67.15,149384.66,2026-06-09 05:30:00
1780984800000,67.15,67.44,67.07,67.25,132717.4,2026-06-09 06:00:00
1780986600000,67.25,67.33,66.92,67.02,100087.01,2026-06-09 06:30:00
1780988400000,67.02,67.32,66.57,66.65,270047.43,2026-06-09 07:00:00
1780990200000,66.66,66.94,66.65,66.85,98120.91,2026-06-09 07:30:00
1780992000000,66.86,66.89,66.35,66.58,281463.47,2026-06-09 08:00:00
1780993800000,66.58,66.75,66.47,66.55,163796.9,2026-06-09 08:30:00
1780995600000,66.55,66.79,66.36,66.37,150911.24,2026-06-09 09:00:00
1780997400000,66.37,66.4,66.01,66.14,245020.21,2026-06-09 09:30:00
1780999200000,66.14,66.25,65.9,66.17,206338.65,2026-06-09 10:00:00
1781001000000,66.16,66.45,66.0,66.37,143759.76,2026-06-09 10:30:00
1781002800000,66.36,66.43,65.85,65.96,202399.31,2026-06-09 11:00:00
1781004600000,65.97,66.2,65.88,66.07,108484.16,2026-06-09 11:30:00
1781006400000,66.07,66.48,66.04,66.23,255352.18,2026-06-09 12:00:00
1781008200000,66.23,66.29,65.91,66.18,147803.38,2026-06-09 12:30:00
1781010000000,66.18,66.34,65.62,65.72,282373.47,2026-06-09 13:00:00
1781011800000,65.71,66.18,65.55,65.8,338371.81,2026-06-09 13:30:00
1781013600000,65.8,65.96,64.69,64.73,646585.26,2026-06-09 14:00:00
1781015400000,64.74,65.05,64.36,65.04,840124.2,2026-06-09 14:30:00
1781017200000,65.04,65.28,64.63,64.63,392835.99,2026-06-09 15:00:00
1781019000000,64.64,64.78,64.22,64.29,421716.77,2026-06-09 15:30:00
1781020800000,64.28,64.46,63.78,64.07,515807.49,2026-06-09 16:00:00
1781022600000,64.06,64.34,63.51,64.11,637917.8,2026-06-09 16:30:00
1781024400000,64.12,65.12,64.06,64.92,453456.2,2026-06-09 17:00:00
1781026200000,64.93,65.14,64.72,64.76,210266.34,2026-06-09 17:30:00
1781028000000,64.76,65.52,64.63,65.05,247170.22,2026-06-09 18:00:00
1781029800000,65.04,65.35,65.01,65.26,162264.89,2026-06-09 18:30:00
1781031600000,65.26,65.44,65.08,65.31,114009.46,2026-06-09 19:00:00
1781033400000,65.32,65.63,65.02,65.37,223138.16,2026-06-09 19:30:00
1781035200000,65.38,65.68,65.25,65.45,140983.41,2026-06-09 20:00:00
1781037000000,65.45,65.65,65.31,65.58,65872.25,2026-06-09 20:30:00
1781038800000,65.59,65.62,65.08,65.11,111464.93,2026-06-09 21:00:00
1781040600000,65.11,65.15,64.83,64.97,96657.64,2026-06-09 21:30:00
1781042400000,64.98,65.33,64.81,65.1,68553.29,2026-06-09 22:00:00
1781044200000,65.11,65.27,64.78,64.84,91638.47,2026-06-09 22:30:00
1781046000000,64.84,65.14,64.71,64.87,110842.72,2026-06-09 23:00:00
1781047800000,64.88,65.08,64.64,64.92,81536.14,2026-06-09 23:30:00
1781049600000,64.93,65.18,64.82,65.06,71493.6,2026-06-10 00:00:00
1781051400000,65.05,65.16,64.44,65.14,131745.34,2026-06-10 00:30:00
1781053200000,65.14,65.26,64.83,65.15,118880.29,2026-06-10 01:00:00
1781055000000,65.14,65.23,64.76,65.06,92763.43,2026-06-10 01:30:00
1781056800000,65.06,65.21,64.48,64.68,148232.98,2026-06-10 02:00:00
1781058600000,64.68,64.75,64.2,64.27,148226.75,2026-06-10 02:30:00
1781060400000,64.26,64.82,64.23,64.77,84179.95,2026-06-10 03:00:00
1781062200000,64.76,64.77,64.41,64.49,90021.71,2026-06-10 03:30:00
1781064000000,64.48,64.61,64.34,64.46,79361.91,2026-06-10 04:00:00
1781065800000,64.45,64.46,64.07,64.25,101079.13,2026-06-10 04:30:00
1781067600000,64.26,64.35,63.87,64.16,164325.59,2026-06-10 05:00:00
1781069400000,64.16,64.2,63.93,64.08,77978.89,2026-06-10 05:30:00
1781071200000,64.09,64.19,63.88,64.06,144751.13,2026-06-10 06:00:00
1781073000000,64.06,64.34,63.78,64.15,157396.31,2026-06-10 06:30:00
1781074800000,64.15,64.56,64.09,64.48,131929.66,2026-06-10 07:00:00
1781076600000,64.48,64.74,64.4,64.45,139634.28,2026-06-10 07:30:00
1781078400000,64.46,64.49,63.77,63.82,211831.84,2026-06-10 08:00:00
1781080200000,63.82,63.9,63.38,63.58,294553.44,2026-06-10 08:30:00
1781082000000,63.59,63.73,63.02,63.43,273620.38,2026-06-10 09:00:00
1781083800000,63.44,63.7,63.34,63.6,145316.34,2026-06-10 09:30:00
1781085600000,63.61,63.64,63.23,63.52,132521.39,2026-06-10 10:00:00
1781087400000,63.53,63.75,63.38,63.64,95846.25,2026-06-10 10:30:00
1781089200000,63.65,63.78,62.89,63.2,592725.76,2026-06-10 11:00:00
1781091000000,63.2,63.6,63.14,63.46,169933.74,2026-06-10 11:30:00
1781092800000,63.47,63.62,63.26,63.48,172809.29,2026-06-10 12:00:00
1781094600000,63.47,64.65,63.38,64.09,707864.85,2026-06-10 12:30:00
1781096400000,64.09,64.4,63.97,64.37,159765.56,2026-06-10 13:00:00
1781098200000,64.36,65.51,64.25,65.03,754038.49,2026-06-10 13:30:00
1781100000000,65.04,65.24,64.6,64.96,301624.44,2026-06-10 14:00:00
1781101800000,64.96,65.13,64.55,65.02,285134.73,2026-06-10 14:30:00
1781103600000,65.02,65.3,64.51,65.19,254949.86,2026-06-10 15:00:00
1781105400000,65.18,65.79,64.72,65.39,581920.07,2026-06-10 15:30:00
1781107200000,65.4,65.44,64.64,64.93,273547.89,2026-06-10 16:00:00
1781109000000,64.92,65.08,64.19,64.57,268456.97,2026-06-10 16:30:00
1781110800000,64.58,64.94,64.01,64.05,184615.58,2026-06-10 17:00:00
1781112600000,64.05,64.2,63.58,64.0,417214.15,2026-06-10 17:30:00
1781114400000,64.01,64.18,63.68,64.03,196980.35,2026-06-10 18:00:00
1781116200000,64.03,64.03,63.31,63.8,237683.17,2026-06-10 18:30:00
1781118000000,63.8,63.9,63.38,63.6,102914.35,2026-06-10 19:00:00
1781119800000,63.6,63.87,63.34,63.51,223130.83,2026-06-10 19:30:00
1781121600000,63.51,63.62,63.14,63.56,189493.47,2026-06-10 20:00:00
1781123400000,63.55,63.6,63.12,63.28,133128.25,2026-06-10 20:30:00
1781125200000,63.28,63.28,62.63,62.94,237064.5,2026-06-10 21:00:00
1781127000000,62.94,63.11,62.29,62.54,206118.97,2026-06-10 21:30:00
1781128800000,62.55,62.69,62.32,62.56,183127.22,2026-06-10 22:00:00
1781130600000,62.55,63.03,62.53,62.74,201197.25,2026-06-10 22:30:00
1781132400000,62.73,63.08,62.41,63.04,298481.28,2026-06-10 23:00:00
1781134200000,63.03,63.26,62.92,63.16,144160.29,2026-06-10 23:30:00
1781136000000,63.15,63.71,63.15,63.64,158437.56,2026-06-11 00:00:00
1781137800000,63.64,63.73,63.43,63.62,105835.71,2026-06-11 00:30:00
1781139600000,63.62,64.32,63.62,64.23,221589.45,2026-06-11 01:00:00
1781141400000,64.24,65.14,64.1,64.87,555797.38,2026-06-11 01:30:00
1781143200000,64.87,64.96,64.46,64.5,185080.81,2026-06-11 02:00:00
1781145000000,64.51,64.64,64.32,64.49,181750.38,2026-06-11 02:30:00
1781146800000,64.5,64.56,64.29,64.49,66800.73,2026-06-11 03:00:00
1781148600000,64.49,65.46,64.46,65.23,480686.73,2026-06-11 03:30:00
1781150400000,65.22,65.27,64.99,65.06,150926.03,2026-06-11 04:00:00
1781152200000,65.07,65.32,64.87,65.17,125246.7,2026-06-11 04:30:00
1781154000000,65.18,65.2,64.98,65.1,101172.27,2026-06-11 05:00:00
1781155800000,65.09,65.17,64.92,64.94,72885.13,2026-06-11 05:30:00
1781157600000,64.93,65.38,64.78,65.32,210522.93,2026-06-11 06:00:00
1781159400000,65.31,65.4,65.06,65.08,126601.55,2026-06-11 06:30:00
1781161200000,65.08,65.13,64.86,65.08,112263.21,2026-06-11 07:00:00
1781163000000,65.09,65.15,64.74,65.01,133403.53,2026-06-11 07:30:00
1781164800000,65.0,65.48,65.0,65.44,156737.62,2026-06-11 08:00:00
1781166600000,65.45,65.49,65.23,65.27,158053.18,2026-06-11 08:30:00
1781168400000,65.28,65.28,64.99,65.13,252103.73,2026-06-11 09:00:00
1781170200000,65.14,65.52,65.13,65.35,209468.74,2026-06-11 09:30:00
1781172000000,65.36,65.46,65.23,65.4,101727.15,2026-06-11 10:00:00
1781173800000,65.41,65.61,65.38,65.46,136497.23,2026-06-11 10:30:00
1781175600000,65.46,65.58,65.28,65.46,153161.86,2026-06-11 11:00:00
1781177400000,65.47,66.18,65.34,65.85,460440.04,2026-06-11 11:30:00
1781179200000,65.85,65.88,64.93,65.06,533332.51,2026-06-11 12:00:00
1781181000000,65.06,65.33,64.85,65.21,472657.49,2026-06-11 12:30:00
1781182800000,65.22,65.45,65.04,65.22,125035.0,2026-06-11 13:00:00
1781184600000,65.21,65.7,65.02,65.49,351984.43,2026-06-11 13:30:00
1781186400000,65.49,65.57,64.94,65.34,196816.46,2026-06-11 14:00:00
1781188200000,65.34,65.74,65.26,65.31,174358.57,2026-06-11 14:30:00
1781190000000,65.31,65.78,64.95,65.69,390141.04,2026-06-11 15:00:00
1781191800000,65.68,65.83,65.32,65.51,196600.68,2026-06-11 15:30:00
1781193600000,65.51,65.76,65.33,65.41,161664.26,2026-06-11 16:00:00
1781195400000,65.41,65.74,65.26,65.34,122345.64,2026-06-11 16:30:00
1781197200000,65.34,65.87,65.0,65.85,384608.33,2026-06-11 17:00:00
1781199000000,65.85,67.16,65.82,67.13,894359.78,2026-06-11 17:30:00
1781200800000,67.12,67.29,66.64,66.72,361320.19,2026-06-11 18:00:00
1781202600000,66.73,66.98,66.61,66.77,174864.08,2026-06-11 18:30:00
1781204400000,66.76,67.08,66.55,66.9,208104.69,2026-06-11 19:00:00
1781206200000,66.9,67.35,66.85,66.89,209130.84,2026-06-11 19:30:00
1781208000000,66.88,67.0,66.45,66.5,186314.41,2026-06-11 20:00:00
1781209800000,66.49,66.57,66.3,66.54,91796.8,2026-06-11 20:30:00
1781211600000,66.54,67.05,66.52,66.92,88761.67,2026-06-11 21:00:00
1781213400000,66.91,67.06,66.79,66.87,124371.67,2026-06-11 21:30:00
1781215200000,66.87,67.1,66.84,66.94,74463.7,2026-06-11 22:00:00
1781217000000,66.93,67.09,66.82,66.85,69597.38,2026-06-11 22:30:00
1781218800000,66.84,66.84,66.64,66.69,66576.18,2026-06-11 23:00:00
1781220600000,66.68,67.08,66.68,66.88,112617.62,2026-06-11 23:30:00
1781222400000,66.87,67.04,66.69,66.85,99384.73,2026-06-12 00:00:00
1781224200000,66.85,67.07,66.79,66.81,57102.41,2026-06-12 00:30:00
1781226000000,66.81,66.82,66.37,66.48,141116.35,2026-06-12 01:00:00
1781227800000,66.47,66.65,66.42,66.65,78776.33,2026-06-12 01:30:00
1781229600000,66.64,67.14,66.63,66.96,119431.05,2026-06-12 02:00:00
1781231400000,66.96,67.25,66.93,67.1,109865.05,2026-06-12 02:30:00
1781233200000,67.09,67.12,66.63,66.79,101362.85,2026-06-12 03:00:00
1781235000000,66.78,67.0,66.77,66.98,66147.67,2026-06-12 03:30:00
1781236800000,66.97,67.13,66.79,67.06,84628.53,2026-06-12 04:00:00
1781238600000,67.06,67.2,66.98,67.02,64973.11,2026-06-12 04:30:00
1781240400000,67.01,67.05,66.69,66.73,118966.0,2026-06-12 05:00:00
1781242200000,66.73,66.82,66.6,66.69,123488.64,2026-06-12 05:30:00
1781244000000,66.69,66.78,66.35,66.42,150867.43,2026-06-12 06:00:00
1781245800000,66.42,66.42,65.89,66.07,271375.79,2026-06-12 06:30:00
1781247600000,66.07,66.32,66.07,66.25,92357.45,2026-06-12 07:00:00
1781249400000,66.24,66.45,66.12,66.27,170035.7,2026-06-12 07:30:00
1781251200000,66.27,67.02,66.26,66.9,203036.12,2026-06-12 08:00:00
1781253000000,66.91,66.98,66.73,66.86,120718.55,2026-06-12 08:30:00
1781254800000,66.86,67.24,66.79,67.19,141223.44,2026-06-12 09:00:00
1781256600000,67.19,67.45,67.13,67.14,216959.3,2026-06-12 09:30:00
1781258400000,67.13,67.32,66.55,66.67,220688.75,2026-06-12 10:00:00
1781260200000,66.66,66.88,66.66,66.75,95111.36,2026-06-12 10:30:00
1781262000000,66.76,67.02,66.74,66.95,78397.62,2026-06-12 11:00:00
1781263800000,66.94,67.07,66.76,66.89,66988.34,2026-06-12 11:30:00
1781265600000,66.9,66.96,66.71,66.71,92116.01,2026-06-12 12:00:00
1781267400000,66.71,66.94,66.59,66.74,158978.35,2026-06-12 12:30:00
1781269200000,66.74,66.95,66.65,66.8,55835.48,2026-06-12 13:00:00
1781271000000,66.81,66.97,66.33,66.67,467517.8,2026-06-12 13:30:00
1781272800000,66.68,67.2,66.58,67.15,312542.42,2026-06-12 14:00:00
1781274600000,67.15,67.96,67.03,67.88,470243.05,2026-06-12 14:30:00
1781276400000,67.88,68.76,67.62,68.16,701691.6,2026-06-12 15:00:00
1781278200000,68.16,68.22,67.12,67.2,611930.31,2026-06-12 15:30:00
1781280000000,67.21,67.83,67.02,67.58,405028.46,2026-06-12 16:00:00
1781281800000,67.59,67.97,67.48,67.97,169938.24,2026-06-12 16:30:00
1781283600000,67.96,68.17,67.29,67.49,234708.86,2026-06-12 17:00:00
1781285400000,67.5,67.66,67.22,67.35,116252.35,2026-06-12 17:30:00
1781287200000,67.35,67.43,66.95,67.19,213642.56,2026-06-12 18:00:00
1781289000000,67.19,67.44,67.0,67.03,86142.76,2026-06-12 18:30:00
1781290800000,67.03,67.26,66.98,67.18,62291.66,2026-06-12 19:00:00
1781292600000,67.18,67.36,66.63,66.73,262637.66,2026-06-12 19:30:00
1781294400000,66.74,66.77,66.46,66.7,163353.87,2026-06-12 20:00:00
1781296200000,66.7,66.8,66.5,66.64,89798.32,2026-06-12 20:30:00
1781298000000,66.64,66.9,66.56,66.75,54331.83,2026-06-12 21:00:00
1781299800000,66.75,66.79,66.42,66.52,67945.9,2026-06-12 21:30:00
1781301600000,66.53,66.72,66.41,66.64,73398.22,2026-06-12 22:00:00
1781303400000,66.64,66.68,66.43,66.59,57780.12,2026-06-12 22:30:00
1781305200000,66.6,66.63,66.43,66.59,50606.11,2026-06-12 23:00:00
1781307000000,66.59,66.85,66.51,66.77,90410.09,2026-06-12 23:30:00
1781308800000,66.77,66.98,66.73,66.85,56338.08,2026-06-13 00:00:00
1781310600000,66.85,67.05,66.84,66.95,71760.25,2026-06-13 00:30:00
1781312400000,66.95,67.16,66.94,67.16,70459.74,2026-06-13 01:00:00
1781314200000,67.16,67.48,67.1,67.4,116599.82,2026-06-13 01:30:00
1781316000000,67.41,67.46,67.06,67.1,110433.09,2026-06-13 02:00:00
1781317800000,67.11,67.14,66.82,66.93,53517.77,2026-06-13 02:30:00
1781319600000,66.93,67.03,66.63,66.76,130967.17,2026-06-13 03:00:00
1781321400000,66.76,66.92,66.73,66.83,61958.64,2026-06-13 03:30:00
1781323200000,66.84,66.88,66.66,66.73,65152.34,2026-06-13 04:00:00
1781325000000,66.73,66.93,66.6,66.63,47646.08,2026-06-13 04:30:00
1781326800000,66.63,66.85,66.58,66.66,119876.84,2026-06-13 05:00:00
1781328600000,66.67,66.79,66.46,66.75,122225.53,2026-06-13 05:30:00
1781330400000,66.75,66.82,66.62,66.82,42990.09,2026-06-13 06:00:00
1781332200000,66.82,67.19,66.76,67.11,125179.99,2026-06-13 06:30:00
1781334000000,67.11,67.3,66.92,67.22,154447.31,2026-06-13 07:00:00
1781335800000,67.22,67.44,67.11,67.34,157441.57,2026-06-13 07:30:00
1781337600000,67.33,67.42,67.22,67.32,151045.84,2026-06-13 08:00:00
1781339400000,67.32,67.52,67.27,67.28,128399.9,2026-06-13 08:30:00
1781341200000,67.28,67.49,67.28,67.36,90002.99,2026-06-13 09:00:00
1781343000000,67.35,67.39,67.24,67.32,63975.37,2026-06-13 09:30:00
1781344800000,67.33,67.43,67.3,67.36,34750.41,2026-06-13 10:00:00
1781346600000,67.37,67.58,67.28,67.39,88131.67,2026-06-13 10:30:00
1781348400000,67.38,67.92,67.33,67.89,165373.37,2026-06-13 11:00:00
1781350200000,67.88,67.89,67.72,67.87,82538.5,2026-06-13 11:30:00
1781352000000,67.87,67.88,67.75,67.77,99128.92,2026-06-13 12:00:00
1781353800000,67.76,68.03,67.73,67.93,117488.13,2026-06-13 12:30:00
1781355600000,67.92,68.02,67.79,67.94,65297.53,2026-06-13 13:00:00
1781357400000,67.94,68.26,67.82,67.96,221009.19,2026-06-13 13:30:00
1781359200000,67.97,68.39,67.94,68.13,125767.42,2026-06-13 14:00:00
1781361000000,68.13,68.28,68.06,68.24,58691.79,2026-06-13 14:30:00
1781362800000,68.25,68.59,68.12,68.49,183539.75,2026-06-13 15:00:00
1781364600000,68.5,68.67,68.32,68.54,137269.03,2026-06-13 15:30:00
1781366400000,68.55,68.57,67.83,67.98,252374.36,2026-06-13 16:00:00
1781368200000,67.98,68.24,67.78,68.03,176685.86,2026-06-13 16:30:00
1781370000000,68.03,68.16,67.83,68.15,112471.56,2026-06-13 17:00:00
1781371800000,68.15,68.23,67.79,67.95,100087.92,2026-06-13 17:30:00
1781373600000,67.95,68.27,67.92,68.2,40367.35,2026-06-13 18:00:00
1781375400000,68.2,68.33,67.98,68.08,58198.76,2026-06-13 18:30:00
1781377200000,68.07,68.14,67.96,68.02,48102.37,2026-06-13 19:00:00
1781379000000,68.03,68.35,67.97,68.18,80066.77,2026-06-13 19:30:00
1781380800000,68.17,68.21,68.0,68.11,45923.2,2026-06-13 20:00:00
1781382600000,68.11,68.24,68.06,68.24,17630.88,2026-06-13 20:30:00
1781384400000,68.24,68.38,68.18,68.32,79886.44,2026-06-13 21:00:00
1781386200000,68.33,69.56,68.32,69.21,405025.84,2026-06-13 21:30:00
1781388000000,69.22,69.24,68.84,69.06,153063.47,2026-06-13 22:00:00
1781389800000,69.07,69.17,68.83,68.84,80927.05,2026-06-13 22:30:00
1781391600000,68.85,69.14,68.81,68.89,81939.22,2026-06-13 23:00:00
1781393400000,68.9,69.03,68.74,68.88,63850.87,2026-06-13 23:30:00
1781395200000,68.88,68.88,68.63,68.66,61769.7,2026-06-14 00:00:00
1781397000000,68.65,68.84,68.58,68.71,68988.74,2026-06-14 00:30:00
1781398800000,68.72,69.05,68.58,68.95,138004.3,2026-06-14 01:00:00
1781400600000,68.95,68.95,68.73,68.76,71584.01,2026-06-14 01:30:00
1781402400000,68.76,69.05,68.67,68.89,76811.36,2026-06-14 02:00:00
1781404200000,68.89,68.97,68.74,68.78,53832.59,2026-06-14 02:30:00
1781406000000,68.77,68.96,68.72,68.91,47916.73,2026-06-14 03:00:00
1781407800000,68.9,69.0,68.7,68.9,78744.77,2026-06-14 03:30:00
1781409600000,68.9,68.96,68.72,68.8,53019.0,2026-06-14 04:00:00
1781411400000,68.81,68.82,68.37,68.49,176572.76,2026-06-14 04:30:00
1781413200000,68.49,68.55,68.13,68.18,131323.17,2026-06-14 05:00:00
1781415000000,68.19,68.33,67.98,68.21,220586.58,2026-06-14 05:30:00
1781416800000,68.22,68.46,68.21,68.34,86555.21,2026-06-14 06:00:00
1781418600000,68.35,68.35,68.06,68.16,61827.31,2026-06-14 06:30:00
1781420400000,68.16,68.22,68.01,68.15,52026.33,2026-06-14 07:00:00
1781422200000,68.15,68.2,67.99,68.18,53347.27,2026-06-14 07:30:00
1781424000000,68.18,68.32,68.07,68.28,64427.56,2026-06-14 08:00:00
1781425800000,68.28,68.29,68.14,68.21,38133.29,2026-06-14 08:30:00
1781427600000,68.22,68.22,67.86,68.1,88044.21,2026-06-14 09:00:00
1781429400000,68.1,68.45,68.07,68.44,69502.62,2026-06-14 09:30:00
1781431200000,68.44,68.48,68.25,68.37,63524.94,2026-06-14 10:00:00
1781433000000,68.36,68.47,68.1,68.12,102811.39,2026-06-14 10:30:00
1781434800000,68.12,68.2,67.98,68.16,77730.67,2026-06-14 11:00:00
1781436600000,68.15,68.3,68.05,68.06,39626.98,2026-06-14 11:30:00
1781438400000,68.06,68.13,67.94,67.95,58030.24,2026-06-14 12:00:00
1781440200000,67.96,68.0,67.66,67.74,172055.39,2026-06-14 12:30:00
1781442000000,67.74,67.83,67.56,67.6,120932.83,2026-06-14 13:00:00
1781443800000,67.59,67.79,67.44,67.73,186610.77,2026-06-14 13:30:00
1781445600000,67.73,67.79,67.54,67.55,88540.45,2026-06-14 14:00:00
1781447400000,67.55,67.56,66.9,67.21,351890.23,2026-06-14 14:30:00
1781449200000,67.21,67.46,67.21,67.37,123150.39,2026-06-14 15:00:00
1781451000000,67.38,67.54,67.31,67.38,104529.75,2026-06-14 15:30:00
1781452800000,67.38,67.71,67.37,67.64,96585.81,2026-06-14 16:00:00
1781454600000,67.64,67.68,67.41,67.44,102330.08,2026-06-14 16:30:00
1781456400000,67.44,67.69,67.4,67.53,54203.31,2026-06-14 17:00:00
1781458200000,67.53,67.63,67.26,67.28,88157.62,2026-06-14 17:30:00
1781460000000,67.28,67.45,67.14,67.23,73220.31,2026-06-14 18:00:00
1781461800000,67.22,67.4,67.2,67.37,43868.61,2026-06-14 18:30:00
1781463600000,67.36,67.64,67.28,67.59,65816.67,2026-06-14 19:00:00
1781465400000,67.6,67.7,67.47,67.51,57742.33,2026-06-14 19:30:00
1781467200000,67.52,67.73,67.39,67.67,58696.37,2026-06-14 20:00:00
1781469000000,67.67,68.03,67.67,67.74,88382.16,2026-06-14 20:30:00
1781470800000,67.75,69.45,67.75,69.23,444436.97,2026-06-14 21:00:00
1781472600000,69.22,70.5,69.22,70.11,556600.25,2026-06-14 21:30:00
1781474400000,70.11,70.47,69.57,70.13,472880.52,2026-06-14 22:00:00
1781476200000,70.12,70.7,70.08,70.39,242704.12,2026-06-14 22:30:00
1781478000000,70.39,70.84,70.11,70.74,254985.58,2026-06-14 23:00:00
1781479800000,70.74,71.24,70.52,71.24,403865.08,2026-06-14 23:30:00
1781481600000,71.24,71.68,71.09,71.54,418930.74,2026-06-15 00:00:00
1781483400000,71.54,71.55,70.9,71.1,259954.74,2026-06-15 00:30:00
1781485200000,71.1,71.12,70.63,70.75,171912.2,2026-06-15 01:00:00
1781487000000,70.76,71.31,70.69,70.98,131439.03,2026-06-15 01:30:00
1781488800000,70.98,71.55,70.88,71.24,215489.44,2026-06-15 02:00:00
1781490600000,71.23,71.27,70.86,70.95,110103.87,2026-06-15 02:30:00
1781492400000,70.94,71.21,70.86,71.16,99993.17,2026-06-15 03:00:00
1781494200000,71.17,71.33,71.03,71.19,89763.48,2026-06-15 03:30:00
1781496000000,71.2,71.24,71.03,71.05,99398.9,2026-06-15 04:00:00
1781497800000,71.04,71.1,70.84,70.89,94163.08,2026-06-15 04:30:00
1781499600000,70.88,71.19,70.77,71.17,81854.29,2026-06-15 05:00:00
1781501400000,71.18,71.27,70.85,71.16,117586.34,2026-06-15 05:30:00
1781503200000,71.16,71.4,71.06,71.35,142022.9,2026-06-15 06:00:00
1781505000000,71.35,71.45,71.15,71.3,107992.36,2026-06-15 06:30:00
1781506800000,71.31,71.46,71.08,71.36,121722.89,2026-06-15 07:00:00
1781508600000,71.36,71.37,71.08,71.23,97870.45,2026-06-15 07:30:00
1781510400000,71.23,71.57,71.12,71.32,214756.1,2026-06-15 08:00:00
1781512200000,71.31,71.49,71.2,71.25,91645.19,2026-06-15 08:30:00
1781514000000,71.24,71.42,71.12,71.14,84750.26,2026-06-15 09:00:00
1781515800000,71.14,71.18,70.75,71.16,190761.85,2026-06-15 09:30:00
1781517600000,71.16,71.44,71.13,71.36,177139.92,2026-06-15 10:00:00
1781519400000,71.37,72.11,71.34,71.83,485392.17,2026-06-15 10:30:00
1781521200000,71.82,72.8,71.61,72.63,746813.73,2026-06-15 11:00:00
1781523000000,72.64,72.72,72.37,72.55,213377.6,2026-06-15 11:30:00
1781524800000,72.56,72.66,72.26,72.52,215549.02,2026-06-15 12:00:00
1781526600000,72.52,72.97,72.37,72.79,372104.81,2026-06-15 12:30:00
1781528400000,72.79,74.2,72.67,73.88,765371.89,2026-06-15 13:00:00
1781530200000,73.88,74.13,73.38,73.6,543451.82,2026-06-15 13:30:00
1781532000000,73.6,73.81,73.16,73.81,244165.72,2026-06-15 14:00:00
1781533800000,73.81,73.93,73.55,73.76,201360.53,2026-06-15 14:30:00
1781535600000,73.75,74.17,73.73,74.01,187091.56,2026-06-15 15:00:00
1781537400000,74.02,75.21,73.79,75.2,732201.83,2026-06-15 15:30:00
1781539200000,75.2,75.94,74.91,75.73,622483.47,2026-06-15 16:00:00
1781541000000,75.73,76.05,75.42,75.43,456253.96,2026-06-15 16:30:00
1781542800000,75.43,75.44,74.75,74.93,515292.47,2026-06-15 17:00:00
1781544600000,74.93,75.33,74.63,75.25,227318.11,2026-06-15 17:30:00
1781546400000,75.24,75.49,75.07,75.35,154298.08,2026-06-15 18:00:00
1781548200000,75.35,75.64,75.18,75.26,165360.96,2026-06-15 18:30:00
1781550000000,75.25,75.76,74.51,74.88,351988.82,2026-06-15 19:00:00
1781551800000,74.89,75.49,74.85,75.23,219182.39,2026-06-15 19:30:00
1781553600000,75.22,75.41,74.91,75.01,119654.08,2026-06-15 20:00:00
1781555400000,75.01,75.16,74.7,74.91,117797.77,2026-06-15 20:30:00
1781557200000,74.9,74.99,74.26,74.41,159676.84,2026-06-15 21:00:00
1781559000000,74.41,74.62,74.36,74.42,107806.56,2026-06-15 21:30:00
1781560800000,74.42,74.55,73.67,73.76,238024.46,2026-06-15 22:00:00
1781562600000,73.76,74.09,73.57,73.73,156955.98,2026-06-15 22:30:00
1781564400000,73.73,73.96,73.6,73.85,114510.81,2026-06-15 23:00:00
1781566200000,73.85,74.03,73.58,73.94,103187.63,2026-06-15 23:30:00
1781568000000,73.93,74.14,73.81,73.85,107587.7,2026-06-16 00:00:00
1781569800000,73.84,74.36,73.81,73.97,148488.59,2026-06-16 00:30:00
1781571600000,73.98,74.3,73.94,74.16,94154.49,2026-06-16 01:00:00
1781573400000,74.16,74.22,73.8,73.82,75713.79,2026-06-16 01:30:00
1781575200000,73.83,73.84,72.77,72.77,379260.68,2026-06-16 02:00:00
1781577000000,72.77,73.14,72.72,72.97,202832.49,2026-06-16 02:30:00
1781578800000,72.98,73.48,72.82,73.45,221597.84,2026-06-16 03:00:00
1781580600000,73.44,73.78,73.38,73.69,233302.56,2026-06-16 03:30:00
1781582400000,73.7,73.91,73.4,73.42,232487.38,2026-06-16 04:00:00
1781584200000,73.41,73.41,73.14,73.33,178441.17,2026-06-16 04:30:00
1781586000000,73.33,73.75,73.32,73.66,159392.46,2026-06-16 05:00:00
1781587800000,73.67,73.79,73.54,73.61,114583.36,2026-06-16 05:30:00
1781589600000,73.61,73.97,73.61,73.93,113943.16,2026-06-16 06:00:00
1781591400000,73.94,74.27,73.9,74.12,263098.21,2026-06-16 06:30:00
1781593200000,74.13,74.46,74.07,74.27,202014.32,2026-06-16 07:00:00
1781595000000,74.26,74.49,74.22,74.41,153694.19,2026-06-16 07:30:00
1781596800000,74.41,75.03,74.29,74.73,358215.61,2026-06-16 08:00:00
1781598600000,74.72,75.61,74.69,75.35,347772.62,2026-06-16 08:30:00
1781600400000,75.34,75.42,74.76,74.89,311180.84,2026-06-16 09:00:00
1781602200000,74.89,75.15,74.77,74.79,166242.88,2026-06-16 09:30:00
1781604000000,74.8,75.05,74.72,74.99,119050.3,2026-06-16 10:00:00
1781605800000,74.99,75.07,74.62,74.64,125789.06,2026-06-16 10:30:00
1781607600000,74.64,74.85,74.41,74.5,202403.58,2026-06-16 11:00:00
1781609400000,74.51,74.63,74.33,74.62,173568.31,2026-06-16 11:30:00
1781611200000,74.63,75.07,74.44,74.98,286751.22,2026-06-16 12:00:00
1781613000000,74.98,75.51,74.68,74.89,441519.09,2026-06-16 12:30:00
1781614800000,74.9,74.93,73.88,74.01,443143.3,2026-06-16 13:00:00
1781616600000,74.01,74.34,73.81,73.94,304148.79,2026-06-16 13:30:00
1781618400000,73.95,74.26,72.72,72.73,656105.99,2026-06-16 14:00:00
1781620200000,72.74,73.04,72.28,72.92,607250.39,2026-06-16 14:30:00
1781622000000,72.93,73.44,72.82,73.17,239250.84,2026-06-16 15:00:00
1781623800000,73.16,73.63,72.98,73.25,279068.02,2026-06-16 15:30:00
1781625600000,73.25,73.44,73.16,73.35,188494.03,2026-06-16 16:00:00
1781627400000,73.35,73.35,72.96,73.05,169125.4,2026-06-16 16:30:00
1781629200000,73.06,73.39,73.01,73.21,105433.16,2026-06-16 17:00:00
1781631000000,73.21,73.8,73.08,73.63,145428.34,2026-06-16 17:30:00
1781632800000,73.64,74.31,73.53,73.67,315770.15,2026-06-16 18:00:00
1781634600000,73.68,74.17,73.67,73.96,186093.04,2026-06-16 18:30:00
1781636400000,73.97,73.99,73.45,73.95,130728.86,2026-06-16 19:00:00
1781638200000,73.96,74.19,73.68,73.81,93460.34,2026-06-16 19:30:00
1781640000000,73.8,74.16,73.63,73.83,72108.7,2026-06-16 20:00:00
1781641800000,73.82,74.2,73.82,74.1,70315.88,2026-06-16 20:30:00
1781643600000,74.11,74.15,73.74,73.75,81932.96,2026-06-16 21:00:00
1781645400000,73.74,73.93,73.69,73.88,53507.16,2026-06-16 21:30:00
1781647200000,73.89,74.08,73.65,73.83,66468.06,2026-06-16 22:00:00
1781649000000,73.82,73.87,73.57,73.79,74315.34,2026-06-16 22:30:00
1781650800000,73.79,73.93,73.53,73.73,46981.7,2026-06-16 23:00:00
1781652600000,73.73,73.77,73.37,73.5,66015.5,2026-06-16 23:30:00
1781654400000,73.5,73.75,73.38,73.47,93624.95,2026-06-17 00:00:00
1781656200000,73.47,73.62,73.25,73.32,118097.75,2026-06-17 00:30:00
1781658000000,73.33,73.63,73.1,73.38,177111.23,2026-06-17 01:00:00
1781659800000,73.39,73.97,73.25,73.89,135450.29,2026-06-17 01:30:00
1781661600000,73.89,74.42,73.74,74.34,193239.98,2026-06-17 02:00:00
1781663400000,74.34,74.36,73.63,74.0,129106.02,2026-06-17 02:30:00
1781665200000,74.01,74.01,73.53,73.66,67639.04,2026-06-17 03:00:00
1781667000000,73.66,73.88,73.47,73.64,72159.9,2026-06-17 03:30:00
1781668800000,73.65,73.85,73.55,73.71,85067.14,2026-06-17 04:00:00
1781670600000,73.7,74.08,73.64,73.8,85448.4,2026-06-17 04:30:00
1781672400000,73.8,73.96,73.38,73.68,115937.11,2026-06-17 05:00:00
1781674200000,73.69,73.88,73.5,73.6,57304.13,2026-06-17 05:30:00
1781676000000,73.6,73.8,73.29,73.29,107163.77,2026-06-17 06:00:00
1781677800000,73.29,73.52,73.13,73.37,210255.65,2026-06-17 06:30:00
1781679600000,73.37,73.57,73.13,73.14,138657.45,2026-06-17 07:00:00
1781681400000,73.14,73.35,72.89,73.23,272870.49,2026-06-17 07:30:00
1781683200000,73.23,73.26,72.61,72.77,385043.66,2026-06-17 08:00:00
1781685000000,72.77,72.77,72.12,72.29,484069.74,2026-06-17 08:30:00
1781686800000,72.3,72.56,72.26,72.48,170018.77,2026-06-17 09:00:00
1781688600000,72.49,72.63,72.31,72.49,99421.18,2026-06-17 09:30:00
1781690400000,72.5,72.65,72.33,72.42,78925.56,2026-06-17 10:00:00
1781692200000,72.41,72.48,72.06,72.1,133876.05,2026-06-17 10:30:00
1781694000000,72.1,72.2,71.66,71.97,368966.73,2026-06-17 11:00:00
1781695800000,71.96,72.19,71.9,71.98,100041.51,2026-06-17 11:30:00
1781697600000,71.98,72.25,71.57,71.7,327647.61,2026-06-17 12:00:00
1781699400000,71.7,72.31,71.53,72.29,241768.16,2026-06-17 12:30:00
1781701200000,72.28,72.47,72.1,72.29,202595.23,2026-06-17 13:00:00
1781703000000,72.28,72.72,72.1,72.37,340603.2,2026-06-17 13:30:00
1781704800000,72.36,72.62,72.05,72.41,204205.57,2026-06-17 14:00:00
1781706600000,72.41,72.57,71.78,72.32,360473.83,2026-06-17 14:30:00
1781708400000,72.33,73.09,72.31,72.99,271386.9,2026-06-17 15:00:00
1781710200000,73.0,73.84,72.87,73.77,492186.52,2026-06-17 15:30:00
1781712000000,73.77,74.65,73.67,74.43,398271.07,2026-06-17 16:00:00
1781713800000,74.42,74.48,73.67,73.74,278839.74,2026-06-17 16:30:00
1781715600000,73.74,73.87,73.44,73.77,172696.22,2026-06-17 17:00:00
1781717400000,73.78,74.3,73.41,74.16,178221.23,2026-06-17 17:30:00
1781719200000,74.16,74.16,72.13,73.12,1079528.71,2026-06-17 18:00:00
1781721000000,73.13,74.34,72.95,73.45,600307.03,2026-06-17 18:30:00
1781722800000,73.45,73.67,71.79,71.98,584693.81,2026-06-17 19:00:00
1781724600000,71.98,72.35,71.36,71.62,609182.91,2026-06-17 19:30:00
1781726400000,71.61,72.0,71.5,71.87,232757.99,2026-06-17 20:00:00
1781728200000,71.88,72.2,71.66,72.15,184023.05,2026-06-17 20:30:00
1781730000000,72.15,72.18,71.85,71.85,107991.96,2026-06-17 21:00:00
1781731800000,71.86,71.98,71.27,71.58,109569.19,2026-06-17 21:30:00
1781733600000,71.58,71.8,70.76,71.79,302541.38,2026-06-17 22:00:00
1781735400000,71.79,71.9,71.64,71.65,54471.86,2026-06-17 22:30:00
1781737200000,71.66,72.09,71.63,71.97,70434.75,2026-06-17 23:00:00
1781739000000,71.98,72.04,71.85,71.99,77299.18,2026-06-17 23:30:00
1781740800000,72.0,72.32,71.97,72.27,146080.47,2026-06-18 00:00:00
1781742600000,72.27,72.47,72.13,72.18,136964.7,2026-06-18 00:30:00
1781744400000,72.17,72.59,72.14,72.37,150748.29,2026-06-18 01:00:00
1781746200000,72.38,72.5,72.04,72.18,102515.41,2026-06-18 01:30:00
1781748000000,72.19,72.64,72.01,72.56,212323.27,2026-06-18 02:00:00
1781749800000,72.56,72.61,72.43,72.48,72254.95,2026-06-18 02:30:00
1781751600000,72.47,72.49,71.74,71.74,162643.77,2026-06-18 03:00:00
1781753400000,71.75,71.88,71.45,71.61,273714.5,2026-06-18 03:30:00
1781755200000,71.6,71.67,70.95,71.15,382312.61,2026-06-18 04:00:00
1781757000000,71.16,71.2,70.85,71.02,216827.76,2026-06-18 04:30:00
1781758800000,71.01,71.03,70.58,70.87,282080.72,2026-06-18 05:00:00
1781760600000,70.87,71.1,70.74,71.08,96386.53,2026-06-18 05:30:00
1781762400000,71.07,71.27,70.93,71.15,100131.0,2026-06-18 06:00:00
1781764200000,71.14,71.36,71.08,71.29,157023.92,2026-06-18 06:30:00
1781766000000,71.3,71.75,71.1,71.68,197435.36,2026-06-18 07:00:00
1781767800000,71.68,71.79,71.51,71.72,104461.44,2026-06-18 07:30:00
1781769600000,71.72,71.91,71.57,71.88,142775.94,2026-06-18 08:00:00
1781771400000,71.89,72.02,71.79,71.82,127892.65,2026-06-18 08:30:00
1781773200000,71.81,72.12,71.73,71.77,138975.56,2026-06-18 09:00:00
1781775000000,71.78,72.01,71.7,71.8,70956.46,2026-06-18 09:30:00
1781776800000,71.79,71.81,71.06,71.18,278007.58,2026-06-18 10:00:00
1781778600000,71.19,71.46,71.03,71.35,231806.37,2026-06-18 10:30:00
1781780400000,71.34,71.52,70.77,71.11,199674.16,2026-06-18 11:00:00
1781782200000,71.12,71.22,70.67,70.89,182674.93,2026-06-18 11:30:00
1781784000000,70.88,71.32,70.83,71.31,126986.44,2026-06-18 12:00:00
1781785800000,71.31,71.58,71.19,71.51,104792.75,2026-06-18 12:30:00
1781787600000,71.52,71.76,71.4,71.64,133526.06,2026-06-18 13:00:00
1781789400000,71.64,71.66,70.66,71.01,428078.84,2026-06-18 13:30:00
1781791200000,71.01,71.68,70.69,71.0,299654.2,2026-06-18 14:00:00
1781793000000,71.0,71.39,70.64,71.03,267198.67,2026-06-18 14:30:00
1781794800000,71.04,71.07,69.72,69.88,765921.06,2026-06-18 15:00:00
1781796600000,69.88,70.02,68.33,68.42,1426006.38,2026-06-18 15:30:00
1781798400000,68.41,68.95,68.36,68.67,580443.32,2026-06-18 16:00:00
1781800200000,68.67,69.12,68.45,69.03,246667.37,2026-06-18 16:30:00
1781802000000,69.04,69.08,68.57,68.93,262369.54,2026-06-18 17:00:00
1781803800000,68.93,69.13,68.47,68.61,179895.3,2026-06-18 17:30:00
1781805600000,68.61,68.95,68.18,68.78,288665.56,2026-06-18 18:00:00
1781807400000,68.77,68.82,68.48,68.62,157565.39,2026-06-18 18:30:00
1781809200000,68.62,68.91,68.53,68.81,117860.52,2026-06-18 19:00:00
1781811000000,68.8,69.49,68.76,69.34,249256.78,2026-06-18 19:30:00
1781812800000,69.35,69.92,69.34,69.76,210978.69,2026-06-18 20:00:00
1781814600000,69.76,69.9,69.67,69.79,71813.8,2026-06-18 20:30:00
1781816400000,69.78,69.86,69.36,69.62,129725.8,2026-06-18 21:00:00
1781818200000,69.63,69.69,69.34,69.53,63207.09,2026-06-18 21:30:00
1781820000000,69.52,69.65,69.36,69.43,113844.21,2026-06-18 22:00:00
1781821800000,69.43,69.61,69.21,69.47,79225.13,2026-06-18 22:30:00
1781823600000,69.47,69.54,69.23,69.52,48347.08,2026-06-18 23:00:00
1781825400000,69.53,69.76,69.49,69.68,72137.93,2026-06-18 23:30:00
1781827200000,69.67,69.76,69.52,69.76,84413.52,2026-06-19 00:00:00
1781829000000,69.76,69.86,69.67,69.76,49433.33,2026-06-19 00:30:00
1781830800000,69.75,69.99,69.62,69.64,84801.37,2026-06-19 01:00:00
1781832600000,69.64,69.95,69.51,69.89,77405.22,2026-06-19 01:30:00
1781834400000,69.89,70.05,69.47,69.48,115407.59,2026-06-19 02:00:00
1781836200000,69.48,69.69,69.38,69.64,71215.97,2026-06-19 02:30:00
1781838000000,69.63,69.71,68.57,69.31,503957.64,2026-06-19 03:00:00
1781839800000,69.31,69.31,68.81,69.02,147790.01,2026-06-19 03:30:00
1781841600000,69.02,69.24,68.66,68.75,167330.2,2026-06-19 04:00:00
1781843400000,68.75,68.77,68.14,68.29,309562.2,2026-06-19 04:30:00
1781845200000,68.29,68.71,68.27,68.52,172678.57,2026-06-19 05:00:00
1781847000000,68.51,68.72,68.33,68.66,153805.49,2026-06-19 05:30:00
1781848800000,68.66,68.81,68.54,68.71,142366.65,2026-06-19 06:00:00
1781850600000,68.7,68.8,68.43,68.71,101942.87,2026-06-19 06:30:00
1781852400000,68.72,68.74,68.34,68.43,73551.25,2026-06-19 07:00:00
1781854200000,68.44,68.58,67.8,68.34,425915.43,2026-06-19 07:30:00
1781856000000,68.34,68.62,68.19,68.53,133456.88,2026-06-19 08:00:00
1781857800000,68.53,68.71,68.46,68.64,119359.16,2026-06-19 08:30:00
1781859600000,68.64,68.71,68.16,68.28,135295.38,2026-06-19 09:00:00
1781861400000,68.28,68.49,68.26,68.27,89566.03,2026-06-19 09:30:00
1781863200000,68.28,68.44,68.07,68.29,133518.19,2026-06-19 10:00:00
1781865000000,68.3,68.39,68.0,68.26,99353.32,2026-06-19 10:30:00
1781866800000,68.26,68.44,68.04,68.31,97631.32,2026-06-19 11:00:00
1781868600000,68.31,68.4,68.16,68.21,58288.71,2026-06-19 11:30:00
1781870400000,68.21,68.37,68.09,68.21,74037.43,2026-06-19 12:00:00
1781872200000,68.2,68.68,67.87,68.57,347277.67,2026-06-19 12:30:00
1781874000000,68.57,68.75,68.35,68.51,233589.72,2026-06-19 13:00:00
1781875800000,68.5,69.54,68.43,69.22,536312.94,2026-06-19 13:30:00
1781877600000,69.21,69.36,68.78,69.23,358010.27,2026-06-19 14:00:00
1781879400000,69.24,69.43,69.05,69.08,166948.0,2026-06-19 14:30:00
1781881200000,69.09,69.19,68.88,68.97,205544.82,2026-06-19 15:00:00
1781883000000,68.98,69.49,68.97,69.29,152356.76,2026-06-19 15:30:00
1781884800000,69.28,69.53,69.2,69.38,139221.73,2026-06-19 16:00:00
1781886600000,69.38,69.41,68.64,68.67,146889.94,2026-06-19 16:30:00
1781888400000,68.66,69.21,68.55,68.92,154840.87,2026-06-19 17:00:00
1781890200000,68.93,69.48,68.92,69.28,121635.86,2026-06-19 17:30:00
1781892000000,69.28,69.33,69.01,69.01,31638.48,2026-06-19 18:00:00
1781893800000,69.02,69.11,68.76,69.02,83627.67,2026-06-19 18:30:00
1781895600000,69.01,69.1,68.74,68.86,50690.13,2026-06-19 19:00:00
1781897400000,68.86,69.08,68.74,68.92,55373.2,2026-06-19 19:30:00
1781899200000,68.93,69.05,68.68,68.9,59791.49,2026-06-19 20:00:00
1781901000000,68.89,69.27,68.79,69.2,103107.3,2026-06-19 20:30:00
1781902800000,69.21,69.25,69.0,69.09,55569.85,2026-06-19 21:00:00
1781904600000,69.08,69.15,68.85,68.97,49189.85,2026-06-19 21:30:00
1781906400000,68.98,69.37,68.94,69.28,70487.05,2026-06-19 22:00:00
1781908200000,69.28,69.41,69.22,69.38,73619.47,2026-06-19 22:30:00
1781910000000,69.38,69.41,69.19,69.41,47241.45,2026-06-19 23:00:00
1781911800000,69.4,69.83,69.35,69.69,229152.64,2026-06-19 23:30:00
1781913600000,69.68,69.92,69.56,69.85,151593.72,2026-06-20 00:00:00
1781915400000,69.85,70.1,69.57,69.58,220050.16,2026-06-20 00:30:00
1781917200000,69.57,69.69,69.5,69.58,61118.18,2026-06-20 01:00:00
1781919000000,69.58,69.9,69.57,69.76,75193.69,2026-06-20 01:30:00
1781920800000,69.75,69.82,69.43,69.48,107703.89,2026-06-20 02:00:00
1781922600000,69.48,69.7,69.47,69.6,63244.49,2026-06-20 02:30:00
1781924400000,69.59,69.99,69.58,69.92,123790.83,2026-06-20 03:00:00
1781926200000,69.93,70.06,69.83,69.96,97852.94,2026-06-20 03:30:00
1781928000000,69.96,70.38,69.84,70.38,234070.03,2026-06-20 04:00:00
1781929800000,70.37,71.05,70.3,70.82,353925.36,2026-06-20 04:30:00
1781931600000,70.82,72.45,70.66,71.44,906482.53,2026-06-20 05:00:00
1781933400000,71.44,71.81,71.43,71.75,168292.3,2026-06-20 05:30:00
1781935200000,71.75,72.34,71.66,72.02,294955.61,2026-06-20 06:00:00
1781937000000,72.03,72.26,71.95,72.07,213205.61,2026-06-20 06:30:00
1781938800000,72.07,72.09,71.52,71.88,259920.9,2026-06-20 07:00:00
1781940600000,71.88,71.92,71.35,71.56,230102.49,2026-06-20 07:30:00
1781942400000,71.56,71.61,71.29,71.48,139195.95,2026-06-20 08:00:00
1781944200000,71.48,71.5,71.21,71.3,111680.45,2026-06-20 08:30:00
1781946000000,71.29,71.45,71.15,71.33,92161.61,2026-06-20 09:00:00
1781947800000,71.33,71.59,71.31,71.51,120098.39,2026-06-20 09:30:00
1781949600000,71.51,71.6,71.37,71.55,101591.4,2026-06-20 10:00:00
1781951400000,71.54,71.72,71.36,71.64,106289.8,2026-06-20 10:30:00
1781953200000,71.63,71.71,71.4,71.55,77269.09,2026-06-20 11:00:00
1781955000000,71.56,72.06,71.52,71.74,234370.12,2026-06-20 11:30:00
1781956800000,71.74,71.89,71.67,71.75,118859.7,2026-06-20 12:00:00
1781958600000,71.75,71.76,71.35,71.5,132557.31,2026-06-20 12:30:00
1781960400000,71.5,71.55,70.64,70.85,347482.05,2026-06-20 13:00:00
1781962200000,70.85,71.26,70.83,71.15,208215.88,2026-06-20 13:30:00
1781964000000,71.15,71.16,70.43,70.75,382958.93,2026-06-20 14:00:00
1781965800000,70.75,72.16,70.68,71.9,487705.3,2026-06-20 14:30:00
1781967600000,71.9,72.59,71.6,72.14,550298.64,2026-06-20 15:00:00
1781969400000,72.14,72.24,71.72,71.99,179354.65,2026-06-20 15:30:00
1781971200000,72.0,72.03,71.43,71.45,206474.93,2026-06-20 16:00:00
1781973000000,71.45,71.64,71.29,71.64,136304.09,2026-06-20 16:30:00
1781974800000,71.63,71.64,71.28,71.53,134376.39,2026-06-20 17:00:00
1781976600000,71.52,71.63,71.05,71.53,174367.28,2026-06-20 17:30:00
1781978400000,71.53,71.86,71.49,71.86,132416.86,2026-06-20 18:00:00
1781980200000,71.85,71.95,71.66,71.72,115885.05,2026-06-20 18:30:00
1781982000000,71.71,71.81,71.55,71.64,110048.11,2026-06-20 19:00:00
1781983800000,71.63,71.88,71.6,71.82,60213.02,2026-06-20 19:30:00
1781985600000,71.82,71.95,71.78,71.81,64933.98,2026-06-20 20:00:00
1781987400000,71.8,72.03,71.66,71.98,52875.1,2026-06-20 20:30:00
1781989200000,71.97,72.37,71.92,72.11,114951.04,2026-06-20 21:00:00
1781991000000,72.11,72.42,72.09,72.35,88997.23,2026-06-20 21:30:00
1781992800000,72.35,73.94,72.31,73.92,527492.8,2026-06-20 22:00:00
1781994600000,73.92,74.26,73.48,73.52,459564.53,2026-06-20 22:30:00
1781996400000,73.53,73.6,73.27,73.29,164980.03,2026-06-20 23:00:00
1781998200000,73.29,73.43,73.17,73.19,93223.64,2026-06-20 23:30:00
1782000000000,73.19,73.24,72.92,73.0,171073.96,2026-06-21 00:00:00
1782001800000,72.99,73.19,72.98,73.15,185530.88,2026-06-21 00:30:00
1782003600000,73.15,73.27,72.88,72.93,127918.56,2026-06-21 01:00:00
1782005400000,72.93,73.23,72.84,73.14,117636.86,2026-06-21 01:30:00
1782007200000,73.14,73.21,73.03,73.14,78398.65,2026-06-21 02:00:00
1782009000000,73.13,73.35,73.06,73.29,85209.34,2026-06-21 02:30:00
1782010800000,73.29,73.82,73.07,73.48,335343.99,2026-06-21 03:00:00
1782012600000,73.48,73.72,73.4,73.58,98370.41,2026-06-21 03:30:00
1782014400000,73.58,73.8,73.4,73.72,83468.64,2026-06-21 04:00:00
1782016200000,73.73,73.77,73.34,73.4,179109.03,2026-06-21 04:30:00
1782018000000,73.4,73.48,72.97,73.18,229359.41,2026-06-21 05:00:00
1782019800000,73.18,73.25,72.96,73.05,101711.49,2026-06-21 05:30:00
1782021600000,73.04,73.25,73.0,73.18,97696.57,2026-06-21 06:00:00
1782023400000,73.19,73.33,73.09,73.21,60564.04,2026-06-21 06:30:00
1782025200000,73.21,73.41,73.15,73.23,96630.06,2026-06-21 07:00:00
1782027000000,73.24,73.4,73.09,73.18,217369.47,2026-06-21 07:30:00
1782028800000,73.18,73.22,72.92,72.97,121533.14,2026-06-21 08:00:00
1782030600000,72.97,73.12,72.7,73.12,219398.57,2026-06-21 08:30:00
1782032400000,73.12,73.67,73.03,73.54,254455.27,2026-06-21 09:00:00
1782034200000,73.55,74.07,73.55,73.99,300234.78,2026-06-21 09:30:00
1782036000000,74.0,74.37,73.85,74.12,217783.39,2026-06-21 10:00:00
1782037800000,74.11,74.23,73.82,73.85,164149.06,2026-06-21 10:30:00
1782039600000,73.85,73.98,73.3,73.53,266869.08,2026-06-21 11:00:00
1782041400000,73.53,73.55,73.03,73.17,240222.63,2026-06-21 11:30:00
1782043200000,73.16,73.25,72.87,73.03,242557.72,2026-06-21 12:00:00
1782045000000,73.02,73.71,72.96,73.6,241571.23,2026-06-21 12:30:00
1782046800000,73.61,73.91,73.51,73.72,253307.32,2026-06-21 13:00:00
1782048600000,73.72,73.88,73.43,73.87,177942.88,2026-06-21 13:30:00
1782050400000,73.87,73.95,73.59,73.78,142890.84,2026-06-21 14:00:00
1782052200000,73.78,74.12,73.73,74.06,160776.78,2026-06-21 14:30:00
1782054000000,74.07,74.23,73.86,74.11,234880.45,2026-06-21 15:00:00
1782055800000,74.11,74.26,73.96,74.11,114973.75,2026-06-21 15:30:00
1782057600000,74.1,74.1,73.8,73.97,119018.24,2026-06-21 16:00:00
1782059400000,73.97,74.66,73.74,74.3,428806.47,2026-06-21 16:30:00
1782061200000,74.29,74.6,74.14,74.44,240380.76,2026-06-21 17:00:00
1782063000000,74.45,74.46,73.99,74.2,172222.48,2026-06-21 17:30:00
1782064800000,74.2,74.22,73.82,74.09,220437.43,2026-06-21 18:00:00
1782066600000,74.09,74.41,73.99,74.17,178591.02,2026-06-21 18:30:00
1782068400000,74.17,74.44,74.07,74.21,131721.83,2026-06-21 19:00:00
1782070200000,74.22,74.42,74.18,74.38,49365.64,2026-06-21 19:30:00
1782072000000,74.38,74.52,73.93,74.06,91460.84,2026-06-21 20:00:00
1782073800000,74.07,74.1,73.23,73.39,442663.18,2026-06-21 20:30:00
1782075600000,73.39,73.42,72.36,72.73,687989.11,2026-06-21 21:00:00
1782077400000,72.72,73.32,72.71,73.09,249222.17,2026-06-21 21:30:00
1782079200000,73.09,73.22,72.84,72.95,191005.61,2026-06-21 22:00:00
1782081000000,72.94,73.21,72.57,73.01,150526.36,2026-06-21 22:30:00
1782082800000,73.0,73.05,72.67,72.84,136034.05,2026-06-21 23:00:00
1782084600000,72.84,72.97,72.22,72.42,466219.07,2026-06-21 23:30:00
1782086400000,72.41,73.11,72.4,72.96,282090.27,2026-06-22 00:00:00
1782088200000,72.96,73.57,72.91,73.34,352054.49,2026-06-22 00:30:00
1782090000000,73.34,75.0,73.22,74.57,707921.17,2026-06-22 01:00:00
1782091800000,74.57,74.73,74.08,74.32,416496.29,2026-06-22 01:30:00
1782093600000,74.33,74.42,73.95,74.21,172526.51,2026-06-22 02:00:00
1782095400000,74.2,74.26,73.72,73.79,172592.99,2026-06-22 02:30:00
1782097200000,73.79,74.0,73.24,73.78,252033.22,2026-06-22 03:00:00
1782099000000,73.77,74.03,73.33,73.48,215568.78,2026-06-22 03:30:00
1782100800000,73.48,73.68,73.31,73.61,131900.46,2026-06-22 04:00:00
1782102600000,73.62,73.87,73.41,73.83,134748.92,2026-06-22 04:30:00
1782104400000,73.83,74.14,73.75,74.0,217237.48,2026-06-22 05:00:00
1782106200000,74.01,74.1,73.82,73.89,92761.09,2026-06-22 05:30:00
1782108000000,73.9,74.18,73.76,73.83,145295.5,2026-06-22 06:00:00
1782109800000,73.82,73.82,73.51,73.67,146160.48,2026-06-22 06:30:00
1782111600000,73.67,74.35,73.62,74.28,211504.36,2026-06-22 07:00:00
1782113400000,74.27,74.45,73.99,74.07,106732.56,2026-06-22 07:30:00
1782115200000,74.07,74.29,73.94,73.95,155239.54,2026-06-22 08:00:00
1782117000000,73.96,74.07,73.67,73.85,119841.59,2026-06-22 08:30:00
1782118800000,73.85,73.99,73.62,73.65,91012.44,2026-06-22 09:00:00
1782120600000,73.66,73.84,73.53,73.76,106626.74,2026-06-22 09:30:00
1782122400000,73.75,73.99,73.61,73.63,101469.67,2026-06-22 10:00:00
1782124200000,73.63,73.85,73.55,73.74,81170.04,2026-06-22 10:30:00
1782126000000,73.74,74.18,73.61,73.86,300984.62,2026-06-22 11:00:00
1782127800000,73.86,74.4,73.86,74.14,328837.66,2026-06-22 11:30:00
1782129600000,74.15,74.38,73.99,74.34,240281.38,2026-06-22 12:00:00
1782131400000,74.35,74.53,74.12,74.38,234291.67,2026-06-22 12:30:00
1782133200000,74.38,74.52,74.2,74.28,194696.1,2026-06-22 13:00:00
1782135000000,74.29,74.94,74.21,74.93,542598.59,2026-06-22 13:30:00
1782136800000,74.94,74.96,73.68,73.72,347033.61,2026-06-22 14:00:00
1782138600000,73.72,73.78,73.14,73.4,576425.73,2026-06-22 14:30:00
1782140400000,73.4,73.7,73.18,73.64,269752.02,2026-06-22 15:00:00
1782142200000,73.65,73.74,72.93,73.09,420417.88,2026-06-22 15:30:00
1782144000000,73.1,73.17,72.56,72.76,447558.54,2026-06-22 16:00:00
1782145800000,72.75,73.0,72.5,72.9,273672.6,2026-06-22 16:30:00
1782147600000,72.89,72.99,72.73,72.74,130276.48,2026-06-22 17:00:00
1782149400000,72.73,73.29,72.59,73.24,136502.94,2026-06-22 17:30:00
1782151200000,73.24,73.53,73.22,73.33,162846.53,2026-06-22 18:00:00
1782153000000,73.33,73.38,72.53,72.6,344791.06,2026-06-22 18:30:00
1782154800000,72.6,72.77,72.41,72.6,273145.56,2026-06-22 19:00:00
1782156600000,72.6,72.76,72.52,72.66,162629.65,2026-06-22 19:30:00
1782158400000,72.66,72.93,72.45,72.59,96989.9,2026-06-22 20:00:00
1782160200000,72.59,72.82,72.58,72.79,50853.35,2026-06-22 20:30:00
1782162000000,72.79,72.85,72.55,72.64,58755.16,2026-06-22 21:00:00
1782163800000,72.64,72.7,72.24,72.7,161672.81,2026-06-22 21:30:00
1782165600000,72.7,72.92,71.29,71.82,541434.67,2026-06-22 22:00:00
1782167400000,71.83,72.1,71.54,72.05,265339.41,2026-06-22 22:30:00
1782169200000,72.05,72.12,71.87,72.05,123448.41,2026-06-22 23:00:00
1782171000000,72.04,72.05,71.76,71.91,88837.27,2026-06-22 23:30:00
1782172800000,71.9,71.96,71.41,71.43,184698.05,2026-06-23 00:00:00
1782174600000,71.43,71.88,71.41,71.83,141275.9,2026-06-23 00:30:00
1782176400000,71.83,71.99,71.75,71.84,112680.46,2026-06-23 01:00:00
1782178200000,71.83,71.97,71.25,71.66,225077.36,2026-06-23 01:30:00
1782180000000,71.65,71.96,71.5,71.85,153965.72,2026-06-23 02:00:00
1782181800000,71.85,72.0,71.8,71.94,86478.5,2026-06-23 02:30:00
1782183600000,71.94,71.96,71.64,71.87,160010.82,2026-06-23 03:00:00
1782185400000,71.87,71.96,71.7,71.94,95074.71,2026-06-23 03:30:00
1782187200000,71.95,71.98,71.62,71.9,100278.12,2026-06-23 04:00:00
1782189000000,71.9,71.94,71.32,71.41,175609.43,2026-06-23 04:30:00
1782190800000,71.42,71.55,70.97,71.15,302591.89,2026-06-23 05:00:00
1782192600000,71.14,71.16,70.87,71.0,271133.14,2026-06-23 05:30:00
1782194400000,71.0,71.04,69.61,69.95,1210880.77,2026-06-23 06:00:00
1782196200000,69.95,70.36,69.77,70.29,338874.51,2026-06-23 06:30:00
1782198000000,70.28,70.51,70.24,70.4,206709.47,2026-06-23 07:00:00
1782199800000,70.4,70.42,69.92,69.95,166533.55,2026-06-23 07:30:00
1782201600000,69.96,70.07,68.07,68.31,1531522.26,2026-06-23 08:00:00
1782203400000,68.32,68.88,68.29,68.65,353479.75,2026-06-23 08:30:00
1782205200000,68.65,68.98,68.62,68.92,214541.0,2026-06-23 09:00:00
1782207000000,68.93,68.99,68.68,68.86,194951.25,2026-06-23 09:30:00
1782208800000,68.86,69.17,68.83,68.86,143466.39,2026-06-23 10:00:00
1782210600000,68.85,68.92,68.55,68.77,166652.74,2026-06-23 10:30:00
1782212400000,68.77,69.24,68.77,69.11,232928.22,2026-06-23 11:00:00
1782214200000,69.11,69.29,69.02,69.24,197973.87,2026-06-23 11:30:00
1782216000000,69.25,69.33,68.99,69.14,118309.21,2026-06-23 12:00:00
1782217800000,69.14,69.28,68.78,68.9,176668.32,2026-06-23 12:30:00
1782219600000,68.91,68.95,68.62,68.76,221452.07,2026-06-23 13:00:00
1782221400000,68.75,69.33,68.58,69.15,539537.53,2026-06-23 13:30:00
1782223200000,69.15,69.63,69.03,69.26,473932.36,2026-06-23 14:00:00
1782225000000,69.26,69.56,69.02,69.14,234735.63,2026-06-23 14:30:00
1782226800000,69.15,69.15,68.47,68.58,308752.98,2026-06-23 15:00:00
1782228600000,68.58,69.0,68.32,68.88,245195.94,2026-06-23 15:30:00
1782230400000,68.88,69.37,68.76,69.03,310248.0,2026-06-23 16:00:00
1782232200000,69.03,69.11,68.77,68.84,120689.46,2026-06-23 16:30:00
1782234000000,68.83,69.06,68.58,69.03,104589.29,2026-06-23 17:00:00
1782235800000,69.03,69.14,68.6,68.73,113364.13,2026-06-23 17:30:00
1782237600000,68.73,69.0,68.63,68.89,97867.99,2026-06-23 18:00:00
1782239400000,68.88,68.9,68.64,68.85,94025.74,2026-06-23 18:30:00
1782241200000,68.85,69.07,68.71,68.93,90846.26,2026-06-23 19:00:00
1782243000000,68.92,69.0,68.69,68.79,101074.73,2026-06-23 19:30:00
1782244800000,68.8,69.02,68.78,68.95,53718.15,2026-06-23 20:00:00
1782246600000,68.95,69.01,68.8,68.97,30726.61,2026-06-23 20:30:00
1782248400000,68.97,69.2,68.92,69.2,77997.87,2026-06-23 21:00:00
1782250200000,69.2,69.27,69.14,69.22,56085.79,2026-06-23 21:30:00
1782252000000,69.22,69.79,69.2,69.4,208023.25,2026-06-23 22:00:00
1782253800000,69.4,69.55,69.3,69.51,85973.75,2026-06-23 22:30:00
1782255600000,69.5,69.57,69.25,69.46,124749.17,2026-06-23 23:00:00
1782257400000,69.45,69.77,69.33,69.65,114458.78,2026-06-23 23:30:00
1782259200000,69.65,69.94,69.53,69.8,145866.97,2026-06-24 00:00:00
1782261000000,69.8,70.09,69.76,69.94,179138.09,2026-06-24 00:30:00
1782262800000,69.95,69.97,69.61,69.92,110785.24,2026-06-24 01:00:00
1782264600000,69.91,70.35,69.91,70.04,220511.46,2026-06-24 01:30:00
1782266400000,70.04,70.1,69.51,69.68,217320.32,2026-06-24 02:00:00
1782268200000,69.68,69.77,69.36,69.41,145470.17,2026-06-24 02:30:00
1782270000000,69.41,69.48,69.04,69.31,197253.11,2026-06-24 03:00:00
1782271800000,69.31,69.73,69.31,69.52,184762.84,2026-06-24 03:30:00
1782273600000,69.52,69.58,68.9,69.09,165725.25,2026-06-24 04:00:00
1782275400000,69.09,69.64,69.05,69.54,139904.14,2026-06-24 04:30:00
1782277200000,69.53,69.96,69.47,69.95,135068.68,2026-06-24 05:00:00
1782279000000,69.94,70.17,69.83,69.88,182030.71,2026-06-24 05:30:00
1782280800000,69.88,69.99,69.69,69.86,115501.14,2026-06-24 06:00:00
1782282600000,69.87,69.96,69.64,69.68,101463.65,2026-06-24 06:30:00
1782284400000,69.68,69.74,69.48,69.5,133673.23,2026-06-24 07:00:00
1782286200000,69.5,69.61,69.23,69.33,163865.71,2026-06-24 07:30:00
1782288000000,69.33,69.43,69.18,69.38,147436.71,2026-06-24 08:00:00
1782289800000,69.39,69.58,69.33,69.43,142137.22,2026-06-24 08:30:00
1782291600000,69.42,69.5,69.23,69.29,180642.86,2026-06-24 09:00:00
1782293400000,69.29,69.32,69.16,69.27,97461.92,2026-06-24 09:30:00
1782295200000,69.26,69.31,68.9,69.09,216733.31,2026-06-24 10:00:00
1782297000000,69.09,69.22,68.94,69.0,132636.64,2026-06-24 10:30:00
1782298800000,69.01,69.1,68.73,68.84,259980.73,2026-06-24 11:00:00
1782300600000,68.85,70.42,68.84,69.78,665633.01,2026-06-24 11:30:00
1782302400000,69.77,69.88,69.58,69.73,224048.83,2026-06-24 12:00:00
1782304200000,69.72,69.78,69.36,69.41,123364.72,2026-06-24 12:30:00
1782306000000,69.41,69.45,68.32,68.96,959323.01,2026-06-24 13:00:00
1782307800000,68.95,69.44,68.58,68.82,1004479.38,2026-06-24 13:30:00
1782309600000,68.82,69.14,68.54,69.0,595642.19,2026-06-24 14:00:00
1782311400000,69.0,69.39,68.69,68.82,374209.76,2026-06-24 14:30:00
1782313200000,68.82,68.85,68.22,68.41,424506.99,2026-06-24 15:00:00
1782315000000,68.41,68.42,67.2,67.28,948246.26,2026-06-24 15:30:00
1782316800000,67.28,68.0,67.24,67.77,566676.97,2026-06-24 16:00:00
1782318600000,67.78,67.85,66.21,66.48,1682221.95,2026-06-24 16:30:00
1782320400000,66.48,66.88,65.13,65.53,1167733.16,2026-06-24 17:00:00
1782322200000,65.52,65.67,64.65,64.91,843976.96,2026-06-24 17:30:00
1782324000000,64.92,66.45,64.77,66.14,679942.22,2026-06-24 18:00:00
1782325800000,66.13,66.24,65.74,65.98,280035.19,2026-06-24 18:30:00
1782327600000,65.99,66.33,65.49,65.86,229335.69,2026-06-24 19:00:00
1782329400000,65.85,66.22,65.66,66.08,333221.08,2026-06-24 19:30:00
1782331200000,66.08,67.61,65.93,67.44,773225.01,2026-06-24 20:00:00
1782333000000,67.44,67.97,67.25,67.64,330762.9,2026-06-24 20:30:00
1782334800000,67.63,67.69,67.17,67.52,212991.46,2026-06-24 21:00:00
1782336600000,67.52,68.08,67.39,68.03,213225.65,2026-06-24 21:30:00
1782338400000,68.02,68.57,67.75,67.81,269298.78,2026-06-24 22:00:00
1782340200000,67.81,67.98,67.64,67.79,88933.04,2026-06-24 22:30:00
1782342000000,67.79,68.15,67.7,67.94,85912.75,2026-06-24 23:00:00
1782343800000,67.95,68.14,67.82,68.08,84904.52,2026-06-24 23:30:00
1782345600000,68.08,68.28,67.85,67.89,105096.69,2026-06-25 00:00:00
1782347400000,67.89,67.94,67.41,67.66,202800.43,2026-06-25 00:30:00
1782349200000,67.66,67.75,67.35,67.6,146704.99,2026-06-25 01:00:00
1782351000000,67.6,67.97,67.56,67.83,102700.19,2026-06-25 01:30:00
1782352800000,67.83,67.9,67.56,67.83,88402.92,2026-06-25 02:00:00
1782354600000,67.84,67.86,67.56,67.69,76456.13,2026-06-25 02:30:00
1782356400000,67.69,67.83,67.42,67.61,83452.87,2026-06-25 03:00:00
1782358200000,67.6,67.72,67.45,67.63,110938.3,2026-06-25 03:30:00
1782360000000,67.64,67.67,67.51,67.57,85114.88,2026-06-25 04:00:00
1782361800000,67.57,68.49,67.44,68.41,377219.89,2026-06-25 04:30:00
1782363600000,68.42,69.23,68.31,69.02,711271.22,2026-06-25 05:00:00
1782365400000,69.01,69.26,68.83,68.98,236192.87,2026-06-25 05:30:00
1782367200000,68.99,69.62,68.96,69.22,309954.48,2026-06-25 06:00:00
1782369000000,69.21,69.58,69.18,69.42,150473.1,2026-06-25 06:30:00
1782370800000,69.43,69.54,69.18,69.3,153603.82,2026-06-25 07:00:00
1782372600000,69.3,69.47,69.22,69.4,135006.94,2026-06-25 07:30:00
1782374400000,69.4,69.4,68.98,69.09,149109.45,2026-06-25 08:00:00
1782376200000,69.1,69.2,68.94,69.01,132074.56,2026-06-25 08:30:00
1782378000000,69.02,69.14,68.79,68.91,132382.66,2026-06-25 09:00:00
1782379800000,68.92,69.02,68.76,68.79,84588.0,2026-06-25 09:30:00
1782381600000,68.79,68.85,68.49,68.51,187926.02,2026-06-25 10:00:00
1782383400000,68.52,68.56,68.09,68.26,268689.7,2026-06-25 10:30:00
1782385200000,68.25,68.41,67.97,68.07,252885.79,2026-06-25 11:00:00
1782387000000,68.08,68.29,67.96,68.13,158434.33,2026-06-25 11:30:00
1782388800000,68.14,68.23,67.71,67.83,203213.74,2026-06-25 12:00:00
1782390600000,67.83,68.89,67.83,68.25,643991.7,2026-06-25 12:30:00
1782392400000,68.26,68.42,68.06,68.17,220845.81,2026-06-25 13:00:00
1782394200000,68.16,68.38,63.98,64.19,2615174.76,2026-06-25 13:30:00
1782396000000,64.19,66.34,64.18,65.69,1892885.78,2026-06-25 14:00:00
1782397800000,65.68,67.11,65.51,66.3,1171858.78,2026-06-25 14:30:00
1782399600000,66.31,66.33,65.19,65.85,580002.08,2026-06-25 15:00:00
1782401400000,65.85,66.35,65.6,66.27,338931.45,2026-06-25 15:30:00
1782403200000,66.27,66.99,66.22,66.64,432165.51,2026-06-25 16:00:00
1782405000000,66.64,66.64,65.59,65.91,355153.13,2026-06-25 16:30:00
1782406800000,65.92,67.34,65.77,67.27,607481.91,2026-06-25 17:00:00
1782408600000,67.27,67.3,66.66,67.09,366676.93,2026-06-25 17:30:00
1782410400000,67.08,67.11,66.0,66.53,435677.83,2026-06-25 18:00:00
1782412200000,66.53,66.53,65.87,66.15,238491.32,2026-06-25 18:30:00
1782414000000,66.16,66.17,65.6,65.96,256822.06,2026-06-25 19:00:00
1782415800000,65.95,66.18,65.82,66.16,215788.48,2026-06-25 19:30:00
1782417600000,66.16,66.76,66.1,66.68,276208.37,2026-06-25 20:00:00
1782419400000,66.67,66.7,66.03,66.23,125565.4,2026-06-25 20:30:00
1782421200000,66.24,66.81,66.23,66.78,122149.07,2026-06-25 21:00:00
1782423000000,66.78,67.27,66.69,67.24,161153.77,2026-06-25 21:30:00
1782424800000,67.24,67.3,66.89,67.03,135768.94,2026-06-25 22:00:00
1782426600000,67.03,67.25,67.01,67.1,85291.84,2026-06-25 22:30:00
1782428400000,67.1,68.46,66.95,68.31,501103.61,2026-06-25 23:00:00
1782430200000,68.31,68.79,67.54,67.67,391393.08,2026-06-25 23:30:00
1782432000000,67.67,68.07,67.58,67.88,215911.9,2026-06-26 00:00:00
1782433800000,67.88,68.06,67.61,67.69,141927.48,2026-06-26 00:30:00
1782435600000,67.69,67.88,67.14,67.16,268084.1,2026-06-26 01:00:00
1782437400000,67.16,67.45,67.09,67.28,142615.95,2026-06-26 01:30:00
1782439200000,67.28,67.32,65.87,66.62,765053.19,2026-06-26 02:00:00
1782441000000,66.61,66.78,65.98,66.16,307967.49,2026-06-26 02:30:00
1782442800000,66.17,67.09,65.89,66.81,660165.13,2026-06-26 03:00:00
1782444600000,66.8,68.46,66.59,68.17,722761.65,2026-06-26 03:30:00
1782446400000,68.17,68.35,67.92,68.07,350296.84,2026-06-26 04:00:00
1782448200000,68.07,68.13,67.92,68.03,235913.7,2026-06-26 04:30:00
1782450000000,68.04,68.37,67.95,68.27,253415.0,2026-06-26 05:00:00
1782451800000,68.27,68.47,68.06,68.32,191927.52,2026-06-26 05:30:00
1782453600000,68.32,69.38,67.95,69.16,789771.24,2026-06-26 06:00:00
1782455400000,69.16,70.01,68.98,69.97,739063.14,2026-06-26 06:30:00
1782457200000,69.98,70.76,69.89,70.46,917212.99,2026-06-26 07:00:00
1782459000000,70.47,70.97,70.4,70.74,442015.46,2026-06-26 07:30:00
1782460800000,70.75,70.84,69.8,69.87,671474.54,2026-06-26 08:00:00
1782462600000,69.88,70.09,69.68,69.89,305526.19,2026-06-26 08:30:00
1782464400000,69.9,69.92,69.51,69.76,257666.58,2026-06-26 09:00:00
1782466200000,69.75,69.87,68.81,68.97,494673.73,2026-06-26 09:30:00
1782468000000,68.98,69.2,68.87,69.12,185047.58,2026-06-26 10:00:00
1782469800000,69.12,69.22,68.61,68.75,302910.52,2026-06-26 10:30:00
1782471600000,68.74,69.08,68.5,68.55,217525.79,2026-06-26 11:00:00
1782473400000,68.55,68.73,68.35,68.58,205279.76,2026-06-26 11:30:00
1782475200000,68.58,69.25,68.56,69.24,424789.78,2026-06-26 12:00:00
1782477000000,69.25,69.72,68.33,68.82,665715.4,2026-06-26 12:30:00
1782478800000,68.83,69.3,68.14,68.76,599605.07,2026-06-26 13:00:00
1782480600000,68.76,70.91,68.6,70.67,1136598.41,2026-06-26 13:30:00
1782482400000,70.68,71.97,70.2,71.65,1245957.89,2026-06-26 14:00:00
1782484200000,71.65,71.85,70.34,70.42,1009192.82,2026-06-26 14:30:00
1782486000000,70.42,71.84,70.27,71.39,701423.1,2026-06-26 15:00:00
1782487800000,71.39,72.2,71.38,72.01,720816.95,2026-06-26 15:30:00
1782489600000,72.01,73.6,71.97,72.2,1678955.31,2026-06-26 16:00:00
1782491400000,72.21,73.21,72.21,72.45,652161.3,2026-06-26 16:30:00
1782493200000,72.45,72.85,72.13,72.57,302343.28,2026-06-26 17:00:00
1782495000000,72.58,72.8,72.22,72.54,302173.09,2026-06-26 17:30:00
1782496800000,72.55,73.08,72.36,72.4,276096.73,2026-06-26 18:00:00
1782498600000,72.4,72.71,72.34,72.57,210824.41,2026-06-26 18:30:00
1782500400000,72.57,73.42,72.45,73.29,361423.15,2026-06-26 19:00:00
1782502200000,73.29,73.9,72.92,72.98,642887.02,2026-06-26 19:30:00
1782504000000,72.98,73.65,72.65,73.03,535714.81,2026-06-26 20:00:00
1782505800000,73.03,73.05,72.03,72.15,384780.1,2026-06-26 20:30:00
1782507600000,72.15,72.26,71.74,72.23,454806.99,2026-06-26 21:00:00
1782509400000,72.23,72.36,71.89,71.94,129305.75,2026-06-26 21:30:00
1782511200000,71.94,72.06,71.4,71.6,255017.56,2026-06-26 22:00:00
1782513000000,71.61,71.89,71.46,71.78,134546.57,2026-06-26 22:30:00
1782514800000,71.78,71.97,71.64,71.66,107858.92,2026-06-26 23:00:00
1782516600000,71.66,71.98,71.64,71.86,75106.05,2026-06-26 23:30:00
1782518400000,71.87,72.7,71.85,72.04,442383.71,2026-06-27 00:00:00
1782520200000,72.04,72.05,71.51,71.78,226236.15,2026-06-27 00:30:00
1782522000000,71.79,71.79,71.55,71.7,79976.91,2026-06-27 01:00:00
1782523800000,71.69,71.69,71.31,71.4,214437.04,2026-06-27 01:30:00
1782525600000,71.4,72.23,71.35,72.1,284731.38,2026-06-27 02:00:00
1782527400000,72.1,72.22,71.87,72.08,158880.08,2026-06-27 02:30:00
1782529200000,72.07,72.36,71.79,72.14,184677.45,2026-06-27 03:00:00
1782531000000,72.15,72.37,71.99,72.21,135101.25,2026-06-27 03:30:00
1782532800000,72.21,72.55,72.2,72.29,173574.81,2026-06-27 04:00:00
1782534600000,72.3,72.39,71.82,71.89,131416.92,2026-06-27 04:30:00
1782536400000,71.88,71.98,71.47,71.54,194515.29,2026-06-27 05:00:00
1782538200000,71.54,71.83,71.54,71.77,125060.53,2026-06-27 05:30:00
1782540000000,71.76,71.9,71.58,71.86,100473.1,2026-06-27 06:00:00
1782541800000,71.87,72.3,71.86,72.08,220645.49,2026-06-27 06:30:00
1782543600000,72.09,72.22,71.96,72.09,104492.96,2026-06-27 07:00:00
1782545400000,72.1,72.32,71.98,72.26,109554.25,2026-06-27 07:30:00
1782547200000,72.26,72.29,72.02,72.15,173438.53,2026-06-27 08:00:00
1782549000000,72.15,72.17,71.83,71.99,130663.65,2026-06-27 08:30:00
1782550800000,72.0,72.08,71.67,71.76,118937.07,2026-06-27 09:00:00
1782552600000,71.76,71.88,71.7,71.83,64719.15,2026-06-27 09:30:00
1782554400000,71.84,72.02,71.79,71.92,62674.42,2026-06-27 10:00:00
1782556200000,71.92,72.02,71.82,72.0,82344.68,2026-06-27 10:30:00
1782558000000,71.99,72.05,71.49,71.58,112565.22,2026-06-27 11:00:00
1782559800000,71.58,71.89,71.5,71.77,115657.48,2026-06-27 11:30:00
1782561600000,71.76,71.87,71.6,71.8,63492.83,2026-06-27 12:00:00
1782563400000,71.8,72.14,71.7,72.12,120356.3,2026-06-27 12:30:00
1782565200000,72.13,72.43,72.07,72.35,131903.42,2026-06-27 13:00:00
1782567000000,72.36,72.59,72.26,72.32,221438.9,2026-06-27 13:30:00
1782568800000,72.32,72.78,72.15,72.66,267038.49,2026-06-27 14:00:00
1782570600000,72.67,72.87,72.55,72.66,247008.57,2026-06-27 14:30:00
1782572400000,72.66,73.16,72.56,72.86,343813.51,2026-06-27 15:00:00
1782574200000,72.86,73.03,72.69,72.8,224167.77,2026-06-27 15:30:00
1782576000000,72.8,72.98,72.59,72.77,161608.11,2026-06-27 16:00:00
1782577800000,72.77,72.81,72.6,72.6,72377.85,2026-06-27 16:30:00
1782579600000,72.6,72.61,71.86,72.22,483684.12,2026-06-27 17:00:00
1782581400000,72.23,72.31,72.0,72.0,149304.1,2026-06-27 17:30:00
1782583200000,72.0,72.15,71.72,71.86,171940.25,2026-06-27 18:00:00
1782585000000,71.86,72.03,71.83,71.88,68613.37,2026-06-27 18:30:00
1782586800000,71.87,71.98,70.95,71.28,409710.38,2026-06-27 19:00:00
1782588600000,71.28,71.29,70.92,71.06,266827.11,2026-06-27 19:30:00
1782590400000,71.06,71.29,71.05,71.2,94913.03,2026-06-27 20:00:00
1782592200000,71.19,71.32,71.12,71.27,70189.78,2026-06-27 20:30:00
1782594000000,71.28,71.56,71.28,71.53,124366.84,2026-06-27 21:00:00
1782595800000,71.52,71.6,70.75,70.95,214076.07,2026-06-27 21:30:00
1782597600000,70.94,70.94,70.2,70.67,378783.83,2026-06-27 22:00:00
1782599400000,70.68,71.06,70.66,71.03,149982.13,2026-06-27 22:30:00
1782601200000,71.04,71.11,70.37,70.44,236458.77,2026-06-27 23:00:00
1782603000000,70.43,70.65,70.4,70.46,104284.58,2026-06-27 23:30:00
1782604800000,70.45,70.74,70.42,70.73,140262.83,2026-06-28 00:00:00
1782606600000,70.73,70.77,70.53,70.67,68213.92,2026-06-28 00:30:00
1782608400000,70.67,70.78,70.39,70.73,138148.54,2026-06-28 01:00:00
1782610200000,70.73,70.88,70.7,70.79,68353.65,2026-06-28 01:30:00
1782612000000,70.79,70.97,70.44,70.65,190719.67,2026-06-28 02:00:00
1782613800000,70.65,70.78,70.63,70.67,82920.31,2026-06-28 02:30:00
1782615600000,70.67,70.93,70.67,70.8,90715.85,2026-06-28 03:00:00
1782617400000,70.79,70.9,70.73,70.82,88839.78,2026-06-28 03:30:00
1782619200000,70.81,70.84,70.67,70.7,88186.82,2026-06-28 04:00:00
1782621000000,70.69,70.95,70.51,70.73,114221.01,2026-06-28 04:30:00
1782622800000,70.72,70.73,70.12,70.21,283479.6,2026-06-28 05:00:00
1782624600000,70.2,70.53,70.1,70.5,138466.05,2026-06-28 05:30:00
1782626400000,70.5,70.54,70.13,70.39,154921.76,2026-06-28 06:00:00
1782628200000,70.4,70.51,70.35,70.42,78283.11,2026-06-28 06:30:00
1782630000000,70.42,70.86,70.41,70.64,158719.02,2026-06-28 07:00:00
1782631800000,70.64,71.06,70.64,71.04,182938.31,2026-06-28 07:30:00
1782633600000,71.03,71.29,71.01,71.18,219657.86,2026-06-28 08:00:00
1782635400000,71.18,72.16,71.18,71.86,633383.65,2026-06-28 08:30:00
1782637200000,71.87,71.91,71.61,71.73,198423.49,2026-06-28 09:00:00
1782639000000,71.73,72.01,71.43,71.49,227028.38,2026-06-28 09:30:00
1782640800000,71.48,71.57,71.04,71.15,323741.94,2026-06-28 10:00:00
1782642600000,71.14,71.44,71.14,71.42,119624.09,2026-06-28 10:30:00
1782644400000,71.41,71.91,71.36,71.81,209935.17,2026-06-28 11:00:00
1782646200000,71.82,71.98,71.57,71.87,156693.23,2026-06-28 11:30:00
1782648000000,71.87,72.08,71.59,72.07,164590.6,2026-06-28 12:00:00
1782649800000,72.06,72.38,71.7,71.84,200206.55,2026-06-28 12:30:00
1782651600000,71.83,71.83,71.27,71.64,220845.49,2026-06-28 13:00:00
1782653400000,71.63,72.06,71.57,71.7,243109.34,2026-06-28 13:30:00
1782655200000,71.7,72.17,71.65,71.85,179594.51,2026-06-28 14:00:00
1782657000000,71.84,72.0,71.6,71.6,115528.58,2026-06-28 14:30:00
1782658800000,71.61,71.97,71.41,71.77,176247.85,2026-06-28 15:00:00
1782660600000,71.77,72.08,71.68,72.04,234299.29,2026-06-28 15:30:00
1782662400000,72.05,72.09,71.35,71.54,299766.2,2026-06-28 16:00:00
1782664200000,71.53,71.57,71.1,71.52,372818.16,2026-06-28 16:30:00
1782666000000,71.52,71.95,71.3,71.31,215401.29,2026-06-28 17:00:00
1782667800000,71.31,71.6,70.91,71.51,465984.78,2026-06-28 17:30:00
1782669600000,71.51,71.68,71.08,71.16,142471.05,2026-06-28 18:00:00
1782671400000,71.16,71.24,70.95,71.13,108137.55,2026-06-28 18:30:00
1782673200000,71.13,71.13,70.77,71.01,122498.73,2026-06-28 19:00:00
1782675000000,71.01,71.27,70.2,70.67,355720.77,2026-06-28 19:30:00
1782676800000,70.67,71.24,70.6,70.99,161941.97,2026-06-28 20:00:00
1782678600000,70.99,70.99,70.61,70.88,166241.93,2026-06-28 20:30:00
1782680400000,70.87,70.88,70.57,70.78,97055.55,2026-06-28 21:00:00
1782682200000,70.79,71.03,70.15,70.41,186212.62,2026-06-28 21:30:00
1782684000000,70.42,71.49,70.39,70.84,372196.89,2026-06-28 22:00:00
1782685800000,70.84,70.96,69.68,70.19,412906.02,2026-06-28 22:30:00
1782687600000,70.19,71.12,70.09,70.99,276976.98,2026-06-28 23:00:00
1782689400000,70.98,71.75,70.96,71.35,342960.8,2026-06-28 23:30:00
1782691200000,71.35,71.55,70.68,70.69,352158.15,2026-06-29 00:00:00
1782693000000,70.69,71.67,70.3,71.61,448309.57,2026-06-29 00:30:00
1782694800000,71.62,71.67,70.94,71.05,270607.15,2026-06-29 01:00:00
1782696600000,71.05,71.65,70.91,71.44,234998.94,2026-06-29 01:30:00
1782698400000,71.45,71.83,70.45,71.75,560098.77,2026-06-29 02:00:00
1782700200000,71.76,72.19,71.57,72.16,461136.8,2026-06-29 02:30:00
1782702000000,72.16,73.3,72.15,73.15,728404.69,2026-06-29 03:00:00
1782703800000,73.16,73.24,72.55,72.65,290115.28,2026-06-29 03:30:00
1782705600000,72.64,72.66,72.1,72.35,249973.88,2026-06-29 04:00:00
1782707400000,72.35,72.38,71.59,71.65,281570.97,2026-06-29 04:30:00
1782709200000,71.65,71.72,70.96,71.41,518465.14,2026-06-29 05:00:00
1782711000000,71.4,72.31,71.24,72.28,275299.88,2026-06-29 05:30:00
1782712800000,72.28,73.09,72.17,72.65,585620.95,2026-06-29 06:00:00
1782714600000,72.64,72.73,72.25,72.35,235117.26,2026-06-29 06:30:00
1782716400000,72.35,72.58,72.03,72.4,220861.9,2026-06-29 07:00:00
1782718200000,72.39,72.89,72.26,72.67,202143.07,2026-06-29 07:30:00
1782720000000,72.67,72.93,72.36,72.43,260351.2,2026-06-29 08:00:00
1782721800000,72.42,72.97,72.33,72.67,270810.88,2026-06-29 08:30:00
1782723600000,72.67,73.13,72.55,72.87,288839.81,2026-06-29 09:00:00
1782725400000,72.87,72.95,72.6,72.88,142918.08,2026-06-29 09:30:00
1782727200000,72.89,73.63,72.89,73.37,405616.63,2026-06-29 10:00:00
1782729000000,73.37,73.39,73.08,73.18,241659.09,2026-06-29 10:30:00
1782730800000,73.19,73.22,72.4,72.69,377147.26,2026-06-29 11:00:00
1782732600000,72.69,73.16,72.19,72.49,455898.59,2026-06-29 11:30:00
1782734400000,72.49,74.15,72.08,73.98,1132516.84,2026-06-29 12:00:00
1782736200000,73.97,74.51,73.02,73.47,819791.67,2026-06-29 12:30:00
1782738000000,73.47,74.3,73.46,73.53,534818.7,2026-06-29 13:00:00
1782739800000,73.52,74.13,72.73,73.69,1222492.31,2026-06-29 13:30:00
1782741600000,73.69,73.96,72.28,73.16,1086008.11,2026-06-29 14:00:00
1782743400000,73.17,73.86,72.87,73.7,564908.36,2026-06-29 14:30:00
1782745200000,73.71,73.96,72.75,73.91,547597.37,2026-06-29 15:00:00
1782747000000,73.92,74.41,73.75,73.87,691817.03,2026-06-29 15:30:00
1782748800000,73.87,74.04,72.86,72.92,456099.55,2026-06-29 16:00:00
1782750600000,72.92,74.14,72.92,74.0,731289.42,2026-06-29 16:30:00
1782752400000,74.0,76.45,73.97,75.87,1928396.53,2026-06-29 17:00:00
1782754200000,75.87,76.13,75.22,75.27,480670.93,2026-06-29 17:30:00
1782756000000,75.27,75.8,75.1,75.19,334598.17,2026-06-29 18:00:00
1782757800000,75.2,75.73,75.13,75.57,164719.68,2026-06-29 18:30:00
1782759600000,75.56,76.17,75.38,76.0,308283.03,2026-06-29 19:00:00
1782761400000,76.01,76.2,75.63,75.94,167897.13,2026-06-29 19:30:00
1782763200000,75.94,75.97,75.45,75.49,128065.74,2026-06-29 20:00:00
1782765000000,75.49,75.67,75.23,75.34,166878.89,2026-06-29 20:30:00
1782766800000,75.33,75.66,75.19,75.4,127932.01,2026-06-29 21:00:00
1782768600000,75.4,75.75,75.4,75.49,91585.0,2026-06-29 21:30:00
1782770400000,75.48,75.62,75.25,75.35,113429.1,2026-06-29 22:00:00
1782772200000,75.35,75.45,75.03,75.24,144302.87,2026-06-29 22:30:00
1782774000000,75.24,75.4,75.03,75.16,81834.77,2026-06-29 23:00:00
1782775800000,75.16,75.24,74.86,75.13,190875.76,2026-06-29 23:30:00
1782777600000,75.12,75.19,74.55,74.59,159565.19,2026-06-30 00:00:00
1782779400000,74.6,74.62,74.07,74.37,591646.61,2026-06-30 00:30:00
1782781200000,74.38,74.63,74.02,74.62,326108.69,2026-06-30 01:00:00
1782783000000,74.62,74.62,74.16,74.38,152998.98,2026-06-30 01:30:00
1782784800000,74.38,74.38,73.98,74.31,122909.42,2026-06-30 02:00:00
1782786600000,74.31,74.8,74.16,74.56,157699.74,2026-06-30 02:30:00
1782788400000,74.56,74.85,74.48,74.57,136419.07,2026-06-30 03:00:00
1782790200000,74.57,74.6,74.09,74.14,144673.04,2026-06-30 03:30:00
1782792000000,74.15,74.22,73.65,73.92,577795.94,2026-06-30 04:00:00
1782793800000,73.92,74.15,73.92,74.0,119852.87,2026-06-30 04:30:00
1782795600000,74.01,74.13,73.82,73.94,100905.02,2026-06-30 05:00:00
1782797400000,73.94,74.2,73.81,74.2,110927.53,2026-06-30 05:30:00
1782799200000,74.19,74.23,73.85,74.2,121430.76,2026-06-30 06:00:00
1782801000000,74.2,74.23,73.99,74.12,75626.95,2026-06-30 06:30:00
1782802800000,74.12,74.2,73.81,73.87,145034.94,2026-06-30 07:00:00
1782804600000,73.88,74.16,73.87,74.12,218852.96,2026-06-30 07:30:00
1782806400000,74.11,74.18,73.79,73.97,142435.13,2026-06-30 08:00:00
1782808200000,73.96,74.0,73.27,73.58,649183.53,2026-06-30 08:30:00
1782810000000,73.59,73.8,73.54,73.58,204139.88,2026-06-30 09:00:00
1782811800000,73.59,73.84,73.49,73.76,121765.27,2026-06-30 09:30:00
1782813600000,73.76,73.86,73.59,73.63,75147.63,2026-06-30 10:00:00
1782815400000,73.62,73.78,73.44,73.65,111871.57,2026-06-30 10:30:00
1782817200000,73.65,73.74,73.35,73.42,101048.46,2026-06-30 11:00:00
1782819000000,73.42,73.69,73.28,73.35,237836.38,2026-06-30 11:30:00
1782820800000,73.35,73.38,72.54,72.64,482097.39,2026-06-30 12:00:00
1782822600000,72.63,72.71,72.01,72.05,476467.07,2026-06-30 12:30:00
1782824400000,72.05,72.55,71.86,72.48,578646.86,2026-06-30 13:00:00
1782826200000,72.48,72.9,71.96,72.84,716080.04,2026-06-30 13:30:00
1782828000000,72.84,73.76,72.73,73.75,618473.35,2026-06-30 14:00:00
1782829800000,73.74,73.88,72.69,72.91,469947.6,2026-06-30 14:30:00
1782831600000,72.92,73.4,72.54,73.18,577611.01,2026-06-30 15:00:00
1782833400000,73.18,74.18,72.99,73.1,669941.55,2026-06-30 15:30:00
1782835200000,73.1,73.62,72.69,72.77,507296.11,2026-06-30 16:00:00
1782837000000,72.78,73.74,72.72,73.48,308989.78,2026-06-30 16:30:00
1782838800000,73.48,73.89,73.31,73.41,230812.11,2026-06-30 17:00:00
1782840600000,73.41,73.54,73.13,73.15,135772.31,2026-06-30 17:30:00
1782842400000,73.16,73.77,73.06,73.39,198071.72,2026-06-30 18:00:00
1782844200000,73.39,73.68,72.91,73.55,195650.58,2026-06-30 18:30:00
1782846000000,73.55,73.72,73.31,73.53,106142.55,2026-06-30 19:00:00
1782847800000,73.52,73.95,73.48,73.71,234561.54,2026-06-30 19:30:00
1782849600000,73.7,73.91,73.53,73.68,129481.88,2026-06-30 20:00:00
1782851400000,73.67,73.89,73.49,73.66,86539.84,2026-06-30 20:30:00
1782853200000,73.65,73.76,73.16,73.27,143903.47,2026-06-30 21:00:00
1782855000000,73.27,73.46,73.25,73.46,56614.36,2026-06-30 21:30:00
1782856800000,73.47,73.72,73.43,73.5,60793.59,2026-06-30 22:00:00
1782858600000,73.5,73.5,73.23,73.39,99093.7,2026-06-30 22:30:00
1782860400000,73.39,73.63,73.28,73.53,54762.32,2026-06-30 23:00:00
1782862200000,73.53,73.67,73.46,73.63,40457.86,2026-06-30 23:30:00
1782864000000,73.63,73.8,73.32,73.48,140184.93,2026-07-01 00:00:00
1782865800000,73.47,73.87,73.47,73.6,136174.31,2026-07-01 00:30:00
1782867600000,73.6,73.63,72.19,73.21,848667.59,2026-07-01 01:00:00
1782869400000,73.21,74.33,73.18,73.9,580707.14,2026-07-01 01:30:00
1782871200000,73.9,74.56,73.73,74.45,345154.77,2026-07-01 02:00:00
1782873000000,74.46,74.98,74.4,74.73,520135.07,2026-07-01 02:30:00
1782874800000,74.74,74.87,74.31,74.5,226413.52,2026-07-01 03:00:00
1782876600000,74.51,75.65,74.37,75.44,644433.87,2026-07-01 03:30:00
1782878400000,75.44,75.6,75.19,75.39,291537.7,2026-07-01 04:00:00
1782880200000,75.38,75.83,75.31,75.51,323528.2,2026-07-01 04:30:00
1782882000000,75.51,75.75,75.11,75.14,260026.66,2026-07-01 05:00:00
1782883800000,75.14,75.37,75.1,75.21,192806.39,2026-07-01 05:30:00
1782885600000,75.21,75.23,74.53,74.71,392538.69,2026-07-01 06:00:00
1782887400000,74.71,74.75,73.91,74.28,574157.41,2026-07-01 06:30:00
1782889200000,74.29,74.78,74.06,74.55,288563.94,2026-07-01 07:00:00
1782891000000,74.54,74.93,74.37,74.84,270794.64,2026-07-01 07:30:00
1782892800000,74.84,75.04,74.48,74.62,278389.98,2026-07-01 08:00:00
1782894600000,74.62,75.49,74.42,75.41,316932.0,2026-07-01 08:30:00
1782896400000,75.42,75.42,75.03,75.14,248666.92,2026-07-01 09:00:00
1782898200000,75.14,75.55,75.04,75.43,293228.59,2026-07-01 09:30:00
1782900000000,75.42,75.53,75.1,75.31,306980.76,2026-07-01 10:00:00
1782901800000,75.31,75.35,74.93,74.94,158517.94,2026-07-01 10:30:00
1782903600000,74.95,75.29,74.63,74.99,283760.89,2026-07-01 11:00:00
1782905400000,74.99,75.07,74.59,74.79,227298.97,2026-07-01 11:30:00
1782907200000,74.79,74.93,74.33,74.55,309530.11,2026-07-01 12:00:00
1782909000000,74.55,74.67,74.22,74.56,298203.1,2026-07-01 12:30:00
1782910800000,74.57,75.39,74.56,75.31,600358.48,2026-07-01 13:00:00
1782912600000,75.31,76.16,74.61,76.0,1193427.16,2026-07-01 13:30:00
1782914400000,75.99,77.23,75.6,76.63,1202716.31,2026-07-01 14:00:00
1782916200000,76.64,77.11,76.31,76.92,598451.86,2026-07-01 14:30:00
1782918000000,76.92,77.76,76.78,77.49,914085.94,2026-07-01 15:00:00
1782919800000,77.49,77.59,77.06,77.39,402923.23,2026-07-01 15:30:00
1782921600000,77.39,78.23,77.14,77.72,703118.39,2026-07-01 16:00:00
1782923400000,77.72,77.78,76.83,77.13,476226.07,2026-07-01 16:30:00
1782925200000,77.12,77.91,76.79,77.68,428877.36,2026-07-01 17:00:00
1782927000000,77.68,77.88,77.55,77.72,210647.51,2026-07-01 17:30:00
1782928800000,77.72,77.88,77.47,77.57,212300.25,2026-07-01 18:00:00
1782930600000,77.57,77.74,77.25,77.38,205995.14,2026-07-01 18:30:00
1782932400000,77.37,77.64,77.13,77.19,123069.3,2026-07-01 19:00:00
1782934200000,77.2,77.37,76.76,76.97,257909.59,2026-07-01 19:30:00
1782936000000,76.96,77.0,76.56,76.84,271123.82,2026-07-01 20:00:00
1782937800000,76.84,77.47,76.79,77.38,288475.95,2026-07-01 20:30:00
1782939600000,77.38,78.26,77.38,77.79,341469.14,2026-07-01 21:00:00
1782941400000,77.79,78.65,77.77,78.36,458358.45,2026-07-01 21:30:00
1782943200000,78.35,78.92,78.16,78.19,443925.28,2026-07-01 22:00:00
1782945000000,78.19,78.37,77.72,77.82,288962.42,2026-07-01 22:30:00
1782946800000,77.82,77.84,77.34,77.65,315532.23,2026-07-01 23:00:00
1782948600000,77.64,77.75,77.21,77.41,284061.99,2026-07-01 23:30:00
1782950400000,77.42,77.43,77.05,77.15,278498.7,2026-07-02 00:00:00
1782952200000,77.15,77.33,76.86,77.23,232980.66,2026-07-02 00:30:00
1782954000000,77.23,77.92,77.18,77.91,204284.41,2026-07-02 01:00:00
1782955800000,77.92,78.67,77.92,78.15,424748.72,2026-07-02 01:30:00
1782957600000,78.15,78.2,77.76,78.14,193375.95,2026-07-02 02:00:00
1782959400000,78.14,78.56,78.06,78.39,180033.26,2026-07-02 02:30:00
1782961200000,78.39,78.7,77.9,78.42,433258.84,2026-07-02 03:00:00
1782963000000,78.41,78.94,78.19,78.67,429249.85,2026-07-02 03:30:00
1782964800000,78.66,78.68,78.2,78.25,250209.32,2026-07-02 04:00:00
1782966600000,78.25,78.37,78.0,78.24,177047.48,2026-07-02 04:30:00
1782968400000,78.23,78.31,77.99,78.01,101102.57,2026-07-02 05:00:00
1782970200000,78.01,78.09,77.73,78.07,233927.43,2026-07-02 05:30:00
1782972000000,78.07,78.36,77.88,78.2,276584.16,2026-07-02 06:00:00
1782973800000,78.19,78.6,77.71,77.87,354157.44,2026-07-02 06:30:00
1782975600000,77.86,77.93,77.54,77.68,213786.21,2026-07-02 07:00:00
1782977400000,77.68,78.16,77.6,77.96,234081.96,2026-07-02 07:30:00
1782979200000,77.96,78.26,77.9,78.16,212583.0,2026-07-02 08:00:00
1782981000000,78.15,78.46,78.06,78.43,196690.97,2026-07-02 08:30:00
1782982800000,78.44,78.85,78.25,78.77,364398.22,2026-07-02 09:00:00
1782984600000,78.77,79.75,78.71,79.42,1128680.5,2026-07-02 09:30:00
1782986400000,79.43,80.56,79.36,80.19,976389.96,2026-07-02 10:00:00
1782988200000,80.18,82.17,80.15,82.04,1835369.13,2026-07-02 10:30:00
1782990000000,82.04,82.8,81.47,82.49,1526459.58,2026-07-02 11:00:00
1782991800000,82.5,82.68,81.95,82.34,683886.63,2026-07-02 11:30:00
1782993600000,82.33,82.41,81.63,82.02,721421.72,2026-07-02 12:00:00
1782995400000,82.03,82.41,81.08,81.36,1025413.84,2026-07-02 12:30:00
1782997200000,81.35,81.66,80.63,80.92,740509.63,2026-07-02 13:00:00
1782999000000,80.93,81.96,80.74,81.48,884329.79,2026-07-02 13:30:00
1783000800000,81.49,81.51,80.37,80.56,718047.4,2026-07-02 14:00:00
1783002600000,80.56,80.89,80.09,80.5,705848.74,2026-07-02 14:30:00
1783004400000,80.51,80.75,80.04,80.63,333081.85,2026-07-02 15:00:00
1783006200000,80.64,80.88,80.49,80.82,250554.84,2026-07-02 15:30:00
1783008000000,80.83,81.07,80.33,80.49,372626.7,2026-07-02 16:00:00
1783009800000,80.49,80.73,80.11,80.51,427304.28,2026-07-02 16:30:00
1783011600000,80.51,81.22,80.46,81.08,384863.99,2026-07-02 17:00:00
1783013400000,81.07,81.07,80.55,80.59,169006.64,2026-07-02 17:30:00
1783015200000,80.59,81.1,80.59,80.91,146099.94,2026-07-02 18:00:00
1783017000000,80.9,81.22,80.82,80.97,196871.22,2026-07-02 18:30:00
1783018800000,80.98,81.07,80.72,80.82,150350.48,2026-07-02 19:00:00
1783020600000,80.83,81.27,80.78,80.78,171147.78,2026-07-02 19:30:00
1783022400000,80.78,80.83,80.54,80.58,135459.99,2026-07-02 20:00:00
1783024200000,80.59,81.1,80.54,80.98,189423.16,2026-07-02 20:30:00
1783026000000,80.97,81.14,80.88,80.88,93459.36,2026-07-02 21:00:00
1783027800000,80.88,80.95,80.41,80.75,98308.91,2026-07-02 21:30:00
1783029600000,80.75,80.82,80.37,80.62,107511.5,2026-07-02 22:00:00
1783031400000,80.61,80.86,80.44,80.62,101377.47,2026-07-02 22:30:00
1783033200000,80.62,80.72,80.45,80.64,72396.86,2026-07-02 23:00:00
1783035000000,80.64,80.73,80.48,80.68,74896.22,2026-07-02 23:30:00
1783036800000,80.68,80.81,80.55,80.6,150303.91,2026-07-03 00:00:00
1783038600000,80.6,80.89,80.48,80.71,195061.41,2026-07-03 00:30:00
1783040400000,80.71,81.28,80.66,81.13,218692.88,2026-07-03 01:00:00
1783042200000,81.13,81.67,81.06,81.44,280726.67,2026-07-03 01:30:00
1783044000000,81.45,81.64,81.09,81.1,183647.07,2026-07-03 02:00:00
1783045800000,81.1,81.13,80.61,80.77,238605.43,2026-07-03 02:30:00
1783047600000,80.76,80.94,80.25,80.87,310118.65,2026-07-03 03:00:00
1783049400000,80.88,80.93,80.55,80.67,114362.4,2026-07-03 03:30:00
1783051200000,80.68,80.73,80.44,80.59,68554.04,2026-07-03 04:00:00
1783053000000,80.59,80.77,80.44,80.47,105028.45,2026-07-03 04:30:00
1783054800000,80.47,80.87,80.43,80.79,132567.34,2026-07-03 05:00:00
1783056600000,80.8,81.22,80.75,81.1,187663.52,2026-07-03 05:30:00
1783058400000,81.1,81.35,80.88,80.95,227973.71,2026-07-03 06:00:00
1783060200000,80.95,81.07,80.68,80.91,158346.35,2026-07-03 06:30:00
1783062000000,80.91,81.07,80.76,81.06,78481.37,2026-07-03 07:00:00
1783063800000,81.06,81.48,80.98,81.18,184461.05,2026-07-03 07:30:00
1783065600000,81.19,81.31,80.94,81.0,242457.44,2026-07-03 08:00:00
1783067400000,81.01,81.52,80.79,80.87,446653.1,2026-07-03 08:30:00
1783069200000,80.87,81.07,80.74,80.9,119797.91,2026-07-03 09:00:00
1783071000000,80.9,81.26,80.62,80.97,212917.18,2026-07-03 09:30:00
1783072800000,80.98,81.24,80.83,81.12,281734.97,2026-07-03 10:00:00
1783074600000,81.12,81.85,81.01,81.51,580051.76,2026-07-03 10:30:00
1783076400000,81.52,81.68,81.3,81.33,297982.06,2026-07-03 11:00:00
1783078200000,81.33,81.62,81.2,81.51,106531.74,2026-07-03 11:30:00
1783080000000,81.51,81.76,81.15,81.28,270992.37,2026-07-03 12:00:00
1783081800000,81.28,81.53,81.2,81.49,96082.9,2026-07-03 12:30:00
1783083600000,81.5,81.71,81.38,81.61,159050.3,2026-07-03 13:00:00
1783085400000,81.62,81.86,81.38,81.54,241366.98,2026-07-03 13:30:00
1783087200000,81.55,81.56,80.86,81.23,352981.36,2026-07-03 14:00:00
1783089000000,81.22,81.77,81.17,81.64,210055.07,2026-07-03 14:30:00
1783090800000,81.65,82.11,81.18,81.21,387365.29,2026-07-03 15:00:00
1783092600000,81.22,81.33,81.1,81.16,174994.4,2026-07-03 15:30:00
1783094400000,81.17,81.4,81.02,81.28,172072.18,2026-07-03 16:00:00
1783096200000,81.28,81.55,81.12,81.51,258149.58,2026-07-03 16:30:00
1783098000000,81.5,81.99,81.43,81.76,311301.27,2026-07-03 17:00:00
1783099800000,81.77,81.82,81.54,81.75,108764.5,2026-07-03 17:30:00
1783101600000,81.76,81.88,81.6,81.74,107239.11,2026-07-03 18:00:00
1783103400000,81.74,82.4,81.7,82.08,254660.57,2026-07-03 18:30:00
1783105200000,82.09,82.36,82.04,82.3,162260.61,2026-07-03 19:00:00
1783107000000,82.3,83.23,82.16,82.44,661958.18,2026-07-03 19:30:00
1783108800000,82.45,82.7,82.19,82.51,297287.1,2026-07-03 20:00:00
1783110600000,82.52,82.98,82.34,82.67,360354.62,2026-07-03 20:30:00
1783112400000,82.67,83.02,82.3,82.35,217721.42,2026-07-03 21:00:00
1783114200000,82.36,82.82,82.13,82.62,196873.08,2026-07-03 21:30:00
1783116000000,82.63,82.65,82.33,82.37,108231.24,2026-07-03 22:00:00
1783117800000,82.37,82.41,82.21,82.31,103788.01,2026-07-03 22:30:00
1783119600000,82.31,82.36,82.13,82.22,79819.8,2026-07-03 23:00:00
1783121400000,82.21,82.47,82.21,82.3,68229.63,2026-07-03 23:30:00
1783123200000,82.3,82.7,82.22,82.55,160603.08,2026-07-04 00:00:00
1783125000000,82.55,82.63,82.36,82.37,71645.09,2026-07-04 00:30:00
1783126800000,82.36,82.37,81.87,81.98,224542.16,2026-07-04 01:00:00
1783128600000,81.99,82.05,81.77,81.92,101287.89,2026-07-04 01:30:00
1783130400000,81.91,82.09,81.85,82.04,90062.18,2026-07-04 02:00:00
1783132200000,82.03,82.37,81.89,82.14,98230.47,2026-07-04 02:30:00
1783134000000,82.15,82.39,82.0,82.38,144879.75,2026-07-04 03:00:00
1783135800000,82.37,82.83,82.28,82.68,217662.49,2026-07-04 03:30:00
1783137600000,82.68,83.08,82.62,82.94,225215.25,2026-07-04 04:00:00
1783139400000,82.95,83.95,82.93,83.45,866220.9,2026-07-04 04:30:00
1783141200000,83.45,83.45,82.85,83.05,272117.01,2026-07-04 05:00:00
1783143000000,83.05,83.45,83.0,83.33,213637.33,2026-07-04 05:30:00
1783144800000,83.33,83.55,82.47,82.62,418344.46,2026-07-04 06:00:00
1783146600000,82.62,82.8,82.46,82.53,138202.19,2026-07-04 06:30:00
1783148400000,82.52,82.56,82.17,82.37,212575.95,2026-07-04 07:00:00
1783150200000,82.37,82.8,82.35,82.67,148506.62,2026-07-04 07:30:00
1783152000000,82.67,82.74,82.36,82.41,142866.1,2026-07-04 08:00:00
1783153800000,82.42,82.65,82.22,82.28,116693.36,2026-07-04 08:30:00
1783155600000,82.28,82.3,81.8,81.96,541682.99,2026-07-04 09:00:00
1783157400000,81.97,81.98,81.56,81.7,270314.83,2026-07-04 09:30:00
1783159200000,81.7,81.9,81.63,81.72,116225.85,2026-07-04 10:00:00
1783161000000,81.72,81.72,81.37,81.61,193901.76,2026-07-04 10:30:00
1783162800000,81.61,81.78,81.49,81.71,126952.51,2026-07-04 11:00:00
1783164600000,81.71,81.88,81.68,81.78,97482.83,2026-07-04 11:30:00
1783166400000,81.78,81.96,81.5,81.62,206952.15,2026-07-04 12:00:00
1783168200000,81.62,81.67,81.25,81.57,231695.02,2026-07-04 12:30:00
1783170000000,81.56,81.88,81.44,81.6,159636.34,2026-07-04 13:00:00
1783171800000,81.6,81.64,81.35,81.61,129076.4,2026-07-04 13:30:00
1783173600000,81.61,81.83,81.5,81.65,127198.55,2026-07-04 14:00:00
1783175400000,81.65,81.81,81.56,81.76,116965.0,2026-07-04 14:30:00
1783177200000,81.75,82.41,81.68,82.19,438497.74,2026-07-04 15:00:00
1783179000000,82.19,82.42,82.03,82.19,244996.94,2026-07-04 15:30:00
1783180800000,82.19,82.26,81.94,82.19,163489.19,2026-07-04 16:00:00
1783182600000,82.2,82.35,82.08,82.18,162391.9,2026-07-04 16:30:00
1783184400000,82.19,82.28,81.84,82.24,152936.65,2026-07-04 17:00:00
1783186200000,82.25,82.79,82.19,82.49,328838.85,2026-07-04 17:30:00
1783188000000,82.48,82.59,82.04,82.25,190346.61,2026-07-04 18:00:00
1783189800000,82.25,82.3,82.09,82.21,73015.65,2026-07-04 18:30:00
1783191600000,82.21,82.3,81.65,81.85,147580.53,2026-07-04 19:00:00
1783193400000,81.85,81.99,81.69,81.83,72092.58,2026-07-04 19:30:00
1783195200000,81.82,81.99,81.53,81.68,121936.44,2026-07-04 20:00:00
1783197000000,81.68,82.11,81.68,81.92,71675.49,2026-07-04 20:30:00
1783198800000,81.93,82.1,81.79,82.06,70704.49,2026-07-04 21:00:00
1783200600000,82.05,82.18,81.85,81.95,38284.84,2026-07-04 21:30:00
1783202400000,81.95,82.0,81.75,81.79,48734.23,2026-07-04 22:00:00
1783204200000,81.8,81.9,81.74,81.9,36715.46,2026-07-04 22:30:00
1783206000000,81.89,81.9,81.39,81.65,139600.71,2026-07-04 23:00:00
1783207800000,81.65,81.82,81.6,81.74,86794.23,2026-07-04 23:30:00
1783209600000,81.74,81.77,81.24,81.39,195194.66,2026-07-05 00:00:00
1783211400000,81.38,81.43,81.08,81.27,202674.66,2026-07-05 00:30:00
1783213200000,81.28,81.43,80.58,81.01,451887.62,2026-07-05 01:00:00
1783215000000,81.01,81.01,80.46,80.81,291136.28,2026-07-05 01:30:00
1783216800000,80.81,80.86,80.37,80.52,282912.02,2026-07-05 02:00:00
1783218600000,80.52,80.62,80.17,80.34,238809.25,2026-07-05 02:30:00
1783220400000,80.34,80.58,80.32,80.36,189214.37,2026-07-05 03:00:00
1783222200000,80.36,80.56,80.34,80.53,78801.97,2026-07-05 03:30:00
1783224000000,80.53,80.65,80.36,80.65,192174.62,2026-07-05 04:00:00
1783225800000,80.64,80.87,80.54,80.54,216325.46,2026-07-05 04:30:00
1783227600000,80.54,80.54,80.37,80.46,95248.25,2026-07-05 05:00:00
1783229400000,80.46,80.54,80.2,80.43,127074.17,2026-07-05 05:30:00
1783231200000,80.44,80.49,80.29,80.48,73756.35,2026-07-05 06:00:00
1783233000000,80.49,80.61,80.43,80.55,75197.19,2026-07-05 06:30:00
1783234800000,80.55,80.6,80.32,80.37,146070.72,2026-07-05 07:00:00
1783236600000,80.36,80.8,80.36,80.66,162428.86,2026-07-05 07:30:00
1783238400000,80.67,80.82,80.4,80.44,147893.71,2026-07-05 08:00:00
1783240200000,80.44,80.57,80.4,80.44,61542.28,2026-07-05 08:30:00
1783242000000,80.45,80.5,80.09,80.15,189028.73,2026-07-05 09:00:00
1783243800000,80.14,80.21,79.63,79.86,546827.04,2026-07-05 09:30:00
1783245600000,79.86,80.24,79.7,80.15,260208.26,2026-07-05 10:00:00
1783247400000,80.14,80.43,80.14,80.39,157567.45,2026-07-05 10:30:00
1783249200000,80.4,80.56,80.3,80.4,157436.4,2026-07-05 11:00:00
1783251000000,80.39,80.62,80.34,80.52,117274.51,2026-07-05 11:30:00
1783252800000,80.53,81.04,80.31,81.0,276674.59,2026-07-05 12:00:00
1783254600000,81.01,81.24,80.7,80.71,331101.87,2026-07-05 12:30:00
1783256400000,80.72,80.97,80.63,80.74,119790.45,2026-07-05 13:00:00
1783258200000,80.74,81.19,80.69,81.19,179983.43,2026-07-05 13:30:00
1783260000000,81.19,81.29,80.97,81.03,132420.99,2026-07-05 14:00:00
1783261800000,81.04,81.57,80.99,81.41,218178.26,2026-07-05 14:30:00
1783263600000,81.41,81.72,81.11,81.2,251217.67,2026-07-05 15:00:00
1783265400000,81.21,81.5,81.07,81.31,108596.82,2026-07-05 15:30:00
1783267200000,81.31,81.48,81.0,81.0,155181.8,2026-07-05 16:00:00
1783269000000,81.01,81.2,80.86,81.05,153000.51,2026-07-05 16:30:00
1783270800000,81.04,81.34,81.0,81.02,107851.12,2026-07-05 17:00:00
1783272600000,81.03,81.17,80.97,81.09,49596.39,2026-07-05 17:30:00
1783274400000,81.1,81.23,81.05,81.12,43207.3,2026-07-05 18:00:00
1783276200000,81.12,81.23,80.95,80.96,53130.97,2026-07-05 18:30:00
1783278000000,80.96,81.07,80.73,80.91,119760.89,2026-07-05 19:00:00
1783279800000,80.92,81.09,80.86,80.99,56704.0,2026-07-05 19:30:00
1783281600000,81.0,81.13,80.92,80.97,48782.12,2026-07-05 20:00:00
1783283400000,80.98,81.06,80.91,81.03,34918.14,2026-07-05 20:30:00
1783285200000,81.04,81.54,80.74,81.47,176240.37,2026-07-05 21:00:00
1783287000000,81.47,82.25,81.44,81.74,345665.03,2026-07-05 21:30:00
1783288800000,81.74,82.4,81.6,82.12,459660.22,2026-07-05 22:00:00
1783290600000,82.12,82.32,81.6,81.78,253801.39,2026-07-05 22:30:00
1783292400000,81.79,82.04,81.52,81.59,195585.51,2026-07-05 23:00:00
1783294200000,81.6,81.75,81.4,81.55,160930.32,2026-07-05 23:30:00
1783296000000,81.55,81.7,81.15,81.21,232457.87,2026-07-06 00:00:00
1783297800000,81.21,82.23,81.07,82.19,454504.28,2026-07-06 00:30:00
1783299600000,82.18,82.32,81.63,81.8,256263.97,2026-07-06 01:00:00
1783301400000,81.8,82.1,81.44,81.5,211887.14,2026-07-06 01:30:00
1783303200000,81.51,81.66,81.13,81.35,283973.96,2026-07-06 02:00:00
1783305000000,81.36,81.45,80.8,80.99,231089.6,2026-07-06 02:30:00
1783306800000,80.98,81.03,80.4,80.65,353129.34,2026-07-06 03:00:00
1783308600000,80.65,80.8,80.43,80.77,247232.82,2026-07-06 03:30:00
1783310400000,80.77,80.96,80.66,80.74,148220.3,2026-07-06 04:00:00
1783312200000,80.73,80.97,80.68,80.78,100792.81,2026-07-06 04:30:00
1783314000000,80.78,80.79,80.14,80.21,286355.23,2026-07-06 05:00:00
1783315800000,80.21,80.52,80.11,80.37,177723.62,2026-07-06 05:30:00
1783317600000,80.37,80.49,80.23,80.35,98781.13,2026-07-06 06:00:00
1783319400000,80.34,80.43,80.21,80.32,122695.05,2026-07-06 06:30:00
1783321200000,80.31,80.72,80.23,80.63,227752.18,2026-07-06 07:00:00
1783323000000,80.63,81.0,80.56,80.79,204408.13,2026-07-06 07:30:00
1783324800000,80.79,81.05,80.58,80.69,185911.65,2026-07-06 08:00:00
1783326600000,80.68,80.7,80.25,80.46,173812.33,2026-07-06 08:30:00
1783328400000,80.45,80.46,80.27,80.38,105222.53,2026-07-06 09:00:00
1783330200000,80.39,80.39,80.02,80.05,218823.86,2026-07-06 09:30:00
1783332000000,80.05,80.4,80.02,80.38,167248.43,2026-07-06 10:00:00
1783333800000,80.38,80.68,80.35,80.62,210519.39,2026-07-06 10:30:00
1783335600000,80.63,80.9,80.6,80.74,159515.59,2026-07-06 11:00:00
1783337400000,80.74,80.96,80.31,80.33,246734.54,2026-07-06 11:30:00
1783339200000,80.33,80.63,79.22,80.21,1484232.52,2026-07-06 12:00:00
1783341000000,80.21,80.47,79.39,79.41,697754.91,2026-07-06 12:30:00
1783342800000,79.41,79.63,79.17,79.41,548734.61,2026-07-06 13:00:00
1783344600000,79.4,80.89,79.3,80.11,874645.67,2026-07-06 13:30:00
1783346400000,80.11,80.74,79.81,80.32,571081.57,2026-07-06 14:00:00
1783348200000,80.31,80.47,80.03,80.26,239912.02,2026-07-06 14:30:00
1783350000000,80.26,80.84,80.24,80.77,395062.18,2026-07-06 15:00:00
1783351800000,80.76,81.49,80.41,81.45,605373.65,2026-07-06 15:30:00
1783353600000,81.45,82.4,81.23,81.77,932575.12,2026-07-06 16:00:00
1783355400000,81.77,82.13,81.73,82.06,188515.72,2026-07-06 16:30:00
1783357200000,82.07,82.14,81.73,81.97,208478.21,2026-07-06 17:00:00
1783359000000,81.98,82.03,81.4,81.6,252876.51,2026-07-06 17:30:00
1783360800000,81.6,81.78,81.26,81.52,131877.1,2026-07-06 18:00:00
1783362600000,81.53,82.26,81.48,81.94,249725.92,2026-07-06 18:30:00
1783364400000,81.95,82.06,81.76,82.03,105442.95,2026-07-06 19:00:00
1783366200000,82.04,82.13,81.82,82.02,75948.66,2026-07-06 19:30:00
1783368000000,82.02,82.03,81.63,81.91,84415.22,2026-07-06 20:00:00
1783369800000,81.92,82.21,81.86,82.05,67316.09,2026-07-06 20:30:00
1783371600000,82.04,83.74,82.0,82.64,807007.95,2026-07-06 21:00:00
1783373400000,82.63,82.86,82.42,82.78,152914.74,2026-07-06 21:30:00
1783375200000,82.79,82.85,82.33,82.34,90541.55,2026-07-06 22:00:00
1783377000000,82.34,82.51,82.21,82.29,95319.85,2026-07-06 22:30:00
1783378800000,82.29,82.38,81.91,82.09,126507.95,2026-07-06 23:00:00
1783380600000,82.09,82.13,81.85,81.9,100683.19,2026-07-06 23:30:00
1783382400000,81.9,82.39,81.77,82.29,219310.48,2026-07-07 00:00:00
1783384200000,82.29,82.45,82.12,82.3,166743.65,2026-07-07 00:30:00
1783386000000,82.31,82.32,81.78,81.88,181616.8,2026-07-07 01:00:00
1783387800000,81.88,82.14,81.76,81.86,155107.96,2026-07-07 01:30:00
1783389600000,81.86,81.95,81.48,81.54,144846.77,2026-07-07 02:00:00
1783391400000,81.55,81.63,81.19,81.3,292029.59,2026-07-07 02:30:00
1783393200000,81.3,81.43,81.1,81.12,179377.32,2026-07-07 03:00:00
1783395000000,81.13,81.23,80.84,81.0,214161.93,2026-07-07 03:30:00
1783396800000,81.0,81.05,80.72,80.96,174256.48,2026-07-07 04:00:00
1783398600000,80.96,81.01,80.6,80.86,166604.05,2026-07-07 04:30:00
1783400400000,80.86,80.89,80.41,80.57,197100.12,2026-07-07 05:00:00
1783402200000,80.57,81.21,80.57,81.06,272173.5,2026-07-07 05:30:00
1783404000000,81.05,81.18,80.76,81.03,121624.35,2026-07-07 06:00:00
1783405800000,81.02,81.62,80.97,81.51,257856.09,2026-07-07 06:30:00
1783407600000,81.5,81.7,81.41,81.54,184507.78,2026-07-07 07:00:00
1783409400000,81.55,81.66,81.28,81.45,163796.63,2026-07-07 07:30:00
1783411200000,81.45,81.54,81.11,81.45,263421.37,2026-07-07 08:00:00
1783413000000,81.46,81.55,81.18,81.22,185074.42,2026-07-07 08:30:00
1783414800000,81.23,81.45,81.08,81.14,171158.51,2026-07-07 09:00:00
1783416600000,81.14,81.4,81.09,81.27,180034.94,2026-07-07 09:30:00
1783418400000,81.27,81.54,80.96,81.08,232186.28,2026-07-07 10:00:00
1783420200000,81.08,81.14,80.8,80.95,191290.36,2026-07-07 10:30:00
1783422000000,80.95,81.06,80.62,80.95,182725.96,2026-07-07 11:00:00
1783423800000,80.94,81.36,80.81,81.27,129618.12,2026-07-07 11:30:00
1783425600000,81.28,81.95,81.25,81.83,373219.43,2026-07-07 12:00:00
1783427400000,81.84,81.86,81.38,81.4,164039.72,2026-07-07 12:30:00
1783429200000,81.39,81.57,80.82,80.89,294731.9,2026-07-07 13:00:00
1783431000000,80.9,81.33,80.6,80.79,429845.55,2026-07-07 13:30:00
1783432800000,80.78,81.14,80.53,81.11,253468.23,2026-07-07 14:00:00
1783434600000,81.12,81.88,80.43,81.75,572026.67,2026-07-07 14:30:00
1783436400000,81.75,82.08,81.45,81.94,323124.86,2026-07-07 15:00:00
1783438200000,81.93,82.32,81.82,82.06,365869.13,2026-07-07 15:30:00
1783440000000,82.07,82.42,81.77,82.21,289904.94,2026-07-07 16:00:00
1783441800000,82.21,82.53,82.02,82.16,162523.43,2026-07-07 16:30:00
1783443600000,82.16,82.64,82.03,82.54,230295.76,2026-07-07 17:00:00
1783445400000,82.54,82.75,82.37,82.67,146629.71,2026-07-07 17:30:00
1783447200000,82.67,82.67,81.95,82.0,193003.5,2026-07-07 18:00:00
1783449000000,82.0,82.28,81.2,81.25,382153.5,2026-07-07 18:30:00
1783450800000,81.25,81.41,80.72,81.06,349541.63,2026-07-07 19:00:00
1783452600000,81.07,81.53,81.07,81.33,125693.9,2026-07-07 19:30:00
1783454400000,81.33,81.45,81.13,81.3,153989.98,2026-07-07 20:00:00
1783456200000,81.29,81.32,80.97,81.13,55898.02,2026-07-07 20:30:00
1783458000000,81.12,81.38,80.61,80.85,124559.0,2026-07-07 21:00:00
1783459800000,80.86,80.86,80.5,80.78,126191.76,2026-07-07 21:30:00
1783461600000,80.77,80.96,80.27,80.74,277256.97,2026-07-07 22:00:00
1783463400000,80.74,81.03,80.7,80.81,72005.94,2026-07-07 22:30:00
1783465200000,80.8,81.09,80.79,81.05,61362.32,2026-07-07 23:00:00
1783467000000,81.05,81.07,80.45,80.52,98132.55,2026-07-07 23:30:00
1783468800000,80.52,80.74,80.41,80.6,207923.81,2026-07-08 00:00:00
1783470600000,80.6,80.65,80.31,80.34,189048.73,2026-07-08 00:30:00
1783472400000,80.35,80.39,80.01,80.02,219732.08,2026-07-08 01:00:00
1783474200000,80.03,80.05,78.78,79.04,817295.15,2026-07-08 01:30:00
1783476000000,79.05,79.14,78.66,78.87,375479.03,2026-07-08 02:00:00
1783477800000,78.86,79.14,78.17,79.02,427016.98,2026-07-08 02:30:00
1783479600000,79.03,79.31,79.01,79.19,164162.05,2026-07-08 03:00:00
1783481400000,79.19,79.2,78.57,78.68,162849.86,2026-07-08 03:30:00
1783483200000,78.69,78.88,78.51,78.83,123109.64,2026-07-08 04:00:00
1783485000000,78.84,78.89,78.34,78.61,130607.92,2026-07-08 04:30:00
1783486800000,78.6,78.78,78.46,78.57,126514.77,2026-07-08 05:00:00
1783488600000,78.58,78.62,78.3,78.39,182902.99,2026-07-08 05:30:00
1783490400000,78.39,78.41,78.08,78.23,231250.81,2026-07-08 06:00:00
1783492200000,78.23,78.34,77.89,78.16,355000.16,2026-07-08 06:30:00
1783494000000,78.17,78.21,77.76,78.1,352557.38,2026-07-08 07:00:00
1783495800000,78.1,78.31,78.01,78.26,169120.69,2026-07-08 07:30:00
1783497600000,78.26,78.4,77.11,77.17,815875.71,2026-07-08 08:00:00
1783499400000,77.17,77.69,76.84,77.23,701782.95,2026-07-08 08:30:00
1783501200000,77.23,77.34,76.97,77.21,257401.67,2026-07-08 09:00:00
1783503000000,77.2,77.53,77.1,77.15,241719.46,2026-07-08 09:30:00
1783504800000,77.16,77.36,76.85,77.36,166734.27,2026-07-08 10:00:00
1783506600000,77.35,77.46,77.2,77.29,106501.4,2026-07-08 10:30:00
1783508400000,77.28,77.35,77.05,77.13,178149.79,2026-07-08 11:00:00
1783510200000,77.13,77.69,77.06,77.51,314558.49,2026-07-08 11:30:00
1783512000000,77.5,77.61,77.35,77.46,142197.49,2026-07-08 12:00:00
1783513800000,77.47,77.49,76.91,76.98,257985.97,2026-07-08 12:30:00
1783515600000,76.98,77.05,76.57,76.81,461265.21,2026-07-08 13:00:00
1783517400000,76.82,77.43,76.82,77.26,555694.9,2026-07-08 13:30:00
1783519200000,77.26,77.38,76.82,77.05,330199.43,2026-07-08 14:00:00
1783521000000,77.04,77.2,76.65,77.07,319692.31,2026-07-08 14:30:00
1783522800000,77.07,77.11,76.07,76.35,660841.55,2026-07-08 15:00:00
1783524600000,76.34,76.78,76.29,76.71,242235.71,2026-07-08 15:30:00
1783526400000,76.71,77.17,76.71,76.99,217033.38,2026-07-08 16:00:00
1783528200000,76.98,77.33,76.79,77.25,283304.53,2026-07-08 16:30:00
1783530000000,77.25,77.57,77.06,77.55,181564.92,2026-07-08 17:00:00
1783531800000,77.55,77.63,77.0,77.1,158364.1,2026-07-08 17:30:00
1783533600000,77.09,77.33,77.04,77.09,76202.43,2026-07-08 18:00:00
1783535400000,77.09,77.3,76.76,77.1,144586.45,2026-07-08 18:30:00
1783537200000,77.1,77.23,76.9,77.09,76175.57,2026-07-08 19:00:00
1783539000000,77.09,77.46,77.07,77.38,125255.6,2026-07-08 19:30:00
1783540800000,77.38,77.52,77.26,77.34,92458.78,2026-07-08 20:00:00
1783542600000,77.34,77.36,77.01,77.13,74588.78,2026-07-08 20:30:00
1783544400000,77.13,77.15,76.84,77.08,67965.6,2026-07-08 21:00:00
1783546200000,77.08,77.29,76.97,77.21,88164.84,2026-07-08 21:30:00
1783548000000,77.2,77.47,77.13,77.36,80950.14,2026-07-08 22:00:00
1783549800000,77.36,77.54,77.25,77.5,60839.78,2026-07-08 22:30:00
1783551600000,77.5,77.62,77.41,77.53,63145.89,2026-07-08 23:00:00
1783553400000,77.52,77.9,77.38,77.78,150852.56,2026-07-08 23:30:00
1783555200000,77.77,77.85,77.48,77.62,202289.11,2026-07-09 00:00:00
1783557000000,77.62,77.75,77.46,77.66,111476.8,2026-07-09 00:30:00
1783558800000,77.67,78.76,77.6,78.11,488148.69,2026-07-09 01:00:00
1783560600000,78.11,78.17,77.08,77.28,593038.07,2026-07-09 01:30:00
1783562400000,77.29,77.79,77.16,77.61,243308.4,2026-07-09 02:00:00
1783564200000,77.6,77.63,76.92,77.01,282365.21,2026-07-09 02:30:00
1783566000000,77.02,77.12,76.65,77.01,177676.07,2026-07-09 03:00:00
1783567800000,77.01,77.37,77.01,77.34,122385.16,2026-07-09 03:30:00
1783569600000,77.33,77.39,77.18,77.32,79034.1,2026-07-09 04:00:00
1783571400000,77.32,78.0,77.32,77.94,189009.98,2026-07-09 04:30:00
1783573200000,77.94,78.27,77.69,77.85,218495.68,2026-07-09 05:00:00
1783575000000,77.85,78.36,77.69,78.35,212380.57,2026-07-09 05:30:00
1783576800000,78.35,78.57,78.06,78.4,215381.33,2026-07-09 06:00:00
1783578600000,78.41,78.47,78.2,78.44,110320.39,2026-07-09 06:30:00
1783580400000,78.43,78.79,78.15,78.25,250251.98,2026-07-09 07:00:00
1783582200000,78.25,78.57,78.09,78.16,150280.14,2026-07-09 07:30:00
1783584000000,78.17,78.34,77.87,78.33,214995.06,2026-07-09 08:00:00
1783585800000,78.33,78.37,78.0,78.07,72773.59,2026-07-09 08:30:00
1783587600000,78.06,78.15,77.86,77.97,113186.83,2026-07-09 09:00:00
1783589400000,77.96,78.12,77.81,78.08,109595.75,2026-07-09 09:30:00
1783591200000,78.09,78.16,77.91,77.99,130660.4,2026-07-09 10:00:00
1783593000000,77.98,78.05,77.44,77.65,226619.95,2026-07-09 10:30:00
1783594800000,77.65,77.73,77.33,77.37,153382.62,2026-07-09 11:00:00
1783596600000,77.38,77.66,77.27,77.57,140494.44,2026-07-09 11:30:00
1783598400000,77.57,77.77,77.39,77.66,355870.17,2026-07-09 12:00:00
1783600200000,77.66,78.18,77.31,77.6,478917.94,2026-07-09 12:30:00
1783602000000,77.59,78.06,77.59,77.69,158298.32,2026-07-09 13:00:00
1783603800000,77.69,78.46,77.27,78.18,375084.9,2026-07-09 13:30:00
1783605600000,78.17,78.33,77.63,77.86,195693.36,2026-07-09 14:00:00
1783607400000,77.86,77.94,77.52,77.84,137727.46,2026-07-09 14:30:00
1783609200000,77.84,78.15,77.62,77.75,148816.92,2026-07-09 15:00:00
1783611000000,77.75,77.87,77.46,77.57,160566.2,2026-07-09 15:30:00
1783612800000,77.58,77.78,77.21,77.43,256370.54,2026-07-09 16:00:00
1783614600000,77.44,77.7,77.43,77.65,94130.38,2026-07-09 16:30:00
1783616400000,77.65,77.97,77.63,77.75,93287.64,2026-07-09 17:00:00
1783618200000,77.74,78.12,77.59,78.03,156013.35,2026-07-09 17:30:00
1783620000000,78.03,78.41,77.96,78.24,194628.17,2026-07-09 18:00:00
1783621800000,78.24,78.24,77.98,78.16,91292.22,2026-07-09 18:30:00
1783623600000,78.16,78.17,77.86,78.09,62339.26,2026-07-09 19:00:00
1783625400000,78.09,78.27,78.01,78.12,53757.22,2026-07-09 19:30:00
1783627200000,78.12,78.17,77.94,78.11,41865.82,2026-07-09 20:00:00
1783629000000,78.12,78.27,77.99,78.1,50214.82,2026-07-09 20:30:00
1783630800000,78.11,78.25,77.95,78.0,34946.0,2026-07-09 21:00:00
1783632600000,77.99,78.06,77.84,78.01,36679.97,2026-07-09 21:30:00
1783634400000,78.0,78.17,77.94,78.14,50914.97,2026-07-09 22:00:00
1783636200000,78.14,78.24,78.02,78.06,42390.85,2026-07-09 22:30:00
1783638000000,78.06,78.16,77.72,78.0,80586.96,2026-07-09 23:00:00
1783639800000,78.0,78.11,77.89,78.0,29650.15,2026-07-09 23:30:00
1783641600000,78.0,78.11,77.75,77.94,93014.44,2026-07-10 00:00:00
1783643400000,77.95,78.09,77.75,78.07,121734.23,2026-07-10 00:30:00
1783645200000,78.08,78.63,77.89,78.42,226487.9,2026-07-10 01:00:00
1783647000000,78.43,79.42,78.25,79.02,648304.35,2026-07-10 01:30:00
1783648800000,79.03,79.11,78.79,78.84,250275.24,2026-07-10 02:00:00
1783650600000,78.84,79.12,78.79,79.0,117585.07,2026-07-10 02:30:00
1783652400000,79.0,79.0,78.68,78.79,154478.15,2026-07-10 03:00:00
1783654200000,78.79,79.08,78.7,79.01,130873.13,2026-07-10 03:30:00
1783656000000,79.02,79.07,78.84,78.85,127904.92,2026-07-10 04:00:00
1783657800000,78.85,79.04,78.79,78.92,113842.66,2026-07-10 04:30:00
1783659600000,78.93,79.04,78.82,79.04,118239.14,2026-07-10 05:00:00
1783661400000,79.04,79.33,78.97,79.14,154131.2,2026-07-10 05:30:00
1783663200000,79.13,79.19,78.83,78.89,93861.02,2026-07-10 06:00:00
1783665000000,78.9,78.99,78.82,78.86,86250.92,2026-07-10 06:30:00
1783666800000,78.87,79.04,78.78,78.94,69114.6,2026-07-10 07:00:00
1783668600000,78.95,78.95,78.7,78.82,89626.53,2026-07-10 07:30:00
1783670400000,78.83,79.35,78.75,79.3,234031.09,2026-07-10 08:00:00
1783672200000,79.31,79.38,79.15,79.16,268368.8,2026-07-10 08:30:00
1783674000000,79.15,79.19,78.89,79.16,173071.23,2026-07-10 09:00:00
1783675800000,79.16,79.34,79.1,79.17,241243.74,2026-07-10 09:30:00
1783677600000,79.18,79.64,79.09,79.58,227254.31,2026-07-10 10:00:00
1783679400000,79.57,79.6,79.34,79.34,195048.18,2026-07-10 10:30:00
1783681200000,79.35,79.52,79.26,79.33,243828.22,2026-07-10 11:00:00
1783683000000,79.33,79.41,79.14,79.33,105484.59,2026-07-10 11:30:00
1783684800000,79.33,79.52,79.13,79.31,171189.29,2026-07-10 12:00:00
1783686600000,79.3,79.31,78.86,78.87,197851.22,2026-07-10 12:30:00
1783688400000,78.86,78.96,78.79,78.84,111550.44,2026-07-10 13:00:00
1783690200000,78.84,79.3,78.71,78.93,273170.7,2026-07-10 13:30:00
1783692000000,78.93,78.93,77.54,77.7,805232.25,2026-07-10 14:00:00
1783693800000,77.71,78.24,77.02,77.85,1078819.96,2026-07-10 14:30:00
1783695600000,77.85,78.33,77.73,78.27,359710.55,2026-07-10 15:00:00
1783697400000,78.28,78.32,77.94,78.11,127499.56,2026-07-10 15:30:00
1783699200000,78.1,78.24,77.86,77.9,257988.5,2026-07-10 16:00:00
1783701000000,77.9,78.18,77.61,78.11,118171.13,2026-07-10 16:30:00
1783702800000,78.11,78.14,77.65,77.79,139678.53,2026-07-10 17:00:00
1783704600000,77.79,77.8,77.54,77.54,129533.58,2026-07-10 17:30:00
1783706400000,77.54,77.85,77.53,77.64,132414.39,2026-07-10 18:00:00
1783708200000,77.65,77.72,77.3,77.5,179679.49,2026-07-10 18:30:00
1783710000000,77.49,77.81,77.41,77.76,100724.66,2026-07-10 19:00:00
1783711800000,77.76,78.04,77.73,77.85,153294.33,2026-07-10 19:30:00
1783713600000,77.86,77.96,77.67,77.76,99751.43,2026-07-10 20:00:00
1783715400000,77.76,77.93,77.7,77.71,47900.87,2026-07-10 20:30:00
1783717200000,77.71,77.95,77.69,77.92,56451.43,2026-07-10 21:00:00
1783719000000,77.92,78.07,77.86,77.94,75240.13,2026-07-10 21:30:00
1783720800000,77.94,78.32,77.89,78.02,102821.92,2026-07-10 22:00:00
1783722600000,78.02,78.21,77.97,78.11,65468.91,2026-07-10 22:30:00
1783724400000,78.11,78.16,77.88,78.05,76424.43,2026-07-10 23:00:00
1783726200000,78.04,78.1,77.97,78.08,55190.57,2026-07-10 23:30:00
1783728000000,78.08,78.08,77.78,77.91,72827.43,2026-07-11 00:00:00
1783729800000,77.91,77.93,77.74,77.79,52790.19,2026-07-11 00:30:00
1783731600000,77.79,78.02,77.69,77.95,65216.48,2026-07-11 01:00:00
1783733400000,77.96,78.02,77.41,77.49,148824.39,2026-07-11 01:30:00
1783735200000,77.5,77.66,77.44,77.61,49831.92,2026-07-11 02:00:00
1783737000000,77.62,77.78,77.58,77.73,58795.1,2026-07-11 02:30:00
1783738800000,77.74,77.78,77.56,77.66,63402.75,2026-07-11 03:00:00
1783740600000,77.65,77.83,77.62,77.73,46881.07,2026-07-11 03:30:00
1783742400000,77.73,77.79,77.6,77.65,48733.05,2026-07-11 04:00:00
1783744200000,77.64,77.81,77.62,77.68,36830.19,2026-07-11 04:30:00
1783746000000,77.68,77.84,77.54,77.81,46649.35,2026-07-11 05:00:00
1783747800000,77.81,77.95,77.75,77.85,65234.39,2026-07-11 05:30:00
1783749600000,77.86,78.0,77.73,77.92,93216.92,2026-07-11 06:00:00
1783751400000,77.92,78.07,77.92,78.0,64124.01,2026-07-11 06:30:00
1783753200000,77.99,78.05,77.88,77.98,60980.38,2026-07-11 07:00:00
1783755000000,77.99,78.04,77.92,77.92,36285.65,2026-07-11 07:30:00
1783756800000,77.92,78.03,77.89,77.97,47824.87,2026-07-11 08:00:00
1783758600000,77.97,78.17,77.96,78.12,87852.89,2026-07-11 08:30:00
1783760400000,78.12,78.3,77.99,78.04,145030.25,2026-07-11 09:00:00
1783762200000,78.04,78.05,77.77,77.79,123987.44,2026-07-11 09:30:00
1783764000000,77.79,77.89,77.62,77.89,132312.25,2026-07-11 10:00:00
1783765800000,77.89,78.05,77.8,78.02,108944.72,2026-07-11 10:30:00
1783767600000,78.02,78.05,77.93,77.99,52494.49,2026-07-11 11:00:00
1783769400000,78.0,78.09,77.95,78.05,44829.72,2026-07-11 11:30:00
1783771200000,78.06,78.18,77.93,78.04,63798.2,2026-07-11 12:00:00
1783773000000,78.03,78.06,77.89,78.03,54088.44,2026-07-11 12:30:00
1783774800000,78.04,78.23,77.98,78.18,72677.8,2026-07-11 13:00:00
1783776600000,78.17,78.41,78.1,78.13,96143.04,2026-07-11 13:30:00
1783778400000,78.13,78.48,78.11,78.33,124714.7,2026-07-11 14:00:00
1783780200000,78.33,78.7,78.32,78.45,228500.84,2026-07-11 14:30:00
1783782000000,78.45,78.86,78.45,78.69,239460.83,2026-07-11 15:00:00
1783783800000,78.69,78.7,77.89,78.33,533225.75,2026-07-11 15:30:00
1783785600000,78.33,78.36,78.02,78.12,205097.86,2026-07-11 16:00:00
1783787400000,78.12,78.22,77.59,77.9,348030.8,2026-07-11 16:30:00
1783789200000,77.91,78.0,77.79,77.99,66451.49,2026-07-11 17:00:00
1783791000000,77.99,78.17,77.96,78.05,106271.09,2026-07-11 17:30:00
1783792800000,78.05,78.3,77.97,78.17,85327.0,2026-07-11 18:00:00
1783794600000,78.17,78.2,78.0,78.04,77933.85,2026-07-11 18:30:00
1783796400000,78.05,78.08,77.84,77.86,70898.39,2026-07-11 19:00:00
1783798200000,77.87,78.11,77.84,78.1,70283.73,2026-07-11 19:30:00
1783800000000,78.1,78.19,78.07,78.18,34972.15,2026-07-11 20:00:00
1783801800000,78.19,78.24,78.11,78.12,21606.86,2026-07-11 20:30:00
1783803600000,78.12,78.3,78.12,78.19,63802.78,2026-07-11 21:00:00
1783805400000,78.2,78.26,78.1,78.18,36323.63,2026-07-11 21:30:00
1783807200000,78.18,78.24,77.69,77.89,128907.24,2026-07-11 22:00:00
1783809000000,77.9,78.01,77.73,77.84,89774.74,2026-07-11 22:30:00
1783810800000,77.84,77.88,76.8,76.93,522225.16,2026-07-11 23:00:00
1783812600000,76.93,77.08,76.71,76.71,324043.38,2026-07-11 23:30:00
1783814400000,76.71,76.82,76.28,76.3,413618.64,2026-07-12 00:00:00
1783816200000,76.3,76.31,75.58,76.05,670994.55,2026-07-12 00:30:00
1783818000000,76.05,76.66,75.98,76.57,331125.52,2026-07-12 01:00:00
1783819800000,76.56,76.83,76.53,76.78,204976.14,2026-07-12 01:30:00
1783821600000,76.78,76.85,76.58,76.8,140027.93,2026-07-12 02:00:00
1783823400000,76.81,76.86,76.65,76.79,103324.08,2026-07-12 02:30:00
1783825200000,76.79,76.97,76.66,76.93,143632.59,2026-07-12 03:00:00
1783827000000,76.94,77.04,76.85,76.99,115510.71,2026-07-12 03:30:00
1783828800000,76.99,77.02,76.76,76.83,107333.84,2026-07-12 04:00:00
1783830600000,76.83,76.86,76.56,76.67,148499.85,2026-07-12 04:30:00
1783832400000,76.67,76.77,76.35,76.4,154347.12,2026-07-12 05:00:00
1783834200000,76.4,76.5,76.34,76.4,98924.15,2026-07-12 05:30:00
1783836000000,76.39,76.39,75.8,75.9,351151.72,2026-07-12 06:00:00
1783837800000,75.89,76.35,75.85,76.31,172657.38,2026-07-12 06:30:00
1783839600000,76.32,76.67,76.27,76.5,236882.32,2026-07-12 07:00:00
1783841400000,76.5,76.53,76.38,76.47,81539.45,2026-07-12 07:30:00
1783843200000,76.46,76.8,76.42,76.59,159382.94,2026-07-12 08:00:00
1783845000000,76.58,76.69,76.55,76.66,67521.88,2026-07-12 08:30:00
1783846800000,76.67,76.71,76.34,76.49,164321.23,2026-07-12 09:00:00
1783848600000,76.5,76.87,76.49,76.71,118135.25,2026-07-12 09:30:00
1783850400000,76.72,76.82,76.61,76.73,76435.27,2026-07-12 10:00:00
1783852200000,76.74,76.78,76.65,76.67,41651.03,2026-07-12 10:30:00
1783854000000,76.68,76.82,76.48,76.79,87881.06,2026-07-12 11:00:00
1783855800000,76.8,77.23,76.8,76.88,192836.32,2026-07-12 11:30:00
1783857600000,76.88,77.1,76.74,77.06,136322.41,2026-07-12 12:00:00
1783859400000,77.07,77.21,77.01,77.14,101726.96,2026-07-12 12:30:00
1783861200000,77.13,77.44,77.07,77.24,219042.64,2026-07-12 13:00:00
1783863000000,77.24,77.35,77.08,77.11,101939.32,2026-07-12 13:30:00
1783864800000,77.11,77.13,76.92,76.99,156704.04,2026-07-12 14:00:00
1783866600000,76.99,77.7,76.99,77.5,312912.85,2026-07-12 14:30:00
1783868400000,77.5,77.59,77.34,77.51,162387.79,2026-07-12 15:00:00
1783870200000,77.5,77.54,77.24,77.42,209307.87,2026-07-12 15:30:00
1783872000000,77.43,77.64,77.35,77.52,190763.16,2026-07-12 16:00:00
1783873800000,77.52,77.62,77.34,77.49,83421.29,2026-07-12 16:30:00
1783875600000,77.49,77.54,77.37,77.38,41627.78,2026-07-12 17:00:00
1783877400000,77.37,77.57,77.16,77.3,100913.39,2026-07-12 17:30:00
1783879200000,77.3,77.44,77.2,77.32,60248.34,2026-07-12 18:00:00
1783881000000,77.32,77.6,77.31,77.54,73966.03,2026-07-12 18:30:00
1783882800000,77.53,77.6,77.43,77.52,42387.26,2026-07-12 19:00:00
1783884600000,77.52,77.76,77.39,77.63,57103.32,2026-07-12 19:30:00
1783886400000,77.63,77.68,77.43,77.48,27017.52,2026-07-12 20:00:00
1783888200000,77.48,77.56,77.4,77.41,42200.29,2026-07-12 20:30:00
1783890000000,77.42,77.65,77.17,77.24,99378.45,2026-07-12 21:00:00
1783891800000,77.23,77.24,76.92,77.07,140180.92,2026-07-12 21:30:00
1783893600000,77.06,77.06,76.41,76.66,332959.1,2026-07-12 22:00:00
1783895400000,76.66,76.77,76.44,76.71,93917.02,2026-07-12 22:30:00
1783897200000,76.72,76.78,76.6,76.74,82079.65,2026-07-12 23:00:00
1783899000000,76.74,76.91,76.62,76.87,104238.59,2026-07-12 23:30:00
1783900800000,76.87,78.19,76.77,77.67,714483.52,2026-07-13 00:00:00
1783902600000,77.67,77.73,76.86,77.46,371599.51,2026-07-13 00:30:00
1783904400000,77.46,77.62,76.91,76.99,255052.51,2026-07-13 01:00:00
1783906200000,76.99,77.07,76.22,76.26,377780.73,2026-07-13 01:30:00
1783908000000,76.27,76.61,76.08,76.54,342658.43,2026-07-13 02:00:00
1783909800000,76.54,76.63,76.36,76.44,79663.52,2026-07-13 02:30:00
1783911600000,76.44,76.45,75.59,76.05,428121.56,2026-07-13 03:00:00
1783913400000,76.04,76.06,75.39,75.82,300665.84,2026-07-13 03:30:00
1783915200000,75.82,76.1,75.66,76.06,164638.89,2026-07-13 04:00:00
1783917000000,76.06,76.08,75.8,75.87,120465.05,2026-07-13 04:30:00
1783918800000,75.88,76.39,75.69,76.08,237009.51,2026-07-13 05:00:00
1783920600000,76.08,76.43,75.84,76.35,185821.35,2026-07-13 05:30:00
1783922400000,76.36,76.55,76.23,76.46,104353.29,2026-07-13 06:00:00
1783924200000,76.46,76.53,76.25,76.29,109375.57,2026-07-13 06:30:00
1783926000000,76.29,76.62,76.18,76.55,167751.46,2026-07-13 07:00:00
1783927800000,76.55,76.63,76.31,76.38,121414.32,2026-07-13 07:30:00
1783929600000,76.39,76.51,76.34,76.44,80174.43,2026-07-13 08:00:00
1783931400000,76.43,76.86,76.31,76.68,162554.67,2026-07-13 08:30:00
1783933200000,76.68,76.68,76.56,76.62,77691.84,2026-07-13 09:00:00
1783935000000,76.61,76.68,76.57,76.58,57749.66,2026-07-13 09:30:00
1783936800000,76.59,76.59,76.15,76.27,182270.18,2026-07-13 10:00:00
1783938600000,76.27,76.37,76.05,76.24,141097.0,2026-07-13 10:30:00
1783940400000,76.25,76.55,76.25,76.41,132521.44,2026-07-13 11:00:00
1783942200000,76.4,76.49,76.26,76.3,67107.96,2026-07-13 11:30:00
1783944000000,76.31,76.37,75.92,75.94,184341.88,2026-07-13 12:00:00
1783945800000,75.94,76.0,75.7,75.83,211310.83,2026-07-13 12:30:00
1783947600000,75.82,75.92,75.47,75.57,215999.29,2026-07-13 13:00:00
1783949400000,75.57,75.83,75.05,75.37,528243.29,2026-07-13 13:30:00
1783951200000,75.36,76.13,75.28,75.83,547010.09,2026-07-13 14:00:00
1783953000000,75.82,76.14,75.62,76.12,269920.23,2026-07-13 14:30:00
1783954800000,76.12,76.28,75.93,76.14,174285.26,2026-07-13 15:00:00
1783956600000,76.13,76.19,75.7,75.77,235479.97,2026-07-13 15:30:00
1783958400000,75.76,75.99,75.39,75.43,250079.43,2026-07-13 16:00:00
1783960200000,75.44,75.48,75.14,75.25,217820.76,2026-07-13 16:30:00
1783962000000,75.25,75.43,75.14,75.28,111671.57,2026-07-13 17:00:00
1783963800000,75.28,75.33,74.48,74.54,605032.31,2026-07-13 17:30:00
1783965600000,74.54,74.93,74.49,74.88,198135.15,2026-07-13 18:00:00
1783967400000,74.87,75.01,74.71,74.81,89214.9,2026-07-13 18:30:00
1783969200000,74.81,74.91,74.7,74.72,86138.87,2026-07-13 19:00:00
1783971000000,74.72,75.18,74.72,75.15,117996.17,2026-07-13 19:30:00
1783972800000,75.14,75.31,74.74,74.91,125810.79,2026-07-13 20:00:00
1783974600000,74.91,74.96,74.54,74.76,100028.08,2026-07-13 20:30:00
1783976400000,74.76,74.76,74.38,74.46,165200.61,2026-07-13 21:00:00
1783978200000,74.46,74.5,74.04,74.36,236428.15,2026-07-13 21:30:00
1783980000000,74.36,74.7,74.35,74.61,89064.01,2026-07-13 22:00:00
1783981800000,74.6,74.66,74.41,74.48,80876.74,2026-07-13 22:30:00
1783983600000,74.47,74.83,74.36,74.68,76255.7,2026-07-13 23:00:00
1783985400000,74.68,74.96,74.6,74.95,114831.31,2026-07-13 23:30:00
1783987200000,74.95,75.19,74.78,75.12,194300.19,2026-07-14 00:00:00
1783989000000,75.12,75.45,74.96,75.39,163438.26,2026-07-14 00:30:00
1783990800000,75.4,75.52,75.24,75.28,166560.43,2026-07-14 01:00:00
1783992600000,75.27,75.36,75.16,75.25,70436.87,2026-07-14 01:30:00
1783994400000,75.26,75.29,74.82,74.88,141470.34,2026-07-14 02:00:00
1783996200000,74.88,75.24,74.84,75.02,88861.45,2026-07-14 02:30:00
1783998000000,75.03,75.1,74.5,74.79,183597.2,2026-07-14 03:00:00
1783999800000,74.79,75.12,74.75,75.11,103111.3,2026-07-14 03:30:00
1784001600000,75.11,75.31,75.0,75.12,104741.64,2026-07-14 04:00:00
1784003400000,75.12,75.28,75.04,75.1,78340.29,2026-07-14 04:30:00
1784005200000,75.11,75.43,75.06,75.37,122717.79,2026-07-14 05:00:00
1784007000000,75.37,75.44,75.2,75.36,72099.77,2026-07-14 05:30:00
1784008800000,75.37,75.39,75.15,75.17,82513.66,2026-07-14 06:00:00
1784010600000,75.17,75.29,75.05,75.1,55256.22,2026-07-14 06:30:00
1784012400000,75.1,75.21,74.95,75.18,115034.44,2026-07-14 07:00:00
1784014200000,75.18,75.19,74.86,74.93,83067.63,2026-07-14 07:30:00
1784016000000,74.93,75.33,74.81,75.28,120271.56,2026-07-14 08:00:00
1784017800000,75.27,75.36,75.1,75.13,92765.53,2026-07-14 08:30:00
1784019600000,75.13,75.27,75.06,75.07,84564.33,2026-07-14 09:00:00
1784021400000,75.07,75.12,74.83,75.03,106567.6,2026-07-14 09:30:00
1784023200000,75.03,75.25,75.0,75.05,102235.6,2026-07-14 10:00:00
1784025000000,75.05,75.57,74.92,75.43,210828.6,2026-07-14 10:30:00
1784026800000,75.43,75.55,75.29,75.49,129546.71,2026-07-14 11:00:00
1784028600000,75.5,75.55,75.3,75.34,85906.36,2026-07-14 11:30:00
1784030400000,75.35,75.59,75.13,75.38,212619.67,2026-07-14 12:00:00
1784032200000,75.38,76.94,75.33,76.83,1379570.91,2026-07-14 12:30:00
1784034000000,76.83,77.7,76.45,77.41,883365.49,2026-07-14 13:00:00
1784035800000,77.41,77.46,76.77,76.9,457403.77,2026-07-14 13:30:00
1784037600000,76.9,77.06,76.62,76.83,275392.38,2026-07-14 14:00:00
1784039400000,76.84,77.45,76.76,77.32,266216.56,2026-07-14 14:30:00
1784041200000,77.32,77.49,77.13,77.44,296378.64,2026-07-14 15:00:00
1784043000000,77.43,77.92,77.25,77.33,405484.22,2026-07-14 15:30:00
1784044800000,77.34,77.56,77.06,77.48,231898.03,2026-07-14 16:00:00
1784046600000,77.47,77.62,77.23,77.24,124669.59,2026-07-14 16:30:00
1784048400000,77.24,77.27,76.76,77.05,258756.31,2026-07-14 17:00:00
1784050200000,77.05,77.24,76.91,77.13,99416.0,2026-07-14 17:30:00
1784052000000,77.14,77.32,76.95,77.02,75384.4,2026-07-14 18:00:00
1784053800000,77.02,77.3,76.96,77.25,103284.41,2026-07-14 18:30:00
1784055600000,77.24,77.5,77.21,77.25,73650.36,2026-07-14 19:00:00
1784057400000,77.25,77.25,77.06,77.14,100820.2,2026-07-14 19:30:00
1784059200000,77.13,77.17,76.9,76.93,48042.69,2026-07-14 20:00:00
1784061000000,76.92,77.16,76.9,77.13,51502.27,2026-07-14 20:30:00
1784062800000,77.13,77.32,77.1,77.24,145346.26,2026-07-14 21:00:00
1784064600000,77.24,77.38,77.13,77.18,53207.2,2026-07-14 21:30:00
1784066400000,77.17,77.61,77.08,77.53,132814.8,2026-07-14 22:00:00
1784068200000,77.54,77.96,77.53,77.58,234405.1,2026-07-14 22:30:00
1784070000000,77.58,77.95,77.5,77.67,168026.1,2026-07-14 23:00:00
1784071800000,77.66,77.83,77.58,77.83,65618.38,2026-07-14 23:30:00
1784073600000,77.84,77.89,77.56,77.57,98259.74,2026-07-15 00:00:00
1784075400000,77.58,77.67,77.43,77.63,82469.7,2026-07-15 00:30:00
1784077200000,77.63,77.8,77.43,77.76,70664.51,2026-07-15 01:00:00
1784079000000,77.76,77.78,77.23,77.4,148206.14,2026-07-15 01:30:00
1784080800000,77.39,77.56,77.09,77.11,120345.64,2026-07-15 02:00:00
1784082600000,77.11,77.27,76.96,77.25,153424.79,2026-07-15 02:30:00
1784084400000,77.26,77.5,77.18,77.48,96993.6,2026-07-15 03:00:00
1784086200000,77.47,77.86,77.47,77.75,177950.36,2026-07-15 03:30:00
1784088000000,77.75,77.82,77.57,77.57,99664.93,2026-07-15 04:00:00
1784089800000,77.58,78.14,77.49,77.96,237451.2,2026-07-15 04:30:00
1784091600000,77.96,78.07,77.61,77.61,200182.16,2026-07-15 05:00:00
1784093400000,77.61,78.28,77.6,78.21,193524.94,2026-07-15 05:30:00
1784095200000,78.22,78.46,78.07,78.27,368520.11,2026-07-15 06:00:00
1784097000000,78.28,78.66,77.88,77.89,305650.48,2026-07-15 06:30:00
1784098800000,77.89,77.96,77.43,77.48,240016.14,2026-07-15 07:00:00
1784100600000,77.49,77.61,77.36,77.36,132704.0,2026-07-15 07:30:00
1784102400000,77.37,77.49,77.19,77.36,268824.61,2026-07-15 08:00:00
1784104200000,77.36,77.59,77.3,77.53,151235.9,2026-07-15 08:30:00
1784106000000,77.53,77.86,77.53,77.76,126113.4,2026-07-15 09:00:00
1784107800000,77.76,77.78,77.38,77.44,102001.99,2026-07-15 09:30:00
1784109600000,77.44,77.67,77.26,77.28,114898.2,2026-07-15 10:00:00
1784111400000,77.28,77.38,77.16,77.33,136771.8,2026-07-15 10:30:00
1784113200000,77.33,77.46,77.29,77.35,46138.49,2026-07-15 11:00:00
1784115000000,77.35,77.49,77.33,77.49,76406.49,2026-07-15 11:30:00
1784116800000,77.48,77.51,77.21,77.4,101276.48,2026-07-15 12:00:00
1784118600000,77.39,78.28,77.35,78.24,491061.35,2026-07-15 12:30:00
1784120400000,78.23,79.0,78.18,78.64,597719.13,2026-07-15 13:00:00
1784122200000,78.63,78.94,77.62,78.05,613329.35,2026-07-15 13:30:00
1784124000000,78.06,78.34,77.72,78.09,387728.52,2026-07-15 14:00:00
1784125800000,78.09,78.18,77.77,78.17,252853.26,2026-07-15 14:30:00
1784127600000,78.16,78.21,77.7,78.02,237052.96,2026-07-15 15:00:00
1784129400000,78.01,78.18,77.86,78.01,167122.81,2026-07-15 15:30:00
1784131200000,78.01,78.07,77.33,77.67,339073.16,2026-07-15 16:00:00
1784133000000,77.68,77.69,77.01,77.58,390623.64,2026-07-15 16:30:00
1784134800000,77.58,77.75,77.44,77.67,182360.94,2026-07-15 17:00:00
1784136600000,77.66,78.01,77.57,77.78,201668.99,2026-07-15 17:30:00
1784138400000,77.78,78.05,77.71,77.93,145393.11,2026-07-15 18:00:00
1784140200000,77.93,78.04,77.47,77.55,151081.05,2026-07-15 18:30:00
1784142000000,77.55,77.68,77.07,77.16,206989.41,2026-07-15 19:00:00
1784143800000,77.15,77.32,76.87,77.13,368085.33,2026-07-15 19:30:00
1784145600000,77.14,77.43,77.05,77.37,140080.23,2026-07-15 20:00:00
1784147400000,77.37,77.51,77.33,77.33,62694.97,2026-07-15 20:30:00
1784149200000,77.33,77.49,77.23,77.33,54574.88,2026-07-15 21:00:00
1784151000000,77.32,77.39,77.2,77.39,61892.78,2026-07-15 21:30:00
1784152800000,77.39,77.63,77.25,77.63,73696.81,2026-07-15 22:00:00
1784154600000,77.64,77.7,77.4,77.45,78499.01,2026-07-15 22:30:00
1784156400000,77.44,77.58,77.34,77.4,44808.4,2026-07-15 23:00:00
1784158200000,77.39,77.49,77.15,77.24,76040.32,2026-07-15 23:30:00
1784160000000,77.23,77.46,76.95,76.98,127884.1,2026-07-16 00:00:00
1784161800000,76.99,77.06,76.63,76.89,245950.25,2026-07-16 00:30:00
1784163600000,76.89,77.05,76.65,76.78,154746.6,2026-07-16 01:00:00
1784165400000,76.78,77.12,76.72,77.05,160369.34,2026-07-16 01:30:00
1784167200000,77.05,77.06,76.81,76.99,49914.32,2026-07-16 02:00:00
1784169000000,76.99,77.11,76.88,77.09,62786.29,2026-07-16 02:30:00
1784170800000,77.08,77.25,76.88,76.99,117526.62,2026-07-16 03:00:00
1784172600000,76.98,77.06,76.75,76.91,115085.35,2026-07-16 03:30:00
1784174400000,76.9,76.98,76.68,76.83,121633.42,2026-07-16 04:00:00
1784176200000,76.82,76.92,76.54,76.77,161430.38,2026-07-16 04:30:00
1784178000000,76.78,77.3,76.69,77.22,117463.3,2026-07-16 05:00:00
1784179800000,77.22,77.46,77.09,77.43,182450.25,2026-07-16 05:30:00
1784181600000,77.43,77.59,77.26,77.32,155608.24,2026-07-16 06:00:00
1784183400000,77.32,77.37,77.06,77.29,79574.6,2026-07-16 06:30:00
1784185200000,77.29,77.3,76.94,76.98,167220.15,2026-07-16 07:00:00
1784187000000,76.99,76.99,76.12,76.39,587007.46,2026-07-16 07:30:00
1784188800000,76.38,76.45,75.57,76.23,701414.86,2026-07-16 08:00:00
1784190600000,76.24,76.41,75.99,76.12,238345.5,2026-07-16 08:30:00
1784192400000,76.12,76.22,76.0,76.03,103882.8,2026-07-16 09:00:00
1784194200000,76.03,76.15,75.95,75.99,109213.77,2026-07-16 09:30:00
1784196000000,75.99,76.27,75.96,76.23,86070.74,2026-07-16 10:00:00
1784197800000,76.24,76.31,76.08,76.15,62344.97,2026-07-16 10:30:00
1784199600000,76.15,76.2,75.99,76.04,69337.08,2026-07-16 11:00:00
1784201400000,76.03,76.24,75.99,76.21,158716.42,2026-07-16 11:30:00
1784203200000,76.21,76.22,75.92,76.18,138283.49,2026-07-16 12:00:00
1784205000000,76.19,76.24,75.64,75.87,316401.74,2026-07-16 12:30:00
1784206800000,75.86,76.38,75.86,76.37,188216.05,2026-07-16 13:00:00
1784208600000,76.38,76.58,76.08,76.31,300290.11,2026-07-16 13:30:00
1784210400000,76.31,76.75,76.27,76.6,207854.97,2026-07-16 14:00:00
1784212200000,76.59,76.7,76.12,76.47,185074.64,2026-07-16 14:30:00
1784214000000,76.46,76.85,75.94,76.68,266433.55,2026-07-16 15:00:00
1784215800000,76.67,76.82,76.45,76.58,193137.43,2026-07-16 15:30:00
1784217600000,76.59,76.59,76.16,76.34,177839.75,2026-07-16 16:00:00
1784219400000,76.33,76.49,76.05,76.24,123329.91,2026-07-16 16:30:00
1784221200000,76.23,76.24,75.66,75.84,202869.78,2026-07-16 17:00:00
1784223000000,75.83,76.01,75.33,75.58,277276.82,2026-07-16 17:30:00
1784224800000,75.58,75.88,75.46,75.76,428762.07,2026-07-16 18:00:00
1784226600000,75.77,75.77,75.37,75.67,66650.31,2026-07-16 18:30:00
1784228400000,75.68,75.8,75.57,75.75,52826.77,2026-07-16 19:00:00
1784230200000,75.75,75.89,75.68,75.76,53933.18,2026-07-16 19:30:00
1784232000000,75.75,75.84,75.65,75.78,25217.74,2026-07-16 20:00:00
1784233800000,75.79,75.85,75.69,75.75,49328.28,2026-07-16 20:30:00
1784235600000,75.75,75.97,75.73,75.86,49258.42,2026-07-16 21:00:00
1784237400000,75.86,76.04,75.81,75.91,52329.38,2026-07-16 21:30:00
1784239200000,75.9,76.0,75.52,75.56,93569.16,2026-07-16 22:00:00
1784241000000,75.56,75.75,75.11,75.29,244779.11,2026-07-16 22:30:00
1784242800000,75.29,75.38,74.94,75.12,216000.43,2026-07-16 23:00:00
1784244600000,75.11,75.35,75.05,75.27,79760.22,2026-07-16 23:30:00
1784246400000,75.27,75.4,75.16,75.26,88190.24,2026-07-17 00:00:00
1784248200000,75.27,75.52,74.86,75.52,200347.73,2026-07-17 00:30:00
1784250000000,75.52,75.71,75.39,75.64,127114.16,2026-07-17 01:00:00
1784251800000,75.65,75.65,74.9,75.06,202308.4,2026-07-17 01:30:00
1784253600000,75.05,75.23,74.88,75.06,138282.2,2026-07-17 02:00:00
1784255400000,75.06,75.1,74.7,74.95,243628.46,2026-07-17 02:30:00
1784257200000,74.96,75.41,74.94,75.34,162507.81,2026-07-17 03:00:00
1784259000000,75.34,75.38,75.11,75.19,91326.89,2026-07-17 03:30:00
1784260800000,75.19,75.19,74.71,74.89,151971.33,2026-07-17 04:00:00
1784262600000,74.89,75.3,74.84,75.19,90316.25,2026-07-17 04:30:00
1784264400000,75.18,75.18,74.77,74.79,109871.57,2026-07-17 05:00:00
1784266200000,74.78,74.9,74.24,74.37,566280.91,2026-07-17 05:30:00
1784268000000,74.36,74.71,74.27,74.68,194741.91,2026-07-17 06:00:00
1784269800000,74.67,74.68,74.44,74.55,97439.65,2026-07-17 06:30:00
1784271600000,74.56,74.59,74.37,74.53,75135.42,2026-07-17 07:00:00
1784273400000,74.53,74.72,74.41,74.57,86513.51,2026-07-17 07:30:00
1784275200000,74.58,74.64,74.3,74.48,92367.81,2026-07-17 08:00:00
1784277000000,74.47,74.61,74.15,74.48,154954.69,2026-07-17 08:30:00
1784278800000,74.48,74.66,74.43,74.63,67086.55,2026-07-17 09:00:00
1784280600000,74.62,74.78,74.58,74.6,100616.12,2026-07-17 09:30:00
1784282400000,74.61,74.81,74.58,74.7,121142.2,2026-07-17 10:00:00
1784284200000,74.7,74.85,74.67,74.75,67190.28,2026-07-17 10:30:00
1784286000000,74.75,74.81,74.6,74.76,60737.84,2026-07-17 11:00:00
1784287800000,74.77,74.98,74.7,74.81,115596.42,2026-07-17 11:30:00
1784289600000,74.82,74.83,74.57,74.61,72924.26,2026-07-17 12:00:00
1784291400000,74.62,74.63,74.32,74.35,129031.74,2026-07-17 12:30:00
1784293200000,74.34,74.35,73.51,73.79,648300.33,2026-07-17 13:00:00
1784295000000,73.8,74.31,73.32,74.29,536574.06,2026-07-17 13:30:00
1784296800000,74.29,74.78,74.23,74.42,316450.21,2026-07-17 14:00:00
1784298600000,74.43,74.55,74.03,74.28,429686.4,2026-07-17 14:30:00
1784300400000,74.28,74.28,73.76,74.21,234469.11,2026-07-17 15:00:00
1784302200000,74.22,74.73,74.05,74.72,245461.85,2026-07-17 15:30:00
1784304000000,74.72,74.91,74.56,74.77,234070.35,2026-07-17 16:00:00
1784305800000,74.78,75.08,74.71,74.88,182673.56,2026-07-17 16:30:00
1784307600000,74.89,75.55,74.89,75.23,322107.25,2026-07-17 17:00:00
1784309400000,75.23,75.32,75.1,75.18,86663.46,2026-07-17 17:30:00
1784311200000,75.19,75.25,74.96,75.06,66613.5,2026-07-17 18:00:00
1784313000000,75.06,75.36,74.93,75.28,83705.65,2026-07-17 18:30:00
1784314800000,75.27,75.33,74.81,74.99,77688.08,2026-07-17 19:00:00
1784316600000,74.99,75.21,74.96,75.15,78378.66,2026-07-17 19:30:00
1784318400000,75.15,75.16,74.89,75.01,51384.17,2026-07-17 20:00:00
1784320200000,75.01,75.11,74.84,75.04,57572.08,2026-07-17 20:30:00
1784322000000,75.05,75.19,75.04,75.09,33498.94,2026-07-17 21:00:00
1784323800000,75.09,75.09,74.91,74.97,52016.9,2026-07-17 21:30:00
1784325600000,74.97,75.08,74.8,74.86,43038.74,2026-07-17 22:00:00
1784327400000,74.86,74.99,74.83,74.99,46369.34,2026-07-17 22:30:00
1784329200000,74.99,75.0,74.8,75.0,30257.94,2026-07-17 23:00:00
1784331000000,75.0,75.09,74.95,74.99,50715.95,2026-07-17 23:30:00
1784332800000,74.98,75.23,74.94,75.16,75049.0,2026-07-18 00:00:00
1784334600000,75.16,75.17,75.02,75.05,34325.09,2026-07-18 00:30:00
1784336400000,75.06,75.18,75.01,75.15,50741.41,2026-07-18 01:00:00
1784338200000,75.15,75.2,75.04,75.17,19150.28,2026-07-18 01:30:00
1784340000000,75.18,75.31,75.1,75.27,55386.46,2026-07-18 02:00:00
1784341800000,75.27,75.42,75.16,75.16,73593.77,2026-07-18 02:30:00
1784343600000,75.16,75.27,75.11,75.12,53384.35,2026-07-18 03:00:00
1784345400000,75.12,75.34,75.11,75.33,33852.94,2026-07-18 03:30:00
1784347200000,75.34,75.34,75.12,75.2,24029.28,2026-07-18 04:00:00
1784349000000,75.19,75.2,75.01,75.06,40593.93,2026-07-18 04:30:00
1784350800000,75.06,75.07,74.91,74.99,72913.18,2026-07-18 05:00:00
1784352600000,74.99,75.01,74.82,74.89,72653.45,2026-07-18 05:30:00
1784354400000,74.89,75.05,74.87,75.01,48402.48,2026-07-18 06:00:00
1784356200000,75.01,75.04,74.91,74.93,22500.35,2026-07-18 06:30:00
1784358000000,74.92,75.01,74.86,74.9,50942.56,2026-07-18 07:00:00
1784359800000,74.9,75.01,74.85,74.92,41185.48,2026-07-18 07:30:00
1784361600000,74.92,74.96,74.74,74.94,87771.37,2026-07-18 08:00:00
1784363400000,74.94,75.0,74.87,74.92,63940.61,2026-07-18 08:30:00
1784365200000,74.93,74.96,74.62,74.63,131882.53,2026-07-18 09:00:00
1784367000000,74.64,74.81,74.59,74.8,67741.22,2026-07-18 09:30:00
1784368800000,74.8,74.88,74.75,74.88,44783.14,2026-07-18 10:00:00
1784370600000,74.87,74.91,74.79,74.85,24841.93,2026-07-18 10:30:00
1784372400000,74.86,74.97,74.85,74.96,52127.27,2026-07-18 11:00:00
1784374200000,74.97,74.97,74.84,74.91,43702.02,2026-07-18 11:30:00
1784376000000,74.9,75.14,74.67,74.69,192605.42,2026-07-18 12:00:00
1784377800000,74.69,75.05,74.67,74.94,131166.99,2026-07-18 12:30:00
1784379600000,74.94,74.94,74.45,74.66,173570.3,2026-07-18 13:00:00
1784381400000,74.66,74.73,74.62,74.69,46179.19,2026-07-18 13:30:00
1784383200000,74.7,74.87,74.61,74.86,52457.28,2026-07-18 14:00:00
1784385000000,74.86,74.97,74.77,74.95,76162.23,2026-07-18 14:30:00
1784386800000,74.95,74.96,74.8,74.83,47422.11,2026-07-18 15:00:00
1784388600000,74.82,75.0,74.76,74.92,69190.39,2026-07-18 15:30:00
1784390400000,74.91,75.05,74.79,74.96,58815.84,2026-07-18 16:00:00
1784392200000,74.97,75.24,74.96,75.13,133751.63,2026-07-18 16:30:00
1784394000000,75.12,75.35,75.01,75.07,96983.3,2026-07-18 17:00:00
1784395800000,75.07,75.36,75.07,75.3,76495.02,2026-07-18 17:30:00
1784397600000,75.31,75.62,75.22,75.42,264217.57,2026-07-18 18:00:00
1784399400000,75.42,75.43,75.14,75.24,53115.4,2026-07-18 18:30:00
1784401200000,75.24,75.42,75.19,75.22,52267.05,2026-07-18 19:00:00
1784403000000,75.23,75.4,75.21,75.4,35521.84,2026-07-18 19:30:00
1784404800000,75.4,75.54,75.33,75.37,65273.27,2026-07-18 20:00:00
1784406600000,75.37,75.44,75.28,75.42,20012.23,2026-07-18 20:30:00
1784408400000,75.42,75.6,75.39,75.46,61697.64,2026-07-18 21:00:00
1784410200000,75.46,75.48,75.3,75.44,36907.86,2026-07-18 21:30:00
1784412000000,75.43,75.58,75.39,75.42,33104.57,2026-07-18 22:00:00
1784413800000,75.41,75.54,75.33,75.52,40993.4,2026-07-18 22:30:00
1784415600000,75.51,75.54,75.36,75.52,24586.92,2026-07-18 23:00:00
1784417400000,75.52,75.53,75.4,75.46,18917.27,2026-07-18 23:30:00
1784419200000,75.47,75.54,75.39,75.43,61279.19,2026-07-19 00:00:00
1784421000000,75.44,75.64,75.43,75.58,52258.89,2026-07-19 00:30:00
1784422800000,75.59,75.62,75.52,75.55,64244.91,2026-07-19 01:00:00
1784424600000,75.54,75.69,75.48,75.64,37804.74,2026-07-19 01:30:00
1784426400000,75.64,76.22,75.63,75.99,379328.04,2026-07-19 02:00:00
1784428200000,75.99,76.55,75.99,76.15,276154.55,2026-07-19 02:30:00
1784430000000,76.15,76.4,75.76,75.84,195461.57,2026-07-19 03:00:00
1784431800000,75.85,75.94,75.81,75.91,57662.53,2026-07-19 03:30:00
1784433600000,75.92,75.92,75.67,75.87,99164.02,2026-07-19 04:00:00
1784435400000,75.86,76.04,75.83,75.95,75366.31,2026-07-19 04:30:00
1784437200000,75.95,76.06,75.93,75.95,49979.98,2026-07-19 05:00:00
1784439000000,75.95,76.02,75.84,75.93,36304.24,2026-07-19 05:30:00
1784440800000,75.93,76.06,75.89,75.97,36180.84,2026-07-19 06:00:00
1784442600000,75.97,76.11,75.93,76.06,65154.7,2026-07-19 06:30:00
1784444400000,76.07,76.19,75.96,76.13,43137.77,2026-07-19 07:00:00
1784446200000,76.14,76.29,76.03,76.1,76082.63,2026-07-19 07:30:00
1784448000000,76.1,76.26,76.03,76.16,52025.19,2026-07-19 08:00:00
1784449800000,76.16,76.33,76.1,76.23,68594.34,2026-07-19 08:30:00
1784451600000,76.24,76.27,75.87,75.99,90954.21,2026-07-19 09:00:00
1784453400000,76.0,76.08,75.88,75.96,69161.8,2026-07-19 09:30:00
1784455200000,75.95,76.05,75.86,76.04,51914.07,2026-07-19 10:00:00
1784457000000,76.05,76.5,76.0,76.23,135909.74,2026-07-19 10:30:00
1784458800000,76.23,76.38,76.12,76.24,94303.89,2026-07-19 11:00:00
1784460600000,76.23,76.26,76.01,76.02,63513.85,2026-07-19 11:30:00
1784462400000,76.02,76.16,75.71,75.95,210519.12,2026-07-19 12:00:00
1784464200000,75.95,76.14,75.88,76.0,62250.9,2026-07-19 12:30:00
1784466000000,76.0,76.02,75.84,75.98,109686.78,2026-07-19 13:00:00
1784467800000,75.98,76.12,75.94,76.07,43282.92,2026-07-19 13:30:00
1784469600000,76.06,76.26,75.99,76.21,94378.27,2026-07-19 14:00:00
1784471400000,76.21,76.65,76.2,76.38,205747.65,2026-07-19 14:30:00
1784473200000,76.38,76.44,76.06,76.06,123137.71,2026-07-19 15:00:00
1784475000000,76.07,76.25,76.05,76.15,48737.33,2026-07-19 15:30:00
1784476800000,76.15,76.24,75.96,76.05,102673.01,2026-07-19 16:00:00
1784478600000,76.05,76.05,75.8,75.86,122938.14,2026-07-19 16:30:00
1784480400000,75.85,76.19,75.51,76.06,238449.34,2026-07-19 17:00:00
1784482200000,76.06,76.17,75.91,75.92,49136.71,2026-07-19 17:30:00
1784484000000,75.92,75.94,75.28,75.52,246625.72,2026-07-19 18:00:00
1784485800000,75.52,75.71,75.46,75.71,51130.5,2026-07-19 18:30:00
1784487600000,75.71,75.82,75.58,75.79,41586.68,2026-07-19 19:00:00
1784489400000,75.79,75.85,75.69,75.84,21622.58,2026-07-19 19:30:00
1784491200000,75.84,75.98,75.83,75.91,45952.69,2026-07-19 20:00:00
1784493000000,75.92,76.11,75.9,76.09,46464.54,2026-07-19 20:30:00
1784494800000,76.1,76.19,75.92,76.0,69283.16,2026-07-19 21:00:00
1784496600000,76.0,76.0,75.65,75.73,129594.55,2026-07-19 21:30:00
1784498400000,75.73,76.4,75.57,76.1,187453.1,2026-07-19 22:00:00
1784500200000,76.09,76.22,75.98,76.05,56268.53,2026-07-19 22:30:00
1784502000000,76.05,76.32,75.83,76.23,99057.55,2026-07-19 23:00:00
1784503800000,76.22,76.54,76.21,76.34,148522.53,2026-07-19 23:30:00
1784505600000,76.33,77.1,76.08,76.69,511692.27,2026-07-20 00:00:00
1784507400000,76.69,77.04,76.27,76.52,257556.56,2026-07-20 00:30:00
1784509200000,76.53,77.38,76.52,76.89,330268.52,2026-07-20 01:00:00
1784511000000,76.89,76.94,76.22,76.34,198648.67,2026-07-20 01:30:00
1784512800000,76.33,76.94,76.31,76.45,216428.54,2026-07-20 02:00:00
1784514600000,76.45,77.16,76.42,76.93,160019.55,2026-07-20 02:30:00
1784516400000,76.92,77.06,76.5,76.54,111540.98,2026-07-20 03:00:00
1784518200000,76.53,76.84,76.49,76.71,81069.62,2026-07-20 03:30:00
1784520000000,76.71,76.73,76.24,76.52,142554.48,2026-07-20 04:00:00
1784521800000,76.53,76.9,76.4,76.41,164672.23,2026-07-20 04:30:00
1784523600000,76.42,76.45,75.72,76.03,279247.74,2026-07-20 05:00:00
1784525400000,76.03,76.12,75.75,75.87,94905.08,2026-07-20 05:30:00
1784527200000,75.88,76.01,75.8,75.95,88474.9,2026-07-20 06:00:00
1784529000000,75.94,75.99,75.44,75.58,337734.19,2026-07-20 06:30:00
1784530800000,75.59,75.94,75.47,75.92,140273.18,2026-07-20 07:00:00
1784532600000,75.91,76.2,75.83,76.17,128790.21,2026-07-20 07:30:00
1784534400000,76.17,76.4,76.05,76.24,189739.65,2026-07-20 08:00:00
1784536200000,76.24,76.3,75.85,76.11,219292.33,2026-07-20 08:30:00
1784538000000,76.1,76.55,76.02,76.55,121097.87,2026-07-20 09:00:00
1784539800000,76.55,76.75,76.42,76.42,229209.13,2026-07-20 09:30:00
1784541600000,76.43,76.65,76.32,76.51,99536.26,2026-07-20 10:00:00
1784543400000,76.51,76.52,76.3,76.32,62861.78,2026-07-20 10:30:00
1784545200000,76.32,76.59,76.27,76.36,151104.6,2026-07-20 11:00:00
1784547000000,76.35,77.2,76.34,77.1,507682.1,2026-07-20 11:30:00
1784548800000,77.09,77.11,76.67,76.81,245912.07,2026-07-20 12:00:00
1784550600000,76.81,76.89,76.61,76.71,134367.06,2026-07-20 12:30:00
1784552400000,76.7,76.78,76.53,76.71,106355.98,2026-07-20 13:00:00
1784554200000,76.71,77.09,76.08,76.24,506999.48,2026-07-20 13:30:00
1784556000000,76.24,76.4,75.73,76.31,534244.32,2026-07-20 14:00:00
1784557800000,76.31,76.43,75.96,76.1,215412.46,2026-07-20 14:30:00
1784559600000,76.11,77.1,76.05,76.98,453493.69,2026-07-20 15:00:00
1784561400000,76.98,77.9,76.8,77.72,648717.81,2026-07-20 15:30:00
1784563200000,77.73,77.84,77.46,77.56,234611.41,2026-07-20 16:00:00
1784565000000,77.56,77.77,77.4,77.63,238660.31,2026-07-20 16:30:00
1784566800000,77.62,77.7,77.49,77.56,86434.95,2026-07-20 17:00:00
1784568600000,77.56,77.88,77.31,77.7,180963.11,2026-07-20 17:30:00
1784570400000,77.7,78.36,77.7,78.03,412463.16,2026-07-20 18:00:00
1784572200000,78.02,78.02,77.55,77.63,193084.44,2026-07-20 18:30:00
1784574000000,77.63,77.7,77.25,77.5,294471.01,2026-07-20 19:00:00
1784575800000,77.5,77.65,77.32,77.6,151977.22,2026-07-20 19:30:00
1784577600000,77.6,77.83,77.49,77.79,75849.98,2026-07-20 20:00:00
1784579400000,77.8,78.02,77.76,77.85,91253.21,2026-07-20 20:30:00
1784581200000,77.84,77.99,77.79,77.9,52105.09,2026-07-20 21:00:00
1784583000000,77.9,77.99,77.66,77.69,70170.96,2026-07-20 21:30:00
1784584800000,77.7,77.8,77.56,77.62,65100.67,2026-07-20 22:00:00
1784586600000,77.62,77.67,77.39,77.4,66359.59,2026-07-20 22:30:00
1784588400000,77.41,77.72,77.38,77.68,63608.92,2026-07-20 23:00:00
1784590200000,77.69,77.84,77.61,77.8,43965.29,2026-07-20 23:30:00
1784592000000,77.81,78.04,77.71,77.94,86312.09,2026-07-21 00:00:00
1784593800000,77.93,78.24,77.92,78.06,110938.26,2026-07-21 00:30:00
1784595600000,78.07,78.19,77.89,77.94,91045.05,2026-07-21 01:00:00
1784597400000,77.94,78.05,77.79,77.81,56691.32,2026-07-21 01:30:00
1784599200000,77.81,78.01,77.61,77.72,105718.97,2026-07-21 02:00:00
1784601000000,77.72,78.25,77.71,77.99,110826.86,2026-07-21 02:30:00
1784602800000,77.99,78.53,77.96,78.25,225166.02,2026-07-21 03:00:00
1784604600000,78.25,78.34,78.11,78.16,54084.6,2026-07-21 03:30:00
1784606400000,78.16,78.37,77.96,78.0,143284.77,2026-07-21 04:00:00
1784608200000,78.0,78.22,77.98,78.1,123394.81,2026-07-21 04:30:00
1784610000000,78.09,78.37,78.07,78.34,129211.61,2026-07-21 05:00:00
1784611800000,78.34,78.66,78.3,78.41,152353.8,2026-07-21 05:30:00
1784613600000,78.42,78.58,78.25,78.4,69600.49,2026-07-21 06:00:00
1784615400000,78.41,78.84,78.38,78.61,217127.33,2026-07-21 06:30:00
1784617200000,78.61,78.72,78.43,78.52,79403.26,2026-07-21 07:00:00
1784619000000,78.53,78.64,78.45,78.53,87716.41,2026-07-21 07:30:00
1784620800000,78.52,78.71,78.33,78.37,169118.91,2026-07-21 08:00:00
1784622600000,78.37,78.47,78.29,78.32,127291.09,2026-07-21 08:30:00
1784624400000,78.32,78.32,78.11,78.22,123253.12,2026-07-21 09:00:00
1784626200000,78.23,78.46,78.22,78.38,58989.49,2026-07-21 09:30:00
1784628000000,78.38,78.45,78.27,78.35,96956.74,2026-07-21 10:00:00
1784629800000,78.35,78.4,78.02,78.15,124357.0,2026-07-21 10:30:00
1784631600000,78.15,78.21,78.05,78.2,101482.53,2026-07-21 11:00:00
1784633400000,78.2,78.39,78.19,78.32,61737.14,2026-07-21 11:30:00
1784635200000,78.32,78.5,78.23,78.25,123825.08,2026-07-21 12:00:00
1784637000000,78.25,78.5,78.23,78.46,96418.05,2026-07-21 12:30:00
1784638800000,78.47,78.59,78.27,78.36,80208.9,2026-07-21 13:00:00
1784640600000,78.37,78.6,78.16,78.53,173496.96,2026-07-21 13:30:00
1784642400000,78.54,78.6,77.93,78.08,242820.85,2026-07-21 14:00:00
1784644200000,78.08,78.24,77.86,77.96,112771.96,2026-07-21 14:30:00
1784646000000,77.96,78.08,77.75,77.91,196383.6,2026-07-21 15:00:00
1784647800000,77.92,78.13,77.8,78.1,83824.74,2026-07-21 15:30:00
1784649600000,78.1,78.24,77.94,77.96,103017.47,2026-07-21 16:00:00
1784651400000,77.97,78.2,77.92,78.17,90996.36,2026-07-21 16:30:00
1784653200000,78.16,78.21,77.79,77.85,65857.32,2026-07-21 17:00:00
1784655000000,77.84,77.92,77.37,77.69,216953.12,2026-07-21 17:30:00
1784656800000,77.69,77.95,77.56,77.85,64182.56,2026-07-21 18:00:00
1784658600000,77.84,77.96,77.69,77.82,42610.83,2026-07-21 18:30:00
1784660400000,77.82,77.93,77.68,77.86,66132.33,2026-07-21 19:00:00
1784662200000,77.86,77.96,77.68,77.83,81919.26,2026-07-21 19:30:00
1784664000000,77.83,77.96,77.77,77.85,34008.56,2026-07-21 20:00:00
1784665800000,77.85,78.07,77.82,77.86,80151.13,2026-07-21 20:30:00
1784667600000,77.86,78.03,77.75,77.95,46150.28,2026-07-21 21:00:00
1784669400000,77.95,78.12,77.92,78.0,54395.36,2026-07-21 21:30:00
1784671200000,78.0,78.03,77.85,77.95,46565.89,2026-07-21 22:00:00
1784673000000,77.95,78.03,77.8,77.95,43634.86,2026-07-21 22:30:00
1784674800000,77.94,77.94,77.76,77.92,35017.53,2026-07-21 23:00:00
1784676600000,77.91,78.16,77.88,78.09,54651.54,2026-07-21 23:30:00
1784678400000,78.09,78.54,78.06,78.38,184739.86,2026-07-22 00:00:00
1784680200000,78.38,78.55,78.29,78.4,77825.57,2026-07-22 00:30:00
1784682000000,78.39,78.47,78.1,78.22,113413.87,2026-07-22 01:00:00
1784683800000,78.22,78.49,78.16,78.3,54626.09,2026-07-22 01:30:00
1784685600000,78.31,78.48,78.15,78.36,61385.74,2026-07-22 02:00:00
1784687400000,78.36,78.36,78.04,78.07,74007.02,2026-07-22 02:30:00
1784689200000,78.07,78.19,77.9,78.1,88921.82,2026-07-22 03:00:00
1784691000000,78.11,78.13,77.75,77.83,65012.91,2026-07-22 03:30:00
1784692800000,77.82,78.17,77.78,78.12,72409.01,2026-07-22 04:00:00
1784694600000,78.12,78.19,78.0,78.02,67602.88,2026-07-22 04:30:00
1784696400000,78.02,78.03,77.46,77.48,232081.12,2026-07-22 05:00:00
1784698200000,77.49,77.65,77.34,77.38,147477.56,2026-07-22 05:30:00
1784700000000,77.37,77.46,76.96,77.08,338691.09,2026-07-22 06:00:00
1784701800000,77.07,77.26,76.94,77.24,133115.32,2026-07-22 06:30:00
1784703600000,77.23,77.27,77.09,77.23,123025.3,2026-07-22 07:00:00
1784705400000,77.24,77.26,76.94,77.06,158002.26,2026-07-22 07:30:00
1784707200000,77.07,77.48,77.0,77.34,172006.7,2026-07-22 08:00:00
1784709000000,77.34,77.42,77.26,77.38,77761.19,2026-07-22 08:30:00
1784710800000,77.38,77.52,77.3,77.37,69289.78,2026-07-22 09:00:00
1784712600000,77.37,77.55,77.24,77.5,85099.78,2026-07-22 09:30:00
1784714400000,77.5,77.6,77.4,77.55,52422.53,2026-07-22 10:00:00
1784716200000,77.56,77.69,77.49,77.62,80448.56,2026-07-22 10:30:00
1784718000000,77.62,77.76,77.53,77.63,82821.02,2026-07-22 11:00:00
1784719800000,77.63,77.7,77.43,77.52,80161.46,2026-07-22 11:30:00
1784721600000,77.52,77.52,77.13,77.16,131799.17,2026-07-22 12:00:00
1784723400000,77.15,77.29,76.99,77.2,203843.57,2026-07-22 12:30:00
1784725200000,77.2,77.31,77.09,77.24,95956.83,2026-07-22 13:00:00
1784727000000,77.25,77.93,77.17,77.84,355296.06,2026-07-22 13:30:00
1784728800000,77.83,78.41,77.37,77.43,570253.73,2026-07-22 14:00:00
1784730600000,77.43,77.88,77.36,77.85,133545.8,2026-07-22 14:30:00
1784732400000,77.85,78.83,77.85,78.64,476683.86,2026-07-22 15:00:00
1784734200000,78.65,78.73,78.34,78.41,213312.86,2026-07-22 15:30:00
1784736000000,78.42,78.54,78.06,78.17,184309.29,2026-07-22 16:00:00
1784737800000,78.17,78.79,78.14,78.54,338599.74,2026-07-22 16:30:00
1784739600000,78.54,78.61,78.11,78.23,124476.42,2026-07-22 17:00:00
1784741400000,78.23,78.49,78.15,78.18,84496.89,2026-07-22 17:30:00
1784743200000,78.19,78.26,77.76,77.79,124398.34,2026-07-22 18:00:00
1784745000000,77.79,77.79,77.41,77.7,219659.67,2026-07-22 18:30:00
1784746800000,77.71,77.78,77.26,77.59,149684.01,2026-07-22 19:00:00
1784748600000,77.59,77.71,77.46,77.62,96910.18,2026-07-22 19:30:00
1784750400000,77.61,77.91,77.53,77.86,147130.88,2026-07-22 20:00:00
1784752200000,77.85,77.91,77.7,77.76,25562.23,2026-07-22 20:30:00
1784754000000,77.75,77.83,77.63,77.66,42143.03,2026-07-22 21:00:00
1784755800000,77.66,78.02,77.65,77.98,73210.92,2026-07-22 21:30:00
1784757600000,77.99,78.1,77.82,78.01,72595.17,2026-07-22 22:00:00
1784759400000,78.02,78.02,77.66,77.96,105040.45,2026-07-22 22:30:00
1784761200000,77.96,77.98,77.44,77.69,132653.32,2026-07-22 23:00:00
1784763000000,77.69,77.96,77.64,77.93,45809.0,2026-07-22 23:30:00
1784764800000,77.93,78.51,77.93,78.38,253772.37,2026-07-23 00:00:00
1784766600000,78.38,78.42,78.18,78.21,101223.03,2026-07-23 00:30:00
1784768400000,78.21,78.37,77.99,78.03,88446.12,2026-07-23 01:00:00
1784770200000,78.03,78.06,77.83,77.86,100524.41,2026-07-23 01:30:00
1784772000000,77.85,77.85,77.34,77.46,212286.2,2026-07-23 02:00:00
1784773800000,77.46,77.74,77.42,77.71,100771.64,2026-07-23 02:30:00
1784775600000,77.71,77.74,77.42,77.53,92902.01,2026-07-23 03:00:00
1784777400000,77.53,77.66,77.47,77.57,48387.07,2026-07-23 03:30:00
1784779200000,77.56,77.77,77.48,77.75,87808.58,2026-07-23 04:00:00
1784781000000,77.74,77.78,77.4,77.49,143660.67,2026-07-23 04:30:00
1784782800000,77.5,77.61,77.36,77.61,102987.65,2026-07-23 05:00:00
1784784600000,77.61,77.69,77.42,77.48,66959.11,2026-07-23 05:30:00
1784786400000,77.49,77.54,77.31,77.48,93324.56,2026-07-23 06:00:00
1784788200000,77.48,77.54,77.41,77.53,48677.23,2026-07-23 06:30:00
1784790000000,77.53,77.53,76.97,77.14,299181.06,2026-07-23 07:00:00
1784791800000,77.13,77.18,77.0,77.11,121969.98,2026-07-23 07:30:00
1784793600000,77.11,77.34,77.05,77.3,103217.15,2026-07-23 08:00:00
1784795400000,77.3,77.45,77.3,77.43,91191.85,2026-07-23 08:30:00
1784797200000,77.42,77.6,77.35,77.53,82298.45,2026-07-23 09:00:00
1784799000000,77.53,77.56,77.41,77.45,68944.52,2026-07-23 09:30:00
1784800800000,77.45,77.73,77.38,77.71,65643.54,2026-07-23 10:00:00
1784802600000,77.72,77.76,77.64,77.69,77584.22,2026-07-23 10:30:00
1784804400000,77.7,77.83,77.65,77.67,58263.44,2026-07-23 11:00:00
1784806200000,77.67,77.71,77.55,77.61,77767.88,2026-07-23 11:30:00
1784808000000,77.61,77.7,77.46,77.48,136082.98,2026-07-23 12:00:00
1784809800000,77.47,77.48,76.45,76.89,714608.36,2026-07-23 12:30:00
1784811600000,76.9,76.96,76.51,76.64,210768.48,2026-07-23 13:00:00
1784813400000,76.64,77.03,76.59,76.65,240105.35,2026-07-23 13:30:00
1784815200000,76.65,76.83,76.54,76.71,161754.6,2026-07-23 14:00:00
1784817000000,76.71,76.82,76.29,76.39,204597.74,2026-07-23 14:30:00
1784818800000,76.39,76.4,75.8,76.21,574244.87,2026-07-23 15:00:00
1784820600000,76.21,76.41,76.1,76.31,168628.74,2026-07-23 15:30:00
1784822400000,76.32,76.33,75.77,76.12,352175.71,2026-07-23 16:00:00
1784824200000,76.12,76.13,75.93,75.96,77911.32,2026-07-23 16:30:00
1784826000000,75.97,76.14,75.82,76.06,107500.19,2026-07-23 17:00:00
1784827800000,76.06,76.1,75.42,75.61,267249.79,2026-07-23 17:30:00
1784829600000,75.6,75.79,75.53,75.77,137746.02,2026-07-23 18:00:00
1784831400000,75.77,75.81,75.56,75.77,52519.17,2026-07-23 18:30:00
1784833200000,75.77,75.8,75.47,75.73,65978.68,2026-07-23 19:00:00
1784835000000,75.73,75.79,75.37,75.68,132701.58,2026-07-23 19:30:00
1784836800000,75.69,76.14,75.65,76.09,109990.59,2026-07-23 20:00:00
1784838600000,76.08,76.12,76.01,76.08,50171.29,2026-07-23 20:30:00
1784840400000,76.07,76.22,75.86,75.99,88268.3,2026-07-23 21:00:00
1784842200000,75.98,76.06,75.92,75.99,34166.39,2026-07-23 21:30:00
1784844000000,76.0,76.16,75.8,76.05,72542.71,2026-07-23 22:00:00
1784845800000,76.05,76.19,76.05,76.13,36763.61,2026-07-23 22:30:00
1784847600000,76.13,76.21,76.1,76.15,37412.71,2026-07-23 23:00:00
1784849400000,76.16,76.17,75.82,75.83,65185.5,2026-07-23 23:30:00
1784851200000,75.83,75.85,75.6,75.7,125687.25,2026-07-24 00:00:00
1784853000000,75.71,75.81,75.46,75.79,137287.06,2026-07-24 00:30:00
1784854800000,75.78,76.08,75.73,75.88,70767.97,2026-07-24 01:00:00
1784856600000,75.88,75.99,75.62,75.64,90460.08,2026-07-24 01:30:00
1784858400000,75.64,75.88,75.64,75.74,97449.48,2026-07-24 02:00:00
1784860200000,75.74,75.75,75.23,75.48,230108.62,2026-07-24 02:30:00
1784862000000,75.49,75.92,75.43,75.85,134067.94,2026-07-24 03:00:00
1784863800000,75.84,75.89,75.68,75.78,57982.16,2026-07-24 03:30:00
1784865600000,75.78,75.81,75.6,75.75,60545.82,2026-07-24 04:00:00
1784867400000,75.75,75.79,75.57,75.63,27768.8,2026-07-24 04:30:00
1784869200000,75.63,75.88,75.54,75.81,73805.08,2026-07-24 05:00:00
1784871000000,75.8,75.82,75.64,75.74,42796.5,2026-07-24 05:30:00
1784872800000,75.75,75.98,75.68,75.81,79301.95,2026-07-24 06:00:00
1784874600000,75.81,75.92,75.73,75.79,83093.65,2026-07-24 06:30:00
1784876400000,75.8,76.4,75.8,76.09,259989.84,2026-07-24 07:00:00
1784878200000,76.1,76.19,75.73,76.02,152376.13,2026-07-24 07:30:00
1784880000000,76.03,76.04,75.65,75.78,102350.68,2026-07-24 08:00:00
1784881800000,75.78,75.88,75.71,75.74,56542.53,2026-07-24 08:30:00
1784883600000,75.73,75.8,75.31,75.5,270117.2,2026-07-24 09:00:00
1784885400000,75.5,75.63,75.39,75.57,88433.05,2026-07-24 09:30:00
1784887200000,75.57,75.62,75.35,75.49,87485.35,2026-07-24 10:00:00
1784889000000,75.49,75.57,75.33,75.44,51558.93,2026-07-24 10:30:00
1784890800000,75.43,75.47,75.16,75.27,136958.75,2026-07-24 11:00:00
1784892600000,75.27,75.29,74.92,75.16,267104.78,2026-07-24 11:30:00
1784894400000,75.15,75.25,75.03,75.12,112134.77,2026-07-24 12:00:00
1784896200000,75.12,75.21,74.74,74.82,199005.65,2026-07-24 12:30:00
1784898000000,74.81,74.88,74.19,74.49,603157.84,2026-07-24 13:00:00
1784899800000,74.5,74.54,73.92,74.17,538496.5,2026-07-24 13:30:00
1784901600000,74.17,74.22,73.6,73.91,489685.07,2026-07-24 14:00:00
1784903400000,73.92,74.02,73.54,73.99,286553.85,2026-07-24 14:30:00
1784905200000,73.99,74.16,73.64,74.11,340346.67,2026-07-24 15:00:00
1784907000000,74.1,74.25,73.93,74.0,234156.34,2026-07-24 15:30:00
1784908800000,73.99,74.17,73.91,73.99,154927.84,2026-07-24 16:00:00
1784910600000,73.98,74.0,73.66,73.86,212647.24,2026-07-24 16:30:00
1784912400000,73.86,74.09,73.81,74.06,132782.55,2026-07-24 17:00:00
1784914200000,74.06,74.11,73.89,74.01,91428.03,2026-07-24 17:30:00
1784916000000,74.0,74.04,73.91,73.96,33914.34,2026-07-24 18:00:00
1784917800000,73.95,74.03,73.85,73.94,69817.12,2026-07-24 18:30:00
1784919600000,73.94,73.96,73.74,73.92,78466.19,2026-07-24 19:00:00
1784921400000,73.92,74.01,73.85,73.92,72504.64,2026-07-24 19:30:00
1784923200000,73.92,73.98,73.82,73.87,39876.36,2026-07-24 20:00:00
1784925000000,73.87,73.87,73.67,73.71,97062.64,2026-07-24 20:30:00
1784926800000,73.72,73.8,73.38,73.66,209714.59,2026-07-24 21:00:00
1784928600000,73.66,73.77,73.58,73.6,75327.72,2026-07-24 21:30:00
1784930400000,73.59,73.83,73.58,73.82,48981.46,2026-07-24 22:00:00
1784932200000,73.81,73.93,73.81,73.88,47116.27,2026-07-24 22:30:00
1784934000000,73.88,73.98,73.8,73.86,50453.12,2026-07-24 23:00:00
1784935800000,73.87,73.94,73.81,73.91,39305.55,2026-07-24 23:30:00
1784937600000,73.91,74.02,73.88,74.01,57601.45,2026-07-25 00:00:00
1784939400000,74.01,74.11,73.91,74.08,115629.57,2026-07-25 00:30:00
1784941200000,74.08,74.2,73.96,73.99,94588.55,2026-07-25 01:00:00
1784943000000,73.99,74.21,73.97,74.08,72608.16,2026-07-25 01:30:00
1784944800000,74.09,74.16,74.0,74.12,56469.54,2026-07-25 02:00:00
1784946600000,74.12,74.16,74.0,74.06,61247.11,2026-07-25 02:30:00
1784948400000,74.06,74.28,73.99,74.17,89881.69,2026-07-25 03:00:00
1784950200000,74.17,74.2,74.04,74.09,66596.1,2026-07-25 03:30:00
1784952000000,74.09,74.33,74.08,74.23,76004.57,2026-07-25 04:00:00
1784953800000,74.24,74.28,74.18,74.27,71254.87,2026-07-25 04:30:00
1784955600000,74.27,74.3,74.13,74.17,40518.57,2026-07-25 05:00:00
1784957400000,74.16,74.17,73.85,73.94,90448.61,2026-07-25 05:30:00
1784959200000,73.93,73.99,73.78,73.83,163026.37,2026-07-25 06:00:00
1784961000000,73.83,73.99,73.72,73.99,135530.44,2026-07-25 06:30:00
1784962800000,73.99,74.01,73.8,73.82,45706.47,2026-07-25 07:00:00
1784964600000,73.82,73.86,73.73,73.74,46739.79,2026-07-25 07:30:00
1784966400000,73.74,73.82,73.49,73.81,157070.78,2026-07-25 08:00:00
1784968200000,73.81,73.83,73.68,73.74,43912.38,2026-07-25 08:30:00
1784970000000,73.75,73.95,73.7,73.95,55733.42,2026-07-25 09:00:00
1784971800000,73.95,73.99,73.88,73.94,79156.83,2026-07-25 09:30:00
1784973600000,73.93,73.98,73.86,73.94,39838.8,2026-07-25 10:00:00
1784975400000,73.93,73.95,73.85,73.93,32030.67,2026-07-25 10:30:00
1784977200000,73.94,74.0,73.86,73.89,52702.11,2026-07-25 11:00:00
1784979000000,73.88,73.94,73.8,73.88,40111.48,2026-07-25 11:30:00
1784980800000,73.88,73.94,73.82,73.88,28583.65,2026-07-25 12:00:00
1784982600000,73.89,73.92,73.82,73.92,41474.86,2026-07-25 12:30:00
1784984400000,73.91,74.04,73.89,73.95,62967.38,2026-07-25 13:00:00
1784986200000,73.95,74.15,73.91,73.93,103005.93,2026-07-25 13:30:00
1784988000000,73.94,73.94,73.73,73.8,134218.1,2026-07-25 14:00:00
1784989800000,73.8,74.05,73.8,73.99,195259.45,2026-07-25 14:30:00
1784991600000,74.0,74.28,73.96,74.14,190258.37,2026-07-25 15:00:00
1784993400000,74.14,74.23,74.1,74.13,60252.59,2026-07-25 15:30:00
1784995200000,74.12,74.25,74.04,74.12,74581.28,2026-07-25 16:00:00
1784997000000,74.12,74.39,74.12,74.29,112267.54,2026-07-25 16:30:00
1784998800000,74.29,74.54,74.26,74.43,73183.1,2026-07-25 17:00:00
1785000600000,74.44,74.62,74.39,74.42,121897.63,2026-07-25 17:30:00
1785002400000,74.43,74.63,74.43,74.53,77152.65,2026-07-25 18:00:00
1785004200000,74.52,74.67,74.48,74.61,59514.77,2026-07-25 18:30:00
1785006000000,74.62,74.68,74.55,74.56,33997.04,2026-07-25 19:00:00
1785007800000,74.56,74.58,74.48,74.51,34727.03,2026-07-25 19:30:00
1785009600000,74.51,74.53,74.38,74.46,77528.0,2026-07-25 20:00:00
1785011400000,74.45,74.46,74.35,74.41,26777.93,2026-07-25 20:30:00
1785013200000,74.41,74.41,74.24,74.38,43259.52,2026-07-25 21:00:00
1785015000000,74.38,74.57,74.35,74.41,61951.74,2026-07-25 21:30:00
1785016800000,74.41,74.45,74.34,74.35,30239.45,2026-07-25 22:00:00
1785018600000,74.35,74.49,74.26,74.45,43720.03,2026-07-25 22:30:00
1785020400000,74.45,74.46,74.34,74.4,62367.39,2026-07-25 23:00:00
1785022200000,74.4,74.5,74.38,74.48,43760.73,2026-07-25 23:30:00
1785024000000,74.48,74.93,74.42,74.85,200444.62,2026-07-26 00:00:00
1785025800000,74.85,74.87,74.61,74.74,123498.15,2026-07-26 00:30:00
1785027600000,74.74,74.78,74.63,74.65,57652.54,2026-07-26 01:00:00
1785029400000,74.64,74.86,74.64,74.78,56823.45,2026-07-26 01:30:00
1785031200000,74.78,74.84,74.68,74.76,69310.44,2026-07-26 02:00:00
1785033000000,74.77,74.9,74.67,74.86,54710.63,2026-07-26 02:30:00
1785034800000,74.86,75.03,74.78,74.88,116742.55,2026-07-26 03:00:00
1785036600000,74.89,74.99,74.86,74.99,58725.02,2026-07-26 03:30:00
1785038400000,74.99,75.13,74.9,75.1,130663.81,2026-07-26 04:00:00
1785040200000,75.1,75.19,74.98,75.03,104525.73,2026-07-26 04:30:00
1785042000000,75.03,75.13,74.95,74.99,53184.39,2026-07-26 05:00:00
1785043800000,75.0,75.08,74.9,74.97,57503.91,2026-07-26 05:30:00
1785045600000,74.97,75.02,74.7,74.73,120241.66,2026-07-26 06:00:00
1785047400000,74.74,75.1,74.71,75.08,78546.16,2026-07-26 06:30:00
1785049200000,75.08,75.11,74.89,74.89,76783.94,2026-07-26 07:00:00
1785051000000,74.89,74.95,74.81,74.83,37704.64,2026-07-26 07:30:00
1785052800000,74.83,74.92,74.8,74.87,45072.04,2026-07-26 08:00:00
1785054600000,74.87,75.02,74.83,74.95,53149.91,2026-07-26 08:30:00
1785056400000,74.95,75.08,74.94,75.02,51349.1,2026-07-26 09:00:00
1785058200000,75.02,75.25,74.97,75.03,181978.34,2026-07-26 09:30:00
1785060000000,75.02,75.15,74.98,75.09,40196.02,2026-07-26 10:00:00
1785061800000,75.08,75.21,75.06,75.08,81685.46,2026-07-26 10:30:00
1785063600000,75.07,75.13,75.01,75.02,41466.17,2026-07-26 11:00:00
1785065400000,75.01,75.05,74.84,74.91,98743.57,2026-07-26 11:30:00
1785067200000,74.91,75.1,74.83,74.95,128986.26,2026-07-26 12:00:00
1785069000000,74.95,74.95,74.77,74.83,62160.88,2026-07-26 12:30:00
1785070800000,74.83,74.92,74.72,74.81,97055.23,2026-07-26 13:00:00
1785072600000,74.81,74.93,74.72,74.89,69112.0,2026-07-26 13:30:00
1785074400000,74.89,75.2,74.86,74.88,161554.63,2026-07-26 14:00:00
1785076200000,74.88,75.04,74.85,75.0,71030.76,2026-07-26 14:30:00
1785078000000,75.0,75.36,74.92,75.17,193279.93,2026-07-26 15:00:00
1785079800000,75.17,75.46,75.12,75.44,149529.48,2026-07-26 15:30:00
1785081600000,75.45,75.69,75.26,75.64,157238.43,2026-07-26 16:00:00
1785083400000,75.65,75.95,75.48,75.48,203065.6,2026-07-26 16:30:00
1785085200000,75.48,75.56,75.24,75.29,91924.37,2026-07-26 17:00:00
1785087000000,75.29,75.39,75.27,75.34,47213.52,2026-07-26 17:30:00
1785088800000,75.34,75.38,75.23,75.28,46000.92,2026-07-26 18:00:00
1785090600000,75.29,75.41,75.24,75.35,35437.45,2026-07-26 18:30:00
1785092400000,75.35,75.42,75.21,75.24,39440.87,2026-07-26 19:00:00
1785094200000,75.24,75.3,75.2,75.29,19821.65,2026-07-26 19:30:00
1785096000000,75.29,75.36,75.28,75.31,35635.75,2026-07-26 20:00:00
1785097800000,75.32,75.36,75.26,75.3,16610.0,2026-07-26 20:30:00
1785099600000,75.3,75.68,75.28,75.58,64892.99,2026-07-26 21:00:00
1785101400000,75.58,75.73,75.47,75.6,48795.76,2026-07-26 21:30:00
1785103200000,75.61,76.39,75.61,76.34,381934.02,2026-07-26 22:00:00
1785105000000,76.34,76.77,76.3,76.67,249854.28,2026-07-26 22:30:00
1785106800000,76.67,77.08,76.57,76.63,399143.01,2026-07-26 23:00:00
1785108600000,76.64,76.73,76.46,76.73,152811.17,2026-07-26 23:30:00
1785110400000,76.74,76.76,76.33,76.46,174710.31,2026-07-27 00:00:00
1785112200000,76.46,76.51,76.14,76.28,149381.38,2026-07-27 00:30:00
1785114000000,76.29,76.42,76.12,76.18,111142.02,2026-07-27 01:00:00
1785115800000,76.19,76.5,75.95,76.49,164104.01,2026-07-27 01:30:00
1785117600000,76.49,76.59,76.39,76.53,139040.77,2026-07-27 02:00:00
1785119400000,76.53,76.65,76.33,76.4,128796.56,2026-07-27 02:30:00
1785121200000,76.41,76.52,76.34,76.43,65025.81,2026-07-27 03:00:00
1785123000000,76.42,76.47,76.3,76.37,70730.76,2026-07-27 03:30:00
1785124800000,76.38,76.61,76.3,76.36,124542.49,2026-07-27 04:00:00
1785126600000,76.36,76.4,76.24,76.27,64769.57,2026-07-27 04:30:00
1785128400000,76.28,76.47,76.23,76.41,55214.43,2026-07-27 05:00:00
1785130200000,76.41,76.61,76.27,76.53,77163.66,2026-07-27 05:30:00
1785132000000,76.53,76.96,76.49,76.65,291389.6,2026-07-27 06:00:00
1785133800000,76.66,76.9,76.61,76.7,137971.51,2026-07-27 06:30:00
1785135600000,76.69,76.73,76.52,76.53,80665.14,2026-07-27 07:00:00
1785137400000,76.53,76.59,76.35,76.43,89937.28,2026-07-27 07:30:00
1785139200000,76.44,76.47,76.25,76.36,120236.24,2026-07-27 08:00:00
1785141000000,76.35,76.37,76.19,76.26,75114.89,2026-07-27 08:30:00
1785142800000,76.27,76.34,76.09,76.33,100444.25,2026-07-27 09:00:00
1785144600000,76.32,76.53,76.27,76.45,93491.72,2026-07-27 09:30:00
1785146400000,76.44,76.6,76.38,76.55,76125.26,2026-07-27 10:00:00
1785148200000,76.56,76.64,76.51,76.57,52089.03,2026-07-27 10:30:00
1785150000000,76.58,76.63,76.45,76.47,62992.16,2026-07-27 11:00:00
1785151800000,76.46,76.66,76.45,76.47,85075.9,2026-07-27 11:30:00
1785153600000,76.47,76.74,76.34,76.34,171790.08,2026-07-27 12:00:00
1785155400000,76.34,77.03,76.2,76.81,468617.13,2026-07-27 12:30:00
1785157200000,76.82,76.93,76.41,76.46,149109.5,2026-07-27 13:00:00
1785159000000,76.47,77.47,76.43,76.87,581593.96,2026-07-27 13:30:00
1785160800000,76.86,76.95,75.75,75.77,600835.39,2026-07-27 14:00:00
1785162600000,75.77,75.78,74.94,75.42,890069.51,2026-07-27 14:30:00
1785164400000,75.43,75.56,75.21,75.32,179960.45,2026-07-27 15:00:00
1785166200000,75.31,75.43,75.03,75.22,197324.05,2026-07-27 15:30:00
1785168000000,75.22,75.71,75.09,75.64,215683.99,2026-07-27 16:00:00
1785169800000,75.65,75.94,75.64,75.9,233514.42,2026-07-27 16:30:00
1785171600000,75.9,76.22,75.76,75.96,146377.85,2026-07-27 17:00:00
1785173400000,75.96,76.12,75.77,75.86,96730.36,2026-07-27 17:30:00
1785175200000,75.86,75.95,75.49,75.57,130967.27,2026-07-27 18:00:00
1785177000000,75.57,75.59,75.21,75.55,194848.11,2026-07-27 18:30:00
1785178800000,75.56,75.96,75.45,75.78,114416.54,2026-07-27 19:00:00
1785180600000,75.79,76.02,75.7,75.94,116845.12,2026-07-27 19:30:00
1785182400000,75.95,76.11,75.76,76.06,79760.3,2026-07-27 20:00:00
1785184200000,76.06,76.06,75.76,75.93,60422.61,2026-07-27 20:30:00
1785186000000,75.93,75.95,75.53,75.55,50062.88,2026-07-27 21:00:00
1785187800000,75.54,75.64,75.47,75.57,58143.74,2026-07-27 21:30:00
1785189600000,75.56,75.59,75.11,75.2,85829.45,2026-07-27 22:00:00
1785191400000,75.2,75.34,73.95,74.02,596511.76,2026-07-27 22:30:00
1785193200000,74.01,74.38,73.69,74.24,315710.76,2026-07-27 23:00:00
1785195000000,74.24,74.34,73.91,74.16,133385.49,2026-07-27 23:30:00
1785196800000,74.15,74.25,73.71,73.93,191569.68,2026-07-28 00:00:00
1785198600000,73.94,74.04,73.62,73.66,156257.38,2026-07-28 00:30:00
1785200400000,73.66,73.7,72.78,73.3,625113.97,2026-07-28 01:00:00
1785202200000,73.3,73.44,73.1,73.15,164308.3,2026-07-28 01:30:00
1785204000000,73.15,73.41,73.01,73.33,115776.28,2026-07-28 02:00:00
1785205800000,73.32,73.37,73.13,73.32,105523.26,2026-07-28 02:30:00
1785207600000,73.31,73.37,73.17,73.22,62581.7,2026-07-28 03:00:00
1785209400000,73.22,73.33,73.11,73.23,84463.17,2026-07-28 03:30:00
1785211200000,73.23,73.23,73.06,73.06,108585.14,2026-07-28 04:00:00
1785213000000,73.07,73.24,72.93,73.16,114961.38,2026-07-28 04:30:00
1785214800000,73.16,73.49,73.14,73.37,117010.98,2026-07-28 05:00:00
1785216600000,73.38,73.42,73.2,73.2,85977.97,2026-07-28 05:30:00
1785218400000,73.21,73.34,73.08,73.31,101282.89,2026-07-28 06:00:00
1785220200000,73.3,73.45,73.3,73.39,140323.98,2026-07-28 06:30:00
1785222000000,73.39,73.45,73.32,73.39,55552.24,2026-07-28 07:00:00
1785223800000,73.38,73.38,73.08,73.24,165787.86,2026-07-28 07:30:00
1785225600000,73.23,73.34,73.09,73.25,105606.72,2026-07-28 08:00:00
1785227400000,73.25,73.4,73.18,73.31,48767.24,2026-07-28 08:30:00
1785229200000,73.31,73.46,73.24,73.38,71457.23,2026-07-28 09:00:00
1785231000000,73.38,73.44,73.15,73.21,83843.77,2026-07-28 09:30:00
1785232800000,73.2,73.29,73.08,73.17,84362.48,2026-07-28 10:00:00
1785234600000,73.16,73.28,73.09,73.11,87653.19,2026-07-28 10:30:00
1785236400000,73.11,73.26,72.82,73.03,262016.16,2026-07-28 11:00:00
1785238200000,73.02,73.32,73.0,73.14,110896.1,2026-07-28 11:30:00
1785240000000,73.14,73.26,73.07,73.18,39592.53,2026-07-28 12:00:00
1785241800000,73.19,73.42,73.09,73.34,169914.48,2026-07-28 12:30:00
1785243600000,73.33,73.39,72.95,72.95,138126.45,2026-07-28 13:00:00
1785245400000,72.95,73.07,72.29,72.66,694971.75,2026-07-28 13:30:00
1785247200000,72.66,72.95,72.49,72.9,260965.89,2026-07-28 14:00:00
1785249000000,72.91,73.45,72.79,73.36,273808.96,2026-07-28 14:30:00
1785250800000,73.37,74.5,73.25,74.22,612966.34,2026-07-28 15:00:00
1785252600000,74.21,74.53,74.06,74.29,316782.11,2026-07-28 15:30:00
1785254400000,74.29,74.3,74.04,74.17,157725.16,2026-07-28 16:00:00
1785256200000,74.17,74.53,74.0,74.37,117728.6,2026-07-28 16:30:00
1785258000000,74.37,74.39,73.74,73.8,249640.63,2026-07-28 17:00:00
1785259800000,73.79,73.8,73.49,73.78,192762.21,2026-07-28 17:30:00
1785261600000,73.78,74.02,73.77,73.79,89865.54,2026-07-28 18:00:00
1785263400000,73.79,73.91,73.75,73.84,50201.98,2026-07-28 18:30:00
1785265200000,73.83,74.0,73.78,73.99,39643.91,2026-07-28 19:00:00
1785267000000,74.0,74.34,74.0,74.28,106194.7,2026-07-28 19:30:00
1785268800000,74.28,74.33,74.06,74.07,147946.39,2026-07-28 20:00:00
1785270600000,74.07,74.15,73.96,74.0,46059.15,2026-07-28 20:30:00
1785272400000,74.01,74.14,73.96,74.13,66801.79,2026-07-28 21:00:00
1785274200000,74.14,74.36,74.06,74.09,143647.62,2026-07-28 21:30:00
1785276000000,74.1,74.2,73.91,73.93,65483.34,2026-07-28 22:00:00
1785277800000,73.93,73.93,73.37,73.4,157458.47,2026-07-28 22:30:00
1785279600000,73.39,73.43,73.12,73.27,149483.57,2026-07-28 23:00:00
1785281400000,73.27,73.81,73.26,73.78,158180.32,2026-07-28 23:30:00
1785283200000,73.77,74.14,73.77,73.91,204900.31,2026-07-29 00:00:00
1785285000000,73.91,74.04,73.71,73.74,115242.78,2026-07-29 00:30:00
1785286800000,73.73,73.76,73.44,73.66,98076.89,2026-07-29 01:00:00
1785288600000,73.65,73.68,73.17,73.22,98014.27,2026-07-29 01:30:00
1785290400000,73.22,73.68,73.02,73.68,193867.32,2026-07-29 02:00:00
1785292200000,73.68,73.94,73.56,73.65,160652.71,2026-07-29 02:30:00
1785294000000,73.65,73.72,73.19,73.21,109951.88,2026-07-29 03:00:00
1785295800000,73.21,73.33,72.97,73.03,161688.28,2026-07-29 03:30:00
1785297600000,73.04,73.26,72.68,73.14,288109.52,2026-07-29 04:00:00
1785299400000,73.14,73.45,73.06,73.4,131852.5,2026-07-29 04:30:00
1785301200000,73.4,73.57,73.29,73.49,124759.69,2026-07-29 05:00:00
1785303000000,73.48,73.75,73.42,73.63,107800.37,2026-07-29 05:30:00
1785304800000,73.63,73.97,73.48,73.94,91143.53,2026-07-29 06:00:00
1785306600000,73.95,74.04,73.91,74.02,108185.35,2026-07-29 06:30:00
1785308400000,74.03,74.11,73.93,74.11,98951.7,2026-07-29 07:00:00
1785310200000,74.1,74.24,73.95,74.21,103370.05,2026-07-29 07:30:00
1785312000000,74.21,74.29,73.65,73.71,189454.96,2026-07-29 08:00:00
1785313800000,73.72,74.19,73.68,73.9,104699.84,2026-07-29 08:30:00
1785315600000,73.9,74.05,73.87,74.03,57771.36,2026-07-29 09:00:00
1785317400000,74.03,74.28,74.0,74.08,74223.87,2026-07-29 09:30:00
1785319200000,74.09,74.09,73.95,73.96,72643.44,2026-07-29 10:00:00
1785321000000,73.96,74.05,73.74,73.86,69855.77,2026-07-29 10:30:00
1785322800000,73.86,74.05,73.83,73.89,45451.85,2026-07-29 11:00:00
1785324600000,73.9,73.95,73.78,73.91,39124.94,2026-07-29 11:30:00
1785326400000,73.91,73.91,73.4,73.49,152024.94,2026-07-29 12:00:00
1785328200000,73.49,73.6,73.4,73.49,82254.8,2026-07-29 12:30:00
1785330000000,73.48,73.58,73.37,73.53,92002.78,2026-07-29 13:00:00
1785331800000,73.52,73.74,73.27,73.68,218990.77,2026-07-29 13:30:00
1785333600000,73.68,73.88,73.1,73.27,222354.66,2026-07-29 14:00:00
1785335400000,73.27,73.42,73.04,73.23,130893.05,2026-07-29 14:30:00
1785337200000,73.23,73.38,73.07,73.27,76897.92,2026-07-29 15:00:00
1785339000000,73.27,73.41,72.93,73.09,138728.57,2026-07-29 15:30:00
1785340800000,73.09,73.34,72.9,73.19,152289.48,2026-07-29 16:00:00
1785342600000,73.18,73.25,72.85,73.24,127647.07,2026-07-29 16:30:00
1785344400000,73.23,73.53,73.22,73.24,198440.42,2026-07-29 17:00:00
1785346200000,73.24,73.93,73.14,73.9,167734.9,2026-07-29 17:30:00
1785348000000,73.9,74.39,73.76,73.88,527868.53,2026-07-29 18:00:00
1785349800000,73.88,74.5,73.38,74.21,331532.32,2026-07-29 18:30:00
1785351600000,74.21,74.34,73.42,73.52,252643.26,2026-07-29 19:00:00
1785353400000,73.53,73.64,72.69,72.7,382689.12,2026-07-29 19:30:00
1785355200000,72.71,73.07,72.39,72.7,469737.84,2026-07-29 20:00:00
1785357000000,72.71,73.17,72.56,72.61,104402.44,2026-07-29 20:30:00
1785358800000,72.6,72.92,72.27,72.91,220096.51,2026-07-29 21:00:00
1785360600000,72.9,73.15,72.83,73.14,113288.32,2026-07-29 21:30:00
1785362400000,73.15,73.76,73.14,73.65,198398.93,2026-07-29 22:00:00
1785364200000,73.66,73.68,73.46,73.59,65065.94,2026-07-29 22:30:00
1785366000000,73.6,73.71,73.36,73.57,146821.39,2026-07-29 23:00:00
1785367800000,73.58,73.69,73.45,73.63,39769.9,2026-07-29 23:30:00
1785369600000,73.63,73.83,73.6,73.77,67220.52,2026-07-30 00:00:00
1785371400000,73.77,73.77,73.1,73.25,192556.75,2026-07-30 00:30:00
1785373200000,73.26,73.73,73.22,73.6,111479.33,2026-07-30 01:00:00
1785375000000,73.6,74.19,73.6,73.97,206582.36,2026-07-30 01:30:00
1785376800000,73.98,74.1,73.94,73.97,77938.18,2026-07-30 02:00:00
1785378600000,73.97,74.0,73.77,73.79,49207.85,2026-07-30 02:30:00
1785380400000,73.8,73.97,73.69,73.85,87319.88,2026-07-30 03:00:00
1785382200000,73.85,73.86,73.62,73.66,48961.47,2026-07-30 03:30:00
1785384000000,73.67,73.7,73.45,73.52,67354.71,2026-07-30 04:00:00
1785385800000,73.53,73.7,73.46,73.48,83690.59,2026-07-30 04:30:00
1785387600000,73.48,73.58,73.38,73.53,71419.79,2026-07-30 05:00:00
1785389400000,73.53,73.83,73.52,73.65,70837.03,2026-07-30 05:30:00
1785391200000,73.66,73.71,73.48,73.64,52566.01,2026-07-30 06:00:00
1785393000000,73.65,73.65,73.43,73.49,46243.57,2026-07-30 06:30:00
1785394800000,73.48,73.77,73.47,73.61,101528.52,2026-07-30 07:00:00
1785396600000,73.62,73.64,73.35,73.38,76341.37,2026-07-30 07:30:00
1785398400000,73.38,73.79,73.25,73.68,162462.15,2026-07-30 08:00:00
1785400200000,73.68,73.78,73.59,73.76,86949.09,2026-07-30 08:30:00
1785402000000,73.76,74.04,73.75,73.99,139067.22,2026-07-30 09:00:00
1785403800000,74.0,74.18,73.97,73.99,142375.41,2026-07-30 09:30:00
1785405600000,74.0,74.16,73.99,74.02,81318.55,2026-07-30 10:00:00
1785407400000,74.03,74.08,73.77,73.86,102320.09,2026-07-30 10:30:00
1785409200000,73.85,74.08,73.84,74.03,64037.79,2026-07-30 11:00:00
1785411000000,74.03,74.29,73.97,74.18,128406.6,2026-07-30 11:30:00
1785412800000,74.18,74.33,74.08,74.13,222315.04,2026-07-30 12:00:00
1785414600000,74.14,74.44,74.02,74.35,172960.02,2026-07-30 12:30:00
1785416400000,74.35,74.41,74.2,74.2,105516.75,2026-07-30 13:00:00
1785418200000,74.2,74.87,74.07,74.64,389137.54,2026-07-30 13:30:00
1785420000000,74.64,74.74,74.25,74.59,241522.76,2026-07-30 14:00:00
1785421800000,74.58,74.75,74.46,74.6,108941.66,2026-07-30 14:30:00
1785423600000,74.6,74.82,74.47,74.48,153124.48,2026-07-30 15:00:00
1785425400000,74.49,74.64,74.42,74.62,96487.51,2026-07-30 15:30:00
1785427200000,74.62,74.8,74.59,74.68,94804.03,2026-07-30 16:00:00
1785429000000,74.67,74.7,74.42,74.54,74211.14,2026-07-30 16:30:00
1785430800000,74.55,74.61,74.38,74.53,55868.65,2026-07-30 17:00:00
1785432600000,74.54,74.85,74.45,74.71,86708.13,2026-07-30 17:30:00
1785434400000,74.71,74.94,74.63,74.69,79315.24,2026-07-30 18:00:00
1785436200000,74.69,74.71,74.45,74.49,45755.14,2026-07-30 18:30:00
1785438000000,74.49,74.73,74.48,74.65,52167.81,2026-07-30 19:00:00
1785439800000,74.65,74.79,74.5,74.73,64523.44,2026-07-30 19:30:00
1785441600000,74.74,74.87,74.52,74.54,85182.5,2026-07-30 20:00:00
1785443400000,74.54,74.6,74.41,74.45,94606.68,2026-07-30 20:30:00
1785445200000,74.45,74.57,74.39,74.41,58449.43,2026-07-30 21:00:00
1785447000000,74.41,74.53,74.39,74.46,42389.59,2026-07-30 21:30:00
1785448800000,74.45,74.85,74.35,74.8,69790.09,2026-07-30 22:00:00
1785450600000,74.81,74.84,74.68,74.7,49319.72,2026-07-30 22:30:00
1785452400000,74.7,74.74,74.62,74.65,25063.45,2026-07-30 23:00:00
1785454200000,74.64,74.96,74.42,74.45,223004.65,2026-07-30 23:30:00
1785456000000,74.46,74.61,74.44,74.53,68501.14,2026-07-31 00:00:00
1785457800000,74.52,74.59,74.39,74.46,68165.37,2026-07-31 00:30:00
1785459600000,74.46,75.27,74.46,75.07,378853.66,2026-07-31 01:00:00
1785461400000,75.07,75.08,74.23,74.37,247694.55,2026-07-31 01:30:00
1785463200000,74.36,74.53,74.15,74.17,168219.76,2026-07-31 02:00:00
1785465000000,74.17,74.27,74.04,74.11,151609.59,2026-07-31 02:30:00
1785466800000,74.11,74.32,73.83,74.17,209296.27,2026-07-31 03:00:00
1785468600000,74.18,74.23,74.05,74.1,57196.12,2026-07-31 03:30:00
1785470400000,74.1,74.11,73.7,73.8,145049.59,2026-07-31 04:00:00
1785472200000,73.8,73.84,73.69,73.79,84780.08,2026-07-31 04:30:00
1785474000000,73.79,74.28,73.79,74.14,129640.23,2026-07-31 05:00:00
1785475800000,74.14,74.21,74.02,74.2,71562.15,2026-07-31 05:30:00
1785477600000,74.19,74.42,74.14,74.42,91316.98,2026-07-31 06:00:00
1785479400000,74.42,74.5,73.96,74.06,117287.64,2026-07-31 06:30:00
1785481200000,74.06,74.06,73.49,73.49,210482.02,2026-07-31 07:00:00
1785483000000,73.49,73.72,73.46,73.62,137701.33,2026-07-31 07:30:00
1785484800000,73.62,73.74,73.57,73.69,86876.92,2026-07-31 08:00:00
1785486600000,73.7,73.77,73.47,73.61,101760.95,2026-07-31 08:30:00
1785488400000,73.62,73.66,73.4,73.43,123861.76,2026-07-31 09:00:00
1785490200000,73.44,73.55,73.34,73.45,144944.93,2026-07-31 09:30:00
1785492000000,73.44,73.62,73.24,73.59,110297.88,2026-07-31 10:00:00
1785493800000,73.58,73.62,73.46,73.53,108026.74,2026-07-31 10:30:00
1785495600000,73.53,73.68,73.45,73.55,57225.94,2026-07-31 11:00:00
1785497400000,73.55,73.56,73.42,73.52,29619.19,2026-07-31 11:30:00
1785499200000,73.53,73.6,73.32,73.56,77690.99,2026-07-31 12:00:00
1785501000000,73.55,73.6,73.38,73.6,91271.97,2026-07-31 12:30:00
1785502800000,73.6,73.77,73.58,73.76,86161.28,2026-07-31 13:00:00
1785504600000,73.77,73.78,73.12,73.24,282800.75,2026-07-31 13:30:00
1785506400000,73.25,73.65,72.74,73.26,714944.4,2026-07-31 14:00:00
1785508200000,73.26,73.32,72.79,73.0,329574.01,2026-07-31 14:30:00
1785510000000,73.0,73.09,72.83,72.94,129192.34,2026-07-31 15:00:00
1785511800000,72.94,73.18,72.87,73.07,151009.2,2026-07-31 15:30:00
1785513600000,73.07,73.26,72.94,73.18,106616.96,2026-07-31 16:00:00
1785515400000,73.17,73.31,73.01,73.27,87423.89,2026-07-31 16:30:00
1785517200000,73.26,73.36,73.13,73.29,56649.42,2026-07-31 17:00:00
1785519000000,73.28,73.4,73.24,73.32,63431.24,2026-07-31 17:30:00
1785520800000,73.32,73.46,73.17,73.17,93477.03,2026-07-31 18:00:00
1785522600000,73.17,73.19,72.9,73.08,97260.87,2026-07-31 18:30:00
1785524400000,73.07,73.16,72.9,72.98,56505.0,2026-07-31 19:00:00
1785526200000,72.97,73.29,72.87,73.05,140790.9,2026-07-31 19:30:00
1785528000000,73.05,73.2,73.03,73.08,58924.27,2026-07-31 20:00:00
1785529800000,73.08,73.09,72.9,72.92,93703.32,2026-07-31 20:30:00
1785531600000,72.92,73.06,72.84,72.98,42153.53,2026-07-31 21:00:00
1785533400000,72.99,73.04,72.49,72.68,301911.11,2026-07-31 21:30:00
1785535200000,72.68,72.86,72.62,72.83,83487.95,2026-07-31 22:00:00
1785537000000,72.82,72.9,72.78,72.79,25548.75,2026-07-31 22:30:00
1785538800000,72.79,72.91,72.79,72.84,28577.49,2026-07-31 23:00:00
1785540600000,72.85,72.9,72.74,72.82,39449.06,2026-07-31 23:30:00
1785542400000,72.81,72.98,72.81,72.95,45616.41,2026-08-01 00:00:00
1785544200000,72.95,73.12,72.89,72.97,141473.79,2026-08-01 00:30:00
1785546000000,72.97,73.1,72.97,73.04,37188.53,2026-08-01 01:00:00
1785547800000,73.04,73.05,72.94,72.99,28474.3,2026-08-01 01:30:00
1785549600000,73.0,73.12,72.97,73.1,50886.44,2026-08-01 02:00:00
1785551400000,73.1,73.11,72.96,73.04,49438.87,2026-08-01 02:30:00
1785553200000,73.05,73.06,72.88,72.88,53741.69,2026-08-01 03:00:00
1785555000000,72.88,73.01,72.83,73.01,47246.2,2026-08-01 03:30:00
1785556800000,73.0,73.1,73.0,73.06,33166.79,2026-08-01 04:00:00
1785558600000,73.07,73.18,73.02,73.13,42661.08,2026-08-01 04:30:00
1785560400000,73.13,73.16,73.0,73.02,63342.58,2026-08-01 05:00:00
1785562200000,73.01,73.06,72.82,72.91,75282.2,2026-08-01 05:30:00
1785564000000,72.91,73.0,72.86,72.96,45793.27,2026-08-01 06:00:00
1785565800000,72.97,72.99,72.92,72.95,20931.48,2026-08-01 06:30:00
1785567600000,72.95,73.08,72.95,72.96,31785.43,2026-08-01 07:00:00
1785569400000,72.95,72.97,72.88,72.93,50776.59,2026-08-01 07:30:00
1785571200000,72.93,73.05,72.92,73.01,24778.02,2026-08-01 08:00:00
1785573000000,73.0,73.03,72.94,73.0,20740.64,2026-08-01 08:30:00
1785574800000,73.0,73.05,72.91,72.91,47008.03,2026-08-01 09:00:00
1785576600000,72.91,72.95,72.78,72.8,59065.94,2026-08-01 09:30:00
1785578400000,72.81,72.86,72.61,72.79,115135.05,2026-08-01 10:00:00
1785580200000,72.79,72.85,72.75,72.8,24265.92,2026-08-01 10:30:00
1785582000000,72.8,72.88,72.74,72.84,50482.8,2026-08-01 11:00:00
1785583800000,72.83,72.88,72.8,72.85,35048.65,2026-08-01 11:30:00
1785585600000,72.85,72.9,72.82,72.9,32300.18,2026-08-01 12:00:00
1785587400000,72.9,72.91,72.84,72.9,22132.92,2026-08-01 12:30:00
1785589200000,72.89,72.96,72.88,72.88,29172.33,2026-08-01 13:00:00
1785591000000,72.88,72.96,72.87,72.94,30143.57,2026-08-01 13:30:00
1785592800000,72.93,73.01,72.82,72.94,68511.05,2026-08-01 14:00:00
1785594600000,72.93,72.99,72.88,72.99,43478.35,2026-08-01 14:30:00
1785596400000,72.98,72.99,72.79,72.8,53435.54,2026-08-01 15:00:00
1785598200000,72.8,72.84,72.68,72.75,154238.78,2026-08-01 15:30:00
1785600000000,72.75,72.87,72.69,72.84,38492.26,2026-08-01 16:00:00
1785601800000,72.84,72.9,72.43,72.66,160977.08,2026-08-01 16:30:00
1785603600000,72.65,72.75,72.03,72.13,413214.81,2026-08-01 17:00:00
1785605400000,72.12,72.12,71.58,71.88,580681.73,2026-08-01 17:30:00
1785607200000,71.89,71.94,71.4,71.49,371961.91,2026-08-01 18:00:00
1785609000000,71.49,71.49,70.51,71.04,889999.86,2026-08-01 18:30:00
1785610800000,71.04,71.28,71.0,71.2,164638.33,2026-08-01 19:00:00
1785612600000,71.2,71.31,71.12,71.22,51365.52,2026-08-01 19:30:00
1785614400000,71.21,71.47,71.15,71.39,84299.36,2026-08-01 20:00:00
1785616200000,71.39,71.51,71.29,71.51,78828.67,2026-08-01 20:30:00
1785618000000,71.51,71.75,71.5,71.66,147642.51,2026-08-01 21:00:00
1785619800000,71.66,71.82,71.63,71.8,58709.52,2026-08-01 21:30:00
1785621600000,71.8,71.97,71.8,71.94,73785.24,2026-08-01 22:00:00
1785623400000,71.94,71.95,71.84,71.86,34322.96,2026-08-01 22:30:00
1785625200000,71.87,72.04,71.77,71.78,105773.13,2026-08-01 23:00:00
1785627000000,71.78,71.91,71.78,71.9,36512.14,2026-08-01 23:30:00
1785628800000,71.89,72.1,71.88,72.01,115796.69,2026-08-02 00:00:00
1785630600000,72.0,72.07,71.96,72.07,42707.08,2026-08-02 00:30:00
1785632400000,72.07,72.58,72.06,72.48,211084.71,2026-08-02 01:00:00
1785634200000,72.48,72.71,72.43,72.6,141487.49,2026-08-02 01:30:00
1785636000000,72.6,73.37,72.53,73.05,477430.79,2026-08-02 02:00:00
1785637800000,73.06,73.12,72.89,73.09,146070.12,2026-08-02 02:30:00
1785639600000,73.1,73.19,73.04,73.06,109711.69,2026-08-02 03:00:00
1785641400000,73.06,73.21,73.05,73.15,82531.83,2026-08-02 03:30:00
1785643200000,73.16,73.42,73.16,73.32,154213.47,2026-08-02 04:00:00
1785645000000,73.33,73.51,73.26,73.49,104407.61,2026-08-02 04:30:00
1785646800000,73.48,73.63,73.43,73.5,188050.45,2026-08-02 05:00:00
1785648600000,73.5,73.6,73.43,73.55,84664.58,2026-08-02 05:30:00
1785650400000,73.56,73.62,73.45,73.53,112419.53,2026-08-02 06:00:00
1785652200000,73.52,73.56,73.38,73.41,71472.49,2026-08-02 06:30:00
1785654000000,73.41,73.47,73.35,73.45,70126.82,2026-08-02 07:00:00
1785655800000,73.44,73.47,73.4,73.43,57464.08,2026-08-02 07:30:00
1785657600000,73.44,73.52,73.28,73.3,120848.3,2026-08-02 08:00:00
1785659400000,73.3,73.36,73.12,73.15,168360.08,2026-08-02 08:30:00
1785661200000,73.14,73.33,72.93,73.26,156600.43,2026-08-02 09:00:00
1785663000000,73.27,73.39,73.25,73.34,44144.73,2026-08-02 09:30:00
1785664800000,73.34,73.36,73.1,73.16,66996.77,2026-08-02 10:00:00
1785666600000,73.17,73.27,73.16,73.23,42101.79,2026-08-02 10:30:00
1785668400000,73.24,73.27,73.13,73.16,38278.32,2026-08-02 11:00:00
1785670200000,73.16,73.18,72.89,72.95,136969.31,2026-08-02 11:30:00
1785672000000,72.96,73.2,72.95,73.1,90936.05,2026-08-02 12:00:00
1785673800000,73.11,73.15,72.85,72.85,86782.97,2026-08-02 12:30:00
1785675600000,72.85,72.96,72.82,72.87,73925.57,2026-08-02 13:00:00
1785677400000,72.86,72.96,72.64,72.92,166386.46,2026-08-02 13:30:00
1785679200000,72.92,73.12,72.88,73.12,78285.08,2026-08-02 14:00:00
1785681000000,73.13,73.19,73.03,73.05,53051.45,2026-08-02 14:30:00
1785682800000,73.06,73.17,73.02,73.07,58112.82,2026-08-02 15:00:00
1785684600000,73.07,73.17,72.96,72.98,53014.3,2026-08-02 15:30:00
1785686400000,72.99,73.02,72.87,73.0,76499.01,2026-08-02 16:00:00
1785688200000,73.01,73.27,73.0,73.1,135180.36,2026-08-02 16:30:00
1785690000000,73.1,73.36,73.05,73.21,63004.48,2026-08-02 17:00:00
1785691800000,73.2,73.36,73.2,73.27,42978.12,2026-08-02 17:30:00
1785693600000,73.28,73.37,73.2,73.34,54575.38,2026-08-02 18:00:00
1785695400000,73.34,73.83,73.34,73.52,227686.92,2026-08-02 18:30:00
1785697200000,73.52,73.63,73.48,73.58,76512.03,2026-08-02 19:00:00
1785699000000,73.57,73.75,73.55,73.69,62284.55,2026-08-02 19:30:00
1785700800000,73.69,73.71,73.51,73.55,46862.26,2026-08-02 20:00:00
1785702600000,73.55,73.69,73.54,73.65,25129.24,2026-08-02 20:30:00
1785704400000,73.65,73.77,73.63,73.75,73933.67,2026-08-02 21:00:00
1785706200000,73.74,74.3,73.71,73.96,267517.53,2026-08-02 21:30:00
1785708000000,73.96,74.18,73.86,73.91,115177.37,2026-08-02 22:00:00
1785709800000,73.91,73.93,73.6,73.61,204735.66,2026-08-02 22:30:00
1785711600000,73.61,73.62,73.44,73.53,62349.87,2026-08-02 23:00:00
1785713400000,73.54,73.6,73.41,73.58,62264.02,2026-08-02 23:30:00
1785715200000,73.59,73.63,73.21,73.23,101097.46,2026-08-03 00:00:00
1785717000000,73.24,73.35,73.13,73.19,93601.63,2026-08-03 00:30:00
1785718800000,73.18,73.22,72.94,73.01,97425.2,2026-08-03 01:00:00
1785720600000,73.0,73.06,72.88,72.97,76760.32,2026-08-03 01:30:00
1785722400000,72.96,73.11,72.86,72.95,99858.5,2026-08-03 02:00:00
1785724200000,72.94,73.1,72.91,72.99,62022.52,2026-08-03 02:30:00
1785726000000,72.98,73.08,72.95,72.99,56244.59,2026-08-03 03:00:00
1785727800000,72.99,73.0,72.63,72.87,160732.56,2026-08-03 03:30:00
1785729600000,72.86,73.03,72.8,72.89,64996.44,2026-08-03 04:00:00
1785731400000,72.89,73.03,72.8,72.81,47216.88,2026-08-03 04:30:00
1785733200000,72.8,73.01,72.79,72.86,113262.98,2026-08-03 05:00:00
1785735000000,72.86,72.89,72.78,72.88,59007.54,2026-08-03 05:30:00
1785736800000,72.87,72.94,72.8,72.81,39017.3,2026-08-03 06:00:00
1785738600000,72.82,72.83,72.47,72.55,252177.08,2026-08-03 06:30:00
1785740400000,72.55,72.6,72.36,72.56,150700.78,2026-08-03 07:00:00
1785742200000,72.57,72.65,72.45,72.47,55644.75,2026-08-03 07:30:00
1785744000000,72.47,72.53,71.95,72.03,324488.36,2026-08-03 08:00:00
1785745800000,72.03,72.36,71.93,72.33,160356.9,2026-08-03 08:30:00
1785747600000,72.33,72.42,72.28,72.41,108358.59,2026-08-03 09:00:00
1785749400000,72.41,72.77,72.4,72.69,141453.76,2026-08-03 09:30:00
1785751200000,72.69,72.76,72.56,72.57,95309.48,2026-08-03 10:00:00
1785753000000,72.57,72.63,72.47,72.57,51281.0,2026-08-03 10:30:00
1785754800000,72.57,72.59,72.36,72.44,75951.18,2026-08-03 11:00:00
1785756600000,72.44,72.61,72.37,72.4,47127.59,2026-08-03 11:30:00
1785758400000,72.41,72.52,72.29,72.43,87603.35,2026-08-03 12:00:00
1785760200000,72.43,72.5,72.37,72.38,34016.51,2026-08-03 12:30:00
1785762000000,72.38,72.74,72.35,72.46,132975.7,2026-08-03 13:00:00
1785763800000,72.47,73.26,72.28,73.23,401853.85,2026-08-03 13:30:00
1785765600000,73.23,73.66,72.97,73.6,358856.56,2026-08-03 14:00:00
1785767400000,73.61,73.77,73.39,73.75,313495.39,2026-08-03 14:30:00
1785769200000,73.76,73.8,73.42,73.57,164897.99,2026-08-03 15:00:00
1785771000000,73.58,73.72,73.42,73.57,176513.47,2026-08-03 15:30:00
1785772800000,73.57,73.78,73.43,73.53,170854.07,2026-08-03 16:00:00
1785774600000,73.54,73.54,73.19,73.39,120123.66,2026-08-03 16:30:00
1785776400000,73.39,73.83,73.28,73.59,140485.05,2026-08-03 17:00:00
1785778200000,73.6,73.76,73.54,73.66,61342.85,2026-08-03 17:30:00
1785780000000,73.66,74.26,73.65,73.95,247882.65,2026-08-03 18:00:00
1785781800000,73.95,74.05,73.83,73.93,101430.59,2026-08-03 18:30:00
1785783600000,73.94,74.1,73.91,74.04,77531.2,2026-08-03 19:00:00
1785785400000,74.04,74.14,73.93,73.98,65919.59,2026-08-03 19:30:00
1785787200000,73.97,74.11,73.87,73.98,42635.02,2026-08-03 20:00:00
1785789000000,73.98,73.99,73.73,73.82,60967.07,2026-08-03 20:30:00
1785790800000,73.82,73.84,73.68,73.75,40569.67,2026-08-03 21:00:00
1785792600000,73.75,73.79,73.62,73.68,40008.96,2026-08-03 21:30:00
1785794400000,73.68,73.69,73.33,73.52,124628.15,2026-08-03 22:00:00
1785796200000,73.52,73.53,73.36,73.51,38428.1,2026-08-03 22:30:00
1785798000000,73.5,73.51,73.35,73.47,35324.61,2026-08-03 23:00:00
1785799800000,73.47,73.53,73.37,73.52,31971.88,2026-08-03 23:30:00
1785801600000,73.53,73.6,73.38,73.43,99283.45,2026-08-04 00:00:00
1785803400000,73.42,73.42,72.99,73.04,124215.59,2026-08-04 00:30:00
1785805200000,73.04,73.23,73.02,73.16,54470.66,2026-08-04 01:00:00
1785807000000,73.16,73.76,73.16,73.73,190029.04,2026-08-04 01:30:00
1785808800000,73.74,73.83,73.64,73.73,65302.41,2026-08-04 02:00:00
1785810600000,73.72,74.1,73.71,73.83,135386.05,2026-08-04 02:30:00
1785812400000,73.83,73.87,73.38,73.52,154302.93,2026-08-04 03:00:00
1785814200000,73.52,73.76,73.52,73.65,78130.32,2026-08-04 03:30:00
1785816000000,73.65,73.77,73.55,73.68,52986.41,2026-08-04 04:00:00
1785817800000,73.68,74.07,73.66,73.79,141486.81,2026-08-04 04:30:00
1785819600000,73.79,73.85,73.65,73.7,60730.48,2026-08-04 05:00:00
1785821400000,73.7,73.77,73.69,73.71,44348.17,2026-08-04 05:30:00
1785823200000,73.71,73.88,73.64,73.64,68056.9,2026-08-04 06:00:00
1785825000000,73.65,73.67,73.36,73.4,96497.05,2026-08-04 06:30:00
1785826800000,73.4,73.45,73.16,73.37,143462.7,2026-08-04 07:00:00
1785828600000,73.37,73.71,73.37,73.64,91759.22,2026-08-04 07:30:00
1785830400000,73.65,73.73,73.33,73.41,55289.78,2026-08-04 08:00:00
1785832200000,73.41,73.42,73.25,73.32,45659.31,2026-08-04 08:30:00
1785834000000,73.32,73.32,73.13,73.22,49904.42,2026-08-04 09:00:00
1785835800000,73.22,73.28,73.16,73.26,22408.96,2026-08-04 09:30:00
1785837600000,73.27,73.29,73.07,73.08,51305.08,2026-08-04 10:00:00
1785839400000,73.09,73.67,73.07,73.57,138325.2,2026-08-04 10:30:00
1785841200000,73.57,73.72,73.5,73.7,88409.3,2026-08-04 11:00:00
1785843000000,73.69,74.0,73.63,73.9,171340.88,2026-08-04 11:30:00
1785844800000,73.9,73.91,73.71,73.87,92643.09,2026-08-04 12:00:00
1785846600000,73.88,74.06,73.77,73.78,117444.59,2026-08-04 12:30:00
1785848400000,73.78,73.93,73.67,73.82,145934.45,2026-08-04 13:00:00
1785850200000,73.82,74.02,73.54,73.6,206631.4,2026-08-04 13:30:00
1785852000000,73.6,73.8,73.27,73.5,258816.1,2026-08-04 14:00:00
1785853800000,73.51,73.9,73.47,73.78,208648.85,2026-08-04 14:30:00
1785855600000,73.79,73.98,73.54,73.58,153627.44,2026-08-04 15:00:00
1785857400000,73.59,74.17,73.37,73.95,292651.06,2026-08-04 15:30:00
1785859200000,73.95,73.97,73.77,73.8,88963.55,2026-08-04 16:00:00
1785861000000,73.8,73.88,73.56,73.68,76299.45,2026-08-04 16:30:00
1785862800000,73.69,74.2,73.68,74.07,149989.21,2026-08-04 17:00:00
1785864600000,74.08,74.11,73.7,73.74,89302.44,2026-08-04 17:30:00
1785866400000,73.74,74.37,73.73,74.26,136284.44,2026-08-04 18:00:00
1785868200000,74.26,74.3,74.0,74.13,57396.88,2026-08-04 18:30:00
1785870000000,74.13,74.36,74.08,74.12,64364.12,2026-08-04 19:00:00
1785871800000,74.13,74.33,74.09,74.15,76544.92,2026-08-04 19:30:00
1785873600000,74.16,74.2,73.84,74.05,145280.76,2026-08-04 20:00:00
1785875400000,74.06,74.43,74.04,74.23,109287.53,2026-08-04 20:30:00
1785877200000,74.23,74.24,73.97,74.03,81231.2,2026-08-04 21:00:00
1785879000000,74.02,74.11,73.99,74.09,62779.32,2026-08-04 21:30:00
1785880800000,74.1,74.15,73.94,74.13,35949.61,2026-08-04 22:00:00
1785882600000,74.12,74.18,73.96,74.06,25804.34,2026-08-04 22:30:00
1785884400000,74.06,74.26,73.85,73.86,112911.37,2026-08-04 23:00:00
1785886200000,73.86,73.9,73.69,73.71,98355.51,2026-08-04 23:30:00
1785888000000,73.71,73.76,73.52,73.62,146369.93,2026-08-05 00:00:00
1785889800000,73.62,73.77,73.43,73.47,84365.14,2026-08-05 00:30:00
1785891600000,73.48,73.69,73.35,73.69,133182.29,2026-08-05 01:00:00
1785893400000,73.68,74.06,73.68,74.06,147892.86,2026-08-05 01:30:00
1785895200000,74.07,74.36,74.02,74.16,199006.37,2026-08-05 02:00:00
1785897000000,74.15,74.44,74.12,74.17,129889.08,2026-08-05 02:30:00
1785898800000,74.16,74.26,73.69,73.71,245313.49,2026-08-05 03:00:00
1785900600000,73.71,73.81,73.67,73.75,73891.42,2026-08-05 03:30:00
1785902400000,73.74,73.78,73.59,73.65,58936.34,2026-08-05 04:00:00
1785904200000,73.65,73.82,73.65,73.76,72339.49,2026-08-05 04:30:00
1785906000000,73.76,74.26,73.71,74.12,158565.02,2026-08-05 05:00:00
1785907800000,74.12,74.17,74.01,74.11,88532.39,2026-08-05 05:30:00
1785909600000,74.11,74.11,74.0,74.09,33526.29,2026-08-05 06:00:00
1785911400000,74.08,74.21,73.94,73.96,68317.35,2026-08-05 06:30:00
1785913200000,73.97,74.0,73.65,73.68,111448.88,2026-08-05 07:00:00
1785915000000,73.69,73.95,73.66,73.94,90090.0,2026-08-05 07:30:00
1785916800000,73.94,74.13,73.92,74.11,115229.1,2026-08-05 08:00:00
1785918600000,74.11,74.12,73.95,74.03,89157.24,2026-08-05 08:30:00
1785920400000,74.04,74.16,73.97,74.11,56486.56,2026-08-05 09:00:00
1785922200000,74.11,74.16,73.96,73.98,43058.44,2026-08-05 09:30:00
1785924000000,73.98,74.07,73.87,74.02,64214.55,2026-08-05 10:00:00
1785925800000,74.03,74.1,73.75,73.82,68626.18,2026-08-05 10:30:00
1785927600000,73.82,73.97,73.76,73.77,72469.99,2026-08-05 11:00:00
1785929400000,73.76,73.86,73.7,73.75,50506.99,2026-08-05 11:30:00
1785931200000,73.75,74.36,73.68,74.25,247853.45,2026-08-05 12:00:00
1785933000000,74.24,74.29,73.95,74.02,113232.12,2026-08-05 12:30:00
1785934800000,74.03,74.06,73.68,73.74,184927.21,2026-08-05 13:00:00
1785936600000,73.73,73.94,73.2,73.93,598572.64,2026-08-05 13:30:00
1785938400000,73.93,74.11,73.72,73.78,239032.68,2026-08-05 14:00:00
1785940200000,73.77,74.02,73.57,73.92,166169.18,2026-08-05 14:30:00
1785942000000,73.92,74.19,73.8,73.99,207788.24,2026-08-05 15:00:00
1785943800000,73.99,74.26,73.89,73.9,194620.4,2026-08-05 15:30:00
1785945600000,73.89,74.4,73.89,74.37,162786.1,2026-08-05 16:00:00
1785947400000,74.36,74.4,74.14,74.24,191723.09,2026-08-05 16:30:00
1785949200000,74.24,74.38,74.08,74.16,71382.59,2026-08-05 17:00:00
1785951000000,74.16,74.63,74.11,74.51,193583.5,2026-08-05 17:30:00
1785952800000,74.52,74.8,74.39,74.49,201060.18,2026-08-05 18:00:00
1785954600000,74.48,74.65,74.41,74.49,83113.72,2026-08-05 18:30:00
1785956400000,74.49,74.6,74.4,74.43,59280.34,2026-08-05 19:00:00
1785958200000,74.43,74.55,74.38,74.43,86578.37,2026-08-05 19:30:00
1785960000000,74.44,74.55,74.26,74.39,138578.79,2026-08-05 20:00:00
1785961800000,74.39,74.5,74.33,74.34,29558.52,2026-08-05 20:30:00
1785963600000,74.35,74.36,74.04,74.09,101900.04,2026-08-05 21:00:00
1785965400000,74.1,74.18,74.03,74.08,51375.62,2026-08-05 21:30:00
1785967200000,74.09,74.17,73.96,74.02,60740.86,2026-08-05 22:00:00
1785969000000,74.02,74.09,73.97,73.97,34789.51,2026-08-05 22:30:00
1785970800000,73.97,74.02,73.8,73.99,93943.08,2026-08-05 23:00:00
1785972600000,73.99,74.07,73.93,73.99,38145.13,2026-08-05 23:30:00
1785974400000,74.0,74.23,74.0,74.15,99263.28,2026-08-06 00:00:00
1785976200000,74.15,74.18,74.0,74.02,50405.51,2026-08-06 00:30:00
1785978000000,74.02,74.07,73.71,73.74,148613.18,2026-08-06 01:00:00
1785979800000,73.73,73.9,73.68,73.71,79533.49,2026-08-06 01:30:00
1785981600000,73.7,73.74,73.36,73.39,239786.92,2026-08-06 02:00:00
1785983400000,73.39,73.57,73.33,73.5,140150.77,2026-08-06 02:30:00
1785985200000,73.49,73.52,73.39,73.5,87742.29,2026-08-06 03:00:00
1785987000000,73.51,73.55,73.4,73.45,91494.14,2026-08-06 03:30:00
1785988800000,73.45,73.78,73.34,73.75,179896.52,2026-08-06 04:00:00
1785990600000,73.75,73.84,73.64,73.81,72063.45,2026-08-06 04:30:00
1785992400000,73.82,74.3,73.81,74.1,287211.83,2026-08-06 05:00:00
1785994200000,74.1,74.19,74.03,74.19,78411.32,2026-08-06 05:30:00
1785996000000,74.19,74.2,73.9,74.02,116510.76,2026-08-06 06:00:00
1785997800000,74.03,74.07,73.97,74.01,31604.51,2026-08-06 06:30:00
1785999600000,74.0,74.09,73.94,74.03,44331.4,2026-08-06 07:00:00
1786001400000,74.03,74.04,73.83,73.84,43710.17,2026-08-06 07:30:00
1786003200000,73.84,73.87,73.67,73.77,114863.26,2026-08-06 08:00:00
1786005000000,73.77,74.07,73.73,73.95,87512.26,2026-08-06 08:30:00
1786006800000,73.95,73.96,73.46,73.49,236481.32,2026-08-06 09:00:00
1786008600000,73.49,73.49,73.15,73.27,306504.47,2026-08-06 09:30:00
1786010400000,73.27,73.38,73.12,73.35,215067.83,2026-08-06 10:00:00
1786012200000,73.36,73.4,73.19,73.28,84076.17,2026-08-06 10:30:00
1786014000000,73.28,73.44,73.14,73.35,115040.63,2026-08-06 11:00:00
1786015800000,73.35,73.53,73.35,73.41,80858.63,2026-08-06 11:30:00
1786017600000,73.41,73.43,73.19,73.35,91617.96,2026-08-06 12:00:00
1786019400000,73.36,73.4,73.08,73.1,74574.82,2026-08-06 12:30:00
1786021200000,73.1,73.16,72.81,72.92,297422.22,2026-08-06 13:00:00
1786023000000,72.92,73.28,72.8,73.2,222590.73,2026-08-06 13:30:00
1786024800000,73.19,73.34,73.11,73.13,121617.51,2026-08-06 14:00:00
1786026600000,73.14,73.54,73.05,73.43,180414.71,2026-08-06 14:30:00
1786028400000,73.42,73.59,73.3,73.49,107929.97,2026-08-06 15:00:00
1786030200000,73.48,73.6,73.25,73.26,90139.86,2026-08-06 15:30:00
1786032000000,73.27,73.35,73.05,73.27,102697.47,2026-08-06 16:00:00
1786033800000,73.26,73.45,73.21,73.41,61011.49,2026-08-06 16:30:00
1786035600000,73.4,73.51,73.29,73.29,34867.78,2026-08-06 17:00:00
1786037400000,73.29,73.34,73.02,73.14,60179.32,2026-08-06 17:30:00
1786039200000,73.14,73.19,72.91,73.07,69213.49,2026-08-06 18:00:00
1786041000000,73.07,73.08,72.66,72.78,129689.43,2026-08-06 18:30:00
1786042800000,72.78,72.82,72.5,72.57,164154.63,2026-08-06 19:00:00
1786044600000,72.57,72.9,72.54,72.76,74668.05,2026-08-06 19:30:00
1786046400000,72.75,72.93,72.75,72.85,61471.7,2026-08-06 20:00:00
1786048200000,72.85,72.95,72.8,72.81,43727.13,2026-08-06 20:30:00
1786050000000,72.81,72.95,72.74,72.91,61780.63,2026-08-06 21:00:00
1786051800000,72.91,72.95,72.75,72.82,90389.23,2026-08-06 21:30:00
1786053600000,72.82,72.85,72.61,72.66,42816.43,2026-08-06 22:00:00
1786055400000,72.65,72.73,72.63,72.64,31825.25,2026-08-06 22:30:00
1786057200000,72.64,72.69,72.27,72.35,161883.09,2026-08-06 23:00:00
1786059000000,72.35,72.67,72.29,72.64,100626.76,2026-08-06 23:30:00
1786060800000,72.64,72.77,72.53,72.6,93620.07,2026-08-07 00:00:00
1786062600000,72.61,72.7,72.51,72.62,46367.46,2026-08-07 00:30:00
1786064400000,72.61,72.79,72.58,72.71,51938.38,2026-08-07 01:00:00
1786066200000,72.71,72.83,72.55,72.7,62558.3,2026-08-07 01:30:00
1786068000000,72.7,72.9,72.43,72.57,140645.76,2026-08-07 02:00:00
1786069800000,72.57,72.75,72.53,72.66,60152.5,2026-08-07 02:30:00
1786071600000,72.65,72.72,72.56,72.65,71768.94,2026-08-07 03:00:00
1786073400000,72.64,72.72,72.49,72.58,35301.13,2026-08-07 03:30:00
1786075200000,72.58,72.76,72.46,72.69,52957.48,2026-08-07 04:00:00
1786077000000,72.69,72.75,72.54,72.64,51988.25,2026-08-07 04:30:00
1786078800000,72.63,72.71,72.5,72.53,68846.47,2026-08-07 05:00:00
1786080600000,72.52,72.92,72.4,72.82,145010.98,2026-08-07 05:30:00
1786082400000,72.82,73.03,72.78,72.98,129187.23,2026-08-07 06:00:00
1786084200000,72.98,73.0,72.75,72.8,60890.94,2026-08-07 06:30:00
1786086000000,72.79,72.96,72.69,72.91,114305.02,2026-08-07 07:00:00
1786087800000,72.92,72.98,72.87,72.87,46126.25,2026-08-07 07:30:00
1786089600000,72.87,72.98,72.87,72.91,44228.86,2026-08-07 08:00:00
1786091400000,72.91,73.28,72.91,73.15,116805.97,2026-08-07 08:30:00
1786093200000,73.15,73.62,73.14,73.48,249680.16,2026-08-07 09:00:00
1786095000000,73.48,73.71,73.48,73.58,308879.95,2026-08-07 09:30:00
1786096800000,73.58,73.73,73.5,73.58,93506.42,2026-08-07 10:00:00
1786098600000,73.58,73.6,73.45,73.5,92599.07,2026-08-07 10:30:00
1786100400000,73.5,73.74,73.49,73.58,133194.27,2026-08-07 11:00:00
1786102200000,73.57,73.64,73.52,73.58,48845.7,2026-08-07 11:30:00
1786104000000,73.58,74.07,73.58,73.96,295541.75,2026-08-07 12:00:00
1786105800000,73.97,74.31,73.59,73.86,329369.18,2026-08-07 12:30:00
1786107600000,73.87,73.92,73.75,73.83,115290.86,2026-08-07 13:00:00
1786109400000,73.83,74.33,73.78,74.09,323010.37,2026-08-07 13:30:00
1786111200000,74.08,74.12,73.56,74.09,286323.84,2026-08-07 14:00:00
1786113000000,74.09,74.2,73.53,73.69,190827.65,2026-08-07 14:30:00
1786114800000,73.69,73.92,73.66,73.73,92145.32,2026-08-07 15:00:00
1786116600000,73.73,73.94,73.7,73.86,71309.7,2026-08-07 15:30:00
1786118400000,73.85,74.09,73.79,73.82,95788.03,2026-08-07 16:00:00
1786120200000,73.82,73.86,73.53,73.54,103080.06,2026-08-07 16:30:00
1786122000000,73.54,73.54,73.22,73.24,192578.38,2026-08-07 17:00:00
1786123800000,73.24,73.42,73.15,73.39,118332.99,2026-08-07 17:30:00
1786125600000,73.4,73.55,73.37,73.46,51259.98,2026-08-07 18:00:00
1786127400000,73.45,73.49,73.23,73.38,40102.56,2026-08-07 18:30:00
1786129200000,73.38,73.86,73.37,73.79,94786.24,2026-08-07 19:00:00
1786131000000,73.79,74.0,73.75,73.98,97812.46,2026-08-07 19:30:00
1786132800000,73.98,74.06,73.92,73.95,87483.98,2026-08-07 20:00:00
1786134600000,73.95,73.96,73.76,73.8,63612.69,2026-08-07 20:30:00
1786136400000,73.79,73.86,73.6,73.69,90681.34,2026-08-07 21:00:00
1786138200000,73.69,73.82,73.57,73.62,52252.57,2026-08-07 21:30:00
1786140000000,73.62,73.7,73.56,73.65,33805.77,2026-08-07 22:00:00
1786141800000,73.66,73.66,73.56,73.61,28238.83,2026-08-07 22:30:00
1786143600000,73.62,73.72,73.6,73.6,33552.42,2026-08-07 23:00:00
1786145400000,73.6,73.76,73.59,73.63,39761.04,2026-08-07 23:30:00
1786147200000,73.64,73.7,73.54,73.63,69603.4,2026-08-08 00:00:00
1786149000000,73.63,73.73,73.6,73.69,25050.23,2026-08-08 00:30:00
1786150800000,73.69,73.8,73.65,73.79,35478.47,2026-08-08 01:00:00
1786152600000,73.79,73.94,73.77,73.85,68380.93,2026-08-08 01:30:00
1786154400000,73.84,73.94,73.83,73.92,33914.99,2026-08-08 02:00:00
1786156200000,73.91,73.95,73.8,73.82,66942.95,2026-08-08 02:30:00
1786158000000,73.82,74.17,73.81,74.13,85329.56,2026-08-08 03:00:00
1786159800000,74.12,74.98,74.12,74.81,541948.44,2026-08-08 03:30:00
1786161600000,74.81,75.13,74.55,74.57,338986.0,2026-08-08 04:00:00
1786163400000,74.56,74.71,74.55,74.61,137380.24,2026-08-08 04:30:00
1786165200000,74.6,74.68,74.48,74.64,81466.89,2026-08-08 05:00:00
1786167000000,74.65,74.73,74.44,74.62,105477.06,2026-08-08 05:30:00
1786168800000,74.61,74.71,74.53,74.71,58297.83,2026-08-08 06:00:00
1786170600000,74.71,74.79,74.63,74.67,74056.32,2026-08-08 06:30:00
1786172400000,74.68,74.8,74.62,74.67,98092.84,2026-08-08 07:00:00
1786174200000,74.66,74.78,74.62,74.77,44873.82,2026-08-08 07:30:00
1786176000000,74.78,74.8,74.66,74.79,63509.12,2026-08-08 08:00:00
1786177800000,74.78,74.88,74.65,74.77,95663.12,2026-08-08 08:30:00
1786179600000,74.77,74.92,74.76,74.9,51655.35,2026-08-08 09:00:00
1786181400000,74.9,75.0,74.79,74.83,101465.96,2026-08-08 09:30:00
1786183200000,74.83,74.98,74.82,74.94,78223.9,2026-08-08 10:00:00
1786185000000,74.94,75.14,74.9,75.04,116934.57,2026-08-08 10:30:00
1786186800000,75.04,75.64,75.01,75.21,515198.67,2026-08-08 11:00:00
1786188600000,75.22,75.66,75.15,75.55,241288.55,2026-08-08 11:30:00
1786190400000,75.56,75.63,75.31,75.34,300028.31,2026-08-08 12:00:00
1786192200000,75.34,75.55,75.33,75.4,91886.73,2026-08-08 12:30:00
1786194000000,75.4,75.49,75.38,75.48,51260.23,2026-08-08 13:00:00
1786195800000,75.47,75.52,75.4,75.5,71276.38,2026-08-08 13:30:00
1786197600000,75.49,75.87,75.49,75.77,280953.94,2026-08-08 14:00:00
1786199400000,75.78,76.6,75.75,76.44,628257.32,2026-08-08 14:30:00
1786201200000,76.45,76.79,76.37,76.47,469524.58,2026-08-08 15:00:00
1786203000000,76.48,76.48,76.18,76.35,220204.57,2026-08-08 15:30:00
1786204800000,76.35,76.47,76.2,76.26,128678.8,2026-08-08 16:00:00
1786206600000,76.27,76.36,76.11,76.34,83147.43,2026-08-08 16:30:00
1786208400000,76.34,76.4,76.23,76.39,97275.62,2026-08-08 17:00:00
1786210200000,76.39,76.46,76.29,76.34,75228.29,2026-08-08 17:30:00
1786212000000,76.34,76.34,76.01,76.03,120312.64,2026-08-08 18:00:00
1786213800000,76.04,76.17,76.03,76.1,64454.7,2026-08-08 18:30:00
1786215600000,76.1,76.11,75.95,75.95,57036.21,2026-08-08 19:00:00
1786217400000,75.95,76.26,75.93,76.12,71194.28,2026-08-08 19:30:00
1786219200000,76.12,76.25,76.1,76.14,32256.52,2026-08-08 20:00:00
1786221000000,76.15,76.23,76.14,76.23,20952.24,2026-08-08 20:30:00
1786222800000,76.23,76.33,76.21,76.29,44089.75,2026-08-08 21:00:00
1786224600000,76.28,76.29,76.11,76.18,32004.57,2026-08-08 21:30:00
1786226400000,76.17,76.25,76.14,76.2,37954.94,2026-08-08 22:00:00
1786228200000,76.2,76.22,75.81,75.87,205522.36,2026-08-08 22:30:00
1786230000000,75.87,75.89,75.73,75.85,138535.9,2026-08-08 23:00:00
1786231800000,75.85,76.06,75.84,75.98,63491.5,2026-08-08 23:30:00
1786233600000,75.97,76.03,75.86,75.89,69276.9,2026-08-09 00:00:00
1786235400000,75.88,75.98,75.81,75.98,53056.93,2026-08-09 00:30:00
1786237200000,75.98,76.06,75.72,75.73,88639.1,2026-08-09 01:00:00
1786239000000,75.73,75.9,75.67,75.83,68776.72,2026-08-09 01:30:00
1786240800000,75.83,75.91,75.75,75.89,36058.35,2026-08-09 02:00:00
1786242600000,75.89,75.96,75.77,75.83,93904.92,2026-08-09 02:30:00
1786244400000,75.83,75.98,75.72,75.95,94759.86,2026-08-09 03:00:00
1786246200000,75.95,76.02,75.93,75.95,67259.47,2026-08-09 03:30:00
1786248000000,75.95,76.09,75.93,76.04,56057.11,2026-08-09 04:00:00
1786249800000,76.03,76.04,75.91,75.93,34212.17,2026-08-09 04:30:00
1786251600000,75.94,75.98,75.9,75.9,24900.69,2026-08-09 05:00:00
1786253400000,75.9,75.99,75.84,75.96,45813.3,2026-08-09 05:30:00
1786255200000,75.97,76.27,75.92,76.21,85757.47,2026-08-09 06:00:00
1786257000000,76.2,76.46,76.2,76.37,180924.39,2026-08-09 06:30:00
1786258800000,76.38,76.45,76.27,76.33,107986.57,2026-08-09 07:00:00
1786260600000,76.33,76.33,76.19,76.32,87190.82,2026-08-09 07:30:00
1786262400000,76.32,76.54,76.28,76.34,91666.34,2026-08-09 08:00:00
1786264200000,76.35,76.41,76.07,76.27,165047.47,2026-08-09 08:30:00
1786266000000,76.28,76.43,76.22,76.23,100927.43,2026-08-09 09:00:00
1786267800000,76.22,76.58,76.21,76.42,199887.12,2026-08-09 09:30:00
1786269600000,76.42,76.63,76.39,76.48,105885.55,2026-08-09 10:00:00
1786271400000,76.49,76.51,76.33,76.34,63149.8,2026-08-09 10:30:00
1786273200000,76.35,76.45,76.3,76.43,63640.16,2026-08-09 11:00:00
1786275000000,76.42,76.51,76.39,76.46,38664.1,2026-08-09 11:30:00
1786276800000,76.47,76.57,76.38,76.39,92859.3,2026-08-09 12:00:00
1786278600000,76.39,76.39,76.27,76.32,68008.41,2026-08-09 12:30:00
1786280400000,76.33,76.87,76.31,76.68,231176.88,2026-08-09 13:00:00
1786282200000,76.69,76.72,76.53,76.53,78739.06,2026-08-09 13:30:00
1786284000000,76.54,76.69,76.53,76.65,66762.35,2026-08-09 14:00:00
1786285800000,76.65,77.08,76.63,77.0,348824.63,2026-08-09 14:30:00
1786287600000,77.0,77.04,76.81,76.89,146680.55,2026-08-09 15:00:00
1786289400000,76.89,77.44,76.87,77.39,532492.32,2026-08-09 15:30:00
1786291200000,77.38,77.55,77.04,77.04,354525.82,2026-08-09 16:00:00
1786293000000,77.05,77.32,77.04,77.28,107484.35,2026-08-09 16:30:00
1786294800000,77.29,77.3,77.17,77.23,53863.74,2026-08-09 17:00:00
1786296600000,77.22,77.29,77.09,77.14,78100.67,2026-08-09 17:30:00
1786298400000,77.13,77.19,77.03,77.14,51438.44,2026-08-09 18:00:00
1786300200000,77.14,77.21,77.07,77.17,26588.72,2026-08-09 18:30:00
1786302000000,77.17,77.26,77.09,77.23,39092.71,2026-08-09 19:00:00
1786303800000,77.23,77.32,77.19,77.19,59462.46,2026-08-09 19:30:00
1786305600000,77.19,77.2,77.03,77.16,43781.15,2026-08-09 20:00:00
1786307400000,77.17,77.25,77.16,77.22,28065.19,2026-08-09 20:30:00
1786309200000,77.23,77.34,77.11,77.33,27487.72,2026-08-09 21:00:00
1786311000000,77.34,77.47,77.29,77.31,70911.46,2026-08-09 21:30:00
1786312800000,77.32,77.84,77.32,77.39,216993.71,2026-08-09 22:00:00
1786314600000,77.39,77.44,76.59,76.76,359676.15,2026-08-09 22:30:00
1786316400000,76.76,76.89,76.31,76.37,237636.99,2026-08-09 23:00:00
1786318200000,76.38,76.48,76.16,76.24,426008.09,2026-08-09 23:30:00
1786320000000,76.23,77.03,76.2,76.54,413411.65,2026-08-10 00:00:00
1786321800000,76.54,76.64,76.26,76.5,160438.26,2026-08-10 00:30:00
1786323600000,76.51,76.81,76.42,76.57,96590.74,2026-08-10 01:00:00
1786325400000,76.57,77.14,76.36,76.88,195620.1,2026-08-10 01:30:00
1786327200000,76.88,76.9,76.39,76.48,133908.94,2026-08-10 02:00:00
1786329000000,76.49,76.89,76.48,76.79,83494.52,2026-08-10 02:30:00
1786330800000,76.78,76.9,76.32,76.68,184219.15,2026-08-10 03:00:00
1786332600000,76.68,76.81,76.53,76.59,61304.92,2026-08-10 03:30:00
1786334400000,76.6,76.72,76.57,76.59,56601.03,2026-08-10 04:00:00
1786336200000,76.59,76.64,76.4,76.51,64689.35,2026-08-10 04:30:00
1786338000000,76.51,76.74,76.5,76.73,48420.08,2026-08-10 05:00:00
1786339800000,76.73,76.93,76.68,76.84,104099.46,2026-08-10 05:30:00
1786341600000,76.85,77.05,76.78,76.87,148272.19,2026-08-10 06:00:00
1786343400000,76.86,76.99,76.86,76.96,71434.43,2026-08-10 06:30:00
1786345200000,76.95,76.99,76.8,76.96,55242.1,2026-08-10 07:00:00
1786347000000,76.95,77.1,76.88,76.95,117274.26,2026-08-10 07:30:00
1786348800000,76.95,77.12,76.83,76.94,121552.81,2026-08-10 08:00:00
1786350600000,76.93,76.96,76.64,76.92,115952.4,2026-08-10 08:30:00
1786352400000,76.92,76.99,76.8,76.8,56806.36,2026-08-10 09:00:00
1786354200000,76.79,76.79,76.51,76.52,171932.72,2026-08-10 09:30:00
1786356000000,76.53,76.67,76.5,76.62,80143.07,2026-08-10 10:00:00
1786357800000,76.62,76.86,76.56,76.78,98880.3,2026-08-10 10:30:00
1786359600000,76.79,76.87,76.63,76.84,64344.67,2026-08-10 11:00:00
1786361400000,76.84,77.02,76.8,77.01,65904.1,2026-08-10 11:30:00
1786363200000,77.01,77.1,76.82,76.83,237222.51,2026-08-10 12:00:00
1786365000000,76.84,76.84,76.56,76.59,133438.25,2026-08-10 12:30:00
1786366800000,76.6,76.73,76.55,76.66,110234.37,2026-08-10 13:00:00
1786368600000,76.66,76.67,76.08,76.28,440009.37,2026-08-10 13:30:00
1786370400000,76.27,76.66,76.24,76.6,172436.67,2026-08-10 14:00:00
1786372200000,76.6,76.65,76.2,76.23,136155.24,2026-08-10 14:30:00
1786374000000,76.22,76.39,75.77,75.98,475556.17,2026-08-10 15:00:00
1786375800000,75.98,76.13,75.82,75.92,215259.92,2026-08-10 15:30:00
1786377600000,75.91,76.07,75.53,75.71,292047.39,2026-08-10 16:00:00
1786379400000,75.71,75.97,75.57,75.68,172434.61,2026-08-10 16:30:00
1786381200000,75.68,76.03,75.58,75.91,122333.7,2026-08-10 17:00:00
1786383000000,75.91,76.08,75.89,75.94,68221.49,2026-08-10 17:30:00
1786384800000,75.94,76.03,75.89,75.93,45661.41,2026-08-10 18:00:00
1786386600000,75.93,75.96,75.68,75.79,74520.48,2026-08-10 18:30:00
1786388400000,75.78,76.08,75.77,76.07,90232.01,2026-08-10 19:00:00
1786390200000,76.08,76.24,76.06,76.15,87411.28,2026-08-10 19:30:00
1786392000000,76.16,76.32,76.13,76.3,59383.56,2026-08-10 20:00:00
1786393800000,76.3,76.48,76.28,76.4,63028.83,2026-08-10 20:30:00
1786395600000,76.39,76.44,76.27,76.4,37416.36,2026-08-10 21:00:00
1786397400000,76.4,76.46,76.25,76.27,42547.71,2026-08-10 21:30:00
1786399200000,76.26,76.35,76.06,76.16,71290.45,2026-08-10 22:00:00
1786401000000,76.16,76.2,75.99,76.19,63787.89,2026-08-10 22:30:00
1786402800000,76.18,76.19,76.0,76.08,44298.24,2026-08-10 23:00:00
1786404600000,76.08,76.1,75.94,75.96,46993.27,2026-08-10 23:30:00
1786406400000,75.95,76.0,75.72,76.0,143613.42,2026-08-11 00:00:00
1786408200000,76.0,76.02,75.82,75.87,58733.22,2026-08-11 00:30:00
1786410000000,75.86,75.96,75.67,75.92,103004.16,2026-08-11 01:00:00
1786411800000,75.92,76.08,75.75,76.07,50990.29,2026-08-11 01:30:00
1786413600000,76.07,76.11,75.95,75.98,56271.79,2026-08-11 02:00:00
1786415400000,75.97,76.09,75.95,76.0,30246.26,2026-08-11 02:30:00
1786417200000,76.0,76.22,76.0,76.16,79849.25,2026-08-11 03:00:00
1786419000000,76.15,76.16,76.03,76.03,44883.55,2026-08-11 03:30:00
1786420800000,76.04,76.15,76.03,76.09,32851.73,2026-08-11 04:00:00
1786422600000,76.1,76.19,76.03,76.04,35830.06,2026-08-11 04:30:00
1786424400000,76.04,76.05,75.74,75.78,87853.01,2026-08-11 05:00:00
1786426200000,75.77,75.93,75.75,75.77,83592.77,2026-08-11 05:30:00
1786428000000,75.77,76.01,75.68,75.95,133418.91,2026-08-11 06:00:00
1786429800000,75.94,75.97,75.61,75.78,178034.37,2026-08-11 06:30:00
1786431600000,75.77,75.83,75.38,75.4,223705.18,2026-08-11 07:00:00
1786433400000,75.4,75.72,75.39,75.66,118080.36,2026-08-11 07:30:00
1786435200000,75.65,75.73,75.58,75.68,79258.53,2026-08-11 08:00:00
1786437000000,75.68,75.94,75.68,75.89,94557.55,2026-08-11 08:30:00
1786438800000,75.9,75.91,75.67,75.74,105152.43,2026-08-11 09:00:00
1786440600000,75.73,75.85,75.63,75.85,68175.88,2026-08-11 09:30:00
1786442400000,75.85,75.95,75.72,75.93,71536.3,2026-08-11 10:00:00
1786444200000,75.94,76.03,75.78,75.9,104210.3,2026-08-11 10:30:00
1786446000000,75.91,76.32,75.9,76.1,196685.2,2026-08-11 11:00:00
1786447800000,76.09,76.19,76.06,76.17,37055.46,2026-08-11 11:30:00
1786449600000,76.17,76.21,75.77,75.83,134122.52,2026-08-11 12:00:00
1786451400000,75.83,75.9,75.75,75.81,90287.23,2026-08-11 12:30:00
1786453200000,75.81,76.0,75.69,75.85,115625.48,2026-08-11 13:00:00
1786455000000,75.84,76.06,75.68,75.97,161602.41,2026-08-11 13:30:00
1786456800000,75.96,76.11,75.52,75.59,202941.81,2026-08-11 14:00:00
1786458600000,75.59,75.62,75.04,75.16,378436.71,2026-08-11 14:30:00
1786460400000,75.16,75.38,75.05,75.32,222324.28,2026-08-11 15:00:00
1786462200000,75.32,75.34,74.58,74.88,453919.49,2026-08-11 15:30:00
1786464000000,74.88,75.05,74.75,74.93,159081.75,2026-08-11 16:00:00
1786465800000,74.94,74.99,74.82,74.88,58241.08,2026-08-11 16:30:00
1786467600000,74.88,75.05,74.88,75.04,67723.02,2026-08-11 17:00:00
1786469400000,75.03,75.18,74.93,75.13,89136.9,2026-08-11 17:30:00
1786471200000,75.12,75.3,75.11,75.17,81888.57,2026-08-11 18:00:00
1786473000000,75.17,75.27,75.04,75.22,71530.59,2026-08-11 18:30:00
1786474800000,75.22,75.26,75.01,75.24,52989.32,2026-08-11 19:00:00
1786476600000,75.24,75.67,75.24,75.61,155369.51,2026-08-11 19:30:00
1786478400000,75.61,76.2,75.6,76.03,332684.32,2026-08-11 20:00:00
1786480200000,76.04,76.14,75.83,76.0,75687.05,2026-08-11 20:30:00
1786482000000,76.01,76.15,75.97,76.01,69820.06,2026-08-11 21:00:00
1786483800000,76.0,76.4,75.95,76.39,128531.9,2026-08-11 21:30:00
1786485600000,76.4,76.64,76.32,76.38,174931.03,2026-08-11 22:00:00
1786487400000,76.39,76.44,76.21,76.37,78909.35,2026-08-11 22:30:00
1786489200000,76.37,76.37,76.15,76.24,76119.01,2026-08-11 23:00:00
1786491000000,76.23,76.29,76.15,76.26,75639.77,2026-08-11 23:30:00
1786492800000,76.26,76.29,76.18,76.22,55446.21,2026-08-12 00:00:00
1786494600000,76.22,76.33,76.2,76.33,48528.62,2026-08-12 00:30:00
1786496400000,76.33,76.48,76.29,76.31,94985.15,2026-08-12 01:00:00
1786498200000,76.31,76.55,76.25,76.39,111374.55,2026-08-12 01:30:00
1786500000000,76.39,76.54,76.38,76.52,87937.09,2026-08-12 02:00:00
1786501800000,76.52,76.57,76.38,76.39,101359.86,2026-08-12 02:30:00
1786503600000,76.39,76.5,76.23,76.26,85073.85,2026-08-12 03:00:00
1786505400000,76.26,76.45,76.22,76.38,87821.98,2026-08-12 03:30:00
1786507200000,76.39,76.55,76.32,76.33,57794.77,2026-08-12 04:00:00
1786509000000,76.33,76.36,76.24,76.27,39378.31,2026-08-12 04:30:00
1786510800000,76.26,76.34,76.1,76.25,129467.59,2026-08-12 05:00:00
1786512600000,76.26,76.32,76.22,76.28,49927.22,2026-08-12 05:30:00
1786514400000,76.28,76.32,76.11,76.13,75716.68,2026-08-12 06:00:00
1786516200000,76.13,76.13,75.93,76.02,114719.69,2026-08-12 06:30:00
1786518000000,76.01,76.13,75.99,76.0,59638.7,2026-08-12 07:00:00
1786519800000,76.0,76.24,75.91,76.22,83442.51,2026-08-12 07:30:00
1786521600000,76.23,76.43,76.18,76.38,153004.75,2026-08-12 08:00:00
1786523400000,76.37,76.37,76.11,76.13,100678.14,2026-08-12 08:30:00
1786525200000,76.13,76.73,76.08,76.72,213472.87,2026-08-12 09:00:00
1786527000000,76.73,76.86,76.64,76.69,179117.2,2026-08-12 09:30:00
1786528800000,76.7,76.83,76.6,76.69,311670.88,2026-08-12 10:00:00
1786530600000,76.69,76.78,76.66,76.71,69325.37,2026-08-12 10:30:00
1786532400000,76.72,76.81,76.65,76.77,92489.85,2026-08-12 11:00:00
1786534200000,76.78,76.81,76.65,76.79,60608.13,2026-08-12 11:30:00
1786536000000,76.79,77.25,76.79,77.13,380701.26,2026-08-12 12:00:00
1786537800000,77.12,77.3,76.33,76.6,549818.56,2026-08-12 12:30:00
1786539600000,76.61,76.63,76.34,76.41,164055.87,2026-08-12 13:00:00
1786541400000,76.41,76.44,76.01,76.19,254139.76,2026-08-12 13:30:00
1786543200000,76.19,76.21,75.68,75.74,396721.89,2026-08-12 14:00:00
1786545000000,75.73,75.82,75.37,75.42,293883.89,2026-08-12 14:30:00
1786546800000,75.42,75.84,75.33,75.69,174837.44,2026-08-12 15:00:00
1786548600000,75.7,75.8,75.58,75.72,79613.75,2026-08-12 15:30:00
1786550400000,75.71,75.81,75.6,75.73,85035.39,2026-08-12 16:00:00
1786552200000,75.73,75.74,75.52,75.65,54983.88,2026-08-12 16:30:00
1786554000000,75.65,75.79,75.63,75.78,43633.82,2026-08-12 17:00:00
1786555800000,75.78,76.02,75.7,75.88,83560.86,2026-08-12 17:30:00
1786557600000,75.87,75.99,75.84,75.93,48545.49,2026-08-12 18:00:00
1786559400000,75.94,76.07,75.79,75.85,47899.87,2026-08-12 18:30:00
1786561200000,75.84,75.96,75.69,75.81,51212.75,2026-08-12 19:00:00
1786563000000,75.81,75.82,75.55,75.73,56536.69,2026-08-12 19:30:00
1786564800000,75.72,75.85,75.69,75.83,48833.94,2026-08-12 20:00:00
1786566600000,75.83,75.98,75.83,75.89,43529.2,2026-08-12 20:30:00
1786568400000,75.9,75.98,75.4,75.49,113071.41,2026-08-12 21:00:00
1786570200000,75.49,75.65,75.4,75.42,85205.67,2026-08-12 21:30:00
1786572000000,75.42,75.63,75.3,75.55,125700.87,2026-08-12 22:00:00
1786573800000,75.54,75.54,75.37,75.48,50403.52,2026-08-12 22:30:00
1786575600000,75.48,75.54,75.34,75.45,88469.49,2026-08-12 23:00:00
1786577400000,75.46,75.61,75.44,75.58,52359.83,2026-08-12 23:30:00
1786579200000,75.58,75.85,75.55,75.77,78958.68,2026-08-13 00:00:00
1786581000000,75.76,75.77,75.51,75.57,65827.73,2026-08-13 00:30:00
1786582800000,75.58,75.72,75.43,75.5,76275.38,2026-08-13 01:00:00
1786584600000,75.5,75.77,75.48,75.59,65953.92,2026-08-13 01:30:00
1786586400000,75.59,75.66,75.52,75.63,46081.8,2026-08-13 02:00:00
1786588200000,75.64,75.94,75.48,75.94,156895.57,2026-08-13 02:30:00
1786590000000,75.93,76.22,75.91,76.18,178730.1,2026-08-13 03:00:00
1786591800000,76.18,76.27,76.12,76.21,145109.69,2026-08-13 03:30:00
1786593600000,76.21,76.24,75.98,76.04,92718.56,2026-08-13 04:00:00
1786595400000,76.03,76.16,76.03,76.08,58303.05,2026-08-13 04:30:00
1786597200000,76.08,76.34,76.04,76.34,117353.18,2026-08-13 05:00:00
1786599000000,76.34,76.59,76.25,76.48,194224.4,2026-08-13 05:30:00
1786600800000,76.48,76.5,76.37,76.4,103411.67,2026-08-13 06:00:00
1786602600000,76.4,76.49,76.27,76.49,92304.46,2026-08-13 06:30:00
1786604400000,76.49,76.49,76.35,76.45,66250.11,2026-08-13 07:00:00
1786606200000,76.45,76.47,76.35,76.41,53775.86,2026-08-13 07:30:00
1786608000000,76.41,76.45,76.2,76.21,80788.43,2026-08-13 08:00:00
1786609800000,76.21,76.23,76.13,76.17,67947.13,2026-08-13 08:30:00
1786611600000,76.17,76.17,75.83,75.96,148757.01,2026-08-13 09:00:00
1786613400000,75.96,76.14,75.89,76.12,115194.18,2026-08-13 09:30:00
1786615200000,76.12,76.14,75.8,75.81,172216.01,2026-08-13 10:00:00
1786617000000,75.8,75.81,75.65,75.71,124674.24,2026-08-13 10:30:00
1786618800000,75.7,75.72,75.52,75.56,120928.0,2026-08-13 11:00:00
1786620600000,75.57,75.68,75.51,75.61,102979.53,2026-08-13 11:30:00
1786622400000,75.6,75.88,75.58,75.82,125315.14,2026-08-13 12:00:00
1786624200000,75.83,76.1,75.72,76.08,169857.71,2026-08-13 12:30:00
1786626000000,76.08,76.18,75.99,76.03,109882.97,2026-08-13 13:00:00
1786627800000,76.02,76.33,76.0,76.16,130345.62,2026-08-13 13:30:00
1786629600000,76.15,76.42,76.09,76.24,117980.83,2026-08-13 14:00:00
1786631400000,76.24,76.55,76.2,76.42,206422.82,2026-08-13 14:30:00
1786633200000,76.42,76.5,75.92,76.03,159944.85,2026-08-13 15:00:00
1786635000000,76.03,76.16,75.59,75.6,196192.07,2026-08-13 15:30:00
1786636800000,75.6,75.84,75.49,75.62,302212.23,2026-08-13 16:00:00
1786638600000,75.62,75.67,75.06,75.55,497275.85,2026-08-13 16:30:00
1786640400000,75.55,75.85,75.5,75.77,188993.68,2026-08-13 17:00:00
1786642200000,75.78,75.9,75.71,75.72,69629.09,2026-08-13 17:30:00
1786644000000,75.72,75.92,75.69,75.71,46657.85,2026-08-13 18:00:00
1786645800000,75.71,76.07,75.64,75.97,73481.73,2026-08-13 18:30:00
1786647600000,75.98,76.25,75.93,76.09,116329.56,2026-08-13 19:00:00
1786649400000,76.09,76.16,76.02,76.16,68748.86,2026-08-13 19:30:00
1786651200000,76.15,76.3,76.1,76.22,88532.26,2026-08-13 20:00:00
1786653000000,76.23,76.3,76.13,76.19,52482.96,2026-08-13 20:30:00
1786654800000,76.19,76.27,76.12,76.14,26604.24,2026-08-13 21:00:00
1786656600000,76.14,76.22,76.07,76.17,47754.1,2026-08-13 21:30:00
1786658400000,76.17,76.41,76.16,76.38,88880.26,2026-08-13 22:00:00
1786660200000,76.38,76.39,76.2,76.2,24153.35,2026-08-13 22:30:00
1786662000000,76.2,76.21,76.11,76.2,39634.49,2026-08-13 23:00:00
1786663800000,76.2,76.27,76.17,76.23,33812.99,2026-08-13 23:30:00
1786665600000,76.23,76.29,76.06,76.07,59151.01,2026-08-14 00:00:00
1786667400000,76.06,76.17,75.95,76.06,80361.96,2026-08-14 00:30:00
1786669200000,76.05,76.08,75.87,75.96,57675.44,2026-08-14 01:00:00
1786671000000,75.96,76.15,75.93,76.05,31524.33,2026-08-14 01:30:00
1786672800000,76.06,76.18,75.95,76.0,50565.87,2026-08-14 02:00:00
1786674600000,76.01,76.14,75.97,76.0,31717.63,2026-08-14 02:30:00
1786676400000,75.99,76.03,75.76,75.94,69734.13,2026-08-14 03:00:00
1786678200000,75.94,75.95,75.7,75.73,87645.51,2026-08-14 03:30:00
1786680000000,75.72,76.0,75.7,75.91,65600.51,2026-08-14 04:00:00
1786681800000,75.9,75.92,75.79,75.8,26493.86,2026-08-14 04:30:00
1786683600000,75.8,75.88,75.76,75.85,43201.67,2026-08-14 05:00:00
1786685400000,75.84,75.96,75.82,75.88,38283.83,2026-08-14 05:30:00
1786687200000,75.88,75.89,75.57,75.58,73381.66,2026-08-14 06:00:00
1786689000000,75.58,75.67,75.49,75.5,129728.16,2026-08-14 06:30:00
1786690800000,75.5,75.69,75.45,75.65,95634.3,2026-08-14 07:00:00
1786692600000,75.66,75.66,75.51,75.53,54279.92,2026-08-14 07:30:00
1786694400000,75.53,75.69,75.52,75.63,68499.17,2026-08-14 08:00:00
1786696200000,75.62,75.84,75.6,75.83,73504.93,2026-08-14 08:30:00
1786698000000,75.83,75.84,75.65,75.66,67670.08,2026-08-14 09:00:00
1786699800000,75.66,75.67,75.37,75.45,177741.49,2026-08-14 09:30:00
1786701600000,75.46,75.61,75.4,75.49,85055.01,2026-08-14 10:00:00
1786703400000,75.48,75.53,75.3,75.36,125780.7,2026-08-14 10:30:00
1786705200000,75.35,75.56,75.35,75.49,75954.72,2026-08-14 11:00:00
1786707000000,75.5,75.56,75.45,75.5,31318.24,2026-08-14 11:30:00
1786708800000,75.5,75.54,75.29,75.51,83246.58,2026-08-14 12:00:00
1786710600000,75.51,75.56,75.34,75.42,33951.79,2026-08-14 12:30:00
1786712400000,75.43,75.44,75.25,75.33,82021.1,2026-08-14 13:00:00
1786714200000,75.32,75.39,75.19,75.32,115869.89,2026-08-14 13:30:00
1786716000000,75.33,75.38,75.01,75.19,181503.52,2026-08-14 14:00:00
1786717800000,75.2,75.36,75.12,75.22,105168.17,2026-08-14 14:30:00
1786719600000,75.22,75.53,75.14,75.53,86140.5,2026-08-14 15:00:00
1786721400000,75.53,75.72,75.38,75.61,140513.76,2026-08-14 15:30:00
1786723200000,75.6,75.66,75.5,75.52,74839.71,2026-08-14 16:00:00
1786725000000,75.53,75.65,75.4,75.43,102790.26,2026-08-14 16:30:00
1786726800000,75.43,75.63,75.4,75.56,39197.23,2026-08-14 17:00:00
1786728600000,75.56,75.61,75.11,75.25,111440.7,2026-08-14 17:30:00
1786730400000,75.25,75.26,74.92,75.13,219087.01,2026-08-14 18:00:00
1786732200000,75.12,75.16,74.88,74.92,112096.94,2026-08-14 18:30:00
1786734000000,74.92,74.92,74.62,74.79,247988.26,2026-08-14 19:00:00
1786735800000,74.79,75.05,74.74,74.96,124279.91,2026-08-14 19:30:00
1786737600000,74.95,75.17,74.92,75.15,85766.14,2026-08-14 20:00:00
1786739400000,75.16,75.2,75.07,75.1,37443.34,2026-08-14 20:30:00
1786741200000,75.11,75.2,75.04,75.17,33242.32,2026-08-14 21:00:00
1786743000000,75.17,75.18,75.06,75.14,30915.41,2026-08-14 21:30:00
1786744800000,75.15,75.24,74.93,74.94,57792.21,2026-08-14 22:00:00
1786746600000,74.94,75.18,74.94,75.15,37832.45,2026-08-14 22:30:00
1786748400000,75.15,75.3,75.11,75.29,28368.79,2026-08-14 23:00:00
1786750200000,75.28,75.37,75.2,75.35,75924.85,2026-08-14 23:30:00
1786752000000,75.36,75.39,75.3,75.33,45520.96,2026-08-15 00:00:00
1786753800000,75.34,75.39,75.29,75.31,33203.65,2026-08-15 00:30:00
1786755600000,75.31,75.43,75.25,75.38,49903.73,2026-08-15 01:00:00
1786757400000,75.38,75.42,75.34,75.37,37355.36,2026-08-15 01:30:00
1786759200000,75.37,75.58,75.35,75.51,86777.81,2026-08-15 02:00:00
1786761000000,75.52,75.64,75.51,75.61,59767.22,2026-08-15 02:30:00
1786762800000,75.62,75.68,75.54,75.58,66059.61,2026-08-15 03:00:00
1786764600000,75.57,75.6,75.35,75.36,69183.65,2026-08-15 03:30:00
1786766400000,75.36,75.55,75.31,75.54,94526.96,2026-08-15 04:00:00
1786768200000,75.54,75.56,75.47,75.47,40541.42,2026-08-15 04:30:00
1786770000000,75.47,75.55,75.4,75.4,50559.15,2026-08-15 05:00:00
1786771800000,75.4,75.45,75.24,75.3,103457.69,2026-08-15 05:30:00
1786773600000,75.3,75.35,75.22,75.26,44778.13,2026-08-15 06:00:00
1786775400000,75.27,75.45,75.27,75.37,50559.25,2026-08-15 06:30:00
1786777200000,75.38,75.38,75.26,75.28,25339.75,2026-08-15 07:00:00
1786779000000,75.29,75.29,75.16,75.2,49039.62,2026-08-15 07:30:00
1786780800000,75.2,75.27,75.11,75.22,76421.39,2026-08-15 08:00:00
1786782600000,75.22,75.22,75.02,75.03,69152.15,2026-08-15 08:30:00
1786784400000,75.04,75.15,74.99,75.14,77478.12,2026-08-15 09:00:00
1786786200000,75.15,75.21,75.13,75.19,31985.58,2026-08-15 09:30:00
1786788000000,75.2,75.32,75.16,75.26,66522.63,2026-08-15 10:00:00
1786789800000,75.26,75.3,75.21,75.25,31430.1,2026-08-15 10:30:00
1786791600000,75.24,75.27,75.21,75.22,24555.43,2026-08-15 11:00:00
1786793400000,75.21,75.26,75.17,75.21,21400.46,2026-08-15 11:30:00
1786795200000,75.2,75.22,75.16,75.16,16304.83,2026-08-15 12:00:00
1786797000000,75.16,75.39,75.16,75.38,25139.26,2026-08-15 12:30:00
1786798800000,75.37,75.46,75.35,75.42,54016.43,2026-08-15 13:00:00
1786800600000,75.42,75.53,75.42,75.52,57681.09,2026-08-15 13:30:00
1786802400000,75.51,75.54,75.39,75.44,62604.85,2026-08-15 14:00:00
1786804200000,75.44,75.53,75.41,75.41,47206.22,2026-08-15 14:30:00
1786806000000,75.4,75.46,75.32,75.41,52937.53,2026-08-15 15:00:00
1786807800000,75.4,75.49,75.4,75.47,27221.75,2026-08-15 15:30:00
1786809600000,75.48,75.49,75.36,75.45,37423.49,2026-08-15 16:00:00
1786811400000,75.45,75.47,75.39,75.43,14096.3,2026-08-15 16:30:00
1786813200000,75.44,75.61,75.43,75.52,60124.67,2026-08-15 17:00:00
1786815000000,75.51,75.64,75.51,75.61,38286.67,2026-08-15 17:30:00
1786816800000,75.62,75.64,75.47,75.47,46001.03,2026-08-15 18:00:00
1786818600000,75.48,75.55,75.46,75.51,30375.21,2026-08-15 18:30:00
1786820400000,75.51,75.52,75.48,75.49,23917.99,2026-08-15 19:00:00
1786822200000,75.49,75.51,75.48,75.51,8093.44,2026-08-15 19:30:00
1786824000000,75.51,75.52,75.37,75.43,27248.62,2026-08-15 20:00:00
1786825800000,75.43,75.52,75.41,75.48,31862.38,2026-08-15 20:30:00
1786827600000,75.48,75.62,75.48,75.62,27880.39,2026-08-15 21:00:00
1786829400000,75.61,75.7,75.57,75.58,46936.65,2026-08-15 21:30:00
1786831200000,75.58,75.65,75.55,75.57,29668.93,2026-08-15 22:00:00
1786833000000,75.58,75.62,75.51,75.53,22791.07,2026-08-15 22:30:00
1786834800000,75.54,75.54,75.28,75.34,105523.19,2026-08-15 23:00:00
1786836600000,75.34,75.35,75.27,75.3,33835.13,2026-08-15 23:30:00
1786838400000,75.3,75.4,75.21,75.36,71606.46,2026-08-16 00:00:00
1786840200000,75.37,75.46,75.35,75.43,27090.58,2026-08-16 00:30:00
1786842000000,75.42,75.44,75.32,75.33,28589.95,2026-08-16 01:00:00
1786843800000,75.32,75.41,75.25,75.38,36701.95,2026-08-16 01:30:00
1786845600000,75.38,75.57,75.22,75.55,68147.0,2026-08-16 02:00:00
1786847400000,75.55,75.62,75.47,75.52,74910.78,2026-08-16 02:30:00
1786849200000,75.53,75.61,75.52,75.55,38770.4,2026-08-16 03:00:00
1786851000000,75.55,75.58,75.52,75.52,21958.31,2026-08-16 03:30:00
1786852800000,75.53,75.57,75.47,75.54,29437.87,2026-08-16 04:00:00
1786854600000,75.54,75.55,75.39,75.41,32793.84,2026-08-16 04:30:00
1786856400000,75.41,75.48,75.34,75.34,46350.33,2026-08-16 05:00:00
1786858200000,75.35,75.41,75.3,75.32,57403.07,2026-08-16 05:30:00
1786860000000,75.31,75.35,75.25,75.33,42725.67,2026-08-16 06:00:00
1786861800000,75.33,75.5,75.29,75.35,52618.13,2026-08-16 06:30:00
1786863600000,75.34,75.43,75.31,75.41,24339.98,2026-08-16 07:00:00
1786865400000,75.41,75.45,75.38,75.43,13409.5,2026-08-16 07:30:00
1786867200000,75.43,75.43,75.37,75.4,23952.13,2026-08-16 08:00:00
1786869000000,75.41,75.45,75.4,75.43,11061.16,2026-08-16 08:30:00
1786870800000,75.43,75.45,75.37,75.4,23074.95,2026-08-16 09:00:00
1786872600000,75.39,75.42,75.23,75.29,70504.9,2026-08-16 09:30:00
1786874400000,75.29,75.3,75.15,75.19,78922.05,2026-08-16 10:00:00
1786876200000,75.18,75.26,75.13,75.23,35113.46,2026-08-16 10:30:00
1786878000000,75.23,75.27,75.2,75.26,39737.29,2026-08-16 11:00:00
1786879800000,75.26,75.27,75.17,75.23,14227.89,2026-08-16 11:30:00
1786881600000,75.23,75.25,75.17,75.25,22357.03,2026-08-16 12:00:00
1786883400000,75.24,75.25,75.15,75.18,20625.65,2026-08-16 12:30:00
1786885200000,75.18,75.37,75.18,75.36,38181.04,2026-08-16 13:00:00
1786887000000,75.37,75.37,75.26,75.27,30696.3,2026-08-16 13:30:00
1786888800000,75.26,75.34,75.2,75.27,44373.99,2026-08-16 14:00:00
1786890600000,75.27,75.37,75.26,75.36,20686.12,2026-08-16 14:30:00
1786892400000,75.35,75.55,75.35,75.54,69332.9,2026-08-16 15:00:00
1786894200000,75.54,75.6,75.47,75.52,72340.29,2026-08-16 15:30:00
1786896000000,75.53,75.59,75.46,75.56,80019.22,2026-08-16 16:00:00
1786897800000,75.57,75.68,75.45,75.51,82856.39,2026-08-16 16:30:00
1786899600000,75.52,75.56,75.36,75.41,52924.43,2026-08-16 17:00:00
1786901400000,75.41,75.42,75.23,75.23,64703.85,2026-08-16 17:30:00
1786903200000,75.23,75.25,74.98,75.14,130287.63,2026-08-16 18:00:00
1786905000000,75.14,75.2,75.09,75.14,43364.19,2026-08-16 18:30:00
1786906800000,75.14,75.3,75.14,75.29,28414.63,2026-08-16 19:00:00
1786908600000,75.3,75.32,75.14,75.18,46861.02,2026-08-16 19:30:00
1786910400000,75.18,75.29,75.16,75.21,40139.8,2026-08-16 20:00:00
1786912200000,75.22,75.23,74.91,74.99,110964.66,2026-08-16 20:30:00
1786914000000,74.99,75.05,74.83,74.94,88998.19,2026-08-16 21:00:00
1786915800000,74.95,75.0,73.92,74.29,604603.34,2026-08-16 21:30:00
1786917600000,74.28,74.48,74.11,74.34,145483.07,2026-08-16 22:00:00
1786919400000,74.34,74.47,74.2,74.46,81655.61,2026-08-16 22:30:00
1786921200000,74.46,74.57,74.41,74.47,62342.93,2026-08-16 23:00:00
1786923000000,74.47,74.61,74.46,74.56,54019.94,2026-08-16 23:30:00
1786924800000,74.55,74.59,74.38,74.57,86476.38,2026-08-17 00:00:00
1786926600000,74.58,74.7,74.39,74.58,114484.78,2026-08-17 00:30:00
1786928400000,74.58,75.24,74.53,75.18,243447.8,2026-08-17 01:00:00
1786930200000,75.19,75.31,75.05,75.05,107345.91,2026-08-17 01:30:00
1786932000000,75.05,75.19,75.01,75.16,74731.98,2026-08-17 02:00:00
1786933800000,75.15,75.55,75.09,75.44,226205.76,2026-08-17 02:30:00
1786935600000,75.45,75.53,75.4,75.42,109386.87,2026-08-17 03:00:00
1786937400000,75.42,75.54,75.4,75.46,66442.23,2026-08-17 03:30:00
1786939200000,75.45,75.6,75.45,75.48,102880.23,2026-08-17 04:00:00
1786941000000,75.49,75.52,75.45,75.5,44077.03,2026-08-17 04:30:00
1786942800000,75.51,75.57,75.39,75.44,61429.05,2026-08-17 05:00:00
1786944600000,75.45,75.45,75.34,75.36,54958.25,2026-08-17 05:30:00
1786946400000,75.35,75.55,75.3,75.44,117279.83,2026-08-17 06:00:00
1786948200000,75.44,75.97,75.42,75.81,250913.79,2026-08-17 06:30:00
1786950000000,75.81,75.92,75.7,75.82,95655.29,2026-08-17 07:00:00
1786951800000,75.83,75.85,75.7,75.74,63193.42,2026-08-17 07:30:00
1786953600000,75.75,75.78,75.32,75.38,230824.27,2026-08-17 08:00:00
1786955400000,75.37,75.44,75.13,75.21,169575.52,2026-08-17 08:30:00
1786957200000,75.2,75.4,75.19,75.36,70693.86,2026-08-17 09:00:00
1786959000000,75.36,75.36,75.21,75.31,37189.3,2026-08-17 09:30:00
1786960800000,75.32,75.49,75.26,75.49,48189.47,2026-08-17 10:00:00
1786962600000,75.48,75.77,75.45,75.72,156977.5,2026-08-17 10:30:00
1786964400000,75.72,75.76,75.65,75.73,80440.47,2026-08-17 11:00:00
1786966200000,75.72,75.88,75.62,75.65,88040.27,2026-08-17 11:30:00
1786968000000,75.65,75.67,75.36,75.37,139012.9,2026-08-17 12:00:00
1786969800000,75.36,75.46,75.29,75.4,94330.65,2026-08-17 12:30:00
1786971600000,75.4,75.41,75.26,75.28,77745.2,2026-08-17 13:00:00
1786973400000,75.27,75.74,75.25,75.59,195909.95,2026-08-17 13:30:00
1786975200000,75.59,75.68,75.46,75.59,72695.74,2026-08-17 14:00:00
1786977000000,75.59,75.99,75.54,75.93,113846.16,2026-08-17 14:30:00
1786978800000,75.94,75.98,75.75,75.9,149450.94,2026-08-17 15:00:00
1786980600000,75.91,76.18,75.82,76.05,190571.13,2026-08-17 15:30:00
1786982400000,76.06,76.1,75.89,75.93,103682.23,2026-08-17 16:00:00
1786984200000,75.92,76.08,75.91,75.97,52449.19,2026-08-17 16:30:00
1786986000000,75.96,76.07,75.73,75.85,104258.55,2026-08-17 17:00:00
1786987800000,75.85,75.92,75.65,75.87,72402.04,2026-08-17 17:30:00
1786989600000,75.87,76.12,75.81,75.97,59451.98,2026-08-17 18:00:00
1786991400000,75.98,76.0,75.83,75.86,48864.89,2026-08-17 18:30:00
1786993200000,75.86,75.86,75.73,75.82,20594.98,2026-08-17 19:00:00
1786995000000,75.81,75.91,75.7,75.77,39646.12,2026-08-17 19:30:00
1786996800000,75.76,75.78,75.58,75.75,60689.02,2026-08-17 20:00:00
1786998600000,75.76,76.07,75.72,75.94,61835.1,2026-08-17 20:30:00
1787000400000,75.95,76.01,75.85,75.87,34018.85,2026-08-17 21:00:00
1787002200000,75.86,75.93,75.84,75.92,23249.75,2026-08-17 21:30:00
1787004000000,75.92,75.99,75.77,75.77,37758.9,2026-08-17 22:00:00
1787005800000,75.77,75.78,75.67,75.7,24185.02,2026-08-17 22:30:00
1787007600000,75.7,75.94,75.66,75.94,52011.14,2026-08-17 23:00:00
1787009400000,75.94,76.08,75.9,75.97,63998.44,2026-08-17 23:30:00
1787011200000,75.98,76.05,75.89,75.96,77125.97,2026-08-18 00:00:00
1787013000000,75.95,76.0,75.82,76.0,65011.82,2026-08-18 00:30:00
1787014800000,76.0,76.01,75.81,75.83,62814.63,2026-08-18 01:00:00
1787016600000,75.83,75.84,75.53,75.58,104070.68,2026-08-18 01:30:00
1787018400000,75.57,75.62,75.37,75.37,143636.87,2026-08-18 02:00:00
1787020200000,75.38,75.45,75.17,75.25,155036.95,2026-08-18 02:30:00
1787022000000,75.25,75.41,75.21,75.37,82712.37,2026-08-18 03:00:00
1787023800000,75.36,75.5,75.27,75.46,69870.03,2026-08-18 03:30:00
1787025600000,75.46,75.68,75.36,75.68,77512.88,2026-08-18 04:00:00
1787027400000,75.68,75.79,75.67,75.78,70500.38,2026-08-18 04:30:00
1787029200000,75.79,75.92,75.72,75.74,116484.21,2026-08-18 05:00:00
1787031000000,75.74,75.78,75.53,75.68,110001.09,2026-08-18 05:30:00
1787032800000,75.68,75.95,75.6,75.91,80429.41,2026-08-18 06:00:00
1787034600000,75.91,76.02,75.85,75.95,86815.59,2026-08-18 06:30:00
1787036400000,75.95,76.23,75.94,75.98,158112.34,2026-08-18 07:00:00
1787038200000,75.98,76.11,75.89,76.05,126504.0,2026-08-18 07:30:00
1787040000000,76.06,76.08,75.81,75.87,114399.25,2026-08-18 08:00:00
1787041800000,75.87,76.15,75.84,76.13,72106.08,2026-08-18 08:30:00
1787043600000,76.12,76.12,75.85,75.86,57137.71,2026-08-18 09:00:00
1787045400000,75.86,75.94,75.83,75.91,46206.44,2026-08-18 09:30:00
1787047200000,75.91,75.94,75.76,75.78,59710.04,2026-08-18 10:00:00
1787049000000,75.78,75.87,75.77,75.81,49447.49,2026-08-18 10:30:00
1787050800000,75.81,76.42,75.78,76.23,237613.32,2026-08-18 11:00:00
1787052600000,76.23,76.4,76.2,76.27,120467.84,2026-08-18 11:30:00
1787054400000,76.28,76.49,76.2,76.27,172600.12,2026-08-18 12:00:00
1787056200000,76.26,76.35,76.2,76.2,64182.08,2026-08-18 12:30:00
1787058000000,76.21,76.21,76.04,76.07,102955.3,2026-08-18 13:00:00
1787059800000,76.07,76.27,76.01,76.18,137748.83,2026-08-18 13:30:00
1787061600000,76.17,77.04,76.09,76.96,460360.94,2026-08-18 14:00:00
1787063400000,76.95,77.3,76.72,76.75,464816.27,2026-08-18 14:30:00
1787065200000,76.75,77.01,76.74,76.99,173967.07,2026-08-18 15:00:00
1787067000000,76.98,77.22,76.96,77.16,135797.55,2026-08-18 15:30:00
1787068800000,77.17,77.29,76.81,76.86,180610.66,2026-08-18 16:00:00
1787070600000,76.86,77.13,76.81,77.03,80668.86,2026-08-18 16:30:00
1787072400000,77.04,77.05,76.85,76.9,70818.25,2026-08-18 17:00:00
1787074200000,76.9,77.0,76.84,76.85,64386.42,2026-08-18 17:30:00
1787076000000,76.85,77.25,76.83,77.2,78610.9,2026-08-18 18:00:00
1787077800000,77.2,77.27,77.08,77.22,62639.57,2026-08-18 18:30:00
1787079600000,77.22,77.38,77.12,77.32,82827.52,2026-08-18 19:00:00
1787081400000,77.31,77.33,77.04,77.13,55376.91,2026-08-18 19:30:00
1787083200000,77.14,77.18,76.89,76.95,79379.19,2026-08-18 20:00:00
1787085000000,76.96,77.09,76.7,76.84,157601.99,2026-08-18 20:30:00
1787086800000,76.85,77.08,76.84,76.91,92049.22,2026-08-18 21:00:00
1787088600000,76.92,76.97,76.87,76.96,40655.58,2026-08-18 21:30:00
1787090400000,76.95,77.14,76.92,77.02,102184.43,2026-08-18 22:00:00
1787092200000,77.02,77.17,76.84,76.91,106813.86,2026-08-18 22:30:00
1787094000000,76.92,77.13,76.91,77.06,66446.45,2026-08-18 23:00:00
1787095800000,77.07,77.2,76.98,77.01,172092.33,2026-08-18 23:30:00
1787097600000,77.02,77.06,76.77,76.91,104345.51,2026-08-19 00:00:00
1787099400000,76.91,77.04,76.86,76.86,43801.09,2026-08-19 00:30:00
1787101200000,76.86,77.03,76.66,76.78,157966.29,2026-08-19 01:00:00
1787103000000,76.79,76.81,76.66,76.75,77249.54,2026-08-19 01:30:00
1787104800000,76.75,76.86,76.65,76.83,67067.38,2026-08-19 02:00:00
1787106600000,76.83,76.88,76.7,76.77,46791.95,2026-08-19 02:30:00
1787108400000,76.77,77.07,76.66,76.96,91939.18,2026-08-19 03:00:00
1787110200000,76.96,77.05,76.91,76.95,42638.26,2026-08-19 03:30:00
1787112000000,76.95,77.09,76.91,77.01,41023.25,2026-08-19 04:00:00
1787113800000,77.02,77.04,76.75,76.82,86480.95,2026-08-19 04:30:00
1787115600000,76.81,77.02,76.81,76.91,79168.43,2026-08-19 05:00:00
1787117400000,76.9,76.94,76.73,76.76,31374.2,2026-08-19 05:30:00
1787119200000,76.76,76.93,76.6,76.83,120816.37,2026-08-19 06:00:00
1787121000000,76.84,77.14,76.71,77.05,159887.07,2026-08-19 06:30:00
1787122800000,77.05,77.07,76.92,76.96,85130.84,2026-08-19 07:00:00
1787124600000,76.96,77.05,76.91,76.91,50340.24,2026-08-19 07:30:00
1787126400000,76.92,77.18,76.87,77.16,124158.57,2026-08-19 08:00:00
1787128200000,77.15,77.65,77.12,77.33,373915.03,2026-08-19 08:30:00
1787130000000,77.33,77.44,77.26,77.27,88154.39,2026-08-19 09:00:00
1787131800000,77.27,77.3,77.16,77.28,71478.48,2026-08-19 09:30:00
1787133600000,77.27,77.28,77.17,77.21,38649.4,2026-08-19 10:00:00
1787135400000,77.22,77.35,77.18,77.34,66007.51,2026-08-19 10:30:00
1787137200000,77.34,77.58,77.34,77.54,145112.6,2026-08-19 11:00:00
1787139000000,77.54,77.56,77.42,77.5,80307.04,2026-08-19 11:30:00
1787140800000,77.49,77.51,77.38,77.46,47789.48,2026-08-19 12:00:00
1787142600000,77.47,78.76,77.46,78.36,956444.58,2026-08-19 12:30:00
1787144400000,78.36,78.54,78.13,78.48,244386.96,2026-08-19 13:00:00
1787146200000,78.48,78.66,78.27,78.36,303095.72,2026-08-19 13:30:00
1787148000000,78.37,78.77,78.31,78.49,320519.17,2026-08-19 14:00:00
1787149800000,78.5,80.96,78.41,80.83,1474909.98,2026-08-19 14:30:00
1787151600000,80.84,83.07,80.63,81.96,2511401.52,2026-08-19 15:00:00
1787153400000,81.97,82.55,81.5,81.81,884855.72,2026-08-19 15:30:00
1787155200000,81.8,82.36,81.63,82.05,446528.88,2026-08-19 16:00:00
1787157000000,82.05,82.05,81.52,81.56,230146.79,2026-08-19 16:30:00
1787158800000,81.56,81.64,81.02,81.24,263399.96,2026-08-19 17:00:00
1787160600000,81.24,81.71,80.97,81.63,225978.49,2026-08-19 17:30:00
1787162400000,81.63,82.0,81.24,81.95,263528.79,2026-08-19 18:00:00
1787164200000,81.95,82.27,81.88,82.25,241707.42,2026-08-19 18:30:00
1787166000000,82.25,82.5,81.97,82.17,213380.94,2026-08-19 19:00:00
1787167800000,82.16,82.41,82.07,82.32,116968.58,2026-08-19 19:30:00
1787169600000,82.33,82.53,82.24,82.47,177693.76,2026-08-19 20:00:00
1787171400000,82.46,84.37,82.41,83.7,1007837.14,2026-08-19 20:30:00
1787173200000,83.7,87.31,83.7,87.0,1611759.05,2026-08-19 21:00:00
1787175000000,86.99,87.26,86.18,86.62,426314.37,2026-08-19 21:30:00
1787176800000,86.63,86.84,85.31,85.33,470407.72,2026-08-19 22:00:00
1787178600000,85.33,85.97,84.88,85.49,359028.05,2026-08-19 22:30:00
1787180400000,85.48,85.58,85.27,85.43,158409.99,2026-08-19 23:00:00
1787182200000,85.43,85.76,85.03,85.38,188648.52,2026-08-19 23:30:00
1787184000000,85.38,85.79,85.29,85.62,156215.02,2026-08-20 00:00:00
1787185800000,85.62,85.7,84.86,84.99,279102.14,2026-08-20 00:30:00
1787187600000,84.99,85.13,84.63,84.76,182965.24,2026-08-20 01:00:00
1787189400000,84.75,85.39,84.68,85.36,197314.45,2026-08-20 01:30:00
1787191200000,85.35,85.44,85.04,85.05,122857.19,2026-08-20 02:00:00
1787193000000,85.05,85.11,84.68,84.76,104133.4,2026-08-20 02:30:00
1787194800000,84.75,84.77,83.95,84.27,286413.92,2026-08-20 03:00:00
1787196600000,84.26,84.72,84.26,84.48,121439.54,2026-08-20 03:30:00
1787198400000,84.47,84.71,84.45,84.53,85653.78,2026-08-20 04:00:00
1787200200000,84.53,84.99,84.42,84.82,165748.82,2026-08-20 04:30:00
1787202000000,84.82,85.07,84.81,84.89,70025.26,2026-08-20 05:00:00
1787203800000,84.89,85.02,84.79,84.93,56630.05,2026-08-20 05:30:00
1787205600000,84.94,85.46,84.68,85.43,202986.89,2026-08-20 06:00:00
1787207400000,85.43,85.91,85.27,85.88,256764.68,2026-08-20 06:30:00
1787209200000,85.88,86.08,85.75,86.0,170736.33,2026-08-20 07:00:00
1787211000000,86.0,86.17,85.76,86.14,158294.97,2026-08-20 07:30:00
1787212800000,86.13,87.63,86.01,87.52,651486.7,2026-08-20 08:00:00
1787214600000,87.52,87.97,87.33,87.49,434961.23,2026-08-20 08:30:00
1787216400000,87.5,87.8,87.24,87.51,368523.85,2026-08-20 09:00:00
1787218200000,87.5,87.7,87.07,87.32,263925.27,2026-08-20 09:30:00
1787220000000,87.31,87.79,87.19,87.39,178178.21,2026-08-20 10:00:00
1787221800000,87.4,87.46,86.94,87.44,169279.16,2026-08-20 10:30:00
1787223600000,87.44,87.44,87.05,87.14,105459.24,2026-08-20 11:00:00
1787225400000,87.14,88.08,87.11,87.17,408750.46,2026-08-20 11:30:00
1787227200000,87.17,87.4,86.53,86.91,436535.32,2026-08-20 12:00:00
1787229000000,86.92,87.12,86.46,87.05,219340.72,2026-08-20 12:30:00
1787230800000,87.04,87.48,86.93,87.01,262231.42,2026-08-20 13:00:00
1787232600000,87.02,87.02,86.13,86.54,489075.58,2026-08-20 13:30:00
1787234400000,86.55,86.87,86.18,86.28,297475.6,2026-08-20 14:00:00
1787236200000,86.27,86.59,86.13,86.59,219428.28,2026-08-20 14:30:00
1787238000000,86.59,87.32,86.53,87.01,491351.24,2026-08-20 15:00:00
1787239800000,87.02,87.47,86.69,87.33,326178.94,2026-08-20 15:30:00
1787241600000,87.34,87.35,86.84,87.08,205466.78,2026-08-20 16:00:00
1787243400000,87.09,87.84,86.91,87.73,342115.25,2026-08-20 16:30:00
1787245200000,87.73,87.85,87.24,87.58,227042.37,2026-08-20 17:00:00
1787247000000,87.59,87.93,87.38,87.45,246892.48,2026-08-20 17:30:00
1787248800000,87.46,87.62,86.75,87.17,327602.73,2026-08-20 18:00:00
1787250600000,87.16,87.21,86.6,86.81,185906.25,2026-08-20 18:30:00
1787252400000,86.81,87.44,86.8,87.24,208035.54,2026-08-20 19:00:00
1787254200000,87.25,87.49,87.04,87.27,164624.56,2026-08-20 19:30:00
1787256000000,87.27,87.44,87.2,87.38,84451.78,2026-08-20 20:00:00
1787257800000,87.38,87.65,87.37,87.55,83267.12,2026-08-20 20:30:00
1787259600000,87.55,87.85,87.37,87.43,88186.56,2026-08-20 21:00:00
1787261400000,87.42,87.68,87.4,87.46,57762.3,2026-08-20 21:30:00
1787263200000,87.46,87.56,87.21,87.44,147234.46,2026-08-20 22:00:00
1787265000000,87.44,87.46,87.16,87.2,63225.44,2026-08-20 22:30:00
1787266800000,87.2,87.9,87.18,87.8,132537.03,2026-08-20 23:00:00
1787268600000,87.81,87.97,87.52,87.62,125086.0,2026-08-20 23:30:00
1787270400000,87.62,88.78,87.55,88.37,445136.23,2026-08-21 00:00:00
1787272200000,88.37,88.65,87.76,88.21,332410.64,2026-08-21 00:30:00
1787274000000,88.2,89.1,88.08,88.36,327428.45,2026-08-21 01:00:00
1787275800000,88.35,89.48,88.21,88.98,413232.95,2026-08-21 01:30:00
1787277600000,88.98,89.78,88.47,89.38,463185.74,2026-08-21 02:00:00
1787279400000,89.39,90.18,88.89,89.22,640191.49,2026-08-21 02:30:00
1787281200000,89.22,89.39,88.71,89.34,353106.67,2026-08-21 03:00:00
1787283000000,89.35,89.53,89.07,89.07,159838.3,2026-08-21 03:30:00
1787284800000,89.08,89.44,88.84,88.92,167248.68,2026-08-21 04:00:00
1787286600000,88.92,89.48,88.85,89.44,193586.09,2026-08-21 04:30:00
1787288400000,89.44,89.96,89.15,89.6,209624.33,2026-08-21 05:00:00
1787290200000,89.6,90.72,89.51,90.4,453281.73,2026-08-21 05:30:00
1787292000000,90.41,91.33,89.97,90.03,563234.74,2026-08-21 06:00:00
1787293800000,90.03,90.46,89.72,90.19,368975.73,2026-08-21 06:30:00
1787295600000,90.19,91.18,90.14,90.25,404837.24,2026-08-21 07:00:00
1787297400000,90.26,90.75,89.92,90.39,251744.83,2026-08-21 07:30:00
1787299200000,90.39,91.55,90.34,91.37,416257.17,2026-08-21 08:00:00
1787301000000,91.37,93.41,91.23,93.27,878183.97,2026-08-21 08:30:00
1787302800000,93.27,93.32,90.29,91.18,1337389.34,2026-08-21 09:00:00
1787304600000,91.18,92.18,91.0,91.66,447368.44,2026-08-21 09:30:00
1787306400000,91.66,91.74,90.83,91.26,296229.66,2026-08-21 10:00:00
1787308200000,91.25,91.67,90.85,91.46,137533.35,2026-08-21 10:30:00
1787310000000,91.46,91.6,90.49,90.99,341641.73,2026-08-21 11:00:00
1787311800000,90.99,91.02,89.87,90.29,472161.23,2026-08-21 11:30:00
1787313600000,90.3,90.51,89.98,90.3,171392.7,2026-08-21 12:00:00
1787315400000,90.31,91.14,90.23,90.86,188454.44,2026-08-21 12:30:00
1787317200000,90.86,90.99,90.4,90.73,173682.84,2026-08-21 13:00:00
1787319000000,90.73,91.38,89.73,91.05,398171.57,2026-08-21 13:30:00
1787320800000,91.04,91.35,90.53,91.29,277583.7,2026-08-21 14:00:00
1787322600000,91.3,91.95,91.11,91.86,217486.24,2026-08-21 14:30:00
1787324400000,91.86,92.15,91.46,91.55,204430.88,2026-08-21 15:00:00
1787326200000,91.54,91.78,91.21,91.34,149295.84,2026-08-21 15:30:00
1787328000000,91.34,91.51,90.71,91.48,213533.24,2026-08-21 16:00:00
1787329800000,91.49,91.92,91.28,91.59,183814.85,2026-08-21 16:30:00
1787331600000,91.6,91.91,91.16,91.56,154224.48,2026-08-21 17:00:00
1787333400000,91.55,91.98,91.49,91.79,190072.04,2026-08-21 17:30:00
1787335200000,91.79,92.06,91.63,91.9,121139.87,2026-08-21 18:00:00
1787337000000,91.89,91.98,91.05,91.55,234807.43,2026-08-21 18:30:00
1787338800000,91.55,91.61,90.83,91.3,166863.87,2026-08-21 19:00:00
1787340600000,91.29,91.35,90.73,90.94,109635.21,2026-08-21 19:30:00
1787342400000,90.94,91.97,90.49,91.79,171585.39,2026-08-21 20:00:00
1787344200000,91.8,91.91,91.51,91.84,77623.96,2026-08-21 20:30:00
1787346000000,91.85,93.0,91.63,92.78,271757.31,2026-08-21 21:00:00
1787347800000,92.78,93.85,92.59,93.71,350780.93,2026-08-21 21:30:00
1787349600000,93.72,94.39,93.43,94.17,483237.36,2026-08-21 22:00:00
1787351400000,94.17,94.64,93.28,94.29,507756.73,2026-08-21 22:30:00
1787353200000,94.3,95.0,93.82,94.4,418581.49,2026-08-21 23:00:00
1787355000000,94.4,94.48,93.37,93.7,348025.33,2026-08-21 23:30:00
1787356800000,93.71,94.41,92.85,93.65,382616.08,2026-08-22 00:00:00
1787358600000,93.64,93.95,93.39,93.88,242636.17,2026-08-22 00:30:00
1787360400000,93.87,94.3,93.72,94.01,169984.94,2026-08-22 01:00:00
1787362200000,94.0,94.41,93.46,93.65,186245.69,2026-08-22 01:30:00
1787364000000,93.66,95.07,93.66,94.81,266937.07,2026-08-22 02:00:00
1787365800000,94.82,95.8,94.62,95.62,480487.1,2026-08-22 02:30:00
1787367600000,95.62,97.15,95.48,96.83,635638.07,2026-08-22 03:00:00
1787369400000,96.84,97.59,96.35,96.78,552531.91,2026-08-22 03:30:00
1787371200000,96.78,98.0,96.15,97.98,490641.85,2026-08-22 04:00:00
1787373000000,97.98,102.78,97.83,99.14,2651560.69,2026-08-22 04:30:00
1787374800000,99.15,100.0,87.53,94.06,3479634.39,2026-08-22 05:00:00
1787376600000,94.07,94.88,92.73,94.19,693768.7,2026-08-22 05:30:00
1787378400000,94.19,94.48,93.41,93.89,319027.75,2026-08-22 06:00:00
1787380200000,93.88,95.14,93.03,94.28,386726.84,2026-08-22 06:30:00
1787382000000,94.28,95.14,94.02,95.0,272041.28,2026-08-22 07:00:00
1787383800000,94.99,95.54,94.37,94.45,211423.79,2026-08-22 07:30:00
1787385600000,94.45,95.0,93.65,93.76,259390.63,2026-08-22 08:00:00
1787387400000,93.77,94.13,93.02,94.08,302325.88,2026-08-22 08:30:00
1787389200000,94.09,94.57,92.93,94.28,248868.58,2026-08-22 09:00:00
1787391000000,94.28,94.42,93.6,93.9,135084.82,2026-08-22 09:30:00
1787392800000,93.9,93.98,91.32,92.45,686663.71,2026-08-22 10:00:00
1787394600000,92.45,93.39,92.26,92.87,215540.31,2026-08-22 10:30:00
1787396400000,92.88,93.22,92.55,93.01,144368.37,2026-08-22 11:00:00
1787398200000,93.0,93.56,92.9,93.32,111913.41,2026-08-22 11:30:00
1787400000000,93.31,94.38,93.15,94.23,209878.5,2026-08-22 12:00:00
1787401800000,94.23,94.3,93.81,93.81,146957.94,2026-08-22 12:30:00
1787403600000,93.82,94.22,93.53,93.84,144727.07,2026-08-22 13:00:00
1787405400000,93.85,94.24,93.57,94.12,121699.98,2026-08-22 13:30:00
1787407200000,94.13,94.3,93.32,93.84,168945.56,2026-08-22 14:00:00
1787409000000,93.84,94.04,92.86,93.25,205074.46,2026-08-22 14:30:00
1787410800000,93.26,93.5,92.8,93.26,167391.6,2026-08-22 15:00:00
1787412600000,93.26,93.6,92.99,93.07,106533.12,2026-08-22 15:30:00
1787414400000,93.08,94.09,93.07,93.89,173662.95,2026-08-22 16:00:00
1787416200000,93.89,94.69,93.89,94.33,222197.91,2026-08-22 16:30:00
1787418000000,94.33,94.57,93.77,93.84,221799.85,2026-08-22 17:00:00
1787419800000,93.85,94.56,93.85,94.27,107333.51,2026-08-22 17:30:00
1787421600000,94.27,94.55,94.05,94.39,87733.86,2026-08-22 18:00:00
1787423400000,94.39,94.54,94.03,94.46,140410.39,2026-08-22 18:30:00
1787425200000,94.47,94.7,94.27,94.41,123445.2,2026-08-22 19:00:00
1787427000000,94.41,94.84,94.41,94.48,86452.74,2026-08-22 19:30:00
1787428800000,94.49,94.79,94.39,94.48,79243.33,2026-08-22 20:00:00
1787430600000,94.48,94.65,94.28,94.38,70377.57,2026-08-22 20:30:00
1787432400000,94.39,94.39,93.44,93.81,175134.49,2026-08-22 21:00:00
1787434200000,93.82,93.85,92.71,92.82,209899.04,2026-08-22 21:30:00
1787436000000,92.81,93.98,92.55,93.9,221115.49,2026-08-22 22:00:00
1787437800000,93.89,94.01,93.52,93.61,132451.08,2026-08-22 22:30:00
1787439600000,93.62,93.8,93.34,93.6,49167.71,2026-08-22 23:00:00
1787441400000,93.6,93.99,93.34,93.82,64378.17,2026-08-22 23:30:00
1787443200000,93.82,94.39,93.57,94.28,130291.82,2026-08-23 00:00:00
1787445000000,94.28,97.24,94.27,96.35,924819.19,2026-08-23 00:30:00
1787446800000,96.35,96.39,95.71,96.08,291582.21,2026-08-23 01:00:00
1787448600000,96.08,96.59,95.64,95.99,220872.23,2026-08-23 01:30:00
1787450400000,96.0,96.27,93.87,94.49,641616.17,2026-08-23 02:00:00
1787452200000,94.5,96.55,94.34,94.9,401108.67,2026-08-23 02:30:00
1787454000000,94.89,95.05,94.17,94.22,223888.76,2026-08-23 03:00:00
1787455800000,94.22,94.28,93.41,93.73,340533.14,2026-08-23 03:30:00
1787457600000,93.72,94.1,93.12,93.6,288267.41,2026-08-23 04:00:00
1787459400000,93.59,93.62,92.16,92.56,440712.89,2026-08-23 04:30:00
1787461200000,92.55,93.3,91.52,93.02,585395.98,2026-08-23 05:00:00
1787463000000,93.01,93.22,92.29,92.3,153874.35,2026-08-23 05:30:00
1787464800000,92.3,92.56,91.76,92.31,299673.65,2026-08-23 06:00:00
1787466600000,92.3,92.83,91.99,92.25,197408.75,2026-08-23 06:30:00
1787468400000,92.25,92.98,92.14,92.73,133947.74,2026-08-23 07:00:00
1787470200000,92.72,92.74,92.31,92.47,121955.78,2026-08-23 07:30:00
1787472000000,92.48,93.0,92.3,92.89,128273.6,2026-08-23 08:00:00
1787473800000,92.89,93.55,92.8,93.19,163471.59,2026-08-23 08:30:00
1787475600000,93.19,93.44,93.1,93.25,79125.37,2026-08-23 09:00:00
1787477400000,93.25,93.55,92.89,93.32,112726.95,2026-08-23 09:30:00
1787479200000,93.32,94.13,93.28,93.7,187733.65,2026-08-23 10:00:00
1787481000000,93.69,93.9,93.58,93.62,90512.06,2026-08-23 10:30:00
1787482800000,93.61,94.58,93.52,94.31,154104.63,2026-08-23 11:00:00
1787484600000,94.31,94.79,94.25,94.6,129391.33,2026-08-23 11:30:00
1787486400000,94.6,94.6,94.06,94.48,155325.88,2026-08-23 12:00:00
1787488200000,94.49,94.8,94.4,94.56,88958.81,2026-08-23 12:30:00
1787490000000,94.56,95.82,94.55,95.02,341083.21,2026-08-23 13:00:00
1787491800000,95.03,95.54,94.82,95.37,199040.13,2026-08-23 13:30:00
1787493600000,95.37,95.66,94.98,95.36,202542.16,2026-08-23 14:00:00
1787495400000,95.35,95.48,93.05,95.02,534401.4,2026-08-23 14:30:00
1787497200000,95.03,95.45,94.63,95.43,198951.5,2026-08-23 15:00:00
1787499000000,95.44,95.87,95.22,95.32,210382.01,2026-08-23 15:30:00
1787500800000,95.32,95.52,95.13,95.4,124483.84,2026-08-23 16:00:00
1787502600000,95.41,95.69,95.25,95.38,124152.49,2026-08-23 16:30:00
1787504400000,95.39,95.5,94.75,95.15,160049.79,2026-08-23 17:00:00
1787506200000,95.16,95.26,94.77,95.08,83528.85,2026-08-23 17:30:00
1787508000000,95.08,95.44,94.9,95.34,112949.84,2026-08-23 18:00:00
1787509800000,95.35,95.38,95.04,95.27,79228.56,2026-08-23 18:30:00
1787511600000,95.28,95.39,94.83,95.03,54988.29,2026-08-23 19:00:00
1787513400000,95.02,95.47,94.77,95.04,105571.38,2026-08-23 19:30:00
1787515200000,95.05,95.38,94.72,95.24,74085.36,2026-08-23 20:00:00
1787517000000,95.25,95.34,94.98,95.04,35373.98,2026-08-23 20:30:00
1787518800000,95.04,96.24,95.03,96.09,180021.51,2026-08-23 21:00:00
1787520600000,96.09,96.23,95.15,95.33,154785.39,2026-08-23 21:30:00
1787522400000,95.33,95.74,94.75,95.53,204545.57,2026-08-23 22:00:00
1787524200000,95.53,95.69,95.31,95.57,109269.68,2026-08-23 22:30:00
1787526000000,95.57,95.64,94.99,95.45,115036.82,2026-08-23 23:00:00
1787527800000,95.45,95.87,94.99,95.42,130380.35,2026-08-23 23:30:00
1787529600000,95.43,95.49,93.62,94.49,338690.56,2026-08-24 00:00:00
1787531400000,94.5,95.56,94.1,95.54,363446.34,2026-08-24 00:30:00
1787533200000,95.54,95.55,94.44,94.47,151336.85,2026-08-24 01:00:00
1787535000000,94.47,94.65,93.71,93.84,172534.6,2026-08-24 01:30:00
1787536800000,93.84,94.76,93.64,94.75,180168.49,2026-08-24 02:00:00
1787538600000,94.76,95.03,94.01,94.56,141411.5,2026-08-24 02:30:00
1787540400000,94.56,94.64,93.74,93.74,147078.59,2026-08-24 03:00:00
1787542200000,93.74,94.07,93.37,93.63,189988.94,2026-08-24 03:30:00
1787544000000,93.63,94.3,93.63,94.27,146424.52,2026-08-24 04:00:00
1787545800000,94.28,94.33,93.63,94.2,135488.34,2026-08-24 04:30:00
1787547600000,94.19,94.65,93.83,94.02,197012.06,2026-08-24 05:00:00
1787549400000,94.02,94.36,93.43,94.25,187330.62,2026-08-24 05:30:00
1787551200000,94.25,94.45,93.77,94.23,157946.62,2026-08-24 06:00:00
1787553000000,94.23,94.63,93.84,94.53,101924.52,2026-08-24 06:30:00
1787554800000,94.53,95.43,94.26,94.29,268812.43,2026-08-24 07:00:00
1787556600000,94.29,94.41,93.94,94.09,240694.15,2026-08-24 07:30:00
1787558400000,94.1,94.34,93.21,93.36,245075.43,2026-08-24 08:00:00
1787560200000,93.36,94.08,93.33,93.91,151376.87,2026-08-24 08:30:00
1787562000000,93.9,94.66,93.86,94.63,217357.22,2026-08-24 09:00:00
1787563800000,94.62,94.88,94.61,94.64,91329.03,2026-08-24 09:30:00
1787565600000,94.65,95.15,94.57,94.8,247796.82,2026-08-24 10:00:00
1787567400000,94.81,94.99,94.54,94.7,162296.84,2026-08-24 10:30:00
1787569200000,94.7,94.92,94.21,94.88,206598.49,2026-08-24 11:00:00
1787571000000,94.89,96.31,94.82,95.82,526849.04,2026-08-24 11:30:00
1787572800000,95.82,95.82,94.12,95.41,471936.57,2026-08-24 12:00:00
1787574600000,95.41,96.62,95.25,96.24,523433.03,2026-08-24 12:30:00
1787576400000,96.25,96.5,95.85,96.04,254279.08,2026-08-24 13:00:00
1787578200000,96.05,96.06,94.23,94.99,658385.62,2026-08-24 13:30:00
1787580000000,94.99,96.13,94.77,95.73,371434.47,2026-08-24 14:00:00
1787581800000,95.73,96.7,95.7,96.08,410583.82,2026-08-24 14:30:00
1787583600000,96.07,97.57,95.96,97.27,385878.73,2026-08-24 15:00:00
1787585400000,97.27,97.28,96.09,96.41,510362.54,2026-08-24 15:30:00
1787587200000,96.42,97.56,96.42,97.04,350587.08,2026-08-24 16:00:00
1787589000000,97.04,97.35,95.47,96.02,381737.36,2026-08-24 16:30:00
1787590800000,96.02,96.16,94.68,94.88,565907.04,2026-08-24 17:00:00
1787592600000,94.89,95.39,94.77,95.34,201550.52,2026-08-24 17:30:00
1787594400000,95.35,96.38,95.34,96.24,195944.26,2026-08-24 18:00:00
1787596200000,96.24,96.4,95.66,95.87,140260.59,2026-08-24 18:30:00
1787598000000,95.87,96.23,95.35,95.89,273389.82,2026-08-24 19:00:00
1787599800000,95.89,96.59,95.83,96.49,247272.83,2026-08-24 19:30:00
1787601600000,96.49,96.63,95.69,95.89,133743.09,2026-08-24 20:00:00
1787603400000,95.89,96.72,95.82,96.49,110325.43,2026-08-24 20:30:00
1787605200000,96.49,96.97,96.49,96.71,106058.14,2026-08-24 21:00:00
1787607000000,96.72,97.56,96.7,97.44,172442.26,2026-08-24 21:30:00
1787608800000,97.44,97.79,97.14,97.48,235442.93,2026-08-24 22:00:00
1787610600000,97.48,98.68,97.25,97.4,463878.06,2026-08-24 22:30:00
1787612400000,97.41,98.48,97.23,98.17,217016.03,2026-08-24 23:00:00
1787614200000,98.17,98.96,97.99,98.94,311456.38,2026-08-24 23:30:00
1787616000000,98.94,102.0,98.51,99.77,1434218.32,2026-08-25 00:00:00
1787617800000,99.76,102.78,99.53,101.73,1042010.5,2026-08-25 00:30:00
1787619600000,101.73,102.57,101.36,102.05,454889.07,2026-08-25 01:00:00
1787621400000,102.05,102.34,100.02,100.44,461086.57,2026-08-25 01:30:00
1787623200000,100.45,102.32,100.19,102.22,669957.77,2026-08-25 02:00:00
1787625000000,102.21,102.29,100.53,100.88,358779.59,2026-08-25 02:30:00
1787626800000,100.89,101.79,100.84,101.62,189389.5,2026-08-25 03:00:00
1787628600000,101.63,102.1,101.13,101.59,230381.32,2026-08-25 03:30:00
1787630400000,101.6,101.71,100.94,101.39,226284.72,2026-08-25 04:00:00
1787632200000,101.4,101.63,100.79,101.31,326758.26,2026-08-25 04:30:00
1787634000000,101.31,103.55,101.22,102.65,461385.01,2026-08-25 05:00:00
1787635800000,102.65,102.74,101.64,101.87,306569.37,2026-08-25 05:30:00
1787637600000,101.87,102.16,101.37,101.56,216191.69,2026-08-25 06:00:00
1787639400000,101.55,101.55,100.41,100.75,267238.03,2026-08-25 06:30:00
1787641200000,100.75,101.93,100.56,101.63,278494.58,2026-08-25 07:00:00
1787643000000,101.63,101.74,99.38,100.21,522853.32,2026-08-25 07:30:00
1787644800000,100.21,101.08,99.7,101.0,479780.1,2026-08-25 08:00:00
1787646600000,101.0,101.12,100.2,100.37,208993.8,2026-08-25 08:30:00
1787648400000,100.38,100.56,99.92,100.12,167547.67,2026-08-25 09:00:00
1787650200000,100.13,100.63,99.23,99.78,332783.2,2026-08-25 09:30:00
1787652000000,99.78,99.87,99.05,99.54,287847.7,2026-08-25 10:00:00
1787653800000,99.53,99.84,99.27,99.61,131038.31,2026-08-25 10:30:00
1787655600000,99.61,99.69,98.39,98.85,407159.82,2026-08-25 11:00:00
1787657400000,98.85,99.22,98.51,98.58,181469.68,2026-08-25 11:30:00
1787659200000,98.59,98.81,97.32,98.17,517316.19,2026-08-25 12:00:00
1787661000000,98.17,98.7,97.79,98.56,287527.51,2026-08-25 12:30:00
1787662800000,98.56,98.79,96.42,96.94,608341.32,2026-08-25 13:00:00
1787664600000,96.94,98.13,96.14,97.12,849628.21,2026-08-25 13:30:00
1787666400000,97.11,98.15,96.84,97.97,437481.28,2026-08-25 14:00:00
1787668200000,97.96,98.39,97.64,98.16,291405.1,2026-08-25 14:30:00
1787670000000,98.17,98.26,97.54,97.91,204158.37,2026-08-25 15:00:00
1787671800000,97.91,98.47,97.76,98.33,191517.81,2026-08-25 15:30:00
1787673600000,98.33,98.53,97.71,98.01,183845.35,2026-08-25 16:00:00
1787675400000,98.0,98.63,97.97,98.14,163118.87,2026-08-25 16:30:00
1787677200000,98.14,98.15,97.39,97.57,277076.46,2026-08-25 17:00:00
1787679000000,97.58,98.16,97.58,98.15,141240.44,2026-08-25 17:30:00
1787680800000,98.14,98.78,98.01,98.66,167927.6,2026-08-25 18:00:00
1787682600000,98.66,98.72,98.32,98.44,106787.72,2026-08-25 18:30:00
1787684400000,98.43,98.58,97.8,97.82,103364.35,2026-08-25 19:00:00
1787686200000,97.82,97.98,97.41,97.88,161918.09,2026-08-25 19:30:00
1787688000000,97.89,97.99,96.98,97.63,181722.85,2026-08-25 20:00:00
1787689800000,97.63,97.67,96.52,96.63,420948.32,2026-08-25 20:30:00
1787691600000,96.63,96.92,95.17,96.69,619116.68,2026-08-25 21:00:00
1787693400000,96.7,97.22,96.55,97.13,176846.83,2026-08-25 21:30:00
1787695200000,97.13,97.73,97.11,97.3,147881.26,2026-08-25 22:00:00
1787697000000,97.3,97.49,97.14,97.17,103440.43,2026-08-25 22:30:00
1787698800000,97.16,97.36,96.81,97.03,144465.45,2026-08-25 23:00:00
1787700600000,97.03,97.04,96.34,96.54,139107.1,2026-08-25 23:30:00
1787702400000,96.55,96.75,96.13,96.5,135346.66,2026-08-26 00:00:00
1787704200000,96.49,96.89,96.14,96.61,167520.44,2026-08-26 00:30:00
1787706000000,96.61,97.23,96.58,96.73,120636.15,2026-08-26 01:00:00
1787707800000,96.74,97.22,96.71,96.97,63780.79,2026-08-26 01:30:00
1787709600000,96.98,97.49,96.73,97.48,104587.75,2026-08-26 02:00:00
1787711400000,97.47,97.5,97.11,97.22,67807.83,2026-08-26 02:30:00
1787713200000,97.23,97.31,96.81,97.03,92154.95,2026-08-26 03:00:00
1787715000000,97.03,97.15,96.76,97.01,68273.82,2026-08-26 03:30:00
1787716800000,97.0,97.21,96.8,97.05,82570.5,2026-08-26 04:00:00
1787718600000,97.06,97.26,96.5,96.57,160267.17,2026-08-26 04:30:00
1787720400000,96.57,96.9,96.16,96.76,191625.59,2026-08-26 05:00:00
1787722200000,96.77,97.14,96.7,97.01,94088.07,2026-08-26 05:30:00
1787724000000,97.02,97.27,96.6,96.67,114651.93,2026-08-26 06:00:00
1787725800000,96.67,96.79,96.46,96.74,115770.54,2026-08-26 06:30:00
1787727600000,96.74,97.08,96.61,96.91,104374.26,2026-08-26 07:00:00
1787729400000,96.91,97.11,96.87,96.88,87235.26,2026-08-26 07:30:00
1787731200000,96.89,97.34,96.86,97.1,90935.0,2026-08-26 08:00:00
1787733000000,97.1,97.16,96.63,96.76,106107.06,2026-08-26 08:30:00
1787734800000,96.77,96.97,96.17,96.27,205667.83,2026-08-26 09:00:00
1787736600000,96.27,96.44,95.73,96.13,235602.25,2026-08-26 09:30:00
1787738400000,96.12,96.69,95.94,96.63,133381.64,2026-08-26 10:00:00
1787740200000,96.63,97.84,96.48,97.41,374581.6,2026-08-26 10:30:00
1787742000000,97.41,97.6,97.17,97.22,165625.85,2026-08-26 11:00:00
1787743800000,97.22,97.29,96.6,96.98,198129.22,2026-08-26 11:30:00
1787745600000,96.98,97.52,96.57,97.46,190781.67,2026-08-26 12:00:00
1787747400000,97.45,97.48,95.9,96.96,429603.81,2026-08-26 12:30:00
1787749200000,96.96,97.17,95.8,95.92,391666.13,2026-08-26 13:00:00
1787751000000,95.93,96.82,95.93,96.51,313059.64,2026-08-26 13:30:00
1787752800000,96.5,96.93,96.04,96.23,234335.37,2026-08-26 14:00:00
1787754600000,96.23,96.31,95.34,95.41,378531.68,2026-08-26 14:30:00
1787756400000,95.42,96.25,94.88,96.19,429826.08,2026-08-26 15:00:00
1787758200000,96.19,96.29,95.67,95.88,187886.03,2026-08-26 15:30:00
1787760000000,95.87,96.13,95.53,95.72,169557.6,2026-08-26 16:00:00
1787761800000,95.72,96.04,95.4,95.89,204644.66,2026-08-26 16:30:00
1787763600000,95.89,97.36,95.83,97.06,360624.66,2026-08-26 17:00:00
1787765400000,97.06,97.19,96.85,96.92,163160.03,2026-08-26 17:30:00
1787767200000,96.93,97.11,96.65,96.72,162267.15,2026-08-26 18:00:00
1787769000000,96.72,96.92,96.59,96.8,74352.92,2026-08-26 18:30:00
1787770800000,96.79,96.9,96.26,96.74,125388.6,2026-08-26 19:00:00
1787772600000,96.75,96.86,96.47,96.75,93806.8,2026-08-26 19:30:00
1787774400000,96.75,97.03,96.22,96.68,118549.71,2026-08-26 20:00:00
1787776200000,96.68,96.89,96.37,96.89,40720.78,2026-08-26 20:30:00
1787778000000,96.88,97.88,96.82,97.65,234017.38,2026-08-26 21:00:00
1787779800000,97.64,98.32,97.49,98.2,223269.63,2026-08-26 21:30:00
1787781600000,98.19,100.87,98.0,99.97,753950.02,2026-08-26 22:00:00
1787783400000,99.96,100.21,99.5,99.65,274693.74,2026-08-26 22:30:00
1787785200000,99.64,100.96,99.44,100.82,401981.94,2026-08-26 23:00:00
1787787000000,100.83,102.49,100.56,102.03,555352.14,2026-08-26 23:30:00
1787788800000,102.03,102.08,100.92,101.17,418250.41,2026-08-27 00:00:00
1787790600000,101.18,101.22,100.51,100.54,224203.42,2026-08-27 00:30:00
1787792400000,100.54,101.74,100.47,101.57,366520.61,2026-08-27 01:00:00
1787794200000,101.58,101.91,101.17,101.4,262986.54,2026-08-27 01:30:00
1787796000000,101.4,101.89,101.05,101.1,188593.0,2026-08-27 02:00:00
1787797800000,101.1,101.4,100.82,101.14,233490.4,2026-08-27 02:30:00
1787799600000,101.14,101.77,100.91,101.61,171698.84,2026-08-27 03:00:00
1787801400000,101.62,101.64,100.85,101.05,166396.53,2026-08-27 03:30:00
1787803200000,101.05,101.5,101.03,101.16,167173.57,2026-08-27 04:00:00
1787805000000,101.16,101.46,100.62,101.05,374828.9,2026-08-27 04:30:00
1787806800000,101.05,101.35,100.8,100.95,218029.82,2026-08-27 05:00:00
1787808600000,100.95,102.3,100.72,101.98,512852.13,2026-08-27 05:30:00
1787810400000,101.98,102.01,100.83,100.94,509277.23,2026-08-27 06:00:00
1787812200000,100.95,101.37,100.95,101.25,218266.01,2026-08-27 06:30:00
1787814000000,101.25,101.33,100.99,101.12,95730.41,2026-08-27 07:00:00
1787815800000,101.11,102.04,101.03,101.75,356662.95,2026-08-27 07:30:00
1787817600000,101.76,104.21,101.68,104.1,1446982.71,2026-08-27 08:00:00
1787819400000,104.1,105.15,103.73,104.61,1062268.59,2026-08-27 08:30:00
1787821200000,104.62,105.85,104.0,105.33,816086.21,2026-08-27 09:00:00
1787823000000,105.33,105.38,104.18,104.36,371274.4,2026-08-27 09:30:00
1787824800000,104.35,104.98,103.04,103.91,557697.24,2026-08-27 10:00:00
1787826600000,103.92,104.19,103.25,104.05,380450.32,2026-08-27 10:30:00
1787828400000,104.05,104.99,103.9,104.01,436999.78,2026-08-27 11:00:00
1787830200000,104.01,104.16,103.33,103.88,317972.09,2026-08-27 11:30:00
1787832000000,103.88,104.71,103.87,104.44,392543.57,2026-08-27 12:00:00
1787833800000,104.44,104.7,103.98,104.36,253855.83,2026-08-27 12:30:00
1787835600000,104.36,104.89,104.31,104.77,278851.84,2026-08-27 13:00:00
1787837400000,104.78,106.26,104.08,105.98,1132027.08,2026-08-27 13:30:00
1787839200000,105.98,106.66,105.15,105.95,1134661.09,2026-08-27 14:00:00
1787841000000,105.94,107.9,105.82,106.72,1204699.68,2026-08-27 14:30:00
1787842800000,106.73,107.94,106.62,107.34,682998.53,2026-08-27 15:00:00
1787844600000,107.35,107.38,106.39,107.1,518054.55,2026-08-27 15:30:00
1787846400000,107.1,108.46,106.8,107.91,735471.44,2026-08-27 16:00:00
1787848200000,107.9,109.47,107.77,108.86,857016.01,2026-08-27 16:30:00
1787850000000,108.86,109.64,107.98,108.09,708028.65,2026-08-27 17:00:00
1787851800000,108.08,108.43,107.65,108.1,416090.42,2026-08-27 17:30:00
1787853600000,108.1,108.22,106.6,107.07,664712.25,2026-08-27 18:00:00
1787855400000,107.06,108.33,107.02,108.33,289514.97,2026-08-27 18:30:00
1787857200000,108.34,109.18,108.2,109.04,443733.73,2026-08-27 19:00:00
1787859000000,109.04,109.92,108.83,109.35,564644.27,2026-08-27 19:30:00
1787860800000,109.32,109.71,108.71,109.0,310967.62,2026-08-27 20:00:00
1787862600000,109.01,109.22,108.37,108.96,164667.16,2026-08-27 20:30:00
1787864400000,108.95,109.07,108.33,108.41,155960.56,2026-08-27 21:00:00
1787866200000,108.4,108.75,108.13,108.67,107429.94,2026-08-27 21:30:00
1787868000000,108.67,110.64,108.67,109.2,597680.75,2026-08-27 22:00:00
1787869800000,109.2,109.52,108.98,109.12,128786.31,2026-08-27 22:30:00
1787871600000,109.12,109.99,108.78,109.84,215926.32,2026-08-27 23:00:00
1787873400000,109.84,109.96,109.01,109.08,159715.58,2026-08-27 23:30:00
1787875200000,109.09,109.81,108.61,109.72,307496.54,2026-08-28 00:00:00
1787877000000,109.71,110.06,109.01,109.04,318112.61,2026-08-28 00:30:00
1787878800000,109.05,109.52,108.77,109.37,259819.18,2026-08-28 01:00:00
1787880600000,109.36,109.71,107.62,107.77,448199.07,2026-08-28 01:30:00
1787882400000,107.76,107.93,106.73,107.11,434156.82,2026-08-28 02:00:00
1787884200000,107.12,107.34,106.03,106.47,507742.04,2026-08-28 02:30:00
1787886000000,106.48,107.31,105.78,106.94,497383.31,2026-08-28 03:00:00
1787887800000,106.95,107.19,106.62,106.78,188397.56,2026-08-28 03:30:00
1787889600000,106.77,107.72,106.19,106.93,443704.87,2026-08-28 04:00:00
1787891400000,106.93,107.15,106.41,106.71,173643.38,2026-08-28 04:30:00
1787893200000,106.71,106.99,106.55,106.84,142139.47,2026-08-28 05:00:00
1787895000000,106.85,107.43,106.83,107.14,205721.26,2026-08-28 05:30:00
1787896800000,107.15,107.48,107.14,107.2,135602.48,2026-08-28 06:00:00
1787898600000,107.2,107.79,107.11,107.5,165148.89,2026-08-28 06:30:00
1787900400000,107.49,107.5,106.45,106.77,294936.39,2026-08-28 07:00:00
1787902200000,106.77,106.81,106.21,106.31,220268.43,2026-08-28 07:30:00
1787904000000,106.31,106.86,106.3,106.45,147446.5,2026-08-28 08:00:00
1787905800000,106.44,106.62,105.72,106.01,301773.85,2026-08-28 08:30:00
1787907600000,106.01,106.56,105.76,106.25,209200.35,2026-08-28 09:00:00
1787909400000,106.26,106.36,105.42,105.89,251055.19,2026-08-28 09:30:00
1787911200000,105.89,105.96,104.45,105.48,681966.68,2026-08-28 10:00:00
1787913000000,105.49,106.18,105.46,106.15,232536.39,2026-08-28 10:30:00
1787914800000,106.14,106.77,106.05,106.14,380662.38,2026-08-28 11:00:00
1787916600000,106.13,106.24,105.48,105.76,200126.42,2026-08-28 11:30:00
1787918400000,105.75,105.96,104.81,104.88,314062.98,2026-08-28 12:00:00
1787920200000,104.88,105.16,104.43,104.81,478335.88,2026-08-28 12:30:00
1787922000000,104.81,105.14,104.66,104.97,224570.0,2026-08-28 13:00:00
1787923800000,104.96,105.53,104.54,105.09,364169.04,2026-08-28 13:30:00
1787925600000,105.09,105.94,103.52,104.48,1509151.66,2026-08-28 14:00:00
1787927400000,104.48,106.66,104.09,106.2,1053708.73,2026-08-28 14:30:00
1787929200000,106.2,107.87,105.16,106.7,1244405.75,2026-08-28 15:00:00
1787931000000,106.7,106.98,105.03,105.16,532025.98,2026-08-28 15:30:00
1787932800000,105.17,105.4,102.86,104.43,1367932.56,2026-08-28 16:00:00
1787934600000,104.44,105.68,104.36,105.1,749635.82,2026-08-28 16:30:00
1787936400000,105.1,105.2,104.43,104.55,270619.36,2026-08-28 17:00:00
1787938200000,104.55,105.05,104.22,104.62,219420.47,2026-08-28 17:30:00
1787940000000,104.62,104.68,103.39,103.85,301074.1,2026-08-28 18:00:00
1787941800000,103.85,103.86,102.2,103.06,575988.13,2026-08-28 18:30:00
1787943600000,103.05,103.48,102.96,103.35,239285.81,2026-08-28 19:00:00
1787945400000,103.34,103.84,103.23,103.36,205662.95,2026-08-28 19:30:00
1787947200000,103.36,103.61,102.74,103.52,196537.5,2026-08-28 20:00:00
1787949000000,103.51,104.28,103.3,103.8,147622.66,2026-08-28 20:30:00
1787950800000,103.81,103.92,103.39,103.76,82036.6,2026-08-28 21:00:00
1787952600000,103.77,103.99,103.2,103.4,115695.46,2026-08-28 21:30:00
1787954400000,103.4,103.9,103.35,103.84,96964.94,2026-08-28 22:00:00
1787956200000,103.85,104.16,103.68,104.08,110894.53,2026-08-28 22:30:00
1787958000000,104.08,104.34,103.96,104.02,157175.58,2026-08-28 23:00:00
1787959800000,104.02,104.17,103.93,104.09,44963.34,2026-08-28 23:30:00
1787961600000,104.08,104.57,104.04,104.36,116922.25,2026-08-29 00:00:00
1787963400000,104.36,104.36,103.83,103.85,69152.23,2026-08-29 00:30:00
1787965200000,103.86,104.1,103.75,104.08,61991.59,2026-08-29 01:00:00
1787967000000,104.08,104.3,103.94,104.1,107302.31,2026-08-29 01:30:00
1787968800000,104.11,104.34,103.67,103.81,125959.15,2026-08-29 02:00:00
1787970600000,103.82,104.08,103.53,103.89,100481.37,2026-08-29 02:30:00
1787972400000,103.89,104.04,103.76,104.02,82115.27,2026-08-29 03:00:00
1787974200000,104.02,104.18,103.77,103.83,102480.3,2026-08-29 03:30:00
1787976000000,103.83,103.87,103.41,103.56,130975.39,2026-08-29 04:00:00
1787977800000,103.57,104.0,103.37,103.82,158653.03,2026-08-29 04:30:00
1787979600000,103.82,104.15,103.77,104.0,91184.27,2026-08-29 05:00:00
1787981400000,104.0,104.08,103.81,103.97,61662.43,2026-08-29 05:30:00
1787983200000,103.97,103.98,103.27,103.44,170462.44,2026-08-29 06:00:00
1787985000000,103.45,103.65,103.43,103.52,70929.44,2026-08-29 06:30:00
1787986800000,103.53,103.84,103.52,103.66,96100.08,2026-08-29 07:00:00
1787988600000,103.65,103.92,103.5,103.65,91625.33,2026-08-29 07:30:00
1787990400000,103.66,103.66,103.21,103.43,116689.94,2026-08-29 08:00:00
1787992200000,103.43,103.43,103.04,103.42,109823.47,2026-08-29 08:30:00
1787994000000,103.41,103.44,103.22,103.3,71251.58,2026-08-29 09:00:00
1787995800000,103.31,103.56,103.26,103.27,103184.75,2026-08-29 09:30:00
1787997600000,103.26,103.52,102.95,103.39,148186.87,2026-08-29 10:00:00
1787999400000,103.4,103.55,103.24,103.39,55377.39,2026-08-29 10:30:00
1788001200000,103.39,103.66,103.34,103.49,51441.61,2026-08-29 11:00:00
1788003000000,103.49,103.63,103.43,103.43,36615.44,2026-08-29 11:30:00
1788004800000,103.44,103.96,103.32,103.43,155564.81,2026-08-29 12:00:00
1788006600000,103.44,103.64,103.34,103.55,61868.46,2026-08-29 12:30:00
1788008400000,103.55,103.73,103.45,103.66,41541.35,2026-08-29 13:00:00
1788010200000,103.66,103.91,103.58,103.74,65648.5,2026-08-29 13:30:00
1788012000000,103.75,104.38,103.72,104.22,180517.45,2026-08-29 14:00:00
1788013800000,104.22,105.49,104.18,105.33,629180.31,2026-08-29 14:30:00
1788015600000,105.33,105.44,104.55,105.02,289113.72,2026-08-29 15:00:00
1788017400000,105.02,105.14,104.76,104.96,110428.48,2026-08-29 15:30:00
1788019200000,104.95,105.36,104.74,104.99,206239.04,2026-08-29 16:00:00
1788021000000,104.98,105.24,104.78,104.78,155088.75,2026-08-29 16:30:00
1788022800000,104.79,105.07,104.55,104.61,87333.38,2026-08-29 17:00:00
1788024600000,104.61,104.81,104.29,104.8,149754.57,2026-08-29 17:30:00
1788026400000,104.8,105.03,104.68,104.77,96790.57,2026-08-29 18:00:00
1788028200000,104.77,105.27,104.66,105.05,125194.29,2026-08-29 18:30:00
1788030000000,105.06,105.85,105.05,105.68,168866.23,2026-08-29 19:00:00
1788031800000,105.69,105.75,105.13,105.29,140821.34,2026-08-29 19:30:00
1788033600000,105.29,105.44,105.12,105.13,64761.11,2026-08-29 20:00:00
1788035400000,105.13,105.27,104.96,105.15,90210.87,2026-08-29 20:30:00
1788037200000,105.15,105.32,104.91,104.96,79950.11,2026-08-29 21:00:00
1788039000000,104.96,105.03,104.7,104.99,80036.54,2026-08-29 21:30:00
1788040800000,104.98,105.12,104.82,105.07,35830.94,2026-08-29 22:00:00
1788042600000,105.07,105.49,105.06,105.42,45034.97,2026-08-29 22:30:00
1788044400000,105.43,105.71,105.41,105.61,109728.21,2026-08-29 23:00:00
1788046200000,105.6,105.71,105.38,105.54,57621.02,2026-08-29 23:30:00
1788048000000,105.54,105.64,105.18,105.28,136469.93,2026-08-30 00:00:00
1788049800000,105.28,105.46,105.15,105.19,114756.3,2026-08-30 00:30:00
1788051600000,105.18,105.31,105.04,105.05,83604.78,2026-08-30 01:00:00
1788053400000,105.06,105.3,104.94,105.16,89322.56,2026-08-30 01:30:00
1788055200000,105.17,105.48,105.11,105.29,98405.28,2026-08-30 02:00:00
1788057000000,105.3,105.4,105.12,105.15,81130.48,2026-08-30 02:30:00
1788058800000,105.15,105.22,104.88,105.22,107088.28,2026-08-30 03:00:00
1788060600000,105.23,105.28,104.97,105.01,72236.06,2026-08-30 03:30:00
1788062400000,105.01,105.07,104.81,104.94,87632.29,2026-08-30 04:00:00
1788064200000,104.95,105.05,104.57,105.05,135557.77,2026-08-30 04:30:00
1788066000000,105.05,105.2,104.91,104.99,71770.18,2026-08-30 05:00:00
1788067800000,105.0,105.03,104.84,105.03,43460.07,2026-08-30 05:30:00
1788069600000,105.02,105.05,104.87,104.96,30466.32,2026-08-30 06:00:00
1788071400000,104.96,105.35,104.87,105.34,95991.6,2026-08-30 06:30:00
1788073200000,105.34,105.38,105.04,105.06,44008.68,2026-08-30 07:00:00
1788075000000,105.06,105.09,104.65,104.77,119834.84,2026-08-30 07:30:00
1788076800000,104.77,105.0,104.72,104.95,82115.02,2026-08-30 08:00:00
1788078600000,104.96,104.99,104.33,104.69,125582.21,2026-08-30 08:30:00
1788080400000,104.7,104.91,104.36,104.44,97424.58,2026-08-30 09:00:00
1788082200000,104.45,104.69,104.38,104.54,93240.68,2026-08-30 09:30:00
1788084000000,104.53,104.93,104.43,104.77,117529.26,2026-08-30 10:00:00
1788085800000,104.77,105.17,104.77,105.03,127886.14,2026-08-30 10:30:00
1788087600000,105.04,105.26,105.01,105.16,65022.46,2026-08-30 11:00:00
1788089400000,105.17,105.19,104.86,105.05,102476.79,2026-08-30 11:30:00
1788091200000,105.06,105.82,105.0,105.39,397234.98,2026-08-30 12:00:00
1788093000000,105.39,106.17,105.17,106.04,262857.03,2026-08-30 12:30:00
1788094800000,106.04,106.36,105.81,106.31,278827.8,2026-08-30 13:00:00
1788096600000,106.32,107.46,106.18,107.04,841216.49,2026-08-30 13:30:00
1788098400000,107.04,107.19,106.66,106.85,281285.19,2026-08-30 14:00:00
1788100200000,106.86,106.99,106.57,106.68,163546.83,2026-08-30 14:30:00
1788102000000,106.69,106.77,105.87,106.36,403644.63,2026-08-30 15:00:00
1788103800000,106.36,106.62,106.06,106.23,166383.77,2026-08-30 15:30:00
1788105600000,106.23,107.11,106.08,106.5,443601.38,2026-08-30 16:00:00
1788107400000,106.5,106.95,106.4,106.84,301919.63,2026-08-30 16:30:00
1788109200000,106.84,106.84,105.15,105.78,604299.07,2026-08-30 17:00:00
1788111000000,105.77,106.36,105.6,106.33,240057.5,2026-08-30 17:30:00
1788112800000,106.33,106.77,105.92,106.67,262803.8,2026-08-30 18:00:00
1788114600000,106.67,106.8,106.43,106.62,183564.09,2026-08-30 18:30:00
1788116400000,106.62,106.74,106.18,106.2,153305.73,2026-08-30 19:00:00
1788118200000,106.21,106.33,105.37,105.75,292940.3,2026-08-30 19:30:00
1788120000000,105.75,105.95,105.33,105.34,173412.71,2026-08-30 20:00:00
1788121800000,105.35,105.39,104.23,104.69,444357.55,2026-08-30 20:30:00
1788123600000,104.69,104.72,103.16,104.19,564206.99,2026-08-30 21:00:00
1788125400000,104.18,104.47,104.09,104.38,107384.66,2026-08-30 21:30:00
1788127200000,104.39,104.7,103.29,103.57,306276.73,2026-08-30 22:00:00
1788129000000,103.58,103.87,103.25,103.75,194830.79,2026-08-30 22:30:00
1788130800000,103.75,103.75,101.17,101.71,902793.79,2026-08-30 23:00:00
1788132600000,101.71,102.15,100.2,101.69,1022712.44,2026-08-30 23:30:00
1788134400000,101.69,102.34,101.05,102.06,469137.4,2026-08-31 00:00:00
1788136200000,102.07,102.56,101.99,102.08,239193.86,2026-08-31 00:30:00
1788138000000,102.08,102.18,101.41,101.94,236064.28,2026-08-31 01:00:00
1788139800000,101.94,102.14,101.34,101.46,223107.67,2026-08-31 01:30:00
1788141600000,101.46,102.31,101.28,102.0,308068.88,2026-08-31 02:00:00
1788143400000,102.0,102.09,101.14,101.4,208090.74,2026-08-31 02:30:00
1788145200000,101.39,101.91,101.21,101.7,238269.45,2026-08-31 03:00:00
1788147000000,101.69,102.15,101.61,101.89,156086.26,2026-08-31 03:30:00
1788148800000,101.89,101.94,100.83,101.04,347466.47,2026-08-31 04:00:00
1788150600000,101.04,101.5,100.98,101.38,190489.61,2026-08-31 04:30:00
1788152400000,101.38,102.99,101.19,102.61,654129.81,2026-08-31 05:00:00
1788154200000,102.62,102.73,102.22,102.58,205006.07,2026-08-31 05:30:00
1788156000000,102.58,102.85,102.26,102.67,217906.75,2026-08-31 06:00:00
1788157800000,102.67,102.82,102.44,102.66,135766.67,2026-08-31 06:30:00
1788159600000,102.65,103.15,102.56,102.88,213624.45,2026-08-31 07:00:00
1788161400000,102.88,102.99,102.65,102.9,127394.57,2026-08-31 07:30:00
1788163200000,102.9,103.02,102.37,102.65,195438.98,2026-08-31 08:00:00
1788165000000,102.65,103.41,102.62,103.15,195762.04,2026-08-31 08:30:00
1788166800000,103.15,103.44,102.91,103.08,220351.91,2026-08-31 09:00:00
1788168600000,103.09,103.3,102.96,103.01,109548.08,2026-08-31 09:30:00
1788170400000,103.02,103.05,102.57,102.84,164853.08,2026-08-31 10:00:00
1788172200000,102.84,104.04,102.74,103.59,333560.27,2026-08-31 10:30:00
1788174000000,103.59,104.12,103.42,103.85,258879.29,2026-08-31 11:00:00
1788175800000,103.85,103.85,103.19,103.33,159111.87,2026-08-31 11:30:00
1788177600000,103.33,103.7,102.87,103.13,250766.55,2026-08-31 12:00:00
1788179400000,103.12,103.18,102.29,102.7,294131.5,2026-08-31 12:30:00
1788181200000,102.71,103.01,102.51,102.68,193406.38,2026-08-31 13:00:00
1788183000000,102.67,102.99,102.05,102.31,314119.73,2026-08-31 13:30:00
1788184800000,102.31,102.74,102.14,102.53,206540.75,2026-08-31 14:00:00
1788186600000,102.53,103.89,102.29,103.47,480523.88,2026-08-31 14:30:00
1788188400000,103.48,103.61,102.73,103.2,244707.05,2026-08-31 15:00:00
1788190200000,103.2,103.45,102.68,102.81,191640.39,2026-08-31 15:30:00
1788192000000,102.8,103.01,102.37,102.58,234404.18,2026-08-31 16:00:00
1788193800000,102.58,103.29,102.4,102.78,187727.42,2026-08-31 16:30:00
1788195600000,102.77,103.15,102.56,102.69,130805.87,2026-08-31 17:00:00
1788197400000,102.7,103.76,102.7,103.56,252035.75,2026-08-31 17:30:00
1788199200000,103.56,104.03,103.32,103.72,201883.63,2026-08-31 18:00:00
1788201000000,103.71,104.97,103.65,104.41,414301.26,2026-08-31 18:30:00
1788202800000,104.4,104.73,103.88,104.05,176074.41,2026-08-31 19:00:00
1788204600000,104.06,104.07,103.46,103.55,177886.16,2026-08-31 19:30:00
1788206400000,103.56,104.26,103.49,103.94,94536.73,2026-08-31 20:00:00
1788208200000,103.94,104.06,103.47,103.68,105271.01,2026-08-31 20:30:00
1788210000000,103.68,103.71,103.16,103.6,200151.16,2026-08-31 21:00:00
1788211800000,103.6,103.94,103.55,103.59,94523.12,2026-08-31 21:30:00
1788213600000,103.59,103.72,103.2,103.27,72287.69,2026-08-31 22:00:00
1788215400000,103.28,103.33,103.03,103.14,75135.48,2026-08-31 22:30:00
1788217200000,103.15,103.19,102.81,103.15,117960.41,2026-08-31 23:00:00
1788219000000,103.14,103.16,102.88,103.0,38455.72,2026-08-31 23:30:00
1788220800000,103.0,103.5,102.88,103.36,125233.39,2026-09-01 00:00:00
1788222600000,103.36,103.44,102.97,103.14,140598.01,2026-09-01 00:30:00
1788224400000,103.13,103.47,102.62,102.9,155790.26,2026-09-01 01:00:00
1788226200000,102.9,103.45,102.77,103.2,103838.13,2026-09-01 01:30:00
1788228000000,103.19,103.24,102.74,103.03,140899.15,2026-09-01 02:00:00
1788229800000,103.04,103.38,102.99,103.33,97182.86,2026-09-01 02:30:00
1788231600000,103.32,103.51,103.21,103.46,105950.24,2026-09-01 03:00:00
1788233400000,103.45,104.18,103.42,103.59,268876.75,2026-09-01 03:30:00
1788235200000,103.59,104.03,103.5,103.79,134156.63,2026-09-01 04:00:00
1788237000000,103.79,103.89,103.42,103.57,118153.45,2026-09-01 04:30:00
1788238800000,103.57,104.05,103.52,103.93,135459.59,2026-09-01 05:00:00
1788240600000,103.92,104.37,103.84,104.26,250804.97,2026-09-01 05:30:00
1788242400000,104.26,104.26,103.67,103.87,175382.5,2026-09-01 06:00:00
1788244200000,103.87,104.01,103.32,103.33,133327.02,2026-09-01 06:30:00
1788246000000,103.33,103.55,103.14,103.27,241449.62,2026-09-01 07:00:00
1788247800000,103.28,103.29,102.73,103.09,231271.82,2026-09-01 07:30:00
1788249600000,103.1,103.16,102.02,102.05,379886.95,2026-09-01 08:00:00
1788251400000,102.06,102.46,101.67,102.01,413578.52,2026-09-01 08:30:00
1788253200000,102.01,102.22,101.79,102.04,221687.73,2026-09-01 09:00:00
1788255000000,102.04,102.18,101.89,101.9,104456.5,2026-09-01 09:30:00
1788256800000,101.9,102.45,101.88,102.28,224237.44,2026-09-01 10:00:00
1788258600000,102.28,102.67,102.18,102.31,220663.99,2026-09-01 10:30:00
1788260400000,102.3,102.36,102.01,102.15,98072.26,2026-09-01 11:00:00
1788262200000,102.14,102.56,102.04,102.22,162485.05,2026-09-01 11:30:00
1788264000000,102.22,102.43,102.02,102.24,98632.45,2026-09-01 12:00:00
1788265800000,102.24,102.24,101.33,101.86,349982.08,2026-09-01 12:30:00
1788267600000,101.85,101.94,101.22,101.79,291102.98,2026-09-01 13:00:00
1788269400000,101.79,102.44,101.27,101.88,359890.1,2026-09-01 13:30:00
1788271200000,101.89,102.52,101.78,102.11,306352.47,2026-09-01 14:00:00
1788273000000,102.1,102.44,101.82,101.96,163609.48,2026-09-01 14:30:00
1788274800000,101.95,101.96,100.89,101.77,440836.94,2026-09-01 15:00:00
1788276600000,101.77,102.29,101.65,101.98,175406.03,2026-09-01 15:30:00
1788278400000,101.97,102.0,101.06,101.3,319548.01,2026-09-01 16:00:00
1788280200000,101.3,101.3,100.52,100.86,387762.81,2026-09-01 16:30:00
1788282000000,100.85,101.11,100.45,100.95,236494.18,2026-09-01 17:00:00
1788283800000,100.96,101.17,100.32,100.52,282729.94,2026-09-01 17:30:00
1788285600000,100.53,100.65,98.99,99.43,898144.4,2026-09-01 18:00:00
1788287400000,99.43,99.57,98.28,99.55,854922.13,2026-09-01 18:30:00
1788289200000,99.55,100.29,99.47,100.09,375225.7,2026-09-01 19:00:00
1788291000000,100.09,100.15,99.75,100.02,119945.64,2026-09-01 19:30:00
1788292800000,100.02,100.35,99.69,100.02,192843.77,2026-09-01 20:00:00
1788294600000,100.02,100.14,99.61,100.05,155419.05,2026-09-01 20:30:00
1788296400000,100.06,100.17,98.86,99.43,301464.63,2026-09-01 21:00:00
1788298200000,99.43,99.7,99.1,99.54,92920.07,2026-09-01 21:30:00
1788300000000,99.55,99.89,99.34,99.35,103674.11,2026-09-01 22:00:00
1788301800000,99.36,99.87,99.29,99.63,145691.13,2026-09-01 22:30:00
1788303600000,99.62,99.91,99.55,99.89,113380.72,2026-09-01 23:00:00
1788305400000,99.89,100.19,99.81,99.91,152940.67,2026-09-01 23:30:00
1788307200000,99.92,100.19,99.67,99.7,121021.25,2026-09-02 00:00:00
1788309000000,99.7,99.89,99.55,99.6,94499.52,2026-09-02 00:30:00
1788310800000,99.59,99.88,99.47,99.47,151674.86,2026-09-02 01:00:00
1788312600000,99.48,99.69,98.42,99.03,404072.7,2026-09-02 01:30:00
1788314400000,99.03,99.58,98.7,99.55,277289.79,2026-09-02 02:00:00
1788316200000,99.55,99.88,99.31,99.88,245399.1,2026-09-02 02:30:00
1788318000000,99.88,100.65,99.78,100.52,336636.77,2026-09-02 03:00:00
1788319800000,100.53,100.54,100.05,100.23,192907.24,2026-09-02 03:30:00
1788321600000,100.24,100.24,99.68,99.9,183400.93,2026-09-02 04:00:00
1788323400000,99.91,100.1,99.88,100.04,79887.24,2026-09-02 04:30:00
1788325200000,100.04,100.37,99.7,100.26,151874.09,2026-09-02 05:00:00
1788327000000,100.25,100.34,100.08,100.21,80775.44,2026-09-02 05:30:00
1788328800000,100.22,100.33,99.78,99.8,152088.3,2026-09-02 06:00:00
1788330600000,99.8,100.21,99.59,100.01,134988.7,2026-09-02 06:30:00
1788332400000,100.02,100.38,99.92,99.98,83630.66,2026-09-02 07:00:00
1788334200000,99.99,100.06,99.74,99.78,78135.43,2026-09-02 07:30:00
1788336000000,99.77,99.97,99.61,99.67,99529.84,2026-09-02 08:00:00
1788337800000,99.66,99.66,98.71,98.95,442809.22,2026-09-02 08:30:00
1788339600000,98.95,99.27,98.56,99.19,256617.16,2026-09-02 09:00:00
1788341400000,99.19,99.19,98.09,98.58,381795.6,2026-09-02 09:30:00
1788343200000,98.57,98.62,98.2,98.26,150831.13,2026-09-02 10:00:00
1788345000000,98.25,98.31,97.37,98.18,523707.61,2026-09-02 10:30:00
1788346800000,98.18,98.22,97.31,97.69,298279.76,2026-09-02 11:00:00
1788348600000,97.69,98.17,97.57,98.05,178698.52,2026-09-02 11:30:00
1788350400000,98.05,98.43,97.84,98.29,255081.14,2026-09-02 12:00:00
1788352200000,98.28,98.28,97.53,97.63,209605.17,2026-09-02 12:30:00
1788354000000,97.64,98.37,97.63,98.22,121004.79,2026-09-02 13:00:00
1788355800000,98.23,99.61,97.94,99.15,624909.63,2026-09-02 13:30:00
1788357600000,99.15,99.75,98.97,99.37,349786.37,2026-09-02 14:00:00
1788359400000,99.37,99.44,98.82,98.87,275326.86,2026-09-02 14:30:00
1788361200000,98.87,99.19,98.37,98.92,372783.97,2026-09-02 15:00:00
1788363000000,98.92,99.46,98.82,99.26,158818.32,2026-09-02 15:30:00
1788364800000,99.25,99.76,99.05,99.49,232491.37,2026-09-02 16:00:00
1788366600000,99.5,99.6,98.7,98.73,249879.93,2026-09-02 16:30:00
1788368400000,98.74,98.88,98.14,98.51,319873.79,2026-09-02 17:00:00
1788370200000,98.5,99.27,98.5,99.25,198186.21,2026-09-02 17:30:00
1788372000000,99.26,99.64,99.11,99.39,265481.2,2026-09-02 18:00:00
1788373800000,99.39,99.49,99.1,99.46,96895.23,2026-09-02 18:30:00
1788375600000,99.45,99.59,99.08,99.09,96010.54,2026-09-02 19:00:00
1788377400000,99.09,99.39,99.01,99.38,88757.01,2026-09-02 19:30:00
1788379200000,99.38,99.99,99.27,99.59,234538.21,2026-09-02 20:00:00
1788381000000,99.59,99.86,99.41,99.65,158082.1,2026-09-02 20:30:00
1788382800000,99.65,99.69,99.49,99.5,49501.59,2026-09-02 21:00:00
1788384600000,99.5,99.82,99.37,99.6,112636.12,2026-09-02 21:30:00
1788386400000,99.6,99.63,99.15,99.18,107438.95,2026-09-02 22:00:00
1788388200000,99.17,99.71,99.17,99.48,97144.2,2026-09-02 22:30:00
1788390000000,99.49,99.95,99.37,99.91,111940.71,2026-09-02 23:00:00
1788391800000,99.9,100.48,99.74,100.37,179807.65,2026-09-02 23:30:00
1788393600000,100.38,100.4,99.62,99.67,176950.78,2026-09-03 00:00:00
1788395400000,99.66,99.81,99.44,99.46,175580.75,2026-09-03 00:30:00
1788397200000,99.45,100.36,99.09,100.3,247354.75,2026-09-03 01:00:00
1788399000000,100.3,100.57,99.88,100.11,229083.5,2026-09-03 01:30:00
1788400800000,100.1,100.44,99.89,100.4,87461.03,2026-09-03 02:00:00
1788402600000,100.4,101.33,100.32,101.07,551788.26,2026-09-03 02:30:00
1788404400000,101.08,101.14,100.55,100.57,202612.43,2026-09-03 03:00:00
1788406200000,100.56,100.73,100.14,100.47,211972.44,2026-09-03 03:30:00
1788408000000,100.47,100.66,100.06,100.16,222080.58,2026-09-03 04:00:00
1788409800000,100.15,100.96,100.01,100.93,167200.34,2026-09-03 04:30:00
1788411600000,100.94,100.98,99.65,99.86,315194.14,2026-09-03 05:00:00
1788413400000,99.86,100.91,99.82,100.81,283069.93,2026-09-03 05:30:00
1788415200000,100.81,100.9,100.53,100.85,180186.84,2026-09-03 06:00:00
1788417000000,100.85,100.93,100.74,100.84,77911.18,2026-09-03 06:30:00
1788418800000,100.83,101.33,100.65,100.82,304717.53,2026-09-03 07:00:00
1788420600000,100.81,101.06,100.2,100.35,242308.02,2026-09-03 07:30:00
1788422400000,100.35,101.09,100.34,100.82,171734.12,2026-09-03 08:00:00
1788424200000,100.82,100.87,100.45,100.58,76471.14,2026-09-03 08:30:00
1788426000000,100.57,100.75,100.27,100.28,143386.33,2026-09-03 09:00:00
1788427800000,100.28,100.41,100.08,100.12,116560.24,2026-09-03 09:30:00
1788429600000,100.12,100.34,99.95,100.09,172952.68,2026-09-03 10:00:00
1788431400000,100.09,100.44,99.87,100.4,146775.52,2026-09-03 10:30:00
1788433200000,100.39,100.85,100.27,100.76,189531.55,2026-09-03 11:00:00
1788435000000,100.76,100.96,100.57,100.74,196331.33,2026-09-03 11:30:00
1788436800000,100.73,101.0,100.57,100.69,156597.94,2026-09-03 12:00:00
1788438600000,100.69,101.82,100.69,101.61,628095.33,2026-09-03 12:30:00
1788440400000,101.61,101.67,101.3,101.36,294780.07,2026-09-03 13:00:00
1788442200000,101.35,101.97,101.01,101.42,408115.89,2026-09-03 13:30:00
1788444000000,101.41,102.74,101.16,102.6,508023.27,2026-09-03 14:00:00
1788445800000,102.6,104.8,102.32,104.75,1193493.26,2026-09-03 14:30:00
1788447600000,104.75,105.62,103.91,104.26,1137013.31,2026-09-03 15:00:00
1788449400000,104.26,105.19,103.72,105.11,546595.22,2026-09-03 15:30:00
1788451200000,105.11,105.14,103.8,103.96,442992.23,2026-09-03 16:00:00
1788453000000,103.97,104.74,103.97,104.51,203918.12,2026-09-03 16:30:00
1788454800000,104.52,104.93,104.35,104.78,159629.77,2026-09-03 17:00:00
1788456600000,104.79,105.16,104.77,105.04,147797.97,2026-09-03 17:30:00
1788458400000,105.04,105.18,104.56,104.73,139385.74,2026-09-03 18:00:00
1788460200000,104.73,105.24,104.63,105.16,106926.05,2026-09-03 18:30:00
1788462000000,105.16,105.89,104.99,105.43,239608.76,2026-09-03 19:00:00
1788463800000,105.42,105.45,105.02,105.25,143565.14,2026-09-03 19:30:00
1788465600000,105.24,105.4,104.7,105.3,133185.86,2026-09-03 20:00:00
1788467400000,105.31,105.39,104.85,104.85,73530.9,2026-09-03 20:30:00
1788469200000,104.86,105.37,104.73,105.19,149053.79,2026-09-03 21:00:00
1788471000000,105.19,105.69,104.82,105.15,228858.17,2026-09-03 21:30:00
1788472800000,105.15,105.26,104.19,104.23,218600.39,2026-09-03 22:00:00
1788474600000,104.23,104.36,103.51,104.1,324390.18,2026-09-03 22:30:00
1788476400000,104.1,104.2,103.77,104.03,190608.17,2026-09-03 23:00:00
1788478200000,104.04,104.17,103.76,103.87,219686.78,2026-09-03 23:30:00
1788480000000,103.87,103.96,103.45,103.58,339882.89,2026-09-04 00:00:00
1788481800000,103.58,104.32,103.34,103.43,315899.55,2026-09-04 00:30:00
1788483600000,103.43,103.81,103.25,103.44,146227.71,2026-09-04 01:00:00
1788485400000,103.44,103.81,103.15,103.75,169575.55,2026-09-04 01:30:00
1788487200000,103.74,103.76,103.28,103.38,119790.6,2026-09-04 02:00:00
1788489000000,103.39,103.74,103.36,103.74,75126.4,2026-09-04 02:30:00
1788490800000,103.74,104.08,103.72,103.76,121445.73,2026-09-04 03:00:00
1788492600000,103.77,103.87,103.63,103.63,43754.4,2026-09-04 03:30:00
1788494400000,103.63,104.25,103.51,104.23,145733.99,2026-09-04 04:00:00
1788496200000,104.23,104.3,103.75,103.83,100264.26,2026-09-04 04:30:00
1788498000000,103.83,103.99,103.62,103.66,148588.86,2026-09-04 05:00:00
1788499800000,103.65,103.93,103.38,103.64,176479.32,2026-09-04 05:30:00
1788501600000,103.63,103.98,103.33,103.37,161769.61,2026-09-04 06:00:00
1788503400000,103.37,103.65,103.27,103.57,107150.93,2026-09-04 06:30:00
1788505200000,103.58,103.99,103.55,103.75,169982.3,2026-09-04 07:00:00
1788507000000,103.75,103.88,103.48,103.55,147687.37,2026-09-04 07:30:00
1788508800000,103.55,103.88,103.16,103.87,184224.48,2026-09-04 08:00:00
1788510600000,103.86,104.48,103.71,104.31,263339.85,2026-09-04 08:30:00
1788512400000,104.31,104.76,103.89,104.06,327109.71,2026-09-04 09:00:00
1788514200000,104.05,104.55,103.92,103.99,250560.96,2026-09-04 09:30:00
1788516000000,104.0,104.07,103.49,103.8,171407.78,2026-09-04 10:00:00
1788517800000,103.8,104.11,103.75,104.09,99592.09,2026-09-04 10:30:00
1788519600000,104.08,104.3,103.9,104.19,166775.27,2026-09-04 11:00:00
1788521400000,104.18,104.44,104.0,104.02,101924.67,2026-09-04 11:30:00
1788523200000,104.03,104.4,103.83,104.32,156505.49,2026-09-04 12:00:00
1788525000000,104.31,104.31,100.08,101.52,2315779.99,2026-09-04 12:30:00
1788526800000,101.53,101.71,100.93,101.33,318548.12,2026-09-04 13:00:00
1788528600000,101.32,102.2,100.99,101.59,433886.29,2026-09-04 13:30:00
1788530400000,101.59,101.75,100.75,101.23,196031.87,2026-09-04 14:00:00
1788532200000,101.23,101.33,100.22,100.73,348751.73,2026-09-04 14:30:00
1788534000000,100.74,101.48,100.6,101.43,248273.77,2026-09-04 15:00:00
1788535800000,101.44,101.6,101.28,101.37,197115.44,2026-09-04 15:30:00
1788537600000,101.37,101.72,101.28,101.65,112455.23,2026-09-04 16:00:00
1788539400000,101.66,102.06,101.65,101.76,190244.34,2026-09-04 16:30:00
1788541200000,101.77,101.79,101.46,101.52,121363.43,2026-09-04 17:00:00
1788543000000,101.52,101.59,101.0,101.19,264606.11,2026-09-04 17:30:00
1788544800000,101.19,101.52,101.16,101.37,78995.84,2026-09-04 18:00:00
1788546600000,101.37,101.63,101.37,101.57,39032.14,2026-09-04 18:30:00
1788548400000,101.58,101.88,101.55,101.82,96729.11,2026-09-04 19:00:00
1788550200000,101.82,101.83,101.55,101.61,93952.15,2026-09-04 19:30:00
1788552000000,101.62,101.79,101.53,101.57,68982.03,2026-09-04 20:00:00
1788553800000,101.57,101.8,101.56,101.69,54067.87,2026-09-04 20:30:00
1788555600000,101.69,101.79,101.59,101.63,98998.89,2026-09-04 21:00:00
1788557400000,101.63,101.86,101.37,101.5,91263.02,2026-09-04 21:30:00
1788559200000,101.5,101.79,101.49,101.62,48573.77,2026-09-04 22:00:00
1788561000000,101.61,101.72,101.55,101.67,24099.1,2026-09-04 22:30:00
1788562800000,101.66,101.91,101.6,101.83,54418.74,2026-09-04 23:00:00
1788564600000,101.84,101.9,101.77,101.86,35791.82,2026-09-04 23:30:00
1788566400000,101.86,101.86,101.66,101.81,32772.82,2026-09-05 00:00:00
1788568200000,101.81,101.95,101.7,101.77,79124.27,2026-09-05 00:30:00
1788570000000,101.77,101.97,101.67,101.97,82056.52,2026-09-05 01:00:00
1788571800000,101.97,102.13,101.79,101.8,95153.2,2026-09-05 01:30:00
1788573600000,101.8,101.89,101.69,101.73,73035.72,2026-09-05 02:00:00
1788575400000,101.73,101.9,101.62,101.89,54400.14,2026-09-05 02:30:00
1788577200000,101.89,101.92,101.69,101.88,63336.81,2026-09-05 03:00:00
1788579000000,101.89,101.95,101.77,101.81,26821.11,2026-09-05 03:30:00
1788580800000,101.82,101.85,101.63,101.83,83445.22,2026-09-05 04:00:00
1788582600000,101.83,101.87,101.67,101.7,60092.92,2026-09-05 04:30:00
1788584400000,101.7,101.8,101.54,101.75,81493.69,2026-09-05 05:00:00
1788586200000,101.75,101.88,101.63,101.82,66817.49,2026-09-05 05:30:00
1788588000000,101.82,101.99,101.76,101.93,62744.36,2026-09-05 06:00:00
1788589800000,101.93,102.35,101.93,102.22,117203.34,2026-09-05 06:30:00
1788591600000,102.22,102.49,102.13,102.44,114566.77,2026-09-05 07:00:00
1788593400000,102.44,102.56,102.1,102.15,85295.02,2026-09-05 07:30:00
1788595200000,102.15,102.38,102.03,102.26,109685.04,2026-09-05 08:00:00
1788597000000,102.26,102.55,102.09,102.52,74315.24,2026-09-05 08:30:00
1788598800000,102.52,102.77,102.48,102.49,100927.14,2026-09-05 09:00:00
1788600600000,102.49,102.58,102.45,102.48,38616.29,2026-09-05 09:30:00
1788602400000,102.48,102.51,102.3,102.47,85882.72,2026-09-05 10:00:00
1788604200000,102.47,102.65,102.45,102.46,67693.28,2026-09-05 10:30:00
1788606000000,102.46,102.53,102.21,102.24,83660.75,2026-09-05 11:00:00
1788607800000,102.25,102.38,102.15,102.29,73985.12,2026-09-05 11:30:00
1788609600000,102.29,102.39,102.26,102.33,23981.57,2026-09-05 12:00:00
1788611400000,102.33,103.19,102.24,103.17,258227.29,2026-09-05 12:30:00
1788613200000,103.17,103.42,102.98,103.03,224869.59,2026-09-05 13:00:00
1788615000000,103.04,103.17,102.52,102.6,212080.18,2026-09-05 13:30:00
1788616800000,102.6,102.9,102.59,102.85,73180.95,2026-09-05 14:00:00
1788618600000,102.85,102.9,102.65,102.8,68038.04,2026-09-05 14:30:00
1788620400000,102.79,102.92,102.62,102.65,89917.13,2026-09-05 15:00:00
1788622200000,102.66,102.91,102.58,102.88,56019.64,2026-09-05 15:30:00
1788624000000,102.88,103.15,102.74,103.08,91414.85,2026-09-05 16:00:00
1788625800000,103.08,103.47,103.0,103.37,193176.87,2026-09-05 16:30:00
1788627600000,103.36,104.09,103.22,103.85,318222.85,2026-09-05 17:00:00
1788629400000,103.85,104.27,103.59,104.2,240593.3,2026-09-05 17:30:00
1788631200000,104.2,104.35,103.76,103.76,134447.97,2026-09-05 18:00:00
1788633000000,103.76,104.0,103.69,103.86,69560.86,2026-09-05 18:30:00
1788634800000,103.86,103.88,103.61,103.82,74659.11,2026-09-05 19:00:00
1788636600000,103.82,103.91,103.1,103.35,185755.6,2026-09-05 19:30:00
1788638400000,103.35,103.57,103.14,103.21,137928.21,2026-09-05 20:00:00
1788640200000,103.2,103.37,103.04,103.19,107984.66,2026-09-05 20:30:00
1788642000000,103.19,103.83,103.15,103.75,76467.75,2026-09-05 21:00:00
1788643800000,103.75,103.92,103.59,103.68,58798.18,2026-09-05 21:30:00
1788645600000,103.69,103.82,103.2,103.34,106092.8,2026-09-05 22:00:00
1788647400000,103.35,103.45,103.15,103.3,58770.14,2026-09-05 22:30:00
1788649200000,103.3,103.32,103.06,103.18,117461.16,2026-09-05 23:00:00
1788651000000,103.19,103.35,102.84,103.11,122780.76,2026-09-05 23:30:00
1788652800000,103.11,103.46,103.11,103.41,53203.25,2026-09-06 00:00:00
1788654600000,103.4,103.47,103.2,103.26,123004.12,2026-09-06 00:30:00
1788656400000,103.26,103.69,103.19,103.5,174187.17,2026-09-06 01:00:00
1788658200000,103.5,104.17,103.49,104.0,266362.34,2026-09-06 01:30:00
1788660000000,104.0,104.26,103.82,104.04,160292.47,2026-09-06 02:00:00
1788661800000,104.03,104.71,104.03,104.32,230921.89,2026-09-06 02:30:00
1788663600000,104.33,105.11,104.3,104.96,206480.41,2026-09-06 03:00:00
1788665400000,104.96,107.12,104.96,105.93,1019501.22,2026-09-06 03:30:00
1788667200000,105.93,106.32,105.53,105.9,215287.78,2026-09-06 04:00:00
1788669000000,105.9,106.24,105.62,105.7,195047.27,2026-09-06 04:30:00
1788670800000,105.7,106.09,105.39,106.09,229603.44,2026-09-06 05:00:00
1788672600000,106.08,106.81,105.82,106.39,367074.83,2026-09-06 05:30:00
1788674400000,106.4,106.41,105.53,105.74,185638.37,2026-09-06 06:00:00
1788676200000,105.74,105.74,105.23,105.33,270757.42,2026-09-06 06:30:00
1788678000000,105.33,105.52,104.56,105.05,538830.15,2026-09-06 07:00:00
1788679800000,105.06,105.26,104.81,105.19,136966.58,2026-09-06 07:30:00
1788681600000,105.18,105.35,105.06,105.08,133703.5,2026-09-06 08:00:00
1788683400000,105.08,105.27,104.94,105.12,97987.0,2026-09-06 08:30:00
1788685200000,105.13,107.0,105.11,106.91,532938.15,2026-09-06 09:00:00
1788687000000,106.9,107.27,106.06,106.43,475807.39,2026-09-06 09:30:00
1788688800000,106.43,106.87,106.36,106.46,194146.77,2026-09-06 10:00:00
1788690600000,106.46,106.69,106.3,106.59,133521.57,2026-09-06 10:30:00
1788692400000,106.58,106.64,106.28,106.48,147710.91,2026-09-06 11:00:00
1788694200000,106.47,106.68,106.18,106.39,125820.66,2026-09-06 11:30:00
1788696000000,106.39,106.67,106.32,106.55,98406.96,2026-09-06 12:00:00
1788697800000,106.56,107.3,106.55,106.75,341084.73,2026-09-06 12:30:00
1788699600000,106.76,107.01,106.03,106.07,368771.81,2026-09-06 13:00:00
1788701400000,106.08,107.12,105.8,107.03,332279.92,2026-09-06 13:30:00
1788703200000,107.03,107.07,105.44,105.94,443319.31,2026-09-06 14:00:00
1788705000000,105.93,106.29,105.02,105.66,467397.57,2026-09-06 14:30:00
1788706800000,105.67,105.92,104.78,105.76,467979.66,2026-09-06 15:00:00
1788708600000,105.76,105.94,105.46,105.68,144199.19,2026-09-06 15:30:00
1788710400000,105.68,105.93,105.41,105.92,142974.99,2026-09-06 16:00:00
1788712200000,105.93,106.35,105.83,106.02,163548.59,2026-09-06 16:30:00
1788714000000,106.03,106.39,105.48,105.97,194379.79,2026-09-06 17:00:00
1788715800000,105.97,106.24,105.79,106.13,75286.23,2026-09-06 17:30:00
1788717600000,106.14,106.49,106.13,106.41,77338.78,2026-09-06 18:00:00
1788719400000,106.42,106.53,105.78,105.93,94690.03,2026-09-06 18:30:00
1788721200000,105.93,105.94,105.46,105.71,83682.06,2026-09-06 19:00:00
1788723000000,105.7,105.7,105.22,105.44,68794.62,2026-09-06 19:30:00
1788724800000,105.44,105.65,105.3,105.61,64044.8,2026-09-06 20:00:00
1788726600000,105.61,105.83,105.51,105.67,53821.97,2026-09-06 20:30:00
1788728400000,105.68,106.24,105.68,105.98,87329.52,2026-09-06 21:00:00
1788730200000,105.98,106.22,105.81,105.87,62625.17,2026-09-06 21:30:00
1788732000000,105.87,105.89,104.89,105.43,178668.27,2026-09-06 22:00:00
1788733800000,105.43,105.98,105.41,105.8,217372.99,2026-09-06 22:30:00
1788735600000,105.8,106.44,105.75,106.3,134630.65,2026-09-06 23:00:00
1788737400000,106.31,106.73,106.21,106.49,219315.94,2026-09-06 23:30:00
1788739200000,106.5,106.6,105.89,106.29,168467.05,2026-09-07 00:00:00
1788741000000,106.29,106.43,105.83,106.09,196760.47,2026-09-07 00:30:00
1788742800000,106.09,106.3,105.2,105.43,309200.45,2026-09-07 01:00:00
1788744600000,105.44,105.58,104.96,105.25,156595.47,2026-09-07 01:30:00
1788746400000,105.24,105.92,104.77,105.82,309848.47,2026-09-07 02:00:00
1788748200000,105.82,107.04,105.61,105.74,441161.39,2026-09-07 02:30:00
1788750000000,105.74,105.85,105.02,105.1,325965.61,2026-09-07 03:00:00
1788751800000,105.09,105.22,104.88,104.88,213278.9,2026-09-07 03:30:00
1788753600000,104.88,105.26,104.52,105.02,245795.08,2026-09-07 04:00:00
1788755400000,105.02,105.26,104.88,105.01,166141.57,2026-09-07 04:30:00
1788757200000,105.02,105.77,104.98,105.55,199756.09,2026-09-07 05:00:00
1788759000000,105.56,105.61,105.03,105.05,92654.37,2026-09-07 05:30:00
1788760800000,105.06,105.35,105.02,105.08,110037.95,2026-09-07 06:00:00
1788762600000,105.08,105.16,104.77,105.03,126770.5,2026-09-07 06:30:00
1788764400000,105.03,105.48,104.66,104.72,177498.03,2026-09-07 07:00:00
1788766200000,104.73,104.97,103.64,104.4,668454.8,2026-09-07 07:30:00
1788768000000,104.4,104.68,104.38,104.58,157304.24,2026-09-07 08:00:00
1788769800000,104.58,104.84,104.46,104.64,168781.81,2026-09-07 08:30:00
1788771600000,104.65,105.09,104.55,105.06,130509.22,2026-09-07 09:00:00
1788773400000,105.06,105.13,104.53,104.61,159389.76,2026-09-07 09:30:00
1788775200000,104.6,105.0,104.6,104.91,118551.92,2026-09-07 10:00:00
1788777000000,104.91,105.1,104.84,104.96,87674.42,2026-09-07 10:30:00
1788778800000,104.96,105.09,104.76,104.83,92330.97,2026-09-07 11:00:00
1788780600000,104.83,105.02,104.7,104.88,101497.5,2026-09-07 11:30:00
1788782400000,104.88,105.38,104.87,105.33,103334.85,2026-09-07 12:00:00
1788784200000,105.32,105.87,105.12,105.68,229219.85,2026-09-07 12:30:00
1788786000000,105.69,105.77,105.46,105.65,200119.33,2026-09-07 13:00:00
1788787800000,105.66,105.67,104.73,105.01,245281.24,2026-09-07 13:30:00
1788789600000,105.02,105.11,104.17,104.22,294793.59,2026-09-07 14:00:00
1788791400000,104.22,104.74,103.95,104.57,372411.93,2026-09-07 14:30:00
1788793200000,104.58,104.6,103.71,104.1,208856.62,2026-09-07 15:00:00
1788795000000,104.09,104.1,102.85,103.2,624118.21,2026-09-07 15:30:00
1788796800000,103.21,103.57,103.13,103.42,209876.94,2026-09-07 16:00:00
1788798600000,103.43,103.81,103.35,103.8,120019.52,2026-09-07 16:30:00
1788800400000,103.79,104.16,103.73,104.08,143494.66,2026-09-07 17:00:00
1788802200000,104.08,104.19,103.9,103.94,91323.26,2026-09-07 17:30:00
1788804000000,103.95,104.02,103.61,103.66,133277.47,2026-09-07 18:00:00
1788805800000,103.66,103.94,103.52,103.85,56076.69,2026-09-07 18:30:00
1788807600000,103.85,104.14,103.75,104.03,53450.68,2026-09-07 19:00:00
1788809400000,104.02,104.38,104.01,104.29,84406.57,2026-09-07 19:30:00
1788811200000,104.3,104.35,103.85,103.91,115812.47,2026-09-07 20:00:00
1788813000000,103.91,104.18,103.91,104.04,87996.85,2026-09-07 20:30:00
1788814800000,104.04,104.11,103.72,103.94,87062.8,2026-09-07 21:00:00
1788816600000,103.95,103.96,103.75,103.85,38097.16,2026-09-07 21:30:00
1788818400000,103.85,104.02,103.5,103.65,185938.19,2026-09-07 22:00:00
1788820200000,103.66,103.66,103.08,103.49,124130.12,2026-09-07 22:30:00
1788822000000,103.48,103.92,103.43,103.65,129000.5,2026-09-07 23:00:00
1788823800000,103.64,103.99,103.56,103.73,96966.27,2026-09-07 23:30:00
1788825600000,103.74,103.83,103.4,103.43,194618.03,2026-09-08 00:00:00
1788827400000,103.42,104.1,103.38,104.05,108396.38,2026-09-08 00:30:00
1788829200000,104.05,104.29,103.94,104.24,151828.06,2026-09-08 01:00:00
1788831000000,104.24,104.37,104.04,104.32,52526.29,2026-09-08 01:30:00
1788832800000,104.32,104.48,103.92,103.99,153516.67,2026-09-08 02:00:00
1788834600000,103.99,104.02,103.2,103.23,260387.5,2026-09-08 02:30:00
1788836400000,103.22,103.33,102.62,102.83,299341.04,2026-09-08 03:00:00
1788838200000,102.83,103.39,102.8,103.28,178778.8,2026-09-08 03:30:00
1788840000000,103.27,103.32,103.0,103.15,169705.87,2026-09-08 04:00:00
1788841800000,103.15,103.4,102.92,102.93,98273.85,2026-09-08 04:30:00
1788843600000,102.94,103.46,102.81,103.28,223899.76,2026-09-08 05:00:00
1788845400000,103.28,103.37,102.88,102.9,159302.99,2026-09-08 05:30:00
1788847200000,102.91,103.05,102.25,102.55,453899.82,2026-09-08 06:00:00
1788849000000,102.55,102.72,102.45,102.62,203627.8,2026-09-08 06:30:00
1788850800000,102.63,102.96,102.57,102.88,144647.61,2026-09-08 07:00:00
1788852600000,102.89,103.11,102.55,102.89,157312.71,2026-09-08 07:30:00
1788854400000,102.89,102.89,102.43,102.81,139314.45,2026-09-08 08:00:00
1788856200000,102.81,103.23,102.74,102.99,88066.24,2026-09-08 08:30:00
1788858000000,102.98,103.32,102.86,103.2,130538.83,2026-09-08 09:00:00
1788859800000,103.19,103.8,103.14,103.62,238820.51,2026-09-08 09:30:00
1788861600000,103.62,104.06,103.47,103.74,214696.24,2026-09-08 10:00:00
1788863400000,103.74,103.77,103.31,103.32,133226.41,2026-09-08 10:30:00
1788865200000,103.33,103.4,102.73,102.88,180965.06,2026-09-08 11:00:00
1788867000000,102.89,102.99,102.58,102.82,161532.77,2026-09-08 11:30:00
1788868800000,102.82,102.86,102.4,102.84,107064.57,2026-09-08 12:00:00
1788870600000,102.83,103.3,102.77,103.03,152802.11,2026-09-08 12:30:00
1788872400000,103.03,103.11,102.63,102.83,74806.49,2026-09-08 13:00:00
1788874200000,102.83,102.88,101.61,102.64,671398.77,2026-09-08 13:30:00
1788876000000,102.63,103.19,102.37,102.87,248298.5,2026-09-08 14:00:00
1788877800000,102.87,103.4,102.76,103.27,236849.79,2026-09-08 14:30:00
1788879600000,103.27,103.74,103.17,103.36,216463.63,2026-09-08 15:00:00
1788881400000,103.35,104.35,103.35,104.25,329514.76,2026-09-08 15:30:00
1788883200000,104.26,104.26,103.53,103.73,211701.18,2026-09-08 16:00:00
1788885000000,103.74,103.8,103.73,103.77,1397.71,2026-09-08 16:30:00
