timestamp,open,high,low,close,volume,datetime
1773291600000,85.03,85.26,84.81,85.07,219369.88,2026-03-12 05:00:00
1773295200000,85.08,85.36,84.9,85.33,217656.66,2026-03-12 06:00:00
1773298800000,85.32,85.86,84.92,85.75,448420.59,2026-03-12 07:00:00
1773302400000,85.74,86.1,85.3,85.9,572809.93,2026-03-12 08:00:00
1773306000000,85.89,86.68,85.35,86.14,443819.26,2026-03-12 09:00:00
1773309600000,86.14,87.05,85.98,86.71,561339.49,2026-03-12 10:00:00
1773313200000,86.71,87.09,86.59,86.76,395577.62,2026-03-12 11:00:00
1773316800000,86.76,87.48,86.52,87.21,614079.52,2026-03-12 12:00:00
1773320400000,87.22,87.66,86.29,86.7,959405.79,2026-03-12 13:00:00
1773324000000,86.7,87.62,85.13,85.46,1084257.91,2026-03-12 14:00:00
1773327600000,85.46,86.98,85.03,86.53,904994.42,2026-03-12 15:00:00
1773331200000,86.53,87.07,85.74,86.77,658017.26,2026-03-12 16:00:00
1773334800000,86.78,86.97,86.28,86.57,362181.84,2026-03-12 17:00:00
1773338400000,86.57,86.78,85.76,85.83,296341.67,2026-03-12 18:00:00
1773342000000,85.83,86.91,85.62,86.75,277974.41,2026-03-12 19:00:00
1773345600000,86.75,86.91,86.39,86.42,218737.95,2026-03-12 20:00:00
1773349200000,86.42,86.65,86.13,86.5,95052.06,2026-03-12 21:00:00
1773352800000,86.5,86.56,85.9,86.24,173643.22,2026-03-12 22:00:00
1773356400000,86.25,87.19,86.22,86.79,308033.02,2026-03-12 23:00:00
1773360000000,86.78,91.12,86.66,89.74,2377265.54,2026-03-13 00:00:00
1773363600000,89.73,90.71,89.73,90.43,545537.11,2026-03-13 01:00:00
1773367200000,90.43,90.55,88.89,89.05,459149.29,2026-03-13 02:00:00
1773370800000,89.05,89.94,88.84,89.67,358876.57,2026-03-13 03:00:00
1773374400000,89.66,89.7,89.16,89.29,178192.96,2026-03-13 04:00:00
1773378000000,89.29,89.43,88.85,89.05,348158.05,2026-03-13 05:00:00
1773381600000,89.05,89.18,88.22,88.37,410510.87,2026-03-13 06:00:00
1773385200000,88.36,88.91,88.1,88.63,422465.68,2026-03-13 07:00:00
1773388800000,88.63,89.61,88.27,89.09,538114.53,2026-03-13 08:00:00
1773392400000,89.08,89.59,88.73,89.45,314051.81,2026-03-13 09:00:00
1773396000000,89.45,90.26,89.4,90.12,490434.49,2026-03-13 10:00:00
1773399600000,90.12,90.4,89.91,90.27,399663.65,2026-03-13 11:00:00
1773403200000,90.26,91.35,90.08,90.93,661408.38,2026-03-13 12:00:00
1773406800000,90.92,92.29,90.89,91.82,1273276.89,2026-03-13 13:00:00
1773410400000,91.83,92.97,90.36,90.66,1681261.18,2026-03-13 14:00:00
1773414000000,90.67,91.2,89.25,89.42,968433.7,2026-03-13 15:00:00
1773417600000,89.43,89.93,88.75,89.56,703846.48,2026-03-13 16:00:00
1773421200000,89.57,90.14,88.49,88.82,705655.44,2026-03-13 17:00:00
1773424800000,88.82,89.08,88.3,88.76,464180.37,2026-03-13 18:00:00
1773428400000,88.76,88.97,88.33,88.85,451093.33,2026-03-13 19:00:00
1773432000000,88.85,89.09,88.44,88.84,362589.56,2026-03-13 20:00:00
1773435600000,88.85,89.09,88.25,88.52,181530.61,2026-03-13 21:00:00
1773439200000,88.52,88.62,87.68,87.96,386875.88,2026-03-13 22:00:00
1773442800000,87.97,88.2,87.73,88.12,178191.7,2026-03-13 23:00:00
1773446400000,88.12,88.33,87.79,87.89,186452.33,2026-03-14 00:00:00
1773450000000,87.89,88.33,87.74,88.18,167179.32,2026-03-14 01:00:00
1773453600000,88.18,88.29,87.93,88.17,100141.7,2026-03-14 02:00:00
1773457200000,88.18,88.56,88.17,88.36,195456.67,2026-03-14 03:00:00
1773460800000,88.35,88.65,88.15,88.2,221200.05,2026-03-14 04:00:00
1773464400000,88.19,88.34,87.79,88.02,285389.38,2026-03-14 05:00:00
1773468000000,88.03,88.03,86.83,87.19,514661.12,2026-03-14 06:00:00
1773471600000,87.19,87.36,87.11,87.25,176809.09,2026-03-14 07:00:00
1773475200000,87.26,87.49,87.01,87.07,184384.79,2026-03-14 08:00:00
1773478800000,87.07,87.23,86.55,86.76,282690.28,2026-03-14 09:00:00
1773482400000,86.77,86.86,86.44,86.6,215926.73,2026-03-14 10:00:00
1773486000000,86.59,86.95,86.56,86.9,275463.14,2026-03-14 11:00:00
1773489600000,86.89,87.07,86.73,87.06,228026.62,2026-03-14 12:00:00
1773493200000,87.05,87.32,86.97,87.06,185602.36,2026-03-14 13:00:00
1773496800000,87.06,87.18,86.56,86.65,245383.57,2026-03-14 14:00:00
1773500400000,86.65,86.87,86.57,86.68,121092.16,2026-03-14 15:00:00
1773504000000,86.67,87.08,86.55,87.02,145007.32,2026-03-14 16:00:00
1773507600000,87.02,87.03,86.77,86.83,69331.06,2026-03-14 17:00:00
1773511200000,86.84,87.07,86.73,86.98,62610.92,2026-03-14 18:00:00
1773514800000,86.98,87.03,86.82,86.94,63704.65,2026-03-14 19:00:00
1773518400000,86.95,87.17,86.81,87.02,75968.38,2026-03-14 20:00:00
1773522000000,87.02,87.27,86.8,87.23,76340.32,2026-03-14 21:00:00
1773525600000,87.22,87.41,87.14,87.25,80286.19,2026-03-14 22:00:00
1773529200000,87.25,88.11,87.24,87.98,371853.02,2026-03-14 23:00:00
1773532800000,87.98,88.16,87.61,87.71,220886.37,2026-03-15 00:00:00
1773536400000,87.71,87.86,87.52,87.63,139907.92,2026-03-15 01:00:00
1773540000000,87.63,88.6,87.63,88.23,360703.74,2026-03-15 02:00:00
1773543600000,88.23,88.39,87.64,87.81,297128.68,2026-03-15 03:00:00
1773547200000,87.81,88.29,87.8,88.28,200003.63,2026-03-15 04:00:00
1773550800000,88.28,88.66,88.06,88.27,274880.53,2026-03-15 05:00:00
1773554400000,88.27,88.54,88.01,88.31,232971.62,2026-03-15 06:00:00
1773558000000,88.31,88.49,88.08,88.17,168766.54,2026-03-15 07:00:00
1773561600000,88.17,88.48,88.09,88.45,172536.16,2026-03-15 08:00:00
1773565200000,88.44,88.83,88.37,88.49,272121.6,2026-03-15 09:00:00
1773568800000,88.49,88.66,88.31,88.43,114492.6,2026-03-15 10:00:00
1773572400000,88.43,88.62,88.18,88.51,172381.29,2026-03-15 11:00:00
1773576000000,88.51,88.52,88.14,88.22,174681.93,2026-03-15 12:00:00
1773579600000,88.23,88.35,87.3,87.8,543329.34,2026-03-15 13:00:00
1773583200000,87.79,87.96,87.51,87.92,212010.43,2026-03-15 14:00:00
1773586800000,87.92,88.08,87.72,87.85,134557.08,2026-03-15 15:00:00
1773590400000,87.85,88.01,87.41,87.51,234235.08,2026-03-15 16:00:00
1773594000000,87.5,88.8,87.45,88.37,302952.4,2026-03-15 17:00:00
1773597600000,88.38,88.65,87.79,87.85,262026.63,2026-03-15 18:00:00
1773601200000,87.86,88.24,87.76,88.13,181673.68,2026-03-15 19:00:00
1773604800000,88.13,88.97,87.93,88.7,264551.7,2026-03-15 20:00:00
1773608400000,88.71,90.26,88.53,89.96,529349.84,2026-03-15 21:00:00
1773612000000,89.96,92.91,89.8,92.62,1524430.43,2026-03-15 22:00:00
1773615600000,92.61,93.23,91.6,92.29,1165045.64,2026-03-15 23:00:00
1773619200000,92.29,93.05,91.84,91.98,611464.8,2026-03-16 00:00:00
1773622800000,91.99,92.23,91.45,92.07,450180.31,2026-03-16 01:00:00
1773626400000,92.08,92.25,91.14,91.45,336070.42,2026-03-16 02:00:00
1773630000000,91.44,93.93,91.24,93.15,1330252.99,2026-03-16 03:00:00
1773633600000,93.14,94.24,92.91,93.59,868207.21,2026-03-16 04:00:00
1773637200000,93.58,94.29,93.18,94.0,719388.81,2026-03-16 05:00:00
1773640800000,94.0,94.01,93.12,93.35,494533.55,2026-03-16 06:00:00
1773644400000,93.36,93.83,93.28,93.52,348503.91,2026-03-16 07:00:00
1773648000000,93.52,93.98,92.52,92.82,482124.19,2026-03-16 08:00:00
1773651600000,92.82,93.43,92.67,93.26,274851.8,2026-03-16 09:00:00
1773655200000,93.26,93.91,93.2,93.85,339478.95,2026-03-16 10:00:00
1773658800000,93.86,93.94,93.46,93.7,229209.03,2026-03-16 11:00:00
1773662400000,93.69,94.17,93.31,93.69,558998.28,2026-03-16 12:00:00
1773666000000,93.7,95.09,93.37,93.61,1123041.51,2026-03-16 13:00:00
1773669600000,93.61,94.47,92.3,93.56,1257843.3,2026-03-16 14:00:00
1773673200000,93.55,94.29,93.03,93.15,559681.66,2026-03-16 15:00:00
1773676800000,93.14,93.99,93.06,93.76,377313.34,2026-03-16 16:00:00
1773680400000,93.76,94.37,93.62,94.03,326477.73,2026-03-16 17:00:00
1773684000000,94.02,95.08,94.0,94.32,475450.17,2026-03-16 18:00:00
1773687600000,94.33,95.44,94.12,95.17,510813.99,2026-03-16 19:00:00
1773691200000,95.17,95.94,95.0,95.73,409686.09,2026-03-16 20:00:00
1773694800000,95.73,96.88,95.44,96.12,576650.38,2026-03-16 21:00:00
1773698400000,96.12,97.63,96.11,96.33,677643.46,2026-03-16 22:00:00
1773702000000,96.33,96.43,95.36,96.14,379566.56,2026-03-16 23:00:00
1773705600000,96.14,96.94,95.06,95.45,715240.77,2026-03-17 00:00:00
1773709200000,95.45,96.08,94.9,95.65,583107.04,2026-03-17 01:00:00
1773712800000,95.65,95.71,94.82,95.08,248899.73,2026-03-17 02:00:00
1773716400000,95.07,95.22,93.65,94.01,582294.77,2026-03-17 03:00:00
1773720000000,94.01,94.22,93.11,93.74,477635.97,2026-03-17 04:00:00
1773723600000,93.74,94.04,93.27,93.76,292818.94,2026-03-17 05:00:00
1773727200000,93.75,94.26,93.41,93.84,267632.17,2026-03-17 06:00:00
1773730800000,93.84,94.6,93.81,94.38,233546.92,2026-03-17 07:00:00
1773734400000,94.37,94.9,94.21,94.35,296400.8,2026-03-17 08:00:00
1773738000000,94.35,95.05,93.64,93.84,483345.06,2026-03-17 09:00:00
1773741600000,93.85,94.01,93.2,93.52,395175.77,2026-03-17 10:00:00
1773745200000,93.52,93.86,93.35,93.59,241345.79,2026-03-17 11:00:00
1773748800000,93.6,94.04,93.08,93.36,313032.45,2026-03-17 12:00:00
1773752400000,93.35,94.53,93.29,93.74,569600.49,2026-03-17 13:00:00
1773756000000,93.75,94.64,93.44,94.44,377165.72,2026-03-17 14:00:00
1773759600000,94.44,95.11,93.18,93.77,603540.65,2026-03-17 15:00:00
1773763200000,93.76,94.74,93.65,94.34,311040.5,2026-03-17 16:00:00
1773766800000,94.34,94.67,94.08,94.5,214399.15,2026-03-17 17:00:00
1773770400000,94.51,95.55,94.38,95.27,368559.06,2026-03-17 18:00:00
1773774000000,95.28,95.52,94.56,94.6,301480.61,2026-03-17 19:00:00
1773777600000,94.6,94.98,94.35,94.83,162374.07,2026-03-17 20:00:00
1773781200000,94.82,95.39,94.77,95.21,153449.12,2026-03-17 21:00:00
1773784800000,95.21,95.56,94.52,95.26,351624.77,2026-03-17 22:00:00
1773788400000,95.25,95.38,94.53,94.55,204865.01,2026-03-17 23:00:00
1773792000000,94.55,94.87,94.02,94.47,225276.99,2026-03-18 00:00:00
1773795600000,94.48,94.89,94.25,94.37,172042.78,2026-03-18 01:00:00
1773799200000,94.37,95.16,94.34,94.87,216322.59,2026-03-18 02:00:00
1773802800000,94.87,95.59,94.75,94.99,240586.82,2026-03-18 03:00:00
1773806400000,94.99,95.06,93.88,94.06,476776.79,2026-03-18 04:00:00
1773810000000,94.07,94.35,93.66,93.87,375239.06,2026-03-18 05:00:00
1773813600000,93.87,94.59,93.86,94.17,184433.62,2026-03-18 06:00:00
1773817200000,94.18,94.26,93.76,93.88,177363.01,2026-03-18 07:00:00
1773820800000,93.88,94.2,93.88,93.96,161144.04,2026-03-18 08:00:00
1773824400000,93.97,94.38,93.88,94.21,152321.32,2026-03-18 09:00:00
1773828000000,94.22,94.38,93.4,93.8,256537.05,2026-03-18 10:00:00
1773831600000,93.79,94.02,91.73,91.94,1312694.7,2026-03-18 11:00:00
1773835200000,91.94,92.04,90.25,90.34,1168041.26,2026-03-18 12:00:00
1773838800000,90.35,90.7,89.82,90.25,795511.15,2026-03-18 13:00:00
1773842400000,90.25,90.34,88.77,88.89,1001206.57,2026-03-18 14:00:00
1773846000000,88.89,89.42,88.46,89.31,800851.37,2026-03-18 15:00:00
1773849600000,89.3,89.3,88.57,88.91,535000.57,2026-03-18 16:00:00
1773853200000,88.9,90.29,88.75,89.85,586379.78,2026-03-18 17:00:00
1773856800000,89.84,90.78,89.3,89.51,630188.45,2026-03-18 18:00:00
1773860400000,89.51,89.99,89.38,89.63,226536.47,2026-03-18 19:00:00
1773864000000,89.64,90.08,88.91,89.93,355642.95,2026-03-18 20:00:00
1773867600000,89.93,90.58,89.87,90.41,182837.76,2026-03-18 21:00:00
1773871200000,90.4,90.43,89.87,89.98,284188.11,2026-03-18 22:00:00
1773874800000,89.97,90.12,89.63,90.02,178469.05,2026-03-18 23:00:00
1773878400000,90.02,90.25,89.77,90.05,178906.05,2026-03-19 00:00:00
1773882000000,90.06,90.32,89.86,90.1,138115.88,2026-03-19 01:00:00
1773885600000,90.1,90.33,89.71,89.92,153973.99,2026-03-19 02:00:00
1773889200000,89.92,91.37,89.86,90.66,513395.14,2026-03-19 03:00:00
1773892800000,90.67,90.67,89.69,89.84,429554.52,2026-03-19 04:00:00
1773896400000,89.84,90.04,89.6,89.7,164777.3,2026-03-19 05:00:00
1773900000000,89.7,90.13,89.44,89.82,320343.94,2026-03-19 06:00:00
1773903600000,89.81,89.99,88.56,89.36,860133.22,2026-03-19 07:00:00
1773907200000,89.35,89.57,89.04,89.3,255065.65,2026-03-19 08:00:00
1773910800000,89.3,90.36,89.11,90.15,520994.0,2026-03-19 09:00:00
1773914400000,90.15,90.47,89.73,89.75,288747.26,2026-03-19 10:00:00
1773918000000,89.76,89.99,89.42,89.57,187630.17,2026-03-19 11:00:00
1773921600000,89.57,89.57,87.95,88.05,732445.01,2026-03-19 12:00:00
1773925200000,88.05,88.69,87.48,88.45,923444.5,2026-03-19 13:00:00
1773928800000,88.46,88.85,87.37,88.17,512896.5,2026-03-19 14:00:00
1773932400000,88.17,88.7,87.08,87.57,557787.65,2026-03-19 15:00:00
1773936000000,87.57,87.76,86.88,87.64,464514.12,2026-03-19 16:00:00
1773939600000,87.64,88.32,87.02,88.09,409006.06,2026-03-19 17:00:00
1773943200000,88.09,88.27,87.61,88.08,198730.91,2026-03-19 18:00:00
1773946800000,88.09,89.23,88.07,88.66,461050.15,2026-03-19 19:00:00
1773950400000,88.66,89.14,88.61,88.92,123019.66,2026-03-19 20:00:00
1773954000000,88.93,89.29,88.79,89.08,133878.91,2026-03-19 21:00:00
1773957600000,89.07,89.12,88.33,88.71,159982.83,2026-03-19 22:00:00
1773961200000,88.72,89.15,88.54,88.84,294177.49,2026-03-19 23:00:00
1773964800000,88.83,89.38,88.79,89.35,251513.92,2026-03-20 00:00:00
1773968400000,89.36,89.76,89.25,89.42,218890.18,2026-03-20 01:00:00
1773972000000,89.43,89.56,88.81,89.26,216752.35,2026-03-20 02:00:00
1773975600000,89.26,89.67,89.18,89.53,144115.69,2026-03-20 03:00:00
1773979200000,89.53,89.71,88.65,89.22,296329.53,2026-03-20 04:00:00
1773982800000,89.22,89.47,88.8,89.3,286261.94,2026-03-20 05:00:00
1773986400000,89.3,89.3,88.87,89.03,247466.15,2026-03-20 06:00:00
1773990000000,89.03,89.44,88.43,89.32,315992.36,2026-03-20 07:00:00
1773993600000,89.31,90.41,89.24,89.73,512686.88,2026-03-20 08:00:00
1773997200000,89.72,89.72,88.58,88.91,351217.79,2026-03-20 09:00:00
1774000800000,88.9,89.42,88.54,89.25,234041.2,2026-03-20 10:00:00
1774004400000,89.25,89.52,88.8,89.09,180575.96,2026-03-20 11:00:00
1774008000000,89.09,89.46,88.96,89.07,188578.32,2026-03-20 12:00:00
1774011600000,89.08,89.58,88.55,88.75,500377.55,2026-03-20 13:00:00
1774015200000,88.76,89.7,88.45,88.86,702735.2,2026-03-20 14:00:00
1774018800000,88.87,89.26,88.55,88.91,538537.56,2026-03-20 15:00:00
1774022400000,88.91,89.18,88.55,88.87,219022.55,2026-03-20 16:00:00
1774026000000,88.87,89.0,88.07,88.84,285045.39,2026-03-20 17:00:00
1774029600000,88.85,88.96,88.1,88.5,226402.35,2026-03-20 18:00:00
1774033200000,88.51,89.03,88.16,88.94,194698.79,2026-03-20 19:00:00
1774036800000,88.94,89.3,88.6,88.94,168187.72,2026-03-20 20:00:00
1774040400000,88.94,89.99,88.86,89.52,238474.86,2026-03-20 21:00:00
1774044000000,89.52,90.22,89.52,90.04,270282.79,2026-03-20 22:00:00
1774047600000,90.05,90.1,89.67,89.79,220934.12,2026-03-20 23:00:00
1774051200000,89.8,90.19,89.78,89.97,138385.57,2026-03-21 00:00:00
1774054800000,89.97,90.31,89.66,89.83,211751.51,2026-03-21 01:00:00
1774058400000,89.82,90.65,89.72,90.41,274320.43,2026-03-21 02:00:00
1774062000000,90.41,90.57,90.27,90.41,130031.2,2026-03-21 03:00:00
1774065600000,90.41,90.77,90.12,90.24,243468.23,2026-03-21 04:00:00
1774069200000,90.24,90.47,89.91,89.92,174217.44,2026-03-21 05:00:00
1774072800000,89.91,90.27,89.88,90.11,133919.48,2026-03-21 06:00:00
1774076400000,90.11,90.36,89.88,90.1,125632.16,2026-03-21 07:00:00
1774080000000,90.1,90.1,89.77,89.94,136278.52,2026-03-21 08:00:00
1774083600000,89.94,90.36,89.92,90.15,205064.14,2026-03-21 09:00:00
1774087200000,90.15,90.2,89.83,89.94,93795.02,2026-03-21 10:00:00
1774090800000,89.93,89.98,89.78,89.9,74406.39,2026-03-21 11:00:00
1774094400000,89.89,90.15,89.83,90.13,100885.93,2026-03-21 12:00:00
1774098000000,90.12,90.23,89.9,89.96,114172.28,2026-03-21 13:00:00
1774101600000,89.95,90.37,89.57,89.6,278101.37,2026-03-21 14:00:00
1774105200000,89.59,89.87,89.31,89.76,264496.08,2026-03-21 15:00:00
1774108800000,89.77,89.93,89.5,89.61,146815.06,2026-03-21 16:00:00
1774112400000,89.62,89.64,89.33,89.49,98646.26,2026-03-21 17:00:00
1774116000000,89.5,89.88,89.48,89.71,69768.03,2026-03-21 18:00:00
1774119600000,89.72,89.85,89.64,89.74,38245.16,2026-03-21 19:00:00
1774123200000,89.74,90.28,89.72,90.1,120949.72,2026-03-21 20:00:00
1774126800000,90.11,90.16,89.84,89.94,71042.36,2026-03-21 21:00:00
1774130400000,89.94,90.01,89.75,89.81,100316.23,2026-03-21 22:00:00
1774134000000,89.82,89.82,87.04,87.48,961028.97,2026-03-21 23:00:00
1774137600000,87.47,87.72,86.18,87.24,1163267.76,2026-03-22 00:00:00
1774141200000,87.24,87.65,86.9,87.38,389505.04,2026-03-22 01:00:00
1774144800000,87.39,88.41,87.34,88.08,327570.52,2026-03-22 02:00:00
1774148400000,88.08,89.1,87.7,88.61,351575.76,2026-03-22 03:00:00
1774152000000,88.6,89.14,88.53,88.95,411404.49,2026-03-22 04:00:00
1774155600000,88.94,88.95,88.37,88.41,177903.54,2026-03-22 05:00:00
1774159200000,88.41,88.41,88.08,88.16,172105.04,2026-03-22 06:00:00
1774162800000,88.15,88.28,87.6,87.64,192915.74,2026-03-22 07:00:00
1774166400000,87.64,87.69,86.8,87.3,474188.25,2026-03-22 08:00:00
1774170000000,87.3,87.59,87.11,87.24,261782.7,2026-03-22 09:00:00
1774173600000,87.24,87.45,87.15,87.27,168481.3,2026-03-22 10:00:00
1774177200000,87.27,87.39,86.77,86.77,251074.42,2026-03-22 11:00:00
1774180800000,86.78,87.4,86.75,87.21,226252.57,2026-03-22 12:00:00
1774184400000,87.21,87.67,86.94,87.25,231604.78,2026-03-22 13:00:00
1774188000000,87.25,87.53,86.96,87.14,141698.52,2026-03-22 14:00:00
1774191600000,87.14,87.55,87.11,87.52,184563.3,2026-03-22 15:00:00
1774195200000,87.51,87.65,87.19,87.41,216104.95,2026-03-22 16:00:00
1774198800000,87.41,87.5,87.13,87.21,90546.14,2026-03-22 17:00:00
1774202400000,87.2,87.26,86.42,86.94,244415.48,2026-03-22 18:00:00
1774206000000,86.94,86.97,86.5,86.81,162436.67,2026-03-22 19:00:00
1774209600000,86.81,87.12,86.46,86.52,158664.23,2026-03-22 20:00:00
1774213200000,86.53,86.58,85.01,85.92,930994.19,2026-03-22 21:00:00
1774216800000,85.93,86.73,85.44,86.69,411443.23,2026-03-22 22:00:00
1774220400000,86.7,86.98,85.97,86.16,258543.36,2026-03-22 23:00:00
1774224000000,86.16,86.57,85.41,85.84,331780.58,2026-03-23 00:00:00
1774227600000,85.85,86.59,85.68,86.04,298182.44,2026-03-23 01:00:00
1774231200000,86.04,86.93,86.0,86.66,240943.38,2026-03-23 02:00:00
1774234800000,86.65,87.18,86.29,86.34,239130.09,2026-03-23 03:00:00
1774238400000,86.35,86.86,86.26,86.85,195448.21,2026-03-23 04:00:00
1774242000000,86.85,87.28,86.79,87.12,330677.6,2026-03-23 05:00:00
1774245600000,87.12,87.12,85.38,85.68,480826.24,2026-03-23 06:00:00
1774249200000,85.69,86.18,85.02,85.93,515471.2,2026-03-23 07:00:00
1774252800000,85.94,86.42,85.79,85.88,293816.53,2026-03-23 08:00:00
1774256400000,85.89,85.97,85.12,85.69,273797.08,2026-03-23 09:00:00
1774260000000,85.69,86.27,85.6,86.01,218864.48,2026-03-23 10:00:00
1774263600000,86.01,91.93,85.99,88.75,4808630.63,2026-03-23 11:00:00
1774267200000,88.75,90.45,88.28,90.16,848997.19,2026-03-23 12:00:00
1774270800000,90.17,91.44,89.84,91.29,653165.82,2026-03-23 13:00:00
1774274400000,91.29,91.69,91.0,91.47,674560.71,2026-03-23 14:00:00
1774278000000,91.48,92.25,89.76,89.91,1055560.94,2026-03-23 15:00:00
1774281600000,89.91,90.41,89.35,90.3,570871.2,2026-03-23 16:00:00
1774285200000,90.31,91.35,89.65,91.21,527354.83,2026-03-23 17:00:00
1774288800000,91.21,91.77,90.88,91.57,359031.76,2026-03-23 18:00:00
1774292400000,91.56,91.88,91.2,91.34,250237.94,2026-03-23 19:00:00
1774296000000,91.34,91.99,91.2,91.74,201949.82,2026-03-23 20:00:00
1774299600000,91.75,91.95,91.45,91.59,162035.81,2026-03-23 21:00:00
1774303200000,91.59,91.86,91.14,91.47,207239.91,2026-03-23 22:00:00
1774306800000,91.47,91.54,90.92,91.4,199129.41,2026-03-23 23:00:00
1774310400000,91.39,91.64,90.55,90.94,288496.71,2026-03-24 00:00:00
1774314000000,90.95,91.02,90.09,90.36,268904.49,2026-03-24 01:00:00
1774317600000,90.36,90.73,90.07,90.11,181815.09,2026-03-24 02:00:00
1774321200000,90.11,90.31,89.91,90.3,210767.29,2026-03-24 03:00:00
1774324800000,90.29,90.77,90.09,90.3,217479.07,2026-03-24 04:00:00
1774328400000,90.31,90.37,89.93,90.06,291605.11,2026-03-24 05:00:00
1774332000000,90.07,90.48,89.99,90.41,230084.76,2026-03-24 06:00:00
1774335600000,90.4,91.84,90.34,91.67,602086.54,2026-03-24 07:00:00
1774339200000,91.67,91.89,91.21,91.52,513651.8,2026-03-24 08:00:00
1774342800000,91.53,92.12,91.06,92.08,535662.07,2026-03-24 09:00:00
1774346400000,92.08,92.19,91.66,91.8,360303.81,2026-03-24 10:00:00
1774350000000,91.79,92.13,91.3,91.72,453897.19,2026-03-24 11:00:00
1774353600000,91.73,91.82,91.32,91.53,221641.37,2026-03-24 12:00:00
1774357200000,91.53,91.72,89.49,89.81,1078644.51,2026-03-24 13:00:00
1774360800000,89.81,90.18,88.61,89.5,1198800.13,2026-03-24 14:00:00
1774364400000,89.5,90.25,89.44,89.68,557470.42,2026-03-24 15:00:00
1774368000000,89.67,89.93,89.0,89.21,304844.76,2026-03-24 16:00:00
1774371600000,89.22,89.34,88.65,89.13,350564.61,2026-03-24 17:00:00
1774375200000,89.13,89.68,88.81,88.81,368544.31,2026-03-24 18:00:00
1774378800000,88.82,89.24,88.34,88.45,423525.52,2026-03-24 19:00:00
1774382400000,88.46,90.2,88.42,89.97,501194.94,2026-03-24 20:00:00
1774386000000,89.98,90.59,89.62,90.31,203570.09,2026-03-24 21:00:00
1774389600000,90.31,90.73,90.04,90.27,295861.65,2026-03-24 22:00:00
1774393200000,90.28,91.1,90.18,90.75,318848.45,2026-03-24 23:00:00
1774396800000,90.76,91.58,90.66,91.28,381395.79,2026-03-25 00:00:00
1774400400000,91.28,91.43,90.88,90.91,275401.17,2026-03-25 01:00:00
1774404000000,90.9,91.47,90.76,91.08,247375.74,2026-03-25 02:00:00
1774407600000,91.08,91.93,90.75,91.65,445093.88,2026-03-25 03:00:00
1774411200000,91.66,92.08,91.54,92.01,302938.36,2026-03-25 04:00:00
1774414800000,92.01,92.94,91.91,92.38,650826.27,2026-03-25 05:00:00
1774418400000,92.38,92.86,92.2,92.33,325680.33,2026-03-25 06:00:00
1774422000000,92.32,92.46,91.71,91.75,332559.82,2026-03-25 07:00:00
1774425600000,91.76,92.74,91.76,92.3,445526.33,2026-03-25 08:00:00
1774429200000,92.29,92.61,92.07,92.51,256731.47,2026-03-25 09:00:00
1774432800000,92.51,92.66,92.34,92.6,226958.21,2026-03-25 10:00:00
1774436400000,92.6,93.45,92.4,92.94,647929.64,2026-03-25 11:00:00
1774440000000,92.93,93.4,92.29,93.0,533530.11,2026-03-25 12:00:00
1774443600000,93.0,93.37,92.64,92.68,408995.66,2026-03-25 13:00:00
1774447200000,92.68,92.87,91.83,91.91,514166.8,2026-03-25 14:00:00
1774450800000,91.92,92.03,90.96,91.72,741230.57,2026-03-25 15:00:00
1774454400000,91.72,92.72,91.55,92.17,498539.06,2026-03-25 16:00:00
1774458000000,92.17,92.3,91.56,91.68,228948.74,2026-03-25 17:00:00
1774461600000,91.68,92.17,91.42,91.64,192852.59,2026-03-25 18:00:00
1774465200000,91.65,91.96,91.35,91.72,161571.5,2026-03-25 19:00:00
1774468800000,91.72,91.73,91.06,91.44,272209.32,2026-03-25 20:00:00
1774472400000,91.45,91.57,91.08,91.2,176929.32,2026-03-25 21:00:00
1774476000000,91.2,91.92,90.97,91.69,376569.56,2026-03-25 22:00:00
1774479600000,91.69,91.8,91.42,91.66,125399.43,2026-03-25 23:00:00
1774483200000,91.65,91.94,91.44,91.64,186661.18,2026-03-26 00:00:00
1774486800000,91.64,91.9,91.54,91.76,134630.38,2026-03-26 01:00:00
1774490400000,91.76,91.79,90.58,90.88,420890.83,2026-03-26 02:00:00
1774494000000,90.87,91.1,90.52,91.01,230139.74,2026-03-26 03:00:00
1774497600000,91.01,91.02,90.61,90.74,134159.48,2026-03-26 04:00:00
1774501200000,90.74,90.78,89.06,89.18,824629.69,2026-03-26 05:00:00
1774504800000,89.17,89.25,88.81,89.0,547227.15,2026-03-26 06:00:00
1774508400000,88.99,89.32,88.73,89.02,428840.15,2026-03-26 07:00:00
1774512000000,89.02,89.04,88.58,88.8,310850.06,2026-03-26 08:00:00
1774515600000,88.81,88.95,87.65,88.06,763629.9,2026-03-26 09:00:00
1774519200000,88.05,88.28,87.7,87.88,270813.35,2026-03-26 10:00:00
1774522800000,87.88,88.05,87.37,87.5,360195.87,2026-03-26 11:00:00
1774526400000,87.51,87.74,87.33,87.51,280955.97,2026-03-26 12:00:00
1774530000000,87.51,88.2,87.26,87.86,549546.06,2026-03-26 13:00:00
1774533600000,87.86,88.12,87.11,87.48,364504.47,2026-03-26 14:00:00
1774537200000,87.48,87.76,86.64,87.47,667923.95,2026-03-26 15:00:00
1774540800000,87.47,87.68,87.07,87.16,291370.44,2026-03-26 16:00:00
1774544400000,87.15,87.44,86.4,86.57,389322.26,2026-03-26 17:00:00
1774548000000,86.57,86.76,85.64,86.0,696853.96,2026-03-26 18:00:00
1774551600000,85.99,86.03,85.37,85.42,315668.64,2026-03-26 19:00:00
1774555200000,85.41,87.08,85.38,86.27,892229.43,2026-03-26 20:00:00
1774558800000,86.28,87.06,86.14,86.76,261924.38,2026-03-26 21:00:00
1774562400000,86.75,86.83,86.16,86.76,208246.28,2026-03-26 22:00:00
1774566000000,86.75,86.9,86.14,86.48,265159.45,2026-03-26 23:00:00
1774569600000,86.48,86.75,86.14,86.51,224045.28,2026-03-27 00:00:00
1774573200000,86.5,86.85,86.4,86.84,172439.06,2026-03-27 01:00:00
1774576800000,86.85,86.99,86.47,86.64,171858.53,2026-03-27 02:00:00
1774580400000,86.65,86.74,86.3,86.37,167602.49,2026-03-27 03:00:00
1774584000000,86.37,86.39,85.68,86.1,350367.25,2026-03-27 04:00:00
1774587600000,86.1,86.7,85.88,86.05,254373.33,2026-03-27 05:00:00
1774591200000,86.05,86.34,85.84,86.0,167081.77,2026-03-27 06:00:00
1774594800000,86.0,86.29,85.62,85.87,314451.31,2026-03-27 07:00:00
1774598400000,85.86,86.08,84.27,85.02,1318062.22,2026-03-27 08:00:00
1774602000000,85.03,85.17,84.34,85.0,433502.87,2026-03-27 09:00:00
1774605600000,85.0,85.08,82.55,82.93,1731371.85,2026-03-27 10:00:00
1774609200000,82.94,83.54,82.58,83.29,478202.77,2026-03-27 11:00:00
1774612800000,83.3,83.35,82.98,83.03,399524.37,2026-03-27 12:00:00
1774616400000,83.03,83.46,82.37,82.86,646460.53,2026-03-27 13:00:00
1774620000000,82.86,83.28,82.54,83.12,474349.37,2026-03-27 14:00:00
1774623600000,83.12,83.93,82.9,83.25,678106.9,2026-03-27 15:00:00
1774627200000,83.25,83.29,82.5,82.93,628233.0,2026-03-27 16:00:00
1774630800000,82.93,83.35,82.01,82.16,468791.2,2026-03-27 17:00:00
1774634400000,82.15,82.42,81.74,82.29,410821.58,2026-03-27 18:00:00
1774638000000,82.29,82.83,81.97,82.73,242077.91,2026-03-27 19:00:00
1774641600000,82.72,82.89,82.29,82.7,155259.25,2026-03-27 20:00:00
1774645200000,82.69,82.97,82.61,82.68,122575.6,2026-03-27 21:00:00
1774648800000,82.69,82.77,82.46,82.66,79283.33,2026-03-27 22:00:00
1774652400000,82.67,83.06,82.38,83.02,165337.56,2026-03-27 23:00:00
1774656000000,83.02,83.02,82.65,82.79,126822.81,2026-03-28 00:00:00
1774659600000,82.78,82.81,82.18,82.59,228858.02,2026-03-28 01:00:00
1774663200000,82.6,82.85,82.3,82.5,182268.08,2026-03-28 02:00:00
1774666800000,82.5,82.65,82.44,82.53,83943.64,2026-03-28 03:00:00
1774670400000,82.53,82.72,82.34,82.5,183061.2,2026-03-28 04:00:00
1774674000000,82.5,82.73,82.3,82.68,194807.71,2026-03-28 05:00:00
1774677600000,82.68,83.22,82.6,83.12,366776.32,2026-03-28 06:00:00
1774681200000,83.12,83.59,83.11,83.54,228938.95,2026-03-28 07:00:00
1774684800000,83.54,83.64,83.31,83.33,222680.53,2026-03-28 08:00:00
1774688400000,83.32,83.33,82.85,82.98,263869.07,2026-03-28 09:00:00
1774692000000,82.97,83.28,82.65,82.94,236484.71,2026-03-28 10:00:00
1774695600000,82.95,83.0,82.83,82.88,109568.94,2026-03-28 11:00:00
1774699200000,82.87,83.15,82.53,82.63,224051.79,2026-03-28 12:00:00
1774702800000,82.63,84.08,82.62,83.31,725292.77,2026-03-28 13:00:00
1774706400000,83.32,83.47,82.92,83.18,373734.12,2026-03-28 14:00:00
1774710000000,83.17,84.25,83.12,83.76,646545.15,2026-03-28 15:00:00
1774713600000,83.76,83.88,83.39,83.49,242461.25,2026-03-28 16:00:00
1774717200000,83.49,83.67,83.07,83.25,202087.12,2026-03-28 17:00:00
1774720800000,83.25,83.46,83.23,83.31,96023.51,2026-03-28 18:00:00
1774724400000,83.3,83.37,82.95,83.21,114115.44,2026-03-28 19:00:00
1774728000000,83.22,83.44,83.21,83.32,88594.99,2026-03-28 20:00:00
1774731600000,83.32,83.36,82.25,82.63,297605.77,2026-03-28 21:00:00
1774735200000,82.62,82.84,82.4,82.73,142228.82,2026-03-28 22:00:00
1774738800000,82.72,82.72,81.6,82.02,431135.4,2026-03-28 23:00:00
1774742400000,82.02,82.21,81.79,82.13,218552.77,2026-03-29 00:00:00
1774746000000,82.13,82.45,82.01,82.4,213034.89,2026-03-29 01:00:00
1774749600000,82.4,82.78,82.34,82.71,169662.76,2026-03-29 02:00:00
1774753200000,82.7,83.18,82.63,82.95,188361.3,2026-03-29 03:00:00
1774756800000,82.94,82.98,82.66,82.72,112003.04,2026-03-29 04:00:00
1774760400000,82.71,82.83,82.34,82.64,238747.27,2026-03-29 05:00:00
1774764000000,82.65,82.76,82.23,82.42,255435.57,2026-03-29 06:00:00
1774767600000,82.43,82.56,82.16,82.39,138514.56,2026-03-29 07:00:00
1774771200000,82.39,82.56,82.29,82.4,89641.28,2026-03-29 08:00:00
1774774800000,82.39,82.49,82.1,82.3,123464.18,2026-03-29 09:00:00
1774778400000,82.3,82.3,81.93,82.08,206444.62,2026-03-29 10:00:00
1774782000000,82.07,82.78,82.06,82.52,235711.41,2026-03-29 11:00:00
1774785600000,82.52,82.59,82.17,82.38,116982.95,2026-03-29 12:00:00
1774789200000,82.38,82.42,81.62,81.86,398652.91,2026-03-29 13:00:00
1774792800000,81.86,82.38,81.66,81.87,289467.18,2026-03-29 14:00:00
1774796400000,81.88,82.09,81.21,81.78,446691.04,2026-03-29 15:00:00
1774800000000,81.78,82.08,81.56,81.65,191880.0,2026-03-29 16:00:00
1774803600000,81.65,81.8,81.07,81.49,297279.91,2026-03-29 17:00:00
1774807200000,81.49,81.88,81.33,81.74,170907.46,2026-03-29 18:00:00
1774810800000,81.73,81.82,81.49,81.55,102379.96,2026-03-29 19:00:00
1774814400000,81.55,82.16,81.54,81.87,129809.32,2026-03-29 20:00:00
1774818000000,81.87,82.19,81.77,82.09,168535.51,2026-03-29 21:00:00
1774821600000,82.09,82.09,78.75,80.84,1730347.5,2026-03-29 22:00:00
1774825200000,80.84,81.62,80.81,81.34,667052.53,2026-03-29 23:00:00
1774828800000,81.35,82.97,81.06,81.81,829606.71,2026-03-30 00:00:00
1774832400000,81.82,82.83,81.81,82.66,388724.14,2026-03-30 01:00:00
1774836000000,82.66,83.93,82.41,83.29,677039.59,2026-03-30 02:00:00
1774839600000,83.29,83.5,82.88,83.24,348047.85,2026-03-30 03:00:00
1774843200000,83.24,83.84,83.21,83.73,347313.84,2026-03-30 04:00:00
1774846800000,83.73,84.15,83.42,83.57,597196.37,2026-03-30 05:00:00
1774850400000,83.57,83.85,83.35,83.42,233305.35,2026-03-30 06:00:00
1774854000000,83.43,84.24,83.28,83.97,324931.54,2026-03-30 07:00:00
1774857600000,83.97,84.88,83.94,84.47,806179.88,2026-03-30 08:00:00
1774861200000,84.46,84.47,84.07,84.1,279867.55,2026-03-30 09:00:00
1774864800000,84.1,84.17,83.55,83.88,302727.0,2026-03-30 10:00:00
1774868400000,83.89,84.64,83.83,84.2,399562.73,2026-03-30 11:00:00
1774872000000,84.21,84.58,84.08,84.45,290982.82,2026-03-30 12:00:00
1774875600000,84.46,84.97,83.86,83.95,617905.31,2026-03-30 13:00:00
1774879200000,83.95,84.59,83.61,84.35,643769.99,2026-03-30 14:00:00
1774882800000,84.35,84.72,83.84,84.45,430912.82,2026-03-30 15:00:00
1774886400000,84.45,84.5,83.84,84.16,263501.75,2026-03-30 16:00:00
1774890000000,84.16,84.37,83.03,83.21,396770.42,2026-03-30 17:00:00
1774893600000,83.21,83.38,82.39,82.64,328546.34,2026-03-30 18:00:00
1774897200000,82.63,82.65,81.91,82.32,456742.77,2026-03-30 19:00:00
1774900800000,82.32,82.86,82.28,82.74,207931.78,2026-03-30 20:00:00
1774904400000,82.74,83.61,82.64,83.08,324281.87,2026-03-30 21:00:00
1774908000000,83.09,83.44,82.6,82.76,228700.37,2026-03-30 22:00:00
1774911600000,82.75,82.76,82.08,82.51,279971.79,2026-03-30 23:00:00
1774915200000,82.51,82.91,82.1,82.68,349182.98,2026-03-31 00:00:00
1774918800000,82.69,84.59,82.55,83.82,734635.66,2026-03-31 01:00:00
1774922400000,83.81,84.05,83.56,83.78,231176.7,2026-03-31 02:00:00
1774926000000,83.78,83.88,83.23,83.56,182077.51,2026-03-31 03:00:00
1774929600000,83.57,83.87,83.24,83.3,242387.63,2026-03-31 04:00:00
1774933200000,83.29,83.72,82.83,83.71,345856.77,2026-03-31 05:00:00
1774936800000,83.71,83.78,83.0,83.37,351665.43,2026-03-31 06:00:00
1774940400000,83.37,83.38,82.63,83.05,308952.07,2026-03-31 07:00:00
1774944000000,83.05,83.3,82.18,82.2,398189.25,2026-03-31 08:00:00
1774947600000,82.2,82.41,79.86,80.49,1102725.65,2026-03-31 09:00:00
1774951200000,80.49,80.88,80.29,80.41,609961.33,2026-03-31 10:00:00
1774954800000,80.42,80.93,80.22,80.8,731514.88,2026-03-31 11:00:00
1774958400000,80.8,81.04,80.35,80.73,527393.99,2026-03-31 12:00:00
1774962000000,80.74,82.0,80.71,81.8,860720.33,2026-03-31 13:00:00
1774965600000,81.79,82.54,80.34,80.58,1197881.41,2026-03-31 14:00:00
1774969200000,80.57,81.64,80.57,80.83,617604.55,2026-03-31 15:00:00
1774972800000,80.82,82.87,80.81,82.34,860634.75,2026-03-31 16:00:00
1774976400000,82.34,83.44,82.14,82.35,834594.74,2026-03-31 17:00:00
1774980000000,82.34,83.06,82.34,82.85,286201.69,2026-03-31 18:00:00
1774983600000,82.84,82.94,82.41,82.66,249727.24,2026-03-31 19:00:00
1774987200000,82.66,83.36,82.57,83.14,266622.58,2026-03-31 20:00:00
1774990800000,83.13,83.15,82.58,82.82,186674.18,2026-03-31 21:00:00
1774994400000,82.81,82.86,82.28,82.72,201170.78,2026-03-31 22:00:00
1774998000000,82.73,83.23,82.62,83.15,200452.41,2026-03-31 23:00:00
1775001600000,83.15,83.57,82.81,83.37,237301.2,2026-04-01 00:00:00
1775005200000,83.38,83.43,82.66,82.69,300294.11,2026-04-01 01:00:00
1775008800000,82.7,82.86,82.43,82.6,204857.59,2026-04-01 02:00:00
1775012400000,82.59,83.45,82.59,83.38,341204.41,2026-04-01 03:00:00
1775016000000,83.38,83.8,83.19,83.7,351869.38,2026-04-01 04:00:00
1775019600000,83.7,84.28,83.3,84.08,618760.4,2026-04-01 05:00:00
1775023200000,84.07,84.68,83.99,84.4,487328.36,2026-04-01 06:00:00
1775026800000,84.4,84.7,83.76,83.79,548331.87,2026-04-01 07:00:00
1775030400000,83.78,84.02,83.33,83.57,495534.79,2026-04-01 08:00:00
1775034000000,83.58,83.72,83.09,83.32,313567.67,2026-04-01 09:00:00
1775037600000,83.33,83.47,83.0,83.31,202301.74,2026-04-01 10:00:00
1775041200000,83.31,83.54,83.12,83.31,136901.44,2026-04-01 11:00:00
1775044800000,83.32,83.68,82.73,82.97,667791.59,2026-04-01 12:00:00
1775048400000,82.98,83.39,82.34,82.63,591389.97,2026-04-01 13:00:00
1775052000000,82.62,83.52,82.46,83.33,455988.93,2026-04-01 14:00:00
1775055600000,83.33,83.84,83.04,83.57,373644.07,2026-04-01 15:00:00
1775059200000,83.56,85.27,83.0,85.2,1155727.19,2026-04-01 16:00:00
1775062800000,85.19,86.58,84.15,84.39,1848177.81,2026-04-01 17:00:00
1775066400000,84.38,84.44,83.51,83.6,612497.5,2026-04-01 18:00:00
1775070000000,83.61,84.39,83.6,83.8,273405.55,2026-04-01 19:00:00
1775073600000,83.81,83.85,82.26,82.54,686203.44,2026-04-01 20:00:00
1775077200000,82.54,83.13,81.27,81.8,677015.07,2026-04-01 21:00:00
1775080800000,81.8,81.9,80.71,81.11,1010915.75,2026-04-01 22:00:00
1775084400000,81.12,81.41,80.95,81.14,364980.27,2026-04-01 23:00:00
1775088000000,81.13,81.74,80.87,81.57,529101.42,2026-04-02 00:00:00
1775091600000,81.57,81.59,78.91,79.28,2038681.11,2026-04-02 01:00:00
1775095200000,79.27,79.29,78.21,78.8,1017997.61,2026-04-02 02:00:00
1775098800000,78.8,79.35,78.63,78.96,569069.67,2026-04-02 03:00:00
1775102400000,78.95,79.14,78.68,78.78,536492.49,2026-04-02 04:00:00
1775106000000,78.77,79.4,78.55,79.21,474639.59,2026-04-02 05:00:00
1775109600000,79.2,79.39,78.89,79.07,233152.94,2026-04-02 06:00:00
1775113200000,79.08,79.62,78.95,79.58,269144.14,2026-04-02 07:00:00
1775116800000,79.58,79.58,79.0,79.07,251143.32,2026-04-02 08:00:00
1775120400000,79.07,79.31,78.86,79.22,211366.04,2026-04-02 09:00:00
1775124000000,79.21,79.27,78.74,78.84,279115.32,2026-04-02 10:00:00
1775127600000,78.84,78.94,78.1,78.28,479564.4,2026-04-02 11:00:00
1775131200000,78.28,78.56,77.84,77.93,537942.6,2026-04-02 12:00:00
1775134800000,77.94,78.22,76.63,77.7,1279810.47,2026-04-02 13:00:00
1775138400000,77.7,79.66,77.46,79.03,1762561.26,2026-04-02 14:00:00
1775142000000,79.02,79.21,78.3,79.0,612878.17,2026-04-02 15:00:00
1775145600000,79.0,79.86,78.66,79.4,619266.63,2026-04-02 16:00:00
1775149200000,79.39,79.64,78.51,78.54,538847.65,2026-04-02 17:00:00
1775152800000,78.55,79.24,78.39,79.08,360103.22,2026-04-02 18:00:00
1775156400000,79.09,79.2,78.64,78.95,216545.82,2026-04-02 19:00:00
1775160000000,78.95,79.33,78.73,79.11,200375.09,2026-04-02 20:00:00
1775163600000,79.12,79.19,78.58,78.92,137649.29,2026-04-02 21:00:00
1775167200000,78.92,79.08,78.68,78.94,118389.2,2026-04-02 22:00:00
1775170800000,78.93,79.1,78.73,78.89,237834.11,2026-04-02 23:00:00
1775174400000,78.9,79.33,78.83,79.15,298685.87,2026-04-03 00:00:00
1775178000000,79.16,79.75,78.93,79.14,370484.88,2026-04-03 01:00:00
1775181600000,79.13,79.55,78.81,79.3,420081.26,2026-04-03 02:00:00
1775185200000,79.29,79.4,78.97,78.97,273067.71,2026-04-03 03:00:00
1775188800000,78.97,79.5,78.95,79.27,403324.83,2026-04-03 04:00:00
1775192400000,79.27,79.61,79.02,79.28,226488.77,2026-04-03 05:00:00
1775196000000,79.28,79.67,79.16,79.6,210644.2,2026-04-03 06:00:00
1775199600000,79.6,80.11,79.39,79.9,417104.65,2026-04-03 07:00:00
1775203200000,79.9,80.08,79.58,79.74,317596.92,2026-04-03 08:00:00
1775206800000,79.74,80.19,79.64,79.91,333471.49,2026-04-03 09:00:00
1775210400000,79.92,80.14,79.64,80.13,311557.06,2026-04-03 10:00:00
1775214000000,80.12,80.42,79.84,80.14,394482.55,2026-04-03 11:00:00
1775217600000,80.13,80.89,79.18,79.31,712423.56,2026-04-03 12:00:00
1775221200000,79.31,79.58,79.11,79.55,358969.35,2026-04-03 13:00:00
1775224800000,79.56,80.32,79.38,80.21,335128.73,2026-04-03 14:00:00
1775228400000,80.21,80.63,80.1,80.28,501101.85,2026-04-03 15:00:00
1775232000000,80.28,80.65,80.19,80.51,329104.83,2026-04-03 16:00:00
1775235600000,80.52,80.52,79.85,80.14,187423.8,2026-04-03 17:00:00
1775239200000,80.14,80.42,80.04,80.07,98399.97,2026-04-03 18:00:00
1775242800000,80.07,80.25,79.82,80.15,123938.17,2026-04-03 19:00:00
1775246400000,80.15,80.28,80.1,80.15,65251.39,2026-04-03 20:00:00
1775250000000,80.15,80.67,80.07,80.35,152299.08,2026-04-03 21:00:00
1775253600000,80.36,80.46,79.88,80.09,189625.94,2026-04-03 22:00:00
1775257200000,80.09,80.5,80.07,80.33,159649.49,2026-04-03 23:00:00
1775260800000,80.34,80.36,80.08,80.17,89371.98,2026-04-04 00:00:00
1775264400000,80.17,80.28,80.0,80.08,91935.05,2026-04-04 01:00:00
1775268000000,80.07,80.24,80.0,80.13,136311.82,2026-04-04 02:00:00
1775271600000,80.12,80.25,80.1,80.11,79349.99,2026-04-04 03:00:00
1775275200000,80.11,80.27,80.09,80.2,77434.68,2026-04-04 04:00:00
1775278800000,80.19,80.25,80.06,80.13,95136.61,2026-04-04 05:00:00
1775282400000,80.14,80.5,80.1,80.41,107215.04,2026-04-04 06:00:00
1775286000000,80.41,80.44,80.17,80.27,69049.74,2026-04-04 07:00:00
1775289600000,80.27,80.35,79.88,79.94,132589.13,2026-04-04 08:00:00
1775293200000,79.94,80.05,79.85,79.99,164582.03,2026-04-04 09:00:00
1775296800000,79.98,80.25,79.97,80.19,204429.69,2026-04-04 10:00:00
1775300400000,80.18,80.25,79.97,80.15,210501.96,2026-04-04 11:00:00
1775304000000,80.14,80.21,79.97,80.05,79555.61,2026-04-04 12:00:00
1775307600000,80.04,80.19,79.87,79.99,110301.15,2026-04-04 13:00:00
1775311200000,79.99,80.35,79.48,80.31,286015.84,2026-04-04 14:00:00
1775314800000,80.3,81.62,80.21,81.05,1153631.13,2026-04-04 15:00:00
1775318400000,81.05,81.3,80.66,80.72,377287.74,2026-04-04 16:00:00
1775322000000,80.72,81.0,80.58,80.89,173226.01,2026-04-04 17:00:00
1775325600000,80.89,81.09,80.69,80.79,203506.45,2026-04-04 18:00:00
1775329200000,80.8,81.29,80.71,80.82,344909.19,2026-04-04 19:00:00
1775332800000,80.82,80.84,80.57,80.77,101808.82,2026-04-04 20:00:00
1775336400000,80.77,80.98,80.72,80.87,191093.36,2026-04-04 21:00:00
1775340000000,80.88,81.03,80.83,80.96,128220.22,2026-04-04 22:00:00
1775343600000,80.95,80.96,80.66,80.79,98589.29,2026-04-04 23:00:00
1775347200000,80.8,80.81,80.49,80.66,159248.16,2026-04-05 00:00:00
1775350800000,80.66,80.76,80.44,80.47,146940.35,2026-04-05 01:00:00
1775354400000,80.46,80.59,80.33,80.53,220672.57,2026-04-05 02:00:00
1775358000000,80.53,80.57,80.35,80.51,72966.34,2026-04-05 03:00:00
1775361600000,80.52,80.54,80.24,80.29,166427.12,2026-04-05 04:00:00
1775365200000,80.28,80.39,80.08,80.25,184575.06,2026-04-05 05:00:00
1775368800000,80.25,80.32,79.34,79.55,691116.5,2026-04-05 06:00:00
1775372400000,79.54,79.83,79.45,79.54,305057.57,2026-04-05 07:00:00
1775376000000,79.54,79.66,79.49,79.57,112578.22,2026-04-05 08:00:00
1775379600000,79.57,79.84,79.57,79.78,150457.8,2026-04-05 09:00:00
1775383200000,79.78,80.2,79.73,79.81,213303.0,2026-04-05 10:00:00
1775386800000,79.81,79.89,79.71,79.87,97041.69,2026-04-05 11:00:00
1775390400000,79.86,79.92,78.75,78.97,706941.24,2026-04-05 12:00:00
1775394000000,78.96,79.2,78.46,79.13,563214.26,2026-04-05 13:00:00
1775397600000,79.14,79.44,79.08,79.24,187007.71,2026-04-05 14:00:00
1775401200000,79.25,80.3,78.95,79.54,605629.67,2026-04-05 15:00:00
1775404800000,79.54,79.78,79.34,79.42,239730.89,2026-04-05 16:00:00
1775408400000,79.42,79.89,79.33,79.84,152754.33,2026-04-05 17:00:00
1775412000000,79.84,80.08,79.66,79.9,137800.53,2026-04-05 18:00:00
1775415600000,79.91,80.18,79.47,79.78,144826.11,2026-04-05 19:00:00
1775419200000,79.78,80.17,79.75,80.11,155193.18,2026-04-05 20:00:00
1775422800000,80.11,80.14,79.45,79.69,153347.82,2026-04-05 21:00:00
1775426400000,79.7,80.65,79.0,80.52,583754.09,2026-04-05 22:00:00
1775430000000,80.52,82.08,80.4,81.85,1145937.77,2026-04-05 23:00:00
1775433600000,81.86,82.94,81.86,82.31,976552.16,2026-04-06 00:00:00
1775437200000,82.31,82.39,81.64,81.67,424520.29,2026-04-06 01:00:00
1775440800000,81.67,82.78,81.63,82.37,385339.01,2026-04-06 02:00:00
1775444400000,82.38,82.45,81.91,82.07,255229.07,2026-04-06 03:00:00
1775448000000,82.07,82.31,81.74,81.95,238346.1,2026-04-06 04:00:00
1775451600000,81.96,82.04,81.79,81.86,118833.79,2026-04-06 05:00:00
1775455200000,81.86,82.09,80.91,81.45,589514.57,2026-04-06 06:00:00
1775458800000,81.46,81.93,81.29,81.77,490872.94,2026-04-06 07:00:00
1775462400000,81.77,82.21,81.63,81.94,404575.72,2026-04-06 08:00:00
1775466000000,81.95,83.17,81.83,82.42,815867.22,2026-04-06 09:00:00
1775469600000,82.42,82.85,82.42,82.62,292096.9,2026-04-06 10:00:00
1775473200000,82.62,82.63,82.26,82.4,171546.41,2026-04-06 11:00:00
1775476800000,82.39,82.5,82.13,82.26,260797.04,2026-04-06 12:00:00
1775480400000,82.26,82.63,82.12,82.43,241552.49,2026-04-06 13:00:00
1775484000000,82.42,82.78,81.68,82.2,639044.31,2026-04-06 14:00:00
1775487600000,82.19,82.41,81.95,82.24,326015.31,2026-04-06 15:00:00
1775491200000,82.25,82.43,81.53,81.55,283281.61,2026-04-06 16:00:00
1775494800000,81.55,81.75,81.13,81.59,397315.73,2026-04-06 17:00:00
1775498400000,81.6,82.17,81.5,81.85,210632.77,2026-04-06 18:00:00
1775502000000,81.84,81.93,81.51,81.86,126185.76,2026-04-06 19:00:00
1775505600000,81.86,82.1,81.76,81.94,93248.36,2026-04-06 20:00:00
1775509200000,81.94,81.94,81.33,81.43,104660.51,2026-04-06 21:00:00
1775512800000,81.42,81.45,80.1,80.12,514760.22,2026-04-06 22:00:00
1775516400000,80.12,80.19,79.53,79.95,811158.37,2026-04-06 23:00:00
1775520000000,79.95,80.15,79.52,79.84,499566.65,2026-04-07 00:00:00
1775523600000,79.84,80.08,79.31,79.45,371614.32,2026-04-07 01:00:00
1775527200000,79.45,79.84,79.4,79.67,261228.78,2026-04-07 02:00:00
1775530800000,79.66,79.87,79.63,79.73,148316.33,2026-04-07 03:00:00
1775534400000,79.73,80.12,79.61,79.85,256081.58,2026-04-07 04:00:00
1775538000000,79.85,79.91,79.4,79.54,340372.16,2026-04-07 05:00:00
1775541600000,79.54,79.62,79.24,79.49,325688.26,2026-04-07 06:00:00
1775545200000,79.5,79.89,79.39,79.82,252106.07,2026-04-07 07:00:00
1775548800000,79.81,80.31,79.76,80.09,511896.62,2026-04-07 08:00:00
1775552400000,80.08,80.55,80.08,80.33,310136.67,2026-04-07 09:00:00
1775556000000,80.32,80.4,79.16,79.32,670251.57,2026-04-07 10:00:00
1775559600000,79.32,79.5,78.84,79.16,687725.21,2026-04-07 11:00:00
1775563200000,79.16,79.34,78.53,79.08,702588.26,2026-04-07 12:00:00
1775566800000,79.08,79.19,78.78,78.82,337061.1,2026-04-07 13:00:00
1775570400000,78.83,79.02,78.33,78.54,565742.66,2026-04-07 14:00:00
1775574000000,78.53,78.95,78.31,78.81,442979.48,2026-04-07 15:00:00
1775577600000,78.8,79.15,78.61,78.86,249357.44,2026-04-07 16:00:00
1775581200000,78.85,80.94,78.79,80.01,1137603.67,2026-04-07 17:00:00
1775584800000,80.01,80.15,79.46,79.89,388517.35,2026-04-07 18:00:00
1775588400000,79.88,81.8,79.84,81.57,985785.79,2026-04-07 19:00:00
1775592000000,81.57,82.39,81.57,81.91,726751.05,2026-04-07 20:00:00
1775595600000,81.91,83.24,81.84,82.88,743533.3,2026-04-07 21:00:00
1775599200000,82.89,85.23,82.89,85.22,1618504.08,2026-04-07 22:00:00
1775602800000,85.22,87.14,85.04,85.51,1723309.64,2026-04-07 23:00:00
1775606400000,85.51,85.86,84.22,84.73,720842.78,2026-04-08 00:00:00
1775610000000,84.73,84.95,84.41,84.64,327864.15,2026-04-08 01:00:00
1775613600000,84.65,84.93,84.36,84.56,272660.85,2026-04-08 02:00:00
1775617200000,84.57,84.66,84.34,84.53,230465.61,2026-04-08 03:00:00
1775620800000,84.53,85.06,84.46,84.46,454322.09,2026-04-08 04:00:00
1775624400000,84.47,84.72,84.1,84.18,308096.52,2026-04-08 05:00:00
1775628000000,84.18,84.68,83.84,84.51,411268.79,2026-04-08 06:00:00
1775631600000,84.52,84.68,84.17,84.47,276099.88,2026-04-08 07:00:00
1775635200000,84.48,84.86,84.41,84.82,229041.57,2026-04-08 08:00:00
1775638800000,84.82,84.95,84.5,84.63,203240.37,2026-04-08 09:00:00
1775642400000,84.63,84.77,84.46,84.48,203181.57,2026-04-08 10:00:00
1775646000000,84.48,84.81,84.12,84.42,334146.95,2026-04-08 11:00:00
1775649600000,84.42,84.65,84.07,84.5,249273.59,2026-04-08 12:00:00
1775653200000,84.51,84.94,83.87,84.0,773907.42,2026-04-08 13:00:00
1775656800000,83.99,84.1,82.45,82.86,942679.28,2026-04-08 14:00:00
1775660400000,82.86,83.42,82.74,83.29,426795.06,2026-04-08 15:00:00
1775664000000,83.28,83.57,82.99,83.45,219190.02,2026-04-08 16:00:00
1775667600000,83.44,84.16,83.26,83.92,344720.38,2026-04-08 17:00:00
1775671200000,83.93,83.99,82.75,82.9,287021.4,2026-04-08 18:00:00
1775674800000,82.89,83.2,82.74,83.16,164627.98,2026-04-08 19:00:00
1775678400000,83.15,83.35,82.98,83.23,121493.67,2026-04-08 20:00:00
1775682000000,83.24,83.58,83.15,83.36,120922.53,2026-04-08 21:00:00
1775685600000,83.37,83.4,82.54,82.57,198352.09,2026-04-08 22:00:00
1775689200000,82.58,82.99,82.17,82.52,420770.43,2026-04-08 23:00:00
1775692800000,82.52,82.63,82.04,82.17,247452.83,2026-04-09 00:00:00
1775696400000,82.16,82.28,81.65,82.19,535150.18,2026-04-09 01:00:00
1775700000000,82.18,82.4,82.01,82.08,195437.75,2026-04-09 02:00:00
1775703600000,82.08,82.13,81.83,81.99,241748.97,2026-04-09 03:00:00
1775707200000,81.98,81.98,81.77,81.78,212467.97,2026-04-09 04:00:00
1775710800000,81.79,82.27,81.68,82.11,305531.04,2026-04-09 05:00:00
1775714400000,82.12,82.31,81.8,82.12,235640.4,2026-04-09 06:00:00
1775718000000,82.13,82.43,82.13,82.22,179095.54,2026-04-09 07:00:00
1775721600000,82.23,82.6,82.1,82.41,248400.36,2026-04-09 08:00:00
1775725200000,82.42,82.64,82.06,82.54,386497.68,2026-04-09 09:00:00
1775728800000,82.55,82.61,82.32,82.52,151455.72,2026-04-09 10:00:00
1775732400000,82.53,82.66,81.98,82.12,323525.48,2026-04-09 11:00:00
1775736000000,82.12,82.35,81.92,82.23,296896.08,2026-04-09 12:00:00
1775739600000,82.23,82.36,81.52,81.82,386712.44,2026-04-09 13:00:00
1775743200000,81.82,82.27,81.37,82.15,407183.81,2026-04-09 14:00:00
1775746800000,82.15,83.9,81.86,83.71,926337.94,2026-04-09 15:00:00
1775750400000,83.71,84.2,82.87,83.66,663276.38,2026-04-09 16:00:00
1775754000000,83.66,84.69,83.63,84.64,678722.35,2026-04-09 17:00:00
1775757600000,84.63,84.69,83.4,83.8,609638.5,2026-04-09 18:00:00
1775761200000,83.81,84.29,83.4,84.12,366097.09,2026-04-09 19:00:00
1775764800000,84.12,84.51,84.07,84.23,273732.49,2026-04-09 20:00:00
1775768400000,84.22,84.73,84.11,84.24,217641.66,2026-04-09 21:00:00
1775772000000,84.24,85.91,83.89,83.96,664005.88,2026-04-09 22:00:00
1775775600000,83.96,84.08,83.11,83.29,487538.44,2026-04-09 23:00:00
1775779200000,83.29,83.34,82.85,83.1,339913.18,2026-04-10 00:00:00
1775782800000,83.09,83.76,82.78,83.12,543554.66,2026-04-10 01:00:00
1775786400000,83.11,83.42,82.98,83.2,237228.46,2026-04-10 02:00:00
1775790000000,83.21,83.24,82.56,82.86,262364.67,2026-04-10 03:00:00
1775793600000,82.85,83.48,82.85,83.3,178572.68,2026-04-10 04:00:00
1775797200000,83.3,83.55,83.06,83.35,223364.09,2026-04-10 05:00:00
1775800800000,83.35,83.42,83.06,83.14,195186.93,2026-04-10 06:00:00
1775804400000,83.14,83.23,82.83,82.91,222909.48,2026-04-10 07:00:00
1775808000000,82.91,83.08,82.67,82.89,384806.15,2026-04-10 08:00:00
1775811600000,82.88,83.55,82.87,83.5,372326.19,2026-04-10 09:00:00
1775815200000,83.5,83.52,83.07,83.27,200704.21,2026-04-10 10:00:00
1775818800000,83.26,83.75,83.26,83.49,338300.17,2026-04-10 11:00:00
1775822400000,83.49,84.4,83.31,84.07,825603.88,2026-04-10 12:00:00
1775826000000,84.07,84.35,83.53,84.23,378537.96,2026-04-10 13:00:00
1775829600000,84.22,85.2,84.14,85.06,848593.29,2026-04-10 14:00:00
1775833200000,85.06,85.55,84.03,84.2,599144.6,2026-04-10 15:00:00
1775836800000,84.2,84.87,84.06,84.81,350392.07,2026-04-10 16:00:00
1775840400000,84.8,84.86,84.42,84.83,144917.08,2026-04-10 17:00:00
1775844000000,84.83,85.23,84.58,85.17,177857.41,2026-04-10 18:00:00
1775847600000,85.17,85.44,85.07,85.41,195828.79,2026-04-10 19:00:00
1775851200000,85.41,85.64,85.01,85.4,225008.07,2026-04-10 20:00:00
1775854800000,85.41,85.41,84.92,85.18,137028.55,2026-04-10 21:00:00
1775858400000,85.19,85.24,84.59,84.83,174389.69,2026-04-10 22:00:00
1775862000000,84.84,84.91,84.69,84.77,86171.35,2026-04-10 23:00:00
1775865600000,84.78,84.8,84.46,84.63,165917.87,2026-04-11 00:00:00
1775869200000,84.63,84.67,84.33,84.63,144897.17,2026-04-11 01:00:00
1775872800000,84.63,84.87,84.53,84.76,154890.92,2026-04-11 02:00:00
1775876400000,84.76,84.86,84.19,84.36,227342.43,2026-04-11 03:00:00
1775880000000,84.36,84.57,84.16,84.33,179082.14,2026-04-11 04:00:00
1775883600000,84.32,84.36,84.03,84.04,215496.07,2026-04-11 05:00:00
1775887200000,84.04,84.1,83.82,84.07,184994.21,2026-04-11 06:00:00
1775890800000,84.08,84.3,84.02,84.23,146048.03,2026-04-11 07:00:00
1775894400000,84.23,84.39,84.11,84.11,146491.34,2026-04-11 08:00:00
1775898000000,84.11,84.75,84.1,84.47,378575.45,2026-04-11 09:00:00
1775901600000,84.47,84.48,83.9,84.01,256032.62,2026-04-11 10:00:00
1775905200000,84.0,84.22,83.71,84.2,342994.74,2026-04-11 11:00:00
1775908800000,84.19,84.48,84.01,84.17,304858.37,2026-04-11 12:00:00
1775912400000,84.17,84.27,83.76,84.03,260728.67,2026-04-11 13:00:00
1775916000000,84.04,84.37,83.98,84.32,309896.65,2026-04-11 14:00:00
1775919600000,84.33,84.84,84.18,84.62,382417.68,2026-04-11 15:00:00
1775923200000,84.62,85.36,84.54,84.94,352935.71,2026-04-11 16:00:00
1775926800000,84.93,84.97,84.63,84.75,222407.31,2026-04-11 17:00:00
1775930400000,84.76,85.8,84.6,85.44,443870.57,2026-04-11 18:00:00
1775934000000,85.45,86.24,85.38,85.98,442654.42,2026-04-11 19:00:00
1775937600000,85.99,86.06,85.08,85.36,244777.01,2026-04-11 20:00:00
1775941200000,85.37,85.5,85.15,85.3,98156.12,2026-04-11 21:00:00
1775944800000,85.3,86.13,85.01,85.24,366434.92,2026-04-11 22:00:00
1775948400000,85.24,85.24,84.47,84.88,274746.77,2026-04-11 23:00:00
1775952000000,84.88,84.96,84.66,84.84,190144.1,2026-04-12 00:00:00
1775955600000,84.84,84.93,81.97,82.22,1391119.84,2026-04-12 01:00:00
1775959200000,82.23,82.91,81.81,82.6,820090.1,2026-04-12 02:00:00
1775962800000,82.6,82.73,82.26,82.26,274552.29,2026-04-12 03:00:00
1775966400000,82.26,82.4,82.1,82.16,235239.12,2026-04-12 04:00:00
1775970000000,82.17,82.42,82.01,82.34,206437.55,2026-04-12 05:00:00
1775973600000,82.34,82.45,82.15,82.22,165227.53,2026-04-12 06:00:00
1775977200000,82.21,82.41,82.18,82.23,113932.77,2026-04-12 07:00:00
1775980800000,82.22,82.25,82.08,82.23,150127.85,2026-04-12 08:00:00
1775984400000,82.23,82.35,82.06,82.15,147348.8,2026-04-12 09:00:00
1775988000000,82.15,82.28,81.9,81.99,181769.78,2026-04-12 10:00:00
1775991600000,81.98,82.32,81.91,82.16,239059.12,2026-04-12 11:00:00
1775995200000,82.15,82.5,81.82,81.97,345674.03,2026-04-12 12:00:00
1775998800000,81.97,82.19,81.71,81.86,458322.02,2026-04-12 13:00:00
1776002400000,81.85,82.06,81.24,81.52,701874.07,2026-04-12 14:00:00
1776006000000,81.53,81.79,81.26,81.54,316900.44,2026-04-12 15:00:00
1776009600000,81.54,81.84,81.48,81.83,142888.26,2026-04-12 16:00:00
1776013200000,81.83,82.27,81.71,82.13,188472.9,2026-04-12 17:00:00
1776016800000,82.14,82.27,81.99,82.07,153938.42,2026-04-12 18:00:00
1776020400000,82.07,82.27,81.87,81.92,61586.49,2026-04-12 19:00:00
1776024000000,81.92,82.84,81.87,82.62,240648.22,2026-04-12 20:00:00
1776027600000,82.62,82.84,82.38,82.74,186007.52,2026-04-12 21:00:00
1776031200000,82.74,82.77,81.32,81.95,727251.74,2026-04-12 22:00:00
1776034800000,81.95,81.95,81.22,81.49,230125.64,2026-04-12 23:00:00
1776038400000,81.49,82.18,81.36,82.09,184661.91,2026-04-13 00:00:00
1776042000000,82.1,82.3,81.91,82.27,231069.97,2026-04-13 01:00:00
1776045600000,82.28,82.39,81.84,81.9,164799.71,2026-04-13 02:00:00
1776049200000,81.9,82.02,81.7,81.86,117925.33,2026-04-13 03:00:00
1776052800000,81.87,82.22,81.8,81.87,180918.98,2026-04-13 04:00:00
1776056400000,81.87,81.94,81.48,81.8,200689.25,2026-04-13 05:00:00
1776060000000,81.8,82.56,81.77,82.31,478973.34,2026-04-13 06:00:00
1776063600000,82.3,82.37,81.81,82.12,196712.62,2026-04-13 07:00:00
1776067200000,82.11,82.23,81.68,81.81,285374.07,2026-04-13 08:00:00
1776070800000,81.81,82.17,81.76,81.81,246316.55,2026-04-13 09:00:00
1776074400000,81.81,81.93,81.61,81.7,136322.83,2026-04-13 10:00:00
1776078000000,81.7,82.01,81.64,81.81,184455.33,2026-04-13 11:00:00
1776081600000,81.81,82.73,81.77,82.48,448468.24,2026-04-13 12:00:00
1776085200000,82.49,83.64,82.23,83.57,910948.48,2026-04-13 13:00:00
1776088800000,83.56,83.79,82.73,83.74,734245.12,2026-04-13 14:00:00
1776092400000,83.74,83.79,82.31,82.63,604467.98,2026-04-13 15:00:00
1776096000000,82.62,83.59,82.29,83.32,532289.82,2026-04-13 16:00:00
1776099600000,83.33,83.81,82.98,83.03,363515.63,2026-04-13 17:00:00
1776103200000,83.03,83.24,82.55,83.18,270421.75,2026-04-13 18:00:00
1776106800000,83.19,84.23,83.07,84.07,534508.22,2026-04-13 19:00:00
1776110400000,84.08,84.35,83.79,83.92,383157.6,2026-04-13 20:00:00
1776114000000,83.92,84.12,83.81,83.92,160216.77,2026-04-13 21:00:00
1776117600000,83.92,86.46,83.91,86.2,1276918.69,2026-04-13 22:00:00
1776121200000,86.19,86.8,85.89,86.51,840518.34,2026-04-13 23:00:00
1776124800000,86.51,86.74,85.76,85.89,670020.5,2026-04-14 00:00:00
1776128400000,85.89,86.12,85.66,85.94,342523.3,2026-04-14 01:00:00
1776132000000,85.94,86.39,85.85,86.2,392498.45,2026-04-14 02:00:00
1776135600000,86.2,86.25,85.97,86.03,172974.64,2026-04-14 03:00:00
1776139200000,86.03,86.03,85.53,85.87,282445.97,2026-04-14 04:00:00
1776142800000,85.87,85.9,85.4,85.48,212365.36,2026-04-14 05:00:00
1776146400000,85.47,86.07,85.47,85.93,299274.55,2026-04-14 06:00:00
1776150000000,85.92,86.17,85.77,85.88,414621.62,2026-04-14 07:00:00
1776153600000,85.88,86.38,85.7,86.12,281264.51,2026-04-14 08:00:00
1776157200000,86.12,86.25,85.95,86.09,145850.84,2026-04-14 09:00:00
1776160800000,86.09,86.57,85.98,86.0,355460.17,2026-04-14 10:00:00
1776164400000,86.0,86.1,85.58,85.76,485482.41,2026-04-14 11:00:00
1776168000000,85.75,85.99,85.57,85.93,226522.68,2026-04-14 12:00:00
1776171600000,85.93,87.38,85.89,87.27,745567.85,2026-04-14 13:00:00
1776175200000,87.27,87.64,85.95,85.96,953078.37,2026-04-14 14:00:00
1776178800000,85.95,86.28,85.21,85.92,859221.85,2026-04-14 15:00:00
1776182400000,85.92,86.14,84.71,84.99,604635.59,2026-04-14 16:00:00
1776186000000,84.99,85.4,84.65,85.2,353717.01,2026-04-14 17:00:00
1776189600000,85.2,85.38,83.83,84.04,483544.21,2026-04-14 18:00:00
1776193200000,84.03,84.27,83.65,83.89,540308.18,2026-04-14 19:00:00
1776196800000,83.89,84.09,83.34,83.55,375165.5,2026-04-14 20:00:00
1776200400000,83.55,83.89,83.48,83.76,129782.5,2026-04-14 21:00:00
1776204000000,83.75,83.89,83.22,83.46,402425.89,2026-04-14 22:00:00
1776207600000,83.46,84.01,83.38,83.65,342014.02,2026-04-14 23:00:00
1776211200000,83.66,84.02,83.48,83.71,609556.05,2026-04-15 00:00:00
1776214800000,83.71,83.98,83.5,83.85,281248.13,2026-04-15 01:00:00
1776218400000,83.85,83.95,83.08,83.33,329769.93,2026-04-15 02:00:00
1776222000000,83.34,83.47,83.23,83.4,142361.24,2026-04-15 03:00:00
1776225600000,83.4,83.61,83.28,83.55,182795.37,2026-04-15 04:00:00
1776229200000,83.54,83.74,82.85,83.07,471995.95,2026-04-15 05:00:00
1776232800000,83.07,83.09,82.81,82.95,198892.62,2026-04-15 06:00:00
1776236400000,82.95,83.17,82.59,82.88,438773.78,2026-04-15 07:00:00
1776240000000,82.88,83.26,82.69,83.08,262267.53,2026-04-15 08:00:00
1776243600000,83.09,83.2,82.83,83.11,184778.28,2026-04-15 09:00:00
1776247200000,83.11,83.6,82.86,83.11,456296.95,2026-04-15 10:00:00
1776250800000,83.11,83.66,83.0,83.55,361961.33,2026-04-15 11:00:00
1776254400000,83.54,83.83,83.33,83.66,239366.28,2026-04-15 12:00:00
1776258000000,83.65,83.76,83.16,83.58,362700.46,2026-04-15 13:00:00
1776261600000,83.59,84.46,83.36,84.26,529267.36,2026-04-15 14:00:00
1776265200000,84.26,84.42,83.45,83.96,470162.41,2026-04-15 15:00:00
1776268800000,83.95,84.67,83.85,84.51,487147.18,2026-04-15 16:00:00
1776272400000,84.52,85.13,84.42,84.68,421588.86,2026-04-15 17:00:00
1776276000000,84.68,85.04,84.56,85.0,162323.46,2026-04-15 18:00:00
1776279600000,84.99,85.81,84.9,85.48,399350.84,2026-04-15 19:00:00
1776283200000,85.48,85.54,84.59,84.76,253426.69,2026-04-15 20:00:00
1776286800000,84.76,84.84,84.13,84.74,249452.45,2026-04-15 21:00:00
1776290400000,84.73,85.57,84.69,84.99,337549.79,2026-04-15 22:00:00
1776294000000,84.99,84.99,84.59,84.85,245811.49,2026-04-15 23:00:00
1776297600000,84.86,85.03,84.42,84.9,230177.49,2026-04-16 00:00:00
1776301200000,84.89,84.91,84.41,84.82,113363.05,2026-04-16 01:00:00
1776304800000,84.81,85.55,84.67,85.07,311209.41,2026-04-16 02:00:00
1776308400000,85.07,85.47,85.04,85.25,178775.34,2026-04-16 03:00:00
1776312000000,85.24,85.53,84.94,85.21,213518.79,2026-04-16 04:00:00
1776315600000,85.2,85.5,85.01,85.36,131490.37,2026-04-16 05:00:00
1776319200000,85.36,85.5,85.14,85.42,159043.41,2026-04-16 06:00:00
1776322800000,85.42,85.61,85.05,85.16,275116.39,2026-04-16 07:00:00
1776326400000,85.16,85.26,84.86,85.01,278204.51,2026-04-16 08:00:00
1776330000000,85.0,85.47,84.92,85.16,341544.16,2026-04-16 09:00:00
1776333600000,85.16,85.2,84.58,85.0,373390.36,2026-04-16 10:00:00
1776337200000,85.0,85.12,84.88,85.02,145076.82,2026-04-16 11:00:00
1776340800000,85.01,85.45,85.01,85.33,230601.74,2026-04-16 12:00:00
1776344400000,85.34,86.24,83.74,84.74,1337172.12,2026-04-16 13:00:00
1776348000000,84.73,85.65,83.97,85.33,901289.56,2026-04-16 14:00:00
1776351600000,85.33,87.1,85.25,86.58,1150138.18,2026-04-16 15:00:00
1776355200000,86.58,87.06,85.55,85.9,824370.56,2026-04-16 16:00:00
1776358800000,85.9,86.75,85.67,86.6,458092.33,2026-04-16 17:00:00
1776362400000,86.6,89.03,86.47,88.94,1390980.03,2026-04-16 18:00:00
1776366000000,88.94,90.1,88.6,90.05,942902.45,2026-04-16 19:00:00
1776369600000,90.05,90.47,89.22,89.53,796862.5,2026-04-16 20:00:00
1776373200000,89.54,89.71,88.69,88.89,474361.56,2026-04-16 21:00:00
1776376800000,88.89,89.42,88.83,88.95,267992.63,2026-04-16 22:00:00
1776380400000,88.95,89.18,88.79,89.01,192646.46,2026-04-16 23:00:00
1776384000000,89.02,89.14,88.53,88.77,253554.39,2026-04-17 00:00:00
1776387600000,88.76,88.97,87.87,88.19,455239.42,2026-04-17 01:00:00
1776391200000,88.19,88.32,87.43,87.82,432138.09,2026-04-17 02:00:00
1776394800000,87.81,87.9,87.41,87.67,237459.42,2026-04-17 03:00:00
1776398400000,87.67,88.24,87.64,87.95,306621.44,2026-04-17 04:00:00
1776402000000,87.94,87.95,87.32,87.35,339548.75,2026-04-17 05:00:00
1776405600000,87.36,88.05,87.31,87.95,202894.06,2026-04-17 06:00:00
1776409200000,87.96,88.44,87.93,88.1,246665.03,2026-04-17 07:00:00
1776412800000,88.09,89.03,88.07,88.9,506466.21,2026-04-17 08:00:00
1776416400000,88.91,89.47,88.26,88.65,601523.97,2026-04-17 09:00:00
1776420000000,88.65,88.68,87.31,87.63,656573.01,2026-04-17 10:00:00
1776423600000,87.63,88.28,87.57,88.16,324860.22,2026-04-17 11:00:00
1776427200000,88.16,88.87,87.86,88.83,595560.07,2026-04-17 12:00:00
1776430800000,88.84,90.49,88.53,90.08,2264015.78,2026-04-17 13:00:00
1776434400000,90.09,90.74,89.6,89.97,1118312.73,2026-04-17 14:00:00
1776438000000,89.98,90.17,89.44,89.91,641422.3,2026-04-17 15:00:00
1776441600000,89.91,90.59,89.85,90.38,527085.36,2026-04-17 16:00:00
1776445200000,90.39,90.4,89.04,89.7,602651.15,2026-04-17 17:00:00
1776448800000,89.7,89.79,88.83,89.12,282540.77,2026-04-17 18:00:00
1776452400000,89.13,89.45,88.87,89.17,205005.03,2026-04-17 19:00:00
1776456000000,89.18,89.32,88.37,88.95,263033.33,2026-04-17 20:00:00
1776459600000,88.94,89.21,88.74,89.08,174533.87,2026-04-17 21:00:00
1776463200000,89.07,89.42,88.89,89.17,147778.69,2026-04-17 22:00:00
1776466800000,89.16,89.16,88.43,88.71,202603.09,2026-04-17 23:00:00
1776470400000,88.71,89.1,88.62,88.93,175541.35,2026-04-18 00:00:00
1776474000000,88.93,89.11,88.65,88.82,119058.83,2026-04-18 01:00:00
1776477600000,88.81,89.04,88.61,88.88,128109.71,2026-04-18 02:00:00
1776481200000,88.88,88.88,88.16,88.27,245250.54,2026-04-18 03:00:00
1776484800000,88.28,88.49,88.19,88.3,193819.43,2026-04-18 04:00:00
1776488400000,88.3,88.61,88.11,88.35,238378.39,2026-04-18 05:00:00
1776492000000,88.36,88.58,88.27,88.45,119056.13,2026-04-18 06:00:00
1776495600000,88.45,88.52,88.26,88.41,125858.13,2026-04-18 07:00:00
1776499200000,88.42,88.47,87.05,87.48,745497.74,2026-04-18 08:00:00
1776502800000,87.49,87.62,87.09,87.57,347742.05,2026-04-18 09:00:00
1776506400000,87.56,87.58,86.72,86.91,548192.7,2026-04-18 10:00:00
1776510000000,86.91,86.92,86.23,86.49,405952.74,2026-04-18 11:00:00
1776513600000,86.48,86.9,86.45,86.84,254649.04,2026-04-18 12:00:00
1776517200000,86.84,86.92,86.35,86.68,280595.11,2026-04-18 13:00:00
1776520800000,86.68,86.83,86.4,86.78,252808.68,2026-04-18 14:00:00
1776524400000,86.78,86.92,86.53,86.72,134951.32,2026-04-18 15:00:00
1776528000000,86.71,86.95,86.41,86.65,248728.29,2026-04-18 16:00:00
1776531600000,86.64,86.8,86.45,86.7,130806.08,2026-04-18 17:00:00
1776535200000,86.7,86.7,85.72,85.9,498501.84,2026-04-18 18:00:00
1776538800000,85.9,86.23,85.87,86.06,103314.87,2026-04-18 19:00:00
1776542400000,86.06,86.25,85.94,86.12,127410.16,2026-04-18 20:00:00
1776546000000,86.13,86.23,85.97,86.15,76078.04,2026-04-18 21:00:00
1776549600000,86.15,86.31,85.84,86.23,220241.01,2026-04-18 22:00:00
1776553200000,86.23,86.41,86.07,86.1,102616.56,2026-04-18 23:00:00
1776556800000,86.1,86.32,85.81,85.96,171863.26,2026-04-19 00:00:00
1776560400000,85.97,86.18,85.54,85.68,240536.28,2026-04-19 01:00:00
1776564000000,85.69,85.8,85.17,85.47,324959.64,2026-04-19 02:00:00
1776567600000,85.46,85.73,85.25,85.55,219446.6,2026-04-19 03:00:00
1776571200000,85.55,85.9,85.06,85.52,331636.97,2026-04-19 04:00:00
1776574800000,85.52,85.75,85.33,85.44,266342.42,2026-04-19 05:00:00
1776578400000,85.43,85.61,85.08,85.39,292287.59,2026-04-19 06:00:00
1776582000000,85.39,85.39,84.36,84.8,777514.95,2026-04-19 07:00:00
1776585600000,84.8,85.09,84.56,84.75,410272.83,2026-04-19 08:00:00
1776589200000,84.75,84.99,84.52,84.54,253072.8,2026-04-19 09:00:00
1776592800000,84.54,84.85,84.38,84.73,281137.19,2026-04-19 10:00:00
1776596400000,84.74,85.64,84.71,85.54,494502.9,2026-04-19 11:00:00
1776600000000,85.55,85.88,85.5,85.72,292967.51,2026-04-19 12:00:00
1776603600000,85.73,86.88,85.7,86.28,735165.99,2026-04-19 13:00:00
1776607200000,86.29,87.08,85.92,86.47,614312.46,2026-04-19 14:00:00
1776610800000,86.48,86.62,85.54,86.32,415437.55,2026-04-19 15:00:00
1776614400000,86.32,86.46,85.69,85.81,256371.45,2026-04-19 16:00:00
1776618000000,85.82,85.97,84.95,85.09,395509.1,2026-04-19 17:00:00
1776621600000,85.1,85.26,84.82,85.07,221200.2,2026-04-19 18:00:00
1776625200000,85.06,85.52,85.06,85.3,155660.23,2026-04-19 19:00:00
1776628800000,85.29,85.33,84.7,84.93,223484.25,2026-04-19 20:00:00
1776632400000,84.93,85.21,84.52,84.67,177346.89,2026-04-19 21:00:00
1776636000000,84.66,84.66,82.88,83.71,1312346.47,2026-04-19 22:00:00
1776639600000,83.71,83.73,83.28,83.43,252652.86,2026-04-19 23:00:00
1776643200000,83.43,84.15,83.29,83.95,343111.59,2026-04-20 00:00:00
1776646800000,83.94,84.5,83.9,84.29,189392.72,2026-04-20 01:00:00
1776650400000,84.3,84.35,83.66,84.15,182153.09,2026-04-20 02:00:00
1776654000000,84.16,84.55,84.07,84.52,128168.93,2026-04-20 03:00:00
1776657600000,84.53,84.56,84.2,84.51,115276.36,2026-04-20 04:00:00
1776661200000,84.52,84.54,83.7,83.81,251860.68,2026-04-20 05:00:00
1776664800000,83.82,84.72,83.73,84.42,292787.77,2026-04-20 06:00:00
1776668400000,84.43,85.73,84.39,84.69,691098.42,2026-04-20 07:00:00
1776672000000,84.69,85.08,84.5,84.63,276875.07,2026-04-20 08:00:00
1776675600000,84.62,85.21,84.57,85.02,206953.26,2026-04-20 09:00:00
1776679200000,85.03,85.37,84.77,84.82,216741.93,2026-04-20 10:00:00
1776682800000,84.82,85.33,84.72,85.02,194793.2,2026-04-20 11:00:00
1776686400000,85.02,85.5,84.81,85.27,353016.52,2026-04-20 12:00:00
1776690000000,85.28,85.5,84.82,85.27,490860.94,2026-04-20 13:00:00
1776693600000,85.27,85.79,84.47,84.74,630266.96,2026-04-20 14:00:00
1776697200000,84.74,85.85,84.36,85.81,525615.21,2026-04-20 15:00:00
1776700800000,85.82,85.85,85.22,85.25,281820.29,2026-04-20 16:00:00
1776704400000,85.26,86.08,85.22,85.65,247183.16,2026-04-20 17:00:00
1776708000000,85.66,86.19,85.66,86.03,370021.01,2026-04-20 18:00:00
1776711600000,86.04,86.07,85.72,85.76,149315.92,2026-04-20 19:00:00
1776715200000,85.76,86.13,85.63,85.92,159095.93,2026-04-20 20:00:00
1776718800000,85.91,86.19,85.54,85.76,206892.12,2026-04-20 21:00:00
1776722400000,85.76,86.03,85.55,85.66,113465.02,2026-04-20 22:00:00
1776726000000,85.66,85.66,85.17,85.25,188227.0,2026-04-20 23:00:00
1776729600000,85.25,85.75,85.21,85.64,197419.26,2026-04-21 00:00:00
1776733200000,85.64,85.79,85.33,85.41,137476.17,2026-04-21 01:00:00
1776736800000,85.41,85.43,85.15,85.24,148483.41,2026-04-21 02:00:00
1776740400000,85.24,85.49,84.94,85.13,367853.55,2026-04-21 03:00:00
1776744000000,85.12,85.43,84.98,85.39,193887.0,2026-04-21 04:00:00
1776747600000,85.39,85.81,85.37,85.63,279919.61,2026-04-21 05:00:00
1776751200000,85.63,85.92,85.12,85.62,266358.05,2026-04-21 06:00:00
1776754800000,85.62,85.96,85.36,85.66,242698.44,2026-04-21 07:00:00
1776758400000,85.67,86.32,85.58,85.76,275716.91,2026-04-21 08:00:00
1776762000000,85.76,85.85,85.47,85.85,155818.03,2026-04-21 09:00:00
1776765600000,85.85,86.28,85.81,86.11,162579.12,2026-04-21 10:00:00
1776769200000,86.11,86.13,85.68,85.79,249453.16,2026-04-21 11:00:00
1776772800000,85.8,86.0,85.12,85.47,371639.61,2026-04-21 12:00:00
1776776400000,85.47,85.81,85.25,85.77,252561.28,2026-04-21 13:00:00
1776780000000,85.76,86.85,85.55,85.72,741468.44,2026-04-21 14:00:00
1776783600000,85.72,86.24,85.34,86.0,488342.49,2026-04-21 15:00:00
1776787200000,86.0,86.25,85.59,85.63,282860.07,2026-04-21 16:00:00
1776790800000,85.64,85.76,84.63,85.26,580533.67,2026-04-21 17:00:00
1776794400000,85.26,85.35,84.68,85.19,268401.76,2026-04-21 18:00:00
1776798000000,85.2,85.68,84.24,84.51,427987.87,2026-04-21 19:00:00
1776801600000,84.51,85.71,84.4,85.37,433393.35,2026-04-21 20:00:00
1776805200000,85.37,85.52,84.96,85.1,130077.57,2026-04-21 21:00:00
1776808800000,85.09,85.39,84.93,85.32,154523.87,2026-04-21 22:00:00
1776812400000,85.31,86.09,85.29,85.99,216135.94,2026-04-21 23:00:00
1776816000000,85.99,86.5,85.97,86.45,385706.46,2026-04-22 00:00:00
1776819600000,86.45,86.52,86.06,86.23,220967.86,2026-04-22 01:00:00
1776823200000,86.24,87.55,86.16,87.38,822058.8,2026-04-22 02:00:00
1776826800000,87.38,87.85,87.1,87.23,407630.59,2026-04-22 03:00:00
1776830400000,87.22,87.32,86.94,87.06,258130.73,2026-04-22 04:00:00
1776834000000,87.06,88.33,87.0,87.98,934517.47,2026-04-22 05:00:00
1776837600000,87.99,88.16,87.78,87.92,299408.58,2026-04-22 06:00:00
1776841200000,87.92,88.25,87.67,88.03,387064.39,2026-04-22 07:00:00
1776844800000,88.03,88.25,87.56,87.97,384355.9,2026-04-22 08:00:00
1776848400000,87.97,88.83,87.8,88.27,420613.34,2026-04-22 09:00:00
1776852000000,88.26,88.38,88.1,88.3,152093.8,2026-04-22 10:00:00
1776855600000,88.3,88.49,88.13,88.28,132795.53,2026-04-22 11:00:00
1776859200000,88.29,88.63,88.18,88.54,219083.95,2026-04-22 12:00:00
1776862800000,88.54,89.14,88.38,89.05,537955.2,2026-04-22 13:00:00
1776866400000,89.06,89.28,88.43,88.68,515028.12,2026-04-22 14:00:00
1776870000000,88.69,88.75,87.98,88.15,504650.68,2026-04-22 15:00:00
1776873600000,88.15,88.43,87.48,87.62,424104.91,2026-04-22 16:00:00
1776877200000,87.61,87.98,87.58,87.8,224357.13,2026-04-22 17:00:00
1776880800000,87.81,88.34,87.74,87.77,185054.08,2026-04-22 18:00:00
1776884400000,87.77,87.79,87.04,87.33,384431.25,2026-04-22 19:00:00
1776888000000,87.34,87.45,87.04,87.09,158828.78,2026-04-22 20:00:00
1776891600000,87.09,87.6,87.07,87.53,112247.03,2026-04-22 21:00:00
1776895200000,87.53,87.68,87.24,87.37,147140.74,2026-04-22 22:00:00
1776898800000,87.38,87.44,86.73,86.82,254057.39,2026-04-22 23:00:00
1776902400000,86.83,87.11,85.9,86.81,671587.93,2026-04-23 00:00:00
1776906000000,86.82,86.82,86.07,86.38,347277.23,2026-04-23 01:00:00
1776909600000,86.39,86.41,85.67,85.9,381360.31,2026-04-23 02:00:00
1776913200000,85.89,86.04,85.4,85.72,320492.03,2026-04-23 03:00:00
1776916800000,85.71,85.94,85.59,85.9,230468.87,2026-04-23 04:00:00
1776920400000,85.9,86.07,85.45,85.83,332066.99,2026-04-23 05:00:00
1776924000000,85.82,86.19,85.79,86.12,234703.24,2026-04-23 06:00:00
1776927600000,86.13,86.17,85.8,85.84,194388.33,2026-04-23 07:00:00
1776931200000,85.84,85.88,85.5,85.64,286669.79,2026-04-23 08:00:00
1776934800000,85.65,85.65,85.22,85.48,231180.57,2026-04-23 09:00:00
1776938400000,85.47,85.56,85.1,85.38,354947.52,2026-04-23 10:00:00
1776942000000,85.38,85.85,85.31,85.77,228441.67,2026-04-23 11:00:00
1776945600000,85.77,86.04,85.66,85.91,299611.62,2026-04-23 12:00:00
1776949200000,85.9,85.98,85.51,85.72,324032.98,2026-04-23 13:00:00
1776952800000,85.72,86.14,85.49,85.99,276650.06,2026-04-23 14:00:00
1776956400000,85.99,86.6,85.74,86.3,722032.36,2026-04-23 15:00:00
1776960000000,86.3,86.37,85.73,85.76,239576.36,2026-04-23 16:00:00
1776963600000,85.76,85.82,84.4,85.27,926224.29,2026-04-23 17:00:00
1776967200000,85.28,85.6,85.15,85.19,247064.78,2026-04-23 18:00:00
1776970800000,85.2,85.5,85.07,85.24,266950.89,2026-04-23 19:00:00
1776974400000,85.24,85.8,85.22,85.54,236007.49,2026-04-23 20:00:00
1776978000000,85.54,85.95,85.45,85.74,119294.56,2026-04-23 21:00:00
1776981600000,85.74,86.2,85.74,85.91,231777.08,2026-04-23 22:00:00
1776985200000,85.92,86.14,85.56,86.07,193145.77,2026-04-23 23:00:00
1776988800000,86.07,86.31,85.99,86.16,148417.0,2026-04-24 00:00:00
1776992400000,86.16,86.28,85.77,86.23,151490.95,2026-04-24 01:00:00
1776996000000,86.23,86.32,85.72,85.83,150465.34,2026-04-24 02:00:00
1776999600000,85.83,85.89,85.35,85.64,211207.49,2026-04-24 03:00:00
1777003200000,85.64,85.66,85.13,85.26,185382.35,2026-04-24 04:00:00
1777006800000,85.26,85.78,85.08,85.64,483799.73,2026-04-24 05:00:00
1777010400000,85.65,85.69,85.27,85.38,223687.32,2026-04-24 06:00:00
1777014000000,85.39,85.57,85.29,85.45,146853.9,2026-04-24 07:00:00
1777017600000,85.45,85.7,85.25,85.31,253906.82,2026-04-24 08:00:00
1777021200000,85.31,85.44,84.86,85.43,323452.5,2026-04-24 09:00:00
1777024800000,85.42,85.7,85.14,85.66,253249.23,2026-04-24 10:00:00
1777028400000,85.66,86.23,85.65,86.14,429019.6,2026-04-24 11:00:00
1777032000000,86.14,86.77,86.0,86.3,729127.02,2026-04-24 12:00:00
1777035600000,86.3,86.57,85.8,86.02,317308.21,2026-04-24 13:00:00
1777039200000,86.02,86.16,85.6,85.99,291582.78,2026-04-24 14:00:00
1777042800000,85.99,86.53,85.47,86.46,294789.37,2026-04-24 15:00:00
1777046400000,86.45,86.52,86.03,86.28,169691.42,2026-04-24 16:00:00
1777050000000,86.27,86.51,86.05,86.42,179530.73,2026-04-24 17:00:00
1777053600000,86.43,86.49,85.9,86.33,114365.69,2026-04-24 18:00:00
1777057200000,86.33,86.48,86.2,86.28,106920.35,2026-04-24 19:00:00
1777060800000,86.27,86.9,86.17,86.83,298123.81,2026-04-24 20:00:00
1777064400000,86.82,86.9,86.31,86.41,139601.22,2026-04-24 21:00:00
1777068000000,86.4,86.41,86.05,86.13,136269.18,2026-04-24 22:00:00
1777071600000,86.13,86.26,86.1,86.14,86354.37,2026-04-24 23:00:00
1777075200000,86.13,86.22,85.98,86.19,89002.49,2026-04-25 00:00:00
1777078800000,86.19,86.31,86.07,86.23,93550.01,2026-04-25 01:00:00
1777082400000,86.22,86.35,86.09,86.24,107492.62,2026-04-25 02:00:00
1777086000000,86.23,86.47,86.22,86.4,85265.48,2026-04-25 03:00:00
1777089600000,86.41,86.45,86.23,86.27,91886.7,2026-04-25 04:00:00
1777093200000,86.27,86.28,86.08,86.15,81954.85,2026-04-25 05:00:00
1777096800000,86.15,86.61,86.15,86.39,159546.22,2026-04-25 06:00:00
1777100400000,86.39,86.47,86.2,86.32,237225.24,2026-04-25 07:00:00
1777104000000,86.32,86.78,86.27,86.57,202734.1,2026-04-25 08:00:00
1777107600000,86.57,86.75,86.51,86.52,136967.92,2026-04-25 09:00:00
1777111200000,86.53,86.68,86.51,86.57,77351.58,2026-04-25 10:00:00
1777114800000,86.58,86.58,86.2,86.31,205652.2,2026-04-25 11:00:00
1777118400000,86.31,86.38,86.18,86.33,94329.64,2026-04-25 12:00:00
1777122000000,86.32,86.62,86.32,86.55,98973.38,2026-04-25 13:00:00
1777125600000,86.55,86.61,86.4,86.4,91646.9,2026-04-25 14:00:00
1777129200000,86.4,86.59,86.01,86.17,165807.09,2026-04-25 15:00:00
1777132800000,86.16,86.27,85.54,85.83,343164.65,2026-04-25 16:00:00
1777136400000,85.82,85.83,85.46,85.49,194807.94,2026-04-25 17:00:00
1777140000000,85.5,85.76,85.48,85.62,298341.66,2026-04-25 18:00:00
1777143600000,85.62,85.66,85.49,85.61,142969.95,2026-04-25 19:00:00
1777147200000,85.62,85.86,85.54,85.85,90045.11,2026-04-25 20:00:00
1777150800000,85.85,86.04,85.67,85.84,117942.14,2026-04-25 21:00:00
1777154400000,85.85,86.12,85.8,86.05,71762.4,2026-04-25 22:00:00
1777158000000,86.04,86.13,85.97,86.12,52839.13,2026-04-25 23:00:00
1777161600000,86.13,86.15,85.87,85.98,87527.84,2026-04-26 00:00:00
1777165200000,85.98,86.08,85.92,85.92,84286.44,2026-04-26 01:00:00
1777168800000,85.92,86.35,85.92,86.35,99261.3,2026-04-26 02:00:00
1777172400000,86.35,86.41,85.78,85.95,261099.18,2026-04-26 03:00:00
1777176000000,85.94,86.7,85.89,86.39,379626.28,2026-04-26 04:00:00
1777179600000,86.4,86.72,86.1,86.42,410278.32,2026-04-26 05:00:00
1777183200000,86.42,86.55,86.34,86.46,92589.94,2026-04-26 06:00:00
1777186800000,86.46,86.62,86.4,86.6,85513.97,2026-04-26 07:00:00
1777190400000,86.59,86.73,86.46,86.53,143509.58,2026-04-26 08:00:00
1777194000000,86.52,86.55,86.41,86.49,68560.65,2026-04-26 09:00:00
1777197600000,86.49,86.58,86.38,86.44,63317.6,2026-04-26 10:00:00
1777201200000,86.44,86.6,86.42,86.44,103593.64,2026-04-26 11:00:00
1777204800000,86.44,86.46,85.83,86.05,332826.48,2026-04-26 12:00:00
1777208400000,86.04,86.21,85.88,86.07,314192.39,2026-04-26 13:00:00
1777212000000,86.06,86.46,85.98,86.34,186748.39,2026-04-26 14:00:00
1777215600000,86.35,86.54,86.29,86.51,119267.12,2026-04-26 15:00:00
1777219200000,86.51,86.54,86.32,86.36,126718.04,2026-04-26 16:00:00
1777222800000,86.36,86.54,86.22,86.5,119198.71,2026-04-26 17:00:00
1777226400000,86.49,86.98,86.37,86.78,311732.24,2026-04-26 18:00:00
1777230000000,86.78,87.2,86.63,86.83,268175.56,2026-04-26 19:00:00
1777233600000,86.84,86.89,86.56,86.65,153927.29,2026-04-26 20:00:00
1777237200000,86.65,87.09,86.11,86.78,430226.95,2026-04-26 21:00:00
1777240800000,86.78,87.27,86.25,86.66,422930.4,2026-04-26 22:00:00
1777244400000,86.66,87.12,86.45,86.86,136392.69,2026-04-26 23:00:00
1777248000000,86.87,87.37,86.5,87.3,563228.05,2026-04-27 00:00:00
1777251600000,87.31,87.84,87.22,87.78,587569.17,2026-04-27 01:00:00
1777255200000,87.78,88.06,87.33,87.78,395854.49,2026-04-27 02:00:00
1777258800000,87.78,88.04,87.65,87.69,199900.04,2026-04-27 03:00:00
1777262400000,87.7,87.81,87.38,87.5,152191.7,2026-04-27 04:00:00
1777266000000,87.5,87.51,85.7,85.89,1436654.05,2026-04-27 05:00:00
1777269600000,85.89,85.97,85.34,85.65,480100.13,2026-04-27 06:00:00
1777273200000,85.65,85.72,85.19,85.2,368623.84,2026-04-27 07:00:00
1777276800000,85.19,85.45,84.97,85.44,409006.48,2026-04-27 08:00:00
1777280400000,85.44,85.57,85.09,85.42,417097.27,2026-04-27 09:00:00
1777284000000,85.41,85.5,85.08,85.11,325379.62,2026-04-27 10:00:00
1777287600000,85.12,85.22,85.0,85.19,135661.09,2026-04-27 11:00:00
1777291200000,85.19,85.2,84.86,85.04,210723.81,2026-04-27 12:00:00
1777294800000,85.04,85.34,84.65,85.07,390546.69,2026-04-27 13:00:00
1777298400000,85.07,85.8,84.92,85.17,615162.69,2026-04-27 14:00:00
1777302000000,85.17,85.19,83.56,84.1,951708.64,2026-04-27 15:00:00
1777305600000,84.09,84.33,83.96,84.21,216864.67,2026-04-27 16:00:00
1777309200000,84.21,84.64,84.2,84.4,226779.55,2026-04-27 17:00:00
1777312800000,84.41,84.64,84.34,84.51,72293.88,2026-04-27 18:00:00
1777316400000,84.51,84.6,83.77,84.13,246026.21,2026-04-27 19:00:00
1777320000000,84.12,84.3,84.09,84.23,99611.55,2026-04-27 20:00:00
1777323600000,84.22,84.44,84.06,84.21,93309.49,2026-04-27 21:00:00
1777327200000,84.22,84.56,84.14,84.49,112866.15,2026-04-27 22:00:00
1777330800000,84.48,84.86,84.4,84.76,184217.91,2026-04-27 23:00:00
1777334400000,84.77,84.89,84.54,84.76,132350.24,2026-04-28 00:00:00
1777338000000,84.76,84.83,84.35,84.36,149365.66,2026-04-28 01:00:00
1777341600000,84.36,84.59,83.84,84.12,271087.26,2026-04-28 02:00:00
1777345200000,84.12,84.15,83.97,84.13,126935.87,2026-04-28 03:00:00
1777348800000,84.12,84.39,83.78,84.02,387604.68,2026-04-28 04:00:00
1777352400000,84.03,84.4,84.02,84.15,281243.68,2026-04-28 05:00:00
1777356000000,84.16,84.27,83.62,83.89,310002.25,2026-04-28 06:00:00
1777359600000,83.88,84.01,83.57,83.96,206899.71,2026-04-28 07:00:00
1777363200000,83.97,84.14,83.7,83.9,194127.03,2026-04-28 08:00:00
1777366800000,83.9,83.92,83.36,83.59,187585.69,2026-04-28 09:00:00
1777370400000,83.58,83.76,83.58,83.76,96278.77,2026-04-28 10:00:00
1777374000000,83.76,83.8,83.22,83.36,316451.29,2026-04-28 11:00:00
1777377600000,83.36,83.7,83.21,83.66,243117.87,2026-04-28 12:00:00
1777381200000,83.65,83.96,83.13,83.5,417754.57,2026-04-28 13:00:00
1777384800000,83.49,83.49,82.9,83.36,420766.1,2026-04-28 14:00:00
1777388400000,83.36,83.47,83.17,83.42,181353.65,2026-04-28 15:00:00
1777392000000,83.42,83.72,83.27,83.54,188163.82,2026-04-28 16:00:00
1777395600000,83.54,83.77,83.32,83.57,130942.49,2026-04-28 17:00:00
1777399200000,83.57,83.79,83.55,83.76,111167.52,2026-04-28 18:00:00
1777402800000,83.75,84.02,83.65,83.84,145583.7,2026-04-28 19:00:00
1777406400000,83.85,83.95,83.72,83.74,74973.59,2026-04-28 20:00:00
1777410000000,83.73,83.9,83.58,83.68,160795.51,2026-04-28 21:00:00
1777413600000,83.69,83.88,83.53,83.67,228178.46,2026-04-28 22:00:00
1777417200000,83.67,84.12,83.6,84.01,336442.28,2026-04-28 23:00:00
1777420800000,84.0,84.14,83.75,84.01,314413.76,2026-04-29 00:00:00
1777424400000,84.0,84.16,83.75,84.03,150222.71,2026-04-29 01:00:00
1777428000000,84.04,84.17,83.88,83.98,118456.93,2026-04-29 02:00:00
1777431600000,83.98,84.69,83.98,84.55,361310.27,2026-04-29 03:00:00
1777435200000,84.54,85.03,84.39,84.92,402260.4,2026-04-29 04:00:00
1777438800000,84.92,84.96,84.66,84.8,213754.03,2026-04-29 05:00:00
1777442400000,84.8,84.95,84.48,84.58,245333.3,2026-04-29 06:00:00
1777446000000,84.58,84.83,84.56,84.66,143969.73,2026-04-29 07:00:00
1777449600000,84.67,84.72,84.32,84.48,194067.32,2026-04-29 08:00:00
1777453200000,84.48,85.56,84.43,85.26,594053.18,2026-04-29 09:00:00
1777456800000,85.27,85.51,85.09,85.1,395675.58,2026-04-29 10:00:00
1777460400000,85.11,85.13,84.73,84.86,210052.02,2026-04-29 11:00:00
1777464000000,84.87,84.87,83.87,84.19,606975.02,2026-04-29 12:00:00
1777467600000,84.18,84.23,83.56,83.94,459082.78,2026-04-29 13:00:00
1777471200000,83.93,83.99,83.59,83.77,308880.97,2026-04-29 14:00:00
1777474800000,83.78,83.86,82.89,83.2,775108.66,2026-04-29 15:00:00
1777478400000,83.19,83.59,82.87,83.06,364903.13,2026-04-29 16:00:00
1777482000000,83.06,83.34,82.67,83.34,390440.12,2026-04-29 17:00:00
1777485600000,83.33,83.42,81.34,82.23,1339476.37,2026-04-29 18:00:00
1777489200000,82.23,82.31,81.92,82.14,238649.13,2026-04-29 19:00:00
1777492800000,82.14,82.75,82.11,82.57,317637.05,2026-04-29 20:00:00
1777496400000,82.58,83.19,82.47,82.85,204909.72,2026-04-29 21:00:00
1777500000000,82.86,83.09,82.74,83.01,147419.01,2026-04-29 22:00:00
1777503600000,83.01,83.08,82.78,83.02,153131.53,2026-04-29 23:00:00
1777507200000,83.02,83.98,83.02,83.76,522890.97,2026-04-30 00:00:00
1777510800000,83.76,83.97,83.62,83.71,253464.37,2026-04-30 01:00:00
1777514400000,83.71,83.94,82.63,82.93,408880.97,2026-04-30 02:00:00
1777518000000,82.93,83.2,82.81,83.02,117664.1,2026-04-30 03:00:00
1777521600000,83.02,83.04,82.33,82.37,187538.59,2026-04-30 04:00:00
1777525200000,82.37,82.74,82.11,82.54,176366.06,2026-04-30 05:00:00
1777528800000,82.54,83.04,82.49,82.89,137386.03,2026-04-30 06:00:00
1777532400000,82.89,83.37,82.83,83.32,190475.72,2026-04-30 07:00:00
1777536000000,83.32,83.39,83.08,83.09,176206.36,2026-04-30 08:00:00
1777539600000,83.09,83.53,83.03,83.11,150295.62,2026-04-30 09:00:00
1777543200000,83.11,83.18,82.89,82.97,141758.12,2026-04-30 10:00:00
1777546800000,82.97,83.34,82.76,82.96,146218.86,2026-04-30 11:00:00
1777550400000,82.96,83.44,82.95,83.18,165273.8,2026-04-30 12:00:00
1777554000000,83.17,83.52,82.82,83.15,182751.13,2026-04-30 13:00:00
1777557600000,83.15,83.36,82.62,83.19,268707.64,2026-04-30 14:00:00
1777561200000,83.19,83.8,82.97,83.31,289338.92,2026-04-30 15:00:00
1777564800000,83.3,83.39,82.89,82.96,133390.39,2026-04-30 16:00:00
1777568400000,82.97,83.09,82.82,82.99,102095.23,2026-04-30 17:00:00
1777572000000,82.99,83.26,82.95,83.02,74607.33,2026-04-30 18:00:00
1777575600000,83.02,83.25,82.97,82.99,86348.24,2026-04-30 19:00:00
1777579200000,82.99,83.16,82.93,83.05,53057.93,2026-04-30 20:00:00
1777582800000,83.05,83.11,82.8,82.83,51001.3,2026-04-30 21:00:00
1777586400000,82.84,83.0,82.74,82.82,101077.25,2026-04-30 22:00:00
1777590000000,82.81,83.05,82.8,83.04,67302.86,2026-04-30 23:00:00
1777593600000,83.04,83.38,83.02,83.15,132420.71,2026-05-01 00:00:00
1777597200000,83.16,83.64,83.15,83.57,180448.54,2026-05-01 01:00:00
1777600800000,83.58,83.82,83.42,83.59,259754.81,2026-05-01 02:00:00
1777604400000,83.58,84.37,83.53,83.87,437961.0,2026-05-01 03:00:00
1777608000000,83.87,84.04,83.64,83.79,238308.47,2026-05-01 04:00:00
1777611600000,83.79,84.22,83.71,84.03,246828.73,2026-05-01 05:00:00
1777615200000,84.03,84.15,83.65,83.81,152635.52,2026-05-01 06:00:00
1777618800000,83.81,83.95,83.63,83.92,342656.08,2026-05-01 07:00:00
1777622400000,83.92,84.27,83.86,84.14,216972.13,2026-05-01 08:00:00
1777626000000,84.14,84.14,83.88,83.92,122914.58,2026-05-01 09:00:00
1777629600000,83.92,84.04,83.64,83.91,128729.95,2026-05-01 10:00:00
1777633200000,83.9,84.18,83.82,83.99,99695.08,2026-05-01 11:00:00
1777636800000,83.99,84.55,83.88,84.23,439055.73,2026-05-01 12:00:00
1777640400000,84.23,84.82,84.19,84.57,414035.51,2026-05-01 13:00:00
1777644000000,84.57,84.7,83.82,84.16,424040.66,2026-05-01 14:00:00
1777647600000,84.15,84.58,83.95,84.42,292500.43,2026-05-01 15:00:00
1777651200000,84.41,84.59,83.95,83.96,235406.94,2026-05-01 16:00:00
1777654800000,83.97,84.23,83.86,84.19,142051.47,2026-05-01 17:00:00
1777658400000,84.18,84.28,83.93,83.94,87235.88,2026-05-01 18:00:00
1777662000000,83.94,84.03,83.73,83.83,123923.8,2026-05-01 19:00:00
1777665600000,83.84,83.88,83.26,83.44,210236.39,2026-05-01 20:00:00
1777669200000,83.44,83.76,83.38,83.67,118059.72,2026-05-01 21:00:00
1777672800000,83.67,83.85,83.53,83.71,83315.05,2026-05-01 22:00:00
1777676400000,83.7,83.84,83.51,83.71,167591.1,2026-05-01 23:00:00
1777680000000,83.71,83.83,83.38,83.79,219649.98,2026-05-02 00:00:00
1777683600000,83.78,84.01,83.72,84.0,134398.94,2026-05-02 01:00:00
1777687200000,84.0,84.2,83.8,83.89,401359.22,2026-05-02 02:00:00
1777690800000,83.89,83.93,83.66,83.76,112100.28,2026-05-02 03:00:00
1777694400000,83.76,83.79,83.51,83.58,141225.05,2026-05-02 04:00:00
1777698000000,83.59,83.69,83.49,83.63,86726.13,2026-05-02 05:00:00
1777701600000,83.63,83.8,83.51,83.76,92699.88,2026-05-02 06:00:00
1777705200000,83.76,83.8,83.64,83.67,62258.69,2026-05-02 07:00:00
1777708800000,83.67,83.83,83.57,83.78,76720.35,2026-05-02 08:00:00
1777712400000,83.79,84.11,83.77,83.95,187430.8,2026-05-02 09:00:00
1777716000000,83.95,83.96,83.81,83.89,57070.51,2026-05-02 10:00:00
1777719600000,83.88,83.89,83.46,83.64,214393.19,2026-05-02 11:00:00
1777723200000,83.63,84.04,83.62,83.81,370796.48,2026-05-02 12:00:00
1777726800000,83.81,84.03,83.8,83.89,108941.17,2026-05-02 13:00:00
1777730400000,83.89,84.04,83.84,83.92,64187.66,2026-05-02 14:00:00
1777734000000,83.92,84.01,83.87,83.99,48023.4,2026-05-02 15:00:00
1777737600000,83.99,84.23,83.97,84.15,136859.75,2026-05-02 16:00:00
1777741200000,84.15,84.17,83.95,84.0,74141.02,2026-05-02 17:00:00
1777744800000,83.99,84.16,83.88,84.12,55378.9,2026-05-02 18:00:00
1777748400000,84.13,84.26,84.11,84.18,41991.7,2026-05-02 19:00:00
1777752000000,84.18,84.19,84.04,84.15,29201.27,2026-05-02 20:00:00
1777755600000,84.15,84.95,84.11,84.52,371863.84,2026-05-02 21:00:00
1777759200000,84.51,84.61,84.02,84.41,198227.17,2026-05-02 22:00:00
1777762800000,84.41,84.47,84.18,84.24,179804.98,2026-05-02 23:00:00
1777766400000,84.24,84.28,83.77,84.05,245359.83,2026-05-03 00:00:00
1777770000000,84.04,84.05,83.69,83.71,119392.84,2026-05-03 01:00:00
1777773600000,83.7,83.77,83.56,83.64,164684.92,2026-05-03 02:00:00
1777777200000,83.63,83.69,83.53,83.61,100792.31,2026-05-03 03:00:00
1777780800000,83.6,83.69,83.52,83.63,118605.02,2026-05-03 04:00:00
1777784400000,83.63,83.79,83.61,83.69,111570.37,2026-05-03 05:00:00
1777788000000,83.69,83.83,83.53,83.68,110301.21,2026-05-03 06:00:00
1777791600000,83.69,83.96,83.68,83.81,134477.34,2026-05-03 07:00:00
1777795200000,83.82,83.97,83.76,83.83,81652.77,2026-05-03 08:00:00
1777798800000,83.84,84.06,83.82,84.0,139201.36,2026-05-03 09:00:00
1777802400000,84.0,84.01,83.75,83.76,89171.28,2026-05-03 10:00:00
1777806000000,83.76,84.14,83.68,83.89,178352.36,2026-05-03 11:00:00
1777809600000,83.9,84.2,83.9,84.04,102455.6,2026-05-03 12:00:00
1777813200000,84.05,84.16,83.93,84.04,116819.27,2026-05-03 13:00:00
1777816800000,84.04,84.4,84.03,84.31,135138.76,2026-05-03 14:00:00
1777820400000,84.3,84.38,84.05,84.11,149482.31,2026-05-03 15:00:00
1777824000000,84.11,84.25,83.94,84.08,106387.59,2026-05-03 16:00:00
1777827600000,84.09,84.28,83.94,84.15,86940.36,2026-05-03 17:00:00
1777831200000,84.15,84.29,84.05,84.23,60623.72,2026-05-03 18:00:00
1777834800000,84.23,84.47,84.21,84.32,59673.58,2026-05-03 19:00:00
1777838400000,84.33,84.7,84.21,84.29,172804.73,2026-05-03 20:00:00
1777842000000,84.29,84.41,83.79,84.1,196580.06,2026-05-03 21:00:00
1777845600000,84.1,84.96,84.1,84.64,345421.99,2026-05-03 22:00:00
1777849200000,84.64,84.75,83.82,83.87,314744.38,2026-05-03 23:00:00
1777852800000,83.87,83.88,83.3,83.75,546760.56,2026-05-04 00:00:00
1777856400000,83.75,84.88,83.37,84.73,721516.13,2026-05-04 01:00:00
1777860000000,84.73,85.58,84.68,85.2,1052993.32,2026-05-04 02:00:00
1777863600000,85.21,85.54,85.06,85.37,288885.75,2026-05-04 03:00:00
1777867200000,85.38,85.87,85.34,85.72,488530.59,2026-05-04 04:00:00
1777870800000,85.72,85.76,85.29,85.34,315415.5,2026-05-04 05:00:00
1777874400000,85.33,85.37,84.44,84.82,651487.88,2026-05-04 06:00:00
1777878000000,84.82,84.96,84.62,84.82,154159.46,2026-05-04 07:00:00
1777881600000,84.81,84.84,84.56,84.7,136222.36,2026-05-04 08:00:00
1777885200000,84.71,85.18,84.62,84.99,229515.4,2026-05-04 09:00:00
1777888800000,84.99,85.02,83.19,83.97,1633961.18,2026-05-04 10:00:00
1777892400000,83.97,84.08,83.77,83.89,222162.2,2026-05-04 11:00:00
1777896000000,83.89,84.1,83.79,83.84,141154.41,2026-05-04 12:00:00
1777899600000,83.84,84.29,83.54,83.94,304170.45,2026-05-04 13:00:00
1777903200000,83.94,85.29,83.72,84.94,678842.92,2026-05-04 14:00:00
1777906800000,84.95,85.14,83.86,84.43,828749.78,2026-05-04 15:00:00
1777910400000,84.44,84.77,83.92,84.46,487135.59,2026-05-04 16:00:00
1777914000000,84.45,85.19,84.44,84.91,267108.54,2026-05-04 17:00:00
1777917600000,84.91,85.02,84.54,84.71,204538.87,2026-05-04 18:00:00
1777921200000,84.72,84.74,84.33,84.41,127467.78,2026-05-04 19:00:00
1777924800000,84.42,84.43,84.0,84.03,151623.65,2026-05-04 20:00:00
1777928400000,84.02,84.46,84.02,84.37,86503.95,2026-05-04 21:00:00
1777932000000,84.37,84.51,84.11,84.15,113785.7,2026-05-04 22:00:00
1777935600000,84.16,84.17,83.95,84.03,106454.57,2026-05-04 23:00:00
1777939200000,84.03,84.3,83.97,84.26,129526.46,2026-05-05 00:00:00
1777942800000,84.25,84.43,84.08,84.37,153536.98,2026-05-05 01:00:00
1777946400000,84.36,84.77,84.3,84.47,187023.09,2026-05-05 02:00:00
1777950000000,84.47,84.94,84.36,84.73,189458.32,2026-05-05 03:00:00
1777953600000,84.73,84.86,84.56,84.75,274935.17,2026-05-05 04:00:00
1777957200000,84.74,85.13,84.68,84.89,294208.3,2026-05-05 05:00:00
1777960800000,84.9,84.97,84.51,84.95,259141.36,2026-05-05 06:00:00
1777964400000,84.95,85.04,84.74,84.83,251759.61,2026-05-05 07:00:00
1777968000000,84.84,84.87,84.65,84.75,108383.99,2026-05-05 08:00:00
1777971600000,84.75,84.76,84.41,84.5,150771.28,2026-05-05 09:00:00
1777975200000,84.5,84.9,84.4,84.87,165192.52,2026-05-05 10:00:00
1777978800000,84.86,84.96,84.66,84.94,141657.56,2026-05-05 11:00:00
1777982400000,84.93,85.33,84.86,85.27,323617.51,2026-05-05 12:00:00
1777986000000,85.27,86.06,85.27,85.59,763649.77,2026-05-05 13:00:00
1777989600000,85.59,85.73,85.14,85.44,648869.03,2026-05-05 14:00:00
1777993200000,85.45,85.86,85.31,85.47,332151.53,2026-05-05 15:00:00
1777996800000,85.48,85.66,85.0,85.28,282008.76,2026-05-05 16:00:00
1778000400000,85.28,85.51,85.08,85.44,140825.17,2026-05-05 17:00:00
1778004000000,85.44,85.86,85.4,85.85,208776.32,2026-05-05 18:00:00
1778007600000,85.85,86.54,85.79,86.47,402180.12,2026-05-05 19:00:00
1778011200000,86.47,86.89,86.37,86.61,374353.06,2026-05-05 20:00:00
1778014800000,86.61,86.92,86.21,86.69,319113.69,2026-05-05 21:00:00
1778018400000,86.7,86.96,86.16,86.53,328185.71,2026-05-05 22:00:00
1778022000000,86.53,86.64,86.12,86.24,210707.73,2026-05-05 23:00:00
1778025600000,86.24,86.51,86.06,86.34,285211.85,2026-05-06 00:00:00
1778029200000,86.34,87.0,86.26,86.81,278711.11,2026-05-06 01:00:00
1778032800000,86.81,86.88,86.34,86.85,236633.76,2026-05-06 02:00:00
1778036400000,86.86,87.43,86.83,87.29,409856.9,2026-05-06 03:00:00
1778040000000,87.29,87.41,86.63,86.76,284207.15,2026-05-06 04:00:00
1778043600000,86.76,87.42,86.71,87.35,358819.12,2026-05-06 05:00:00
1778047200000,87.35,87.53,87.12,87.44,234201.56,2026-05-06 06:00:00
1778050800000,87.45,87.88,87.41,87.66,342334.78,2026-05-06 07:00:00
1778054400000,87.65,89.19,87.6,88.99,843024.95,2026-05-06 08:00:00
1778058000000,88.98,89.62,88.55,89.44,762994.75,2026-05-06 09:00:00
1778061600000,89.43,89.66,89.17,89.33,393769.24,2026-05-06 10:00:00
1778065200000,89.33,90.04,89.27,89.81,474337.11,2026-05-06 11:00:00
1778068800000,89.82,89.92,89.45,89.6,362752.3,2026-05-06 12:00:00
1778072400000,89.61,89.61,88.02,88.28,1063069.61,2026-05-06 13:00:00
1778076000000,88.28,88.79,87.42,88.34,880299.31,2026-05-06 14:00:00
1778079600000,88.34,89.01,88.26,88.91,315551.18,2026-05-06 15:00:00
1778083200000,88.9,89.46,88.53,89.11,344608.19,2026-05-06 16:00:00
1778086800000,89.12,89.38,88.54,88.78,307084.58,2026-05-06 17:00:00
1778090400000,88.78,89.1,88.44,88.93,239261.8,2026-05-06 18:00:00
1778094000000,88.92,89.27,88.84,89.21,114385.1,2026-05-06 19:00:00
1778097600000,89.21,89.59,88.87,89.13,242007.1,2026-05-06 20:00:00
1778101200000,89.14,89.54,89.01,89.44,160174.25,2026-05-06 21:00:00
1778104800000,89.44,89.51,88.97,89.02,150597.61,2026-05-06 22:00:00
1778108400000,89.03,89.14,88.61,89.11,176921.91,2026-05-06 23:00:00
1778112000000,89.12,89.22,88.15,88.28,427974.28,2026-05-07 00:00:00
1778115600000,88.28,88.47,87.82,88.26,443287.5,2026-05-07 01:00:00
1778119200000,88.27,88.34,87.75,88.1,300036.71,2026-05-07 02:00:00
1778122800000,88.1,88.1,87.6,87.71,309324.54,2026-05-07 03:00:00
1778126400000,87.71,88.33,87.65,88.32,230060.96,2026-05-07 04:00:00
1778130000000,88.32,88.87,88.3,88.62,401750.54,2026-05-07 05:00:00
1778133600000,88.62,89.25,88.18,89.22,488823.95,2026-05-07 06:00:00
1778137200000,89.23,90.39,89.08,90.12,776042.92,2026-05-07 07:00:00
1778140800000,90.12,90.22,89.45,89.55,441441.16,2026-05-07 08:00:00
1778144400000,89.55,89.55,89.15,89.41,352578.85,2026-05-07 09:00:00
1778148000000,89.42,89.49,88.71,89.11,326615.84,2026-05-07 10:00:00
1778151600000,89.12,89.65,89.12,89.5,335580.15,2026-05-07 11:00:00
1778155200000,89.51,90.04,89.46,89.7,322624.25,2026-05-07 12:00:00
1778158800000,89.7,89.7,88.31,88.6,703357.29,2026-05-07 13:00:00
1778162400000,88.6,88.86,87.78,88.11,818649.05,2026-05-07 14:00:00
1778166000000,88.11,88.53,87.74,88.26,492176.35,2026-05-07 15:00:00
1778169600000,88.26,88.74,88.04,88.39,428148.02,2026-05-07 16:00:00
1778173200000,88.39,88.82,87.9,88.75,351551.56,2026-05-07 17:00:00
1778176800000,88.76,89.04,88.18,88.54,307186.06,2026-05-07 18:00:00
1778180400000,88.53,88.69,88.16,88.4,183408.42,2026-05-07 19:00:00
1778184000000,88.4,88.82,87.99,88.01,196074.28,2026-05-07 20:00:00
1778187600000,88.01,88.18,87.61,87.93,267227.47,2026-05-07 21:00:00
1778191200000,87.93,88.18,87.64,88.04,249289.16,2026-05-07 22:00:00
1778194800000,88.05,88.45,88.01,88.39,128558.7,2026-05-07 23:00:00
1778198400000,88.4,88.61,88.06,88.23,259190.92,2026-05-08 00:00:00
1778202000000,88.23,88.33,87.87,88.09,114799.08,2026-05-08 01:00:00
1778205600000,88.1,88.31,87.56,88.02,386007.12,2026-05-08 02:00:00
1778209200000,88.02,88.33,87.57,88.18,200003.64,2026-05-08 03:00:00
1778212800000,88.17,88.33,87.96,88.12,177916.59,2026-05-08 04:00:00
1778216400000,88.12,88.37,87.99,87.99,143941.19,2026-05-08 05:00:00
1778220000000,87.99,88.24,87.76,88.0,346245.66,2026-05-08 06:00:00
1778223600000,87.99,88.19,87.59,88.18,325467.1,2026-05-08 07:00:00
1778227200000,88.18,88.58,87.96,88.32,588801.18,2026-05-08 08:00:00
1778230800000,88.32,88.7,88.16,88.37,286279.71,2026-05-08 09:00:00
1778234400000,88.37,88.72,88.22,88.57,203004.64,2026-05-08 10:00:00
1778238000000,88.58,88.68,88.42,88.59,186071.14,2026-05-08 11:00:00
1778241600000,88.6,88.82,88.3,88.4,258851.37,2026-05-08 12:00:00
1778245200000,88.4,88.53,87.95,88.27,332101.24,2026-05-08 13:00:00
1778248800000,88.28,89.36,88.28,89.1,719681.21,2026-05-08 14:00:00
1778252400000,89.1,89.56,88.36,89.55,521808.73,2026-05-08 15:00:00
1778256000000,89.55,89.74,89.3,89.54,424202.75,2026-05-08 16:00:00
1778259600000,89.53,91.94,89.52,91.62,1656566.19,2026-05-08 17:00:00
1778263200000,91.63,92.53,91.6,92.27,825217.83,2026-05-08 18:00:00
1778266800000,92.28,92.76,92.0,92.55,619111.12,2026-05-08 19:00:00
1778270400000,92.55,92.61,91.97,92.06,339831.31,2026-05-08 20:00:00
1778274000000,92.05,92.35,91.68,92.25,293757.45,2026-05-08 21:00:00
1778277600000,92.25,92.66,92.2,92.25,170490.29,2026-05-08 22:00:00
1778281200000,92.25,92.25,91.7,91.96,242330.04,2026-05-08 23:00:00
1778284800000,91.96,92.56,91.8,92.42,280736.36,2026-05-09 00:00:00
1778288400000,92.42,93.8,92.37,93.42,829167.05,2026-05-09 01:00:00
1778292000000,93.43,93.74,93.18,93.44,351143.91,2026-05-09 02:00:00
1778295600000,93.43,93.69,93.34,93.57,235312.76,2026-05-09 03:00:00
1778299200000,93.57,94.12,93.04,93.16,548269.92,2026-05-09 04:00:00
1778302800000,93.16,93.74,92.77,93.68,477376.05,2026-05-09 05:00:00
1778306400000,93.69,94.07,93.15,93.47,515932.63,2026-05-09 06:00:00
1778310000000,93.47,93.95,93.29,93.68,325317.61,2026-05-09 07:00:00
1778313600000,93.68,93.89,93.6,93.63,193719.43,2026-05-09 08:00:00
1778317200000,93.64,93.64,92.99,93.24,379442.36,2026-05-09 09:00:00
1778320800000,93.24,93.54,93.05,93.33,203103.03,2026-05-09 10:00:00
1778324400000,93.33,93.63,93.27,93.55,123921.58,2026-05-09 11:00:00
1778328000000,93.55,93.68,93.2,93.38,152702.94,2026-05-09 12:00:00
1778331600000,93.38,93.41,92.95,93.41,219822.9,2026-05-09 13:00:00
1778335200000,93.4,93.41,92.73,92.82,369679.85,2026-05-09 14:00:00
1778338800000,92.82,92.96,92.33,92.95,463123.3,2026-05-09 15:00:00
1778342400000,92.95,93.26,92.63,92.72,494756.98,2026-05-09 16:00:00
1778346000000,92.72,93.48,92.72,93.16,289552.95,2026-05-09 17:00:00
1778349600000,93.16,93.6,93.1,93.32,161416.94,2026-05-09 18:00:00
1778353200000,93.32,93.53,93.17,93.46,103894.04,2026-05-09 19:00:00
1778356800000,93.46,93.47,93.09,93.2,61546.84,2026-05-09 20:00:00
1778360400000,93.2,93.49,93.19,93.42,67690.67,2026-05-09 21:00:00
1778364000000,93.43,93.46,93.15,93.27,63082.96,2026-05-09 22:00:00
1778367600000,93.27,93.43,93.0,93.06,128446.16,2026-05-09 23:00:00
1778371200000,93.06,93.29,92.86,92.97,186480.57,2026-05-10 00:00:00
1778374800000,92.98,92.98,92.53,92.91,233759.03,2026-05-10 01:00:00
1778378400000,92.9,93.06,92.75,92.99,233851.37,2026-05-10 02:00:00
1778382000000,93.0,93.44,92.96,93.34,258552.61,2026-05-10 03:00:00
1778385600000,93.35,93.48,93.14,93.29,184548.56,2026-05-10 04:00:00
1778389200000,93.28,93.44,93.18,93.26,87751.64,2026-05-10 05:00:00
1778392800000,93.27,93.42,93.19,93.35,114025.94,2026-05-10 06:00:00
1778396400000,93.36,93.59,93.32,93.39,160141.44,2026-05-10 07:00:00
1778400000000,93.39,94.03,93.35,93.99,481410.13,2026-05-10 08:00:00
1778403600000,93.99,94.82,93.99,94.26,831150.92,2026-05-10 09:00:00
1778407200000,94.26,94.33,93.56,93.79,583658.48,2026-05-10 10:00:00
1778410800000,93.8,93.96,92.85,93.49,646116.16,2026-05-10 11:00:00
1778414400000,93.5,93.58,93.15,93.25,217387.24,2026-05-10 12:00:00
1778418000000,93.26,93.94,93.18,93.72,374498.8,2026-05-10 13:00:00
1778421600000,93.71,94.09,93.62,93.84,299371.3,2026-05-10 14:00:00
1778425200000,93.83,94.68,93.83,94.48,686371.07,2026-05-10 15:00:00
1778428800000,94.48,94.95,94.08,94.75,702128.33,2026-05-10 16:00:00
1778432400000,94.75,96.47,94.75,96.44,1416247.68,2026-05-10 17:00:00
1778436000000,96.44,96.85,96.06,96.37,706394.65,2026-05-10 18:00:00
1778439600000,96.38,96.83,95.68,96.43,537882.72,2026-05-10 19:00:00
1778443200000,96.43,96.56,93.36,94.46,1277115.51,2026-05-10 20:00:00
1778446800000,94.45,95.54,94.4,95.01,602302.87,2026-05-10 21:00:00
1778450400000,95.0,96.32,94.82,96.18,762492.18,2026-05-10 22:00:00
1778454000000,96.18,96.92,95.92,96.43,541118.49,2026-05-10 23:00:00
1778457600000,96.42,96.64,95.3,95.75,598569.98,2026-05-11 00:00:00
1778461200000,95.75,96.36,95.29,96.02,386350.24,2026-05-11 01:00:00
1778464800000,96.02,96.09,95.11,95.28,413249.14,2026-05-11 02:00:00
1778468400000,95.28,95.32,94.43,94.73,561257.67,2026-05-11 03:00:00
1778472000000,94.72,95.15,94.39,94.91,295002.01,2026-05-11 04:00:00
1778475600000,94.91,95.84,94.89,95.66,425177.6,2026-05-11 05:00:00
1778479200000,95.66,96.13,95.37,95.45,349410.73,2026-05-11 06:00:00
1778482800000,95.45,95.53,95.11,95.29,298710.53,2026-05-11 07:00:00
1778486400000,95.29,95.33,94.53,94.74,476162.96,2026-05-11 08:00:00
1778490000000,94.73,95.31,94.71,95.24,184870.08,2026-05-11 09:00:00
1778493600000,95.24,95.53,95.0,95.02,258559.24,2026-05-11 10:00:00
1778497200000,95.02,95.46,94.86,95.21,205175.41,2026-05-11 11:00:00
1778500800000,95.22,95.35,94.63,94.76,383147.07,2026-05-11 12:00:00
1778504400000,94.76,95.43,94.46,95.16,593525.19,2026-05-11 13:00:00
1778508000000,95.17,95.83,94.23,95.1,1018869.49,2026-05-11 14:00:00
1778511600000,95.11,96.76,94.82,96.75,891245.53,2026-05-11 15:00:00
1778515200000,96.74,97.95,96.44,97.28,1378171.83,2026-05-11 16:00:00
1778518800000,97.29,97.91,96.82,97.71,548334.85,2026-05-11 17:00:00
1778522400000,97.71,98.04,97.2,97.23,483448.76,2026-05-11 18:00:00
1778526000000,97.23,98.36,96.96,98.12,399382.87,2026-05-11 19:00:00
1778529600000,98.12,98.32,97.53,97.57,301636.11,2026-05-11 20:00:00
1778533200000,97.56,97.74,97.25,97.33,158147.66,2026-05-11 21:00:00
1778536800000,97.33,97.78,97.3,97.59,154031.78,2026-05-11 22:00:00
1778540400000,97.58,97.6,97.04,97.3,207616.57,2026-05-11 23:00:00
1778544000000,97.3,97.61,97.11,97.45,210202.49,2026-05-12 00:00:00
1778547600000,97.45,97.6,95.45,96.22,1088128.18,2026-05-12 01:00:00
1778551200000,96.21,96.66,96.09,96.5,291832.29,2026-05-12 02:00:00
1778554800000,96.5,96.59,95.99,96.09,196072.36,2026-05-12 03:00:00
1778558400000,96.09,96.47,96.01,96.31,159317.05,2026-05-12 04:00:00
1778562000000,96.3,96.72,96.11,96.5,195217.95,2026-05-12 05:00:00
1778565600000,96.51,96.94,96.1,96.14,228639.11,2026-05-12 06:00:00
1778569200000,96.13,96.27,95.73,95.99,337858.55,2026-05-12 07:00:00
1778572800000,95.98,96.1,95.35,95.61,620555.89,2026-05-12 08:00:00
1778576400000,95.6,96.03,95.25,95.75,417353.17,2026-05-12 09:00:00
1778580000000,95.74,95.94,94.88,94.97,629305.85,2026-05-12 10:00:00
1778583600000,94.98,95.0,94.55,94.94,473873.11,2026-05-12 11:00:00
1778587200000,94.94,95.54,94.32,95.16,818264.64,2026-05-12 12:00:00
1778590800000,95.17,95.35,94.48,94.65,450835.57,2026-05-12 13:00:00
1778594400000,94.65,95.18,94.34,94.51,485711.39,2026-05-12 14:00:00
1778598000000,94.51,94.75,93.57,93.82,903015.55,2026-05-12 15:00:00
1778601600000,93.82,94.29,93.55,93.8,427765.47,2026-05-12 16:00:00
1778605200000,93.8,94.65,93.78,94.48,335228.3,2026-05-12 17:00:00
1778608800000,94.48,94.75,94.32,94.51,176575.87,2026-05-12 18:00:00
1778612400000,94.51,94.96,94.51,94.89,212059.74,2026-05-12 19:00:00
1778616000000,94.88,94.94,94.57,94.71,117038.68,2026-05-12 20:00:00
1778619600000,94.71,94.82,94.44,94.63,92228.07,2026-05-12 21:00:00
1778623200000,94.63,94.99,94.59,94.62,96884.06,2026-05-12 22:00:00
1778626800000,94.62,94.71,94.18,94.24,150152.48,2026-05-12 23:00:00
1778630400000,94.24,94.59,93.99,94.43,216690.81,2026-05-13 00:00:00
1778634000000,94.43,95.4,94.42,95.13,400014.77,2026-05-13 01:00:00
1778637600000,95.12,95.54,94.96,95.18,151294.1,2026-05-13 02:00:00
1778641200000,95.17,95.5,95.01,95.5,136679.27,2026-05-13 03:00:00
1778644800000,95.5,95.93,95.37,95.43,327811.4,2026-05-13 04:00:00
1778648400000,95.42,95.45,95.02,95.2,312465.64,2026-05-13 05:00:00
1778652000000,95.2,95.67,95.05,95.05,287283.12,2026-05-13 06:00:00
1778655600000,95.05,95.25,94.81,95.07,194202.1,2026-05-13 07:00:00
1778659200000,95.08,95.71,94.94,95.51,263659.92,2026-05-13 08:00:00
1778662800000,95.51,95.83,95.5,95.65,232701.43,2026-05-13 09:00:00
1778666400000,95.66,95.72,94.66,94.72,315978.65,2026-05-13 10:00:00
1778670000000,94.72,94.78,94.19,94.28,443353.91,2026-05-13 11:00:00
1778673600000,94.27,94.59,92.2,93.12,1569069.02,2026-05-13 12:00:00
1778677200000,93.11,93.4,91.91,92.25,949844.8,2026-05-13 13:00:00
1778680800000,92.25,92.3,91.2,91.74,1116972.18,2026-05-13 14:00:00
1778684400000,91.73,91.9,90.23,90.39,1047641.99,2026-05-13 15:00:00
1778688000000,90.39,91.23,90.38,90.83,671889.82,2026-05-13 16:00:00
1778691600000,90.82,91.09,90.65,90.84,594709.95,2026-05-13 17:00:00
1778695200000,90.84,91.4,90.7,90.88,339430.66,2026-05-13 18:00:00
1778698800000,90.87,90.96,90.43,90.9,226527.61,2026-05-13 19:00:00
1778702400000,90.9,91.29,90.86,91.17,179260.79,2026-05-13 20:00:00
1778706000000,91.18,91.24,90.68,90.82,176225.3,2026-05-13 21:00:00
1778709600000,90.82,91.18,90.58,91.12,119598.67,2026-05-13 22:00:00
1778713200000,91.11,91.26,91.0,91.11,118517.06,2026-05-13 23:00:00
1778716800000,91.11,91.38,91.02,91.15,230193.36,2026-05-14 00:00:00
1778720400000,91.15,91.3,90.94,91.11,160812.01,2026-05-14 01:00:00
1778724000000,91.1,91.21,90.34,90.51,273329.23,2026-05-14 02:00:00
1778727600000,90.52,90.73,89.76,89.88,743023.53,2026-05-14 03:00:00
1778731200000,89.89,90.58,89.8,90.43,244548.48,2026-05-14 04:00:00
1778734800000,90.42,91.42,90.35,91.23,397348.23,2026-05-14 05:00:00
1778738400000,91.22,91.4,91.08,91.35,281030.22,2026-05-14 06:00:00
1778742000000,91.34,91.61,90.63,90.84,642639.43,2026-05-14 07:00:00
1778745600000,90.83,91.24,90.61,90.99,231042.69,2026-05-14 08:00:00
1778749200000,91.0,91.1,90.52,90.8,170261.37,2026-05-14 09:00:00
1778752800000,90.79,91.09,90.58,91.0,198439.55,2026-05-14 10:00:00
1778756400000,90.99,91.05,90.56,90.58,141117.27,2026-05-14 11:00:00
1778760000000,90.57,91.23,90.46,91.16,241519.15,2026-05-14 12:00:00
1778763600000,91.16,91.43,90.67,90.72,349337.71,2026-05-14 13:00:00
1778767200000,90.71,92.26,90.56,92.2,693907.74,2026-05-14 14:00:00
1778770800000,92.2,93.2,91.87,93.1,739647.8,2026-05-14 15:00:00
1778774400000,93.09,93.62,92.27,93.28,894427.5,2026-05-14 16:00:00
1778778000000,93.27,93.54,92.24,92.97,537820.34,2026-05-14 17:00:00
1778781600000,92.97,93.59,92.63,93.38,326900.07,2026-05-14 18:00:00
1778785200000,93.39,93.58,92.74,92.86,142170.42,2026-05-14 19:00:00
1778788800000,92.86,92.94,92.32,92.69,166331.81,2026-05-14 20:00:00
1778792400000,92.69,92.91,92.5,92.66,107632.92,2026-05-14 21:00:00
1778796000000,92.67,92.87,92.56,92.6,74574.08,2026-05-14 22:00:00
1778799600000,92.59,92.61,92.03,92.11,258421.1,2026-05-14 23:00:00
1778803200000,92.1,92.61,92.04,92.37,284957.64,2026-05-15 00:00:00
1778806800000,92.37,92.53,91.64,91.69,335938.55,2026-05-15 01:00:00
1778810400000,91.69,92.4,91.4,92.31,570920.12,2026-05-15 02:00:00
1778814000000,92.3,92.42,91.81,92.0,156558.2,2026-05-15 03:00:00
1778817600000,92.0,92.0,91.21,91.23,253453.83,2026-05-15 04:00:00
1778821200000,91.24,91.48,90.2,90.55,632588.06,2026-05-15 05:00:00
1778824800000,90.55,91.03,90.41,90.95,276436.3,2026-05-15 06:00:00
1778828400000,90.95,91.67,90.86,91.55,541261.58,2026-05-15 07:00:00
1778832000000,91.56,91.6,90.91,91.23,316613.19,2026-05-15 08:00:00
1778835600000,91.23,91.29,90.87,91.11,293383.3,2026-05-15 09:00:00
1778839200000,91.12,91.54,90.96,91.42,201879.36,2026-05-15 10:00:00
1778842800000,91.43,91.5,91.12,91.21,120498.58,2026-05-15 11:00:00
1778846400000,91.2,91.22,90.51,90.62,253059.64,2026-05-15 12:00:00
1778850000000,90.63,90.63,88.61,88.85,1134318.0,2026-05-15 13:00:00
1778853600000,88.85,89.5,88.47,89.0,660717.6,2026-05-15 14:00:00
1778857200000,89.0,89.24,88.66,88.99,213377.0,2026-05-15 15:00:00
1778860800000,89.0,89.67,88.74,89.48,320127.68,2026-05-15 16:00:00
1778864400000,89.47,89.92,89.45,89.78,216239.42,2026-05-15 17:00:00
1778868000000,89.78,90.06,89.44,89.76,215694.62,2026-05-15 18:00:00
1778871600000,89.77,89.77,89.3,89.39,129436.95,2026-05-15 19:00:00
1778875200000,89.38,89.48,89.04,89.24,122813.23,2026-05-15 20:00:00
1778878800000,89.25,89.39,88.95,89.02,134311.58,2026-05-15 21:00:00
1778882400000,89.03,89.34,89.02,89.29,68891.43,2026-05-15 22:00:00
1778886000000,89.3,89.35,89.16,89.19,55932.16,2026-05-15 23:00:00
1778889600000,89.19,89.4,89.1,89.19,85654.07,2026-05-16 00:00:00
1778893200000,89.19,89.31,88.89,89.24,99503.97,2026-05-16 01:00:00
1778896800000,89.24,89.35,88.91,89.15,104696.96,2026-05-16 02:00:00
1778900400000,89.15,89.22,88.95,89.0,64486.06,2026-05-16 03:00:00
1778904000000,89.0,89.04,88.1,88.81,462739.39,2026-05-16 04:00:00
1778907600000,88.81,88.87,88.21,88.53,284001.64,2026-05-16 05:00:00
1778911200000,88.52,88.61,87.75,87.96,366270.22,2026-05-16 06:00:00
1778914800000,87.96,87.97,86.65,87.4,744104.64,2026-05-16 07:00:00
1778918400000,87.4,87.61,87.32,87.44,141930.77,2026-05-16 08:00:00
1778922000000,87.43,87.47,85.71,86.0,1022270.99,2026-05-16 09:00:00
1778925600000,86.0,86.1,85.47,85.96,440406.48,2026-05-16 10:00:00
1778929200000,85.97,86.28,85.95,86.06,181759.46,2026-05-16 11:00:00
1778932800000,86.06,86.38,85.96,86.2,169118.08,2026-05-16 12:00:00
1778936400000,86.19,86.31,86.05,86.2,233898.17,2026-05-16 13:00:00
1778940000000,86.21,86.65,86.01,86.34,405493.04,2026-05-16 14:00:00
1778943600000,86.33,86.6,86.2,86.43,184712.65,2026-05-16 15:00:00
1778947200000,86.43,86.72,86.29,86.57,306759.07,2026-05-16 16:00:00
1778950800000,86.57,86.9,86.55,86.73,137940.4,2026-05-16 17:00:00
1778954400000,86.72,86.91,86.56,86.75,81137.01,2026-05-16 18:00:00
1778958000000,86.76,86.81,86.6,86.63,53836.98,2026-05-16 19:00:00
1778961600000,86.64,86.84,86.62,86.62,65954.3,2026-05-16 20:00:00
1778965200000,86.62,86.72,86.43,86.54,82934.75,2026-05-16 21:00:00
1778968800000,86.53,86.64,86.39,86.49,52923.44,2026-05-16 22:00:00
1778972400000,86.48,86.65,86.43,86.49,48761.7,2026-05-16 23:00:00
1778976000000,86.49,86.68,85.9,86.08,167269.72,2026-05-17 00:00:00
1778979600000,86.07,86.29,85.51,85.7,363669.16,2026-05-17 01:00:00
1778983200000,85.7,86.19,85.7,85.95,264082.93,2026-05-17 02:00:00
1778986800000,85.94,86.58,85.93,86.45,117477.82,2026-05-17 03:00:00
1778990400000,86.45,86.92,86.41,86.79,161557.24,2026-05-17 04:00:00
1778994000000,86.79,87.24,86.76,86.86,213857.6,2026-05-17 05:00:00
1778997600000,86.85,86.96,86.67,86.79,115555.29,2026-05-17 06:00:00
1779001200000,86.79,87.06,86.72,86.93,122332.25,2026-05-17 07:00:00
1779004800000,86.93,86.98,86.52,86.78,186698.34,2026-05-17 08:00:00
1779008400000,86.78,86.95,86.66,86.83,167332.76,2026-05-17 09:00:00
1779012000000,86.83,87.23,86.73,86.93,343752.88,2026-05-17 10:00:00
1779015600000,86.94,86.96,86.72,86.84,122149.88,2026-05-17 11:00:00
1779019200000,86.84,86.97,86.66,86.7,95193.36,2026-05-17 12:00:00
1779022800000,86.71,86.74,86.25,86.35,258375.09,2026-05-17 13:00:00
1779026400000,86.35,86.4,85.85,86.25,211858.54,2026-05-17 14:00:00
1779030000000,86.24,86.44,86.1,86.38,124010.07,2026-05-17 15:00:00
1779033600000,86.39,86.62,86.05,86.24,208236.09,2026-05-17 16:00:00
1779037200000,86.25,86.31,85.94,86.19,143539.64,2026-05-17 17:00:00
1779040800000,86.19,86.39,85.96,86.37,101075.55,2026-05-17 18:00:00
1779044400000,86.36,86.91,86.36,86.73,113536.36,2026-05-17 19:00:00
1779048000000,86.73,86.86,86.51,86.64,99252.72,2026-05-17 20:00:00
1779051600000,86.64,86.94,86.55,86.88,93849.05,2026-05-17 21:00:00
1779055200000,86.88,86.88,85.95,86.18,252140.57,2026-05-17 22:00:00
1779058800000,86.19,86.19,83.29,85.17,2076398.23,2026-05-17 23:00:00
1779062400000,85.17,85.3,84.33,85.28,565263.32,2026-05-18 00:00:00
1779066000000,85.29,85.43,84.48,84.92,394880.07,2026-05-18 01:00:00
1779069600000,84.93,85.3,84.67,84.85,217789.29,2026-05-18 02:00:00
1779073200000,84.85,85.2,84.67,84.81,130828.53,2026-05-18 03:00:00
1779076800000,84.8,85.27,84.54,85.21,190404.69,2026-05-18 04:00:00
1779080400000,85.22,85.33,84.6,84.83,330338.41,2026-05-18 05:00:00
1779084000000,84.83,84.93,84.22,84.7,461366.05,2026-05-18 06:00:00
1779087600000,84.7,84.96,84.34,84.69,172498.73,2026-05-18 07:00:00
1779091200000,84.7,84.95,84.54,84.84,121472.59,2026-05-18 08:00:00
1779094800000,84.84,84.88,84.41,84.43,123080.84,2026-05-18 09:00:00
1779098400000,84.43,84.47,84.16,84.22,224511.13,2026-05-18 10:00:00
1779102000000,84.22,85.28,84.04,84.93,367499.85,2026-05-18 11:00:00
1779105600000,84.93,85.75,84.93,85.51,434192.12,2026-05-18 12:00:00
1779109200000,85.52,85.52,84.25,84.64,496694.37,2026-05-18 13:00:00
1779112800000,84.64,84.64,83.67,83.93,592873.62,2026-05-18 14:00:00
1779116400000,83.93,84.37,83.54,84.16,384232.61,2026-05-18 15:00:00
1779120000000,84.16,84.46,83.94,84.27,262521.68,2026-05-18 16:00:00
1779123600000,84.27,84.66,84.17,84.36,121674.61,2026-05-18 17:00:00
1779127200000,84.36,84.4,83.42,83.48,272736.79,2026-05-18 18:00:00
1779130800000,83.47,85.2,83.45,84.96,526684.45,2026-05-18 19:00:00
1779134400000,84.96,85.37,84.78,84.86,184888.39,2026-05-18 20:00:00
1779138000000,84.87,85.63,84.73,85.53,203526.3,2026-05-18 21:00:00
1779141600000,85.53,85.74,85.23,85.41,165766.13,2026-05-18 22:00:00
1779145200000,85.41,85.59,85.21,85.34,110406.09,2026-05-18 23:00:00
1779148800000,85.34,85.95,85.27,85.54,188539.85,2026-05-19 00:00:00
1779152400000,85.53,85.55,84.83,84.83,189268.01,2026-05-19 01:00:00
1779156000000,84.83,85.25,84.55,84.8,169864.87,2026-05-19 02:00:00
1779159600000,84.8,85.19,84.67,85.02,80677.6,2026-05-19 03:00:00
1779163200000,85.02,85.27,84.74,85.09,175749.09,2026-05-19 04:00:00
1779166800000,85.09,85.25,84.4,85.14,318851.7,2026-05-19 05:00:00
1779170400000,85.13,85.54,85.06,85.21,201418.41,2026-05-19 06:00:00
1779174000000,85.2,85.58,85.06,85.43,134028.94,2026-05-19 07:00:00
1779177600000,85.43,85.55,84.97,85.18,269327.59,2026-05-19 08:00:00
1779181200000,85.19,85.26,84.41,84.7,297839.57,2026-05-19 09:00:00
1779184800000,84.7,84.82,84.24,84.65,186587.38,2026-05-19 10:00:00
1779188400000,84.66,84.76,84.21,84.32,136977.51,2026-05-19 11:00:00
1779192000000,84.32,84.74,84.21,84.72,122224.53,2026-05-19 12:00:00
1779195600000,84.72,85.06,84.32,84.75,350286.39,2026-05-19 13:00:00
1779199200000,84.75,84.9,83.62,84.04,428639.97,2026-05-19 14:00:00
1779202800000,84.04,84.61,83.96,84.33,262914.35,2026-05-19 15:00:00
1779206400000,84.32,84.86,84.09,84.8,159197.17,2026-05-19 16:00:00
1779210000000,84.8,84.99,84.41,84.64,167406.21,2026-05-19 17:00:00
1779213600000,84.63,84.76,84.2,84.33,96117.59,2026-05-19 18:00:00
1779217200000,84.32,84.7,84.17,84.3,82400.32,2026-05-19 19:00:00
1779220800000,84.3,84.54,84.26,84.47,77585.35,2026-05-19 20:00:00
1779224400000,84.47,84.61,84.35,84.41,90350.71,2026-05-19 21:00:00
1779228000000,84.4,84.4,83.95,84.05,104075.5,2026-05-19 22:00:00
1779231600000,84.05,84.55,83.98,84.24,85438.45,2026-05-19 23:00:00
1779235200000,84.25,84.37,83.86,84.19,194327.53,2026-05-20 00:00:00
1779238800000,84.19,84.5,83.79,84.31,202138.15,2026-05-20 01:00:00
1779242400000,84.31,84.43,83.86,83.94,148849.94,2026-05-20 02:00:00
1779246000000,83.94,84.23,83.79,84.04,108674.52,2026-05-20 03:00:00
1779249600000,84.05,84.18,83.82,84.17,97510.65,2026-05-20 04:00:00
1779253200000,84.17,84.9,84.17,84.71,277425.52,2026-05-20 05:00:00
1779256800000,84.72,84.97,84.67,84.93,141277.07,2026-05-20 06:00:00
1779260400000,84.94,85.08,84.64,84.71,135629.79,2026-05-20 07:00:00
1779264000000,84.7,85.13,84.65,84.92,129415.33,2026-05-20 08:00:00
1779267600000,84.91,85.03,84.78,84.81,105183.41,2026-05-20 09:00:00
1779271200000,84.82,85.15,84.81,84.9,116213.76,2026-05-20 10:00:00
1779274800000,84.91,85.0,84.51,84.63,143177.28,2026-05-20 11:00:00
1779278400000,84.64,85.28,84.54,85.05,134449.97,2026-05-20 12:00:00
1779282000000,85.04,85.11,84.11,84.63,357258.16,2026-05-20 13:00:00
1779285600000,84.63,86.09,84.27,85.8,823741.88,2026-05-20 14:00:00
1779289200000,85.79,86.26,85.37,85.88,685722.43,2026-05-20 15:00:00
1779292800000,85.88,86.77,85.48,86.43,704850.71,2026-05-20 16:00:00
1779296400000,86.42,87.03,86.25,86.46,406894.34,2026-05-20 17:00:00
1779300000000,86.46,86.52,85.62,85.77,367593.34,2026-05-20 18:00:00
1779303600000,85.78,86.26,85.57,86.13,185790.18,2026-05-20 19:00:00
1779307200000,86.12,86.19,85.48,86.13,196728.33,2026-05-20 20:00:00
1779310800000,86.12,86.29,85.91,85.92,128923.71,2026-05-20 21:00:00
1779314400000,85.92,86.17,85.56,85.97,143222.08,2026-05-20 22:00:00
1779318000000,85.96,86.12,85.79,86.1,67916.36,2026-05-20 23:00:00
1779321600000,86.1,86.79,86.04,86.6,199426.22,2026-05-21 00:00:00
1779325200000,86.6,86.99,86.4,86.5,243575.83,2026-05-21 01:00:00
1779328800000,86.49,86.86,86.39,86.56,169469.41,2026-05-21 02:00:00
1779332400000,86.55,86.87,86.49,86.81,132803.29,2026-05-21 03:00:00
1779336000000,86.8,87.28,86.72,86.94,400657.21,2026-05-21 04:00:00
1779339600000,86.94,87.06,86.29,86.45,250452.2,2026-05-21 05:00:00
1779343200000,86.46,86.56,86.14,86.27,268195.91,2026-05-21 06:00:00
1779346800000,86.27,86.67,86.21,86.58,145585.99,2026-05-21 07:00:00
1779350400000,86.59,87.16,86.58,86.8,363323.44,2026-05-21 08:00:00
1779354000000,86.8,87.0,86.4,86.44,203535.11,2026-05-21 09:00:00
1779357600000,86.43,86.62,85.66,85.71,492540.34,2026-05-21 10:00:00
1779361200000,85.7,85.91,85.53,85.55,223415.5,2026-05-21 11:00:00
1779364800000,85.55,85.82,85.36,85.71,320563.89,2026-05-21 12:00:00
1779368400000,85.7,86.09,85.26,86.02,472543.81,2026-05-21 13:00:00
1779372000000,86.01,86.45,85.56,85.95,507665.43,2026-05-21 14:00:00
1779375600000,85.95,86.87,85.85,86.41,492824.19,2026-05-21 15:00:00
1779379200000,86.42,86.55,85.98,86.22,241762.66,2026-05-21 16:00:00
1779382800000,86.23,87.97,86.14,87.58,1091017.91,2026-05-21 17:00:00
1779386400000,87.57,87.75,86.73,87.04,356620.15,2026-05-21 18:00:00
1779390000000,87.03,87.84,87.02,87.78,226786.3,2026-05-21 19:00:00
1779393600000,87.79,87.89,87.45,87.51,110316.18,2026-05-21 20:00:00
1779397200000,87.52,87.67,87.27,87.31,159545.09,2026-05-21 21:00:00
1779400800000,87.31,87.44,87.01,87.13,100307.31,2026-05-21 22:00:00
1779404400000,87.13,87.33,86.95,87.3,157672.79,2026-05-21 23:00:00
1779408000000,87.29,87.3,86.76,86.79,140346.22,2026-05-22 00:00:00
1779411600000,86.8,87.07,86.54,87.03,139072.84,2026-05-22 01:00:00
1779415200000,87.03,87.19,86.94,87.13,112745.23,2026-05-22 02:00:00
1779418800000,87.12,87.27,86.86,86.98,74423.32,2026-05-22 03:00:00
1779422400000,86.98,87.34,86.87,86.93,104771.22,2026-05-22 04:00:00
1779426000000,86.94,87.11,86.66,86.75,108111.37,2026-05-22 05:00:00
1779429600000,86.76,86.82,86.44,86.68,253769.47,2026-05-22 06:00:00
1779433200000,86.67,87.13,86.49,86.93,305761.67,2026-05-22 07:00:00
1779436800000,86.94,87.49,86.81,87.09,305758.91,2026-05-22 08:00:00
1779440400000,87.09,87.36,87.0,87.22,177700.66,2026-05-22 09:00:00
1779444000000,87.22,87.25,86.84,86.95,142250.68,2026-05-22 10:00:00
1779447600000,86.96,87.3,86.66,87.28,192009.58,2026-05-22 11:00:00
1779451200000,87.29,87.75,87.2,87.73,333087.71,2026-05-22 12:00:00
1779454800000,87.72,87.82,87.04,87.35,367449.07,2026-05-22 13:00:00
1779458400000,87.35,87.35,86.3,86.56,549235.58,2026-05-22 14:00:00
1779462000000,86.57,86.94,86.21,86.72,322175.42,2026-05-22 15:00:00
1779465600000,86.71,86.99,86.6,86.89,158845.71,2026-05-22 16:00:00
1779469200000,86.88,87.15,86.45,86.59,260890.35,2026-05-22 17:00:00
1779472800000,86.59,86.65,84.52,85.4,822007.07,2026-05-22 18:00:00
1779476400000,85.41,85.58,83.9,84.5,886814.43,2026-05-22 19:00:00
1779480000000,84.51,85.03,84.51,84.95,248937.77,2026-05-22 20:00:00
1779483600000,84.95,85.26,84.88,85.14,118025.3,2026-05-22 21:00:00
1779487200000,85.13,85.18,84.73,84.92,128403.46,2026-05-22 22:00:00
1779490800000,84.92,85.14,83.93,84.34,478418.88,2026-05-22 23:00:00
1779494400000,84.35,84.49,84.01,84.37,303594.91,2026-05-23 00:00:00
1779498000000,84.37,84.6,84.26,84.46,134380.85,2026-05-23 01:00:00
1779501600000,84.47,84.53,84.14,84.48,205489.99,2026-05-23 02:00:00
1779505200000,84.47,84.69,84.42,84.62,100041.83,2026-05-23 03:00:00
1779508800000,84.63,84.65,84.28,84.35,94382.57,2026-05-23 04:00:00
1779512400000,84.35,84.42,84.11,84.4,100935.82,2026-05-23 05:00:00
1779516000000,84.41,84.44,84.12,84.21,117007.98,2026-05-23 06:00:00
1779519600000,84.2,84.27,81.35,82.19,1793840.82,2026-05-23 07:00:00
1779523200000,82.2,82.31,81.66,82.07,860493.28,2026-05-23 08:00:00
1779526800000,82.07,82.21,81.9,81.94,247225.91,2026-05-23 09:00:00
1779530400000,81.95,82.36,81.94,82.19,158719.73,2026-05-23 10:00:00
1779534000000,82.19,82.41,82.16,82.22,112750.94,2026-05-23 11:00:00
1779537600000,82.22,82.49,82.07,82.41,168376.63,2026-05-23 12:00:00
1779541200000,82.42,83.46,82.41,83.17,534949.93,2026-05-23 13:00:00
1779544800000,83.16,84.41,83.02,84.07,583571.99,2026-05-23 14:00:00
1779548400000,84.07,84.52,83.58,84.04,681648.33,2026-05-23 15:00:00
1779552000000,84.04,84.25,83.86,84.05,293805.34,2026-05-23 16:00:00
1779555600000,84.05,84.31,83.88,84.16,157440.64,2026-05-23 17:00:00
1779559200000,84.17,85.12,84.12,84.67,620938.26,2026-05-23 18:00:00
1779562800000,84.67,85.05,84.56,84.91,205610.52,2026-05-23 19:00:00
1779566400000,84.91,87.05,84.73,87.04,972742.14,2026-05-23 20:00:00
1779570000000,87.04,87.5,85.84,86.24,673015.28,2026-05-23 21:00:00
1779573600000,86.25,86.57,85.46,85.77,274644.81,2026-05-23 22:00:00
1779577200000,85.77,85.89,85.6,85.71,162999.79,2026-05-23 23:00:00
1779580800000,85.72,85.99,85.56,85.84,146795.04,2026-05-24 00:00:00
1779584400000,85.85,86.18,85.82,85.96,137723.13,2026-05-24 01:00:00
1779588000000,85.97,86.06,85.68,85.92,131527.35,2026-05-24 02:00:00
1779591600000,85.92,86.07,85.57,85.75,108012.84,2026-05-24 03:00:00
1779595200000,85.76,86.04,85.73,85.88,145861.94,2026-05-24 04:00:00
1779598800000,85.87,86.12,85.52,86.1,195584.45,2026-05-24 05:00:00
1779602400000,86.1,86.44,85.88,86.41,148239.5,2026-05-24 06:00:00
1779606000000,86.4,86.68,85.95,86.03,253741.33,2026-05-24 07:00:00
1779609600000,86.03,86.46,85.97,86.45,162489.26,2026-05-24 08:00:00
1779613200000,86.45,87.0,86.33,86.49,384521.23,2026-05-24 09:00:00
1779616800000,86.5,86.67,86.19,86.45,353989.58,2026-05-24 10:00:00
1779620400000,86.45,86.9,86.38,86.62,347227.51,2026-05-24 11:00:00
1779624000000,86.63,86.64,86.12,86.31,154848.32,2026-05-24 12:00:00
1779627600000,86.31,86.41,85.67,85.86,180735.26,2026-05-24 13:00:00
1779631200000,85.86,85.97,84.39,85.21,618749.95,2026-05-24 14:00:00
1779634800000,85.21,85.46,85.09,85.26,134370.56,2026-05-24 15:00:00
1779638400000,85.26,85.85,85.13,85.59,284247.34,2026-05-24 16:00:00
1779642000000,85.6,85.75,85.44,85.6,86180.55,2026-05-24 17:00:00
1779645600000,85.6,85.63,85.21,85.36,147189.25,2026-05-24 18:00:00
1779649200000,85.36,85.47,85.17,85.32,71613.53,2026-05-24 19:00:00
1779652800000,85.32,85.38,84.53,84.73,265877.51,2026-05-24 20:00:00
1779656400000,84.73,84.94,83.57,83.89,422171.37,2026-05-24 21:00:00
1779660000000,83.9,85.28,83.87,84.93,372250.62,2026-05-24 22:00:00
1779663600000,84.93,85.46,84.92,85.22,164157.68,2026-05-24 23:00:00
1779667200000,85.22,85.6,85.2,85.43,154358.69,2026-05-25 00:00:00
1779670800000,85.42,85.54,84.75,84.79,169594.7,2026-05-25 01:00:00
1779674400000,84.8,85.72,84.79,85.02,302343.44,2026-05-25 02:00:00
1779678000000,85.02,85.12,84.73,84.88,148424.94,2026-05-25 03:00:00
1779681600000,84.89,85.88,84.86,85.78,240494.8,2026-05-25 04:00:00
1779685200000,85.79,86.13,85.7,85.94,243899.53,2026-05-25 05:00:00
1779688800000,85.93,86.13,85.59,85.94,156136.73,2026-05-25 06:00:00
1779692400000,85.94,86.12,85.55,85.92,190083.98,2026-05-25 07:00:00
1779696000000,85.92,86.04,85.71,85.98,146529.12,2026-05-25 08:00:00
1779699600000,85.98,86.2,85.87,85.89,180738.96,2026-05-25 09:00:00
1779703200000,85.88,86.07,85.84,86.02,104603.03,2026-05-25 10:00:00
1779706800000,86.02,86.1,85.66,85.73,108257.36,2026-05-25 11:00:00
1779710400000,85.72,86.03,85.61,85.83,151217.06,2026-05-25 12:00:00
1779714000000,85.83,86.0,85.72,85.97,69499.88,2026-05-25 13:00:00
1779717600000,85.97,86.41,85.89,86.29,254923.45,2026-05-25 14:00:00
1779721200000,86.28,86.48,86.0,86.21,199671.75,2026-05-25 15:00:00
1779724800000,86.21,86.4,85.93,86.23,145769.4,2026-05-25 16:00:00
1779728400000,86.23,86.35,86.01,86.08,137860.65,2026-05-25 17:00:00
1779732000000,86.07,86.26,85.84,85.85,82970.51,2026-05-25 18:00:00
1779735600000,85.86,85.9,85.46,85.59,119570.45,2026-05-25 19:00:00
1779739200000,85.58,85.83,85.24,85.36,117328.84,2026-05-25 20:00:00
1779742800000,85.36,85.52,85.23,85.33,76503.68,2026-05-25 21:00:00
1779746400000,85.33,85.5,84.64,84.76,297761.73,2026-05-25 22:00:00
1779750000000,84.75,85.16,84.68,84.99,181512.4,2026-05-25 23:00:00
1779753600000,85.0,85.04,83.84,84.34,413570.81,2026-05-26 00:00:00
1779757200000,84.34,84.5,83.8,84.05,246229.65,2026-05-26 01:00:00
1779760800000,84.05,84.16,83.84,83.96,132622.38,2026-05-26 02:00:00
1779764400000,83.96,84.21,83.78,84.15,132706.84,2026-05-26 03:00:00
1779768000000,84.15,84.45,83.94,84.31,162461.93,2026-05-26 04:00:00
1779771600000,84.3,84.92,84.21,84.6,227059.08,2026-05-26 05:00:00
1779775200000,84.59,84.78,84.34,84.55,144144.12,2026-05-26 06:00:00
1779778800000,84.55,84.57,84.05,84.3,182668.13,2026-05-26 07:00:00
1779782400000,84.3,84.52,84.28,84.39,79295.6,2026-05-26 08:00:00
1779786000000,84.4,84.67,84.27,84.42,149494.2,2026-05-26 09:00:00
1779789600000,84.43,85.78,84.31,85.52,571730.35,2026-05-26 10:00:00
1779793200000,85.52,85.61,85.16,85.17,216427.45,2026-05-26 11:00:00
1779796800000,85.17,85.36,84.77,85.28,278424.01,2026-05-26 12:00:00
1779800400000,85.29,85.74,84.65,85.47,394053.43,2026-05-26 13:00:00
1779804000000,85.48,86.1,84.72,85.18,781758.86,2026-05-26 14:00:00
1779807600000,85.17,85.3,83.95,84.42,640959.4,2026-05-26 15:00:00
1779811200000,84.42,84.52,83.87,84.17,444389.36,2026-05-26 16:00:00
1779814800000,84.17,84.34,83.08,83.52,691123.33,2026-05-26 17:00:00
1779818400000,83.51,84.02,83.41,83.56,250150.48,2026-05-26 18:00:00
1779822000000,83.55,83.95,83.29,83.71,138122.87,2026-05-26 19:00:00
1779825600000,83.72,83.91,83.67,83.88,96425.79,2026-05-26 20:00:00
1779829200000,83.88,83.91,83.51,83.65,108748.31,2026-05-26 21:00:00
1779832800000,83.64,83.81,83.47,83.61,96228.56,2026-05-26 22:00:00
1779836400000,83.61,83.8,83.57,83.66,80581.1,2026-05-26 23:00:00
1779840000000,83.66,84.12,83.66,84.08,142353.58,2026-05-27 00:00:00
1779843600000,84.09,84.15,83.74,83.8,107364.04,2026-05-27 01:00:00
1779847200000,83.81,83.92,83.49,83.92,137859.55,2026-05-27 02:00:00
1779850800000,83.92,84.02,83.43,83.58,132668.0,2026-05-27 03:00:00
1779854400000,83.57,83.64,82.77,83.58,501227.02,2026-05-27 04:00:00
1779858000000,83.59,83.88,83.52,83.83,124312.19,2026-05-27 05:00:00
1779861600000,83.83,84.01,83.68,83.99,112913.74,2026-05-27 06:00:00
1779865200000,84.0,84.15,83.82,84.14,110468.5,2026-05-27 07:00:00
1779868800000,84.14,84.38,83.83,83.88,179289.14,2026-05-27 08:00:00
1779872400000,83.88,83.91,83.56,83.74,137289.2,2026-05-27 09:00:00
1779876000000,83.73,84.05,83.62,83.91,124088.59,2026-05-27 10:00:00
1779879600000,83.91,84.18,83.85,83.87,121865.86,2026-05-27 11:00:00
1779883200000,83.88,84.64,83.5,83.87,382463.67,2026-05-27 12:00:00
1779886800000,83.87,84.0,82.92,83.58,460077.12,2026-05-27 13:00:00
1779890400000,83.58,84.07,83.17,83.86,553793.94,2026-05-27 14:00:00
1779894000000,83.86,84.78,83.79,84.4,482283.82,2026-05-27 15:00:00
1779897600000,84.39,84.7,83.81,84.13,269850.2,2026-05-27 16:00:00
1779901200000,84.14,84.16,83.11,83.36,405403.38,2026-05-27 17:00:00
1779904800000,83.36,83.95,83.15,83.9,179191.93,2026-05-27 18:00:00
1779908400000,83.89,84.09,83.82,83.88,177029.1,2026-05-27 19:00:00
1779912000000,83.87,84.1,83.7,83.77,115166.6,2026-05-27 20:00:00
1779915600000,83.77,83.77,82.06,82.42,519298.37,2026-05-27 21:00:00
1779919200000,82.42,82.97,82.18,82.41,321250.49,2026-05-27 22:00:00
1779922800000,82.41,82.65,82.14,82.38,169590.15,2026-05-27 23:00:00
1779926400000,82.37,82.71,82.3,82.66,171326.64,2026-05-28 00:00:00
1779930000000,82.66,82.72,81.87,82.22,356358.7,2026-05-28 01:00:00
1779933600000,82.23,82.39,81.96,82.07,208343.6,2026-05-28 02:00:00
1779937200000,82.06,82.21,80.45,80.65,1409856.13,2026-05-28 03:00:00
1779940800000,80.65,80.89,79.93,80.83,800693.47,2026-05-28 04:00:00
1779944400000,80.83,80.93,80.36,80.64,239471.15,2026-05-28 05:00:00
1779948000000,80.64,81.05,80.46,80.89,193430.06,2026-05-28 06:00:00
1779951600000,80.89,81.24,80.8,81.2,251221.85,2026-05-28 07:00:00
1779955200000,81.2,81.23,80.77,80.94,150011.17,2026-05-28 08:00:00
1779958800000,80.93,81.25,80.77,81.16,114804.99,2026-05-28 09:00:00
1779962400000,81.17,81.27,80.63,80.69,202275.51,2026-05-28 10:00:00
1779966000000,80.69,80.89,80.53,80.82,191635.19,2026-05-28 11:00:00
1779969600000,80.83,81.2,80.53,81.09,178702.97,2026-05-28 12:00:00
1779973200000,81.09,81.33,80.48,80.75,389299.57,2026-05-28 13:00:00
1779976800000,80.74,81.61,79.94,81.14,831608.7,2026-05-28 14:00:00
1779980400000,81.14,81.33,80.49,81.09,234082.52,2026-05-28 15:00:00
1779984000000,81.09,82.13,80.87,82.01,370614.02,2026-05-28 16:00:00
1779987600000,82.02,82.59,81.79,82.25,296048.35,2026-05-28 17:00:00
1779991200000,82.25,82.97,82.2,82.85,296284.8,2026-05-28 18:00:00
1779994800000,82.85,82.85,82.11,82.14,162666.74,2026-05-28 19:00:00
1779998400000,82.13,82.56,81.73,82.25,201532.08,2026-05-28 20:00:00
1780002000000,82.26,82.64,82.18,82.38,131233.82,2026-05-28 21:00:00
1780005600000,82.39,82.58,81.86,81.99,176039.41,2026-05-28 22:00:00
1780009200000,81.99,82.23,81.93,82.08,88271.89,2026-05-28 23:00:00
1780012800000,82.07,82.43,82.07,82.28,101653.48,2026-05-29 00:00:00
1780016400000,82.28,82.43,82.01,82.16,105335.1,2026-05-29 01:00:00
1780020000000,82.16,82.27,81.41,81.53,213654.06,2026-05-29 02:00:00
1780023600000,81.52,81.91,81.48,81.58,123521.77,2026-05-29 03:00:00
1780027200000,81.59,81.91,81.33,81.89,117188.18,2026-05-29 04:00:00
1780030800000,81.89,82.16,81.77,82.04,108522.45,2026-05-29 05:00:00
1780034400000,82.03,82.46,81.98,82.25,124227.96,2026-05-29 06:00:00
1780038000000,82.25,82.43,81.85,82.19,213335.4,2026-05-29 07:00:00
1780041600000,82.19,82.45,82.12,82.16,174415.84,2026-05-29 08:00:00
1780045200000,82.16,82.6,82.14,82.4,105717.42,2026-05-29 09:00:00
1780048800000,82.4,82.4,82.04,82.11,114125.31,2026-05-29 10:00:00
1780052400000,82.1,82.18,81.46,81.73,176300.71,2026-05-29 11:00:00
1780056000000,81.72,81.74,81.26,81.45,201133.93,2026-05-29 12:00:00
1780059600000,81.44,81.68,81.04,81.39,218484.73,2026-05-29 13:00:00
1780063200000,81.4,81.54,80.3,81.28,674547.29,2026-05-29 14:00:00
1780066800000,81.29,83.2,81.16,82.52,1006390.39,2026-05-29 15:00:00
1780070400000,82.52,83.08,82.15,82.89,411359.84,2026-05-29 16:00:00
1780074000000,82.88,83.19,82.62,82.74,274515.0,2026-05-29 17:00:00
1780077600000,82.74,82.95,81.76,82.02,250954.71,2026-05-29 18:00:00
1780081200000,82.01,82.35,81.53,82.01,197916.15,2026-05-29 19:00:00
1780084800000,82.01,82.31,81.95,82.18,107945.05,2026-05-29 20:00:00
1780088400000,82.18,82.37,81.65,81.66,99784.73,2026-05-29 21:00:00
1780092000000,81.67,81.99,81.55,81.94,133045.09,2026-05-29 22:00:00
1780095600000,81.94,82.07,81.72,81.99,84403.88,2026-05-29 23:00:00
1780099200000,81.98,82.3,81.9,82.24,92531.4,2026-05-30 00:00:00
1780102800000,82.25,82.94,82.17,82.77,193519.37,2026-05-30 01:00:00
1780106400000,82.78,82.99,82.74,82.95,146171.33,2026-05-30 02:00:00
1780110000000,82.95,83.05,82.59,82.64,140538.22,2026-05-30 03:00:00
1780113600000,82.64,82.77,81.82,82.3,298317.13,2026-05-30 04:00:00
1780117200000,82.29,82.69,82.16,82.56,198588.81,2026-05-30 05:00:00
1780120800000,82.57,82.7,82.35,82.43,78679.93,2026-05-30 06:00:00
1780124400000,82.43,82.48,82.21,82.34,71261.02,2026-05-30 07:00:00
1780128000000,82.34,82.36,82.14,82.19,42852.06,2026-05-30 08:00:00
1780131600000,82.19,82.34,82.15,82.28,44028.73,2026-05-30 09:00:00
1780135200000,82.28,82.47,82.27,82.34,82303.97,2026-05-30 10:00:00
1780138800000,82.34,82.51,82.17,82.28,50837.26,2026-05-30 11:00:00
1780142400000,82.28,82.4,82.21,82.4,41880.23,2026-05-30 12:00:00
1780146000000,82.39,82.52,82.19,82.44,105599.95,2026-05-30 13:00:00
1780149600000,82.44,82.72,82.4,82.59,145294.45,2026-05-30 14:00:00
1780153200000,82.59,82.88,82.45,82.63,139784.26,2026-05-30 15:00:00
1780156800000,82.63,82.89,82.58,82.84,91155.26,2026-05-30 16:00:00
1780160400000,82.84,83.01,82.59,83.0,140873.18,2026-05-30 17:00:00
1780164000000,83.01,83.1,82.83,82.97,103555.07,2026-05-30 18:00:00
1780167600000,82.98,83.0,82.73,82.94,65304.57,2026-05-30 19:00:00
1780171200000,82.95,83.04,82.81,82.92,48898.2,2026-05-30 20:00:00
1780174800000,82.92,83.14,82.87,82.97,89859.72,2026-05-30 21:00:00
1780178400000,82.97,82.97,82.4,82.6,162912.76,2026-05-30 22:00:00
1780182000000,82.6,82.85,82.46,82.69,79467.94,2026-05-30 23:00:00
1780185600000,82.69,82.92,82.57,82.88,86338.4,2026-05-31 00:00:00
1780189200000,82.88,83.18,82.87,82.97,159069.18,2026-05-31 01:00:00
1780192800000,82.97,83.39,82.83,83.11,192758.28,2026-05-31 02:00:00
1780196400000,83.12,83.31,83.05,83.19,84423.29,2026-05-31 03:00:00
1780200000000,83.19,83.25,83.04,83.17,53645.62,2026-05-31 04:00:00
1780203600000,83.16,83.18,82.94,82.98,68403.14,2026-05-31 05:00:00
1780207200000,82.99,82.99,82.8,82.91,67757.45,2026-05-31 06:00:00
1780210800000,82.91,82.91,82.46,82.63,143328.9,2026-05-31 07:00:00
1780214400000,82.63,82.82,82.54,82.76,92096.48,2026-05-31 08:00:00
1780218000000,82.76,83.02,82.59,82.69,101374.55,2026-05-31 09:00:00
1780221600000,82.69,82.7,82.43,82.68,131785.53,2026-05-31 10:00:00
1780225200000,82.68,82.81,82.61,82.69,94920.02,2026-05-31 11:00:00
1780228800000,82.69,82.89,82.52,82.78,73345.09,2026-05-31 12:00:00
1780232400000,82.78,83.08,82.61,82.72,96354.85,2026-05-31 13:00:00
1780236000000,82.71,82.72,81.72,81.91,521728.06,2026-05-31 14:00:00
1780239600000,81.92,82.24,81.78,81.83,167464.47,2026-05-31 15:00:00
1780243200000,81.83,82.0,81.37,81.54,317899.95,2026-05-31 16:00:00
1780246800000,81.53,81.86,81.43,81.81,111297.48,2026-05-31 17:00:00
1780250400000,81.81,81.82,81.57,81.71,74278.14,2026-05-31 18:00:00
1780254000000,81.7,81.75,81.29,81.54,101202.45,2026-05-31 19:00:00
1780257600000,81.55,81.98,81.55,81.94,106189.86,2026-05-31 20:00:00
1780261200000,81.93,82.34,81.84,82.26,120688.57,2026-05-31 21:00:00
1780264800000,82.27,82.65,81.99,82.49,215607.66,2026-05-31 22:00:00
1780268400000,82.49,82.88,81.91,82.4,234132.44,2026-05-31 23:00:00
1780272000000,82.41,83.08,82.32,82.79,320435.01,2026-06-01 00:00:00
1780275600000,82.79,82.84,81.68,81.71,291086.03,2026-06-01 01:00:00
1780279200000,81.71,82.86,81.57,82.63,311579.46,2026-06-01 02:00:00
1780282800000,82.64,82.94,82.51,82.58,176423.95,2026-06-01 03:00:00
1780286400000,82.59,82.73,81.7,81.99,313748.89,2026-06-01 04:00:00
1780290000000,81.98,82.07,81.56,81.77,152550.85,2026-06-01 05:00:00
1780293600000,81.77,81.81,81.06,81.4,359594.58,2026-06-01 06:00:00
1780297200000,81.39,81.52,80.57,80.66,312996.63,2026-06-01 07:00:00
1780300800000,80.67,81.0,80.4,80.94,298794.53,2026-06-01 08:00:00
1780304400000,80.93,81.24,80.93,81.03,204117.92,2026-06-01 09:00:00
1780308000000,81.04,81.14,80.78,81.05,160559.46,2026-06-01 10:00:00
1780311600000,81.05,81.18,80.57,80.78,166845.2,2026-06-01 11:00:00
1780315200000,80.78,81.04,80.18,80.8,387893.44,2026-06-01 12:00:00
1780318800000,80.79,80.84,79.25,79.79,963285.81,2026-06-01 13:00:00
1780322400000,79.8,80.07,79.39,79.67,464768.79,2026-06-01 14:00:00
1780326000000,79.67,80.01,79.15,79.57,406058.63,2026-06-01 15:00:00
1780329600000,79.56,80.42,79.06,80.37,482796.39,2026-06-01 16:00:00
1780333200000,80.37,81.17,80.23,80.89,565847.42,2026-06-01 17:00:00
1780336800000,80.88,81.17,80.53,80.81,174828.74,2026-06-01 18:00:00
1780340400000,80.81,81.29,80.57,81.16,164385.29,2026-06-01 19:00:00
1780344000000,81.15,81.24,80.93,81.09,129792.15,2026-06-01 20:00:00
1780347600000,81.1,81.11,80.47,80.64,293178.89,2026-06-01 21:00:00
1780351200000,80.64,81.45,80.28,81.35,293145.21,2026-06-01 22:00:00
1780354800000,81.35,81.59,81.03,81.24,267474.35,2026-06-01 23:00:00
1780358400000,81.24,81.26,80.83,80.85,143451.1,2026-06-02 00:00:00
1780362000000,80.85,80.98,79.99,80.07,286368.34,2026-06-02 01:00:00
1780365600000,80.08,80.75,79.32,80.74,490628.76,2026-06-02 02:00:00
1780369200000,80.75,81.0,80.6,80.87,190350.18,2026-06-02 03:00:00
1780372800000,80.87,80.98,80.33,80.41,235298.11,2026-06-02 04:00:00
1780376400000,80.4,80.56,79.5,79.59,302795.59,2026-06-02 05:00:00
1780380000000,79.58,79.78,79.27,79.55,409866.2,2026-06-02 06:00:00
1780383600000,79.54,79.89,79.09,79.63,290311.64,2026-06-02 07:00:00
1780387200000,79.62,79.76,79.42,79.57,191048.22,2026-06-02 08:00:00
1780390800000,79.58,79.6,78.72,79.05,465218.94,2026-06-02 09:00:00
1780394400000,79.05,79.45,78.92,79.39,170108.49,2026-06-02 10:00:00
1780398000000,79.39,79.41,78.81,78.9,228657.06,2026-06-02 11:00:00
1780401600000,78.89,79.12,78.61,78.96,327160.46,2026-06-02 12:00:00
1780405200000,78.94,79.19,78.76,78.9,272526.12,2026-06-02 13:00:00
1780408800000,78.9,78.93,76.66,77.38,1575782.11,2026-06-02 14:00:00
1780412400000,77.39,77.44,75.44,76.34,1368644.38,2026-06-02 15:00:00
1780416000000,76.33,77.61,76.1,76.67,754638.32,2026-06-02 16:00:00
1780419600000,76.67,77.14,76.43,76.78,275996.54,2026-06-02 17:00:00
1780423200000,76.78,77.03,75.73,76.09,341905.48,2026-06-02 18:00:00
1780426800000,76.09,76.21,74.32,75.46,943510.72,2026-06-02 19:00:00
1780430400000,75.47,75.89,74.71,75.38,321266.31,2026-06-02 20:00:00
1780434000000,75.37,76.02,75.26,75.6,226543.4,2026-06-02 21:00:00
1780437600000,75.61,75.61,73.26,73.62,1028193.51,2026-06-02 22:00:00
1780441200000,73.62,74.27,72.65,74.18,1084109.58,2026-06-02 23:00:00
1780444800000,74.18,75.08,73.94,74.77,644176.85,2026-06-03 00:00:00
1780448400000,74.77,74.99,74.07,74.68,323062.91,2026-06-03 01:00:00
1780452000000,74.69,74.75,74.15,74.35,180641.53,2026-06-03 02:00:00
1780455600000,74.36,74.48,72.21,72.66,1112066.47,2026-06-03 03:00:00
1780459200000,72.66,74.06,72.64,74.01,582025.78,2026-06-03 04:00:00
1780462800000,74.01,74.85,74.01,74.67,641429.09,2026-06-03 05:00:00
1780466400000,74.67,75.31,74.61,74.81,519761.14,2026-06-03 06:00:00
1780470000000,74.81,75.38,74.71,75.21,314175.3,2026-06-03 07:00:00
1780473600000,75.2,75.28,74.81,74.94,267508.89,2026-06-03 08:00:00
1780477200000,74.95,75.36,74.66,74.95,329508.54,2026-06-03 09:00:00
1780480800000,74.94,75.62,74.91,75.49,294043.14,2026-06-03 10:00:00
1780484400000,75.5,75.66,74.94,75.07,278258.83,2026-06-03 11:00:00
1780488000000,75.07,75.22,74.64,75.14,235894.56,2026-06-03 12:00:00
1780491600000,75.13,75.32,74.34,74.52,479374.92,2026-06-03 13:00:00
1780495200000,74.51,74.56,73.77,74.4,459613.5,2026-06-03 14:00:00
1780498800000,74.41,74.45,73.2,73.26,805527.45,2026-06-03 15:00:00
1780502400000,73.26,73.43,71.97,72.95,1165280.79,2026-06-03 16:00:00
1780506000000,72.95,74.07,72.34,73.13,858391.6,2026-06-03 17:00:00
1780509600000,73.13,73.44,72.41,73.06,391528.76,2026-06-03 18:00:00
1780513200000,73.06,73.12,71.64,71.94,779578.06,2026-06-03 19:00:00
1780516800000,71.94,72.39,70.81,71.18,949275.42,2026-06-03 20:00:00
1780520400000,71.18,72.81,70.98,72.76,580156.42,2026-06-03 21:00:00
1780524000000,72.76,73.13,71.87,72.16,390267.03,2026-06-03 22:00:00
1780527600000,72.17,72.22,71.52,71.57,332346.55,2026-06-03 23:00:00
1780531200000,71.58,72.06,70.27,70.71,998938.96,2026-06-04 00:00:00
1780534800000,70.72,70.92,68.34,68.57,1742631.62,2026-06-04 01:00:00
1780538400000,68.57,70.4,66.59,69.99,2540261.6,2026-06-04 02:00:00
1780542000000,70.0,71.58,69.99,71.42,909107.58,2026-06-04 03:00:00
1780545600000,71.42,71.72,70.74,70.83,455203.15,2026-06-04 04:00:00
1780549200000,70.83,70.84,69.84,70.29,670839.74,2026-06-04 05:00:00
1780552800000,70.28,71.18,70.2,70.3,382491.3,2026-06-04 06:00:00
1780556400000,70.31,70.36,69.07,69.1,671703.57,2026-06-04 07:00:00
1780560000000,69.09,69.4,68.24,69.19,930677.58,2026-06-04 08:00:00
1780563600000,69.19,69.23,67.68,68.81,831374.21,2026-06-04 09:00:00
1780567200000,68.82,68.9,67.47,67.84,927024.17,2026-06-04 10:00:00
1780570800000,67.84,68.66,67.34,68.64,588298.16,2026-06-04 11:00:00
1780574400000,68.65,70.32,68.26,70.05,938907.96,2026-06-04 12:00:00
1780578000000,70.06,70.53,68.96,70.32,757392.59,2026-06-04 13:00:00
1780581600000,70.32,70.6,69.51,69.74,416385.17,2026-06-04 14:00:00
1780585200000,69.73,70.47,69.35,69.61,608007.8,2026-06-04 15:00:00
1780588800000,69.61,69.63,68.93,69.37,380718.64,2026-06-04 16:00:00
1780592400000,69.36,69.7,68.45,69.2,481337.14,2026-06-04 17:00:00
1780596000000,69.2,69.85,68.6,69.46,399258.24,2026-06-04 18:00:00
1780599600000,69.46,69.68,68.98,69.05,326492.73,2026-06-04 19:00:00
1780603200000,69.04,69.1,68.4,68.76,278275.56,2026-06-04 20:00:00
1780606800000,68.76,69.01,67.55,67.74,443539.68,2026-06-04 21:00:00
1780610400000,67.73,68.53,67.51,68.43,473000.48,2026-06-04 22:00:00
1780614000000,68.43,68.88,67.95,68.81,339472.72,2026-06-04 23:00:00
1780617600000,68.81,69.06,68.21,68.25,375756.9,2026-06-05 00:00:00
1780621200000,68.24,68.78,67.51,68.45,633012.03,2026-06-05 01:00:00
1780624800000,68.46,68.57,67.14,67.27,640297.85,2026-06-05 02:00:00
1780628400000,67.28,67.83,66.88,67.05,660720.1,2026-06-05 03:00:00
1780632000000,67.06,67.97,66.43,67.89,913320.09,2026-06-05 04:00:00
1780635600000,67.9,68.04,66.01,66.17,923550.1,2026-06-05 05:00:00
1780639200000,66.17,66.5,63.75,65.0,2563042.34,2026-06-05 06:00:00
1780642800000,64.99,66.26,63.86,66.12,1070056.19,2026-06-05 07:00:00
1780646400000,66.12,66.16,65.03,65.27,601397.12,2026-06-05 08:00:00
1780650000000,65.26,66.55,65.25,66.5,831897.86,2026-06-05 09:00:00
1780653600000,66.49,66.7,66.1,66.37,451415.87,2026-06-05 10:00:00
1780657200000,66.37,66.77,65.76,66.02,538267.43,2026-06-05 11:00:00
1780660800000,66.02,66.31,65.16,65.77,670411.83,2026-06-05 12:00:00
1780664400000,65.78,66.78,64.24,64.28,976365.95,2026-06-05 13:00:00
1780668000000,64.28,65.82,63.87,65.23,1423591.17,2026-06-05 14:00:00
1780671600000,65.23,65.3,63.72,64.21,1580122.59,2026-06-05 15:00:00
1780675200000,64.2,65.96,63.11,65.84,2211388.09,2026-06-05 16:00:00
1780678800000,65.83,66.02,64.75,65.06,547441.87,2026-06-05 17:00:00
1780682400000,65.06,65.35,62.57,62.86,1197931.94,2026-06-05 18:00:00
1780686000000,62.86,63.79,61.39,63.38,1563263.67,2026-06-05 19:00:00
1780689600000,63.38,64.78,62.63,64.6,958182.73,2026-06-05 20:00:00
1780693200000,64.6,65.36,64.48,64.84,471158.73,2026-06-05 21:00:00
1780696800000,64.84,64.86,63.73,64.36,667011.5,2026-06-05 22:00:00
1780700400000,64.35,64.75,62.59,63.6,643293.75,2026-06-05 23:00:00
1780704000000,63.6,64.78,63.57,64.62,397249.86,2026-06-06 00:00:00
1780707600000,64.63,64.82,63.73,63.78,409099.18,2026-06-06 01:00:00
1780711200000,63.78,63.89,63.2,63.46,440563.23,2026-06-06 02:00:00
1780714800000,63.46,63.47,62.48,62.79,489096.94,2026-06-06 03:00:00
1780718400000,62.79,63.07,60.27,60.8,1704637.2,2026-06-06 04:00:00
1780722000000,60.81,62.67,60.02,62.55,1678381.49,2026-06-06 05:00:00
1780725600000,62.56,63.31,62.04,62.18,853763.24,2026-06-06 06:00:00
1780729200000,62.19,63.13,62.02,62.74,613232.5,2026-06-06 07:00:00
1780732800000,62.75,63.55,62.46,63.12,496437.05,2026-06-06 08:00:00
1780736400000,63.12,63.53,62.43,62.65,394040.62,2026-06-06 09:00:00
1780740000000,62.65,62.66,61.13,61.78,955574.5,2026-06-06 10:00:00
1780743600000,61.78,62.63,61.7,62.38,420124.56,2026-06-06 11:00:00
1780747200000,62.38,63.05,61.97,62.87,537110.25,2026-06-06 12:00:00
1780750800000,62.88,63.02,62.12,62.39,313327.02,2026-06-06 13:00:00
1780754400000,62.4,62.88,62.26,62.27,312492.75,2026-06-06 14:00:00
1780758000000,62.27,62.44,61.26,62.0,730437.02,2026-06-06 15:00:00
1780761600000,61.99,62.37,61.3,62.08,552251.75,2026-06-06 16:00:00
1780765200000,62.07,62.21,61.41,61.58,520024.7,2026-06-06 17:00:00
1780768800000,61.57,62.12,61.36,61.69,334118.41,2026-06-06 18:00:00
1780772400000,61.69,62.15,61.58,61.58,245502.79,2026-06-06 19:00:00
1780776000000,61.58,61.92,61.31,61.81,352729.05,2026-06-06 20:00:00
1780779600000,61.8,62.33,61.77,61.86,251607.04,2026-06-06 21:00:00
1780783200000,61.85,61.94,61.41,61.68,264649.63,2026-06-06 22:00:00
1780786800000,61.67,62.27,61.63,62.15,205997.92,2026-06-06 23:00:00
1780790400000,62.16,62.61,61.91,62.06,270398.54,2026-06-07 00:00:00
1780794000000,62.05,63.81,61.98,63.62,887480.49,2026-06-07 01:00:00
1780797600000,63.62,63.74,63.02,63.49,446862.81,2026-06-07 02:00:00
1780801200000,63.49,64.18,63.35,63.78,453452.25,2026-06-07 03:00:00
1780804800000,63.78,64.08,63.24,64.04,322652.51,2026-06-07 04:00:00
1780808400000,64.03,64.44,63.84,64.2,634192.9,2026-06-07 05:00:00
1780812000000,64.2,64.95,63.97,64.79,594068.92,2026-06-07 06:00:00
1780815600000,64.78,64.96,64.54,64.87,338729.94,2026-06-07 07:00:00
1780819200000,64.87,65.9,64.43,65.89,762984.11,2026-06-07 08:00:00
1780822800000,65.9,66.04,64.77,64.96,776223.21,2026-06-07 09:00:00
1780826400000,64.97,65.05,64.35,64.6,496142.92,2026-06-07 10:00:00
1780830000000,64.59,65.16,64.46,64.97,374707.59,2026-06-07 11:00:00
1780833600000,64.96,65.03,63.58,64.26,1140899.33,2026-06-07 12:00:00
1780837200000,64.26,64.38,64.02,64.28,241585.08,2026-06-07 13:00:00
1780840800000,64.27,65.29,64.26,64.85,476119.04,2026-06-07 14:00:00
1780844400000,64.85,65.19,64.58,64.93,277277.0,2026-06-07 15:00:00
1780848000000,64.92,65.28,64.69,65.09,328046.56,2026-06-07 16:00:00
1780851600000,65.09,65.58,65.01,65.25,296760.53,2026-06-07 17:00:00
1780855200000,65.26,65.53,64.83,64.9,237048.36,2026-06-07 18:00:00
1780858800000,64.9,64.92,63.56,63.87,684942.96,2026-06-07 19:00:00
1780862400000,63.87,64.74,63.67,64.62,318681.22,2026-06-07 20:00:00
1780866000000,64.63,64.86,64.24,64.55,198826.28,2026-06-07 21:00:00
1780869600000,64.56,67.9,64.45,65.77,1674615.48,2026-06-07 22:00:00
1780873200000,65.77,66.6,65.71,66.46,513768.55,2026-06-07 23:00:00
1780876800000,66.45,67.07,65.97,66.66,504662.5,2026-06-08 00:00:00
1780880400000,66.67,66.75,65.33,66.13,619742.28,2026-06-08 01:00:00
1780884000000,66.13,66.59,66.0,66.4,397777.21,2026-06-08 02:00:00
1780887600000,66.39,66.7,66.12,66.3,275834.49,2026-06-08 03:00:00
1780891200000,66.3,66.37,65.31,65.37,398893.73,2026-06-08 04:00:00
1780894800000,65.37,65.6,64.92,65.28,335506.93,2026-06-08 05:00:00
1780898400000,65.28,65.83,65.23,65.63,355307.3,2026-06-08 06:00:00
1780902000000,65.63,66.18,65.32,66.07,300602.51,2026-06-08 07:00:00
1780905600000,66.06,66.06,65.4,65.57,234714.74,2026-06-08 08:00:00
1780909200000,65.57,66.34,65.55,66.31,355700.02,2026-06-08 09:00:00
1780912800000,66.32,66.41,65.75,66.15,382393.81,2026-06-08 10:00:00
1780916400000,66.16,67.02,65.98,66.64,529644.47,2026-06-08 11:00:00
1780920000000,66.65,67.28,65.9,67.22,744481.79,2026-06-08 12:00:00
1780923600000,67.22,67.24,66.36,66.74,575870.62,2026-06-08 13:00:00
1780927200000,66.74,67.28,66.39,67.24,607234.7,2026-06-08 14:00:00
1780930800000,67.24,67.78,67.01,67.14,763834.36,2026-06-08 15:00:00
1780934400000,67.15,67.72,66.85,66.9,452035.87,2026-06-08 16:00:00
1780938000000,66.91,67.35,66.5,67.34,407358.59,2026-06-08 17:00:00
1780941600000,67.34,67.58,67.11,67.39,252582.79,2026-06-08 18:00:00
1780945200000,67.39,67.78,67.22,67.42,325709.22,2026-06-08 19:00:00
1780948800000,67.42,67.49,66.88,67.44,399515.57,2026-06-08 20:00:00
1780952400000,67.44,68.14,67.37,67.43,339704.11,2026-06-08 21:00:00
1780956000000,67.43,67.43,66.79,67.14,286731.08,2026-06-08 22:00:00
1780959600000,67.14,67.37,66.6,66.79,258628.99,2026-06-08 23:00:00
1780963200000,66.78,66.84,65.23,65.37,1042910.49,2026-06-09 00:00:00
1780966800000,65.37,66.02,65.33,65.93,335152.03,2026-06-09 01:00:00
1780970400000,65.93,66.04,65.48,65.87,202132.01,2026-06-09 02:00:00
1780974000000,65.87,66.06,65.62,65.98,196122.08,2026-06-09 03:00:00
1780977600000,65.97,67.37,65.77,66.97,688976.98,2026-06-09 04:00:00
1780981200000,66.97,67.35,66.67,67.15,391714.57,2026-06-09 05:00:00
1780984800000,67.15,67.44,66.92,67.02,232804.41,2026-06-09 06:00:00
1780988400000,67.02,67.32,66.57,66.85,368168.34,2026-06-09 07:00:00
1780992000000,66.86,66.89,66.35,66.55,445260.37,2026-06-09 08:00:00
1780995600000,66.55,66.79,66.01,66.14,395931.45,2026-06-09 09:00:00
1780999200000,66.14,66.45,65.9,66.37,350098.41,2026-06-09 10:00:00
1781002800000,66.36,66.43,65.85,66.07,310883.47,2026-06-09 11:00:00
1781006400000,66.07,66.48,65.91,66.18,403155.56,2026-06-09 12:00:00
1781010000000,66.18,66.34,65.55,65.8,620745.28,2026-06-09 13:00:00
1781013600000,65.8,65.96,64.36,65.04,1486709.46,2026-06-09 14:00:00
1781017200000,65.04,65.28,64.22,64.29,814552.76,2026-06-09 15:00:00
1781020800000,64.28,64.46,63.51,64.11,1153725.29,2026-06-09 16:00:00
1781024400000,64.12,65.14,64.06,64.76,663722.54,2026-06-09 17:00:00
1781028000000,64.76,65.52,64.63,65.26,409435.11,2026-06-09 18:00:00
1781031600000,65.26,65.63,65.02,65.37,337147.62,2026-06-09 19:00:00
1781035200000,65.38,65.68,65.25,65.58,206855.66,2026-06-09 20:00:00
1781038800000,65.59,65.62,64.83,64.97,208122.57,2026-06-09 21:00:00
1781042400000,64.98,65.33,64.78,64.84,160191.76,2026-06-09 22:00:00
1781046000000,64.84,65.14,64.64,64.92,192378.86,2026-06-09 23:00:00
1781049600000,64.93,65.18,64.44,65.14,203238.94,2026-06-10 00:00:00
1781053200000,65.14,65.26,64.76,65.06,211643.72,2026-06-10 01:00:00
1781056800000,65.06,65.21,64.2,64.27,296459.73,2026-06-10 02:00:00
1781060400000,64.26,64.82,64.23,64.49,174201.66,2026-06-10 03:00:00
1781064000000,64.48,64.61,64.07,64.25,180441.04,2026-06-10 04:00:00
1781067600000,64.26,64.35,63.87,64.08,242304.48,2026-06-10 05:00:00
1781071200000,64.09,64.34,63.78,64.15,302147.44,2026-06-10 06:00:00
1781074800000,64.15,64.74,64.09,64.45,271563.94,2026-06-10 07:00:00
1781078400000,64.46,64.49,63.38,63.58,506385.28,2026-06-10 08:00:00
1781082000000,63.59,63.73,63.02,63.6,418936.72,2026-06-10 09:00:00
1781085600000,63.61,63.75,63.23,63.64,228367.64,2026-06-10 10:00:00
1781089200000,63.65,63.78,62.89,63.46,762659.5,2026-06-10 11:00:00
1781092800000,63.47,64.65,63.26,64.09,880674.14,2026-06-10 12:00:00
1781096400000,64.09,65.51,63.97,65.03,913804.05,2026-06-10 13:00:00
1781100000000,65.04,65.24,64.55,65.02,586759.17,2026-06-10 14:00:00
1781103600000,65.02,65.79,64.51,65.39,836869.93,2026-06-10 15:00:00
1781107200000,65.4,65.44,64.19,64.57,542004.86,2026-06-10 16:00:00
1781110800000,64.58,64.94,63.58,64.0,601829.73,2026-06-10 17:00:00
1781114400000,64.01,64.18,63.31,63.8,434663.52,2026-06-10 18:00:00
1781118000000,63.8,63.9,63.34,63.51,326045.18,2026-06-10 19:00:00
1781121600000,63.51,63.62,63.12,63.28,322621.72,2026-06-10 20:00:00
1781125200000,63.28,63.28,62.29,62.54,443183.47,2026-06-10 21:00:00
1781128800000,62.55,63.03,62.32,62.74,384324.47,2026-06-10 22:00:00
1781132400000,62.73,63.26,62.41,63.16,442641.57,2026-06-10 23:00:00
1781136000000,63.15,63.73,63.15,63.62,264273.27,2026-06-11 00:00:00
1781139600000,63.62,65.14,63.62,64.87,777386.83,2026-06-11 01:00:00
1781143200000,64.87,64.96,64.32,64.49,366831.19,2026-06-11 02:00:00
1781146800000,64.5,65.46,64.29,65.23,547487.46,2026-06-11 03:00:00
1781150400000,65.22,65.32,64.87,65.17,276172.73,2026-06-11 04:00:00
1781154000000,65.18,65.2,64.92,64.94,174057.4,2026-06-11 05:00:00
1781157600000,64.93,65.4,64.78,65.08,337124.48,2026-06-11 06:00:00
1781161200000,65.08,65.15,64.74,65.01,245666.74,2026-06-11 07:00:00
1781164800000,65.0,65.49,65.0,65.27,314790.8,2026-06-11 08:00:00
1781168400000,65.28,65.52,64.99,65.35,461572.47,2026-06-11 09:00:00
1781172000000,65.36,65.61,65.23,65.46,238224.38,2026-06-11 10:00:00
1781175600000,65.46,66.18,65.28,65.85,613601.9,2026-06-11 11:00:00
1781179200000,65.85,65.88,64.85,65.21,1005990.0,2026-06-11 12:00:00
1781182800000,65.22,65.7,65.02,65.49,477019.43,2026-06-11 13:00:00
1781186400000,65.49,65.74,64.94,65.31,371175.03,2026-06-11 14:00:00
1781190000000,65.31,65.83,64.95,65.51,586741.72,2026-06-11 15:00:00
1781193600000,65.51,65.76,65.26,65.34,284009.9,2026-06-11 16:00:00
1781197200000,65.34,67.16,65.0,67.13,1278968.11,2026-06-11 17:00:00
1781200800000,67.12,67.29,66.61,66.77,536184.27,2026-06-11 18:00:00
1781204400000,66.76,67.35,66.55,66.89,417235.53,2026-06-11 19:00:00
1781208000000,66.88,67.0,66.3,66.54,278111.21,2026-06-11 20:00:00
1781211600000,66.54,67.06,66.52,66.87,213133.34,2026-06-11 21:00:00
1781215200000,66.87,67.1,66.82,66.85,144061.08,2026-06-11 22:00:00
1781218800000,66.84,67.08,66.64,66.88,179193.8,2026-06-11 23:00:00
1781222400000,66.87,67.07,66.69,66.81,156487.14,2026-06-12 00:00:00
1781226000000,66.81,66.82,66.37,66.65,219892.68,2026-06-12 01:00:00
1781229600000,66.64,67.25,66.63,67.1,229296.1,2026-06-12 02:00:00
1781233200000,67.09,67.12,66.63,66.98,167510.52,2026-06-12 03:00:00
1781236800000,66.97,67.2,66.79,67.02,149601.64,2026-06-12 04:00:00
1781240400000,67.01,67.05,66.6,66.69,242454.64,2026-06-12 05:00:00
1781244000000,66.69,66.78,65.89,66.07,422243.22,2026-06-12 06:00:00
1781247600000,66.07,66.45,66.07,66.27,262393.15,2026-06-12 07:00:00
1781251200000,66.27,67.02,66.26,66.86,323754.67,2026-06-12 08:00:00
1781254800000,66.86,67.45,66.79,67.14,358182.74,2026-06-12 09:00:00
1781258400000,67.13,67.32,66.55,66.75,315800.11,2026-06-12 10:00:00
1781262000000,66.76,67.07,66.74,66.89,145385.96,2026-06-12 11:00:00
1781265600000,66.9,66.96,66.59,66.74,251094.36,2026-06-12 12:00:00
1781269200000,66.74,66.97,66.33,66.67,523353.28,2026-06-12 13:00:00
1781272800000,66.68,67.96,66.58,67.88,782785.47,2026-06-12 14:00:00
1781276400000,67.88,68.76,67.12,67.2,1313621.91,2026-06-12 15:00:00
1781280000000,67.21,67.97,67.02,67.97,574966.7,2026-06-12 16:00:00
1781283600000,67.96,68.17,67.22,67.35,350961.21,2026-06-12 17:00:00
1781287200000,67.35,67.44,66.95,67.03,299785.32,2026-06-12 18:00:00
1781290800000,67.03,67.36,66.63,66.73,324929.32,2026-06-12 19:00:00
1781294400000,66.74,66.8,66.46,66.64,253152.19,2026-06-12 20:00:00
1781298000000,66.64,66.9,66.42,66.52,122277.73,2026-06-12 21:00:00
1781301600000,66.53,66.72,66.41,66.59,131178.34,2026-06-12 22:00:00
1781305200000,66.6,66.85,66.43,66.77,141016.2,2026-06-12 23:00:00
1781308800000,66.77,67.05,66.73,66.95,128098.33,2026-06-13 00:00:00
1781312400000,66.95,67.48,66.94,67.4,187059.56,2026-06-13 01:00:00
1781316000000,67.41,67.46,66.82,66.93,163950.86,2026-06-13 02:00:00
1781319600000,66.93,67.03,66.63,66.83,192925.81,2026-06-13 03:00:00
1781323200000,66.84,66.93,66.6,66.63,112798.42,2026-06-13 04:00:00
1781326800000,66.63,66.85,66.46,66.75,242102.37,2026-06-13 05:00:00
1781330400000,66.75,67.19,66.62,67.11,168170.08,2026-06-13 06:00:00
1781334000000,67.11,67.44,66.92,67.34,311888.88,2026-06-13 07:00:00
1781337600000,67.33,67.52,67.22,67.28,279445.74,2026-06-13 08:00:00
1781341200000,67.28,67.49,67.24,67.32,153978.36,2026-06-13 09:00:00
1781344800000,67.33,67.58,67.28,67.39,122882.08,2026-06-13 10:00:00
1781348400000,67.38,67.92,67.33,67.87,247911.87,2026-06-13 11:00:00
1781352000000,67.87,68.03,67.73,67.93,216617.05,2026-06-13 12:00:00
1781355600000,67.92,68.26,67.79,67.96,286306.72,2026-06-13 13:00:00
1781359200000,67.97,68.39,67.94,68.24,184459.21,2026-06-13 14:00:00
1781362800000,68.25,68.67,68.12,68.54,320808.78,2026-06-13 15:00:00
1781366400000,68.55,68.57,67.78,68.03,429060.22,2026-06-13 16:00:00
1781370000000,68.03,68.23,67.79,67.95,212559.48,2026-06-13 17:00:00
1781373600000,67.95,68.33,67.92,68.08,98566.11,2026-06-13 18:00:00
1781377200000,68.07,68.35,67.96,68.18,128169.14,2026-06-13 19:00:00
1781380800000,68.17,68.24,68.0,68.24,63554.08,2026-06-13 20:00:00
1781384400000,68.24,69.56,68.18,69.21,484912.28,2026-06-13 21:00:00
1781388000000,69.22,69.24,68.83,68.84,233990.52,2026-06-13 22:00:00
1781391600000,68.85,69.14,68.74,68.88,145790.09,2026-06-13 23:00:00
1781395200000,68.88,68.88,68.58,68.71,130758.44,2026-06-14 00:00:00
1781398800000,68.72,69.05,68.58,68.76,209588.31,2026-06-14 01:00:00
1781402400000,68.76,69.05,68.67,68.78,130643.95,2026-06-14 02:00:00
1781406000000,68.77,69.0,68.7,68.9,126661.5,2026-06-14 03:00:00
1781409600000,68.9,68.96,68.37,68.49,229591.76,2026-06-14 04:00:00
1781413200000,68.49,68.55,67.98,68.21,351909.75,2026-06-14 05:00:00
1781416800000,68.22,68.46,68.06,68.16,148382.52,2026-06-14 06:00:00
1781420400000,68.16,68.22,67.99,68.18,105373.6,2026-06-14 07:00:00
1781424000000,68.18,68.32,68.07,68.21,102560.85,2026-06-14 08:00:00
1781427600000,68.22,68.45,67.86,68.44,157546.83,2026-06-14 09:00:00
1781431200000,68.44,68.48,68.1,68.12,166336.33,2026-06-14 10:00:00
1781434800000,68.12,68.3,67.98,68.06,117357.65,2026-06-14 11:00:00
1781438400000,68.06,68.13,67.66,67.74,230085.63,2026-06-14 12:00:00
1781442000000,67.74,67.83,67.44,67.73,307543.6,2026-06-14 13:00:00
1781445600000,67.73,67.79,66.9,67.21,440430.68,2026-06-14 14:00:00
1781449200000,67.21,67.54,67.21,67.38,227680.14,2026-06-14 15:00:00
1781452800000,67.38,67.71,67.37,67.44,198915.89,2026-06-14 16:00:00
1781456400000,67.44,67.69,67.26,67.28,142360.93,2026-06-14 17:00:00
1781460000000,67.28,67.45,67.14,67.37,117088.92,2026-06-14 18:00:00
1781463600000,67.36,67.7,67.28,67.51,123559.0,2026-06-14 19:00:00
1781467200000,67.52,68.03,67.39,67.74,147078.53,2026-06-14 20:00:00
1781470800000,67.75,70.5,67.75,70.11,1001037.22,2026-06-14 21:00:00
1781474400000,70.11,70.7,69.57,70.39,715584.64,2026-06-14 22:00:00
1781478000000,70.39,71.24,70.11,71.24,658850.66,2026-06-14 23:00:00
1781481600000,71.24,71.68,70.9,71.1,678885.48,2026-06-15 00:00:00
1781485200000,71.1,71.31,70.63,70.98,303351.23,2026-06-15 01:00:00
1781488800000,70.98,71.55,70.86,70.95,325593.31,2026-06-15 02:00:00
1781492400000,70.94,71.33,70.86,71.19,189756.65,2026-06-15 03:00:00
1781496000000,71.2,71.24,70.84,70.89,193561.98,2026-06-15 04:00:00
1781499600000,70.88,71.27,70.77,71.16,199440.63,2026-06-15 05:00:00
1781503200000,71.16,71.45,71.06,71.3,250015.26,2026-06-15 06:00:00
1781506800000,71.31,71.46,71.08,71.23,219593.34,2026-06-15 07:00:00
1781510400000,71.23,71.57,71.12,71.25,306401.29,2026-06-15 08:00:00
1781514000000,71.24,71.42,70.75,71.16,275512.11,2026-06-15 09:00:00
1781517600000,71.16,72.11,71.13,71.83,662532.09,2026-06-15 10:00:00
1781521200000,71.82,72.8,71.61,72.55,960191.33,2026-06-15 11:00:00
1781524800000,72.56,72.97,72.26,72.79,587653.83,2026-06-15 12:00:00
1781528400000,72.79,74.2,72.67,73.6,1308823.71,2026-06-15 13:00:00
1781532000000,73.6,73.93,73.16,73.76,445526.25,2026-06-15 14:00:00
1781535600000,73.75,75.21,73.73,75.2,919293.39,2026-06-15 15:00:00
1781539200000,75.2,76.05,74.91,75.43,1078737.43,2026-06-15 16:00:00
1781542800000,75.43,75.44,74.63,75.25,742610.58,2026-06-15 17:00:00
1781546400000,75.24,75.64,75.07,75.26,319659.04,2026-06-15 18:00:00
1781550000000,75.25,75.76,74.51,75.23,571171.21,2026-06-15 19:00:00
1781553600000,75.22,75.41,74.7,74.91,237451.85,2026-06-15 20:00:00
1781557200000,74.9,74.99,74.26,74.42,267483.4,2026-06-15 21:00:00
1781560800000,74.42,74.55,73.57,73.73,394980.44,2026-06-15 22:00:00
1781564400000,73.73,74.03,73.58,73.94,217698.44,2026-06-15 23:00:00
1781568000000,73.93,74.36,73.81,73.97,256076.29,2026-06-16 00:00:00
1781571600000,73.98,74.3,73.8,73.82,169868.28,2026-06-16 01:00:00
1781575200000,73.83,73.84,72.72,72.97,582093.17,2026-06-16 02:00:00
1781578800000,72.98,73.78,72.82,73.69,454900.4,2026-06-16 03:00:00
1781582400000,73.7,73.91,73.14,73.33,410928.55,2026-06-16 04:00:00
1781586000000,73.33,73.79,73.32,73.61,273975.82,2026-06-16 05:00:00
1781589600000,73.61,74.27,73.61,74.12,377041.37,2026-06-16 06:00:00
1781593200000,74.13,74.49,74.07,74.41,355708.51,2026-06-16 07:00:00
1781596800000,74.41,75.61,74.29,75.35,705988.23,2026-06-16 08:00:00
1781600400000,75.34,75.42,74.76,74.79,477423.72,2026-06-16 09:00:00
1781604000000,74.8,75.07,74.62,74.64,244839.36,2026-06-16 10:00:00
1781607600000,74.64,74.85,74.33,74.62,375971.89,2026-06-16 11:00:00
1781611200000,74.63,75.51,74.44,74.89,728270.31,2026-06-16 12:00:00
1781614800000,74.9,74.93,73.81,73.94,747292.09,2026-06-16 13:00:00
1781618400000,73.95,74.26,72.28,72.92,1263356.38,2026-06-16 14:00:00
1781622000000,72.93,73.63,72.82,73.25,518318.86,2026-06-16 15:00:00
1781625600000,73.25,73.44,72.96,73.05,357619.43,2026-06-16 16:00:00
1781629200000,73.06,73.8,73.01,73.63,250861.5,2026-06-16 17:00:00
1781632800000,73.64,74.31,73.53,73.96,501863.19,2026-06-16 18:00:00
1781636400000,73.97,74.19,73.45,73.81,224189.2,2026-06-16 19:00:00
1781640000000,73.8,74.2,73.63,74.1,142424.58,2026-06-16 20:00:00
1781643600000,74.11,74.15,73.69,73.88,135440.12,2026-06-16 21:00:00
1781647200000,73.89,74.08,73.57,73.79,140783.4,2026-06-16 22:00:00
1781650800000,73.79,73.93,73.37,73.5,112997.2,2026-06-16 23:00:00
1781654400000,73.5,73.75,73.25,73.32,211722.7,2026-06-17 00:00:00
1781658000000,73.33,73.97,73.1,73.89,312561.52,2026-06-17 01:00:00
1781661600000,73.89,74.42,73.63,74.0,322346.0,2026-06-17 02:00:00
1781665200000,74.01,74.01,73.47,73.64,139798.94,2026-06-17 03:00:00
1781668800000,73.65,74.08,73.55,73.8,170515.54,2026-06-17 04:00:00
1781672400000,73.8,73.96,73.38,73.6,173241.24,2026-06-17 05:00:00
1781676000000,73.6,73.8,73.13,73.37,317419.42,2026-06-17 06:00:00
1781679600000,73.37,73.57,72.89,73.23,411527.94,2026-06-17 07:00:00
1781683200000,73.23,73.26,72.12,72.29,869113.4,2026-06-17 08:00:00
1781686800000,72.3,72.63,72.26,72.49,269439.95,2026-06-17 09:00:00
1781690400000,72.5,72.65,72.06,72.1,212801.61,2026-06-17 10:00:00
1781694000000,72.1,72.2,71.66,71.98,469008.24,2026-06-17 11:00:00
1781697600000,71.98,72.31,71.53,72.29,569415.77,2026-06-17 12:00:00
1781701200000,72.28,72.72,72.1,72.37,543198.43,2026-06-17 13:00:00
1781704800000,72.36,72.62,71.78,72.32,564679.4,2026-06-17 14:00:00
1781708400000,72.33,73.84,72.31,73.77,763573.42,2026-06-17 15:00:00
1781712000000,73.77,74.65,73.67,73.74,677110.81,2026-06-17 16:00:00
1781715600000,73.74,74.3,73.41,74.16,350917.45,2026-06-17 17:00:00
1781719200000,74.16,74.34,72.13,73.45,1679835.74,2026-06-17 18:00:00
1781722800000,73.45,73.67,71.36,71.62,1193876.72,2026-06-17 19:00:00
1781726400000,71.61,72.2,71.5,72.15,416781.04,2026-06-17 20:00:00
1781730000000,72.15,72.18,71.27,71.58,217561.15,2026-06-17 21:00:00
1781733600000,71.58,71.9,70.76,71.65,357013.24,2026-06-17 22:00:00
1781737200000,71.66,72.09,71.63,71.99,147733.93,2026-06-17 23:00:00
1781740800000,72.0,72.47,71.97,72.18,283045.17,2026-06-18 00:00:00
1781744400000,72.17,72.59,72.04,72.18,253263.7,2026-06-18 01:00:00
1781748000000,72.19,72.64,72.01,72.48,284578.22,2026-06-18 02:00:00
1781751600000,72.47,72.49,71.45,71.61,436358.27,2026-06-18 03:00:00
1781755200000,71.6,71.67,70.85,71.02,599140.37,2026-06-18 04:00:00
1781758800000,71.01,71.1,70.58,71.08,378467.25,2026-06-18 05:00:00
1781762400000,71.07,71.36,70.93,71.29,257154.92,2026-06-18 06:00:00
1781766000000,71.3,71.79,71.1,71.72,301896.8,2026-06-18 07:00:00
1781769600000,71.72,72.02,71.57,71.82,270668.59,2026-06-18 08:00:00
1781773200000,71.81,72.12,71.7,71.8,209932.02,2026-06-18 09:00:00
1781776800000,71.79,71.81,71.03,71.35,509813.95,2026-06-18 10:00:00
1781780400000,71.34,71.52,70.67,70.89,382349.09,2026-06-18 11:00:00
1781784000000,70.88,71.58,70.83,71.51,231779.19,2026-06-18 12:00:00
1781787600000,71.52,71.76,70.66,71.01,561604.9,2026-06-18 13:00:00
1781791200000,71.01,71.68,70.64,71.03,566852.87,2026-06-18 14:00:00
1781794800000,71.04,71.07,68.33,68.42,2191927.44,2026-06-18 15:00:00
1781798400000,68.41,69.12,68.36,69.03,827110.69,2026-06-18 16:00:00
1781802000000,69.04,69.13,68.47,68.61,442264.84,2026-06-18 17:00:00
1781805600000,68.61,68.95,68.18,68.62,446230.95,2026-06-18 18:00:00
1781809200000,68.62,69.49,68.53,69.34,367117.3,2026-06-18 19:00:00
1781812800000,69.35,69.92,69.34,69.79,282792.49,2026-06-18 20:00:00
1781816400000,69.78,69.86,69.34,69.53,192932.89,2026-06-18 21:00:00
1781820000000,69.52,69.65,69.21,69.47,193069.34,2026-06-18 22:00:00
1781823600000,69.47,69.76,69.23,69.68,120485.01,2026-06-18 23:00:00
1781827200000,69.67,69.86,69.52,69.76,133846.85,2026-06-19 00:00:00
1781830800000,69.75,69.99,69.51,69.89,162206.59,2026-06-19 01:00:00
1781834400000,69.89,70.05,69.38,69.64,186623.56,2026-06-19 02:00:00
1781838000000,69.63,69.71,68.57,69.02,651747.65,2026-06-19 03:00:00
1781841600000,69.02,69.24,68.14,68.29,476892.4,2026-06-19 04:00:00
1781845200000,68.29,68.72,68.27,68.66,326484.06,2026-06-19 05:00:00
1781848800000,68.66,68.81,68.43,68.71,244309.52,2026-06-19 06:00:00
1781852400000,68.72,68.74,67.8,68.34,499466.68,2026-06-19 07:00:00
1781856000000,68.34,68.71,68.19,68.64,252816.04,2026-06-19 08:00:00
1781859600000,68.64,68.71,68.16,68.27,224861.41,2026-06-19 09:00:00
1781863200000,68.28,68.44,68.0,68.26,232871.51,2026-06-19 10:00:00
1781866800000,68.26,68.44,68.04,68.21,155920.03,2026-06-19 11:00:00
1781870400000,68.21,68.68,67.87,68.57,421315.1,2026-06-19 12:00:00
1781874000000,68.57,69.54,68.35,69.22,769902.66,2026-06-19 13:00:00
1781877600000,69.21,69.43,68.78,69.08,524958.27,2026-06-19 14:00:00
1781881200000,69.09,69.49,68.88,69.29,357901.58,2026-06-19 15:00:00
1781884800000,69.28,69.53,68.64,68.67,286111.67,2026-06-19 16:00:00
1781888400000,68.66,69.48,68.55,69.28,276476.73,2026-06-19 17:00:00
1781892000000,69.28,69.33,68.76,69.02,115266.15,2026-06-19 18:00:00
1781895600000,69.01,69.1,68.74,68.92,106063.33,2026-06-19 19:00:00
1781899200000,68.93,69.27,68.68,69.2,162898.79,2026-06-19 20:00:00
1781902800000,69.21,69.25,68.85,68.97,104759.7,2026-06-19 21:00:00
1781906400000,68.98,69.41,68.94,69.38,144106.52,2026-06-19 22:00:00
1781910000000,69.38,69.83,69.19,69.69,276394.09,2026-06-19 23:00:00
1781913600000,69.68,70.1,69.56,69.58,371643.88,2026-06-20 00:00:00
1781917200000,69.57,69.9,69.5,69.76,136311.87,2026-06-20 01:00:00
1781920800000,69.75,69.82,69.43,69.6,170948.38,2026-06-20 02:00:00
1781924400000,69.59,70.06,69.58,69.96,221643.77,2026-06-20 03:00:00
1781928000000,69.96,71.05,69.84,70.82,587995.39,2026-06-20 04:00:00
1781931600000,70.82,72.45,70.66,71.75,1074774.83,2026-06-20 05:00:00
1781935200000,71.75,72.34,71.66,72.07,508161.22,2026-06-20 06:00:00
1781938800000,72.07,72.09,71.35,71.56,490023.39,2026-06-20 07:00:00
1781942400000,71.56,71.61,71.21,71.3,250876.4,2026-06-20 08:00:00
1781946000000,71.29,71.59,71.15,71.51,212260.0,2026-06-20 09:00:00
1781949600000,71.51,71.72,71.36,71.64,207881.2,2026-06-20 10:00:00
1781953200000,71.63,72.06,71.4,71.74,311639.21,2026-06-20 11:00:00
1781956800000,71.74,71.89,71.35,71.5,251417.01,2026-06-20 12:00:00
1781960400000,71.5,71.55,70.64,71.15,555697.93,2026-06-20 13:00:00
1781964000000,71.15,72.16,70.43,71.9,870664.23,2026-06-20 14:00:00
1781967600000,71.9,72.59,71.6,71.99,729653.29,2026-06-20 15:00:00
1781971200000,72.0,72.03,71.29,71.64,342779.02,2026-06-20 16:00:00
1781974800000,71.63,71.64,71.05,71.53,308743.67,2026-06-20 17:00:00
1781978400000,71.53,71.95,71.49,71.72,248301.91,2026-06-20 18:00:00
1781982000000,71.71,71.88,71.55,71.82,170261.13,2026-06-20 19:00:00
1781985600000,71.82,72.03,71.66,71.98,117809.08,2026-06-20 20:00:00
1781989200000,71.97,72.42,71.92,72.35,203948.27,2026-06-20 21:00:00
1781992800000,72.35,74.26,72.31,73.52,987057.33,2026-06-20 22:00:00
1781996400000,73.53,73.6,73.17,73.19,258203.67,2026-06-20 23:00:00
1782000000000,73.19,73.24,72.92,73.15,356604.84,2026-06-21 00:00:00
1782003600000,73.15,73.27,72.84,73.14,245555.42,2026-06-21 01:00:00
1782007200000,73.14,73.35,73.03,73.29,163607.99,2026-06-21 02:00:00
1782010800000,73.29,73.82,73.07,73.58,433714.4,2026-06-21 03:00:00
1782014400000,73.58,73.8,73.34,73.4,262577.67,2026-06-21 04:00:00
1782018000000,73.4,73.48,72.96,73.05,331070.9,2026-06-21 05:00:00
1782021600000,73.04,73.33,73.0,73.21,158260.61,2026-06-21 06:00:00
1782025200000,73.21,73.41,73.09,73.18,313999.53,2026-06-21 07:00:00
1782028800000,73.18,73.22,72.7,73.12,340931.71,2026-06-21 08:00:00
1782032400000,73.12,74.07,73.03,73.99,554690.05,2026-06-21 09:00:00
1782036000000,74.0,74.37,73.82,73.85,381932.45,2026-06-21 10:00:00
1782039600000,73.85,73.98,73.03,73.17,507091.71,2026-06-21 11:00:00
1782043200000,73.16,73.71,72.87,73.6,484128.95,2026-06-21 12:00:00
1782046800000,73.61,73.91,73.43,73.87,431250.2,2026-06-21 13:00:00
1782050400000,73.87,74.12,73.59,74.06,303667.62,2026-06-21 14:00:00
1782054000000,74.07,74.26,73.86,74.11,349854.2,2026-06-21 15:00:00
1782057600000,74.1,74.66,73.74,74.3,547824.71,2026-06-21 16:00:00
1782061200000,74.29,74.6,73.99,74.2,412603.24,2026-06-21 17:00:00
1782064800000,74.2,74.41,73.82,74.17,399028.45,2026-06-21 18:00:00
1782068400000,74.17,74.44,74.07,74.38,181087.47,2026-06-21 19:00:00
1782072000000,74.38,74.52,73.23,73.39,534124.02,2026-06-21 20:00:00
1782075600000,73.39,73.42,72.36,73.09,937211.28,2026-06-21 21:00:00
1782079200000,73.09,73.22,72.57,73.01,341531.97,2026-06-21 22:00:00
1782082800000,73.0,73.05,72.22,72.42,602253.12,2026-06-21 23:00:00
1782086400000,72.41,73.57,72.4,73.34,634144.76,2026-06-22 00:00:00
1782090000000,73.34,75.0,73.22,74.32,1124417.46,2026-06-22 01:00:00
1782093600000,74.33,74.42,73.72,73.79,345119.5,2026-06-22 02:00:00
1782097200000,73.79,74.03,73.24,73.48,467602.0,2026-06-22 03:00:00
1782100800000,73.48,73.87,73.31,73.83,266649.38,2026-06-22 04:00:00
1782104400000,73.83,74.14,73.75,73.89,309998.57,2026-06-22 05:00:00
1782108000000,73.9,74.18,73.51,73.67,291455.98,2026-06-22 06:00:00
1782111600000,73.67,74.45,73.62,74.07,318236.92,2026-06-22 07:00:00
1782115200000,74.07,74.29,73.67,73.85,275081.13,2026-06-22 08:00:00
1782118800000,73.85,73.99,73.53,73.76,197639.18,2026-06-22 09:00:00
1782122400000,73.75,73.99,73.55,73.74,182639.71,2026-06-22 10:00:00
1782126000000,73.74,74.4,73.61,74.14,629822.28,2026-06-22 11:00:00
1782129600000,74.15,74.53,73.99,74.38,474573.05,2026-06-22 12:00:00
1782133200000,74.38,74.94,74.2,74.93,737294.69,2026-06-22 13:00:00
1782136800000,74.94,74.96,73.14,73.4,923459.34,2026-06-22 14:00:00
1782140400000,73.4,73.74,72.93,73.09,690169.9,2026-06-22 15:00:00
1782144000000,73.1,73.17,72.5,72.9,721231.14,2026-06-22 16:00:00
1782147600000,72.89,73.29,72.59,73.24,266779.42,2026-06-22 17:00:00
1782151200000,73.24,73.53,72.53,72.6,507637.59,2026-06-22 18:00:00
1782154800000,72.6,72.77,72.41,72.66,435775.21,2026-06-22 19:00:00
1782158400000,72.66,72.93,72.45,72.79,147843.25,2026-06-22 20:00:00
1782162000000,72.79,72.85,72.24,72.7,220427.97,2026-06-22 21:00:00
1782165600000,72.7,72.92,71.29,72.05,806774.08,2026-06-22 22:00:00
1782169200000,72.05,72.12,71.76,71.91,212285.68,2026-06-22 23:00:00
1782172800000,71.9,71.96,71.41,71.83,325973.95,2026-06-23 00:00:00
1782176400000,71.83,71.99,71.25,71.66,337757.82,2026-06-23 01:00:00
1782180000000,71.65,72.0,71.5,71.94,240444.22,2026-06-23 02:00:00
1782183600000,71.94,71.96,71.64,71.94,255085.53,2026-06-23 03:00:00
1782187200000,71.95,71.98,71.32,71.41,275887.55,2026-06-23 04:00:00
1782190800000,71.42,71.55,70.87,71.0,573725.03,2026-06-23 05:00:00
1782194400000,71.0,71.04,69.61,70.29,1549755.28,2026-06-23 06:00:00
1782198000000,70.28,70.51,69.92,69.95,373243.02,2026-06-23 07:00:00
1782201600000,69.96,70.07,68.07,68.65,1885002.01,2026-06-23 08:00:00
1782205200000,68.65,68.99,68.62,68.86,409492.25,2026-06-23 09:00:00
1782208800000,68.86,69.17,68.55,68.77,310119.13,2026-06-23 10:00:00
1782212400000,68.77,69.29,68.77,69.24,430902.09,2026-06-23 11:00:00
1782216000000,69.25,69.33,68.78,68.9,294977.53,2026-06-23 12:00:00
1782219600000,68.91,69.33,68.58,69.15,760989.6,2026-06-23 13:00:00
1782223200000,69.15,69.63,69.02,69.14,708667.99,2026-06-23 14:00:00
1782226800000,69.15,69.15,68.32,68.88,553948.92,2026-06-23 15:00:00
1782230400000,68.88,69.37,68.76,68.84,430937.46,2026-06-23 16:00:00
1782234000000,68.83,69.14,68.58,68.73,217953.42,2026-06-23 17:00:00
1782237600000,68.73,69.0,68.63,68.85,191893.73,2026-06-23 18:00:00
1782241200000,68.85,69.07,68.69,68.79,191920.99,2026-06-23 19:00:00
1782244800000,68.8,69.02,68.78,68.97,84444.76,2026-06-23 20:00:00
1782248400000,68.97,69.27,68.92,69.22,134083.66,2026-06-23 21:00:00
1782252000000,69.22,69.79,69.2,69.51,293997.0,2026-06-23 22:00:00
1782255600000,69.5,69.77,69.25,69.65,239207.95,2026-06-23 23:00:00
1782259200000,69.65,70.09,69.53,69.94,325005.06,2026-06-24 00:00:00
1782262800000,69.95,70.35,69.61,70.04,331296.7,2026-06-24 01:00:00
1782266400000,70.04,70.1,69.36,69.41,362790.49,2026-06-24 02:00:00
1782270000000,69.41,69.73,69.04,69.52,382015.95,2026-06-24 03:00:00
1782273600000,69.52,69.64,68.9,69.54,305629.39,2026-06-24 04:00:00
1782277200000,69.53,70.17,69.47,69.88,317099.39,2026-06-24 05:00:00
1782280800000,69.88,69.99,69.64,69.68,216964.79,2026-06-24 06:00:00
1782284400000,69.68,69.74,69.23,69.33,297538.94,2026-06-24 07:00:00
1782288000000,69.33,69.58,69.18,69.43,289573.93,2026-06-24 08:00:00
1782291600000,69.42,69.5,69.16,69.27,278104.78,2026-06-24 09:00:00
1782295200000,69.26,69.31,68.9,69.0,349369.95,2026-06-24 10:00:00
1782298800000,69.01,70.42,68.73,69.78,925613.74,2026-06-24 11:00:00
1782302400000,69.77,69.88,69.36,69.41,347413.55,2026-06-24 12:00:00
1782306000000,69.41,69.45,68.32,68.82,1963802.39,2026-06-24 13:00:00
1782309600000,68.82,69.39,68.54,68.82,969851.95,2026-06-24 14:00:00
1782313200000,68.82,68.85,67.2,67.28,1372753.25,2026-06-24 15:00:00
1782316800000,67.28,68.0,66.21,66.48,2248898.92,2026-06-24 16:00:00
1782320400000,66.48,66.88,64.65,64.91,2011710.12,2026-06-24 17:00:00
1782324000000,64.92,66.45,64.77,65.98,959977.41,2026-06-24 18:00:00
1782327600000,65.99,66.33,65.49,66.08,562556.77,2026-06-24 19:00:00
1782331200000,66.08,67.97,65.93,67.64,1103987.91,2026-06-24 20:00:00
1782334800000,67.63,68.08,67.17,68.03,426217.11,2026-06-24 21:00:00
1782338400000,68.02,68.57,67.64,67.79,358231.82,2026-06-24 22:00:00
1782342000000,67.79,68.15,67.7,68.08,170817.27,2026-06-24 23:00:00
1782345600000,68.08,68.28,67.41,67.66,307897.12,2026-06-25 00:00:00
1782349200000,67.66,67.97,67.35,67.83,249405.18,2026-06-25 01:00:00
1782352800000,67.83,67.9,67.56,67.69,164859.05,2026-06-25 02:00:00
1782356400000,67.69,67.83,67.42,67.63,194391.17,2026-06-25 03:00:00
1782360000000,67.64,68.49,67.44,68.41,462334.77,2026-06-25 04:00:00
1782363600000,68.42,69.26,68.31,68.98,947464.09,2026-06-25 05:00:00
1782367200000,68.99,69.62,68.96,69.42,460427.58,2026-06-25 06:00:00
1782370800000,69.43,69.54,69.18,69.4,288610.76,2026-06-25 07:00:00
1782374400000,69.4,69.4,68.94,69.01,281184.01,2026-06-25 08:00:00
1782378000000,69.02,69.14,68.76,68.79,216970.66,2026-06-25 09:00:00
1782381600000,68.79,68.85,68.09,68.26,456615.72,2026-06-25 10:00:00
1782385200000,68.25,68.41,67.96,68.13,411320.12,2026-06-25 11:00:00
1782388800000,68.14,68.89,67.71,68.25,847205.44,2026-06-25 12:00:00
1782392400000,68.26,68.42,63.98,64.19,2836020.57,2026-06-25 13:00:00
1782396000000,64.19,67.11,64.18,66.3,3064744.56,2026-06-25 14:00:00
1782399600000,66.31,66.35,65.19,66.27,918933.53,2026-06-25 15:00:00
1782403200000,66.27,66.99,65.59,65.91,787318.64,2026-06-25 16:00:00
1782406800000,65.92,67.34,65.77,67.09,974158.84,2026-06-25 17:00:00
1782410400000,67.08,67.11,65.87,66.15,674169.15,2026-06-25 18:00:00
1782414000000,66.16,66.18,65.6,66.16,472610.54,2026-06-25 19:00:00
1782417600000,66.16,66.76,66.03,66.23,401773.77,2026-06-25 20:00:00
1782421200000,66.24,67.27,66.23,67.24,283302.84,2026-06-25 21:00:00
1782424800000,67.24,67.3,66.89,67.1,221060.78,2026-06-25 22:00:00
1782428400000,67.1,68.79,66.95,67.67,892496.69,2026-06-25 23:00:00
1782432000000,67.67,68.07,67.58,67.69,357839.38,2026-06-26 00:00:00
1782435600000,67.69,67.88,67.09,67.28,410700.05,2026-06-26 01:00:00
1782439200000,67.28,67.32,65.87,66.16,1073020.68,2026-06-26 02:00:00
1782442800000,66.17,68.46,65.89,68.17,1382926.78,2026-06-26 03:00:00
1782446400000,68.17,68.35,67.92,68.03,586210.54,2026-06-26 04:00:00
1782450000000,68.04,68.47,67.95,68.32,445342.52,2026-06-26 05:00:00
1782453600000,68.32,70.01,67.95,69.97,1528834.38,2026-06-26 06:00:00
1782457200000,69.98,70.97,69.89,70.74,1359228.45,2026-06-26 07:00:00
1782460800000,70.75,70.84,69.68,69.89,977000.73,2026-06-26 08:00:00
1782464400000,69.9,69.92,68.81,68.97,752340.31,2026-06-26 09:00:00
1782468000000,68.98,69.22,68.61,68.75,487958.1,2026-06-26 10:00:00
1782471600000,68.74,69.08,68.35,68.58,422805.55,2026-06-26 11:00:00
1782475200000,68.58,69.72,68.33,68.82,1090505.18,2026-06-26 12:00:00
1782478800000,68.83,70.91,68.14,70.67,1736203.48,2026-06-26 13:00:00
1782482400000,70.68,71.97,70.2,70.42,2255150.71,2026-06-26 14:00:00
1782486000000,70.42,72.2,70.27,72.01,1422240.05,2026-06-26 15:00:00
1782489600000,72.01,73.6,71.97,72.45,2331116.61,2026-06-26 16:00:00
1782493200000,72.45,72.85,72.13,72.54,604516.37,2026-06-26 17:00:00
1782496800000,72.55,73.08,72.34,72.57,486921.14,2026-06-26 18:00:00
1782500400000,72.57,73.9,72.45,72.98,1004310.17,2026-06-26 19:00:00
1782504000000,72.98,73.65,72.03,72.15,920494.91,2026-06-26 20:00:00
1782507600000,72.15,72.36,71.74,71.94,584112.74,2026-06-26 21:00:00
1782511200000,71.94,72.06,71.4,71.78,389564.13,2026-06-26 22:00:00
1782514800000,71.78,71.98,71.64,71.86,182964.97,2026-06-26 23:00:00
1782518400000,71.87,72.7,71.51,71.78,668619.86,2026-06-27 00:00:00
1782522000000,71.79,71.79,71.31,71.4,294413.95,2026-06-27 01:00:00
1782525600000,71.4,72.23,71.35,72.08,443611.46,2026-06-27 02:00:00
1782529200000,72.07,72.37,71.79,72.21,319778.7,2026-06-27 03:00:00
1782532800000,72.21,72.55,71.82,71.89,304991.73,2026-06-27 04:00:00
1782536400000,71.88,71.98,71.47,71.77,319575.82,2026-06-27 05:00:00
1782540000000,71.76,72.3,71.58,72.08,321118.59,2026-06-27 06:00:00
1782543600000,72.09,72.32,71.96,72.26,214047.21,2026-06-27 07:00:00
1782547200000,72.26,72.29,71.83,71.99,304102.18,2026-06-27 08:00:00
1782550800000,72.0,72.08,71.67,71.83,183656.22,2026-06-27 09:00:00
1782554400000,71.84,72.02,71.79,72.0,145019.1,2026-06-27 10:00:00
1782558000000,71.99,72.05,71.49,71.77,228222.7,2026-06-27 11:00:00
1782561600000,71.76,72.14,71.6,72.12,183849.13,2026-06-27 12:00:00
1782565200000,72.13,72.59,72.07,72.32,353342.32,2026-06-27 13:00:00
1782568800000,72.32,72.87,72.15,72.66,514047.06,2026-06-27 14:00:00
1782572400000,72.66,73.16,72.56,72.8,567981.28,2026-06-27 15:00:00
1782576000000,72.8,72.98,72.59,72.6,233985.96,2026-06-27 16:00:00
1782579600000,72.6,72.61,71.86,72.0,632988.22,2026-06-27 17:00:00
1782583200000,72.0,72.15,71.72,71.88,240553.62,2026-06-27 18:00:00
1782586800000,71.87,71.98,70.92,71.06,676537.49,2026-06-27 19:00:00
1782590400000,71.06,71.32,71.05,71.27,165102.81,2026-06-27 20:00:00
1782594000000,71.28,71.6,70.75,70.95,338442.91,2026-06-27 21:00:00
1782597600000,70.94,71.06,70.2,71.03,528765.96,2026-06-27 22:00:00
1782601200000,71.04,71.11,70.37,70.46,340743.35,2026-06-27 23:00:00
1782604800000,70.45,70.77,70.42,70.67,208476.75,2026-06-28 00:00:00
1782608400000,70.67,70.88,70.39,70.79,206502.19,2026-06-28 01:00:00
1782612000000,70.79,70.97,70.44,70.67,273639.98,2026-06-28 02:00:00
1782615600000,70.67,70.93,70.67,70.82,179555.63,2026-06-28 03:00:00
1782619200000,70.81,70.95,70.51,70.73,202407.83,2026-06-28 04:00:00
1782622800000,70.72,70.73,70.1,70.5,421945.65,2026-06-28 05:00:00
1782626400000,70.5,70.54,70.13,70.42,233204.87,2026-06-28 06:00:00
1782630000000,70.42,71.06,70.41,71.04,341657.33,2026-06-28 07:00:00
1782633600000,71.03,72.16,71.01,71.86,853041.51,2026-06-28 08:00:00
1782637200000,71.87,72.01,71.43,71.49,425451.87,2026-06-28 09:00:00
1782640800000,71.48,71.57,71.04,71.42,443366.03,2026-06-28 10:00:00
1782644400000,71.41,71.98,71.36,71.87,366628.4,2026-06-28 11:00:00
1782648000000,71.87,72.38,71.59,71.84,364797.15,2026-06-28 12:00:00
1782651600000,71.83,72.06,71.27,71.7,463954.83,2026-06-28 13:00:00
1782655200000,71.7,72.17,71.6,71.6,295123.09,2026-06-28 14:00:00
1782658800000,71.61,72.08,71.41,72.04,410547.14,2026-06-28 15:00:00
1782662400000,72.05,72.09,71.1,71.52,672584.36,2026-06-28 16:00:00
1782666000000,71.52,71.95,70.91,71.51,681386.07,2026-06-28 17:00:00
1782669600000,71.51,71.68,70.95,71.13,250608.6,2026-06-28 18:00:00
1782673200000,71.13,71.27,70.2,70.67,478219.5,2026-06-28 19:00:00
1782676800000,70.67,71.24,70.6,70.88,328183.9,2026-06-28 20:00:00
1782680400000,70.87,71.03,70.15,70.41,283268.17,2026-06-28 21:00:00
1782684000000,70.42,71.49,69.68,70.19,785102.91,2026-06-28 22:00:00
1782687600000,70.19,71.75,70.09,71.35,619937.78,2026-06-28 23:00:00
1782691200000,71.35,71.67,70.3,71.61,800467.72,2026-06-29 00:00:00
1782694800000,71.62,71.67,70.91,71.44,505606.09,2026-06-29 01:00:00
1782698400000,71.45,72.19,70.45,72.16,1021235.57,2026-06-29 02:00:00
1782702000000,72.16,73.3,72.15,72.65,1018519.97,2026-06-29 03:00:00
1782705600000,72.64,72.66,71.59,71.65,531544.85,2026-06-29 04:00:00
1782709200000,71.65,72.31,70.96,72.28,793765.02,2026-06-29 05:00:00
1782712800000,72.28,73.09,72.17,72.35,820738.21,2026-06-29 06:00:00
1782716400000,72.35,72.89,72.03,72.67,423004.97,2026-06-29 07:00:00
1782720000000,72.67,72.97,72.33,72.67,531162.08,2026-06-29 08:00:00
1782723600000,72.67,73.13,72.55,72.88,431757.89,2026-06-29 09:00:00
1782727200000,72.89,73.63,72.89,73.18,647275.72,2026-06-29 10:00:00
1782730800000,73.19,73.22,72.19,72.49,833045.85,2026-06-29 11:00:00
1782734400000,72.49,74.51,72.08,73.47,1952308.51,2026-06-29 12:00:00
1782738000000,73.47,74.3,72.73,73.69,1757311.01,2026-06-29 13:00:00
1782741600000,73.69,73.96,72.28,73.7,1650916.47,2026-06-29 14:00:00
1782745200000,73.71,74.41,72.75,73.87,1239414.4,2026-06-29 15:00:00
1782748800000,73.87,74.14,72.86,74.0,1187388.97,2026-06-29 16:00:00
1782752400000,74.0,76.45,73.97,75.27,2409067.46,2026-06-29 17:00:00
1782756000000,75.27,75.8,75.1,75.57,499317.85,2026-06-29 18:00:00
1782759600000,75.56,76.2,75.38,75.94,476180.16,2026-06-29 19:00:00
1782763200000,75.94,75.97,75.23,75.34,294944.63,2026-06-29 20:00:00
1782766800000,75.33,75.75,75.19,75.49,219517.01,2026-06-29 21:00:00
1782770400000,75.48,75.62,75.03,75.24,257731.97,2026-06-29 22:00:00
1782774000000,75.24,75.4,74.86,75.13,272710.53,2026-06-29 23:00:00
1782777600000,75.12,75.19,74.07,74.37,751211.8,2026-06-30 00:00:00
1782781200000,74.38,74.63,74.02,74.38,479107.67,2026-06-30 01:00:00
1782784800000,74.38,74.8,73.98,74.56,280609.16,2026-06-30 02:00:00
1782788400000,74.56,74.85,74.09,74.14,281092.11,2026-06-30 03:00:00
1782792000000,74.15,74.22,73.65,74.0,697648.81,2026-06-30 04:00:00
1782795600000,74.01,74.2,73.81,74.2,211832.55,2026-06-30 05:00:00
1782799200000,74.19,74.23,73.85,74.12,197057.71,2026-06-30 06:00:00
1782802800000,74.12,74.2,73.81,74.12,363887.9,2026-06-30 07:00:00
1782806400000,74.11,74.18,73.27,73.58,791618.66,2026-06-30 08:00:00
1782810000000,73.59,73.84,73.49,73.76,325905.15,2026-06-30 09:00:00
1782813600000,73.76,73.86,73.44,73.65,187019.2,2026-06-30 10:00:00
1782817200000,73.65,73.74,73.28,73.35,338884.84,2026-06-30 11:00:00
1782820800000,73.35,73.38,72.01,72.05,958564.46,2026-06-30 12:00:00
1782824400000,72.05,72.9,71.86,72.84,1294726.9,2026-06-30 13:00:00
1782828000000,72.84,73.88,72.69,72.91,1088420.95,2026-06-30 14:00:00
1782831600000,72.92,74.18,72.54,73.1,1247552.56,2026-06-30 15:00:00
1782835200000,73.1,73.74,72.69,73.48,816285.89,2026-06-30 16:00:00
1782838800000,73.48,73.89,73.13,73.15,366584.42,2026-06-30 17:00:00
1782842400000,73.16,73.77,72.91,73.55,393722.3,2026-06-30 18:00:00
1782846000000,73.55,73.95,73.31,73.71,340704.09,2026-06-30 19:00:00
1782849600000,73.7,73.91,73.49,73.66,216021.72,2026-06-30 20:00:00
1782853200000,73.65,73.76,73.16,73.46,200517.83,2026-06-30 21:00:00
1782856800000,73.47,73.72,73.23,73.39,159887.29,2026-06-30 22:00:00
1782860400000,73.39,73.67,73.28,73.63,95220.18,2026-06-30 23:00:00
1782864000000,73.63,73.87,73.32,73.6,276359.24,2026-07-01 00:00:00
1782867600000,73.6,74.33,72.19,73.9,1429374.73,2026-07-01 01:00:00
1782871200000,73.9,74.98,73.73,74.73,865289.84,2026-07-01 02:00:00
1782874800000,74.74,75.65,74.31,75.44,870847.39,2026-07-01 03:00:00
1782878400000,75.44,75.83,75.19,75.51,615065.9,2026-07-01 04:00:00
1782882000000,75.51,75.75,75.1,75.21,452833.05,2026-07-01 05:00:00
1782885600000,75.21,75.23,73.91,74.28,966696.1,2026-07-01 06:00:00
1782889200000,74.29,74.93,74.06,74.84,559358.58,2026-07-01 07:00:00
1782892800000,74.84,75.49,74.42,75.41,595321.98,2026-07-01 08:00:00
1782896400000,75.42,75.55,75.03,75.43,541895.51,2026-07-01 09:00:00
1782900000000,75.42,75.53,74.93,74.94,465498.7,2026-07-01 10:00:00
1782903600000,74.95,75.29,74.59,74.79,511059.86,2026-07-01 11:00:00
1782907200000,74.79,74.93,74.22,74.56,607733.21,2026-07-01 12:00:00
1782910800000,74.57,76.16,74.56,76.0,1793785.64,2026-07-01 13:00:00
1782914400000,75.99,77.23,75.6,76.92,1801168.17,2026-07-01 14:00:00
1782918000000,76.92,77.76,76.78,77.39,1317009.17,2026-07-01 15:00:00
1782921600000,77.39,78.23,76.83,77.13,1179344.46,2026-07-01 16:00:00
1782925200000,77.12,77.91,76.79,77.72,639524.87,2026-07-01 17:00:00
1782928800000,77.72,77.88,77.25,77.38,418295.39,2026-07-01 18:00:00
1782932400000,77.37,77.64,76.76,76.97,380978.89,2026-07-01 19:00:00
1782936000000,76.96,77.47,76.56,77.38,559599.77,2026-07-01 20:00:00
1782939600000,77.38,78.65,77.38,78.36,799827.59,2026-07-01 21:00:00
1782943200000,78.35,78.92,77.72,77.82,732887.7,2026-07-01 22:00:00
1782946800000,77.82,77.84,77.21,77.41,599594.22,2026-07-01 23:00:00
1782950400000,77.42,77.43,76.86,77.23,511479.36,2026-07-02 00:00:00
1782954000000,77.23,78.67,77.18,78.15,629033.13,2026-07-02 01:00:00
1782957600000,78.15,78.56,77.76,78.39,373409.21,2026-07-02 02:00:00
1782961200000,78.39,78.94,77.9,78.67,862508.69,2026-07-02 03:00:00
1782964800000,78.66,78.68,78.0,78.24,427256.8,2026-07-02 04:00:00
1782968400000,78.23,78.31,77.73,78.07,335030.0,2026-07-02 05:00:00
1782972000000,78.07,78.6,77.71,77.87,630741.6,2026-07-02 06:00:00
1782975600000,77.86,78.16,77.54,77.96,447868.17,2026-07-02 07:00:00
1782979200000,77.96,78.46,77.9,78.43,409273.97,2026-07-02 08:00:00
1782982800000,78.44,79.75,78.25,79.42,1493078.72,2026-07-02 09:00:00
1782986400000,79.43,82.17,79.36,82.04,2811759.09,2026-07-02 10:00:00
1782990000000,82.04,82.8,81.47,82.34,2210346.21,2026-07-02 11:00:00
1782993600000,82.33,82.41,81.08,81.36,1746835.56,2026-07-02 12:00:00
1782997200000,81.35,81.96,80.63,81.48,1624839.42,2026-07-02 13:00:00
1783000800000,81.49,81.51,80.09,80.5,1423896.14,2026-07-02 14:00:00
1783004400000,80.51,80.88,80.04,80.82,583636.69,2026-07-02 15:00:00
1783008000000,80.83,81.07,80.11,80.51,799930.98,2026-07-02 16:00:00
1783011600000,80.51,81.22,80.46,80.59,553870.63,2026-07-02 17:00:00
1783015200000,80.59,81.22,80.59,80.97,342971.16,2026-07-02 18:00:00
1783018800000,80.98,81.27,80.72,80.78,321498.26,2026-07-02 19:00:00
1783022400000,80.78,81.1,80.54,80.98,324883.15,2026-07-02 20:00:00
1783026000000,80.97,81.14,80.41,80.75,191768.27,2026-07-02 21:00:00
1783029600000,80.75,80.86,80.37,80.62,208888.97,2026-07-02 22:00:00
1783033200000,80.62,80.73,80.45,80.68,147293.08,2026-07-02 23:00:00
1783036800000,80.68,80.89,80.48,80.71,345365.32,2026-07-03 00:00:00
1783040400000,80.71,81.67,80.66,81.44,499419.55,2026-07-03 01:00:00
1783044000000,81.45,81.64,80.61,80.77,422252.5,2026-07-03 02:00:00
1783047600000,80.76,80.94,80.25,80.67,424481.05,2026-07-03 03:00:00
1783051200000,80.68,80.77,80.44,80.47,173582.49,2026-07-03 04:00:00
1783054800000,80.47,81.22,80.43,81.1,320230.86,2026-07-03 05:00:00
1783058400000,81.1,81.35,80.68,80.91,386320.06,2026-07-03 06:00:00
1783062000000,80.91,81.48,80.76,81.18,262942.42,2026-07-03 07:00:00
1783065600000,81.19,81.52,80.79,80.87,689110.54,2026-07-03 08:00:00
1783069200000,80.87,81.26,80.62,80.97,332715.09,2026-07-03 09:00:00
1783072800000,80.98,81.85,80.83,81.51,861786.73,2026-07-03 10:00:00
1783076400000,81.52,81.68,81.2,81.51,404513.8,2026-07-03 11:00:00
1783080000000,81.51,81.76,81.15,81.49,367075.27,2026-07-03 12:00:00
1783083600000,81.5,81.86,81.38,81.54,400417.28,2026-07-03 13:00:00
1783087200000,81.55,81.77,80.86,81.64,563036.43,2026-07-03 14:00:00
1783090800000,81.65,82.11,81.1,81.16,562359.69,2026-07-03 15:00:00
1783094400000,81.17,81.55,81.02,81.51,430221.76,2026-07-03 16:00:00
1783098000000,81.5,81.99,81.43,81.75,420065.77,2026-07-03 17:00:00
1783101600000,81.76,82.4,81.6,82.08,361899.68,2026-07-03 18:00:00
1783105200000,82.09,83.23,82.04,82.44,824218.79,2026-07-03 19:00:00
1783108800000,82.45,82.98,82.19,82.67,657641.72,2026-07-03 20:00:00
1783112400000,82.67,83.02,82.13,82.62,414594.5,2026-07-03 21:00:00
1783116000000,82.63,82.65,82.21,82.31,212019.25,2026-07-03 22:00:00
1783119600000,82.31,82.47,82.13,82.3,148049.43,2026-07-03 23:00:00
1783123200000,82.3,82.7,82.22,82.37,232248.17,2026-07-04 00:00:00
1783126800000,82.36,82.37,81.77,81.92,325830.05,2026-07-04 01:00:00
1783130400000,81.91,82.37,81.85,82.14,188292.65,2026-07-04 02:00:00
1783134000000,82.15,82.83,82.0,82.68,362542.24,2026-07-04 03:00:00
1783137600000,82.68,83.95,82.62,83.45,1091436.15,2026-07-04 04:00:00
1783141200000,83.45,83.45,82.85,83.33,485754.34,2026-07-04 05:00:00
1783144800000,83.33,83.55,82.46,82.53,556546.65,2026-07-04 06:00:00
1783148400000,82.52,82.8,82.17,82.67,361082.57,2026-07-04 07:00:00
1783152000000,82.67,82.74,82.22,82.28,259559.46,2026-07-04 08:00:00
1783155600000,82.28,82.3,81.56,81.7,811997.82,2026-07-04 09:00:00
1783159200000,81.7,81.9,81.37,81.61,310127.61,2026-07-04 10:00:00
1783162800000,81.61,81.88,81.49,81.78,224435.34,2026-07-04 11:00:00
1783166400000,81.78,81.96,81.25,81.57,438647.17,2026-07-04 12:00:00
1783170000000,81.56,81.88,81.35,81.61,288712.74,2026-07-04 13:00:00
1783173600000,81.61,81.83,81.5,81.76,244163.55,2026-07-04 14:00:00
1783177200000,81.75,82.42,81.68,82.19,683494.68,2026-07-04 15:00:00
1783180800000,82.19,82.35,81.94,82.18,325881.09,2026-07-04 16:00:00
1783184400000,82.19,82.79,81.84,82.49,481775.5,2026-07-04 17:00:00
1783188000000,82.48,82.59,82.04,82.21,263362.26,2026-07-04 18:00:00
1783191600000,82.21,82.3,81.65,81.83,219673.11,2026-07-04 19:00:00
1783195200000,81.82,82.11,81.53,81.92,193611.93,2026-07-04 20:00:00
1783198800000,81.93,82.18,81.79,81.95,108989.33,2026-07-04 21:00:00
1783202400000,81.95,82.0,81.74,81.9,85449.69,2026-07-04 22:00:00
1783206000000,81.89,81.9,81.39,81.74,226394.94,2026-07-04 23:00:00
1783209600000,81.74,81.77,81.08,81.27,397869.32,2026-07-05 00:00:00
1783213200000,81.28,81.43,80.46,80.81,743023.9,2026-07-05 01:00:00
1783216800000,80.81,80.86,80.17,80.34,521721.27,2026-07-05 02:00:00
1783220400000,80.34,80.58,80.32,80.53,268016.34,2026-07-05 03:00:00
1783224000000,80.53,80.87,80.36,80.54,408500.08,2026-07-05 04:00:00
1783227600000,80.54,80.54,80.2,80.43,222322.42,2026-07-05 05:00:00
1783231200000,80.44,80.61,80.29,80.55,148953.54,2026-07-05 06:00:00
1783234800000,80.55,80.8,80.32,80.66,308499.58,2026-07-05 07:00:00
1783238400000,80.67,80.82,80.4,80.44,209435.99,2026-07-05 08:00:00
1783242000000,80.45,80.5,79.63,79.86,735855.77,2026-07-05 09:00:00
1783245600000,79.86,80.43,79.7,80.39,417775.71,2026-07-05 10:00:00
1783249200000,80.4,80.62,80.3,80.52,274710.91,2026-07-05 11:00:00
1783252800000,80.53,81.24,80.31,80.71,607776.46,2026-07-05 12:00:00
1783256400000,80.72,81.19,80.63,81.19,299773.88,2026-07-05 13:00:00
1783260000000,81.19,81.57,80.97,81.41,350599.25,2026-07-05 14:00:00
1783263600000,81.41,81.72,81.07,81.31,359814.49,2026-07-05 15:00:00
1783267200000,81.31,81.48,80.86,81.05,308182.31,2026-07-05 16:00:00
1783270800000,81.04,81.34,80.97,81.09,157447.51,2026-07-05 17:00:00
1783274400000,81.1,81.23,80.95,80.96,96338.27,2026-07-05 18:00:00
1783278000000,80.96,81.09,80.73,80.99,176464.89,2026-07-05 19:00:00
1783281600000,81.0,81.13,80.91,81.03,83700.26,2026-07-05 20:00:00
1783285200000,81.04,82.25,80.74,81.74,521905.4,2026-07-05 21:00:00
1783288800000,81.74,82.4,81.6,81.78,713461.61,2026-07-05 22:00:00
1783292400000,81.79,82.04,81.4,81.55,356515.83,2026-07-05 23:00:00
1783296000000,81.55,82.23,81.07,82.19,686962.15,2026-07-06 00:00:00
1783299600000,82.18,82.32,81.44,81.5,468151.11,2026-07-06 01:00:00
1783303200000,81.51,81.66,80.8,80.99,515063.56,2026-07-06 02:00:00
1783306800000,80.98,81.03,80.4,80.77,600362.16,2026-07-06 03:00:00
1783310400000,80.77,80.97,80.66,80.78,249013.11,2026-07-06 04:00:00
1783314000000,80.78,80.79,80.11,80.37,464078.85,2026-07-06 05:00:00
1783317600000,80.37,80.49,80.21,80.32,221476.18,2026-07-06 06:00:00
1783321200000,80.31,81.0,80.23,80.79,432160.31,2026-07-06 07:00:00
1783324800000,80.79,81.05,80.25,80.46,359723.98,2026-07-06 08:00:00
1783328400000,80.45,80.46,80.02,80.05,324046.39,2026-07-06 09:00:00
1783332000000,80.05,80.68,80.02,80.62,377767.82,2026-07-06 10:00:00
1783335600000,80.63,80.96,80.31,80.33,406250.13,2026-07-06 11:00:00
1783339200000,80.33,80.63,79.22,79.41,2181987.43,2026-07-06 12:00:00
1783342800000,79.41,80.89,79.17,80.11,1423380.28,2026-07-06 13:00:00
1783346400000,80.11,80.74,79.81,80.26,810993.59,2026-07-06 14:00:00
1783350000000,80.26,81.49,80.24,81.45,1000435.83,2026-07-06 15:00:00
1783353600000,81.45,82.4,81.23,82.06,1121090.84,2026-07-06 16:00:00
1783357200000,82.07,82.14,81.4,81.6,461354.72,2026-07-06 17:00:00
1783360800000,81.6,82.26,81.26,81.94,381603.02,2026-07-06 18:00:00
1783364400000,81.95,82.13,81.76,82.02,181391.61,2026-07-06 19:00:00
1783368000000,82.02,82.21,81.63,82.05,151731.31,2026-07-06 20:00:00
1783371600000,82.04,83.74,82.0,82.78,959922.69,2026-07-06 21:00:00
1783375200000,82.79,82.85,82.21,82.29,185861.4,2026-07-06 22:00:00
1783378800000,82.29,82.38,81.85,81.9,227191.14,2026-07-06 23:00:00
1783382400000,81.9,82.45,81.77,82.3,386054.13,2026-07-07 00:00:00
1783386000000,82.31,82.32,81.76,81.86,336724.76,2026-07-07 01:00:00
1783389600000,81.86,81.95,81.19,81.3,436876.36,2026-07-07 02:00:00
1783393200000,81.3,81.43,80.84,81.0,393539.25,2026-07-07 03:00:00
1783396800000,81.0,81.05,80.6,80.86,340860.53,2026-07-07 04:00:00
1783400400000,80.86,81.21,80.41,81.06,469273.62,2026-07-07 05:00:00
1783404000000,81.05,81.62,80.76,81.51,379480.44,2026-07-07 06:00:00
1783407600000,81.5,81.7,81.28,81.45,348304.41,2026-07-07 07:00:00
1783411200000,81.45,81.55,81.11,81.22,448495.79,2026-07-07 08:00:00
1783414800000,81.23,81.45,81.08,81.27,351193.45,2026-07-07 09:00:00
1783418400000,81.27,81.54,80.8,80.95,423476.64,2026-07-07 10:00:00
1783422000000,80.95,81.36,80.62,81.27,312344.08,2026-07-07 11:00:00
1783425600000,81.28,81.95,81.25,81.4,537259.15,2026-07-07 12:00:00
1783429200000,81.39,81.57,80.6,80.79,724577.45,2026-07-07 13:00:00
1783432800000,80.78,81.88,80.43,81.75,825494.9,2026-07-07 14:00:00
1783436400000,81.75,82.32,81.45,82.06,688993.99,2026-07-07 15:00:00
1783440000000,82.07,82.53,81.77,82.16,452428.37,2026-07-07 16:00:00
1783443600000,82.16,82.75,82.03,82.67,376925.47,2026-07-07 17:00:00
1783447200000,82.67,82.67,81.2,81.25,575157.0,2026-07-07 18:00:00
1783450800000,81.25,81.53,80.72,81.33,475235.53,2026-07-07 19:00:00
1783454400000,81.33,81.45,80.97,81.13,209888.0,2026-07-07 20:00:00
1783458000000,81.12,81.38,80.5,80.78,250750.76,2026-07-07 21:00:00
1783461600000,80.77,81.03,80.27,80.81,349262.91,2026-07-07 22:00:00
1783465200000,80.8,81.09,80.45,80.52,159494.87,2026-07-07 23:00:00
1783468800000,80.52,80.74,80.31,80.34,396972.54,2026-07-08 00:00:00
1783472400000,80.35,80.39,78.78,79.04,1037027.23,2026-07-08 01:00:00
1783476000000,79.05,79.14,78.17,79.02,802496.01,2026-07-08 02:00:00
1783479600000,79.03,79.31,78.57,78.68,327011.91,2026-07-08 03:00:00
1783483200000,78.69,78.89,78.34,78.61,253717.56,2026-07-08 04:00:00
1783486800000,78.6,78.78,78.3,78.39,309417.76,2026-07-08 05:00:00
1783490400000,78.39,78.41,77.89,78.16,586250.97,2026-07-08 06:00:00
1783494000000,78.17,78.31,77.76,78.26,521678.07,2026-07-08 07:00:00
1783497600000,78.26,78.4,76.84,77.23,1517658.66,2026-07-08 08:00:00
1783501200000,77.23,77.53,76.97,77.15,499121.13,2026-07-08 09:00:00
1783504800000,77.16,77.46,76.85,77.29,273235.67,2026-07-08 10:00:00
1783508400000,77.28,77.69,77.05,77.51,492708.28,2026-07-08 11:00:00
1783512000000,77.5,77.61,76.91,76.98,400183.46,2026-07-08 12:00:00
1783515600000,76.98,77.43,76.57,77.26,1016960.11,2026-07-08 13:00:00
1783519200000,77.26,77.38,76.65,77.07,649891.74,2026-07-08 14:00:00
1783522800000,77.07,77.11,76.07,76.71,903077.26,2026-07-08 15:00:00
1783526400000,76.71,77.33,76.71,77.25,500337.91,2026-07-08 16:00:00
1783530000000,77.25,77.63,77.0,77.1,339929.02,2026-07-08 17:00:00
1783533600000,77.09,77.33,76.76,77.1,220788.88,2026-07-08 18:00:00
1783537200000,77.1,77.46,76.9,77.38,201431.17,2026-07-08 19:00:00
1783540800000,77.38,77.52,77.01,77.13,167047.56,2026-07-08 20:00:00
1783544400000,77.13,77.29,76.84,77.21,156130.44,2026-07-08 21:00:00
1783548000000,77.2,77.54,77.13,77.5,141789.92,2026-07-08 22:00:00
1783551600000,77.5,77.9,77.38,77.78,213998.45,2026-07-08 23:00:00
1783555200000,77.77,77.85,77.46,77.66,313765.91,2026-07-09 00:00:00
1783558800000,77.67,78.76,77.08,77.28,1081186.76,2026-07-09 01:00:00
1783562400000,77.29,77.79,76.92,77.01,525673.61,2026-07-09 02:00:00
1783566000000,77.02,77.37,76.65,77.34,300061.23,2026-07-09 03:00:00
1783569600000,77.33,78.0,77.18,77.94,268044.08,2026-07-09 04:00:00
1783573200000,77.94,78.36,77.69,78.35,430876.25,2026-07-09 05:00:00
1783576800000,78.35,78.57,78.06,78.44,325701.72,2026-07-09 06:00:00
1783580400000,78.43,78.79,78.09,78.16,400532.12,2026-07-09 07:00:00
1783584000000,78.17,78.37,77.87,78.07,287768.65,2026-07-09 08:00:00
1783587600000,78.06,78.15,77.81,78.08,222782.58,2026-07-09 09:00:00
1783591200000,78.09,78.16,77.44,77.65,357280.35,2026-07-09 10:00:00
1783594800000,77.65,77.73,77.27,77.57,293877.06,2026-07-09 11:00:00
1783598400000,77.57,78.18,77.31,77.6,834788.11,2026-07-09 12:00:00
1783602000000,77.59,78.46,77.27,78.18,533383.22,2026-07-09 13:00:00
1783605600000,78.17,78.33,77.52,77.84,333420.82,2026-07-09 14:00:00
1783609200000,77.84,78.15,77.46,77.57,309383.12,2026-07-09 15:00:00
1783612800000,77.58,77.78,77.21,77.65,350500.92,2026-07-09 16:00:00
1783616400000,77.65,78.12,77.59,78.03,249300.99,2026-07-09 17:00:00
1783620000000,78.03,78.41,77.96,78.16,285920.39,2026-07-09 18:00:00
1783623600000,78.16,78.27,77.86,78.12,116096.48,2026-07-09 19:00:00
1783627200000,78.12,78.27,77.94,78.1,92080.64,2026-07-09 20:00:00
1783630800000,78.11,78.25,77.84,78.01,71625.97,2026-07-09 21:00:00
1783634400000,78.0,78.24,77.94,78.06,93305.82,2026-07-09 22:00:00
1783638000000,78.06,78.16,77.72,78.0,110237.11,2026-07-09 23:00:00
1783641600000,78.0,78.11,77.75,78.07,214748.67,2026-07-10 00:00:00
1783645200000,78.08,79.42,77.89,79.02,874792.25,2026-07-10 01:00:00
1783648800000,79.03,79.12,78.79,79.0,367860.31,2026-07-10 02:00:00
1783652400000,79.0,79.08,78.68,79.01,285351.28,2026-07-10 03:00:00
1783656000000,79.02,79.07,78.79,78.92,241747.58,2026-07-10 04:00:00
1783659600000,78.93,79.33,78.82,79.14,272370.34,2026-07-10 05:00:00
1783663200000,79.13,79.19,78.82,78.86,180111.94,2026-07-10 06:00:00
1783666800000,78.87,79.04,78.7,78.82,158741.13,2026-07-10 07:00:00
1783670400000,78.83,79.38,78.75,79.16,502399.89,2026-07-10 08:00:00
1783674000000,79.15,79.34,78.89,79.17,414314.97,2026-07-10 09:00:00
1783677600000,79.18,79.64,79.09,79.34,422302.49,2026-07-10 10:00:00
1783681200000,79.35,79.52,79.14,79.33,349312.81,2026-07-10 11:00:00
1783684800000,79.33,79.52,78.86,78.87,369040.51,2026-07-10 12:00:00
1783688400000,78.86,79.3,78.71,78.93,384721.14,2026-07-10 13:00:00
1783692000000,78.93,78.93,77.02,77.85,1884052.21,2026-07-10 14:00:00
1783695600000,77.85,78.33,77.73,78.11,487210.11,2026-07-10 15:00:00
1783699200000,78.1,78.24,77.61,78.11,376159.63,2026-07-10 16:00:00
1783702800000,78.11,78.14,77.54,77.54,269212.11,2026-07-10 17:00:00
1783706400000,77.54,77.85,77.3,77.5,312093.88,2026-07-10 18:00:00
1783710000000,77.49,78.04,77.41,77.85,254018.99,2026-07-10 19:00:00
1783713600000,77.86,77.96,77.67,77.71,147652.3,2026-07-10 20:00:00
1783717200000,77.71,78.07,77.69,77.94,131691.56,2026-07-10 21:00:00
1783720800000,77.94,78.32,77.89,78.11,168290.83,2026-07-10 22:00:00
1783724400000,78.11,78.16,77.88,78.08,131615.0,2026-07-10 23:00:00
1783728000000,78.08,78.08,77.74,77.79,125617.62,2026-07-11 00:00:00
1783731600000,77.79,78.02,77.41,77.49,214040.87,2026-07-11 01:00:00
1783735200000,77.5,77.78,77.44,77.73,108627.02,2026-07-11 02:00:00
1783738800000,77.74,77.83,77.56,77.73,110283.82,2026-07-11 03:00:00
1783742400000,77.73,77.81,77.6,77.68,85563.24,2026-07-11 04:00:00
1783746000000,77.68,77.95,77.54,77.85,111883.74,2026-07-11 05:00:00
1783749600000,77.86,78.07,77.73,78.0,157340.93,2026-07-11 06:00:00
1783753200000,77.99,78.05,77.88,77.92,97266.03,2026-07-11 07:00:00
1783756800000,77.92,78.17,77.89,78.12,135677.76,2026-07-11 08:00:00
1783760400000,78.12,78.3,77.77,77.79,269017.69,2026-07-11 09:00:00
1783764000000,77.79,78.05,77.62,78.02,241256.97,2026-07-11 10:00:00
1783767600000,78.02,78.09,77.93,78.05,97324.21,2026-07-11 11:00:00
1783771200000,78.06,78.18,77.89,78.03,117886.64,2026-07-11 12:00:00
1783774800000,78.04,78.41,77.98,78.13,168820.84,2026-07-11 13:00:00
1783778400000,78.13,78.7,78.11,78.45,353215.54,2026-07-11 14:00:00
1783782000000,78.45,78.86,77.89,78.33,772686.58,2026-07-11 15:00:00
1783785600000,78.33,78.36,77.59,77.9,553128.66,2026-07-11 16:00:00
1783789200000,77.91,78.17,77.79,78.05,172722.58,2026-07-11 17:00:00
1783792800000,78.05,78.3,77.97,78.04,163260.85,2026-07-11 18:00:00
1783796400000,78.05,78.11,77.84,78.1,141182.12,2026-07-11 19:00:00
1783800000000,78.1,78.24,78.07,78.12,56579.01,2026-07-11 20:00:00
1783803600000,78.12,78.3,78.1,78.18,100126.41,2026-07-11 21:00:00
1783807200000,78.18,78.24,77.69,77.84,218681.98,2026-07-11 22:00:00
1783810800000,77.84,77.88,76.71,76.71,846268.54,2026-07-11 23:00:00
1783814400000,76.71,76.82,75.58,76.05,1084613.19,2026-07-12 00:00:00
1783818000000,76.05,76.83,75.98,76.78,536101.66,2026-07-12 01:00:00
1783821600000,76.78,76.86,76.58,76.79,243352.01,2026-07-12 02:00:00
1783825200000,76.79,77.04,76.66,76.99,259143.3,2026-07-12 03:00:00
1783828800000,76.99,77.02,76.56,76.67,255833.69,2026-07-12 04:00:00
1783832400000,76.67,76.77,76.34,76.4,253271.27,2026-07-12 05:00:00
1783836000000,76.39,76.39,75.8,76.31,523809.1,2026-07-12 06:00:00
1783839600000,76.32,76.67,76.27,76.47,318421.77,2026-07-12 07:00:00
1783843200000,76.46,76.8,76.42,76.66,226904.82,2026-07-12 08:00:00
1783846800000,76.67,76.87,76.34,76.71,282456.48,2026-07-12 09:00:00
1783850400000,76.72,76.82,76.61,76.67,118086.3,2026-07-12 10:00:00
1783854000000,76.68,77.23,76.48,76.88,280717.38,2026-07-12 11:00:00
1783857600000,76.88,77.21,76.74,77.14,238049.37,2026-07-12 12:00:00
1783861200000,77.13,77.44,77.07,77.11,320981.96,2026-07-12 13:00:00
1783864800000,77.11,77.7,76.92,77.5,469616.89,2026-07-12 14:00:00
1783868400000,77.5,77.59,77.24,77.42,371695.66,2026-07-12 15:00:00
1783872000000,77.43,77.64,77.34,77.49,274184.45,2026-07-12 16:00:00
1783875600000,77.49,77.57,77.16,77.3,142541.17,2026-07-12 17:00:00
1783879200000,77.3,77.6,77.2,77.54,134214.37,2026-07-12 18:00:00
1783882800000,77.53,77.76,77.39,77.63,99490.58,2026-07-12 19:00:00
1783886400000,77.63,77.68,77.4,77.41,69217.81,2026-07-12 20:00:00
1783890000000,77.42,77.65,76.92,77.07,239559.37,2026-07-12 21:00:00
1783893600000,77.06,77.06,76.41,76.71,426876.12,2026-07-12 22:00:00
1783897200000,76.72,76.91,76.6,76.87,186318.24,2026-07-12 23:00:00
1783900800000,76.87,78.19,76.77,77.46,1086083.03,2026-07-13 00:00:00
1783904400000,77.46,77.62,76.22,76.26,632833.24,2026-07-13 01:00:00
1783908000000,76.27,76.63,76.08,76.44,422321.95,2026-07-13 02:00:00
1783911600000,76.44,76.45,75.39,75.82,728787.4,2026-07-13 03:00:00
1783915200000,75.82,76.1,75.66,75.87,285103.94,2026-07-13 04:00:00
1783918800000,75.88,76.43,75.69,76.35,422830.86,2026-07-13 05:00:00
1783922400000,76.36,76.55,76.23,76.29,213728.86,2026-07-13 06:00:00
1783926000000,76.29,76.63,76.18,76.38,289165.78,2026-07-13 07:00:00
1783929600000,76.39,76.86,76.31,76.68,242729.1,2026-07-13 08:00:00
1783933200000,76.68,76.68,76.56,76.58,135441.5,2026-07-13 09:00:00
1783936800000,76.59,76.59,76.05,76.24,323367.18,2026-07-13 10:00:00
1783940400000,76.25,76.55,76.25,76.3,199629.4,2026-07-13 11:00:00
1783944000000,76.31,76.37,75.7,75.83,395652.71,2026-07-13 12:00:00
1783947600000,75.82,75.92,75.05,75.37,744242.58,2026-07-13 13:00:00
1783951200000,75.36,76.14,75.28,76.12,816930.32,2026-07-13 14:00:00
1783954800000,76.12,76.28,75.7,75.77,409765.23,2026-07-13 15:00:00
1783958400000,75.76,75.99,75.14,75.25,467900.19,2026-07-13 16:00:00
1783962000000,75.25,75.43,74.48,74.54,716703.88,2026-07-13 17:00:00
1783965600000,74.54,75.01,74.49,74.81,287350.05,2026-07-13 18:00:00
1783969200000,74.81,75.18,74.7,75.15,204135.04,2026-07-13 19:00:00
1783972800000,75.14,75.31,74.54,74.76,225838.87,2026-07-13 20:00:00
1783976400000,74.76,74.76,74.04,74.36,401628.76,2026-07-13 21:00:00
1783980000000,74.36,74.7,74.35,74.48,169940.75,2026-07-13 22:00:00
1783983600000,74.47,74.96,74.36,74.95,191087.01,2026-07-13 23:00:00
1783987200000,74.95,75.45,74.78,75.39,357738.45,2026-07-14 00:00:00
1783990800000,75.4,75.52,75.16,75.25,236997.3,2026-07-14 01:00:00
1783994400000,75.26,75.29,74.82,75.02,230331.79,2026-07-14 02:00:00
1783998000000,75.03,75.12,74.5,75.11,286708.5,2026-07-14 03:00:00
1784001600000,75.11,75.31,75.0,75.1,183081.93,2026-07-14 04:00:00
1784005200000,75.11,75.44,75.06,75.36,194817.56,2026-07-14 05:00:00
1784008800000,75.37,75.39,75.05,75.1,137769.88,2026-07-14 06:00:00
1784012400000,75.1,75.21,74.86,74.93,198102.07,2026-07-14 07:00:00
1784016000000,74.93,75.36,74.81,75.13,213037.09,2026-07-14 08:00:00
1784019600000,75.13,75.27,74.83,75.03,191131.93,2026-07-14 09:00:00
1784023200000,75.03,75.57,74.92,75.43,313064.2,2026-07-14 10:00:00
1784026800000,75.43,75.55,75.29,75.34,215453.07,2026-07-14 11:00:00
1784030400000,75.35,76.94,75.13,76.83,1592190.58,2026-07-14 12:00:00
1784034000000,76.83,77.7,76.45,76.9,1340769.26,2026-07-14 13:00:00
1784037600000,76.9,77.45,76.62,77.32,541608.94,2026-07-14 14:00:00
1784041200000,77.32,77.92,77.13,77.33,701862.86,2026-07-14 15:00:00
1784044800000,77.34,77.62,77.06,77.24,356567.62,2026-07-14 16:00:00
1784048400000,77.24,77.27,76.76,77.13,358172.31,2026-07-14 17:00:00
1784052000000,77.14,77.32,76.95,77.25,178668.81,2026-07-14 18:00:00
1784055600000,77.24,77.5,77.06,77.14,174470.56,2026-07-14 19:00:00
1784059200000,77.13,77.17,76.9,77.13,99544.96,2026-07-14 20:00:00
1784062800000,77.13,77.38,77.1,77.18,198553.46,2026-07-14 21:00:00
1784066400000,77.17,77.96,77.08,77.58,367219.9,2026-07-14 22:00:00
1784070000000,77.58,77.95,77.5,77.83,233644.48,2026-07-14 23:00:00
1784073600000,77.84,77.89,77.43,77.63,180729.44,2026-07-15 00:00:00
1784077200000,77.63,77.8,77.23,77.4,218870.65,2026-07-15 01:00:00
1784080800000,77.39,77.56,76.96,77.25,273770.43,2026-07-15 02:00:00
1784084400000,77.26,77.86,77.18,77.75,274943.96,2026-07-15 03:00:00
1784088000000,77.75,78.14,77.49,77.96,337116.13,2026-07-15 04:00:00
1784091600000,77.96,78.28,77.6,78.21,393707.1,2026-07-15 05:00:00
1784095200000,78.22,78.66,77.88,77.89,674170.59,2026-07-15 06:00:00
1784098800000,77.89,77.96,77.36,77.36,372720.14,2026-07-15 07:00:00
1784102400000,77.37,77.59,77.19,77.53,420060.51,2026-07-15 08:00:00
1784106000000,77.53,77.86,77.38,77.44,228115.39,2026-07-15 09:00:00
1784109600000,77.44,77.67,77.16,77.33,251670.0,2026-07-15 10:00:00
1784113200000,77.33,77.49,77.29,77.49,122544.98,2026-07-15 11:00:00
1784116800000,77.48,78.28,77.21,78.24,592337.83,2026-07-15 12:00:00
1784120400000,78.23,79.0,77.62,78.05,1211048.48,2026-07-15 13:00:00
1784124000000,78.06,78.34,77.72,78.17,640581.78,2026-07-15 14:00:00
1784127600000,78.16,78.21,77.7,78.01,404175.77,2026-07-15 15:00:00
1784131200000,78.01,78.07,77.01,77.58,729696.8,2026-07-15 16:00:00
1784134800000,77.58,78.01,77.44,77.78,384029.93,2026-07-15 17:00:00
1784138400000,77.78,78.05,77.47,77.55,296474.16,2026-07-15 18:00:00
1784142000000,77.55,77.68,76.87,77.13,575074.74,2026-07-15 19:00:00
1784145600000,77.14,77.51,77.05,77.33,202775.2,2026-07-15 20:00:00
1784149200000,77.33,77.49,77.2,77.39,116467.66,2026-07-15 21:00:00
1784152800000,77.39,77.7,77.25,77.45,152195.82,2026-07-15 22:00:00
1784156400000,77.44,77.58,77.15,77.24,120848.72,2026-07-15 23:00:00
1784160000000,77.23,77.46,76.63,76.89,373834.35,2026-07-16 00:00:00
1784163600000,76.89,77.12,76.65,77.05,315115.94,2026-07-16 01:00:00
1784167200000,77.05,77.11,76.81,77.09,112700.61,2026-07-16 02:00:00
1784170800000,77.08,77.25,76.75,76.91,232611.97,2026-07-16 03:00:00
1784174400000,76.9,76.98,76.54,76.77,283063.8,2026-07-16 04:00:00
1784178000000,76.78,77.46,76.69,77.43,299913.55,2026-07-16 05:00:00
1784181600000,77.43,77.59,77.06,77.29,235182.84,2026-07-16 06:00:00
1784185200000,77.29,77.3,76.12,76.39,754227.61,2026-07-16 07:00:00
1784188800000,76.38,76.45,75.57,76.12,939760.36,2026-07-16 08:00:00
1784192400000,76.12,76.22,75.95,75.99,213096.57,2026-07-16 09:00:00
1784196000000,75.99,76.31,75.96,76.15,148415.71,2026-07-16 10:00:00
1784199600000,76.15,76.24,75.99,76.21,228053.5,2026-07-16 11:00:00
1784203200000,76.21,76.24,75.64,75.87,454685.23,2026-07-16 12:00:00
1784206800000,75.86,76.58,75.86,76.31,488506.16,2026-07-16 13:00:00
1784210400000,76.31,76.75,76.12,76.47,392929.61,2026-07-16 14:00:00
1784214000000,76.46,76.85,75.94,76.58,459570.98,2026-07-16 15:00:00
1784217600000,76.59,76.59,76.05,76.24,301169.66,2026-07-16 16:00:00
1784221200000,76.23,76.24,75.33,75.58,480146.6,2026-07-16 17:00:00
1784224800000,75.58,75.88,75.37,75.67,495412.38,2026-07-16 18:00:00
1784228400000,75.68,75.89,75.57,75.76,106759.95,2026-07-16 19:00:00
1784232000000,75.75,75.85,75.65,75.75,74546.02,2026-07-16 20:00:00
1784235600000,75.75,76.04,75.73,75.91,101587.8,2026-07-16 21:00:00
1784239200000,75.9,76.0,75.11,75.29,338348.27,2026-07-16 22:00:00
1784242800000,75.29,75.38,74.94,75.27,295760.65,2026-07-16 23:00:00
1784246400000,75.27,75.52,74.86,75.52,288537.97,2026-07-17 00:00:00
1784250000000,75.52,75.71,74.9,75.06,329422.56,2026-07-17 01:00:00
1784253600000,75.05,75.23,74.7,74.95,381910.66,2026-07-17 02:00:00
1784257200000,74.96,75.41,74.94,75.19,253834.7,2026-07-17 03:00:00
1784260800000,75.19,75.3,74.71,75.19,242287.58,2026-07-17 04:00:00
1784264400000,75.18,75.18,74.24,74.37,676152.48,2026-07-17 05:00:00
1784268000000,74.36,74.71,74.27,74.55,292181.56,2026-07-17 06:00:00
1784271600000,74.56,74.72,74.37,74.57,161648.93,2026-07-17 07:00:00
1784275200000,74.58,74.64,74.15,74.48,247322.5,2026-07-17 08:00:00
1784278800000,74.48,74.78,74.43,74.6,167702.67,2026-07-17 09:00:00
1784282400000,74.61,74.85,74.58,74.75,188332.48,2026-07-17 10:00:00
1784286000000,74.75,74.98,74.6,74.81,176334.26,2026-07-17 11:00:00
1784289600000,74.82,74.83,74.32,74.35,201956.0,2026-07-17 12:00:00
1784293200000,74.34,74.35,73.32,74.29,1184874.39,2026-07-17 13:00:00
1784296800000,74.29,74.78,74.03,74.28,746136.61,2026-07-17 14:00:00
1784300400000,74.28,74.73,73.76,74.72,479930.96,2026-07-17 15:00:00
1784304000000,74.72,75.08,74.56,74.88,416743.91,2026-07-17 16:00:00
1784307600000,74.89,75.55,74.89,75.18,408770.71,2026-07-17 17:00:00
1784311200000,75.19,75.36,74.93,75.28,150319.15,2026-07-17 18:00:00
1784314800000,75.27,75.33,74.81,75.15,156066.74,2026-07-17 19:00:00
1784318400000,75.15,75.16,74.84,75.04,108956.25,2026-07-17 20:00:00
1784322000000,75.05,75.19,74.91,74.97,85515.84,2026-07-17 21:00:00
1784325600000,74.97,75.08,74.8,74.99,89408.08,2026-07-17 22:00:00
1784329200000,74.99,75.09,74.8,74.99,80973.89,2026-07-17 23:00:00
1784332800000,74.98,75.23,74.94,75.05,109374.09,2026-07-18 00:00:00
1784336400000,75.06,75.2,75.01,75.17,69891.69,2026-07-18 01:00:00
1784340000000,75.18,75.42,75.1,75.16,128980.23,2026-07-18 02:00:00
1784343600000,75.16,75.34,75.11,75.33,87237.29,2026-07-18 03:00:00
1784347200000,75.34,75.34,75.01,75.06,64623.21,2026-07-18 04:00:00
1784350800000,75.06,75.07,74.82,74.89,145566.63,2026-07-18 05:00:00
1784354400000,74.89,75.05,74.87,74.93,70902.83,2026-07-18 06:00:00
1784358000000,74.92,75.01,74.85,74.92,92128.04,2026-07-18 07:00:00
1784361600000,74.92,75.0,74.74,74.92,151711.98,2026-07-18 08:00:00
1784365200000,74.93,74.96,74.59,74.8,199623.75,2026-07-18 09:00:00
1784368800000,74.8,74.91,74.75,74.85,69625.07,2026-07-18 10:00:00
1784372400000,74.86,74.97,74.84,74.91,95829.29,2026-07-18 11:00:00
1784376000000,74.9,75.14,74.67,74.94,323772.41,2026-07-18 12:00:00
1784379600000,74.94,74.94,74.45,74.69,219749.49,2026-07-18 13:00:00
1784383200000,74.7,74.97,74.61,74.95,128619.51,2026-07-18 14:00:00
1784386800000,74.95,75.0,74.76,74.92,116612.5,2026-07-18 15:00:00
1784390400000,74.91,75.24,74.79,75.13,192567.47,2026-07-18 16:00:00
1784394000000,75.12,75.36,75.01,75.3,173478.32,2026-07-18 17:00:00
1784397600000,75.31,75.62,75.14,75.24,317332.97,2026-07-18 18:00:00
1784401200000,75.24,75.42,75.19,75.4,87788.89,2026-07-18 19:00:00
1784404800000,75.4,75.54,75.28,75.42,85285.5,2026-07-18 20:00:00
1784408400000,75.42,75.6,75.3,75.44,98605.5,2026-07-18 21:00:00
1784412000000,75.43,75.58,75.33,75.52,74097.97,2026-07-18 22:00:00
1784415600000,75.51,75.54,75.36,75.46,43504.19,2026-07-18 23:00:00
1784419200000,75.47,75.64,75.39,75.58,113538.08,2026-07-19 00:00:00
1784422800000,75.59,75.69,75.48,75.64,102049.65,2026-07-19 01:00:00
1784426400000,75.64,76.55,75.63,76.15,655482.59,2026-07-19 02:00:00
1784430000000,76.15,76.4,75.76,75.91,253124.1,2026-07-19 03:00:00
1784433600000,75.92,76.04,75.67,75.95,174530.33,2026-07-19 04:00:00
1784437200000,75.95,76.06,75.84,75.93,86284.22,2026-07-19 05:00:00
1784440800000,75.93,76.11,75.89,76.06,101335.54,2026-07-19 06:00:00
1784444400000,76.07,76.29,75.96,76.1,119220.4,2026-07-19 07:00:00
1784448000000,76.1,76.33,76.03,76.23,120619.53,2026-07-19 08:00:00
1784451600000,76.24,76.27,75.87,75.96,160116.01,2026-07-19 09:00:00
1784455200000,75.95,76.5,75.86,76.23,187823.81,2026-07-19 10:00:00
1784458800000,76.23,76.38,76.01,76.02,157817.74,2026-07-19 11:00:00
1784462400000,76.02,76.16,75.71,76.0,272770.02,2026-07-19 12:00:00
1784466000000,76.0,76.12,75.84,76.07,152969.7,2026-07-19 13:00:00
1784469600000,76.06,76.65,75.99,76.38,300125.92,2026-07-19 14:00:00
1784473200000,76.38,76.44,76.05,76.15,171875.04,2026-07-19 15:00:00
1784476800000,76.15,76.24,75.8,75.86,225611.15,2026-07-19 16:00:00
1784480400000,75.85,76.19,75.51,75.92,287586.05,2026-07-19 17:00:00
1784484000000,75.92,75.94,75.28,75.71,297756.22,2026-07-19 18:00:00
1784487600000,75.71,75.85,75.58,75.84,63209.26,2026-07-19 19:00:00
1784491200000,75.84,76.11,75.83,76.09,92417.23,2026-07-19 20:00:00
1784494800000,76.1,76.19,75.65,75.73,198877.71,2026-07-19 21:00:00
1784498400000,75.73,76.4,75.57,76.05,243721.63,2026-07-19 22:00:00
1784502000000,76.05,76.54,75.83,76.34,247580.08,2026-07-19 23:00:00
1784505600000,76.33,77.1,76.08,76.52,769248.83,2026-07-20 00:00:00
1784509200000,76.53,77.38,76.22,76.34,528917.19,2026-07-20 01:00:00
1784512800000,76.33,77.16,76.31,76.93,376448.09,2026-07-20 02:00:00
1784516400000,76.92,77.06,76.49,76.71,192610.6,2026-07-20 03:00:00
1784520000000,76.71,76.9,76.24,76.41,307226.71,2026-07-20 04:00:00
1784523600000,76.42,76.45,75.72,75.87,374152.82,2026-07-20 05:00:00
1784527200000,75.88,76.01,75.44,75.58,426209.09,2026-07-20 06:00:00
1784530800000,75.59,76.2,75.47,76.17,269063.39,2026-07-20 07:00:00
1784534400000,76.17,76.4,75.85,76.11,409031.98,2026-07-20 08:00:00
1784538000000,76.1,76.75,76.02,76.42,350307.0,2026-07-20 09:00:00
1784541600000,76.43,76.65,76.3,76.32,162398.04,2026-07-20 10:00:00
1784545200000,76.32,77.2,76.27,77.1,658786.7,2026-07-20 11:00:00
1784548800000,77.09,77.11,76.61,76.71,380279.13,2026-07-20 12:00:00
1784552400000,76.7,77.09,76.08,76.24,613355.46,2026-07-20 13:00:00
1784556000000,76.24,76.43,75.73,76.1,749656.78,2026-07-20 14:00:00
1784559600000,76.11,77.9,76.05,77.72,1102211.5,2026-07-20 15:00:00
1784563200000,77.73,77.84,77.4,77.63,473271.72,2026-07-20 16:00:00
1784566800000,77.62,77.88,77.31,77.7,267398.06,2026-07-20 17:00:00
1784570400000,77.7,78.36,77.55,77.63,605547.6,2026-07-20 18:00:00
1784574000000,77.63,77.7,77.25,77.6,446448.23,2026-07-20 19:00:00
1784577600000,77.6,78.02,77.49,77.85,167103.19,2026-07-20 20:00:00
1784581200000,77.84,77.99,77.66,77.69,122276.05,2026-07-20 21:00:00
1784584800000,77.7,77.8,77.39,77.4,131460.26,2026-07-20 22:00:00
1784588400000,77.41,77.84,77.38,77.8,107574.21,2026-07-20 23:00:00
1784592000000,77.81,78.24,77.71,78.06,197250.35,2026-07-21 00:00:00
1784595600000,78.07,78.19,77.79,77.81,147736.37,2026-07-21 01:00:00
1784599200000,77.81,78.25,77.61,77.99,216545.83,2026-07-21 02:00:00
1784602800000,77.99,78.53,77.96,78.16,279250.62,2026-07-21 03:00:00
1784606400000,78.16,78.37,77.96,78.1,266679.58,2026-07-21 04:00:00
1784610000000,78.09,78.66,78.07,78.41,281565.41,2026-07-21 05:00:00
1784613600000,78.42,78.84,78.25,78.61,286727.82,2026-07-21 06:00:00
1784617200000,78.61,78.72,78.43,78.53,167119.67,2026-07-21 07:00:00
1784620800000,78.52,78.71,78.29,78.32,296410.0,2026-07-21 08:00:00
1784624400000,78.32,78.46,78.11,78.38,182242.61,2026-07-21 09:00:00
1784628000000,78.38,78.45,78.02,78.15,221313.74,2026-07-21 10:00:00
1784631600000,78.15,78.39,78.05,78.32,163219.67,2026-07-21 11:00:00
1784635200000,78.32,78.5,78.23,78.46,220243.13,2026-07-21 12:00:00
1784638800000,78.47,78.6,78.16,78.53,253705.86,2026-07-21 13:00:00
1784642400000,78.54,78.6,77.86,77.96,355592.81,2026-07-21 14:00:00
1784646000000,77.96,78.13,77.75,78.1,280208.34,2026-07-21 15:00:00
1784649600000,78.1,78.24,77.92,78.17,194013.83,2026-07-21 16:00:00
1784653200000,78.16,78.21,77.37,77.69,282810.44,2026-07-21 17:00:00
1784656800000,77.69,77.96,77.56,77.82,106793.39,2026-07-21 18:00:00
1784660400000,77.82,77.96,77.68,77.83,148051.59,2026-07-21 19:00:00
1784664000000,77.83,78.07,77.77,77.86,114159.69,2026-07-21 20:00:00
1784667600000,77.86,78.12,77.75,78.0,100545.64,2026-07-21 21:00:00
1784671200000,78.0,78.03,77.8,77.95,90200.75,2026-07-21 22:00:00
1784674800000,77.94,78.16,77.76,78.09,89669.07,2026-07-21 23:00:00
1784678400000,78.09,78.55,78.06,78.4,262565.43,2026-07-22 00:00:00
1784682000000,78.39,78.49,78.1,78.3,168039.96,2026-07-22 01:00:00
1784685600000,78.31,78.48,78.04,78.07,135392.76,2026-07-22 02:00:00
1784689200000,78.07,78.19,77.75,77.83,153934.73,2026-07-22 03:00:00
1784692800000,77.82,78.19,77.78,78.02,140011.89,2026-07-22 04:00:00
1784696400000,78.02,78.03,77.34,77.38,379558.68,2026-07-22 05:00:00
1784700000000,77.37,77.46,76.94,77.24,471806.41,2026-07-22 06:00:00
1784703600000,77.23,77.27,76.94,77.06,281027.56,2026-07-22 07:00:00
1784707200000,77.07,77.48,77.0,77.38,249767.89,2026-07-22 08:00:00
1784710800000,77.38,77.55,77.24,77.5,154389.56,2026-07-22 09:00:00
1784714400000,77.5,77.69,77.4,77.62,132871.09,2026-07-22 10:00:00
1784718000000,77.62,77.76,77.43,77.52,162982.48,2026-07-22 11:00:00
1784721600000,77.52,77.52,76.99,77.2,335642.74,2026-07-22 12:00:00
1784725200000,77.2,77.93,77.09,77.84,451252.89,2026-07-22 13:00:00
1784728800000,77.83,78.41,77.36,77.85,703799.53,2026-07-22 14:00:00
1784732400000,77.85,78.83,77.85,78.41,689996.72,2026-07-22 15:00:00
1784736000000,78.42,78.79,78.06,78.54,522909.03,2026-07-22 16:00:00
1784739600000,78.54,78.61,78.11,78.18,208973.31,2026-07-22 17:00:00
1784743200000,78.19,78.26,77.41,77.7,344058.01,2026-07-22 18:00:00
1784746800000,77.71,77.78,77.26,77.62,246594.19,2026-07-22 19:00:00
1784750400000,77.61,77.91,77.53,77.76,172693.11,2026-07-22 20:00:00
1784754000000,77.75,78.02,77.63,77.98,115353.95,2026-07-22 21:00:00
1784757600000,77.99,78.1,77.66,77.96,177635.62,2026-07-22 22:00:00
1784761200000,77.96,77.98,77.44,77.93,178462.32,2026-07-22 23:00:00
1784764800000,77.93,78.51,77.93,78.21,354995.4,2026-07-23 00:00:00
1784768400000,78.21,78.37,77.83,77.86,188970.53,2026-07-23 01:00:00
1784772000000,77.85,77.85,77.34,77.71,313057.84,2026-07-23 02:00:00
1784775600000,77.71,77.74,77.42,77.57,141289.08,2026-07-23 03:00:00
1784779200000,77.56,77.78,77.4,77.49,231469.25,2026-07-23 04:00:00
1784782800000,77.5,77.69,77.36,77.48,169946.76,2026-07-23 05:00:00
1784786400000,77.49,77.54,77.31,77.53,142001.79,2026-07-23 06:00:00
1784790000000,77.53,77.53,76.97,77.11,421151.04,2026-07-23 07:00:00
1784793600000,77.11,77.45,77.05,77.43,194409.0,2026-07-23 08:00:00
1784797200000,77.42,77.6,77.35,77.45,151242.97,2026-07-23 09:00:00
1784800800000,77.45,77.76,77.38,77.69,143227.76,2026-07-23 10:00:00
1784804400000,77.7,77.83,77.55,77.61,136031.32,2026-07-23 11:00:00
1784808000000,77.61,77.7,76.45,76.89,850691.34,2026-07-23 12:00:00
1784811600000,76.9,77.03,76.51,76.65,450873.83,2026-07-23 13:00:00
1784815200000,76.65,76.83,76.29,76.39,366352.34,2026-07-23 14:00:00
1784818800000,76.39,76.41,75.8,76.31,742873.61,2026-07-23 15:00:00
1784822400000,76.32,76.33,75.77,75.96,430087.03,2026-07-23 16:00:00
1784826000000,75.97,76.14,75.42,75.61,374749.98,2026-07-23 17:00:00
1784829600000,75.6,75.81,75.53,75.77,190265.19,2026-07-23 18:00:00
1784833200000,75.77,75.8,75.37,75.68,198680.26,2026-07-23 19:00:00
1784836800000,75.69,76.14,75.65,76.08,160161.88,2026-07-23 20:00:00
1784840400000,76.07,76.22,75.86,75.99,122434.69,2026-07-23 21:00:00
1784844000000,76.0,76.19,75.8,76.13,109306.32,2026-07-23 22:00:00
1784847600000,76.13,76.21,75.82,75.83,102598.21,2026-07-23 23:00:00
1784851200000,75.83,75.85,75.46,75.79,262974.31,2026-07-24 00:00:00
1784854800000,75.78,76.08,75.62,75.64,161228.05,2026-07-24 01:00:00
1784858400000,75.64,75.88,75.23,75.48,327558.1,2026-07-24 02:00:00
1784862000000,75.49,75.92,75.43,75.78,192050.1,2026-07-24 03:00:00
1784865600000,75.78,75.81,75.57,75.63,88314.62,2026-07-24 04:00:00
1784869200000,75.63,75.88,75.54,75.74,116601.58,2026-07-24 05:00:00
1784872800000,75.75,75.98,75.68,75.79,162395.6,2026-07-24 06:00:00
1784876400000,75.8,76.4,75.73,76.02,412365.97,2026-07-24 07:00:00
1784880000000,76.03,76.04,75.65,75.74,158893.21,2026-07-24 08:00:00
1784883600000,75.73,75.8,75.31,75.57,358550.25,2026-07-24 09:00:00
1784887200000,75.57,75.62,75.33,75.44,139044.28,2026-07-24 10:00:00
1784890800000,75.43,75.47,74.92,75.16,404063.53,2026-07-24 11:00:00
1784894400000,75.15,75.25,74.74,74.82,311140.42,2026-07-24 12:00:00
1784898000000,74.81,74.88,73.92,74.17,1141654.34,2026-07-24 13:00:00
1784901600000,74.17,74.22,73.54,73.99,776238.92,2026-07-24 14:00:00
1784905200000,73.99,74.25,73.64,74.0,574503.01,2026-07-24 15:00:00
1784908800000,73.99,74.17,73.66,73.86,367575.08,2026-07-24 16:00:00
1784912400000,73.86,74.11,73.81,74.01,224210.58,2026-07-24 17:00:00
1784916000000,74.0,74.04,73.85,73.94,103731.46,2026-07-24 18:00:00
1784919600000,73.94,74.01,73.74,73.92,150970.83,2026-07-24 19:00:00
1784923200000,73.92,73.98,73.67,73.71,136939.0,2026-07-24 20:00:00
1784926800000,73.72,73.8,73.38,73.6,285042.31,2026-07-24 21:00:00
1784930400000,73.59,73.93,73.58,73.88,96097.73,2026-07-24 22:00:00
1784934000000,73.88,73.98,73.8,73.91,89758.67,2026-07-24 23:00:00
1784937600000,73.91,74.11,73.88,74.08,173231.02,2026-07-25 00:00:00
1784941200000,74.08,74.21,73.96,74.08,167196.71,2026-07-25 01:00:00
1784944800000,74.09,74.16,74.0,74.06,117716.65,2026-07-25 02:00:00
1784948400000,74.06,74.28,73.99,74.09,156477.79,2026-07-25 03:00:00
1784952000000,74.09,74.33,74.08,74.27,147259.44,2026-07-25 04:00:00
1784955600000,74.27,74.3,73.85,73.94,130967.18,2026-07-25 05:00:00
1784959200000,73.93,73.99,73.72,73.99,298556.81,2026-07-25 06:00:00
1784962800000,73.99,74.01,73.73,73.74,92446.26,2026-07-25 07:00:00
1784966400000,73.74,73.83,73.49,73.74,200983.16,2026-07-25 08:00:00
1784970000000,73.75,73.99,73.7,73.94,134890.25,2026-07-25 09:00:00
1784973600000,73.93,73.98,73.85,73.93,71869.47,2026-07-25 10:00:00
1784977200000,73.94,74.0,73.8,73.88,92813.59,2026-07-25 11:00:00
1784980800000,73.88,73.94,73.82,73.92,70058.51,2026-07-25 12:00:00
1784984400000,73.91,74.15,73.89,73.93,165973.31,2026-07-25 13:00:00
1784988000000,73.94,74.05,73.73,73.99,329477.55,2026-07-25 14:00:00
1784991600000,74.0,74.28,73.96,74.13,250510.96,2026-07-25 15:00:00
1784995200000,74.12,74.39,74.04,74.29,186848.82,2026-07-25 16:00:00
1784998800000,74.29,74.62,74.26,74.42,195080.73,2026-07-25 17:00:00
1785002400000,74.43,74.67,74.43,74.61,136667.42,2026-07-25 18:00:00
1785006000000,74.62,74.68,74.48,74.51,68724.07,2026-07-25 19:00:00
1785009600000,74.51,74.53,74.35,74.41,104305.93,2026-07-25 20:00:00
1785013200000,74.41,74.57,74.24,74.41,105211.26,2026-07-25 21:00:00
1785016800000,74.41,74.49,74.26,74.45,73959.48,2026-07-25 22:00:00
1785020400000,74.45,74.5,74.34,74.48,106128.12,2026-07-25 23:00:00
1785024000000,74.48,74.93,74.42,74.74,323942.77,2026-07-26 00:00:00
1785027600000,74.74,74.86,74.63,74.78,114475.99,2026-07-26 01:00:00
1785031200000,74.78,74.9,74.67,74.86,124021.07,2026-07-26 02:00:00
1785034800000,74.86,75.03,74.78,74.99,175467.57,2026-07-26 03:00:00
1785038400000,74.99,75.19,74.9,75.03,235189.54,2026-07-26 04:00:00
1785042000000,75.03,75.13,74.9,74.97,110688.3,2026-07-26 05:00:00
1785045600000,74.97,75.1,74.7,75.08,198787.82,2026-07-26 06:00:00
1785049200000,75.08,75.11,74.81,74.83,114488.58,2026-07-26 07:00:00
1785052800000,74.83,75.02,74.8,74.95,98221.95,2026-07-26 08:00:00
1785056400000,74.95,75.25,74.94,75.03,233327.44,2026-07-26 09:00:00
1785060000000,75.02,75.21,74.98,75.08,121881.48,2026-07-26 10:00:00
1785063600000,75.07,75.13,74.84,74.91,140209.74,2026-07-26 11:00:00
1785067200000,74.91,75.1,74.77,74.83,191147.14,2026-07-26 12:00:00
1785070800000,74.83,74.93,74.72,74.89,166167.23,2026-07-26 13:00:00
1785074400000,74.89,75.2,74.85,75.0,232585.39,2026-07-26 14:00:00
1785078000000,75.0,75.46,74.92,75.44,342809.41,2026-07-26 15:00:00
1785081600000,75.45,75.95,75.26,75.48,360304.03,2026-07-26 16:00:00
1785085200000,75.48,75.56,75.24,75.34,139137.89,2026-07-26 17:00:00
1785088800000,75.34,75.41,75.23,75.35,81438.37,2026-07-26 18:00:00
1785092400000,75.35,75.42,75.2,75.29,59262.52,2026-07-26 19:00:00
1785096000000,75.29,75.36,75.26,75.3,52245.75,2026-07-26 20:00:00
1785099600000,75.3,75.73,75.28,75.6,113688.75,2026-07-26 21:00:00
1785103200000,75.61,76.77,75.61,76.67,631788.3,2026-07-26 22:00:00
1785106800000,76.67,77.08,76.46,76.73,551954.18,2026-07-26 23:00:00
1785110400000,76.74,76.76,76.14,76.28,324091.69,2026-07-27 00:00:00
1785114000000,76.29,76.5,75.95,76.49,275246.03,2026-07-27 01:00:00
1785117600000,76.49,76.65,76.33,76.4,267837.33,2026-07-27 02:00:00
1785121200000,76.41,76.52,76.3,76.37,135756.57,2026-07-27 03:00:00
1785124800000,76.38,76.61,76.24,76.27,189312.06,2026-07-27 04:00:00
1785128400000,76.28,76.61,76.23,76.53,132378.09,2026-07-27 05:00:00
1785132000000,76.53,76.96,76.49,76.7,429361.11,2026-07-27 06:00:00
1785135600000,76.69,76.73,76.35,76.43,170602.42,2026-07-27 07:00:00
1785139200000,76.44,76.47,76.19,76.26,195351.13,2026-07-27 08:00:00
1785142800000,76.27,76.53,76.09,76.45,193935.97,2026-07-27 09:00:00
1785146400000,76.44,76.64,76.38,76.57,128214.29,2026-07-27 10:00:00
1785150000000,76.58,76.66,76.45,76.47,148068.06,2026-07-27 11:00:00
1785153600000,76.47,77.03,76.2,76.81,640407.21,2026-07-27 12:00:00
1785157200000,76.82,77.47,76.41,76.87,730703.46,2026-07-27 13:00:00
1785160800000,76.86,76.95,74.94,75.42,1490904.9,2026-07-27 14:00:00
1785164400000,75.43,75.56,75.03,75.22,377284.5,2026-07-27 15:00:00
1785168000000,75.22,75.94,75.09,75.9,449198.41,2026-07-27 16:00:00
1785171600000,75.9,76.22,75.76,75.86,243108.21,2026-07-27 17:00:00
1785175200000,75.86,75.95,75.21,75.55,325815.38,2026-07-27 18:00:00
1785178800000,75.56,76.02,75.45,75.94,231261.66,2026-07-27 19:00:00
1785182400000,75.95,76.11,75.76,75.93,140182.91,2026-07-27 20:00:00
1785186000000,75.93,75.95,75.47,75.57,108206.62,2026-07-27 21:00:00
1785189600000,75.56,75.59,73.95,74.02,682341.21,2026-07-27 22:00:00
1785193200000,74.01,74.38,73.69,74.16,449096.25,2026-07-27 23:00:00
1785196800000,74.15,74.25,73.62,73.66,347827.06,2026-07-28 00:00:00
1785200400000,73.66,73.7,72.78,73.15,789422.27,2026-07-28 01:00:00
1785204000000,73.15,73.41,73.01,73.32,221299.54,2026-07-28 02:00:00
1785207600000,73.31,73.37,73.11,73.23,147044.87,2026-07-28 03:00:00
1785211200000,73.23,73.24,72.93,73.16,223546.52,2026-07-28 04:00:00
1785214800000,73.16,73.49,73.14,73.2,202988.95,2026-07-28 05:00:00
1785218400000,73.21,73.45,73.08,73.39,241606.87,2026-07-28 06:00:00
1785222000000,73.39,73.45,73.08,73.24,221340.1,2026-07-28 07:00:00
1785225600000,73.23,73.4,73.09,73.31,154373.96,2026-07-28 08:00:00
1785229200000,73.31,73.46,73.15,73.21,155301.0,2026-07-28 09:00:00
1785232800000,73.2,73.29,73.08,73.11,172015.67,2026-07-28 10:00:00
1785236400000,73.11,73.32,72.82,73.14,372912.26,2026-07-28 11:00:00
1785240000000,73.14,73.42,73.07,73.34,209507.01,2026-07-28 12:00:00
1785243600000,73.33,73.39,72.29,72.66,833098.2,2026-07-28 13:00:00
1785247200000,72.66,73.45,72.49,73.36,534774.85,2026-07-28 14:00:00
1785250800000,73.37,74.53,73.25,74.29,929748.45,2026-07-28 15:00:00
1785254400000,74.29,74.53,74.0,74.37,275453.76,2026-07-28 16:00:00
1785258000000,74.37,74.39,73.49,73.78,442402.84,2026-07-28 17:00:00
1785261600000,73.78,74.02,73.75,73.84,140067.52,2026-07-28 18:00:00
1785265200000,73.83,74.34,73.78,74.28,145838.61,2026-07-28 19:00:00
1785268800000,74.28,74.33,73.96,74.0,194005.54,2026-07-28 20:00:00
1785272400000,74.01,74.36,73.96,74.09,210449.41,2026-07-28 21:00:00
1785276000000,74.1,74.2,73.37,73.4,222941.81,2026-07-28 22:00:00
1785279600000,73.39,73.81,73.12,73.78,307663.89,2026-07-28 23:00:00
1785283200000,73.77,74.14,73.71,73.74,320143.09,2026-07-29 00:00:00
1785286800000,73.73,73.76,73.17,73.22,196091.16,2026-07-29 01:00:00
1785290400000,73.22,73.94,73.02,73.65,354520.03,2026-07-29 02:00:00
1785294000000,73.65,73.72,72.97,73.03,271640.16,2026-07-29 03:00:00
1785297600000,73.04,73.45,72.68,73.4,419962.02,2026-07-29 04:00:00
1785301200000,73.4,73.75,73.29,73.63,232560.06,2026-07-29 05:00:00
1785304800000,73.63,74.04,73.48,74.02,199328.88,2026-07-29 06:00:00
1785308400000,74.03,74.24,73.93,74.21,202321.75,2026-07-29 07:00:00
1785312000000,74.21,74.29,73.65,73.9,294154.8,2026-07-29 08:00:00
1785315600000,73.9,74.28,73.87,74.08,131995.23,2026-07-29 09:00:00
1785319200000,74.09,74.09,73.74,73.86,142499.21,2026-07-29 10:00:00
1785322800000,73.86,74.05,73.78,73.91,84576.79,2026-07-29 11:00:00
1785326400000,73.91,73.91,73.4,73.49,234279.74,2026-07-29 12:00:00
1785330000000,73.48,73.74,73.27,73.68,310993.55,2026-07-29 13:00:00
1785333600000,73.68,73.88,73.04,73.23,353247.71,2026-07-29 14:00:00
1785337200000,73.23,73.41,72.93,73.09,215626.49,2026-07-29 15:00:00
1785340800000,73.09,73.34,72.85,73.24,279936.55,2026-07-29 16:00:00
1785344400000,73.23,73.93,73.14,73.9,366175.32,2026-07-29 17:00:00
1785348000000,73.9,74.5,73.38,74.21,859400.85,2026-07-29 18:00:00
1785351600000,74.21,74.34,72.69,72.7,635332.38,2026-07-29 19:00:00
1785355200000,72.71,73.17,72.39,72.61,574140.28,2026-07-29 20:00:00
1785358800000,72.6,73.15,72.27,73.14,333384.83,2026-07-29 21:00:00
1785362400000,73.15,73.76,73.14,73.59,263464.87,2026-07-29 22:00:00
1785366000000,73.6,73.71,73.36,73.63,186591.29,2026-07-29 23:00:00
1785369600000,73.63,73.83,73.1,73.25,259777.27,2026-07-30 00:00:00
1785373200000,73.26,74.19,73.22,73.97,318061.69,2026-07-30 01:00:00
1785376800000,73.98,74.1,73.77,73.79,127146.03,2026-07-30 02:00:00
1785380400000,73.8,73.97,73.62,73.66,136281.35,2026-07-30 03:00:00
1785384000000,73.67,73.7,73.45,73.48,151045.3,2026-07-30 04:00:00
1785387600000,73.48,73.83,73.38,73.65,142256.82,2026-07-30 05:00:00
1785391200000,73.66,73.71,73.43,73.49,98809.58,2026-07-30 06:00:00
1785394800000,73.48,73.77,73.35,73.38,177869.89,2026-07-30 07:00:00
1785398400000,73.38,73.79,73.25,73.76,249411.24,2026-07-30 08:00:00
1785402000000,73.76,74.18,73.75,73.99,281442.63,2026-07-30 09:00:00
1785405600000,74.0,74.16,73.77,73.86,183638.64,2026-07-30 10:00:00
1785409200000,73.85,74.29,73.84,74.18,192444.39,2026-07-30 11:00:00
1785412800000,74.18,74.44,74.02,74.35,395275.06,2026-07-30 12:00:00
1785416400000,74.35,74.87,74.07,74.64,494654.29,2026-07-30 13:00:00
1785420000000,74.64,74.75,74.25,74.6,350464.42,2026-07-30 14:00:00
1785423600000,74.6,74.82,74.42,74.62,249611.99,2026-07-30 15:00:00
1785427200000,74.62,74.8,74.42,74.54,169015.17,2026-07-30 16:00:00
1785430800000,74.55,74.85,74.38,74.71,142576.78,2026-07-30 17:00:00
1785434400000,74.71,74.94,74.45,74.49,125070.38,2026-07-30 18:00:00
1785438000000,74.49,74.79,74.48,74.73,116691.25,2026-07-30 19:00:00
1785441600000,74.74,74.87,74.41,74.45,179789.18,2026-07-30 20:00:00
1785445200000,74.45,74.57,74.39,74.46,100839.02,2026-07-30 21:00:00
1785448800000,74.45,74.85,74.35,74.7,119109.81,2026-07-30 22:00:00
1785452400000,74.7,74.96,74.42,74.45,248068.1,2026-07-30 23:00:00
1785456000000,74.46,74.61,74.39,74.46,136666.51,2026-07-31 00:00:00
1785459600000,74.46,75.27,74.23,74.37,626548.21,2026-07-31 01:00:00
1785463200000,74.36,74.53,74.04,74.11,319829.35,2026-07-31 02:00:00
1785466800000,74.11,74.32,73.83,74.1,266492.39,2026-07-31 03:00:00
1785470400000,74.1,74.11,73.69,73.79,229829.67,2026-07-31 04:00:00
1785474000000,73.79,74.28,73.79,74.2,201202.38,2026-07-31 05:00:00
1785477600000,74.19,74.5,73.96,74.06,208604.62,2026-07-31 06:00:00
1785481200000,74.06,74.06,73.46,73.62,348183.35,2026-07-31 07:00:00
1785484800000,73.62,73.77,73.47,73.61,188637.87,2026-07-31 08:00:00
1785488400000,73.62,73.66,73.34,73.45,268806.69,2026-07-31 09:00:00
1785492000000,73.44,73.62,73.24,73.53,218324.62,2026-07-31 10:00:00
1785495600000,73.53,73.68,73.42,73.52,86845.13,2026-07-31 11:00:00
1785499200000,73.53,73.6,73.32,73.6,168962.96,2026-07-31 12:00:00
1785502800000,73.6,73.78,73.12,73.24,368962.03,2026-07-31 13:00:00
1785506400000,73.25,73.65,72.74,73.0,1044518.41,2026-07-31 14:00:00
1785510000000,73.0,73.18,72.83,73.07,280201.54,2026-07-31 15:00:00
1785513600000,73.07,73.31,72.94,73.27,194040.85,2026-07-31 16:00:00
1785517200000,73.26,73.4,73.13,73.32,120080.66,2026-07-31 17:00:00
1785520800000,73.32,73.46,72.9,73.08,190737.9,2026-07-31 18:00:00
1785524400000,73.07,73.29,72.87,73.05,197295.9,2026-07-31 19:00:00
1785528000000,73.05,73.2,72.9,72.92,152627.59,2026-07-31 20:00:00
1785531600000,72.92,73.06,72.49,72.68,344064.64,2026-07-31 21:00:00
1785535200000,72.68,72.9,72.62,72.79,109036.7,2026-07-31 22:00:00
1785538800000,72.79,72.91,72.74,72.82,68026.55,2026-07-31 23:00:00
1785542400000,72.81,73.12,72.81,72.97,187090.2,2026-08-01 00:00:00
1785546000000,72.97,73.1,72.94,72.99,65662.83,2026-08-01 01:00:00
1785549600000,73.0,73.12,72.96,73.04,100325.31,2026-08-01 02:00:00
1785553200000,73.05,73.06,72.83,73.01,100987.89,2026-08-01 03:00:00
1785556800000,73.0,73.18,73.0,73.13,75827.87,2026-08-01 04:00:00
1785560400000,73.13,73.16,72.82,72.91,138624.78,2026-08-01 05:00:00
1785564000000,72.91,73.0,72.86,72.95,66724.75,2026-08-01 06:00:00
1785567600000,72.95,73.08,72.88,72.93,82562.02,2026-08-01 07:00:00
1785571200000,72.93,73.05,72.92,73.0,45518.66,2026-08-01 08:00:00
1785574800000,73.0,73.05,72.78,72.8,106073.97,2026-08-01 09:00:00
1785578400000,72.81,72.86,72.61,72.8,139400.97,2026-08-01 10:00:00
1785582000000,72.8,72.88,72.74,72.85,85531.45,2026-08-01 11:00:00
1785585600000,72.85,72.91,72.82,72.9,54433.1,2026-08-01 12:00:00
1785589200000,72.89,72.96,72.87,72.94,59315.9,2026-08-01 13:00:00
1785592800000,72.93,73.01,72.82,72.99,111989.4,2026-08-01 14:00:00
1785596400000,72.98,72.99,72.68,72.75,207674.32,2026-08-01 15:00:00
1785600000000,72.75,72.9,72.43,72.66,199469.34,2026-08-01 16:00:00
1785603600000,72.65,72.75,71.58,71.88,993896.54,2026-08-01 17:00:00
1785607200000,71.89,71.94,70.51,71.04,1261961.77,2026-08-01 18:00:00
1785610800000,71.04,71.31,71.0,71.22,216003.85,2026-08-01 19:00:00
1785614400000,71.21,71.51,71.15,71.51,163128.03,2026-08-01 20:00:00
1785618000000,71.51,71.82,71.5,71.8,206352.03,2026-08-01 21:00:00
1785621600000,71.8,71.97,71.8,71.86,108108.2,2026-08-01 22:00:00
1785625200000,71.87,72.04,71.77,71.9,142285.27,2026-08-01 23:00:00
1785628800000,71.89,72.1,71.88,72.07,158503.77,2026-08-02 00:00:00
1785632400000,72.07,72.71,72.06,72.6,352572.2,2026-08-02 01:00:00
1785636000000,72.6,73.37,72.53,73.09,623500.91,2026-08-02 02:00:00
1785639600000,73.1,73.21,73.04,73.15,192243.52,2026-08-02 03:00:00
1785643200000,73.16,73.51,73.16,73.49,258621.08,2026-08-02 04:00:00
1785646800000,73.48,73.63,73.43,73.55,272715.03,2026-08-02 05:00:00
1785650400000,73.56,73.62,73.38,73.41,183892.02,2026-08-02 06:00:00
1785654000000,73.41,73.47,73.35,73.43,127590.9,2026-08-02 07:00:00
1785657600000,73.44,73.52,73.12,73.15,289208.38,2026-08-02 08:00:00
1785661200000,73.14,73.39,72.93,73.34,200745.16,2026-08-02 09:00:00
1785664800000,73.34,73.36,73.1,73.23,109098.56,2026-08-02 10:00:00
1785668400000,73.24,73.27,72.89,72.95,175247.63,2026-08-02 11:00:00
1785672000000,72.96,73.2,72.85,72.85,177719.02,2026-08-02 12:00:00
1785675600000,72.85,72.96,72.64,72.92,240312.03,2026-08-02 13:00:00
1785679200000,72.92,73.19,72.88,73.05,131336.53,2026-08-02 14:00:00
1785682800000,73.06,73.17,72.96,72.98,111127.12,2026-08-02 15:00:00
1785686400000,72.99,73.27,72.87,73.1,211679.37,2026-08-02 16:00:00
1785690000000,73.1,73.36,73.05,73.27,105982.6,2026-08-02 17:00:00
1785693600000,73.28,73.83,73.2,73.52,282262.3,2026-08-02 18:00:00
1785697200000,73.52,73.75,73.48,73.69,138796.58,2026-08-02 19:00:00
1785700800000,73.69,73.71,73.51,73.65,71991.5,2026-08-02 20:00:00
1785704400000,73.65,74.3,73.63,73.96,341451.2,2026-08-02 21:00:00
1785708000000,73.96,74.18,73.6,73.61,319913.03,2026-08-02 22:00:00
1785711600000,73.61,73.62,73.41,73.58,124613.89,2026-08-02 23:00:00
1785715200000,73.59,73.63,73.13,73.19,194699.09,2026-08-03 00:00:00
1785718800000,73.18,73.22,72.88,72.97,174185.52,2026-08-03 01:00:00
1785722400000,72.96,73.11,72.86,72.99,161881.02,2026-08-03 02:00:00
1785726000000,72.98,73.08,72.63,72.87,216977.15,2026-08-03 03:00:00
1785729600000,72.86,73.03,72.8,72.81,112213.32,2026-08-03 04:00:00
1785733200000,72.8,73.01,72.78,72.88,172270.52,2026-08-03 05:00:00
1785736800000,72.87,72.94,72.47,72.55,291194.38,2026-08-03 06:00:00
1785740400000,72.55,72.65,72.36,72.47,206345.53,2026-08-03 07:00:00
1785744000000,72.47,72.53,71.93,72.33,484845.26,2026-08-03 08:00:00
1785747600000,72.33,72.77,72.28,72.69,249812.35,2026-08-03 09:00:00
1785751200000,72.69,72.76,72.47,72.57,146590.48,2026-08-03 10:00:00
1785754800000,72.57,72.61,72.36,72.4,123078.77,2026-08-03 11:00:00
1785758400000,72.41,72.52,72.29,72.38,121619.86,2026-08-03 12:00:00
1785762000000,72.38,73.26,72.28,73.23,534829.55,2026-08-03 13:00:00
1785765600000,73.23,73.77,72.97,73.75,672351.95,2026-08-03 14:00:00
1785769200000,73.76,73.8,73.42,73.57,341411.46,2026-08-03 15:00:00
1785772800000,73.57,73.78,73.19,73.39,290977.73,2026-08-03 16:00:00
1785776400000,73.39,73.83,73.28,73.66,201827.9,2026-08-03 17:00:00
1785780000000,73.66,74.26,73.65,73.93,349313.24,2026-08-03 18:00:00
1785783600000,73.94,74.14,73.91,73.98,143450.79,2026-08-03 19:00:00
1785787200000,73.97,74.11,73.73,73.82,103602.09,2026-08-03 20:00:00
1785790800000,73.82,73.84,73.62,73.68,80578.63,2026-08-03 21:00:00
1785794400000,73.68,73.69,73.33,73.51,163056.25,2026-08-03 22:00:00
1785798000000,73.5,73.53,73.35,73.52,67296.49,2026-08-03 23:00:00
1785801600000,73.53,73.6,72.99,73.04,223499.04,2026-08-04 00:00:00
1785805200000,73.04,73.76,73.02,73.73,244499.7,2026-08-04 01:00:00
1785808800000,73.74,74.1,73.64,73.83,200688.46,2026-08-04 02:00:00
1785812400000,73.83,73.87,73.38,73.65,232433.25,2026-08-04 03:00:00
1785816000000,73.65,74.07,73.55,73.79,194473.22,2026-08-04 04:00:00
1785819600000,73.79,73.85,73.65,73.71,105078.65,2026-08-04 05:00:00
1785823200000,73.71,73.88,73.36,73.4,164553.95,2026-08-04 06:00:00
1785826800000,73.4,73.71,73.16,73.64,235221.92,2026-08-04 07:00:00
1785830400000,73.65,73.73,73.25,73.32,100949.09,2026-08-04 08:00:00
1785834000000,73.32,73.32,73.13,73.26,72313.38,2026-08-04 09:00:00
1785837600000,73.27,73.67,73.07,73.57,189630.28,2026-08-04 10:00:00
1785841200000,73.57,74.0,73.5,73.9,259750.18,2026-08-04 11:00:00
1785844800000,73.9,74.06,73.71,73.78,210087.68,2026-08-04 12:00:00
1785848400000,73.78,74.02,73.54,73.6,352565.85,2026-08-04 13:00:00
1785852000000,73.6,73.9,73.27,73.78,467464.95,2026-08-04 14:00:00
1785855600000,73.79,74.17,73.37,73.95,446278.5,2026-08-04 15:00:00
1785859200000,73.95,73.97,73.56,73.68,165263.0,2026-08-04 16:00:00
1785862800000,73.69,74.2,73.68,73.74,239291.65,2026-08-04 17:00:00
1785866400000,73.74,74.37,73.73,74.13,193681.32,2026-08-04 18:00:00
1785870000000,74.13,74.36,74.08,74.15,140909.04,2026-08-04 19:00:00
1785873600000,74.16,74.43,73.84,74.23,254568.29,2026-08-04 20:00:00
1785877200000,74.23,74.24,73.97,74.09,144010.52,2026-08-04 21:00:00
1785880800000,74.1,74.18,73.94,74.06,61753.95,2026-08-04 22:00:00
1785884400000,74.06,74.26,73.69,73.71,211266.88,2026-08-04 23:00:00
1785888000000,73.71,73.77,73.43,73.47,230735.07,2026-08-05 00:00:00
1785891600000,73.48,74.06,73.35,74.06,281075.15,2026-08-05 01:00:00
1785895200000,74.07,74.44,74.02,74.17,328895.45,2026-08-05 02:00:00
1785898800000,74.16,74.26,73.67,73.75,319204.91,2026-08-05 03:00:00
1785902400000,73.74,73.82,73.59,73.76,131275.83,2026-08-05 04:00:00
1785906000000,73.76,74.26,73.71,74.11,247097.41,2026-08-05 05:00:00
1785909600000,74.11,74.21,73.94,73.96,101843.64,2026-08-05 06:00:00
1785913200000,73.97,74.0,73.65,73.94,201538.88,2026-08-05 07:00:00
1785916800000,73.94,74.13,73.92,74.03,204386.34,2026-08-05 08:00:00
1785920400000,74.04,74.16,73.96,73.98,99545.0,2026-08-05 09:00:00
1785924000000,73.98,74.1,73.75,73.82,132840.73,2026-08-05 10:00:00
1785927600000,73.82,73.97,73.7,73.75,122976.98,2026-08-05 11:00:00
1785931200000,73.75,74.36,73.68,74.02,361085.57,2026-08-05 12:00:00
1785934800000,74.03,74.06,73.2,73.93,783499.85,2026-08-05 13:00:00
1785938400000,73.93,74.11,73.57,73.92,405201.86,2026-08-05 14:00:00
1785942000000,73.92,74.26,73.8,73.9,402408.64,2026-08-05 15:00:00
1785945600000,73.89,74.4,73.89,74.24,354509.19,2026-08-05 16:00:00
1785949200000,74.24,74.63,74.08,74.51,264966.09,2026-08-05 17:00:00
1785952800000,74.52,74.8,74.39,74.49,284173.9,2026-08-05 18:00:00
1785956400000,74.49,74.6,74.38,74.43,145858.71,2026-08-05 19:00:00
1785960000000,74.44,74.55,74.26,74.34,168137.31,2026-08-05 20:00:00
1785963600000,74.35,74.36,74.03,74.08,153275.66,2026-08-05 21:00:00
1785967200000,74.09,74.17,73.96,73.97,95530.37,2026-08-05 22:00:00
1785970800000,73.97,74.07,73.8,73.99,132088.21,2026-08-05 23:00:00
1785974400000,74.0,74.23,74.0,74.02,149668.79,2026-08-06 00:00:00
1785978000000,74.02,74.07,73.68,73.71,228146.67,2026-08-06 01:00:00
1785981600000,73.7,73.74,73.33,73.5,379937.69,2026-08-06 02:00:00
1785985200000,73.49,73.55,73.39,73.45,179236.43,2026-08-06 03:00:00
1785988800000,73.45,73.84,73.34,73.81,251959.97,2026-08-06 04:00:00
1785992400000,73.82,74.3,73.81,74.19,365623.15,2026-08-06 05:00:00
1785996000000,74.19,74.2,73.9,74.01,148115.27,2026-08-06 06:00:00
1785999600000,74.0,74.09,73.83,73.84,88041.57,2026-08-06 07:00:00
1786003200000,73.84,74.07,73.67,73.95,202375.52,2026-08-06 08:00:00
1786006800000,73.95,73.96,73.15,73.27,542985.79,2026-08-06 09:00:00
1786010400000,73.27,73.4,73.12,73.28,299144.0,2026-08-06 10:00:00
1786014000000,73.28,73.53,73.14,73.41,195899.26,2026-08-06 11:00:00
1786017600000,73.41,73.43,73.08,73.1,166192.78,2026-08-06 12:00:00
1786021200000,73.1,73.28,72.8,73.2,520012.95,2026-08-06 13:00:00
1786024800000,73.19,73.54,73.05,73.43,302032.22,2026-08-06 14:00:00
1786028400000,73.42,73.6,73.25,73.26,198069.83,2026-08-06 15:00:00
1786032000000,73.27,73.45,73.05,73.41,163708.96,2026-08-06 16:00:00
1786035600000,73.4,73.51,73.02,73.14,95047.1,2026-08-06 17:00:00
1786039200000,73.14,73.19,72.66,72.78,198902.92,2026-08-06 18:00:00
1786042800000,72.78,72.9,72.5,72.76,238822.68,2026-08-06 19:00:00
1786046400000,72.75,72.95,72.75,72.81,105198.83,2026-08-06 20:00:00
1786050000000,72.81,72.95,72.74,72.82,152169.86,2026-08-06 21:00:00
1786053600000,72.82,72.85,72.61,72.64,74641.68,2026-08-06 22:00:00
1786057200000,72.64,72.69,72.27,72.64,262509.85,2026-08-06 23:00:00
1786060800000,72.64,72.77,72.51,72.62,139987.53,2026-08-07 00:00:00
1786064400000,72.61,72.83,72.55,72.7,114496.68,2026-08-07 01:00:00
1786068000000,72.7,72.9,72.43,72.66,200798.26,2026-08-07 02:00:00
1786071600000,72.65,72.72,72.49,72.58,107070.07,2026-08-07 03:00:00
1786075200000,72.58,72.76,72.46,72.64,104945.73,2026-08-07 04:00:00
1786078800000,72.63,72.92,72.4,72.82,213857.45,2026-08-07 05:00:00
1786082400000,72.82,73.03,72.75,72.8,190078.17,2026-08-07 06:00:00
1786086000000,72.79,72.98,72.69,72.87,160431.27,2026-08-07 07:00:00
1786089600000,72.87,73.28,72.87,73.15,161034.83,2026-08-07 08:00:00
1786093200000,73.15,73.71,73.14,73.58,558560.11,2026-08-07 09:00:00
1786096800000,73.58,73.73,73.45,73.5,186105.49,2026-08-07 10:00:00
1786100400000,73.5,73.74,73.49,73.58,182039.97,2026-08-07 11:00:00
1786104000000,73.58,74.31,73.58,73.86,624910.93,2026-08-07 12:00:00
1786107600000,73.87,74.33,73.75,74.09,438301.23,2026-08-07 13:00:00
1786111200000,74.08,74.2,73.53,73.69,477151.49,2026-08-07 14:00:00
1786114800000,73.69,73.94,73.66,73.86,163455.02,2026-08-07 15:00:00
1786118400000,73.85,74.09,73.53,73.54,198868.09,2026-08-07 16:00:00
1786122000000,73.54,73.54,73.15,73.39,310911.37,2026-08-07 17:00:00
1786125600000,73.4,73.55,73.23,73.38,91362.54,2026-08-07 18:00:00
1786129200000,73.38,74.0,73.37,73.98,192598.7,2026-08-07 19:00:00
1786132800000,73.98,74.06,73.76,73.8,151096.67,2026-08-07 20:00:00
1786136400000,73.79,73.86,73.57,73.62,142933.91,2026-08-07 21:00:00
1786140000000,73.62,73.7,73.56,73.61,62044.6,2026-08-07 22:00:00
1786143600000,73.62,73.76,73.59,73.63,73313.46,2026-08-07 23:00:00
1786147200000,73.64,73.73,73.54,73.69,94653.63,2026-08-08 00:00:00
1786150800000,73.69,73.94,73.65,73.85,103859.4,2026-08-08 01:00:00
1786154400000,73.84,73.95,73.8,73.82,100857.94,2026-08-08 02:00:00
1786158000000,73.82,74.98,73.81,74.81,627278.0,2026-08-08 03:00:00
1786161600000,74.81,75.13,74.55,74.61,476366.24,2026-08-08 04:00:00
1786165200000,74.6,74.73,74.44,74.62,186943.95,2026-08-08 05:00:00
1786168800000,74.61,74.79,74.53,74.67,132354.15,2026-08-08 06:00:00
1786172400000,74.68,74.8,74.62,74.77,142966.66,2026-08-08 07:00:00
1786176000000,74.78,74.88,74.65,74.77,159172.24,2026-08-08 08:00:00
1786179600000,74.77,75.0,74.76,74.83,153121.31,2026-08-08 09:00:00
1786183200000,74.83,75.14,74.82,75.04,195158.47,2026-08-08 10:00:00
1786186800000,75.04,75.66,75.01,75.55,756487.22,2026-08-08 11:00:00
1786190400000,75.56,75.63,75.31,75.4,391915.04,2026-08-08 12:00:00
1786194000000,75.4,75.52,75.38,75.5,122536.61,2026-08-08 13:00:00
1786197600000,75.49,76.6,75.49,76.44,909211.26,2026-08-08 14:00:00
1786201200000,76.45,76.79,76.18,76.35,689729.15,2026-08-08 15:00:00
1786204800000,76.35,76.47,76.11,76.34,211826.23,2026-08-08 16:00:00
1786208400000,76.34,76.46,76.23,76.34,172503.91,2026-08-08 17:00:00
1786212000000,76.34,76.34,76.01,76.1,184767.34,2026-08-08 18:00:00
1786215600000,76.1,76.26,75.93,76.12,128230.49,2026-08-08 19:00:00
1786219200000,76.12,76.25,76.1,76.23,53208.76,2026-08-08 20:00:00
1786222800000,76.23,76.33,76.11,76.18,76094.32,2026-08-08 21:00:00
1786226400000,76.17,76.25,75.81,75.87,243477.3,2026-08-08 22:00:00
1786230000000,75.87,76.06,75.73,75.98,202027.4,2026-08-08 23:00:00
1786233600000,75.97,76.03,75.81,75.98,122333.83,2026-08-09 00:00:00
1786237200000,75.98,76.06,75.67,75.83,157415.82,2026-08-09 01:00:00
1786240800000,75.83,75.96,75.75,75.83,129963.27,2026-08-09 02:00:00
1786244400000,75.83,76.02,75.72,75.95,162019.33,2026-08-09 03:00:00
1786248000000,75.95,76.09,75.91,75.93,90269.28,2026-08-09 04:00:00
1786251600000,75.94,75.99,75.84,75.96,70713.99,2026-08-09 05:00:00
1786255200000,75.97,76.46,75.92,76.37,266681.86,2026-08-09 06:00:00
1786258800000,76.38,76.45,76.19,76.32,195177.39,2026-08-09 07:00:00
1786262400000,76.32,76.54,76.07,76.27,256713.81,2026-08-09 08:00:00
1786266000000,76.28,76.58,76.21,76.42,300814.55,2026-08-09 09:00:00
1786269600000,76.42,76.63,76.33,76.34,169035.35,2026-08-09 10:00:00
1786273200000,76.35,76.51,76.3,76.46,102304.26,2026-08-09 11:00:00
1786276800000,76.47,76.57,76.27,76.32,160867.71,2026-08-09 12:00:00
1786280400000,76.33,76.87,76.31,76.53,309915.94,2026-08-09 13:00:00
1786284000000,76.54,77.08,76.53,77.0,415586.98,2026-08-09 14:00:00
1786287600000,77.0,77.44,76.81,77.39,679172.87,2026-08-09 15:00:00
1786291200000,77.38,77.55,77.04,77.28,462010.17,2026-08-09 16:00:00
1786294800000,77.29,77.3,77.09,77.14,131964.41,2026-08-09 17:00:00
1786298400000,77.13,77.21,77.03,77.17,78027.16,2026-08-09 18:00:00
1786302000000,77.17,77.32,77.09,77.19,98555.17,2026-08-09 19:00:00
1786305600000,77.19,77.25,77.03,77.22,71846.34,2026-08-09 20:00:00
1786309200000,77.23,77.47,77.11,77.31,98399.18,2026-08-09 21:00:00
1786312800000,77.32,77.84,76.59,76.76,576669.86,2026-08-09 22:00:00
1786316400000,76.76,76.89,76.16,76.24,663645.08,2026-08-09 23:00:00
1786320000000,76.23,77.03,76.2,76.5,573849.91,2026-08-10 00:00:00
1786323600000,76.51,77.14,76.36,76.88,292210.84,2026-08-10 01:00:00
1786327200000,76.88,76.9,76.39,76.79,217403.46,2026-08-10 02:00:00
1786330800000,76.78,76.9,76.32,76.59,245524.07,2026-08-10 03:00:00
1786334400000,76.6,76.72,76.4,76.51,121290.38,2026-08-10 04:00:00
1786338000000,76.51,76.93,76.5,76.84,152519.54,2026-08-10 05:00:00
1786341600000,76.85,77.05,76.78,76.96,219706.62,2026-08-10 06:00:00
1786345200000,76.95,77.1,76.8,76.95,172516.36,2026-08-10 07:00:00
1786348800000,76.95,77.12,76.64,76.92,237505.21,2026-08-10 08:00:00
1786352400000,76.92,76.99,76.51,76.52,228739.08,2026-08-10 09:00:00
1786356000000,76.53,76.86,76.5,76.78,179023.37,2026-08-10 10:00:00
1786359600000,76.79,77.02,76.63,77.01,130248.77,2026-08-10 11:00:00
1786363200000,77.01,77.1,76.56,76.59,370660.76,2026-08-10 12:00:00
1786366800000,76.6,76.73,76.08,76.28,550243.74,2026-08-10 13:00:00
1786370400000,76.27,76.66,76.2,76.23,308591.91,2026-08-10 14:00:00
1786374000000,76.22,76.39,75.77,75.92,690816.09,2026-08-10 15:00:00
1786377600000,75.91,76.07,75.53,75.68,464482.0,2026-08-10 16:00:00
1786381200000,75.68,76.08,75.58,75.94,190555.19,2026-08-10 17:00:00
1786384800000,75.94,76.03,75.68,75.79,120181.89,2026-08-10 18:00:00
1786388400000,75.78,76.24,75.77,76.15,177643.29,2026-08-10 19:00:00
1786392000000,76.16,76.48,76.13,76.4,122412.39,2026-08-10 20:00:00
1786395600000,76.39,76.46,76.25,76.27,79964.07,2026-08-10 21:00:00
1786399200000,76.26,76.35,75.99,76.19,135078.34,2026-08-10 22:00:00
1786402800000,76.18,76.19,75.94,75.96,91291.51,2026-08-10 23:00:00
1786406400000,75.95,76.02,75.72,75.87,202346.64,2026-08-11 00:00:00
1786410000000,75.86,76.08,75.67,76.07,153994.45,2026-08-11 01:00:00
1786413600000,76.07,76.11,75.95,76.0,86518.05,2026-08-11 02:00:00
1786417200000,76.0,76.22,76.0,76.03,124732.8,2026-08-11 03:00:00
1786420800000,76.04,76.19,76.03,76.04,68681.79,2026-08-11 04:00:00
1786424400000,76.04,76.05,75.74,75.77,171445.78,2026-08-11 05:00:00
1786428000000,75.77,76.01,75.61,75.78,311453.28,2026-08-11 06:00:00
1786431600000,75.77,75.83,75.38,75.66,341785.54,2026-08-11 07:00:00
1786435200000,75.65,75.94,75.58,75.89,173816.08,2026-08-11 08:00:00
1786438800000,75.9,75.91,75.63,75.85,173328.31,2026-08-11 09:00:00
1786442400000,75.85,76.03,75.72,75.9,175746.6,2026-08-11 10:00:00
1786446000000,75.91,76.32,75.9,76.17,233740.66,2026-08-11 11:00:00
1786449600000,76.17,76.21,75.75,75.81,224409.75,2026-08-11 12:00:00
1786453200000,75.81,76.06,75.68,75.97,277227.89,2026-08-11 13:00:00
1786456800000,75.96,76.11,75.04,75.16,581378.52,2026-08-11 14:00:00
1786460400000,75.16,75.38,74.58,74.88,676243.77,2026-08-11 15:00:00
1786464000000,74.88,75.05,74.75,74.88,217322.83,2026-08-11 16:00:00
1786467600000,74.88,75.18,74.88,75.13,156859.92,2026-08-11 17:00:00
1786471200000,75.12,75.3,75.04,75.22,153419.16,2026-08-11 18:00:00
1786474800000,75.22,75.67,75.01,75.61,208358.83,2026-08-11 19:00:00
1786478400000,75.61,76.2,75.6,76.0,408371.37,2026-08-11 20:00:00
1786482000000,76.01,76.4,75.95,76.39,198351.96,2026-08-11 21:00:00
1786485600000,76.4,76.64,76.21,76.37,253840.38,2026-08-11 22:00:00
1786489200000,76.37,76.37,76.15,76.26,151758.78,2026-08-11 23:00:00
1786492800000,76.26,76.33,76.18,76.33,103974.83,2026-08-12 00:00:00
1786496400000,76.33,76.55,76.25,76.39,206359.7,2026-08-12 01:00:00
1786500000000,76.39,76.57,76.38,76.39,189296.95,2026-08-12 02:00:00
1786503600000,76.39,76.5,76.22,76.38,172895.83,2026-08-12 03:00:00
1786507200000,76.39,76.55,76.24,76.27,97173.08,2026-08-12 04:00:00
1786510800000,76.26,76.34,76.1,76.28,179394.81,2026-08-12 05:00:00
1786514400000,76.28,76.32,75.93,76.02,190436.37,2026-08-12 06:00:00
1786518000000,76.01,76.24,75.91,76.22,143081.21,2026-08-12 07:00:00
1786521600000,76.23,76.43,76.11,76.13,253682.89,2026-08-12 08:00:00
1786525200000,76.13,76.86,76.08,76.69,392590.07,2026-08-12 09:00:00
1786528800000,76.7,76.83,76.6,76.71,380996.25,2026-08-12 10:00:00
1786532400000,76.72,76.81,76.65,76.79,153097.98,2026-08-12 11:00:00
1786536000000,76.79,77.3,76.33,76.6,930519.82,2026-08-12 12:00:00
1786539600000,76.61,76.63,76.01,76.19,418195.63,2026-08-12 13:00:00
1786543200000,76.19,76.21,75.37,75.42,690605.78,2026-08-12 14:00:00
1786546800000,75.42,75.84,75.33,75.72,254451.19,2026-08-12 15:00:00
1786550400000,75.71,75.81,75.52,75.65,140019.27,2026-08-12 16:00:00
1786554000000,75.65,76.02,75.63,75.88,127194.68,2026-08-12 17:00:00
1786557600000,75.87,76.07,75.79,75.85,96445.36,2026-08-12 18:00:00
1786561200000,75.84,75.96,75.55,75.73,107749.44,2026-08-12 19:00:00
1786564800000,75.72,75.98,75.69,75.89,92363.14,2026-08-12 20:00:00
1786568400000,75.9,75.98,75.4,75.42,198277.08,2026-08-12 21:00:00
1786572000000,75.42,75.63,75.3,75.48,176104.39,2026-08-12 22:00:00
1786575600000,75.48,75.61,75.34,75.58,140829.32,2026-08-12 23:00:00
1786579200000,75.58,75.85,75.51,75.57,144786.41,2026-08-13 00:00:00
1786582800000,75.58,75.77,75.43,75.59,142229.3,2026-08-13 01:00:00
1786586400000,75.59,75.94,75.48,75.94,202977.37,2026-08-13 02:00:00
1786590000000,75.93,76.27,75.91,76.21,323839.79,2026-08-13 03:00:00
1786593600000,76.21,76.24,75.98,76.08,151021.61,2026-08-13 04:00:00
1786597200000,76.08,76.59,76.04,76.48,311577.58,2026-08-13 05:00:00
1786600800000,76.48,76.5,76.27,76.49,195716.13,2026-08-13 06:00:00
1786604400000,76.49,76.49,76.35,76.41,120025.97,2026-08-13 07:00:00
1786608000000,76.41,76.45,76.13,76.17,148735.56,2026-08-13 08:00:00
1786611600000,76.17,76.17,75.83,76.12,263951.19,2026-08-13 09:00:00
1786615200000,76.12,76.14,75.65,75.71,296890.25,2026-08-13 10:00:00
1786618800000,75.7,75.72,75.51,75.61,223907.53,2026-08-13 11:00:00
1786622400000,75.6,76.1,75.58,76.08,295172.85,2026-08-13 12:00:00
1786626000000,76.08,76.33,75.99,76.16,240228.59,2026-08-13 13:00:00
1786629600000,76.15,76.55,76.09,76.42,324403.65,2026-08-13 14:00:00
1786633200000,76.42,76.5,75.59,75.6,356136.92,2026-08-13 15:00:00
1786636800000,75.6,75.84,75.06,75.55,799488.08,2026-08-13 16:00:00
1786640400000,75.55,75.9,75.5,75.72,258622.77,2026-08-13 17:00:00
1786644000000,75.72,76.07,75.64,75.97,120139.58,2026-08-13 18:00:00
1786647600000,75.98,76.25,75.93,76.16,185078.42,2026-08-13 19:00:00
1786651200000,76.15,76.3,76.1,76.19,141015.22,2026-08-13 20:00:00
1786654800000,76.19,76.27,76.07,76.17,74358.34,2026-08-13 21:00:00
1786658400000,76.17,76.41,76.16,76.2,113033.61,2026-08-13 22:00:00
1786662000000,76.2,76.27,76.11,76.23,73447.48,2026-08-13 23:00:00
1786665600000,76.23,76.29,75.95,76.06,139512.97,2026-08-14 00:00:00
1786669200000,76.05,76.15,75.87,76.05,89199.77,2026-08-14 01:00:00
1786672800000,76.06,76.18,75.95,76.0,82283.5,2026-08-14 02:00:00
1786676400000,75.99,76.03,75.7,75.73,157379.64,2026-08-14 03:00:00
1786680000000,75.72,76.0,75.7,75.8,92094.37,2026-08-14 04:00:00
1786683600000,75.8,75.96,75.76,75.88,81485.5,2026-08-14 05:00:00
1786687200000,75.88,75.89,75.49,75.5,203109.82,2026-08-14 06:00:00
1786690800000,75.5,75.69,75.45,75.53,149914.22,2026-08-14 07:00:00
1786694400000,75.53,75.84,75.52,75.83,142004.1,2026-08-14 08:00:00
1786698000000,75.83,75.84,75.37,75.45,245411.57,2026-08-14 09:00:00
1786701600000,75.46,75.61,75.3,75.36,210835.71,2026-08-14 10:00:00
1786705200000,75.35,75.56,75.35,75.5,107272.96,2026-08-14 11:00:00
1786708800000,75.5,75.56,75.29,75.42,117198.37,2026-08-14 12:00:00
1786712400000,75.43,75.44,75.19,75.32,197890.99,2026-08-14 13:00:00
1786716000000,75.33,75.38,75.01,75.22,286671.69,2026-08-14 14:00:00
1786719600000,75.22,75.72,75.14,75.61,226654.26,2026-08-14 15:00:00
1786723200000,75.6,75.66,75.4,75.43,177629.97,2026-08-14 16:00:00
1786726800000,75.43,75.63,75.11,75.25,150637.93,2026-08-14 17:00:00
1786730400000,75.25,75.26,74.88,74.92,331183.95,2026-08-14 18:00:00
1786734000000,74.92,75.05,74.62,74.96,372268.17,2026-08-14 19:00:00
1786737600000,74.95,75.2,74.92,75.1,123209.48,2026-08-14 20:00:00
1786741200000,75.11,75.2,75.04,75.14,64157.73,2026-08-14 21:00:00
1786744800000,75.15,75.24,74.93,75.15,95624.66,2026-08-14 22:00:00
1786748400000,75.15,75.37,75.11,75.35,104293.64,2026-08-14 23:00:00
1786752000000,75.36,75.39,75.29,75.31,78724.61,2026-08-15 00:00:00
1786755600000,75.31,75.43,75.25,75.37,87259.09,2026-08-15 01:00:00
1786759200000,75.37,75.64,75.35,75.61,146545.03,2026-08-15 02:00:00
1786762800000,75.62,75.68,75.35,75.36,135243.26,2026-08-15 03:00:00
1786766400000,75.36,75.56,75.31,75.47,135068.38,2026-08-15 04:00:00
1786770000000,75.47,75.55,75.24,75.3,154016.84,2026-08-15 05:00:00
1786773600000,75.3,75.45,75.22,75.37,95337.38,2026-08-15 06:00:00
1786777200000,75.38,75.38,75.16,75.2,74379.37,2026-08-15 07:00:00
1786780800000,75.2,75.27,75.02,75.03,145573.54,2026-08-15 08:00:00
1786784400000,75.04,75.21,74.99,75.19,109463.7,2026-08-15 09:00:00
1786788000000,75.2,75.32,75.16,75.25,97952.73,2026-08-15 10:00:00
1786791600000,75.24,75.27,75.17,75.21,45955.89,2026-08-15 11:00:00
1786795200000,75.2,75.39,75.16,75.38,41444.09,2026-08-15 12:00:00
1786798800000,75.37,75.53,75.35,75.52,111697.52,2026-08-15 13:00:00
1786802400000,75.51,75.54,75.39,75.41,109811.07,2026-08-15 14:00:00
1786806000000,75.4,75.49,75.32,75.47,80159.28,2026-08-15 15:00:00
1786809600000,75.48,75.49,75.36,75.43,51519.79,2026-08-15 16:00:00
1786813200000,75.44,75.64,75.43,75.61,98411.34,2026-08-15 17:00:00
1786816800000,75.62,75.64,75.46,75.51,76376.24,2026-08-15 18:00:00
1786820400000,75.51,75.52,75.48,75.51,32011.43,2026-08-15 19:00:00
1786824000000,75.51,75.52,75.37,75.48,59111.0,2026-08-15 20:00:00
1786827600000,75.48,75.7,75.48,75.58,74817.04,2026-08-15 21:00:00
1786831200000,75.58,75.65,75.51,75.53,52460.0,2026-08-15 22:00:00
1786834800000,75.54,75.54,75.27,75.3,139358.32,2026-08-15 23:00:00
1786838400000,75.3,75.46,75.21,75.43,98697.04,2026-08-16 00:00:00
1786842000000,75.42,75.44,75.25,75.38,65291.9,2026-08-16 01:00:00
1786845600000,75.38,75.62,75.22,75.52,143057.78,2026-08-16 02:00:00
1786849200000,75.53,75.61,75.52,75.52,60728.71,2026-08-16 03:00:00
1786852800000,75.53,75.57,75.39,75.41,62231.71,2026-08-16 04:00:00
1786856400000,75.41,75.48,75.3,75.32,103753.4,2026-08-16 05:00:00
1786860000000,75.31,75.5,75.25,75.35,95343.8,2026-08-16 06:00:00
1786863600000,75.34,75.45,75.31,75.43,37749.48,2026-08-16 07:00:00
1786867200000,75.43,75.45,75.37,75.43,35013.29,2026-08-16 08:00:00
1786870800000,75.43,75.45,75.23,75.29,93579.85,2026-08-16 09:00:00
1786874400000,75.29,75.3,75.13,75.23,114035.51,2026-08-16 10:00:00
1786878000000,75.23,75.27,75.17,75.23,53965.18,2026-08-16 11:00:00
1786881600000,75.23,75.25,75.15,75.18,42982.68,2026-08-16 12:00:00
1786885200000,75.18,75.37,75.18,75.27,68877.34,2026-08-16 13:00:00
1786888800000,75.26,75.37,75.2,75.36,65060.11,2026-08-16 14:00:00
1786892400000,75.35,75.6,75.35,75.52,141673.19,2026-08-16 15:00:00
1786896000000,75.53,75.68,75.45,75.51,162875.61,2026-08-16 16:00:00
1786899600000,75.52,75.56,75.23,75.23,117628.28,2026-08-16 17:00:00
1786903200000,75.23,75.25,74.98,75.14,173651.82,2026-08-16 18:00:00
1786906800000,75.14,75.32,75.14,75.18,75275.65,2026-08-16 19:00:00
1786910400000,75.18,75.29,74.91,74.99,151104.46,2026-08-16 20:00:00
1786914000000,74.99,75.05,73.92,74.29,693601.53,2026-08-16 21:00:00
1786917600000,74.28,74.48,74.11,74.46,227138.68,2026-08-16 22:00:00
1786921200000,74.46,74.61,74.41,74.56,116362.87,2026-08-16 23:00:00
1786924800000,74.55,74.7,74.38,74.58,200961.16,2026-08-17 00:00:00
1786928400000,74.58,75.31,74.53,75.05,350793.71,2026-08-17 01:00:00
1786932000000,75.05,75.55,75.01,75.44,300937.74,2026-08-17 02:00:00
1786935600000,75.45,75.54,75.4,75.46,175829.1,2026-08-17 03:00:00
1786939200000,75.45,75.6,75.45,75.5,146957.26,2026-08-17 04:00:00
1786942800000,75.51,75.57,75.34,75.36,116387.3,2026-08-17 05:00:00
1786946400000,75.35,75.97,75.3,75.81,368193.62,2026-08-17 06:00:00
1786950000000,75.81,75.92,75.7,75.74,158848.71,2026-08-17 07:00:00
1786953600000,75.75,75.78,75.13,75.21,400399.79,2026-08-17 08:00:00
1786957200000,75.2,75.4,75.19,75.31,107883.16,2026-08-17 09:00:00
1786960800000,75.32,75.77,75.26,75.72,205166.97,2026-08-17 10:00:00
1786964400000,75.72,75.88,75.62,75.65,168480.74,2026-08-17 11:00:00
1786968000000,75.65,75.67,75.29,75.4,233343.55,2026-08-17 12:00:00
1786971600000,75.4,75.74,75.25,75.59,273655.15,2026-08-17 13:00:00
1786975200000,75.59,75.99,75.46,75.93,186541.9,2026-08-17 14:00:00
1786978800000,75.94,76.18,75.75,76.05,340022.07,2026-08-17 15:00:00
1786982400000,76.06,76.1,75.89,75.97,156131.42,2026-08-17 16:00:00
1786986000000,75.96,76.07,75.65,75.87,176660.59,2026-08-17 17:00:00
1786989600000,75.87,76.12,75.81,75.86,108316.87,2026-08-17 18:00:00
1786993200000,75.86,75.91,75.7,75.77,60241.1,2026-08-17 19:00:00
1786996800000,75.76,76.07,75.58,75.94,122524.12,2026-08-17 20:00:00
1787000400000,75.95,76.01,75.84,75.92,57268.6,2026-08-17 21:00:00
1787004000000,75.92,75.99,75.67,75.7,61943.92,2026-08-17 22:00:00
1787007600000,75.7,76.08,75.66,75.97,116009.58,2026-08-17 23:00:00
1787011200000,75.98,76.05,75.82,76.0,142137.79,2026-08-18 00:00:00
1787014800000,76.0,76.01,75.53,75.58,166885.31,2026-08-18 01:00:00
1787018400000,75.57,75.62,75.17,75.25,298673.82,2026-08-18 02:00:00
1787022000000,75.25,75.5,75.21,75.46,152582.4,2026-08-18 03:00:00
1787025600000,75.46,75.79,75.36,75.78,148013.26,2026-08-18 04:00:00
1787029200000,75.79,75.92,75.53,75.68,226485.3,2026-08-18 05:00:00
1787032800000,75.68,76.02,75.6,75.95,167245.0,2026-08-18 06:00:00
1787036400000,75.95,76.23,75.89,76.05,284616.34,2026-08-18 07:00:00
1787040000000,76.06,76.15,75.81,76.13,186505.33,2026-08-18 08:00:00
1787043600000,76.12,76.12,75.83,75.91,103344.15,2026-08-18 09:00:00
1787047200000,75.91,75.94,75.76,75.81,109157.53,2026-08-18 10:00:00
1787050800000,75.81,76.42,75.78,76.27,358081.16,2026-08-18 11:00:00
1787054400000,76.28,76.49,76.2,76.2,236782.2,2026-08-18 12:00:00
1787058000000,76.21,76.27,76.01,76.18,240704.13,2026-08-18 13:00:00
1787061600000,76.17,77.3,76.09,76.75,925177.21,2026-08-18 14:00:00
1787065200000,76.75,77.22,76.74,77.16,309764.62,2026-08-18 15:00:00
1787068800000,77.17,77.29,76.81,77.03,261279.52,2026-08-18 16:00:00
1787072400000,77.04,77.05,76.84,76.85,135204.67,2026-08-18 17:00:00
1787076000000,76.85,77.27,76.83,77.22,141250.47,2026-08-18 18:00:00
1787079600000,77.22,77.38,77.04,77.13,138204.43,2026-08-18 19:00:00
1787083200000,77.14,77.18,76.7,76.84,236981.18,2026-08-18 20:00:00
1787086800000,76.85,77.08,76.84,76.96,132704.8,2026-08-18 21:00:00
1787090400000,76.95,77.17,76.84,76.91,208998.29,2026-08-18 22:00:00
1787094000000,76.92,77.2,76.91,77.01,238538.78,2026-08-18 23:00:00
1787097600000,77.02,77.06,76.77,76.86,148146.6,2026-08-19 00:00:00
1787101200000,76.86,77.03,76.66,76.75,235215.83,2026-08-19 01:00:00
1787104800000,76.75,76.88,76.65,76.77,113859.33,2026-08-19 02:00:00
1787108400000,76.77,77.07,76.66,76.95,134577.44,2026-08-19 03:00:00
1787112000000,76.95,77.09,76.75,76.82,127504.2,2026-08-19 04:00:00
1787115600000,76.81,77.02,76.73,76.76,110542.63,2026-08-19 05:00:00
1787119200000,76.76,77.14,76.6,77.05,280703.44,2026-08-19 06:00:00
1787122800000,77.05,77.07,76.91,76.91,135471.08,2026-08-19 07:00:00
1787126400000,76.92,77.65,76.87,77.33,498073.6,2026-08-19 08:00:00
1787130000000,77.33,77.44,77.16,77.28,159632.87,2026-08-19 09:00:00
1787133600000,77.27,77.35,77.17,77.34,104656.91,2026-08-19 10:00:00
1787137200000,77.34,77.58,77.34,77.5,225419.64,2026-08-19 11:00:00
1787140800000,77.49,78.76,77.38,78.36,1004234.06,2026-08-19 12:00:00
1787144400000,78.36,78.66,78.13,78.36,547482.68,2026-08-19 13:00:00
1787148000000,78.37,80.96,78.31,80.83,1795429.15,2026-08-19 14:00:00
1787151600000,80.84,83.07,80.63,81.81,3396257.24,2026-08-19 15:00:00
1787155200000,81.8,82.36,81.52,81.56,676675.67,2026-08-19 16:00:00
1787158800000,81.56,81.71,80.97,81.63,489378.45,2026-08-19 17:00:00
1787162400000,81.63,82.27,81.24,82.25,505236.21,2026-08-19 18:00:00
1787166000000,82.25,82.5,81.97,82.32,330349.52,2026-08-19 19:00:00
1787169600000,82.33,84.37,82.24,83.7,1185530.9,2026-08-19 20:00:00
1787173200000,83.7,87.31,83.7,86.62,2038073.42,2026-08-19 21:00:00
1787176800000,86.63,86.84,84.88,85.49,829435.77,2026-08-19 22:00:00
1787180400000,85.48,85.76,85.03,85.38,347058.51,2026-08-19 23:00:00
1787184000000,85.38,85.79,84.86,84.99,435317.16,2026-08-20 00:00:00
1787187600000,84.99,85.39,84.63,85.36,380279.69,2026-08-20 01:00:00
1787191200000,85.35,85.44,84.68,84.76,226990.59,2026-08-20 02:00:00
1787194800000,84.75,84.77,83.95,84.48,407853.46,2026-08-20 03:00:00
1787198400000,84.47,84.99,84.42,84.82,251402.6,2026-08-20 04:00:00
1787202000000,84.82,85.07,84.79,84.93,126655.31,2026-08-20 05:00:00
1787205600000,84.94,85.91,84.68,85.88,459751.57,2026-08-20 06:00:00
1787209200000,85.88,86.17,85.75,86.14,329031.3,2026-08-20 07:00:00
1787212800000,86.13,87.97,86.01,87.49,1086447.93,2026-08-20 08:00:00
1787216400000,87.5,87.8,87.07,87.32,632449.12,2026-08-20 09:00:00
1787220000000,87.31,87.79,86.94,87.44,347457.37,2026-08-20 10:00:00
1787223600000,87.44,88.08,87.05,87.17,514209.7,2026-08-20 11:00:00
1787227200000,87.17,87.4,86.46,87.05,655876.04,2026-08-20 12:00:00
1787230800000,87.04,87.48,86.13,86.54,751307.0,2026-08-20 13:00:00
1787234400000,86.55,86.87,86.13,86.59,516903.88,2026-08-20 14:00:00
1787238000000,86.59,87.47,86.53,87.33,817530.18,2026-08-20 15:00:00
1787241600000,87.34,87.84,86.84,87.73,547582.03,2026-08-20 16:00:00
1787245200000,87.73,87.93,87.24,87.45,473934.85,2026-08-20 17:00:00
1787248800000,87.46,87.62,86.6,86.81,513508.98,2026-08-20 18:00:00
1787252400000,86.81,87.49,86.8,87.27,372660.1,2026-08-20 19:00:00
1787256000000,87.27,87.65,87.2,87.55,167718.9,2026-08-20 20:00:00
1787259600000,87.55,87.85,87.37,87.46,145948.86,2026-08-20 21:00:00
1787263200000,87.46,87.56,87.16,87.2,210459.9,2026-08-20 22:00:00
1787266800000,87.2,87.97,87.18,87.62,257623.03,2026-08-20 23:00:00
1787270400000,87.62,88.78,87.55,88.21,777546.87,2026-08-21 00:00:00
1787274000000,88.2,89.48,88.08,88.98,740661.4,2026-08-21 01:00:00
1787277600000,88.98,90.18,88.47,89.22,1103377.23,2026-08-21 02:00:00
1787281200000,89.22,89.53,88.71,89.07,512944.97,2026-08-21 03:00:00
1787284800000,89.08,89.48,88.84,89.44,360834.77,2026-08-21 04:00:00
1787288400000,89.44,90.72,89.15,90.4,662906.06,2026-08-21 05:00:00
1787292000000,90.41,91.33,89.72,90.19,932210.47,2026-08-21 06:00:00
1787295600000,90.19,91.18,89.92,90.39,656582.07,2026-08-21 07:00:00
1787299200000,90.39,93.41,90.34,93.27,1294441.14,2026-08-21 08:00:00
1787302800000,93.27,93.32,90.29,91.66,1784757.78,2026-08-21 09:00:00
1787306400000,91.66,91.74,90.83,91.46,433763.01,2026-08-21 10:00:00
1787310000000,91.46,91.6,89.87,90.29,813802.96,2026-08-21 11:00:00
1787313600000,90.3,91.14,89.98,90.86,359847.14,2026-08-21 12:00:00
1787317200000,90.86,91.38,89.73,91.05,571854.41,2026-08-21 13:00:00
1787320800000,91.04,91.95,90.53,91.86,495069.94,2026-08-21 14:00:00
1787324400000,91.86,92.15,91.21,91.34,353726.72,2026-08-21 15:00:00
1787328000000,91.34,91.92,90.71,91.59,397348.09,2026-08-21 16:00:00
1787331600000,91.6,91.98,91.16,91.79,344296.52,2026-08-21 17:00:00
1787335200000,91.79,92.06,91.05,91.55,355947.3,2026-08-21 18:00:00
1787338800000,91.55,91.61,90.73,90.94,276499.08,2026-08-21 19:00:00
1787342400000,90.94,91.97,90.49,91.84,249209.35,2026-08-21 20:00:00
1787346000000,91.85,93.85,91.63,93.71,622538.24,2026-08-21 21:00:00
1787349600000,93.72,94.64,93.28,94.29,990994.09,2026-08-21 22:00:00
1787353200000,94.3,95.0,93.37,93.7,766606.82,2026-08-21 23:00:00
1787356800000,93.71,94.41,92.85,93.88,625252.25,2026-08-22 00:00:00
1787360400000,93.87,94.41,93.46,93.65,356230.63,2026-08-22 01:00:00
1787364000000,93.66,95.8,93.66,95.62,747424.17,2026-08-22 02:00:00
1787367600000,95.62,97.59,95.48,96.78,1188169.98,2026-08-22 03:00:00
1787371200000,96.78,102.78,96.15,99.14,3142202.54,2026-08-22 04:00:00
1787374800000,99.15,100.0,87.53,94.19,4173403.09,2026-08-22 05:00:00
1787378400000,94.19,95.14,93.03,94.28,705754.59,2026-08-22 06:00:00
1787382000000,94.28,95.54,94.02,94.45,483465.07,2026-08-22 07:00:00
1787385600000,94.45,95.0,93.02,94.08,561716.51,2026-08-22 08:00:00
1787389200000,94.09,94.57,92.93,93.9,383953.4,2026-08-22 09:00:00
1787392800000,93.9,93.98,91.32,92.87,902204.02,2026-08-22 10:00:00
1787396400000,92.88,93.56,92.55,93.32,256281.78,2026-08-22 11:00:00
1787400000000,93.31,94.38,93.15,93.81,356836.44,2026-08-22 12:00:00
1787403600000,93.82,94.24,93.53,94.12,266427.05,2026-08-22 13:00:00
1787407200000,94.13,94.3,92.86,93.25,374020.02,2026-08-22 14:00:00
1787410800000,93.26,93.6,92.8,93.07,273924.72,2026-08-22 15:00:00
1787414400000,93.08,94.69,93.07,94.33,395860.86,2026-08-22 16:00:00
1787418000000,94.33,94.57,93.77,94.27,329133.36,2026-08-22 17:00:00
1787421600000,94.27,94.55,94.03,94.46,228144.25,2026-08-22 18:00:00
1787425200000,94.47,94.84,94.27,94.48,209897.94,2026-08-22 19:00:00
1787428800000,94.49,94.79,94.28,94.38,149620.9,2026-08-22 20:00:00
1787432400000,94.39,94.39,92.71,92.82,385033.53,2026-08-22 21:00:00
1787436000000,92.81,94.01,92.55,93.61,353566.57,2026-08-22 22:00:00
1787439600000,93.62,93.99,93.34,93.82,113545.88,2026-08-22 23:00:00
1787443200000,93.82,97.24,93.57,96.35,1055111.01,2026-08-23 00:00:00
1787446800000,96.35,96.59,95.64,95.99,512454.44,2026-08-23 01:00:00
1787450400000,96.0,96.55,93.87,94.9,1042724.84,2026-08-23 02:00:00
1787454000000,94.89,95.05,93.41,93.73,564421.9,2026-08-23 03:00:00
1787457600000,93.72,94.1,92.16,92.56,728980.3,2026-08-23 04:00:00
1787461200000,92.55,93.3,91.52,92.3,739270.33,2026-08-23 05:00:00
1787464800000,92.3,92.83,91.76,92.25,497082.4,2026-08-23 06:00:00
1787468400000,92.25,92.98,92.14,92.47,255903.52,2026-08-23 07:00:00
1787472000000,92.48,93.55,92.3,93.19,291745.19,2026-08-23 08:00:00
1787475600000,93.19,93.55,92.89,93.32,191852.32,2026-08-23 09:00:00
1787479200000,93.32,94.13,93.28,93.62,278245.71,2026-08-23 10:00:00
1787482800000,93.61,94.79,93.52,94.6,283495.96,2026-08-23 11:00:00
1787486400000,94.6,94.8,94.06,94.56,244284.69,2026-08-23 12:00:00
1787490000000,94.56,95.82,94.55,95.37,540123.34,2026-08-23 13:00:00
1787493600000,95.37,95.66,93.05,95.02,736943.56,2026-08-23 14:00:00
1787497200000,95.03,95.87,94.63,95.32,409333.51,2026-08-23 15:00:00
1787500800000,95.32,95.69,95.13,95.38,248636.33,2026-08-23 16:00:00
1787504400000,95.39,95.5,94.75,95.08,243578.64,2026-08-23 17:00:00
1787508000000,95.08,95.44,94.9,95.27,192178.4,2026-08-23 18:00:00
1787511600000,95.28,95.47,94.77,95.04,160559.67,2026-08-23 19:00:00
1787515200000,95.05,95.38,94.72,95.04,109459.34,2026-08-23 20:00:00
1787518800000,95.04,96.24,95.03,95.33,334806.9,2026-08-23 21:00:00
1787522400000,95.33,95.74,94.75,95.57,313815.25,2026-08-23 22:00:00
1787526000000,95.57,95.87,94.99,95.42,245417.17,2026-08-23 23:00:00
1787529600000,95.43,95.56,93.62,95.54,702136.9,2026-08-24 00:00:00
1787533200000,95.54,95.55,93.71,93.84,323871.45,2026-08-24 01:00:00
1787536800000,93.84,95.03,93.64,94.56,321579.99,2026-08-24 02:00:00
1787540400000,94.56,94.64,93.37,93.63,337067.53,2026-08-24 03:00:00
1787544000000,93.63,94.33,93.63,94.2,281912.86,2026-08-24 04:00:00
1787547600000,94.19,94.65,93.43,94.25,384342.68,2026-08-24 05:00:00
1787551200000,94.25,94.63,93.77,94.53,259871.14,2026-08-24 06:00:00
1787554800000,94.53,95.43,93.94,94.09,509506.58,2026-08-24 07:00:00
1787558400000,94.1,94.34,93.21,93.91,396452.3,2026-08-24 08:00:00
1787562000000,93.9,94.88,93.86,94.64,308686.25,2026-08-24 09:00:00
1787565600000,94.65,95.15,94.54,94.7,410093.66,2026-08-24 10:00:00
1787569200000,94.7,96.31,94.21,95.82,733447.53,2026-08-24 11:00:00
1787572800000,95.82,96.62,94.12,96.24,995369.6,2026-08-24 12:00:00
1787576400000,96.25,96.5,94.23,94.99,912664.7,2026-08-24 13:00:00
1787580000000,94.99,96.7,94.77,96.08,782018.29,2026-08-24 14:00:00
1787583600000,96.07,97.57,95.96,96.41,896241.27,2026-08-24 15:00:00
1787587200000,96.42,97.56,95.47,96.02,732324.44,2026-08-24 16:00:00
1787590800000,96.02,96.16,94.68,95.34,767457.56,2026-08-24 17:00:00
1787594400000,95.35,96.4,95.34,95.87,336204.85,2026-08-24 18:00:00
1787598000000,95.87,96.59,95.35,96.49,520662.65,2026-08-24 19:00:00
1787601600000,96.49,96.72,95.69,96.49,244068.52,2026-08-24 20:00:00
1787605200000,96.49,97.56,96.49,97.44,278500.4,2026-08-24 21:00:00
1787608800000,97.44,98.68,97.14,97.4,699320.99,2026-08-24 22:00:00
1787612400000,97.41,98.96,97.23,98.94,528472.41,2026-08-24 23:00:00
1787616000000,98.94,102.78,98.51,101.73,2476228.82,2026-08-25 00:00:00
1787619600000,101.73,102.57,100.02,100.44,915975.64,2026-08-25 01:00:00
1787623200000,100.45,102.32,100.19,100.88,1028737.36,2026-08-25 02:00:00
1787626800000,100.89,102.1,100.84,101.59,419770.82,2026-08-25 03:00:00
1787630400000,101.6,101.71,100.79,101.31,553042.98,2026-08-25 04:00:00
1787634000000,101.31,103.55,101.22,101.87,767954.38,2026-08-25 05:00:00
1787637600000,101.87,102.16,100.41,100.75,483429.72,2026-08-25 06:00:00
1787641200000,100.75,101.93,99.38,100.21,801347.9,2026-08-25 07:00:00
1787644800000,100.21,101.12,99.7,100.37,688773.9,2026-08-25 08:00:00
1787648400000,100.38,100.63,99.23,99.78,500330.87,2026-08-25 09:00:00
1787652000000,99.78,99.87,99.05,99.61,418886.01,2026-08-25 10:00:00
1787655600000,99.61,99.69,98.39,98.58,588629.5,2026-08-25 11:00:00
1787659200000,98.59,98.81,97.32,98.56,804843.7,2026-08-25 12:00:00
1787662800000,98.56,98.79,96.14,97.12,1457969.53,2026-08-25 13:00:00
1787666400000,97.11,98.39,96.84,98.16,728886.38,2026-08-25 14:00:00
1787670000000,98.17,98.47,97.54,98.33,395676.18,2026-08-25 15:00:00
1787673600000,98.33,98.63,97.71,98.14,346964.22,2026-08-25 16:00:00
1787677200000,98.14,98.16,97.39,98.15,418316.9,2026-08-25 17:00:00
1787680800000,98.14,98.78,98.01,98.44,274715.32,2026-08-25 18:00:00
1787684400000,98.43,98.58,97.41,97.88,265282.44,2026-08-25 19:00:00
1787688000000,97.89,97.99,96.52,96.63,602671.17,2026-08-25 20:00:00
1787691600000,96.63,97.22,95.17,97.13,795963.51,2026-08-25 21:00:00
1787695200000,97.13,97.73,97.11,97.17,251321.69,2026-08-25 22:00:00
1787698800000,97.16,97.36,96.34,96.54,283572.55,2026-08-25 23:00:00
1787702400000,96.55,96.89,96.13,96.61,302867.1,2026-08-26 00:00:00
1787706000000,96.61,97.23,96.58,96.97,184416.94,2026-08-26 01:00:00
1787709600000,96.98,97.5,96.73,97.22,172395.58,2026-08-26 02:00:00
1787713200000,97.23,97.31,96.76,97.01,160428.77,2026-08-26 03:00:00
1787716800000,97.0,97.26,96.5,96.57,242837.67,2026-08-26 04:00:00
1787720400000,96.57,97.14,96.16,97.01,285713.66,2026-08-26 05:00:00
1787724000000,97.02,97.27,96.46,96.74,230422.47,2026-08-26 06:00:00
1787727600000,96.74,97.11,96.61,96.88,191609.52,2026-08-26 07:00:00
1787731200000,96.89,97.34,96.63,96.76,197042.06,2026-08-26 08:00:00
1787734800000,96.77,96.97,95.73,96.13,441270.08,2026-08-26 09:00:00
1787738400000,96.12,97.84,95.94,97.41,507963.24,2026-08-26 10:00:00
1787742000000,97.41,97.6,96.6,96.98,363755.07,2026-08-26 11:00:00
1787745600000,96.98,97.52,95.9,96.96,620385.48,2026-08-26 12:00:00
1787749200000,96.96,97.17,95.8,96.51,704725.77,2026-08-26 13:00:00
1787752800000,96.5,96.93,95.34,95.41,612867.05,2026-08-26 14:00:00
1787756400000,95.42,96.29,94.88,95.88,617712.11,2026-08-26 15:00:00
1787760000000,95.87,96.13,95.4,95.89,374202.26,2026-08-26 16:00:00
1787763600000,95.89,97.36,95.83,96.92,523784.69,2026-08-26 17:00:00
1787767200000,96.93,97.11,96.59,96.8,236620.07,2026-08-26 18:00:00
1787770800000,96.79,96.9,96.26,96.75,219195.4,2026-08-26 19:00:00
1787774400000,96.75,97.03,96.22,96.89,159270.49,2026-08-26 20:00:00
1787778000000,96.88,98.32,96.82,98.2,457287.01,2026-08-26 21:00:00
1787781600000,98.19,100.87,98.0,99.65,1028643.76,2026-08-26 22:00:00
1787785200000,99.64,102.49,99.44,102.03,957334.08,2026-08-26 23:00:00
1787788800000,102.03,102.08,100.51,100.54,642453.83,2026-08-27 00:00:00
1787792400000,100.54,101.91,100.47,101.4,629507.15,2026-08-27 01:00:00
1787796000000,101.4,101.89,100.82,101.14,422083.4,2026-08-27 02:00:00
1787799600000,101.14,101.77,100.85,101.05,338095.37,2026-08-27 03:00:00
1787803200000,101.05,101.5,100.62,101.05,542002.47,2026-08-27 04:00:00
1787806800000,101.05,102.3,100.72,101.98,730881.95,2026-08-27 05:00:00
1787810400000,101.98,102.01,100.83,101.25,727543.24,2026-08-27 06:00:00
1787814000000,101.25,102.04,100.99,101.75,452393.36,2026-08-27 07:00:00
1787817600000,101.76,105.15,101.68,104.61,2509251.3,2026-08-27 08:00:00
1787821200000,104.62,105.85,104.0,104.36,1187360.61,2026-08-27 09:00:00
1787824800000,104.35,104.98,103.04,104.05,938147.56,2026-08-27 10:00:00
1787828400000,104.05,104.99,103.33,103.88,754971.87,2026-08-27 11:00:00
1787832000000,103.88,104.71,103.87,104.36,646399.4,2026-08-27 12:00:00
1787835600000,104.36,106.26,104.08,105.98,1410878.92,2026-08-27 13:00:00
1787839200000,105.98,107.9,105.15,106.72,2339360.77,2026-08-27 14:00:00
1787842800000,106.73,107.94,106.39,107.1,1201053.08,2026-08-27 15:00:00
1787846400000,107.1,109.47,106.8,108.86,1592487.45,2026-08-27 16:00:00
1787850000000,108.86,109.64,107.65,108.1,1124119.07,2026-08-27 17:00:00
1787853600000,108.1,108.33,106.6,108.33,954227.22,2026-08-27 18:00:00
1787857200000,108.34,109.92,108.2,109.35,1008378.0,2026-08-27 19:00:00
1787860800000,109.32,109.71,108.37,108.96,475634.78,2026-08-27 20:00:00
1787864400000,108.95,109.07,108.13,108.67,263390.5,2026-08-27 21:00:00
1787868000000,108.67,110.64,108.67,109.12,726467.06,2026-08-27 22:00:00
1787871600000,109.12,109.99,108.78,109.08,375641.9,2026-08-27 23:00:00
1787875200000,109.09,110.06,108.61,109.04,625609.15,2026-08-28 00:00:00
1787878800000,109.05,109.71,107.62,107.77,708018.25,2026-08-28 01:00:00
1787882400000,107.76,107.93,106.03,106.47,941898.86,2026-08-28 02:00:00
1787886000000,106.48,107.31,105.78,106.78,685780.87,2026-08-28 03:00:00
1787889600000,106.77,107.72,106.19,106.71,617348.25,2026-08-28 04:00:00
1787893200000,106.71,107.43,106.55,107.14,347860.73,2026-08-28 05:00:00
1787896800000,107.15,107.79,107.11,107.5,300751.37,2026-08-28 06:00:00
1787900400000,107.49,107.5,106.21,106.31,515204.82,2026-08-28 07:00:00
1787904000000,106.31,106.86,105.72,106.01,449220.35,2026-08-28 08:00:00
1787907600000,106.01,106.56,105.42,105.89,460255.54,2026-08-28 09:00:00
1787911200000,105.89,106.18,104.45,106.15,914503.07,2026-08-28 10:00:00
1787914800000,106.14,106.77,105.48,105.76,580788.8,2026-08-28 11:00:00
1787918400000,105.75,105.96,104.43,104.81,792398.86,2026-08-28 12:00:00
1787922000000,104.81,105.53,104.54,105.09,588739.04,2026-08-28 13:00:00
1787925600000,105.09,106.66,103.52,106.2,2562860.39,2026-08-28 14:00:00
1787929200000,106.2,107.87,105.03,105.16,1776431.73,2026-08-28 15:00:00
1787932800000,105.17,105.68,102.86,105.1,2117568.38,2026-08-28 16:00:00
1787936400000,105.1,105.2,104.22,104.62,490039.83,2026-08-28 17:00:00
1787940000000,104.62,104.68,102.2,103.06,877062.23,2026-08-28 18:00:00
1787943600000,103.05,103.84,102.96,103.36,444948.76,2026-08-28 19:00:00
1787947200000,103.36,104.28,102.74,103.8,344160.16,2026-08-28 20:00:00
1787950800000,103.81,103.99,103.2,103.4,197732.06,2026-08-28 21:00:00
1787954400000,103.4,104.16,103.35,104.08,207859.47,2026-08-28 22:00:00
1787958000000,104.08,104.34,103.93,104.09,202138.92,2026-08-28 23:00:00
1787961600000,104.08,104.57,103.83,103.85,186074.48,2026-08-29 00:00:00
1787965200000,103.86,104.3,103.75,104.1,169293.9,2026-08-29 01:00:00
1787968800000,104.11,104.34,103.53,103.89,226440.52,2026-08-29 02:00:00
1787972400000,103.89,104.18,103.76,103.83,184595.57,2026-08-29 03:00:00
1787976000000,103.83,104.0,103.37,103.82,289628.42,2026-08-29 04:00:00
1787979600000,103.82,104.15,103.77,103.97,152846.7,2026-08-29 05:00:00
1787983200000,103.97,103.98,103.27,103.52,241391.88,2026-08-29 06:00:00
1787986800000,103.53,103.92,103.5,103.65,187725.41,2026-08-29 07:00:00
1787990400000,103.66,103.66,103.04,103.42,226513.41,2026-08-29 08:00:00
1787994000000,103.41,103.56,103.22,103.27,174436.33,2026-08-29 09:00:00
1787997600000,103.26,103.55,102.95,103.39,203564.26,2026-08-29 10:00:00
1788001200000,103.39,103.66,103.34,103.43,88057.05,2026-08-29 11:00:00
1788004800000,103.44,103.96,103.32,103.55,217433.27,2026-08-29 12:00:00
1788008400000,103.55,103.91,103.45,103.74,107189.85,2026-08-29 13:00:00
1788012000000,103.75,105.49,103.72,105.33,809697.76,2026-08-29 14:00:00
1788015600000,105.33,105.44,104.55,104.96,399542.2,2026-08-29 15:00:00
1788019200000,104.95,105.36,104.74,104.78,361327.79,2026-08-29 16:00:00
1788022800000,104.79,105.07,104.29,104.8,237087.95,2026-08-29 17:00:00
1788026400000,104.8,105.27,104.66,105.05,221984.86,2026-08-29 18:00:00
1788030000000,105.06,105.85,105.05,105.29,309687.57,2026-08-29 19:00:00
1788033600000,105.29,105.44,104.96,105.15,154971.98,2026-08-29 20:00:00
1788037200000,105.15,105.32,104.7,104.99,159986.65,2026-08-29 21:00:00
1788040800000,104.98,105.49,104.82,105.42,80865.91,2026-08-29 22:00:00
1788044400000,105.43,105.71,105.38,105.54,167349.23,2026-08-29 23:00:00
1788048000000,105.54,105.64,105.15,105.19,251226.23,2026-08-30 00:00:00
1788051600000,105.18,105.31,104.94,105.16,172927.34,2026-08-30 01:00:00
1788055200000,105.17,105.48,105.11,105.15,179535.76,2026-08-30 02:00:00
1788058800000,105.15,105.28,104.88,105.01,179324.34,2026-08-30 03:00:00
1788062400000,105.01,105.07,104.57,105.05,223190.06,2026-08-30 04:00:00
1788066000000,105.05,105.2,104.84,105.03,115230.25,2026-08-30 05:00:00
1788069600000,105.02,105.35,104.87,105.34,126457.92,2026-08-30 06:00:00
1788073200000,105.34,105.38,104.65,104.77,163843.52,2026-08-30 07:00:00
1788076800000,104.77,105.0,104.33,104.69,207697.23,2026-08-30 08:00:00
1788080400000,104.7,104.91,104.36,104.54,190665.26,2026-08-30 09:00:00
1788084000000,104.53,105.17,104.43,105.03,245415.4,2026-08-30 10:00:00
1788087600000,105.04,105.26,104.86,105.05,167499.25,2026-08-30 11:00:00
1788091200000,105.06,106.17,105.0,106.04,660092.01,2026-08-30 12:00:00
1788094800000,106.04,107.46,105.81,107.04,1120044.29,2026-08-30 13:00:00
1788098400000,107.04,107.19,106.57,106.68,444832.02,2026-08-30 14:00:00
1788102000000,106.69,106.77,105.87,106.23,570028.4,2026-08-30 15:00:00
1788105600000,106.23,107.11,106.08,106.84,745521.01,2026-08-30 16:00:00
1788109200000,106.84,106.84,105.15,106.33,844356.57,2026-08-30 17:00:00
1788112800000,106.33,106.8,105.92,106.62,446367.89,2026-08-30 18:00:00
1788116400000,106.62,106.74,105.37,105.75,446246.03,2026-08-30 19:00:00
1788120000000,105.75,105.95,104.23,104.69,617770.26,2026-08-30 20:00:00
1788123600000,104.69,104.72,103.16,104.38,671591.65,2026-08-30 21:00:00
1788127200000,104.39,104.7,103.25,103.75,501107.52,2026-08-30 22:00:00
1788130800000,103.75,103.75,100.2,101.69,1925506.23,2026-08-30 23:00:00
1788134400000,101.69,102.56,101.05,102.08,708331.26,2026-08-31 00:00:00
1788138000000,102.08,102.18,101.34,101.46,459171.95,2026-08-31 01:00:00
1788141600000,101.46,102.31,101.14,101.4,516159.62,2026-08-31 02:00:00
1788145200000,101.39,102.15,101.21,101.89,394355.71,2026-08-31 03:00:00
1788148800000,101.89,101.94,100.83,101.38,537956.08,2026-08-31 04:00:00
1788152400000,101.38,102.99,101.19,102.58,859135.88,2026-08-31 05:00:00
1788156000000,102.58,102.85,102.26,102.66,353673.42,2026-08-31 06:00:00
1788159600000,102.65,103.15,102.56,102.9,341019.02,2026-08-31 07:00:00
1788163200000,102.9,103.41,102.37,103.15,391201.02,2026-08-31 08:00:00
1788166800000,103.15,103.44,102.91,103.01,329899.99,2026-08-31 09:00:00
1788170400000,103.02,104.04,102.57,103.59,498413.35,2026-08-31 10:00:00
1788174000000,103.59,104.12,103.19,103.33,417991.16,2026-08-31 11:00:00
1788177600000,103.33,103.7,102.29,102.7,544898.05,2026-08-31 12:00:00
1788181200000,102.71,103.01,102.05,102.31,507526.11,2026-08-31 13:00:00
1788184800000,102.31,103.89,102.14,103.47,687064.63,2026-08-31 14:00:00
1788188400000,103.48,103.61,102.68,102.81,436347.44,2026-08-31 15:00:00
1788192000000,102.8,103.29,102.37,102.78,422131.6,2026-08-31 16:00:00
1788195600000,102.77,103.76,102.56,103.56,382841.62,2026-08-31 17:00:00
1788199200000,103.56,104.97,103.32,104.41,616184.89,2026-08-31 18:00:00
1788202800000,104.4,104.73,103.46,103.55,353960.57,2026-08-31 19:00:00
1788206400000,103.56,104.26,103.47,103.68,199807.74,2026-08-31 20:00:00
1788210000000,103.68,103.94,103.16,103.59,294674.28,2026-08-31 21:00:00
1788213600000,103.59,103.72,103.03,103.14,147423.17,2026-08-31 22:00:00
1788217200000,103.15,103.19,102.81,103.0,156416.13,2026-08-31 23:00:00
1788220800000,103.0,103.5,102.88,103.14,265831.4,2026-09-01 00:00:00
1788224400000,103.13,103.47,102.62,103.2,259628.39,2026-09-01 01:00:00
1788228000000,103.19,103.38,102.74,103.33,238082.01,2026-09-01 02:00:00
1788231600000,103.32,104.18,103.21,103.59,374826.99,2026-09-01 03:00:00
1788235200000,103.59,104.03,103.42,103.57,252310.08,2026-09-01 04:00:00
1788238800000,103.57,104.37,103.52,104.26,386264.56,2026-09-01 05:00:00
1788242400000,104.26,104.26,103.32,103.33,308709.52,2026-09-01 06:00:00
1788246000000,103.33,103.55,102.73,103.09,472721.44,2026-09-01 07:00:00
1788249600000,103.1,103.16,101.67,102.01,793465.47,2026-09-01 08:00:00
1788253200000,102.01,102.22,101.79,101.9,326144.23,2026-09-01 09:00:00
1788256800000,101.9,102.67,101.88,102.31,444901.43,2026-09-01 10:00:00
1788260400000,102.3,102.56,102.01,102.22,260557.31,2026-09-01 11:00:00
1788264000000,102.22,102.43,101.33,101.86,448614.53,2026-09-01 12:00:00
1788267600000,101.85,102.44,101.22,101.88,650993.08,2026-09-01 13:00:00
1788271200000,101.89,102.52,101.78,101.96,469961.95,2026-09-01 14:00:00
1788274800000,101.95,102.29,100.89,101.98,616242.97,2026-09-01 15:00:00
1788278400000,101.97,102.0,100.52,100.86,707310.82,2026-09-01 16:00:00
1788282000000,100.85,101.17,100.32,100.52,519224.12,2026-09-01 17:00:00
1788285600000,100.53,100.65,98.28,99.55,1753066.53,2026-09-01 18:00:00
1788289200000,99.55,100.29,99.47,100.02,495171.34,2026-09-01 19:00:00
1788292800000,100.02,100.35,99.61,100.05,348262.82,2026-09-01 20:00:00
1788296400000,100.06,100.17,98.86,99.54,394384.7,2026-09-01 21:00:00
1788300000000,99.55,99.89,99.29,99.63,249365.24,2026-09-01 22:00:00
1788303600000,99.62,100.19,99.55,99.91,266321.39,2026-09-01 23:00:00
1788307200000,99.92,100.19,99.55,99.6,215520.77,2026-09-02 00:00:00
1788310800000,99.59,99.88,98.42,99.03,555747.56,2026-09-02 01:00:00
1788314400000,99.03,99.88,98.7,99.88,522688.89,2026-09-02 02:00:00
1788318000000,99.88,100.65,99.78,100.23,529544.01,2026-09-02 03:00:00
1788321600000,100.24,100.24,99.68,100.04,263288.17,2026-09-02 04:00:00
1788325200000,100.04,100.37,99.7,100.21,232649.53,2026-09-02 05:00:00
1788328800000,100.22,100.33,99.59,100.01,287077.0,2026-09-02 06:00:00
1788332400000,100.02,100.38,99.74,99.78,161766.09,2026-09-02 07:00:00
1788336000000,99.77,99.97,98.71,98.95,542339.06,2026-09-02 08:00:00
1788339600000,98.95,99.27,98.09,98.58,638412.76,2026-09-02 09:00:00
1788343200000,98.57,98.62,97.37,98.18,674538.74,2026-09-02 10:00:00
1788346800000,98.18,98.22,97.31,98.05,476978.28,2026-09-02 11:00:00
1788350400000,98.05,98.43,97.53,97.63,464686.31,2026-09-02 12:00:00
1788354000000,97.64,99.61,97.63,99.15,745914.42,2026-09-02 13:00:00
1788357600000,99.15,99.75,98.82,98.87,625113.23,2026-09-02 14:00:00
1788361200000,98.87,99.46,98.37,99.26,531602.29,2026-09-02 15:00:00
1788364800000,99.25,99.76,98.7,98.73,482371.3,2026-09-02 16:00:00
1788368400000,98.74,99.27,98.14,99.25,518060.0,2026-09-02 17:00:00
1788372000000,99.26,99.64,99.1,99.46,362376.43,2026-09-02 18:00:00
1788375600000,99.45,99.59,99.01,99.38,184767.55,2026-09-02 19:00:00
1788379200000,99.38,99.99,99.27,99.65,392620.31,2026-09-02 20:00:00
1788382800000,99.65,99.82,99.37,99.6,162137.71,2026-09-02 21:00:00
1788386400000,99.6,99.71,99.15,99.48,204583.15,2026-09-02 22:00:00
1788390000000,99.49,100.48,99.37,100.37,291748.36,2026-09-02 23:00:00
1788393600000,100.38,100.4,99.44,99.46,352531.53,2026-09-03 00:00:00
1788397200000,99.45,100.57,99.09,100.11,476438.25,2026-09-03 01:00:00
1788400800000,100.1,101.33,99.89,101.07,639249.29,2026-09-03 02:00:00
1788404400000,101.08,101.14,100.14,100.47,414584.87,2026-09-03 03:00:00
1788408000000,100.47,100.96,100.01,100.93,389280.92,2026-09-03 04:00:00
1788411600000,100.94,100.98,99.65,100.81,598264.07,2026-09-03 05:00:00
1788415200000,100.81,100.93,100.53,100.84,258098.02,2026-09-03 06:00:00
1788418800000,100.83,101.33,100.2,100.35,547025.55,2026-09-03 07:00:00
1788422400000,100.35,101.09,100.34,100.58,248205.26,2026-09-03 08:00:00
1788426000000,100.57,100.75,100.08,100.12,259946.57,2026-09-03 09:00:00
1788429600000,100.12,100.44,99.87,100.4,319728.2,2026-09-03 10:00:00
1788433200000,100.39,100.96,100.27,100.74,385862.88,2026-09-03 11:00:00
1788436800000,100.73,101.82,100.57,101.61,784693.27,2026-09-03 12:00:00
1788440400000,101.61,101.97,101.01,101.42,702895.96,2026-09-03 13:00:00
1788444000000,101.41,104.8,101.16,104.75,1701516.53,2026-09-03 14:00:00
1788447600000,104.75,105.62,103.72,105.11,1683608.53,2026-09-03 15:00:00
1788451200000,105.11,105.14,103.8,104.51,646910.35,2026-09-03 16:00:00
1788454800000,104.52,105.16,104.35,105.04,307427.74,2026-09-03 17:00:00
1788458400000,105.04,105.24,104.56,105.16,246311.79,2026-09-03 18:00:00
1788462000000,105.16,105.89,104.99,105.25,383173.9,2026-09-03 19:00:00
1788465600000,105.24,105.4,104.7,104.85,206716.76,2026-09-03 20:00:00
1788469200000,104.86,105.69,104.73,105.15,377911.96,2026-09-03 21:00:00
1788472800000,105.15,105.26,103.51,104.1,542990.57,2026-09-03 22:00:00
1788476400000,104.1,104.2,103.76,103.87,410294.95,2026-09-03 23:00:00
1788480000000,103.87,104.32,103.34,103.43,655782.44,2026-09-04 00:00:00
1788483600000,103.43,103.81,103.15,103.75,315803.26,2026-09-04 01:00:00
1788487200000,103.74,103.76,103.28,103.74,194917.0,2026-09-04 02:00:00
1788490800000,103.74,104.08,103.63,103.63,165200.13,2026-09-04 03:00:00
1788494400000,103.63,104.3,103.51,103.83,245998.25,2026-09-04 04:00:00
1788498000000,103.83,103.99,103.38,103.64,325068.18,2026-09-04 05:00:00
1788501600000,103.63,103.98,103.27,103.57,268920.54,2026-09-04 06:00:00
1788505200000,103.58,103.99,103.48,103.55,317669.67,2026-09-04 07:00:00
1788508800000,103.55,104.48,103.16,104.31,447564.33,2026-09-04 08:00:00
1788512400000,104.31,104.76,103.89,103.99,577670.67,2026-09-04 09:00:00
1788516000000,104.0,104.11,103.49,104.09,270999.87,2026-09-04 10:00:00
1788519600000,104.08,104.44,103.9,104.02,268699.94,2026-09-04 11:00:00
1788523200000,104.03,104.4,100.08,101.52,2472285.48,2026-09-04 12:00:00
1788526800000,101.53,102.2,100.93,101.59,752434.41,2026-09-04 13:00:00
1788530400000,101.59,101.75,100.22,100.73,544783.6,2026-09-04 14:00:00
1788534000000,100.74,101.6,100.6,101.37,445389.21,2026-09-04 15:00:00
1788537600000,101.37,102.06,101.28,101.76,302699.57,2026-09-04 16:00:00
1788541200000,101.77,101.79,101.0,101.19,385969.54,2026-09-04 17:00:00
1788544800000,101.19,101.63,101.16,101.57,118027.98,2026-09-04 18:00:00
1788548400000,101.58,101.88,101.55,101.61,190681.26,2026-09-04 19:00:00
1788552000000,101.62,101.8,101.53,101.69,123049.9,2026-09-04 20:00:00
1788555600000,101.69,101.86,101.37,101.5,190261.91,2026-09-04 21:00:00
1788559200000,101.5,101.79,101.49,101.67,72672.87,2026-09-04 22:00:00
1788562800000,101.66,101.91,101.6,101.86,90210.56,2026-09-04 23:00:00
1788566400000,101.86,101.95,101.66,101.77,111897.09,2026-09-05 00:00:00
1788570000000,101.77,102.13,101.67,101.8,177209.72,2026-09-05 01:00:00
1788573600000,101.8,101.9,101.62,101.89,127435.86,2026-09-05 02:00:00
1788577200000,101.89,101.95,101.69,101.81,90157.92,2026-09-05 03:00:00
1788580800000,101.82,101.87,101.63,101.7,143538.14,2026-09-05 04:00:00
1788584400000,101.7,101.88,101.54,101.82,148311.18,2026-09-05 05:00:00
1788588000000,101.82,102.35,101.76,102.22,179947.7,2026-09-05 06:00:00
1788591600000,102.22,102.56,102.1,102.15,199861.79,2026-09-05 07:00:00
1788595200000,102.15,102.55,102.03,102.52,184000.28,2026-09-05 08:00:00
1788598800000,102.52,102.77,102.45,102.48,139543.43,2026-09-05 09:00:00
1788602400000,102.48,102.65,102.3,102.46,153576.0,2026-09-05 10:00:00
1788606000000,102.46,102.53,102.15,102.29,157645.87,2026-09-05 11:00:00
1788609600000,102.29,103.19,102.24,103.17,282208.86,2026-09-05 12:00:00
1788613200000,103.17,103.42,102.52,102.6,436949.77,2026-09-05 13:00:00
1788616800000,102.6,102.9,102.59,102.8,141218.99,2026-09-05 14:00:00
1788620400000,102.79,102.92,102.58,102.88,145936.77,2026-09-05 15:00:00
1788624000000,102.88,103.47,102.74,103.37,284591.72,2026-09-05 16:00:00
1788627600000,103.36,104.27,103.22,104.2,558816.15,2026-09-05 17:00:00
1788631200000,104.2,104.35,103.69,103.86,204008.83,2026-09-05 18:00:00
1788634800000,103.86,103.91,103.1,103.35,260414.71,2026-09-05 19:00:00
1788638400000,103.35,103.57,103.04,103.19,245912.87,2026-09-05 20:00:00
1788642000000,103.19,103.92,103.15,103.68,135265.93,2026-09-05 21:00:00
1788645600000,103.69,103.82,103.15,103.3,164862.94,2026-09-05 22:00:00
1788649200000,103.3,103.35,102.84,103.11,240241.92,2026-09-05 23:00:00
1788652800000,103.11,103.47,103.11,103.26,176207.37,2026-09-06 00:00:00
1788656400000,103.26,104.17,103.19,104.0,440549.51,2026-09-06 01:00:00
1788660000000,104.0,104.71,103.82,104.32,391214.36,2026-09-06 02:00:00
1788663600000,104.33,107.12,104.3,105.93,1225981.63,2026-09-06 03:00:00
1788667200000,105.93,106.32,105.53,105.7,410335.05,2026-09-06 04:00:00
1788670800000,105.7,106.81,105.39,106.39,596678.27,2026-09-06 05:00:00
1788674400000,106.4,106.41,105.23,105.33,456395.79,2026-09-06 06:00:00
1788678000000,105.33,105.52,104.56,105.19,675796.73,2026-09-06 07:00:00
1788681600000,105.18,105.35,104.94,105.12,231690.5,2026-09-06 08:00:00
1788685200000,105.13,107.27,105.11,106.43,1008745.54,2026-09-06 09:00:00
1788688800000,106.43,106.87,106.3,106.59,327668.34,2026-09-06 10:00:00
1788692400000,106.58,106.68,106.18,106.39,273531.57,2026-09-06 11:00:00
1788696000000,106.39,107.3,106.32,106.75,439491.69,2026-09-06 12:00:00
1788699600000,106.76,107.12,105.8,107.03,701051.73,2026-09-06 13:00:00
1788703200000,107.03,107.07,105.02,105.66,910716.88,2026-09-06 14:00:00
1788706800000,105.67,105.94,104.78,105.68,612178.85,2026-09-06 15:00:00
1788710400000,105.68,106.35,105.41,106.02,306523.58,2026-09-06 16:00:00
1788714000000,106.03,106.39,105.48,106.13,269666.02,2026-09-06 17:00:00
1788717600000,106.14,106.53,105.78,105.93,172028.81,2026-09-06 18:00:00
1788721200000,105.93,105.94,105.22,105.44,152476.68,2026-09-06 19:00:00
1788724800000,105.44,105.83,105.3,105.67,117866.77,2026-09-06 20:00:00
1788728400000,105.68,106.24,105.68,105.87,149954.69,2026-09-06 21:00:00
1788732000000,105.87,105.98,104.89,105.8,396041.26,2026-09-06 22:00:00
1788735600000,105.8,106.73,105.75,106.49,353946.59,2026-09-06 23:00:00
1788739200000,106.5,106.6,105.83,106.09,365227.52,2026-09-07 00:00:00
1788742800000,106.09,106.3,104.96,105.25,465795.92,2026-09-07 01:00:00
1788746400000,105.24,107.04,104.77,105.74,751009.86,2026-09-07 02:00:00
1788750000000,105.74,105.85,104.88,104.88,539244.51,2026-09-07 03:00:00
1788753600000,104.88,105.26,104.52,105.01,411936.65,2026-09-07 04:00:00
1788757200000,105.02,105.77,104.98,105.05,292410.46,2026-09-07 05:00:00
1788760800000,105.06,105.35,104.77,105.03,236808.45,2026-09-07 06:00:00
1788764400000,105.03,105.48,103.64,104.4,845952.83,2026-09-07 07:00:00
1788768000000,104.4,104.84,104.38,104.64,326086.05,2026-09-07 08:00:00
1788771600000,104.65,105.13,104.53,104.61,289898.98,2026-09-07 09:00:00
1788775200000,104.6,105.1,104.6,104.96,206226.34,2026-09-07 10:00:00
1788778800000,104.96,105.09,104.7,104.88,193828.47,2026-09-07 11:00:00
1788782400000,104.88,105.87,104.87,105.68,332554.7,2026-09-07 12:00:00
1788786000000,105.69,105.77,104.73,105.01,445400.57,2026-09-07 13:00:00
1788789600000,105.02,105.11,103.95,104.57,667205.52,2026-09-07 14:00:00
1788793200000,104.58,104.6,102.85,103.2,832974.83,2026-09-07 15:00:00
1788796800000,103.21,103.81,103.13,103.8,329896.46,2026-09-07 16:00:00
1788800400000,103.79,104.19,103.73,103.94,234817.92,2026-09-07 17:00:00
1788804000000,103.95,104.02,103.52,103.85,189354.16,2026-09-07 18:00:00
1788807600000,103.85,104.38,103.75,104.29,137857.25,2026-09-07 19:00:00
1788811200000,104.3,104.35,103.85,104.04,203809.32,2026-09-07 20:00:00
1788814800000,104.04,104.11,103.72,103.85,125159.96,2026-09-07 21:00:00
1788818400000,103.85,104.02,103.08,103.49,310068.31,2026-09-07 22:00:00
1788822000000,103.48,103.99,103.43,103.73,225966.77,2026-09-07 23:00:00
1788825600000,103.74,104.1,103.38,104.05,303014.41,2026-09-08 00:00:00
1788829200000,104.05,104.37,103.94,104.32,204354.35,2026-09-08 01:00:00
1788832800000,104.32,104.48,103.2,103.23,413904.17,2026-09-08 02:00:00
1788836400000,103.22,103.39,102.62,103.28,478119.84,2026-09-08 03:00:00
1788840000000,103.27,103.4,103.0,103.24,221893.21,2026-09-08 04:00:00
